,cobertura,edad,varon,mujer,total,provincia
4,Obra social o prepaga (incluye PAMI),0,8381,8741,17122,Caba
5,Obra social o prepaga (incluye PAMI),1,8344,8506,16850,Caba
6,Obra social o prepaga (incluye PAMI),2,9390,9536,18926,Caba
7,Obra social o prepaga (incluye PAMI),3,10078,10590,20668,Caba
8,Obra social o prepaga (incluye PAMI),4,11054,11344,22398,Caba
9,Obra social o prepaga (incluye PAMI),5,11921,12379,24300,Caba
10,Obra social o prepaga (incluye PAMI),6,12225,12803,25028,Caba
11,Obra social o prepaga (incluye PAMI),7,12867,13338,26205,Caba
12,Obra social o prepaga (incluye PAMI),8,12884,13113,25997,Caba
13,Obra social o prepaga (incluye PAMI),9,12618,13386,26004,Caba
14,Obra social o prepaga (incluye PAMI),10,12664,12984,25648,Caba
15,Obra social o prepaga (incluye PAMI),11,13237,13775,27012,Caba
16,Obra social o prepaga (incluye PAMI),12,13249,13714,26963,Caba
17,Obra social o prepaga (incluye PAMI),13,13097,13385,26482,Caba
18,Obra social o prepaga (incluye PAMI),14,12491,13206,25697,Caba
19,Obra social o prepaga (incluye PAMI),15,12870,13322,26192,Caba
20,Obra social o prepaga (incluye PAMI),16,13378,13340,26718,Caba
21,Obra social o prepaga (incluye PAMI),17,13812,14019,27831,Caba
22,Obra social o prepaga (incluye PAMI),18,15055,14840,29895,Caba
23,Obra social o prepaga (incluye PAMI),19,15105,14416,29521,Caba
24,Obra social o prepaga (incluye PAMI),20,15377,14588,29965,Caba
25,Obra social o prepaga (incluye PAMI),21,15375,14010,29385,Caba
26,Obra social o prepaga (incluye PAMI),22,15637,14337,29974,Caba
27,Obra social o prepaga (incluye PAMI),23,15572,13921,29493,Caba
28,Obra social o prepaga (incluye PAMI),24,15830,14180,30010,Caba
29,Obra social o prepaga (incluye PAMI),25,16642,14811,31453,Caba
30,Obra social o prepaga (incluye PAMI),26,16875,15109,31984,Caba
31,Obra social o prepaga (incluye PAMI),27,17883,15792,33675,Caba
32,Obra social o prepaga (incluye PAMI),28,17788,15877,33665,Caba
33,Obra social o prepaga (incluye PAMI),29,19057,16616,35673,Caba
34,Obra social o prepaga (incluye PAMI),30,20366,18036,38402,Caba
35,Obra social o prepaga (incluye PAMI),31,20676,18343,39019,Caba
36,Obra social o prepaga (incluye PAMI),32,20537,18435,38972,Caba
37,Obra social o prepaga (incluye PAMI),33,21042,18742,39784,Caba
38,Obra social o prepaga (incluye PAMI),34,20377,18490,38867,Caba
39,Obra social o prepaga (incluye PAMI),35,21336,19268,40604,Caba
40,Obra social o prepaga (incluye PAMI),36,20843,18750,39593,Caba
41,Obra social o prepaga (incluye PAMI),37,20387,18513,38900,Caba
42,Obra social o prepaga (incluye PAMI),38,20057,18217,38274,Caba
43,Obra social o prepaga (incluye PAMI),39,19819,17872,37691,Caba
44,Obra social o prepaga (incluye PAMI),40,21122,18548,39670,Caba
45,Obra social o prepaga (incluye PAMI),41,19859,17596,37455,Caba
46,Obra social o prepaga (incluye PAMI),42,20774,18302,39076,Caba
47,Obra social o prepaga (incluye PAMI),43,20352,17607,37959,Caba
48,Obra social o prepaga (incluye PAMI),44,20144,17382,37526,Caba
49,Obra social o prepaga (incluye PAMI),45,20699,17683,38382,Caba
50,Obra social o prepaga (incluye PAMI),46,20183,17120,37303,Caba
51,Obra social o prepaga (incluye PAMI),47,19677,16649,36326,Caba
52,Obra social o prepaga (incluye PAMI),48,18472,15530,34002,Caba
53,Obra social o prepaga (incluye PAMI),49,18242,15287,33529,Caba
54,Obra social o prepaga (incluye PAMI),50,18641,15714,34355,Caba
55,Obra social o prepaga (incluye PAMI),51,17173,14324,31497,Caba
56,Obra social o prepaga (incluye PAMI),52,16671,13927,30598,Caba
57,Obra social o prepaga (incluye PAMI),53,16088,13454,29542,Caba
58,Obra social o prepaga (incluye PAMI),54,16088,12835,28923,Caba
59,Obra social o prepaga (incluye PAMI),55,15683,12875,28558,Caba
60,Obra social o prepaga (incluye PAMI),56,15689,12676,28365,Caba
61,Obra social o prepaga (incluye PAMI),57,15841,12564,28405,Caba
62,Obra social o prepaga (incluye PAMI),58,15394,12154,27548,Caba
63,Obra social o prepaga (incluye PAMI),59,16003,12779,28782,Caba
64,Obra social o prepaga (incluye PAMI),60,16516,12657,29173,Caba
65,Obra social o prepaga (incluye PAMI),61,15748,11936,27684,Caba
66,Obra social o prepaga (incluye PAMI),62,16364,12211,28575,Caba
67,Obra social o prepaga (incluye PAMI),63,16251,11822,28073,Caba
68,Obra social o prepaga (incluye PAMI),64,16019,11440,27459,Caba
69,Obra social o prepaga (incluye PAMI),65,16999,12081,29080,Caba
70,Obra social o prepaga (incluye PAMI),66,16164,11422,27586,Caba
71,Obra social o prepaga (incluye PAMI),67,15997,11261,27258,Caba
72,Obra social o prepaga (incluye PAMI),68,15535,10888,26423,Caba
73,Obra social o prepaga (incluye PAMI),69,16028,11168,27196,Caba
74,Obra social o prepaga (incluye PAMI),70,16024,11008,27032,Caba
75,Obra social o prepaga (incluye PAMI),71,15304,10582,25886,Caba
76,Obra social o prepaga (incluye PAMI),72,15393,10363,25756,Caba
77,Obra social o prepaga (incluye PAMI),73,14477,9902,24379,Caba
78,Obra social o prepaga (incluye PAMI),74,14289,9448,23737,Caba
79,Obra social o prepaga (incluye PAMI),75,14293,9027,23320,Caba
80,Obra social o prepaga (incluye PAMI),76,13955,8650,22605,Caba
81,Obra social o prepaga (incluye PAMI),77,13226,8157,21383,Caba
82,Obra social o prepaga (incluye PAMI),78,12424,7389,19813,Caba
83,Obra social o prepaga (incluye PAMI),79,11303,6746,18049,Caba
84,Obra social o prepaga (incluye PAMI),80,10762,6057,16819,Caba
85,Obra social o prepaga (incluye PAMI),81,9828,5598,15426,Caba
86,Obra social o prepaga (incluye PAMI),82,9446,5077,14523,Caba
87,Obra social o prepaga (incluye PAMI),83,8523,4447,12970,Caba
88,Obra social o prepaga (incluye PAMI),84,7706,4045,11751,Caba
89,Obra social o prepaga (incluye PAMI),85,7098,3541,10639,Caba
90,Obra social o prepaga (incluye PAMI),86,6594,3161,9755,Caba
91,Obra social o prepaga (incluye PAMI),87,6014,2846,8860,Caba
92,Obra social o prepaga (incluye PAMI),88,5276,2360,7636,Caba
93,Obra social o prepaga (incluye PAMI),89,5083,2058,7141,Caba
94,Obra social o prepaga (incluye PAMI),90,4518,1789,6307,Caba
95,Obra social o prepaga (incluye PAMI),91,3866,1531,5397,Caba
96,Obra social o prepaga (incluye PAMI),92,3242,1153,4395,Caba
97,Obra social o prepaga (incluye PAMI),93,2704,885,3589,Caba
98,Obra social o prepaga (incluye PAMI),94,2156,675,2831,Caba
99,Obra social o prepaga (incluye PAMI),95,1492,507,1999,Caba
100,Obra social o prepaga (incluye PAMI),96,1204,354,1558,Caba
101,Obra social o prepaga (incluye PAMI),97,928,262,1190,Caba
102,Obra social o prepaga (incluye PAMI),98,569,146,715,Caba
103,Obra social o prepaga (incluye PAMI),99,420,100,520,Caba
104,Obra social o prepaga (incluye PAMI),100,221,49,270,Caba
105,Obra social o prepaga (incluye PAMI),101,133,21,154,Caba
106,Obra social o prepaga (incluye PAMI),102,89,16,105,Caba
107,Obra social o prepaga (incluye PAMI),103,54,12,66,Caba
108,Obra social o prepaga (incluye PAMI),104,37,5,42,Caba
109,Obra social o prepaga (incluye PAMI),105,14,5,19,Caba
110,Obra social o prepaga (incluye PAMI),106,11,1,12,Caba
111,Obra social o prepaga (incluye PAMI),107,10,2,12,Caba
112,Obra social o prepaga (incluye PAMI),108,6,3,9,Caba
113,Obra social o prepaga (incluye PAMI),109,8,3,11,Caba
114,Obra social o prepaga (incluye PAMI),110,4,-,4,Caba
116,Programas o planes estatales de salud,,Mujer/Femenino,Varón/Masculino,Total,Caba
117,Programas o planes estatales de salud,0,267,296,563,Caba
118,Programas o planes estatales de salud,1,262,295,557,Caba
119,Programas o planes estatales de salud,2,319,329,648,Caba
120,Programas o planes estatales de salud,3,374,384,758,Caba
121,Programas o planes estatales de salud,4,452,395,847,Caba
122,Programas o planes estatales de salud,5,434,439,873,Caba
123,Programas o planes estatales de salud,6,439,457,896,Caba
124,Programas o planes estatales de salud,7,472,479,951,Caba
125,Programas o planes estatales de salud,8,479,486,965,Caba
126,Programas o planes estatales de salud,9,500,526,1026,Caba
127,Programas o planes estatales de salud,10,463,483,946,Caba
128,Programas o planes estatales de salud,11,406,564,970,Caba
129,Programas o planes estatales de salud,12,482,525,1007,Caba
130,Programas o planes estatales de salud,13,500,497,997,Caba
131,Programas o planes estatales de salud,14,510,477,987,Caba
132,Programas o planes estatales de salud,15,487,505,992,Caba
133,Programas o planes estatales de salud,16,469,434,903,Caba
134,Programas o planes estatales de salud,17,464,427,891,Caba
135,Programas o planes estatales de salud,18,496,434,930,Caba
136,Programas o planes estatales de salud,19,496,472,968,Caba
137,Programas o planes estatales de salud,20,525,430,955,Caba
138,Programas o planes estatales de salud,21,509,439,948,Caba
139,Programas o planes estatales de salud,22,541,499,1040,Caba
140,Programas o planes estatales de salud,23,561,411,972,Caba
141,Programas o planes estatales de salud,24,552,418,970,Caba
142,Programas o planes estatales de salud,25,546,438,984,Caba
143,Programas o planes estatales de salud,26,575,486,1061,Caba
144,Programas o planes estatales de salud,27,584,497,1081,Caba
145,Programas o planes estatales de salud,28,613,456,1069,Caba
146,Programas o planes estatales de salud,29,604,500,1104,Caba
147,Programas o planes estatales de salud,30,639,506,1145,Caba
148,Programas o planes estatales de salud,31,608,520,1128,Caba
149,Programas o planes estatales de salud,32,565,513,1078,Caba
150,Programas o planes estatales de salud,33,627,473,1100,Caba
151,Programas o planes estatales de salud,34,612,475,1087,Caba
152,Programas o planes estatales de salud,35,597,452,1049,Caba
153,Programas o planes estatales de salud,36,543,479,1022,Caba
154,Programas o planes estatales de salud,37,542,503,1045,Caba
155,Programas o planes estatales de salud,38,562,491,1053,Caba
156,Programas o planes estatales de salud,39,540,472,1012,Caba
157,Programas o planes estatales de salud,40,561,457,1018,Caba
158,Programas o planes estatales de salud,41,581,424,1005,Caba
159,Programas o planes estatales de salud,42,574,507,1081,Caba
160,Programas o planes estatales de salud,43,520,421,941,Caba
161,Programas o planes estatales de salud,44,574,470,1044,Caba
162,Programas o planes estatales de salud,45,543,484,1027,Caba
163,Programas o planes estatales de salud,46,560,440,1000,Caba
164,Programas o planes estatales de salud,47,594,421,1015,Caba
165,Programas o planes estatales de salud,48,518,416,934,Caba
166,Programas o planes estatales de salud,49,554,417,971,Caba
167,Programas o planes estatales de salud,50,590,438,1028,Caba
168,Programas o planes estatales de salud,51,449,407,856,Caba
169,Programas o planes estatales de salud,52,521,369,890,Caba
170,Programas o planes estatales de salud,53,462,370,832,Caba
171,Programas o planes estatales de salud,54,459,365,824,Caba
172,Programas o planes estatales de salud,55,504,376,880,Caba
173,Programas o planes estatales de salud,56,533,379,912,Caba
174,Programas o planes estatales de salud,57,457,343,800,Caba
175,Programas o planes estatales de salud,58,501,349,850,Caba
176,Programas o planes estatales de salud,59,519,343,862,Caba
177,Programas o planes estatales de salud,60,433,392,825,Caba
178,Programas o planes estatales de salud,61,422,366,788,Caba
179,Programas o planes estatales de salud,62,359,355,714,Caba
180,Programas o planes estatales de salud,63,289,341,630,Caba
181,Programas o planes estatales de salud,64,264,354,618,Caba
182,Programas o planes estatales de salud,65,281,287,568,Caba
183,Programas o planes estatales de salud,66,215,213,428,Caba
184,Programas o planes estatales de salud,67,208,192,400,Caba
185,Programas o planes estatales de salud,68,167,154,321,Caba
186,Programas o planes estatales de salud,69,169,145,314,Caba
187,Programas o planes estatales de salud,70,201,137,338,Caba
188,Programas o planes estatales de salud,71,195,114,309,Caba
189,Programas o planes estatales de salud,72,182,124,306,Caba
190,Programas o planes estatales de salud,73,156,99,255,Caba
191,Programas o planes estatales de salud,74,116,99,215,Caba
192,Programas o planes estatales de salud,75,136,79,215,Caba
193,Programas o planes estatales de salud,76,137,82,219,Caba
194,Programas o planes estatales de salud,77,131,87,218,Caba
195,Programas o planes estatales de salud,78,100,62,162,Caba
196,Programas o planes estatales de salud,79,106,69,175,Caba
197,Programas o planes estatales de salud,80,96,52,148,Caba
198,Programas o planes estatales de salud,81,84,45,129,Caba
199,Programas o planes estatales de salud,82,102,46,148,Caba
200,Programas o planes estatales de salud,83,82,42,124,Caba
201,Programas o planes estatales de salud,84,72,35,107,Caba
202,Programas o planes estatales de salud,85,52,22,74,Caba
203,Programas o planes estatales de salud,86,63,32,95,Caba
204,Programas o planes estatales de salud,87,59,21,80,Caba
205,Programas o planes estatales de salud,88,37,17,54,Caba
206,Programas o planes estatales de salud,89,55,27,82,Caba
207,Programas o planes estatales de salud,90,46,17,63,Caba
208,Programas o planes estatales de salud,91,28,16,44,Caba
209,Programas o planes estatales de salud,92,32,14,46,Caba
210,Programas o planes estatales de salud,93,24,6,30,Caba
211,Programas o planes estatales de salud,94,27,4,31,Caba
212,Programas o planes estatales de salud,95,20,6,26,Caba
213,Programas o planes estatales de salud,96,19,9,28,Caba
214,Programas o planes estatales de salud,97,2,1,3,Caba
215,Programas o planes estatales de salud,98,6,1,7,Caba
216,Programas o planes estatales de salud,99,4,4,8,Caba
217,Programas o planes estatales de salud,100,3,-,3,Caba
218,Programas o planes estatales de salud,101,2,-,2,Caba
219,Programas o planes estatales de salud,103,2,-,2,Caba
220,Programas o planes estatales de salud,104,1,-,1,Caba
221,Programas o planes estatales de salud,105,1,-,1,Caba
222,Programas o planes estatales de salud,110,-,1,1,Caba
224,"No tiene obra social, prepaga ni plan estatal",,Mujer/Femenino,Varón/Masculino,Total,Caba
225,"No tiene obra social, prepaga ni plan estatal",0,1979,2017,3996,Caba
226,"No tiene obra social, prepaga ni plan estatal",1,1948,2162,4110,Caba
227,"No tiene obra social, prepaga ni plan estatal",2,2360,2647,5007,Caba
228,"No tiene obra social, prepaga ni plan estatal",3,2647,2730,5377,Caba
229,"No tiene obra social, prepaga ni plan estatal",4,3032,2951,5983,Caba
230,"No tiene obra social, prepaga ni plan estatal",5,3186,3145,6331,Caba
231,"No tiene obra social, prepaga ni plan estatal",6,3359,3149,6508,Caba
232,"No tiene obra social, prepaga ni plan estatal",7,3445,3341,6786,Caba
233,"No tiene obra social, prepaga ni plan estatal",8,3324,3390,6714,Caba
234,"No tiene obra social, prepaga ni plan estatal",9,3349,3434,6783,Caba
235,"No tiene obra social, prepaga ni plan estatal",10,3468,3255,6723,Caba
236,"No tiene obra social, prepaga ni plan estatal",11,3347,3480,6827,Caba
237,"No tiene obra social, prepaga ni plan estatal",12,3413,3619,7032,Caba
238,"No tiene obra social, prepaga ni plan estatal",13,3305,3441,6746,Caba
239,"No tiene obra social, prepaga ni plan estatal",14,3308,3354,6662,Caba
240,"No tiene obra social, prepaga ni plan estatal",15,3187,3286,6473,Caba
241,"No tiene obra social, prepaga ni plan estatal",16,3306,3439,6745,Caba
242,"No tiene obra social, prepaga ni plan estatal",17,3647,3459,7106,Caba
243,"No tiene obra social, prepaga ni plan estatal",18,4356,4060,8416,Caba
244,"No tiene obra social, prepaga ni plan estatal",19,4673,4407,9080,Caba
245,"No tiene obra social, prepaga ni plan estatal",20,4990,4745,9735,Caba
246,"No tiene obra social, prepaga ni plan estatal",21,6285,5721,12006,Caba
247,"No tiene obra social, prepaga ni plan estatal",22,6466,6251,12717,Caba
248,"No tiene obra social, prepaga ni plan estatal",23,6188,5861,12049,Caba
249,"No tiene obra social, prepaga ni plan estatal",24,6203,6102,12305,Caba
250,"No tiene obra social, prepaga ni plan estatal",25,6431,6175,12606,Caba
251,"No tiene obra social, prepaga ni plan estatal",26,6358,6119,12477,Caba
252,"No tiene obra social, prepaga ni plan estatal",27,6158,6152,12310,Caba
253,"No tiene obra social, prepaga ni plan estatal",28,5626,5824,11450,Caba
254,"No tiene obra social, prepaga ni plan estatal",29,5569,5742,11311,Caba
255,"No tiene obra social, prepaga ni plan estatal",30,5588,5708,11296,Caba
256,"No tiene obra social, prepaga ni plan estatal",31,4962,5454,10416,Caba
257,"No tiene obra social, prepaga ni plan estatal",32,4841,5218,10059,Caba
258,"No tiene obra social, prepaga ni plan estatal",33,4844,5102,9946,Caba
259,"No tiene obra social, prepaga ni plan estatal",34,4425,4855,9280,Caba
260,"No tiene obra social, prepaga ni plan estatal",35,4405,4943,9348,Caba
261,"No tiene obra social, prepaga ni plan estatal",36,4090,4535,8625,Caba
262,"No tiene obra social, prepaga ni plan estatal",37,3872,4322,8194,Caba
263,"No tiene obra social, prepaga ni plan estatal",38,3767,4283,8050,Caba
264,"No tiene obra social, prepaga ni plan estatal",39,3722,4155,7877,Caba
265,"No tiene obra social, prepaga ni plan estatal",40,3813,4333,8146,Caba
266,"No tiene obra social, prepaga ni plan estatal",41,3523,3882,7405,Caba
267,"No tiene obra social, prepaga ni plan estatal",42,3623,3950,7573,Caba
268,"No tiene obra social, prepaga ni plan estatal",43,3395,3759,7154,Caba
269,"No tiene obra social, prepaga ni plan estatal",44,3379,3581,6960,Caba
270,"No tiene obra social, prepaga ni plan estatal",45,3353,3703,7056,Caba
271,"No tiene obra social, prepaga ni plan estatal",46,3410,3258,6668,Caba
272,"No tiene obra social, prepaga ni plan estatal",47,3462,3373,6835,Caba
273,"No tiene obra social, prepaga ni plan estatal",48,3319,3188,6507,Caba
274,"No tiene obra social, prepaga ni plan estatal",49,3394,3252,6646,Caba
275,"No tiene obra social, prepaga ni plan estatal",50,3378,3198,6576,Caba
276,"No tiene obra social, prepaga ni plan estatal",51,3121,2909,6030,Caba
277,"No tiene obra social, prepaga ni plan estatal",52,3177,2883,6060,Caba
278,"No tiene obra social, prepaga ni plan estatal",53,2998,2768,5766,Caba
279,"No tiene obra social, prepaga ni plan estatal",54,2856,2652,5508,Caba
280,"No tiene obra social, prepaga ni plan estatal",55,2782,2554,5336,Caba
281,"No tiene obra social, prepaga ni plan estatal",56,2838,2552,5390,Caba
282,"No tiene obra social, prepaga ni plan estatal",57,2670,2478,5148,Caba
283,"No tiene obra social, prepaga ni plan estatal",58,2765,2343,5108,Caba
284,"No tiene obra social, prepaga ni plan estatal",59,2775,2400,5175,Caba
285,"No tiene obra social, prepaga ni plan estatal",60,2496,2397,4893,Caba
286,"No tiene obra social, prepaga ni plan estatal",61,2040,2156,4196,Caba
287,"No tiene obra social, prepaga ni plan estatal",62,1757,2090,3847,Caba
288,"No tiene obra social, prepaga ni plan estatal",63,1449,2026,3475,Caba
289,"No tiene obra social, prepaga ni plan estatal",64,1159,1843,3002,Caba
290,"No tiene obra social, prepaga ni plan estatal",65,1099,1668,2767,Caba
291,"No tiene obra social, prepaga ni plan estatal",66,836,1029,1865,Caba
292,"No tiene obra social, prepaga ni plan estatal",67,778,834,1612,Caba
293,"No tiene obra social, prepaga ni plan estatal",68,603,630,1233,Caba
294,"No tiene obra social, prepaga ni plan estatal",69,589,523,1112,Caba
295,"No tiene obra social, prepaga ni plan estatal",70,531,442,973,Caba
296,"No tiene obra social, prepaga ni plan estatal",71,462,339,801,Caba
297,"No tiene obra social, prepaga ni plan estatal",72,450,295,745,Caba
298,"No tiene obra social, prepaga ni plan estatal",73,376,225,601,Caba
299,"No tiene obra social, prepaga ni plan estatal",74,329,233,562,Caba
300,"No tiene obra social, prepaga ni plan estatal",75,336,213,549,Caba
301,"No tiene obra social, prepaga ni plan estatal",76,276,208,484,Caba
302,"No tiene obra social, prepaga ni plan estatal",77,273,186,459,Caba
303,"No tiene obra social, prepaga ni plan estatal",78,197,140,337,Caba
304,"No tiene obra social, prepaga ni plan estatal",79,210,144,354,Caba
305,"No tiene obra social, prepaga ni plan estatal",80,188,119,307,Caba
306,"No tiene obra social, prepaga ni plan estatal",81,171,87,258,Caba
307,"No tiene obra social, prepaga ni plan estatal",82,168,74,242,Caba
308,"No tiene obra social, prepaga ni plan estatal",83,160,53,213,Caba
309,"No tiene obra social, prepaga ni plan estatal",84,95,60,155,Caba
310,"No tiene obra social, prepaga ni plan estatal",85,107,62,169,Caba
311,"No tiene obra social, prepaga ni plan estatal",86,123,56,179,Caba
312,"No tiene obra social, prepaga ni plan estatal",87,89,43,132,Caba
313,"No tiene obra social, prepaga ni plan estatal",88,91,40,131,Caba
314,"No tiene obra social, prepaga ni plan estatal",89,71,45,116,Caba
315,"No tiene obra social, prepaga ni plan estatal",90,80,42,122,Caba
316,"No tiene obra social, prepaga ni plan estatal",91,58,28,86,Caba
317,"No tiene obra social, prepaga ni plan estatal",92,42,33,75,Caba
318,"No tiene obra social, prepaga ni plan estatal",93,46,13,59,Caba
319,"No tiene obra social, prepaga ni plan estatal",94,45,23,68,Caba
320,"No tiene obra social, prepaga ni plan estatal",95,28,16,44,Caba
321,"No tiene obra social, prepaga ni plan estatal",96,36,22,58,Caba
322,"No tiene obra social, prepaga ni plan estatal",97,29,17,46,Caba
323,"No tiene obra social, prepaga ni plan estatal",98,16,12,28,Caba
324,"No tiene obra social, prepaga ni plan estatal",99,19,11,30,Caba
325,"No tiene obra social, prepaga ni plan estatal",100,2,2,4,Caba
326,"No tiene obra social, prepaga ni plan estatal",102,4,7,11,Caba
327,"No tiene obra social, prepaga ni plan estatal",103,2,-,2,Caba
328,"No tiene obra social, prepaga ni plan estatal",106,-,1,1,Caba
329,"No tiene obra social, prepaga ni plan estatal",107,3,-,3,Caba
330,"No tiene obra social, prepaga ni plan estatal",109,1,-,1,Caba
331,"No tiene obra social, prepaga ni plan estatal",110,1,1,2,Caba
447,AREA # 06,Buenos Aires,,,,Buenos Aires
448,AREA # 06,,,,,Buenos Aires
449,Cobertura de salud,Edad,Sexo registrado al nacer,,,Buenos Aires
450,Obra social o prepaga (incluye PAMI),,Mujer/Femenino,Varón/Masculino,Total,Buenos Aires
451,Obra social o prepaga (incluye PAMI),0,42542,43705,86247,Buenos Aires
452,Obra social o prepaga (incluye PAMI),1,46097,47435,93532,Buenos Aires
453,Obra social o prepaga (incluye PAMI),2,52506,54527,107033,Buenos Aires
454,Obra social o prepaga (incluye PAMI),3,59335,61557,120892,Buenos Aires
455,Obra social o prepaga (incluye PAMI),4,63881,65836,129717,Buenos Aires
456,Obra social o prepaga (incluye PAMI),5,67787,70690,138477,Buenos Aires
457,Obra social o prepaga (incluye PAMI),6,70752,73358,144110,Buenos Aires
458,Obra social o prepaga (incluye PAMI),7,75281,78251,153532,Buenos Aires
459,Obra social o prepaga (incluye PAMI),8,75058,78397,153455,Buenos Aires
460,Obra social o prepaga (incluye PAMI),9,76138,79061,155199,Buenos Aires
461,Obra social o prepaga (incluye PAMI),10,76004,79114,155118,Buenos Aires
462,Obra social o prepaga (incluye PAMI),11,78315,81609,159924,Buenos Aires
463,Obra social o prepaga (incluye PAMI),12,78780,81873,160653,Buenos Aires
464,Obra social o prepaga (incluye PAMI),13,78397,81283,159680,Buenos Aires
465,Obra social o prepaga (incluye PAMI),14,77078,79684,156762,Buenos Aires
466,Obra social o prepaga (incluye PAMI),15,77603,79994,157597,Buenos Aires
467,Obra social o prepaga (incluye PAMI),16,78206,79966,158172,Buenos Aires
468,Obra social o prepaga (incluye PAMI),17,80379,81800,162179,Buenos Aires
469,Obra social o prepaga (incluye PAMI),18,74910,76396,151306,Buenos Aires
470,Obra social o prepaga (incluye PAMI),19,70895,70901,141796,Buenos Aires
471,Obra social o prepaga (incluye PAMI),20,67596,67001,134597,Buenos Aires
472,Obra social o prepaga (incluye PAMI),21,57118,58320,115438,Buenos Aires
473,Obra social o prepaga (incluye PAMI),22,55743,57698,113441,Buenos Aires
474,Obra social o prepaga (incluye PAMI),23,54746,56669,111415,Buenos Aires
475,Obra social o prepaga (incluye PAMI),24,55087,57240,112327,Buenos Aires
476,Obra social o prepaga (incluye PAMI),25,58082,59278,117360,Buenos Aires
477,Obra social o prepaga (incluye PAMI),26,58983,59916,118899,Buenos Aires
478,Obra social o prepaga (incluye PAMI),27,61628,61771,123399,Buenos Aires
479,Obra social o prepaga (incluye PAMI),28,63205,61530,124735,Buenos Aires
480,Obra social o prepaga (incluye PAMI),29,65709,63954,129663,Buenos Aires
481,Obra social o prepaga (incluye PAMI),30,73206,69532,142738,Buenos Aires
482,Obra social o prepaga (incluye PAMI),31,73803,69109,142912,Buenos Aires
483,Obra social o prepaga (incluye PAMI),32,73235,69086,142321,Buenos Aires
484,Obra social o prepaga (incluye PAMI),33,75083,70478,145561,Buenos Aires
485,Obra social o prepaga (incluye PAMI),34,74460,69444,143904,Buenos Aires
486,Obra social o prepaga (incluye PAMI),35,79594,74274,153868,Buenos Aires
487,Obra social o prepaga (incluye PAMI),36,78084,72247,150331,Buenos Aires
488,Obra social o prepaga (incluye PAMI),37,76461,70598,147059,Buenos Aires
489,Obra social o prepaga (incluye PAMI),38,77772,72051,149823,Buenos Aires
490,Obra social o prepaga (incluye PAMI),39,81704,74578,156282,Buenos Aires
491,Obra social o prepaga (incluye PAMI),40,86689,78622,165311,Buenos Aires
492,Obra social o prepaga (incluye PAMI),41,81893,75185,157078,Buenos Aires
493,Obra social o prepaga (incluye PAMI),42,86163,78814,164977,Buenos Aires
494,Obra social o prepaga (incluye PAMI),43,84674,77196,161870,Buenos Aires
495,Obra social o prepaga (incluye PAMI),44,83648,74724,158372,Buenos Aires
496,Obra social o prepaga (incluye PAMI),45,82535,74278,156813,Buenos Aires
497,Obra social o prepaga (incluye PAMI),46,78950,70492,149442,Buenos Aires
498,Obra social o prepaga (incluye PAMI),47,77127,69271,146398,Buenos Aires
499,Obra social o prepaga (incluye PAMI),48,72518,64522,137040,Buenos Aires
500,Obra social o prepaga (incluye PAMI),49,74297,65560,139857,Buenos Aires
501,Obra social o prepaga (incluye PAMI),50,75547,66940,142487,Buenos Aires
502,Obra social o prepaga (incluye PAMI),51,69981,61760,131741,Buenos Aires
503,Obra social o prepaga (incluye PAMI),52,67443,58979,126422,Buenos Aires
504,Obra social o prepaga (incluye PAMI),53,63431,55798,119229,Buenos Aires
505,Obra social o prepaga (incluye PAMI),54,62283,54534,116817,Buenos Aires
506,Obra social o prepaga (incluye PAMI),55,61209,52008,113217,Buenos Aires
507,Obra social o prepaga (incluye PAMI),56,60725,52443,113168,Buenos Aires
508,Obra social o prepaga (incluye PAMI),57,60654,51989,112643,Buenos Aires
509,Obra social o prepaga (incluye PAMI),58,60004,50840,110844,Buenos Aires
510,Obra social o prepaga (incluye PAMI),59,61387,52317,113704,Buenos Aires
511,Obra social o prepaga (incluye PAMI),60,64283,51389,115672,Buenos Aires
512,Obra social o prepaga (incluye PAMI),61,64718,48654,113372,Buenos Aires
513,Obra social o prepaga (incluye PAMI),62,68890,48685,117575,Buenos Aires
514,Obra social o prepaga (incluye PAMI),63,69960,47071,117031,Buenos Aires
515,Obra social o prepaga (incluye PAMI),64,70052,45962,116014,Buenos Aires
516,Obra social o prepaga (incluye PAMI),65,73405,52926,126331,Buenos Aires
517,Obra social o prepaga (incluye PAMI),66,69521,53250,122771,Buenos Aires
518,Obra social o prepaga (incluye PAMI),67,69591,54352,123943,Buenos Aires
519,Obra social o prepaga (incluye PAMI),68,66224,52422,118646,Buenos Aires
520,Obra social o prepaga (incluye PAMI),69,66006,52380,118386,Buenos Aires
521,Obra social o prepaga (incluye PAMI),70,66100,51987,118087,Buenos Aires
522,Obra social o prepaga (incluye PAMI),71,61640,48878,110518,Buenos Aires
523,Obra social o prepaga (incluye PAMI),72,61056,47112,108168,Buenos Aires
524,Obra social o prepaga (incluye PAMI),73,57624,43583,101207,Buenos Aires
525,Obra social o prepaga (incluye PAMI),74,55904,41288,97192,Buenos Aires
526,Obra social o prepaga (incluye PAMI),75,53038,38513,91551,Buenos Aires
527,Obra social o prepaga (incluye PAMI),76,50585,35684,86269,Buenos Aires
528,Obra social o prepaga (incluye PAMI),77,46857,32559,79416,Buenos Aires
529,Obra social o prepaga (incluye PAMI),78,43166,28736,71902,Buenos Aires
530,Obra social o prepaga (incluye PAMI),79,39702,25526,65228,Buenos Aires
531,Obra social o prepaga (incluye PAMI),80,36571,22915,59486,Buenos Aires
532,Obra social o prepaga (incluye PAMI),81,33412,20263,53675,Buenos Aires
533,Obra social o prepaga (incluye PAMI),82,32897,18918,51815,Buenos Aires
534,Obra social o prepaga (incluye PAMI),83,28505,15779,44284,Buenos Aires
535,Obra social o prepaga (incluye PAMI),84,25602,13486,39088,Buenos Aires
536,Obra social o prepaga (incluye PAMI),85,23210,11867,35077,Buenos Aires
537,Obra social o prepaga (incluye PAMI),86,20938,10273,31211,Buenos Aires
538,Obra social o prepaga (incluye PAMI),87,18209,8857,27066,Buenos Aires
539,Obra social o prepaga (incluye PAMI),88,15772,7120,22892,Buenos Aires
540,Obra social o prepaga (incluye PAMI),89,14172,6222,20394,Buenos Aires
541,Obra social o prepaga (incluye PAMI),90,12299,5081,17380,Buenos Aires
542,Obra social o prepaga (incluye PAMI),91,10183,4138,14321,Buenos Aires
543,Obra social o prepaga (incluye PAMI),92,8624,3109,11733,Buenos Aires
544,Obra social o prepaga (incluye PAMI),93,6508,2353,8861,Buenos Aires
545,Obra social o prepaga (incluye PAMI),94,4983,1790,6773,Buenos Aires
546,Obra social o prepaga (incluye PAMI),95,3880,1277,5157,Buenos Aires
547,Obra social o prepaga (incluye PAMI),96,2751,973,3724,Buenos Aires
548,Obra social o prepaga (incluye PAMI),97,2103,680,2783,Buenos Aires
549,Obra social o prepaga (incluye PAMI),98,1475,476,1951,Buenos Aires
550,Obra social o prepaga (incluye PAMI),99,1096,411,1507,Buenos Aires
551,Obra social o prepaga (incluye PAMI),100,460,99,559,Buenos Aires
552,Obra social o prepaga (incluye PAMI),101,258,74,332,Buenos Aires
553,Obra social o prepaga (incluye PAMI),102,284,87,371,Buenos Aires
554,Obra social o prepaga (incluye PAMI),103,151,76,227,Buenos Aires
555,Obra social o prepaga (incluye PAMI),104,79,24,103,Buenos Aires
556,Obra social o prepaga (incluye PAMI),105,64,18,82,Buenos Aires
557,Obra social o prepaga (incluye PAMI),106,35,9,44,Buenos Aires
558,Obra social o prepaga (incluye PAMI),107,26,16,42,Buenos Aires
559,Obra social o prepaga (incluye PAMI),108,34,11,45,Buenos Aires
560,Obra social o prepaga (incluye PAMI),109,24,12,36,Buenos Aires
561,Obra social o prepaga (incluye PAMI),110,20,8,28,Buenos Aires
563,Programas o planes estatales de salud,,Mujer/Femenino,Varón/Masculino,Total,Buenos Aires
564,Programas o planes estatales de salud,0,2543,2668,5211,Buenos Aires
565,Programas o planes estatales de salud,1,2632,2677,5309,Buenos Aires
566,Programas o planes estatales de salud,2,2918,3145,6063,Buenos Aires
567,Programas o planes estatales de salud,3,3353,3272,6625,Buenos Aires
568,Programas o planes estatales de salud,4,3332,3581,6913,Buenos Aires
569,Programas o planes estatales de salud,5,3549,3599,7148,Buenos Aires
570,Programas o planes estatales de salud,6,3694,3834,7528,Buenos Aires
571,Programas o planes estatales de salud,7,3736,4137,7873,Buenos Aires
572,Programas o planes estatales de salud,8,3815,3885,7700,Buenos Aires
573,Programas o planes estatales de salud,9,4007,4184,8191,Buenos Aires
574,Programas o planes estatales de salud,10,4021,4148,8169,Buenos Aires
575,Programas o planes estatales de salud,11,3931,4103,8034,Buenos Aires
576,Programas o planes estatales de salud,12,4091,4287,8378,Buenos Aires
577,Programas o planes estatales de salud,13,3856,4174,8030,Buenos Aires
578,Programas o planes estatales de salud,14,3910,4129,8039,Buenos Aires
579,Programas o planes estatales de salud,15,3743,3935,7678,Buenos Aires
580,Programas o planes estatales de salud,16,3760,3876,7636,Buenos Aires
581,Programas o planes estatales de salud,17,3749,3926,7675,Buenos Aires
582,Programas o planes estatales de salud,18,3566,3507,7073,Buenos Aires
583,Programas o planes estatales de salud,19,3433,3327,6760,Buenos Aires
584,Programas o planes estatales de salud,20,3224,3195,6419,Buenos Aires
585,Programas o planes estatales de salud,21,3201,2896,6097,Buenos Aires
586,Programas o planes estatales de salud,22,3482,3041,6523,Buenos Aires
587,Programas o planes estatales de salud,23,3488,2983,6471,Buenos Aires
588,Programas o planes estatales de salud,24,3608,2971,6579,Buenos Aires
589,Programas o planes estatales de salud,25,3813,3093,6906,Buenos Aires
590,Programas o planes estatales de salud,26,3860,3136,6996,Buenos Aires
591,Programas o planes estatales de salud,27,4153,3162,7315,Buenos Aires
592,Programas o planes estatales de salud,28,3992,3016,7008,Buenos Aires
593,Programas o planes estatales de salud,29,4234,3124,7358,Buenos Aires
594,Programas o planes estatales de salud,30,4631,3403,8034,Buenos Aires
595,Programas o planes estatales de salud,31,4333,3258,7591,Buenos Aires
596,Programas o planes estatales de salud,32,4454,3159,7613,Buenos Aires
597,Programas o planes estatales de salud,33,4250,3225,7475,Buenos Aires
598,Programas o planes estatales de salud,34,4221,3194,7415,Buenos Aires
599,Programas o planes estatales de salud,35,4274,3165,7439,Buenos Aires
600,Programas o planes estatales de salud,36,4135,3086,7221,Buenos Aires
601,Programas o planes estatales de salud,37,3897,2905,6802,Buenos Aires
602,Programas o planes estatales de salud,38,4114,3110,7224,Buenos Aires
603,Programas o planes estatales de salud,39,4290,3171,7461,Buenos Aires
604,Programas o planes estatales de salud,40,4564,3475,8039,Buenos Aires
605,Programas o planes estatales de salud,41,4206,3202,7408,Buenos Aires
606,Programas o planes estatales de salud,42,4463,3263,7726,Buenos Aires
607,Programas o planes estatales de salud,43,4340,3149,7489,Buenos Aires
608,Programas o planes estatales de salud,44,4217,3095,7312,Buenos Aires
609,Programas o planes estatales de salud,45,4086,3006,7092,Buenos Aires
610,Programas o planes estatales de salud,46,3890,2781,6671,Buenos Aires
611,Programas o planes estatales de salud,47,3840,2766,6606,Buenos Aires
612,Programas o planes estatales de salud,48,3711,2679,6390,Buenos Aires
613,Programas o planes estatales de salud,49,3802,2781,6583,Buenos Aires
614,Programas o planes estatales de salud,50,3933,2918,6851,Buenos Aires
615,Programas o planes estatales de salud,51,3610,2588,6198,Buenos Aires
616,Programas o planes estatales de salud,52,3507,2572,6079,Buenos Aires
617,Programas o planes estatales de salud,53,3190,2281,5471,Buenos Aires
618,Programas o planes estatales de salud,54,3202,2285,5487,Buenos Aires
619,Programas o planes estatales de salud,55,3148,2210,5358,Buenos Aires
620,Programas o planes estatales de salud,56,3072,2194,5266,Buenos Aires
621,Programas o planes estatales de salud,57,3206,2291,5497,Buenos Aires
622,Programas o planes estatales de salud,58,3156,2164,5320,Buenos Aires
623,Programas o planes estatales de salud,59,3169,2149,5318,Buenos Aires
624,Programas o planes estatales de salud,60,2620,2156,4776,Buenos Aires
625,Programas o planes estatales de salud,61,2023,1907,3930,Buenos Aires
626,Programas o planes estatales de salud,62,1885,2038,3923,Buenos Aires
627,Programas o planes estatales de salud,63,1516,1810,3326,Buenos Aires
628,Programas o planes estatales de salud,64,1337,1780,3117,Buenos Aires
629,Programas o planes estatales de salud,65,1154,1445,2599,Buenos Aires
630,Programas o planes estatales de salud,66,973,1026,1999,Buenos Aires
631,Programas o planes estatales de salud,67,860,896,1756,Buenos Aires
632,Programas o planes estatales de salud,68,837,762,1599,Buenos Aires
633,Programas o planes estatales de salud,69,775,715,1490,Buenos Aires
634,Programas o planes estatales de salud,70,729,554,1283,Buenos Aires
635,Programas o planes estatales de salud,71,690,476,1166,Buenos Aires
636,Programas o planes estatales de salud,72,681,486,1167,Buenos Aires
637,Programas o planes estatales de salud,73,581,405,986,Buenos Aires
638,Programas o planes estatales de salud,74,558,454,1012,Buenos Aires
639,Programas o planes estatales de salud,75,508,335,843,Buenos Aires
640,Programas o planes estatales de salud,76,500,315,815,Buenos Aires
641,Programas o planes estatales de salud,77,435,313,748,Buenos Aires
642,Programas o planes estatales de salud,78,429,280,709,Buenos Aires
643,Programas o planes estatales de salud,79,357,253,610,Buenos Aires
644,Programas o planes estatales de salud,80,323,201,524,Buenos Aires
645,Programas o planes estatales de salud,81,319,180,499,Buenos Aires
646,Programas o planes estatales de salud,82,298,169,467,Buenos Aires
647,Programas o planes estatales de salud,83,212,124,336,Buenos Aires
648,Programas o planes estatales de salud,84,191,147,338,Buenos Aires
649,Programas o planes estatales de salud,85,187,111,298,Buenos Aires
650,Programas o planes estatales de salud,86,167,90,257,Buenos Aires
651,Programas o planes estatales de salud,87,159,89,248,Buenos Aires
652,Programas o planes estatales de salud,88,166,59,225,Buenos Aires
653,Programas o planes estatales de salud,89,129,70,199,Buenos Aires
654,Programas o planes estatales de salud,90,114,55,169,Buenos Aires
655,Programas o planes estatales de salud,91,91,52,143,Buenos Aires
656,Programas o planes estatales de salud,92,81,33,114,Buenos Aires
657,Programas o planes estatales de salud,93,64,50,114,Buenos Aires
658,Programas o planes estatales de salud,94,47,28,75,Buenos Aires
659,Programas o planes estatales de salud,95,45,26,71,Buenos Aires
660,Programas o planes estatales de salud,96,33,25,58,Buenos Aires
661,Programas o planes estatales de salud,97,40,14,54,Buenos Aires
662,Programas o planes estatales de salud,98,25,19,44,Buenos Aires
663,Programas o planes estatales de salud,99,38,9,47,Buenos Aires
664,Programas o planes estatales de salud,100,7,-,7,Buenos Aires
665,Programas o planes estatales de salud,101,4,1,5,Buenos Aires
666,Programas o planes estatales de salud,102,8,2,10,Buenos Aires
667,Programas o planes estatales de salud,103,1,-,1,Buenos Aires
668,Programas o planes estatales de salud,105,2,-,2,Buenos Aires
669,Programas o planes estatales de salud,109,1,-,1,Buenos Aires
670,Programas o planes estatales de salud,110,2,-,2,Buenos Aires
672,"No tiene obra social, prepaga ni plan estatal",,Mujer/Femenino,Varón/Masculino,Total,Buenos Aires
673,"No tiene obra social, prepaga ni plan estatal",0,41636,42783,84419,Buenos Aires
674,"No tiene obra social, prepaga ni plan estatal",1,42776,44167,86943,Buenos Aires
675,"No tiene obra social, prepaga ni plan estatal",2,49565,49819,99384,Buenos Aires
676,"No tiene obra social, prepaga ni plan estatal",3,52266,53989,106255,Buenos Aires
677,"No tiene obra social, prepaga ni plan estatal",4,54306,54557,108863,Buenos Aires
678,"No tiene obra social, prepaga ni plan estatal",5,55061,56153,111214,Buenos Aires
679,"No tiene obra social, prepaga ni plan estatal",6,56731,58184,114915,Buenos Aires
680,"No tiene obra social, prepaga ni plan estatal",7,60080,61691,121771,Buenos Aires
681,"No tiene obra social, prepaga ni plan estatal",8,58875,60096,118971,Buenos Aires
682,"No tiene obra social, prepaga ni plan estatal",9,58599,59530,118129,Buenos Aires
683,"No tiene obra social, prepaga ni plan estatal",10,57417,58969,116386,Buenos Aires
684,"No tiene obra social, prepaga ni plan estatal",11,56827,57966,114793,Buenos Aires
685,"No tiene obra social, prepaga ni plan estatal",12,57841,58940,116781,Buenos Aires
686,"No tiene obra social, prepaga ni plan estatal",13,56127,57815,113942,Buenos Aires
687,"No tiene obra social, prepaga ni plan estatal",14,55601,56761,112362,Buenos Aires
688,"No tiene obra social, prepaga ni plan estatal",15,53624,54424,108048,Buenos Aires
689,"No tiene obra social, prepaga ni plan estatal",16,52961,53576,106537,Buenos Aires
690,"No tiene obra social, prepaga ni plan estatal",17,55660,56297,111957,Buenos Aires
691,"No tiene obra social, prepaga ni plan estatal",18,58228,59670,117898,Buenos Aires
692,"No tiene obra social, prepaga ni plan estatal",19,57314,57912,115226,Buenos Aires
693,"No tiene obra social, prepaga ni plan estatal",20,57383,56939,114322,Buenos Aires
694,"No tiene obra social, prepaga ni plan estatal",21,69269,67829,137098,Buenos Aires
695,"No tiene obra social, prepaga ni plan estatal",22,74408,71440,145848,Buenos Aires
696,"No tiene obra social, prepaga ni plan estatal",23,71351,68002,139353,Buenos Aires
697,"No tiene obra social, prepaga ni plan estatal",24,70743,66691,137434,Buenos Aires
698,"No tiene obra social, prepaga ni plan estatal",25,72519,66625,139144,Buenos Aires
699,"No tiene obra social, prepaga ni plan estatal",26,69836,64096,133932,Buenos Aires
700,"No tiene obra social, prepaga ni plan estatal",27,68460,63765,132225,Buenos Aires
701,"No tiene obra social, prepaga ni plan estatal",28,63124,58948,122072,Buenos Aires
702,"No tiene obra social, prepaga ni plan estatal",29,61641,58125,119766,Buenos Aires
703,"No tiene obra social, prepaga ni plan estatal",30,62552,59760,122312,Buenos Aires
704,"No tiene obra social, prepaga ni plan estatal",31,57157,54993,112150,Buenos Aires
705,"No tiene obra social, prepaga ni plan estatal",32,53458,52156,105614,Buenos Aires
706,"No tiene obra social, prepaga ni plan estatal",33,50647,49949,100596,Buenos Aires
707,"No tiene obra social, prepaga ni plan estatal",34,48960,47717,96677,Buenos Aires
708,"No tiene obra social, prepaga ni plan estatal",35,49563,48519,98082,Buenos Aires
709,"No tiene obra social, prepaga ni plan estatal",36,45343,45596,90939,Buenos Aires
710,"No tiene obra social, prepaga ni plan estatal",37,42404,42432,84836,Buenos Aires
711,"No tiene obra social, prepaga ni plan estatal",38,42538,42676,85214,Buenos Aires
712,"No tiene obra social, prepaga ni plan estatal",39,44360,44735,89095,Buenos Aires
713,"No tiene obra social, prepaga ni plan estatal",40,45819,45295,91114,Buenos Aires
714,"No tiene obra social, prepaga ni plan estatal",41,40785,41394,82179,Buenos Aires
715,"No tiene obra social, prepaga ni plan estatal",42,43286,43493,86779,Buenos Aires
716,"No tiene obra social, prepaga ni plan estatal",43,40832,41434,82266,Buenos Aires
717,"No tiene obra social, prepaga ni plan estatal",44,39388,39897,79285,Buenos Aires
718,"No tiene obra social, prepaga ni plan estatal",45,38552,38831,77383,Buenos Aires
719,"No tiene obra social, prepaga ni plan estatal",46,36330,35911,72241,Buenos Aires
720,"No tiene obra social, prepaga ni plan estatal",47,35252,36282,71534,Buenos Aires
721,"No tiene obra social, prepaga ni plan estatal",48,33404,33999,67403,Buenos Aires
722,"No tiene obra social, prepaga ni plan estatal",49,34381,35256,69637,Buenos Aires
723,"No tiene obra social, prepaga ni plan estatal",50,34276,35685,69961,Buenos Aires
724,"No tiene obra social, prepaga ni plan estatal",51,30883,31830,62713,Buenos Aires
725,"No tiene obra social, prepaga ni plan estatal",52,30262,31028,61290,Buenos Aires
726,"No tiene obra social, prepaga ni plan estatal",53,28209,28296,56505,Buenos Aires
727,"No tiene obra social, prepaga ni plan estatal",54,26932,27715,54647,Buenos Aires
728,"No tiene obra social, prepaga ni plan estatal",55,26094,27082,53176,Buenos Aires
729,"No tiene obra social, prepaga ni plan estatal",56,26027,26889,52916,Buenos Aires
730,"No tiene obra social, prepaga ni plan estatal",57,25312,26280,51592,Buenos Aires
731,"No tiene obra social, prepaga ni plan estatal",58,24798,25801,50599,Buenos Aires
732,"No tiene obra social, prepaga ni plan estatal",59,24860,25376,50236,Buenos Aires
733,"No tiene obra social, prepaga ni plan estatal",60,20964,23435,44399,Buenos Aires
734,"No tiene obra social, prepaga ni plan estatal",61,14735,21871,36606,Buenos Aires
735,"No tiene obra social, prepaga ni plan estatal",62,11863,21469,33332,Buenos Aires
736,"No tiene obra social, prepaga ni plan estatal",63,7981,19930,27911,Buenos Aires
737,"No tiene obra social, prepaga ni plan estatal",64,6064,18790,24854,Buenos Aires
738,"No tiene obra social, prepaga ni plan estatal",65,4783,14027,18810,Buenos Aires
739,"No tiene obra social, prepaga ni plan estatal",66,3322,6962,10284,Buenos Aires
740,"No tiene obra social, prepaga ni plan estatal",67,2929,5404,8333,Buenos Aires
741,"No tiene obra social, prepaga ni plan estatal",68,2550,3853,6403,Buenos Aires
742,"No tiene obra social, prepaga ni plan estatal",69,2327,3067,5394,Buenos Aires
743,"No tiene obra social, prepaga ni plan estatal",70,2048,2295,4343,Buenos Aires
744,"No tiene obra social, prepaga ni plan estatal",71,1755,1567,3322,Buenos Aires
745,"No tiene obra social, prepaga ni plan estatal",72,1656,1470,3126,Buenos Aires
746,"No tiene obra social, prepaga ni plan estatal",73,1408,1182,2590,Buenos Aires
747,"No tiene obra social, prepaga ni plan estatal",74,1380,1188,2568,Buenos Aires
748,"No tiene obra social, prepaga ni plan estatal",75,1274,961,2235,Buenos Aires
749,"No tiene obra social, prepaga ni plan estatal",76,1116,924,2040,Buenos Aires
750,"No tiene obra social, prepaga ni plan estatal",77,1087,888,1975,Buenos Aires
751,"No tiene obra social, prepaga ni plan estatal",78,971,737,1708,Buenos Aires
752,"No tiene obra social, prepaga ni plan estatal",79,905,754,1659,Buenos Aires
753,"No tiene obra social, prepaga ni plan estatal",80,866,660,1526,Buenos Aires
754,"No tiene obra social, prepaga ni plan estatal",81,699,516,1215,Buenos Aires
755,"No tiene obra social, prepaga ni plan estatal",82,711,522,1233,Buenos Aires
756,"No tiene obra social, prepaga ni plan estatal",83,528,396,924,Buenos Aires
757,"No tiene obra social, prepaga ni plan estatal",84,484,377,861,Buenos Aires
758,"No tiene obra social, prepaga ni plan estatal",85,509,344,853,Buenos Aires
759,"No tiene obra social, prepaga ni plan estatal",86,421,290,711,Buenos Aires
760,"No tiene obra social, prepaga ni plan estatal",87,398,260,658,Buenos Aires
761,"No tiene obra social, prepaga ni plan estatal",88,406,269,675,Buenos Aires
762,"No tiene obra social, prepaga ni plan estatal",89,408,298,706,Buenos Aires
763,"No tiene obra social, prepaga ni plan estatal",90,410,315,725,Buenos Aires
764,"No tiene obra social, prepaga ni plan estatal",91,309,243,552,Buenos Aires
765,"No tiene obra social, prepaga ni plan estatal",92,341,262,603,Buenos Aires
766,"No tiene obra social, prepaga ni plan estatal",93,281,248,529,Buenos Aires
767,"No tiene obra social, prepaga ni plan estatal",94,293,209,502,Buenos Aires
768,"No tiene obra social, prepaga ni plan estatal",95,262,224,486,Buenos Aires
769,"No tiene obra social, prepaga ni plan estatal",96,233,156,389,Buenos Aires
770,"No tiene obra social, prepaga ni plan estatal",97,210,169,379,Buenos Aires
771,"No tiene obra social, prepaga ni plan estatal",98,219,221,440,Buenos Aires
772,"No tiene obra social, prepaga ni plan estatal",99,206,173,379,Buenos Aires
773,"No tiene obra social, prepaga ni plan estatal",100,19,10,29,Buenos Aires
774,"No tiene obra social, prepaga ni plan estatal",101,12,8,20,Buenos Aires
775,"No tiene obra social, prepaga ni plan estatal",102,37,19,56,Buenos Aires
776,"No tiene obra social, prepaga ni plan estatal",103,19,12,31,Buenos Aires
777,"No tiene obra social, prepaga ni plan estatal",104,6,6,12,Buenos Aires
778,"No tiene obra social, prepaga ni plan estatal",105,6,1,7,Buenos Aires
779,"No tiene obra social, prepaga ni plan estatal",106,6,4,10,Buenos Aires
780,"No tiene obra social, prepaga ni plan estatal",107,2,4,6,Buenos Aires
781,"No tiene obra social, prepaga ni plan estatal",108,2,1,3,Buenos Aires
782,"No tiene obra social, prepaga ni plan estatal",109,9,2,11,Buenos Aires
783,"No tiene obra social, prepaga ni plan estatal",110,9,2,11,Buenos Aires
899,AREA # 10,Catamarca,,,,Catamarca
900,AREA # 10,,,,,Catamarca
901,Cobertura de salud,Edad,Sexo registrado al nacer,,,Catamarca
902,Obra social o prepaga (incluye PAMI),,Mujer/Femenino,Varón/Masculino,Total,Catamarca
903,Obra social o prepaga (incluye PAMI),0,890,960,1850,Catamarca
904,Obra social o prepaga (incluye PAMI),1,1060,1086,2146,Catamarca
905,Obra social o prepaga (incluye PAMI),2,1188,1208,2396,Catamarca
906,Obra social o prepaga (incluye PAMI),3,1412,1420,2832,Catamarca
907,Obra social o prepaga (incluye PAMI),4,1505,1459,2964,Catamarca
908,Obra social o prepaga (incluye PAMI),5,1624,1680,3304,Catamarca
909,Obra social o prepaga (incluye PAMI),6,1653,1677,3330,Catamarca
910,Obra social o prepaga (incluye PAMI),7,1712,1831,3543,Catamarca
911,Obra social o prepaga (incluye PAMI),8,1753,1726,3479,Catamarca
912,Obra social o prepaga (incluye PAMI),9,1765,1770,3535,Catamarca
913,Obra social o prepaga (incluye PAMI),10,1774,1715,3489,Catamarca
914,Obra social o prepaga (incluye PAMI),11,1840,1969,3809,Catamarca
915,Obra social o prepaga (incluye PAMI),12,1871,1997,3868,Catamarca
916,Obra social o prepaga (incluye PAMI),13,2037,1998,4035,Catamarca
917,Obra social o prepaga (incluye PAMI),14,2013,2007,4020,Catamarca
918,Obra social o prepaga (incluye PAMI),15,1944,2073,4017,Catamarca
919,Obra social o prepaga (incluye PAMI),16,2036,1966,4002,Catamarca
920,Obra social o prepaga (incluye PAMI),17,2037,2070,4107,Catamarca
921,Obra social o prepaga (incluye PAMI),18,1999,1914,3913,Catamarca
922,Obra social o prepaga (incluye PAMI),19,1817,1764,3581,Catamarca
923,Obra social o prepaga (incluye PAMI),20,1785,1679,3464,Catamarca
924,Obra social o prepaga (incluye PAMI),21,945,1041,1986,Catamarca
925,Obra social o prepaga (incluye PAMI),22,881,908,1789,Catamarca
926,Obra social o prepaga (incluye PAMI),23,846,891,1737,Catamarca
927,Obra social o prepaga (incluye PAMI),24,937,995,1932,Catamarca
928,Obra social o prepaga (incluye PAMI),25,1074,1046,2120,Catamarca
929,Obra social o prepaga (incluye PAMI),26,1132,1108,2240,Catamarca
930,Obra social o prepaga (incluye PAMI),27,1232,1267,2499,Catamarca
931,Obra social o prepaga (incluye PAMI),28,1346,1261,2607,Catamarca
932,Obra social o prepaga (incluye PAMI),29,1450,1423,2873,Catamarca
933,Obra social o prepaga (incluye PAMI),30,1585,1529,3114,Catamarca
934,Obra social o prepaga (incluye PAMI),31,1499,1535,3034,Catamarca
935,Obra social o prepaga (incluye PAMI),32,1479,1492,2971,Catamarca
936,Obra social o prepaga (incluye PAMI),33,1571,1572,3143,Catamarca
937,Obra social o prepaga (incluye PAMI),34,1613,1505,3118,Catamarca
938,Obra social o prepaga (incluye PAMI),35,1862,1758,3620,Catamarca
939,Obra social o prepaga (incluye PAMI),36,1716,1666,3382,Catamarca
940,Obra social o prepaga (incluye PAMI),37,1667,1755,3422,Catamarca
941,Obra social o prepaga (incluye PAMI),38,1680,1604,3284,Catamarca
942,Obra social o prepaga (incluye PAMI),39,1813,1767,3580,Catamarca
943,Obra social o prepaga (incluye PAMI),40,1890,1750,3640,Catamarca
944,Obra social o prepaga (incluye PAMI),41,1863,1703,3566,Catamarca
945,Obra social o prepaga (incluye PAMI),42,2021,1912,3933,Catamarca
946,Obra social o prepaga (incluye PAMI),43,2038,1860,3898,Catamarca
947,Obra social o prepaga (incluye PAMI),44,2033,1794,3827,Catamarca
948,Obra social o prepaga (incluye PAMI),45,1906,1762,3668,Catamarca
949,Obra social o prepaga (incluye PAMI),46,1769,1769,3538,Catamarca
950,Obra social o prepaga (incluye PAMI),47,1801,1698,3499,Catamarca
951,Obra social o prepaga (incluye PAMI),48,1621,1570,3191,Catamarca
952,Obra social o prepaga (incluye PAMI),49,1632,1487,3119,Catamarca
953,Obra social o prepaga (incluye PAMI),50,1634,1540,3174,Catamarca
954,Obra social o prepaga (incluye PAMI),51,1614,1505,3119,Catamarca
955,Obra social o prepaga (incluye PAMI),52,1615,1351,2966,Catamarca
956,Obra social o prepaga (incluye PAMI),53,1450,1346,2796,Catamarca
957,Obra social o prepaga (incluye PAMI),54,1409,1319,2728,Catamarca
958,Obra social o prepaga (incluye PAMI),55,1391,1266,2657,Catamarca
959,Obra social o prepaga (incluye PAMI),56,1404,1353,2757,Catamarca
960,Obra social o prepaga (incluye PAMI),57,1480,1299,2779,Catamarca
961,Obra social o prepaga (incluye PAMI),58,1373,1269,2642,Catamarca
962,Obra social o prepaga (incluye PAMI),59,1338,1242,2580,Catamarca
963,Obra social o prepaga (incluye PAMI),60,1428,1273,2701,Catamarca
964,Obra social o prepaga (incluye PAMI),61,1389,1226,2615,Catamarca
965,Obra social o prepaga (incluye PAMI),62,1555,1175,2730,Catamarca
966,Obra social o prepaga (incluye PAMI),63,1482,1209,2691,Catamarca
967,Obra social o prepaga (incluye PAMI),64,1477,1103,2580,Catamarca
968,Obra social o prepaga (incluye PAMI),65,1534,1244,2778,Catamarca
969,Obra social o prepaga (incluye PAMI),66,1452,1214,2666,Catamarca
970,Obra social o prepaga (incluye PAMI),67,1565,1281,2846,Catamarca
971,Obra social o prepaga (incluye PAMI),68,1472,1213,2685,Catamarca
972,Obra social o prepaga (incluye PAMI),69,1336,1165,2501,Catamarca
973,Obra social o prepaga (incluye PAMI),70,1344,1200,2544,Catamarca
974,Obra social o prepaga (incluye PAMI),71,1266,1123,2389,Catamarca
975,Obra social o prepaga (incluye PAMI),72,1185,1083,2268,Catamarca
976,Obra social o prepaga (incluye PAMI),73,1042,943,1985,Catamarca
977,Obra social o prepaga (incluye PAMI),74,1029,799,1828,Catamarca
978,Obra social o prepaga (incluye PAMI),75,951,696,1647,Catamarca
979,Obra social o prepaga (incluye PAMI),76,908,718,1626,Catamarca
980,Obra social o prepaga (incluye PAMI),77,830,612,1442,Catamarca
981,Obra social o prepaga (incluye PAMI),78,808,570,1378,Catamarca
982,Obra social o prepaga (incluye PAMI),79,660,508,1168,Catamarca
983,Obra social o prepaga (incluye PAMI),80,699,475,1174,Catamarca
984,Obra social o prepaga (incluye PAMI),81,616,353,969,Catamarca
985,Obra social o prepaga (incluye PAMI),82,580,408,988,Catamarca
986,Obra social o prepaga (incluye PAMI),83,466,280,746,Catamarca
987,Obra social o prepaga (incluye PAMI),84,415,256,671,Catamarca
988,Obra social o prepaga (incluye PAMI),85,401,247,648,Catamarca
989,Obra social o prepaga (incluye PAMI),86,369,184,553,Catamarca
990,Obra social o prepaga (incluye PAMI),87,344,193,537,Catamarca
991,Obra social o prepaga (incluye PAMI),88,274,113,387,Catamarca
992,Obra social o prepaga (incluye PAMI),89,263,115,378,Catamarca
993,Obra social o prepaga (incluye PAMI),90,213,99,312,Catamarca
994,Obra social o prepaga (incluye PAMI),91,188,62,250,Catamarca
995,Obra social o prepaga (incluye PAMI),92,128,58,186,Catamarca
996,Obra social o prepaga (incluye PAMI),93,143,51,194,Catamarca
997,Obra social o prepaga (incluye PAMI),94,91,30,121,Catamarca
998,Obra social o prepaga (incluye PAMI),95,63,24,87,Catamarca
999,Obra social o prepaga (incluye PAMI),96,57,26,83,Catamarca
1000,Obra social o prepaga (incluye PAMI),97,38,12,50,Catamarca
1001,Obra social o prepaga (incluye PAMI),98,28,7,35,Catamarca
1002,Obra social o prepaga (incluye PAMI),99,15,6,21,Catamarca
1003,Obra social o prepaga (incluye PAMI),100,7,4,11,Catamarca
1004,Obra social o prepaga (incluye PAMI),101,4,1,5,Catamarca
1005,Obra social o prepaga (incluye PAMI),102,8,2,10,Catamarca
1006,Obra social o prepaga (incluye PAMI),103,6,2,8,Catamarca
1007,Obra social o prepaga (incluye PAMI),104,2,2,4,Catamarca
1008,Obra social o prepaga (incluye PAMI),105,2,-,2,Catamarca
1009,Obra social o prepaga (incluye PAMI),106,1,-,1,Catamarca
1010,Obra social o prepaga (incluye PAMI),108,2,-,2,Catamarca
1011,Obra social o prepaga (incluye PAMI),110,1,-,1,Catamarca
1013,Programas o planes estatales de salud,,Mujer/Femenino,Varón/Masculino,Total,Catamarca
1014,Programas o planes estatales de salud,0,57,66,123,Catamarca
1015,Programas o planes estatales de salud,1,73,61,134,Catamarca
1016,Programas o planes estatales de salud,2,57,72,129,Catamarca
1017,Programas o planes estatales de salud,3,101,73,174,Catamarca
1018,Programas o planes estatales de salud,4,69,100,169,Catamarca
1019,Programas o planes estatales de salud,5,91,89,180,Catamarca
1020,Programas o planes estatales de salud,6,114,107,221,Catamarca
1021,Programas o planes estatales de salud,7,104,88,192,Catamarca
1022,Programas o planes estatales de salud,8,89,69,158,Catamarca
1023,Programas o planes estatales de salud,9,91,87,178,Catamarca
1024,Programas o planes estatales de salud,10,84,109,193,Catamarca
1025,Programas o planes estatales de salud,11,96,111,207,Catamarca
1026,Programas o planes estatales de salud,12,84,94,178,Catamarca
1027,Programas o planes estatales de salud,13,112,96,208,Catamarca
1028,Programas o planes estatales de salud,14,100,125,225,Catamarca
1029,Programas o planes estatales de salud,15,89,95,184,Catamarca
1030,Programas o planes estatales de salud,16,95,114,209,Catamarca
1031,Programas o planes estatales de salud,17,112,91,203,Catamarca
1032,Programas o planes estatales de salud,18,81,86,167,Catamarca
1033,Programas o planes estatales de salud,19,77,87,164,Catamarca
1034,Programas o planes estatales de salud,20,93,68,161,Catamarca
1035,Programas o planes estatales de salud,21,62,45,107,Catamarca
1036,Programas o planes estatales de salud,22,48,54,102,Catamarca
1037,Programas o planes estatales de salud,23,51,54,105,Catamarca
1038,Programas o planes estatales de salud,24,58,64,122,Catamarca
1039,Programas o planes estatales de salud,25,84,57,141,Catamarca
1040,Programas o planes estatales de salud,26,67,72,139,Catamarca
1041,Programas o planes estatales de salud,27,63,75,138,Catamarca
1042,Programas o planes estatales de salud,28,93,74,167,Catamarca
1043,Programas o planes estatales de salud,29,107,101,208,Catamarca
1044,Programas o planes estatales de salud,30,90,86,176,Catamarca
1045,Programas o planes estatales de salud,31,102,79,181,Catamarca
1046,Programas o planes estatales de salud,32,98,76,174,Catamarca
1047,Programas o planes estatales de salud,33,85,87,172,Catamarca
1048,Programas o planes estatales de salud,34,123,88,211,Catamarca
1049,Programas o planes estatales de salud,35,116,97,213,Catamarca
1050,Programas o planes estatales de salud,36,117,96,213,Catamarca
1051,Programas o planes estatales de salud,37,87,90,177,Catamarca
1052,Programas o planes estatales de salud,38,106,86,192,Catamarca
1053,Programas o planes estatales de salud,39,91,96,187,Catamarca
1054,Programas o planes estatales de salud,40,113,89,202,Catamarca
1055,Programas o planes estatales de salud,41,103,114,217,Catamarca
1056,Programas o planes estatales de salud,42,125,103,228,Catamarca
1057,Programas o planes estatales de salud,43,133,116,249,Catamarca
1058,Programas o planes estatales de salud,44,126,94,220,Catamarca
1059,Programas o planes estatales de salud,45,143,87,230,Catamarca
1060,Programas o planes estatales de salud,46,118,91,209,Catamarca
1061,Programas o planes estatales de salud,47,105,93,198,Catamarca
1062,Programas o planes estatales de salud,48,80,76,156,Catamarca
1063,Programas o planes estatales de salud,49,95,77,172,Catamarca
1064,Programas o planes estatales de salud,50,86,87,173,Catamarca
1065,Programas o planes estatales de salud,51,99,82,181,Catamarca
1066,Programas o planes estatales de salud,52,97,61,158,Catamarca
1067,Programas o planes estatales de salud,53,84,81,165,Catamarca
1068,Programas o planes estatales de salud,54,86,84,170,Catamarca
1069,Programas o planes estatales de salud,55,81,69,150,Catamarca
1070,Programas o planes estatales de salud,56,85,69,154,Catamarca
1071,Programas o planes estatales de salud,57,93,65,158,Catamarca
1072,Programas o planes estatales de salud,58,86,57,143,Catamarca
1073,Programas o planes estatales de salud,59,96,53,149,Catamarca
1074,Programas o planes estatales de salud,60,70,54,124,Catamarca
1075,Programas o planes estatales de salud,61,63,70,133,Catamarca
1076,Programas o planes estatales de salud,62,65,90,155,Catamarca
1077,Programas o planes estatales de salud,63,52,59,111,Catamarca
1078,Programas o planes estatales de salud,64,48,64,112,Catamarca
1079,Programas o planes estatales de salud,65,50,41,91,Catamarca
1080,Programas o planes estatales de salud,66,32,36,68,Catamarca
1081,Programas o planes estatales de salud,67,35,42,77,Catamarca
1082,Programas o planes estatales de salud,68,32,18,50,Catamarca
1083,Programas o planes estatales de salud,69,21,33,54,Catamarca
1084,Programas o planes estatales de salud,70,26,29,55,Catamarca
1085,Programas o planes estatales de salud,71,13,17,30,Catamarca
1086,Programas o planes estatales de salud,72,18,17,35,Catamarca
1087,Programas o planes estatales de salud,73,19,21,40,Catamarca
1088,Programas o planes estatales de salud,74,21,24,45,Catamarca
1089,Programas o planes estatales de salud,75,13,17,30,Catamarca
1090,Programas o planes estatales de salud,76,10,15,25,Catamarca
1091,Programas o planes estatales de salud,77,15,14,29,Catamarca
1092,Programas o planes estatales de salud,78,14,12,26,Catamarca
1093,Programas o planes estatales de salud,79,9,9,18,Catamarca
1094,Programas o planes estatales de salud,80,8,7,15,Catamarca
1095,Programas o planes estatales de salud,81,11,4,15,Catamarca
1096,Programas o planes estatales de salud,82,8,5,13,Catamarca
1097,Programas o planes estatales de salud,83,6,11,17,Catamarca
1098,Programas o planes estatales de salud,84,6,4,10,Catamarca
1099,Programas o planes estatales de salud,85,2,3,5,Catamarca
1100,Programas o planes estatales de salud,86,5,4,9,Catamarca
1101,Programas o planes estatales de salud,87,5,5,10,Catamarca
1102,Programas o planes estatales de salud,88,4,2,6,Catamarca
1103,Programas o planes estatales de salud,89,3,-,3,Catamarca
1104,Programas o planes estatales de salud,90,2,3,5,Catamarca
1105,Programas o planes estatales de salud,91,2,2,4,Catamarca
1106,Programas o planes estatales de salud,92,5,1,6,Catamarca
1107,Programas o planes estatales de salud,94,1,-,1,Catamarca
1108,Programas o planes estatales de salud,96,1,-,1,Catamarca
1109,Programas o planes estatales de salud,98,1,2,3,Catamarca
1110,Programas o planes estatales de salud,99,1,-,1,Catamarca
1112,"No tiene obra social, prepaga ni plan estatal",,Mujer/Femenino,Varón/Masculino,Total,Catamarca
1113,"No tiene obra social, prepaga ni plan estatal",0,1309,1359,2668,Catamarca
1114,"No tiene obra social, prepaga ni plan estatal",1,1308,1321,2629,Catamarca
1115,"No tiene obra social, prepaga ni plan estatal",2,1465,1417,2882,Catamarca
1116,"No tiene obra social, prepaga ni plan estatal",3,1622,1645,3267,Catamarca
1117,"No tiene obra social, prepaga ni plan estatal",4,1549,1520,3069,Catamarca
1118,"No tiene obra social, prepaga ni plan estatal",5,1521,1568,3089,Catamarca
1119,"No tiene obra social, prepaga ni plan estatal",6,1552,1571,3123,Catamarca
1120,"No tiene obra social, prepaga ni plan estatal",7,1688,1642,3330,Catamarca
1121,"No tiene obra social, prepaga ni plan estatal",8,1500,1505,3005,Catamarca
1122,"No tiene obra social, prepaga ni plan estatal",9,1424,1398,2822,Catamarca
1123,"No tiene obra social, prepaga ni plan estatal",10,1410,1431,2841,Catamarca
1124,"No tiene obra social, prepaga ni plan estatal",11,1500,1555,3055,Catamarca
1125,"No tiene obra social, prepaga ni plan estatal",12,1396,1414,2810,Catamarca
1126,"No tiene obra social, prepaga ni plan estatal",13,1326,1381,2707,Catamarca
1127,"No tiene obra social, prepaga ni plan estatal",14,1430,1439,2869,Catamarca
1128,"No tiene obra social, prepaga ni plan estatal",15,1383,1381,2764,Catamarca
1129,"No tiene obra social, prepaga ni plan estatal",16,1354,1384,2738,Catamarca
1130,"No tiene obra social, prepaga ni plan estatal",17,1408,1561,2969,Catamarca
1131,"No tiene obra social, prepaga ni plan estatal",18,1476,1579,3055,Catamarca
1132,"No tiene obra social, prepaga ni plan estatal",19,1615,1666,3281,Catamarca
1133,"No tiene obra social, prepaga ni plan estatal",20,1721,1900,3621,Catamarca
1134,"No tiene obra social, prepaga ni plan estatal",21,2624,2634,5258,Catamarca
1135,"No tiene obra social, prepaga ni plan estatal",22,2837,2766,5603,Catamarca
1136,"No tiene obra social, prepaga ni plan estatal",23,2639,2677,5316,Catamarca
1137,"No tiene obra social, prepaga ni plan estatal",24,2750,2608,5358,Catamarca
1138,"No tiene obra social, prepaga ni plan estatal",25,2655,2521,5176,Catamarca
1139,"No tiene obra social, prepaga ni plan estatal",26,2427,2464,4891,Catamarca
1140,"No tiene obra social, prepaga ni plan estatal",27,2508,2379,4887,Catamarca
1141,"No tiene obra social, prepaga ni plan estatal",28,2193,2118,4311,Catamarca
1142,"No tiene obra social, prepaga ni plan estatal",29,2165,2058,4223,Catamarca
1143,"No tiene obra social, prepaga ni plan estatal",30,2129,1904,4033,Catamarca
1144,"No tiene obra social, prepaga ni plan estatal",31,1801,1718,3519,Catamarca
1145,"No tiene obra social, prepaga ni plan estatal",32,1601,1568,3169,Catamarca
1146,"No tiene obra social, prepaga ni plan estatal",33,1595,1360,2955,Catamarca
1147,"No tiene obra social, prepaga ni plan estatal",34,1504,1354,2858,Catamarca
1148,"No tiene obra social, prepaga ni plan estatal",35,1488,1344,2832,Catamarca
1149,"No tiene obra social, prepaga ni plan estatal",36,1391,1326,2717,Catamarca
1150,"No tiene obra social, prepaga ni plan estatal",37,1229,1123,2352,Catamarca
1151,"No tiene obra social, prepaga ni plan estatal",38,1212,1126,2338,Catamarca
1152,"No tiene obra social, prepaga ni plan estatal",39,1245,1189,2434,Catamarca
1153,"No tiene obra social, prepaga ni plan estatal",40,1207,1102,2309,Catamarca
1154,"No tiene obra social, prepaga ni plan estatal",41,1129,1133,2262,Catamarca
1155,"No tiene obra social, prepaga ni plan estatal",42,1215,1186,2401,Catamarca
1156,"No tiene obra social, prepaga ni plan estatal",43,1063,1074,2137,Catamarca
1157,"No tiene obra social, prepaga ni plan estatal",44,1098,1090,2188,Catamarca
1158,"No tiene obra social, prepaga ni plan estatal",45,1054,991,2045,Catamarca
1159,"No tiene obra social, prepaga ni plan estatal",46,873,956,1829,Catamarca
1160,"No tiene obra social, prepaga ni plan estatal",47,869,926,1795,Catamarca
1161,"No tiene obra social, prepaga ni plan estatal",48,812,834,1646,Catamarca
1162,"No tiene obra social, prepaga ni plan estatal",49,721,783,1504,Catamarca
1163,"No tiene obra social, prepaga ni plan estatal",50,764,782,1546,Catamarca
1164,"No tiene obra social, prepaga ni plan estatal",51,683,679,1362,Catamarca
1165,"No tiene obra social, prepaga ni plan estatal",52,669,666,1335,Catamarca
1166,"No tiene obra social, prepaga ni plan estatal",53,642,561,1203,Catamarca
1167,"No tiene obra social, prepaga ni plan estatal",54,557,559,1116,Catamarca
1168,"No tiene obra social, prepaga ni plan estatal",55,536,565,1101,Catamarca
1169,"No tiene obra social, prepaga ni plan estatal",56,528,559,1087,Catamarca
1170,"No tiene obra social, prepaga ni plan estatal",57,461,529,990,Catamarca
1171,"No tiene obra social, prepaga ni plan estatal",58,443,504,947,Catamarca
1172,"No tiene obra social, prepaga ni plan estatal",59,462,455,917,Catamarca
1173,"No tiene obra social, prepaga ni plan estatal",60,432,461,893,Catamarca
1174,"No tiene obra social, prepaga ni plan estatal",61,266,390,656,Catamarca
1175,"No tiene obra social, prepaga ni plan estatal",62,239,395,634,Catamarca
1176,"No tiene obra social, prepaga ni plan estatal",63,168,420,588,Catamarca
1177,"No tiene obra social, prepaga ni plan estatal",64,157,405,562,Catamarca
1178,"No tiene obra social, prepaga ni plan estatal",65,127,301,428,Catamarca
1179,"No tiene obra social, prepaga ni plan estatal",66,73,162,235,Catamarca
1180,"No tiene obra social, prepaga ni plan estatal",67,57,129,186,Catamarca
1181,"No tiene obra social, prepaga ni plan estatal",68,55,73,128,Catamarca
1182,"No tiene obra social, prepaga ni plan estatal",69,50,78,128,Catamarca
1183,"No tiene obra social, prepaga ni plan estatal",70,41,55,96,Catamarca
1184,"No tiene obra social, prepaga ni plan estatal",71,39,42,81,Catamarca
1185,"No tiene obra social, prepaga ni plan estatal",72,39,45,84,Catamarca
1186,"No tiene obra social, prepaga ni plan estatal",73,25,33,58,Catamarca
1187,"No tiene obra social, prepaga ni plan estatal",74,37,32,69,Catamarca
1188,"No tiene obra social, prepaga ni plan estatal",75,26,26,52,Catamarca
1189,"No tiene obra social, prepaga ni plan estatal",76,20,24,44,Catamarca
1190,"No tiene obra social, prepaga ni plan estatal",77,25,23,48,Catamarca
1191,"No tiene obra social, prepaga ni plan estatal",78,18,24,42,Catamarca
1192,"No tiene obra social, prepaga ni plan estatal",79,15,13,28,Catamarca
1193,"No tiene obra social, prepaga ni plan estatal",80,18,23,41,Catamarca
1194,"No tiene obra social, prepaga ni plan estatal",81,18,13,31,Catamarca
1195,"No tiene obra social, prepaga ni plan estatal",82,23,12,35,Catamarca
1196,"No tiene obra social, prepaga ni plan estatal",83,13,10,23,Catamarca
1197,"No tiene obra social, prepaga ni plan estatal",84,6,14,20,Catamarca
1198,"No tiene obra social, prepaga ni plan estatal",85,19,4,23,Catamarca
1199,"No tiene obra social, prepaga ni plan estatal",86,13,13,26,Catamarca
1200,"No tiene obra social, prepaga ni plan estatal",87,11,14,25,Catamarca
1201,"No tiene obra social, prepaga ni plan estatal",88,11,5,16,Catamarca
1202,"No tiene obra social, prepaga ni plan estatal",89,8,4,12,Catamarca
1203,"No tiene obra social, prepaga ni plan estatal",90,7,5,12,Catamarca
1204,"No tiene obra social, prepaga ni plan estatal",91,7,6,13,Catamarca
1205,"No tiene obra social, prepaga ni plan estatal",92,5,6,11,Catamarca
1206,"No tiene obra social, prepaga ni plan estatal",93,4,2,6,Catamarca
1207,"No tiene obra social, prepaga ni plan estatal",94,3,4,7,Catamarca
1208,"No tiene obra social, prepaga ni plan estatal",95,3,1,4,Catamarca
1209,"No tiene obra social, prepaga ni plan estatal",96,4,3,7,Catamarca
1210,"No tiene obra social, prepaga ni plan estatal",97,1,2,3,Catamarca
1211,"No tiene obra social, prepaga ni plan estatal",98,2,3,5,Catamarca
1212,"No tiene obra social, prepaga ni plan estatal",99,1,2,3,Catamarca
1213,"No tiene obra social, prepaga ni plan estatal",101,1,1,2,Catamarca
1214,"No tiene obra social, prepaga ni plan estatal",102,1,-,1,Catamarca
1215,"No tiene obra social, prepaga ni plan estatal",103,3,2,5,Catamarca
1329,AREA # 14,Córdoba,,,,Córdoba
1330,AREA # 14,,,,,Córdoba
1331,Cobertura de salud,Edad,Sexo registrado al nacer,,,Córdoba
1332,Obra social o prepaga (incluye PAMI),,Mujer/Femenino,Varón/Masculino,Total,Córdoba
1333,Obra social o prepaga (incluye PAMI),0,10318,10591,20909,Córdoba
1334,Obra social o prepaga (incluye PAMI),1,11011,11144,22155,Córdoba
1335,Obra social o prepaga (incluye PAMI),2,12221,12499,24720,Córdoba
1336,Obra social o prepaga (incluye PAMI),3,13385,14020,27405,Córdoba
1337,Obra social o prepaga (incluye PAMI),4,14130,14703,28833,Córdoba
1338,Obra social o prepaga (incluye PAMI),5,14911,15383,30294,Córdoba
1339,Obra social o prepaga (incluye PAMI),6,15196,15678,30874,Córdoba
1340,Obra social o prepaga (incluye PAMI),7,15926,16683,32609,Córdoba
1341,Obra social o prepaga (incluye PAMI),8,15662,16291,31953,Córdoba
1342,Obra social o prepaga (incluye PAMI),9,15641,16133,31774,Córdoba
1343,Obra social o prepaga (incluye PAMI),10,15572,15967,31539,Córdoba
1344,Obra social o prepaga (incluye PAMI),11,16031,16755,32786,Córdoba
1345,Obra social o prepaga (incluye PAMI),12,16032,16528,32560,Córdoba
1346,Obra social o prepaga (incluye PAMI),13,16022,16741,32763,Córdoba
1347,Obra social o prepaga (incluye PAMI),14,15707,16177,31884,Córdoba
1348,Obra social o prepaga (incluye PAMI),15,15452,16203,31655,Córdoba
1349,Obra social o prepaga (incluye PAMI),16,16008,16150,32158,Córdoba
1350,Obra social o prepaga (incluye PAMI),17,16339,16734,33073,Córdoba
1351,Obra social o prepaga (incluye PAMI),18,17093,16973,34066,Córdoba
1352,Obra social o prepaga (incluye PAMI),19,17463,17079,34542,Córdoba
1353,Obra social o prepaga (incluye PAMI),20,16927,16395,33322,Córdoba
1354,Obra social o prepaga (incluye PAMI),21,15784,15452,31236,Córdoba
1355,Obra social o prepaga (incluye PAMI),22,16063,15280,31343,Córdoba
1356,Obra social o prepaga (incluye PAMI),23,15615,14946,30561,Córdoba
1357,Obra social o prepaga (incluye PAMI),24,15170,14819,29989,Córdoba
1358,Obra social o prepaga (incluye PAMI),25,15451,14976,30427,Córdoba
1359,Obra social o prepaga (incluye PAMI),26,15118,14464,29582,Córdoba
1360,Obra social o prepaga (incluye PAMI),27,15447,14712,30159,Córdoba
1361,Obra social o prepaga (incluye PAMI),28,15482,14671,30153,Córdoba
1362,Obra social o prepaga (incluye PAMI),29,15751,14913,30664,Córdoba
1363,Obra social o prepaga (incluye PAMI),30,16921,15542,32463,Córdoba
1364,Obra social o prepaga (incluye PAMI),31,17016,15442,32458,Córdoba
1365,Obra social o prepaga (incluye PAMI),32,16770,15559,32329,Córdoba
1366,Obra social o prepaga (incluye PAMI),33,16328,15341,31669,Córdoba
1367,Obra social o prepaga (incluye PAMI),34,16588,15379,31967,Córdoba
1368,Obra social o prepaga (incluye PAMI),35,17389,15956,33345,Córdoba
1369,Obra social o prepaga (incluye PAMI),36,17356,15867,33223,Córdoba
1370,Obra social o prepaga (incluye PAMI),37,16913,15483,32396,Córdoba
1371,Obra social o prepaga (incluye PAMI),38,16967,15603,32570,Córdoba
1372,Obra social o prepaga (incluye PAMI),39,17871,16420,34291,Córdoba
1373,Obra social o prepaga (incluye PAMI),40,19001,17528,36529,Córdoba
1374,Obra social o prepaga (incluye PAMI),41,18323,16894,35217,Córdoba
1375,Obra social o prepaga (incluye PAMI),42,19520,17391,36911,Córdoba
1376,Obra social o prepaga (incluye PAMI),43,18757,16956,35713,Córdoba
1377,Obra social o prepaga (incluye PAMI),44,17792,16210,34002,Córdoba
1378,Obra social o prepaga (incluye PAMI),45,17504,15504,33008,Córdoba
1379,Obra social o prepaga (incluye PAMI),46,16667,15020,31687,Córdoba
1380,Obra social o prepaga (incluye PAMI),47,16459,14591,31050,Córdoba
1381,Obra social o prepaga (incluye PAMI),48,15166,13649,28815,Córdoba
1382,Obra social o prepaga (incluye PAMI),49,15213,13402,28615,Córdoba
1383,Obra social o prepaga (incluye PAMI),50,15185,13605,28790,Córdoba
1384,Obra social o prepaga (incluye PAMI),51,14164,12788,26952,Córdoba
1385,Obra social o prepaga (incluye PAMI),52,14315,12439,26754,Córdoba
1386,Obra social o prepaga (incluye PAMI),53,13534,11682,25216,Córdoba
1387,Obra social o prepaga (incluye PAMI),54,13130,11312,24442,Córdoba
1388,Obra social o prepaga (incluye PAMI),55,13155,11004,24159,Córdoba
1389,Obra social o prepaga (incluye PAMI),56,13299,11228,24527,Córdoba
1390,Obra social o prepaga (incluye PAMI),57,13735,11573,25308,Córdoba
1391,Obra social o prepaga (incluye PAMI),58,13673,11518,25191,Córdoba
1392,Obra social o prepaga (incluye PAMI),59,13835,11632,25467,Córdoba
1393,Obra social o prepaga (incluye PAMI),60,14747,11572,26319,Córdoba
1394,Obra social o prepaga (incluye PAMI),61,15098,10908,26006,Córdoba
1395,Obra social o prepaga (incluye PAMI),62,15617,10980,26597,Córdoba
1396,Obra social o prepaga (incluye PAMI),63,15558,10587,26145,Córdoba
1397,Obra social o prepaga (incluye PAMI),64,15458,10200,25658,Córdoba
1398,Obra social o prepaga (incluye PAMI),65,16388,11595,27983,Córdoba
1399,Obra social o prepaga (incluye PAMI),66,15894,12124,28018,Córdoba
1400,Obra social o prepaga (incluye PAMI),67,15827,12520,28347,Córdoba
1401,Obra social o prepaga (incluye PAMI),68,14991,12056,27047,Córdoba
1402,Obra social o prepaga (incluye PAMI),69,15168,11815,26983,Córdoba
1403,Obra social o prepaga (incluye PAMI),70,14956,11742,26698,Córdoba
1404,Obra social o prepaga (incluye PAMI),71,14051,11051,25102,Córdoba
1405,Obra social o prepaga (incluye PAMI),72,14479,10981,25460,Córdoba
1406,Obra social o prepaga (incluye PAMI),73,13264,10132,23396,Córdoba
1407,Obra social o prepaga (incluye PAMI),74,12597,9394,21991,Córdoba
1408,Obra social o prepaga (incluye PAMI),75,12019,8635,20654,Córdoba
1409,Obra social o prepaga (incluye PAMI),76,11523,8151,19674,Córdoba
1410,Obra social o prepaga (incluye PAMI),77,10798,7335,18133,Córdoba
1411,Obra social o prepaga (incluye PAMI),78,9625,6429,16054,Córdoba
1412,Obra social o prepaga (incluye PAMI),79,9020,5746,14766,Córdoba
1413,Obra social o prepaga (incluye PAMI),80,8657,5365,14022,Córdoba
1414,Obra social o prepaga (incluye PAMI),81,7478,4564,12042,Córdoba
1415,Obra social o prepaga (incluye PAMI),82,7442,4445,11887,Córdoba
1416,Obra social o prepaga (incluye PAMI),83,6188,3585,9773,Córdoba
1417,Obra social o prepaga (incluye PAMI),84,5755,3210,8965,Córdoba
1418,Obra social o prepaga (incluye PAMI),85,5218,2649,7867,Córdoba
1419,Obra social o prepaga (incluye PAMI),86,4636,2289,6925,Córdoba
1420,Obra social o prepaga (incluye PAMI),87,4070,1893,5963,Córdoba
1421,Obra social o prepaga (incluye PAMI),88,3411,1533,4944,Córdoba
1422,Obra social o prepaga (incluye PAMI),89,3147,1339,4486,Córdoba
1423,Obra social o prepaga (incluye PAMI),90,2558,1085,3643,Córdoba
1424,Obra social o prepaga (incluye PAMI),91,2179,815,2994,Córdoba
1425,Obra social o prepaga (incluye PAMI),92,1782,672,2454,Córdoba
1426,Obra social o prepaga (incluye PAMI),93,1311,473,1784,Córdoba
1427,Obra social o prepaga (incluye PAMI),94,986,349,1335,Córdoba
1428,Obra social o prepaga (incluye PAMI),95,778,249,1027,Córdoba
1429,Obra social o prepaga (incluye PAMI),96,592,180,772,Córdoba
1430,Obra social o prepaga (incluye PAMI),97,440,129,569,Córdoba
1431,Obra social o prepaga (incluye PAMI),98,275,85,360,Córdoba
1432,Obra social o prepaga (incluye PAMI),99,204,78,282,Córdoba
1433,Obra social o prepaga (incluye PAMI),100,104,16,120,Córdoba
1434,Obra social o prepaga (incluye PAMI),101,59,17,76,Córdoba
1435,Obra social o prepaga (incluye PAMI),102,63,22,85,Córdoba
1436,Obra social o prepaga (incluye PAMI),103,35,13,48,Córdoba
1437,Obra social o prepaga (incluye PAMI),104,16,4,20,Córdoba
1438,Obra social o prepaga (incluye PAMI),105,14,5,19,Córdoba
1439,Obra social o prepaga (incluye PAMI),106,8,3,11,Córdoba
1440,Obra social o prepaga (incluye PAMI),107,6,1,7,Córdoba
1441,Obra social o prepaga (incluye PAMI),108,8,5,13,Córdoba
1442,Obra social o prepaga (incluye PAMI),109,5,-,5,Córdoba
1443,Obra social o prepaga (incluye PAMI),110,8,3,11,Córdoba
1445,Programas o planes estatales de salud,,Mujer/Femenino,Varón/Masculino,Total,Córdoba
1446,Programas o planes estatales de salud,0,671,643,1314,Córdoba
1447,Programas o planes estatales de salud,1,663,702,1365,Córdoba
1448,Programas o planes estatales de salud,2,672,736,1408,Córdoba
1449,Programas o planes estatales de salud,3,782,762,1544,Córdoba
1450,Programas o planes estatales de salud,4,752,860,1612,Córdoba
1451,Programas o planes estatales de salud,5,820,796,1616,Córdoba
1452,Programas o planes estatales de salud,6,784,866,1650,Córdoba
1453,Programas o planes estatales de salud,7,861,903,1764,Córdoba
1454,Programas o planes estatales de salud,8,797,829,1626,Córdoba
1455,Programas o planes estatales de salud,9,830,795,1625,Córdoba
1456,Programas o planes estatales de salud,10,791,748,1539,Córdoba
1457,Programas o planes estatales de salud,11,767,804,1571,Córdoba
1458,Programas o planes estatales de salud,12,825,865,1690,Córdoba
1459,Programas o planes estatales de salud,13,744,850,1594,Córdoba
1460,Programas o planes estatales de salud,14,778,786,1564,Córdoba
1461,Programas o planes estatales de salud,15,733,722,1455,Córdoba
1462,Programas o planes estatales de salud,16,712,716,1428,Córdoba
1463,Programas o planes estatales de salud,17,756,714,1470,Córdoba
1464,Programas o planes estatales de salud,18,719,701,1420,Córdoba
1465,Programas o planes estatales de salud,19,726,689,1415,Córdoba
1466,Programas o planes estatales de salud,20,742,630,1372,Córdoba
1467,Programas o planes estatales de salud,21,725,663,1388,Córdoba
1468,Programas o planes estatales de salud,22,744,719,1463,Córdoba
1469,Programas o planes estatales de salud,23,717,649,1366,Córdoba
1470,Programas o planes estatales de salud,24,744,616,1360,Córdoba
1471,Programas o planes estatales de salud,25,735,622,1357,Córdoba
1472,Programas o planes estatales de salud,26,722,652,1374,Córdoba
1473,Programas o planes estatales de salud,27,774,621,1395,Córdoba
1474,Programas o planes estatales de salud,28,749,645,1394,Córdoba
1475,Programas o planes estatales de salud,29,811,650,1461,Córdoba
1476,Programas o planes estatales de salud,30,846,641,1487,Córdoba
1477,Programas o planes estatales de salud,31,810,611,1421,Córdoba
1478,Programas o planes estatales de salud,32,739,531,1270,Córdoba
1479,Programas o planes estatales de salud,33,826,575,1401,Córdoba
1480,Programas o planes estatales de salud,34,816,583,1399,Córdoba
1481,Programas o planes estatales de salud,35,820,672,1492,Córdoba
1482,Programas o planes estatales de salud,36,742,597,1339,Córdoba
1483,Programas o planes estatales de salud,37,664,622,1286,Córdoba
1484,Programas o planes estatales de salud,38,727,607,1334,Córdoba
1485,Programas o planes estatales de salud,39,776,640,1416,Córdoba
1486,Programas o planes estatales de salud,40,840,666,1506,Córdoba
1487,Programas o planes estatales de salud,41,826,663,1489,Córdoba
1488,Programas o planes estatales de salud,42,829,660,1489,Córdoba
1489,Programas o planes estatales de salud,43,789,689,1478,Córdoba
1490,Programas o planes estatales de salud,44,759,625,1384,Córdoba
1491,Programas o planes estatales de salud,45,763,651,1414,Córdoba
1492,Programas o planes estatales de salud,46,766,583,1349,Córdoba
1493,Programas o planes estatales de salud,47,727,585,1312,Córdoba
1494,Programas o planes estatales de salud,48,704,530,1234,Córdoba
1495,Programas o planes estatales de salud,49,774,527,1301,Córdoba
1496,Programas o planes estatales de salud,50,761,564,1325,Córdoba
1497,Programas o planes estatales de salud,51,713,541,1254,Córdoba
1498,Programas o planes estatales de salud,52,734,565,1299,Córdoba
1499,Programas o planes estatales de salud,53,659,496,1155,Córdoba
1500,Programas o planes estatales de salud,54,723,489,1212,Córdoba
1501,Programas o planes estatales de salud,55,711,481,1192,Córdoba
1502,Programas o planes estatales de salud,56,733,528,1261,Córdoba
1503,Programas o planes estatales de salud,57,667,470,1137,Córdoba
1504,Programas o planes estatales de salud,58,685,494,1179,Córdoba
1505,Programas o planes estatales de salud,59,693,507,1200,Córdoba
1506,Programas o planes estatales de salud,60,641,486,1127,Córdoba
1507,Programas o planes estatales de salud,61,493,493,986,Córdoba
1508,Programas o planes estatales de salud,62,419,484,903,Córdoba
1509,Programas o planes estatales de salud,63,346,467,813,Córdoba
1510,Programas o planes estatales de salud,64,328,450,778,Córdoba
1511,Programas o planes estatales de salud,65,245,322,567,Córdoba
1512,Programas o planes estatales de salud,66,214,230,444,Córdoba
1513,Programas o planes estatales de salud,67,218,220,438,Córdoba
1514,Programas o planes estatales de salud,68,202,183,385,Córdoba
1515,Programas o planes estatales de salud,69,212,148,360,Córdoba
1516,Programas o planes estatales de salud,70,212,178,390,Córdoba
1517,Programas o planes estatales de salud,71,176,115,291,Córdoba
1518,Programas o planes estatales de salud,72,176,125,301,Córdoba
1519,Programas o planes estatales de salud,73,150,120,270,Córdoba
1520,Programas o planes estatales de salud,74,136,100,236,Córdoba
1521,Programas o planes estatales de salud,75,158,91,249,Córdoba
1522,Programas o planes estatales de salud,76,144,79,223,Córdoba
1523,Programas o planes estatales de salud,77,102,86,188,Córdoba
1524,Programas o planes estatales de salud,78,104,61,165,Córdoba
1525,Programas o planes estatales de salud,79,98,62,160,Córdoba
1526,Programas o planes estatales de salud,80,82,57,139,Córdoba
1527,Programas o planes estatales de salud,81,74,29,103,Córdoba
1528,Programas o planes estatales de salud,82,57,44,101,Córdoba
1529,Programas o planes estatales de salud,83,56,31,87,Córdoba
1530,Programas o planes estatales de salud,84,54,24,78,Córdoba
1531,Programas o planes estatales de salud,85,48,15,63,Córdoba
1532,Programas o planes estatales de salud,86,43,20,63,Córdoba
1533,Programas o planes estatales de salud,87,42,15,57,Córdoba
1534,Programas o planes estatales de salud,88,27,25,52,Córdoba
1535,Programas o planes estatales de salud,89,50,11,61,Córdoba
1536,Programas o planes estatales de salud,90,32,7,39,Córdoba
1537,Programas o planes estatales de salud,91,22,4,26,Córdoba
1538,Programas o planes estatales de salud,92,29,9,38,Córdoba
1539,Programas o planes estatales de salud,93,22,9,31,Córdoba
1540,Programas o planes estatales de salud,94,11,7,18,Córdoba
1541,Programas o planes estatales de salud,95,13,2,15,Córdoba
1542,Programas o planes estatales de salud,96,13,4,17,Córdoba
1543,Programas o planes estatales de salud,97,9,5,14,Córdoba
1544,Programas o planes estatales de salud,98,8,-,8,Córdoba
1545,Programas o planes estatales de salud,99,3,1,4,Córdoba
1546,Programas o planes estatales de salud,100,1,1,2,Córdoba
1547,Programas o planes estatales de salud,101,1,-,1,Córdoba
1548,Programas o planes estatales de salud,103,1,-,1,Córdoba
1549,Programas o planes estatales de salud,104,1,1,2,Córdoba
1550,Programas o planes estatales de salud,105,-,1,1,Córdoba
1552,"No tiene obra social, prepaga ni plan estatal",,Mujer/Femenino,Varón/Masculino,Total,Córdoba
1553,"No tiene obra social, prepaga ni plan estatal",0,8930,9260,18190,Córdoba
1554,"No tiene obra social, prepaga ni plan estatal",1,9011,9275,18286,Córdoba
1555,"No tiene obra social, prepaga ni plan estatal",2,10400,10320,20720,Córdoba
1556,"No tiene obra social, prepaga ni plan estatal",3,10910,11299,22209,Córdoba
1557,"No tiene obra social, prepaga ni plan estatal",4,11240,11527,22767,Córdoba
1558,"No tiene obra social, prepaga ni plan estatal",5,11473,11855,23328,Córdoba
1559,"No tiene obra social, prepaga ni plan estatal",6,11731,11995,23726,Córdoba
1560,"No tiene obra social, prepaga ni plan estatal",7,12451,12298,24749,Córdoba
1561,"No tiene obra social, prepaga ni plan estatal",8,11861,12015,23876,Córdoba
1562,"No tiene obra social, prepaga ni plan estatal",9,11795,12092,23887,Córdoba
1563,"No tiene obra social, prepaga ni plan estatal",10,11138,11871,23009,Córdoba
1564,"No tiene obra social, prepaga ni plan estatal",11,11719,11900,23619,Córdoba
1565,"No tiene obra social, prepaga ni plan estatal",12,11987,12246,24233,Córdoba
1566,"No tiene obra social, prepaga ni plan estatal",13,12085,12145,24230,Córdoba
1567,"No tiene obra social, prepaga ni plan estatal",14,11512,11729,23241,Córdoba
1568,"No tiene obra social, prepaga ni plan estatal",15,11171,11635,22806,Córdoba
1569,"No tiene obra social, prepaga ni plan estatal",16,11121,11555,22676,Córdoba
1570,"No tiene obra social, prepaga ni plan estatal",17,11999,12156,24155,Córdoba
1571,"No tiene obra social, prepaga ni plan estatal",18,12864,13068,25932,Córdoba
1572,"No tiene obra social, prepaga ni plan estatal",19,13372,13316,26688,Córdoba
1573,"No tiene obra social, prepaga ni plan estatal",20,12653,12652,25305,Córdoba
1574,"No tiene obra social, prepaga ni plan estatal",21,15001,14932,29933,Córdoba
1575,"No tiene obra social, prepaga ni plan estatal",22,15875,15001,30876,Córdoba
1576,"No tiene obra social, prepaga ni plan estatal",23,15129,14515,29644,Córdoba
1577,"No tiene obra social, prepaga ni plan estatal",24,14566,14051,28617,Córdoba
1578,"No tiene obra social, prepaga ni plan estatal",25,14759,14313,29072,Córdoba
1579,"No tiene obra social, prepaga ni plan estatal",26,14571,13938,28509,Córdoba
1580,"No tiene obra social, prepaga ni plan estatal",27,13807,13838,27645,Córdoba
1581,"No tiene obra social, prepaga ni plan estatal",28,13068,13099,26167,Córdoba
1582,"No tiene obra social, prepaga ni plan estatal",29,13208,13141,26349,Córdoba
1583,"No tiene obra social, prepaga ni plan estatal",30,12977,13070,26047,Córdoba
1584,"No tiene obra social, prepaga ni plan estatal",31,11993,12169,24162,Córdoba
1585,"No tiene obra social, prepaga ni plan estatal",32,11356,11424,22780,Córdoba
1586,"No tiene obra social, prepaga ni plan estatal",33,10578,10724,21302,Córdoba
1587,"No tiene obra social, prepaga ni plan estatal",34,10315,10336,20651,Córdoba
1588,"No tiene obra social, prepaga ni plan estatal",35,10608,10516,21124,Córdoba
1589,"No tiene obra social, prepaga ni plan estatal",36,9938,10031,19969,Córdoba
1590,"No tiene obra social, prepaga ni plan estatal",37,9181,9525,18706,Córdoba
1591,"No tiene obra social, prepaga ni plan estatal",38,9185,9308,18493,Córdoba
1592,"No tiene obra social, prepaga ni plan estatal",39,9733,9981,19714,Córdoba
1593,"No tiene obra social, prepaga ni plan estatal",40,9963,10072,20035,Córdoba
1594,"No tiene obra social, prepaga ni plan estatal",41,9525,9375,18900,Córdoba
1595,"No tiene obra social, prepaga ni plan estatal",42,9795,9978,19773,Córdoba
1596,"No tiene obra social, prepaga ni plan estatal",43,9179,9525,18704,Córdoba
1597,"No tiene obra social, prepaga ni plan estatal",44,8678,8937,17615,Córdoba
1598,"No tiene obra social, prepaga ni plan estatal",45,8048,8428,16476,Córdoba
1599,"No tiene obra social, prepaga ni plan estatal",46,7730,8120,15850,Córdoba
1600,"No tiene obra social, prepaga ni plan estatal",47,7692,8085,15777,Córdoba
1601,"No tiene obra social, prepaga ni plan estatal",48,7282,7565,14847,Córdoba
1602,"No tiene obra social, prepaga ni plan estatal",49,7343,7738,15081,Córdoba
1603,"No tiene obra social, prepaga ni plan estatal",50,7159,7728,14887,Córdoba
1604,"No tiene obra social, prepaga ni plan estatal",51,6643,6976,13619,Córdoba
1605,"No tiene obra social, prepaga ni plan estatal",52,6629,6893,13522,Córdoba
1606,"No tiene obra social, prepaga ni plan estatal",53,5935,6513,12448,Córdoba
1607,"No tiene obra social, prepaga ni plan estatal",54,5736,6236,11972,Córdoba
1608,"No tiene obra social, prepaga ni plan estatal",55,5550,5940,11490,Córdoba
1609,"No tiene obra social, prepaga ni plan estatal",56,5520,6126,11646,Córdoba
1610,"No tiene obra social, prepaga ni plan estatal",57,5368,6028,11396,Córdoba
1611,"No tiene obra social, prepaga ni plan estatal",58,5211,5648,10859,Córdoba
1612,"No tiene obra social, prepaga ni plan estatal",59,5115,5608,10723,Córdoba
1613,"No tiene obra social, prepaga ni plan estatal",60,4408,5206,9614,Córdoba
1614,"No tiene obra social, prepaga ni plan estatal",61,2638,4841,7479,Córdoba
1615,"No tiene obra social, prepaga ni plan estatal",62,2025,4648,6673,Córdoba
1616,"No tiene obra social, prepaga ni plan estatal",63,1312,4126,5438,Córdoba
1617,"No tiene obra social, prepaga ni plan estatal",64,872,3915,4787,Córdoba
1618,"No tiene obra social, prepaga ni plan estatal",65,682,2939,3621,Córdoba
1619,"No tiene obra social, prepaga ni plan estatal",66,446,1286,1732,Córdoba
1620,"No tiene obra social, prepaga ni plan estatal",67,422,964,1386,Córdoba
1621,"No tiene obra social, prepaga ni plan estatal",68,363,660,1023,Córdoba
1622,"No tiene obra social, prepaga ni plan estatal",69,349,531,880,Córdoba
1623,"No tiene obra social, prepaga ni plan estatal",70,337,375,712,Córdoba
1624,"No tiene obra social, prepaga ni plan estatal",71,257,256,513,Córdoba
1625,"No tiene obra social, prepaga ni plan estatal",72,270,261,531,Córdoba
1626,"No tiene obra social, prepaga ni plan estatal",73,230,215,445,Córdoba
1627,"No tiene obra social, prepaga ni plan estatal",74,214,189,403,Córdoba
1628,"No tiene obra social, prepaga ni plan estatal",75,190,191,381,Córdoba
1629,"No tiene obra social, prepaga ni plan estatal",76,164,174,338,Córdoba
1630,"No tiene obra social, prepaga ni plan estatal",77,153,144,297,Córdoba
1631,"No tiene obra social, prepaga ni plan estatal",78,151,117,268,Córdoba
1632,"No tiene obra social, prepaga ni plan estatal",79,154,120,274,Córdoba
1633,"No tiene obra social, prepaga ni plan estatal",80,140,131,271,Córdoba
1634,"No tiene obra social, prepaga ni plan estatal",81,127,92,219,Córdoba
1635,"No tiene obra social, prepaga ni plan estatal",82,98,104,202,Córdoba
1636,"No tiene obra social, prepaga ni plan estatal",83,89,92,181,Córdoba
1637,"No tiene obra social, prepaga ni plan estatal",84,90,79,169,Córdoba
1638,"No tiene obra social, prepaga ni plan estatal",85,85,58,143,Córdoba
1639,"No tiene obra social, prepaga ni plan estatal",86,89,45,134,Córdoba
1640,"No tiene obra social, prepaga ni plan estatal",87,77,45,122,Córdoba
1641,"No tiene obra social, prepaga ni plan estatal",88,76,42,118,Córdoba
1642,"No tiene obra social, prepaga ni plan estatal",89,81,52,133,Córdoba
1643,"No tiene obra social, prepaga ni plan estatal",90,74,63,137,Córdoba
1644,"No tiene obra social, prepaga ni plan estatal",91,67,45,112,Córdoba
1645,"No tiene obra social, prepaga ni plan estatal",92,69,64,133,Córdoba
1646,"No tiene obra social, prepaga ni plan estatal",93,58,53,111,Córdoba
1647,"No tiene obra social, prepaga ni plan estatal",94,51,48,99,Córdoba
1648,"No tiene obra social, prepaga ni plan estatal",95,51,47,98,Córdoba
1649,"No tiene obra social, prepaga ni plan estatal",96,49,40,89,Córdoba
1650,"No tiene obra social, prepaga ni plan estatal",97,37,52,89,Córdoba
1651,"No tiene obra social, prepaga ni plan estatal",98,38,45,83,Córdoba
1652,"No tiene obra social, prepaga ni plan estatal",99,38,36,74,Córdoba
1653,"No tiene obra social, prepaga ni plan estatal",100,2,1,3,Córdoba
1654,"No tiene obra social, prepaga ni plan estatal",101,7,2,9,Córdoba
1655,"No tiene obra social, prepaga ni plan estatal",102,7,3,10,Córdoba
1656,"No tiene obra social, prepaga ni plan estatal",103,3,1,4,Córdoba
1657,"No tiene obra social, prepaga ni plan estatal",104,2,-,2,Córdoba
1658,"No tiene obra social, prepaga ni plan estatal",105,5,-,5,Córdoba
1659,"No tiene obra social, prepaga ni plan estatal",106,1,1,2,Córdoba
1660,"No tiene obra social, prepaga ni plan estatal",108,2,-,2,Córdoba
1661,"No tiene obra social, prepaga ni plan estatal",109,1,-,1,Córdoba
1777,AREA # 18,Corrientes,,,,Corrientes
1778,AREA # 18,,,,,Corrientes
1779,Cobertura de salud,Edad,Sexo registrado al nacer,,,Corrientes
1780,Obra social o prepaga (incluye PAMI),,Mujer/Femenino,Varón/Masculino,Total,Corrientes
1781,Obra social o prepaga (incluye PAMI),0,2390,2437,4827,Corrientes
1782,Obra social o prepaga (incluye PAMI),1,2586,2753,5339,Corrientes
1783,Obra social o prepaga (incluye PAMI),2,3031,3128,6159,Corrientes
1784,Obra social o prepaga (incluye PAMI),3,3275,3349,6624,Corrientes
1785,Obra social o prepaga (incluye PAMI),4,3489,3663,7152,Corrientes
1786,Obra social o prepaga (incluye PAMI),5,3785,3921,7706,Corrientes
1787,Obra social o prepaga (incluye PAMI),6,3786,3914,7700,Corrientes
1788,Obra social o prepaga (incluye PAMI),7,3982,4222,8204,Corrientes
1789,Obra social o prepaga (incluye PAMI),8,3808,3986,7794,Corrientes
1790,Obra social o prepaga (incluye PAMI),9,3896,4246,8142,Corrientes
1791,Obra social o prepaga (incluye PAMI),10,3892,4134,8026,Corrientes
1792,Obra social o prepaga (incluye PAMI),11,4207,4525,8732,Corrientes
1793,Obra social o prepaga (incluye PAMI),12,4138,4352,8490,Corrientes
1794,Obra social o prepaga (incluye PAMI),13,4229,4217,8446,Corrientes
1795,Obra social o prepaga (incluye PAMI),14,3924,4161,8085,Corrientes
1796,Obra social o prepaga (incluye PAMI),15,3924,4074,7998,Corrientes
1797,Obra social o prepaga (incluye PAMI),16,3927,3995,7922,Corrientes
1798,Obra social o prepaga (incluye PAMI),17,4253,4268,8521,Corrientes
1799,Obra social o prepaga (incluye PAMI),18,4008,3930,7938,Corrientes
1800,Obra social o prepaga (incluye PAMI),19,4011,3776,7787,Corrientes
1801,Obra social o prepaga (incluye PAMI),20,3668,3289,6957,Corrientes
1802,Obra social o prepaga (incluye PAMI),21,2904,2872,5776,Corrientes
1803,Obra social o prepaga (incluye PAMI),22,2874,2819,5693,Corrientes
1804,Obra social o prepaga (incluye PAMI),23,2605,2661,5266,Corrientes
1805,Obra social o prepaga (incluye PAMI),24,2735,2562,5297,Corrientes
1806,Obra social o prepaga (incluye PAMI),25,2769,2767,5536,Corrientes
1807,Obra social o prepaga (incluye PAMI),26,2714,2683,5397,Corrientes
1808,Obra social o prepaga (incluye PAMI),27,2950,2901,5851,Corrientes
1809,Obra social o prepaga (incluye PAMI),28,3074,2958,6032,Corrientes
1810,Obra social o prepaga (incluye PAMI),29,3358,3128,6486,Corrientes
1811,Obra social o prepaga (incluye PAMI),30,3918,3672,7590,Corrientes
1812,Obra social o prepaga (incluye PAMI),31,4041,3624,7665,Corrientes
1813,Obra social o prepaga (incluye PAMI),32,3913,3641,7554,Corrientes
1814,Obra social o prepaga (incluye PAMI),33,3879,3604,7483,Corrientes
1815,Obra social o prepaga (incluye PAMI),34,3979,3645,7624,Corrientes
1816,Obra social o prepaga (incluye PAMI),35,4217,3865,8082,Corrientes
1817,Obra social o prepaga (incluye PAMI),36,4007,3838,7845,Corrientes
1818,Obra social o prepaga (incluye PAMI),37,3784,3604,7388,Corrientes
1819,Obra social o prepaga (incluye PAMI),38,3773,3690,7463,Corrientes
1820,Obra social o prepaga (incluye PAMI),39,4124,3879,8003,Corrientes
1821,Obra social o prepaga (incluye PAMI),40,4158,3926,8084,Corrientes
1822,Obra social o prepaga (incluye PAMI),41,4061,3691,7752,Corrientes
1823,Obra social o prepaga (incluye PAMI),42,4438,4012,8450,Corrientes
1824,Obra social o prepaga (incluye PAMI),43,4136,3752,7888,Corrientes
1825,Obra social o prepaga (incluye PAMI),44,3891,3380,7271,Corrientes
1826,Obra social o prepaga (incluye PAMI),45,3804,3396,7200,Corrientes
1827,Obra social o prepaga (incluye PAMI),46,3751,3067,6818,Corrientes
1828,Obra social o prepaga (incluye PAMI),47,3552,3240,6792,Corrientes
1829,Obra social o prepaga (incluye PAMI),48,3457,2810,6267,Corrientes
1830,Obra social o prepaga (incluye PAMI),49,3420,2909,6329,Corrientes
1831,Obra social o prepaga (incluye PAMI),50,3653,3042,6695,Corrientes
1832,Obra social o prepaga (incluye PAMI),51,3302,2729,6031,Corrientes
1833,Obra social o prepaga (incluye PAMI),52,3367,2786,6153,Corrientes
1834,Obra social o prepaga (incluye PAMI),53,3354,2685,6039,Corrientes
1835,Obra social o prepaga (incluye PAMI),54,3401,2664,6065,Corrientes
1836,Obra social o prepaga (incluye PAMI),55,3279,2743,6022,Corrientes
1837,Obra social o prepaga (incluye PAMI),56,3639,2780,6419,Corrientes
1838,Obra social o prepaga (incluye PAMI),57,3443,2821,6264,Corrientes
1839,Obra social o prepaga (incluye PAMI),58,3530,2898,6428,Corrientes
1840,Obra social o prepaga (incluye PAMI),59,3500,3018,6518,Corrientes
1841,Obra social o prepaga (incluye PAMI),60,3621,2982,6603,Corrientes
1842,Obra social o prepaga (incluye PAMI),61,3738,2655,6393,Corrientes
1843,Obra social o prepaga (incluye PAMI),62,4055,2788,6843,Corrientes
1844,Obra social o prepaga (incluye PAMI),63,4057,2651,6708,Corrientes
1845,Obra social o prepaga (incluye PAMI),64,4087,2626,6713,Corrientes
1846,Obra social o prepaga (incluye PAMI),65,4527,3240,7767,Corrientes
1847,Obra social o prepaga (incluye PAMI),66,4089,3386,7475,Corrientes
1848,Obra social o prepaga (incluye PAMI),67,4240,3730,7970,Corrientes
1849,Obra social o prepaga (incluye PAMI),68,3920,3409,7329,Corrientes
1850,Obra social o prepaga (incluye PAMI),69,3858,3098,6956,Corrientes
1851,Obra social o prepaga (incluye PAMI),70,3549,3276,6825,Corrientes
1852,Obra social o prepaga (incluye PAMI),71,3317,3001,6318,Corrientes
1853,Obra social o prepaga (incluye PAMI),72,3257,2950,6207,Corrientes
1854,Obra social o prepaga (incluye PAMI),73,3042,2419,5461,Corrientes
1855,Obra social o prepaga (incluye PAMI),74,2869,2251,5120,Corrientes
1856,Obra social o prepaga (incluye PAMI),75,2698,2028,4726,Corrientes
1857,Obra social o prepaga (incluye PAMI),76,2537,1961,4498,Corrientes
1858,Obra social o prepaga (incluye PAMI),77,2505,1720,4225,Corrientes
1859,Obra social o prepaga (incluye PAMI),78,2147,1515,3662,Corrientes
1860,Obra social o prepaga (incluye PAMI),79,1948,1360,3308,Corrientes
1861,Obra social o prepaga (incluye PAMI),80,1836,1157,2993,Corrientes
1862,Obra social o prepaga (incluye PAMI),81,1679,1102,2781,Corrientes
1863,Obra social o prepaga (incluye PAMI),82,1662,946,2608,Corrientes
1864,Obra social o prepaga (incluye PAMI),83,1365,778,2143,Corrientes
1865,Obra social o prepaga (incluye PAMI),84,1290,707,1997,Corrientes
1866,Obra social o prepaga (incluye PAMI),85,1116,607,1723,Corrientes
1867,Obra social o prepaga (incluye PAMI),86,1044,497,1541,Corrientes
1868,Obra social o prepaga (incluye PAMI),87,899,404,1303,Corrientes
1869,Obra social o prepaga (incluye PAMI),88,729,315,1044,Corrientes
1870,Obra social o prepaga (incluye PAMI),89,660,270,930,Corrientes
1871,Obra social o prepaga (incluye PAMI),90,507,227,734,Corrientes
1872,Obra social o prepaga (incluye PAMI),91,466,204,670,Corrientes
1873,Obra social o prepaga (incluye PAMI),92,374,151,525,Corrientes
1874,Obra social o prepaga (incluye PAMI),93,294,88,382,Corrientes
1875,Obra social o prepaga (incluye PAMI),94,212,90,302,Corrientes
1876,Obra social o prepaga (incluye PAMI),95,185,76,261,Corrientes
1877,Obra social o prepaga (incluye PAMI),96,111,39,150,Corrientes
1878,Obra social o prepaga (incluye PAMI),97,110,35,145,Corrientes
1879,Obra social o prepaga (incluye PAMI),98,48,20,68,Corrientes
1880,Obra social o prepaga (incluye PAMI),99,57,23,80,Corrientes
1881,Obra social o prepaga (incluye PAMI),100,18,8,26,Corrientes
1882,Obra social o prepaga (incluye PAMI),101,16,7,23,Corrientes
1883,Obra social o prepaga (incluye PAMI),102,13,15,28,Corrientes
1884,Obra social o prepaga (incluye PAMI),103,13,8,21,Corrientes
1885,Obra social o prepaga (incluye PAMI),104,6,3,9,Corrientes
1886,Obra social o prepaga (incluye PAMI),105,3,2,5,Corrientes
1887,Obra social o prepaga (incluye PAMI),106,2,2,4,Corrientes
1888,Obra social o prepaga (incluye PAMI),107,2,-,2,Corrientes
1889,Obra social o prepaga (incluye PAMI),108,4,-,4,Corrientes
1890,Obra social o prepaga (incluye PAMI),109,2,1,3,Corrientes
1891,Obra social o prepaga (incluye PAMI),110,2,1,3,Corrientes
1893,Programas o planes estatales de salud,,Mujer/Femenino,Varón/Masculino,Total,Corrientes
1894,Programas o planes estatales de salud,0,1266,1403,2669,Corrientes
1895,Programas o planes estatales de salud,1,1268,1312,2580,Corrientes
1896,Programas o planes estatales de salud,2,1337,1456,2793,Corrientes
1897,Programas o planes estatales de salud,3,1484,1496,2980,Corrientes
1898,Programas o planes estatales de salud,4,1494,1497,2991,Corrientes
1899,Programas o planes estatales de salud,5,1502,1487,2989,Corrientes
1900,Programas o planes estatales de salud,6,1401,1416,2817,Corrientes
1901,Programas o planes estatales de salud,7,1424,1594,3018,Corrientes
1902,Programas o planes estatales de salud,8,1420,1346,2766,Corrientes
1903,Programas o planes estatales de salud,9,1282,1386,2668,Corrientes
1904,Programas o planes estatales de salud,10,1262,1223,2485,Corrientes
1905,Programas o planes estatales de salud,11,1281,1302,2583,Corrientes
1906,Programas o planes estatales de salud,12,1263,1275,2538,Corrientes
1907,Programas o planes estatales de salud,13,1216,1133,2349,Corrientes
1908,Programas o planes estatales de salud,14,1054,1143,2197,Corrientes
1909,Programas o planes estatales de salud,15,956,965,1921,Corrientes
1910,Programas o planes estatales de salud,16,971,985,1956,Corrientes
1911,Programas o planes estatales de salud,17,997,973,1970,Corrientes
1912,Programas o planes estatales de salud,18,908,829,1737,Corrientes
1913,Programas o planes estatales de salud,19,841,721,1562,Corrientes
1914,Programas o planes estatales de salud,20,854,599,1453,Corrientes
1915,Programas o planes estatales de salud,21,856,517,1373,Corrientes
1916,Programas o planes estatales de salud,22,967,631,1598,Corrientes
1917,Programas o planes estatales de salud,23,989,555,1544,Corrientes
1918,Programas o planes estatales de salud,24,1083,531,1614,Corrientes
1919,Programas o planes estatales de salud,25,1081,589,1670,Corrientes
1920,Programas o planes estatales de salud,26,1102,558,1660,Corrientes
1921,Programas o planes estatales de salud,27,1114,585,1699,Corrientes
1922,Programas o planes estatales de salud,28,1103,519,1622,Corrientes
1923,Programas o planes estatales de salud,29,1117,618,1735,Corrientes
1924,Programas o planes estatales de salud,30,1149,665,1814,Corrientes
1925,Programas o planes estatales de salud,31,1139,590,1729,Corrientes
1926,Programas o planes estatales de salud,32,991,542,1533,Corrientes
1927,Programas o planes estatales de salud,33,998,554,1552,Corrientes
1928,Programas o planes estatales de salud,34,948,569,1517,Corrientes
1929,Programas o planes estatales de salud,35,970,552,1522,Corrientes
1930,Programas o planes estatales de salud,36,894,580,1474,Corrientes
1931,Programas o planes estatales de salud,37,826,470,1296,Corrientes
1932,Programas o planes estatales de salud,38,812,491,1303,Corrientes
1933,Programas o planes estatales de salud,39,873,555,1428,Corrientes
1934,Programas o planes estatales de salud,40,922,582,1504,Corrientes
1935,Programas o planes estatales de salud,41,924,499,1423,Corrientes
1936,Programas o planes estatales de salud,42,981,624,1605,Corrientes
1937,Programas o planes estatales de salud,43,884,551,1435,Corrientes
1938,Programas o planes estatales de salud,44,807,485,1292,Corrientes
1939,Programas o planes estatales de salud,45,843,505,1348,Corrientes
1940,Programas o planes estatales de salud,46,802,451,1253,Corrientes
1941,Programas o planes estatales de salud,47,810,504,1314,Corrientes
1942,Programas o planes estatales de salud,48,792,476,1268,Corrientes
1943,Programas o planes estatales de salud,49,757,457,1214,Corrientes
1944,Programas o planes estatales de salud,50,820,487,1307,Corrientes
1945,Programas o planes estatales de salud,51,747,441,1188,Corrientes
1946,Programas o planes estatales de salud,52,797,454,1251,Corrientes
1947,Programas o planes estatales de salud,53,770,446,1216,Corrientes
1948,Programas o planes estatales de salud,54,726,478,1204,Corrientes
1949,Programas o planes estatales de salud,55,695,386,1081,Corrientes
1950,Programas o planes estatales de salud,56,697,523,1220,Corrientes
1951,Programas o planes estatales de salud,57,707,487,1194,Corrientes
1952,Programas o planes estatales de salud,58,736,475,1211,Corrientes
1953,Programas o planes estatales de salud,59,715,426,1141,Corrientes
1954,Programas o planes estatales de salud,60,583,480,1063,Corrientes
1955,Programas o planes estatales de salud,61,498,403,901,Corrientes
1956,Programas o planes estatales de salud,62,450,399,849,Corrientes
1957,Programas o planes estatales de salud,63,358,463,821,Corrientes
1958,Programas o planes estatales de salud,64,283,416,699,Corrientes
1959,Programas o planes estatales de salud,65,268,304,572,Corrientes
1960,Programas o planes estatales de salud,66,182,173,355,Corrientes
1961,Programas o planes estatales de salud,67,155,168,323,Corrientes
1962,Programas o planes estatales de salud,68,141,135,276,Corrientes
1963,Programas o planes estatales de salud,69,126,135,261,Corrientes
1964,Programas o planes estatales de salud,70,136,102,238,Corrientes
1965,Programas o planes estatales de salud,71,140,74,214,Corrientes
1966,Programas o planes estatales de salud,72,108,72,180,Corrientes
1967,Programas o planes estatales de salud,73,109,51,160,Corrientes
1968,Programas o planes estatales de salud,74,68,58,126,Corrientes
1969,Programas o planes estatales de salud,75,74,55,129,Corrientes
1970,Programas o planes estatales de salud,76,53,34,87,Corrientes
1971,Programas o planes estatales de salud,77,66,46,112,Corrientes
1972,Programas o planes estatales de salud,78,63,38,101,Corrientes
1973,Programas o planes estatales de salud,79,53,32,85,Corrientes
1974,Programas o planes estatales de salud,80,54,20,74,Corrientes
1975,Programas o planes estatales de salud,81,31,36,67,Corrientes
1976,Programas o planes estatales de salud,82,43,31,74,Corrientes
1977,Programas o planes estatales de salud,83,25,12,37,Corrientes
1978,Programas o planes estatales de salud,84,36,19,55,Corrientes
1979,Programas o planes estatales de salud,85,23,18,41,Corrientes
1980,Programas o planes estatales de salud,86,17,10,27,Corrientes
1981,Programas o planes estatales de salud,87,28,16,44,Corrientes
1982,Programas o planes estatales de salud,88,22,17,39,Corrientes
1983,Programas o planes estatales de salud,89,16,8,24,Corrientes
1984,Programas o planes estatales de salud,90,19,12,31,Corrientes
1985,Programas o planes estatales de salud,91,16,13,29,Corrientes
1986,Programas o planes estatales de salud,92,21,8,29,Corrientes
1987,Programas o planes estatales de salud,93,11,8,19,Corrientes
1988,Programas o planes estatales de salud,94,9,5,14,Corrientes
1989,Programas o planes estatales de salud,95,5,8,13,Corrientes
1990,Programas o planes estatales de salud,96,8,6,14,Corrientes
1991,Programas o planes estatales de salud,97,9,3,12,Corrientes
1992,Programas o planes estatales de salud,98,6,2,8,Corrientes
1993,Programas o planes estatales de salud,99,7,1,8,Corrientes
1994,Programas o planes estatales de salud,100,1,-,1,Corrientes
1995,Programas o planes estatales de salud,101,1,-,1,Corrientes
1996,Programas o planes estatales de salud,102,1,2,3,Corrientes
1997,Programas o planes estatales de salud,103,1,-,1,Corrientes
1998,Programas o planes estatales de salud,105,1,-,1,Corrientes
2000,"No tiene obra social, prepaga ni plan estatal",,Mujer/Femenino,Varón/Masculino,Total,Corrientes
2001,"No tiene obra social, prepaga ni plan estatal",0,3888,3975,7863,Corrientes
2002,"No tiene obra social, prepaga ni plan estatal",1,3792,3857,7649,Corrientes
2003,"No tiene obra social, prepaga ni plan estatal",2,4234,4447,8681,Corrientes
2004,"No tiene obra social, prepaga ni plan estatal",3,4722,4793,9515,Corrientes
2005,"No tiene obra social, prepaga ni plan estatal",4,4854,4786,9640,Corrientes
2006,"No tiene obra social, prepaga ni plan estatal",5,4801,4822,9623,Corrientes
2007,"No tiene obra social, prepaga ni plan estatal",6,4660,4937,9597,Corrientes
2008,"No tiene obra social, prepaga ni plan estatal",7,5005,5231,10236,Corrientes
2009,"No tiene obra social, prepaga ni plan estatal",8,4791,4797,9588,Corrientes
2010,"No tiene obra social, prepaga ni plan estatal",9,4638,4815,9453,Corrientes
2011,"No tiene obra social, prepaga ni plan estatal",10,4495,4749,9244,Corrientes
2012,"No tiene obra social, prepaga ni plan estatal",11,4779,5032,9811,Corrientes
2013,"No tiene obra social, prepaga ni plan estatal",12,4797,5135,9932,Corrientes
2014,"No tiene obra social, prepaga ni plan estatal",13,4848,4786,9634,Corrientes
2015,"No tiene obra social, prepaga ni plan estatal",14,4555,4712,9267,Corrientes
2016,"No tiene obra social, prepaga ni plan estatal",15,4584,4587,9171,Corrientes
2017,"No tiene obra social, prepaga ni plan estatal",16,4687,4814,9501,Corrientes
2018,"No tiene obra social, prepaga ni plan estatal",17,5258,5555,10813,Corrientes
2019,"No tiene obra social, prepaga ni plan estatal",18,5634,6106,11740,Corrientes
2020,"No tiene obra social, prepaga ni plan estatal",19,5941,5908,11849,Corrientes
2021,"No tiene obra social, prepaga ni plan estatal",20,5825,5916,11741,Corrientes
2022,"No tiene obra social, prepaga ni plan estatal",21,6741,6762,13503,Corrientes
2023,"No tiene obra social, prepaga ni plan estatal",22,7630,7397,15027,Corrientes
2024,"No tiene obra social, prepaga ni plan estatal",23,7236,6800,14036,Corrientes
2025,"No tiene obra social, prepaga ni plan estatal",24,7038,6796,13834,Corrientes
2026,"No tiene obra social, prepaga ni plan estatal",25,6931,6596,13527,Corrientes
2027,"No tiene obra social, prepaga ni plan estatal",26,6488,6444,12932,Corrientes
2028,"No tiene obra social, prepaga ni plan estatal",27,6613,6438,13051,Corrientes
2029,"No tiene obra social, prepaga ni plan estatal",28,6061,5913,11974,Corrientes
2030,"No tiene obra social, prepaga ni plan estatal",29,5802,5636,11438,Corrientes
2031,"No tiene obra social, prepaga ni plan estatal",30,5627,5944,11571,Corrientes
2032,"No tiene obra social, prepaga ni plan estatal",31,5198,5162,10360,Corrientes
2033,"No tiene obra social, prepaga ni plan estatal",32,4566,4598,9164,Corrientes
2034,"No tiene obra social, prepaga ni plan estatal",33,4212,4415,8627,Corrientes
2035,"No tiene obra social, prepaga ni plan estatal",34,3865,4149,8014,Corrientes
2036,"No tiene obra social, prepaga ni plan estatal",35,4024,4163,8187,Corrientes
2037,"No tiene obra social, prepaga ni plan estatal",36,3613,3786,7399,Corrientes
2038,"No tiene obra social, prepaga ni plan estatal",37,3448,3443,6891,Corrientes
2039,"No tiene obra social, prepaga ni plan estatal",38,3457,3462,6919,Corrientes
2040,"No tiene obra social, prepaga ni plan estatal",39,3543,3730,7273,Corrientes
2041,"No tiene obra social, prepaga ni plan estatal",40,3597,3795,7392,Corrientes
2042,"No tiene obra social, prepaga ni plan estatal",41,3244,3423,6667,Corrientes
2043,"No tiene obra social, prepaga ni plan estatal",42,3590,3843,7433,Corrientes
2044,"No tiene obra social, prepaga ni plan estatal",43,3354,3361,6715,Corrientes
2045,"No tiene obra social, prepaga ni plan estatal",44,2993,3155,6148,Corrientes
2046,"No tiene obra social, prepaga ni plan estatal",45,2745,2976,5721,Corrientes
2047,"No tiene obra social, prepaga ni plan estatal",46,2733,2978,5711,Corrientes
2048,"No tiene obra social, prepaga ni plan estatal",47,2670,2944,5614,Corrientes
2049,"No tiene obra social, prepaga ni plan estatal",48,2421,2734,5155,Corrientes
2050,"No tiene obra social, prepaga ni plan estatal",49,2449,2698,5147,Corrientes
2051,"No tiene obra social, prepaga ni plan estatal",50,2391,2652,5043,Corrientes
2052,"No tiene obra social, prepaga ni plan estatal",51,2072,2313,4385,Corrientes
2053,"No tiene obra social, prepaga ni plan estatal",52,2070,2480,4550,Corrientes
2054,"No tiene obra social, prepaga ni plan estatal",53,1852,2194,4046,Corrientes
2055,"No tiene obra social, prepaga ni plan estatal",54,1914,2227,4141,Corrientes
2056,"No tiene obra social, prepaga ni plan estatal",55,1714,2129,3843,Corrientes
2057,"No tiene obra social, prepaga ni plan estatal",56,1826,2179,4005,Corrientes
2058,"No tiene obra social, prepaga ni plan estatal",57,1660,2050,3710,Corrientes
2059,"No tiene obra social, prepaga ni plan estatal",58,1631,1970,3601,Corrientes
2060,"No tiene obra social, prepaga ni plan estatal",59,1561,1730,3291,Corrientes
2061,"No tiene obra social, prepaga ni plan estatal",60,1347,1709,3056,Corrientes
2062,"No tiene obra social, prepaga ni plan estatal",61,973,1548,2521,Corrientes
2063,"No tiene obra social, prepaga ni plan estatal",62,800,1465,2265,Corrientes
2064,"No tiene obra social, prepaga ni plan estatal",63,577,1360,1937,Corrientes
2065,"No tiene obra social, prepaga ni plan estatal",64,480,1419,1899,Corrientes
2066,"No tiene obra social, prepaga ni plan estatal",65,342,1093,1435,Corrientes
2067,"No tiene obra social, prepaga ni plan estatal",66,215,507,722,Corrientes
2068,"No tiene obra social, prepaga ni plan estatal",67,207,412,619,Corrientes
2069,"No tiene obra social, prepaga ni plan estatal",68,190,316,506,Corrientes
2070,"No tiene obra social, prepaga ni plan estatal",69,170,267,437,Corrientes
2071,"No tiene obra social, prepaga ni plan estatal",70,117,208,325,Corrientes
2072,"No tiene obra social, prepaga ni plan estatal",71,159,139,298,Corrientes
2073,"No tiene obra social, prepaga ni plan estatal",72,109,110,219,Corrientes
2074,"No tiene obra social, prepaga ni plan estatal",73,130,100,230,Corrientes
2075,"No tiene obra social, prepaga ni plan estatal",74,90,103,193,Corrientes
2076,"No tiene obra social, prepaga ni plan estatal",75,92,95,187,Corrientes
2077,"No tiene obra social, prepaga ni plan estatal",76,105,104,209,Corrientes
2078,"No tiene obra social, prepaga ni plan estatal",77,87,90,177,Corrientes
2079,"No tiene obra social, prepaga ni plan estatal",78,73,87,160,Corrientes
2080,"No tiene obra social, prepaga ni plan estatal",79,93,70,163,Corrientes
2081,"No tiene obra social, prepaga ni plan estatal",80,70,56,126,Corrientes
2082,"No tiene obra social, prepaga ni plan estatal",81,54,60,114,Corrientes
2083,"No tiene obra social, prepaga ni plan estatal",82,50,54,104,Corrientes
2084,"No tiene obra social, prepaga ni plan estatal",83,40,40,80,Corrientes
2085,"No tiene obra social, prepaga ni plan estatal",84,34,30,64,Corrientes
2086,"No tiene obra social, prepaga ni plan estatal",85,30,26,56,Corrientes
2087,"No tiene obra social, prepaga ni plan estatal",86,35,23,58,Corrientes
2088,"No tiene obra social, prepaga ni plan estatal",87,39,35,74,Corrientes
2089,"No tiene obra social, prepaga ni plan estatal",88,25,24,49,Corrientes
2090,"No tiene obra social, prepaga ni plan estatal",89,31,34,65,Corrientes
2091,"No tiene obra social, prepaga ni plan estatal",90,34,28,62,Corrientes
2092,"No tiene obra social, prepaga ni plan estatal",91,27,18,45,Corrientes
2093,"No tiene obra social, prepaga ni plan estatal",92,26,25,51,Corrientes
2094,"No tiene obra social, prepaga ni plan estatal",93,33,23,56,Corrientes
2095,"No tiene obra social, prepaga ni plan estatal",94,29,30,59,Corrientes
2096,"No tiene obra social, prepaga ni plan estatal",95,18,23,41,Corrientes
2097,"No tiene obra social, prepaga ni plan estatal",96,22,15,37,Corrientes
2098,"No tiene obra social, prepaga ni plan estatal",97,17,15,32,Corrientes
2099,"No tiene obra social, prepaga ni plan estatal",98,18,11,29,Corrientes
2100,"No tiene obra social, prepaga ni plan estatal",99,12,12,24,Corrientes
2101,"No tiene obra social, prepaga ni plan estatal",100,2,1,3,Corrientes
2102,"No tiene obra social, prepaga ni plan estatal",101,3,1,4,Corrientes
2103,"No tiene obra social, prepaga ni plan estatal",102,-,1,1,Corrientes
2104,"No tiene obra social, prepaga ni plan estatal",103,2,1,3,Corrientes
2105,"No tiene obra social, prepaga ni plan estatal",104,2,1,3,Corrientes
2106,"No tiene obra social, prepaga ni plan estatal",105,2,1,3,Corrientes
2107,"No tiene obra social, prepaga ni plan estatal",106,1,-,1,Corrientes
2108,"No tiene obra social, prepaga ni plan estatal",107,1,-,1,Corrientes
2109,"No tiene obra social, prepaga ni plan estatal",108,1,-,1,Corrientes
2110,"No tiene obra social, prepaga ni plan estatal",110,2,-,2,Corrientes
2226,AREA # 22,Chaco,,,,Chaco
2227,AREA # 22,,,,,Chaco
2228,Cobertura de salud,Edad,Sexo registrado al nacer,,,Chaco
2229,Obra social o prepaga (incluye PAMI),,Mujer/Femenino,Varón/Masculino,Total,Chaco
2230,Obra social o prepaga (incluye PAMI),0,1913,1961,3874,Chaco
2231,Obra social o prepaga (incluye PAMI),1,2152,2143,4295,Chaco
2232,Obra social o prepaga (incluye PAMI),2,2534,2642,5176,Chaco
2233,Obra social o prepaga (incluye PAMI),3,2923,2832,5755,Chaco
2234,Obra social o prepaga (incluye PAMI),4,3030,3070,6100,Chaco
2235,Obra social o prepaga (incluye PAMI),5,3116,3207,6323,Chaco
2236,Obra social o prepaga (incluye PAMI),6,3212,3268,6480,Chaco
2237,Obra social o prepaga (incluye PAMI),7,3587,3616,7203,Chaco
2238,Obra social o prepaga (incluye PAMI),8,3353,3273,6626,Chaco
2239,Obra social o prepaga (incluye PAMI),9,3332,3572,6904,Chaco
2240,Obra social o prepaga (incluye PAMI),10,3305,3393,6698,Chaco
2241,Obra social o prepaga (incluye PAMI),11,3590,3479,7069,Chaco
2242,Obra social o prepaga (incluye PAMI),12,3543,3472,7015,Chaco
2243,Obra social o prepaga (incluye PAMI),13,3256,3430,6686,Chaco
2244,Obra social o prepaga (incluye PAMI),14,3179,3297,6476,Chaco
2245,Obra social o prepaga (incluye PAMI),15,3309,3398,6707,Chaco
2246,Obra social o prepaga (incluye PAMI),16,3282,3389,6671,Chaco
2247,Obra social o prepaga (incluye PAMI),17,3547,3535,7082,Chaco
2248,Obra social o prepaga (incluye PAMI),18,3072,3033,6105,Chaco
2249,Obra social o prepaga (incluye PAMI),19,2937,2741,5678,Chaco
2250,Obra social o prepaga (incluye PAMI),20,2794,2447,5241,Chaco
2251,Obra social o prepaga (incluye PAMI),21,2439,2357,4796,Chaco
2252,Obra social o prepaga (incluye PAMI),22,2573,2260,4833,Chaco
2253,Obra social o prepaga (incluye PAMI),23,2404,2248,4652,Chaco
2254,Obra social o prepaga (incluye PAMI),24,2481,2347,4828,Chaco
2255,Obra social o prepaga (incluye PAMI),25,2592,2292,4884,Chaco
2256,Obra social o prepaga (incluye PAMI),26,2546,2347,4893,Chaco
2257,Obra social o prepaga (incluye PAMI),27,2928,2663,5591,Chaco
2258,Obra social o prepaga (incluye PAMI),28,2965,2588,5553,Chaco
2259,Obra social o prepaga (incluye PAMI),29,3415,2821,6236,Chaco
2260,Obra social o prepaga (incluye PAMI),30,3782,3233,7015,Chaco
2261,Obra social o prepaga (incluye PAMI),31,3913,3347,7260,Chaco
2262,Obra social o prepaga (incluye PAMI),32,3574,3221,6795,Chaco
2263,Obra social o prepaga (incluye PAMI),33,3633,3231,6864,Chaco
2264,Obra social o prepaga (incluye PAMI),34,3719,3160,6879,Chaco
2265,Obra social o prepaga (incluye PAMI),35,3863,3500,7363,Chaco
2266,Obra social o prepaga (incluye PAMI),36,3951,3329,7280,Chaco
2267,Obra social o prepaga (incluye PAMI),37,3669,3305,6974,Chaco
2268,Obra social o prepaga (incluye PAMI),38,3719,3241,6960,Chaco
2269,Obra social o prepaga (incluye PAMI),39,3940,3450,7390,Chaco
2270,Obra social o prepaga (incluye PAMI),40,3952,3487,7439,Chaco
2271,Obra social o prepaga (incluye PAMI),41,3819,3368,7187,Chaco
2272,Obra social o prepaga (incluye PAMI),42,4218,3499,7717,Chaco
2273,Obra social o prepaga (incluye PAMI),43,3863,3403,7266,Chaco
2274,Obra social o prepaga (incluye PAMI),44,3599,3212,6811,Chaco
2275,Obra social o prepaga (incluye PAMI),45,3526,3011,6537,Chaco
2276,Obra social o prepaga (incluye PAMI),46,3434,2861,6295,Chaco
2277,Obra social o prepaga (incluye PAMI),47,3341,2712,6053,Chaco
2278,Obra social o prepaga (incluye PAMI),48,3283,2602,5885,Chaco
2279,Obra social o prepaga (incluye PAMI),49,3147,2623,5770,Chaco
2280,Obra social o prepaga (incluye PAMI),50,3220,2624,5844,Chaco
2281,Obra social o prepaga (incluye PAMI),51,2986,2523,5509,Chaco
2282,Obra social o prepaga (incluye PAMI),52,3082,2471,5553,Chaco
2283,Obra social o prepaga (incluye PAMI),53,2978,2396,5374,Chaco
2284,Obra social o prepaga (incluye PAMI),54,2955,2229,5184,Chaco
2285,Obra social o prepaga (incluye PAMI),55,3045,2302,5347,Chaco
2286,Obra social o prepaga (incluye PAMI),56,3018,2277,5295,Chaco
2287,Obra social o prepaga (incluye PAMI),57,3148,2474,5622,Chaco
2288,Obra social o prepaga (incluye PAMI),58,2952,2396,5348,Chaco
2289,Obra social o prepaga (incluye PAMI),59,2967,2874,5841,Chaco
2290,Obra social o prepaga (incluye PAMI),60,3085,2648,5733,Chaco
2291,Obra social o prepaga (incluye PAMI),61,3270,2255,5525,Chaco
2292,Obra social o prepaga (incluye PAMI),62,3670,2233,5903,Chaco
2293,Obra social o prepaga (incluye PAMI),63,3546,2154,5700,Chaco
2294,Obra social o prepaga (incluye PAMI),64,3602,2217,5819,Chaco
2295,Obra social o prepaga (incluye PAMI),65,3990,2696,6686,Chaco
2296,Obra social o prepaga (incluye PAMI),66,3504,2763,6267,Chaco
2297,Obra social o prepaga (incluye PAMI),67,3411,2827,6238,Chaco
2298,Obra social o prepaga (incluye PAMI),68,3388,2746,6134,Chaco
2299,Obra social o prepaga (incluye PAMI),69,3149,2641,5790,Chaco
2300,Obra social o prepaga (incluye PAMI),70,3094,2576,5670,Chaco
2301,Obra social o prepaga (incluye PAMI),71,2789,2401,5190,Chaco
2302,Obra social o prepaga (incluye PAMI),72,2530,2135,4665,Chaco
2303,Obra social o prepaga (incluye PAMI),73,2373,1996,4369,Chaco
2304,Obra social o prepaga (incluye PAMI),74,2377,1873,4250,Chaco
2305,Obra social o prepaga (incluye PAMI),75,2164,1620,3784,Chaco
2306,Obra social o prepaga (incluye PAMI),76,2009,1387,3396,Chaco
2307,Obra social o prepaga (incluye PAMI),77,1799,1292,3091,Chaco
2308,Obra social o prepaga (incluye PAMI),78,1756,1136,2892,Chaco
2309,Obra social o prepaga (incluye PAMI),79,1652,1053,2705,Chaco
2310,Obra social o prepaga (incluye PAMI),80,1521,914,2435,Chaco
2311,Obra social o prepaga (incluye PAMI),81,1340,767,2107,Chaco
2312,Obra social o prepaga (incluye PAMI),82,1359,748,2107,Chaco
2313,Obra social o prepaga (incluye PAMI),83,1135,612,1747,Chaco
2314,Obra social o prepaga (incluye PAMI),84,1089,542,1631,Chaco
2315,Obra social o prepaga (incluye PAMI),85,918,472,1390,Chaco
2316,Obra social o prepaga (incluye PAMI),86,805,328,1133,Chaco
2317,Obra social o prepaga (incluye PAMI),87,705,327,1032,Chaco
2318,Obra social o prepaga (incluye PAMI),88,553,237,790,Chaco
2319,Obra social o prepaga (incluye PAMI),89,489,186,675,Chaco
2320,Obra social o prepaga (incluye PAMI),90,419,198,617,Chaco
2321,Obra social o prepaga (incluye PAMI),91,352,122,474,Chaco
2322,Obra social o prepaga (incluye PAMI),92,294,102,396,Chaco
2323,Obra social o prepaga (incluye PAMI),93,227,86,313,Chaco
2324,Obra social o prepaga (incluye PAMI),94,165,61,226,Chaco
2325,Obra social o prepaga (incluye PAMI),95,105,41,146,Chaco
2326,Obra social o prepaga (incluye PAMI),96,89,32,121,Chaco
2327,Obra social o prepaga (incluye PAMI),97,60,17,77,Chaco
2328,Obra social o prepaga (incluye PAMI),98,47,11,58,Chaco
2329,Obra social o prepaga (incluye PAMI),99,25,18,43,Chaco
2330,Obra social o prepaga (incluye PAMI),100,13,4,17,Chaco
2331,Obra social o prepaga (incluye PAMI),101,15,4,19,Chaco
2332,Obra social o prepaga (incluye PAMI),102,17,8,25,Chaco
2333,Obra social o prepaga (incluye PAMI),103,9,5,14,Chaco
2334,Obra social o prepaga (incluye PAMI),104,9,1,10,Chaco
2335,Obra social o prepaga (incluye PAMI),105,2,-,2,Chaco
2336,Obra social o prepaga (incluye PAMI),106,-,1,1,Chaco
2337,Obra social o prepaga (incluye PAMI),107,1,1,2,Chaco
2338,Obra social o prepaga (incluye PAMI),108,-,1,1,Chaco
2339,Obra social o prepaga (incluye PAMI),109,2,1,3,Chaco
2340,Obra social o prepaga (incluye PAMI),110,2,1,3,Chaco
2342,Programas o planes estatales de salud,,Mujer/Femenino,Varón/Masculino,Total,Chaco
2343,Programas o planes estatales de salud,0,198,195,393,Chaco
2344,Programas o planes estatales de salud,1,245,249,494,Chaco
2345,Programas o planes estatales de salud,2,213,243,456,Chaco
2346,Programas o planes estatales de salud,3,293,303,596,Chaco
2347,Programas o planes estatales de salud,4,274,329,603,Chaco
2348,Programas o planes estatales de salud,5,329,359,688,Chaco
2349,Programas o planes estatales de salud,6,325,316,641,Chaco
2350,Programas o planes estatales de salud,7,376,385,761,Chaco
2351,Programas o planes estatales de salud,8,344,387,731,Chaco
2352,Programas o planes estatales de salud,9,332,407,739,Chaco
2353,Programas o planes estatales de salud,10,370,391,761,Chaco
2354,Programas o planes estatales de salud,11,402,418,820,Chaco
2355,Programas o planes estatales de salud,12,367,421,788,Chaco
2356,Programas o planes estatales de salud,13,377,430,807,Chaco
2357,Programas o planes estatales de salud,14,334,396,730,Chaco
2358,Programas o planes estatales de salud,15,384,408,792,Chaco
2359,Programas o planes estatales de salud,16,406,358,764,Chaco
2360,Programas o planes estatales de salud,17,384,427,811,Chaco
2361,Programas o planes estatales de salud,18,335,397,732,Chaco
2362,Programas o planes estatales de salud,19,311,344,655,Chaco
2363,Programas o planes estatales de salud,20,343,330,673,Chaco
2364,Programas o planes estatales de salud,21,297,284,581,Chaco
2365,Programas o planes estatales de salud,22,317,313,630,Chaco
2366,Programas o planes estatales de salud,23,318,277,595,Chaco
2367,Programas o planes estatales de salud,24,317,291,608,Chaco
2368,Programas o planes estatales de salud,25,335,320,655,Chaco
2369,Programas o planes estatales de salud,26,334,334,668,Chaco
2370,Programas o planes estatales de salud,27,345,365,710,Chaco
2371,Programas o planes estatales de salud,28,386,318,704,Chaco
2372,Programas o planes estatales de salud,29,458,363,821,Chaco
2373,Programas o planes estatales de salud,30,413,404,817,Chaco
2374,Programas o planes estatales de salud,31,434,372,806,Chaco
2375,Programas o planes estatales de salud,32,437,360,797,Chaco
2376,Programas o planes estatales de salud,33,413,350,763,Chaco
2377,Programas o planes estatales de salud,34,448,368,816,Chaco
2378,Programas o planes estatales de salud,35,450,374,824,Chaco
2379,Programas o planes estatales de salud,36,464,401,865,Chaco
2380,Programas o planes estatales de salud,37,494,364,858,Chaco
2381,Programas o planes estatales de salud,38,453,433,886,Chaco
2382,Programas o planes estatales de salud,39,490,421,911,Chaco
2383,Programas o planes estatales de salud,40,529,428,957,Chaco
2384,Programas o planes estatales de salud,41,473,426,899,Chaco
2385,Programas o planes estatales de salud,42,522,418,940,Chaco
2386,Programas o planes estatales de salud,43,498,435,933,Chaco
2387,Programas o planes estatales de salud,44,498,392,890,Chaco
2388,Programas o planes estatales de salud,45,488,398,886,Chaco
2389,Programas o planes estatales de salud,46,432,364,796,Chaco
2390,Programas o planes estatales de salud,47,483,345,828,Chaco
2391,Programas o planes estatales de salud,48,442,296,738,Chaco
2392,Programas o planes estatales de salud,49,453,314,767,Chaco
2393,Programas o planes estatales de salud,50,434,330,764,Chaco
2394,Programas o planes estatales de salud,51,441,339,780,Chaco
2395,Programas o planes estatales de salud,52,435,348,783,Chaco
2396,Programas o planes estatales de salud,53,457,309,766,Chaco
2397,Programas o planes estatales de salud,54,493,317,810,Chaco
2398,Programas o planes estatales de salud,55,448,315,763,Chaco
2399,Programas o planes estatales de salud,56,432,332,764,Chaco
2400,Programas o planes estatales de salud,57,451,331,782,Chaco
2401,Programas o planes estatales de salud,58,448,282,730,Chaco
2402,Programas o planes estatales de salud,59,453,336,789,Chaco
2403,Programas o planes estatales de salud,60,379,334,713,Chaco
2404,Programas o planes estatales de salud,61,309,291,600,Chaco
2405,Programas o planes estatales de salud,62,313,276,589,Chaco
2406,Programas o planes estatales de salud,63,231,274,505,Chaco
2407,Programas o planes estatales de salud,64,203,270,473,Chaco
2408,Programas o planes estatales de salud,65,168,247,415,Chaco
2409,Programas o planes estatales de salud,66,127,151,278,Chaco
2410,Programas o planes estatales de salud,67,148,122,270,Chaco
2411,Programas o planes estatales de salud,68,131,134,265,Chaco
2412,Programas o planes estatales de salud,69,112,105,217,Chaco
2413,Programas o planes estatales de salud,70,101,89,190,Chaco
2414,Programas o planes estatales de salud,71,75,72,147,Chaco
2415,Programas o planes estatales de salud,72,68,42,110,Chaco
2416,Programas o planes estatales de salud,73,44,56,100,Chaco
2417,Programas o planes estatales de salud,74,66,57,123,Chaco
2418,Programas o planes estatales de salud,75,44,38,82,Chaco
2419,Programas o planes estatales de salud,76,51,35,86,Chaco
2420,Programas o planes estatales de salud,77,49,33,82,Chaco
2421,Programas o planes estatales de salud,78,36,29,65,Chaco
2422,Programas o planes estatales de salud,79,43,25,68,Chaco
2423,Programas o planes estatales de salud,80,32,30,62,Chaco
2424,Programas o planes estatales de salud,81,30,12,42,Chaco
2425,Programas o planes estatales de salud,82,20,19,39,Chaco
2426,Programas o planes estatales de salud,83,26,12,38,Chaco
2427,Programas o planes estatales de salud,84,21,12,33,Chaco
2428,Programas o planes estatales de salud,85,10,7,17,Chaco
2429,Programas o planes estatales de salud,86,13,13,26,Chaco
2430,Programas o planes estatales de salud,87,11,6,17,Chaco
2431,Programas o planes estatales de salud,88,10,2,12,Chaco
2432,Programas o planes estatales de salud,89,12,3,15,Chaco
2433,Programas o planes estatales de salud,90,-,5,5,Chaco
2434,Programas o planes estatales de salud,91,6,3,9,Chaco
2435,Programas o planes estatales de salud,92,4,2,6,Chaco
2436,Programas o planes estatales de salud,93,5,1,6,Chaco
2437,Programas o planes estatales de salud,95,4,6,10,Chaco
2438,Programas o planes estatales de salud,96,1,2,3,Chaco
2439,Programas o planes estatales de salud,97,1,1,2,Chaco
2440,Programas o planes estatales de salud,98,1,2,3,Chaco
2441,Programas o planes estatales de salud,99,1,1,2,Chaco
2442,Programas o planes estatales de salud,102,1,-,1,Chaco
2443,Programas o planes estatales de salud,107,1,-,1,Chaco
2444,Programas o planes estatales de salud,110,1,-,1,Chaco
2446,"No tiene obra social, prepaga ni plan estatal",,Mujer/Femenino,Varón/Masculino,Total,Chaco
2447,"No tiene obra social, prepaga ni plan estatal",0,4792,5220,10012,Chaco
2448,"No tiene obra social, prepaga ni plan estatal",1,4528,4853,9381,Chaco
2449,"No tiene obra social, prepaga ni plan estatal",2,5359,5590,10949,Chaco
2450,"No tiene obra social, prepaga ni plan estatal",3,5999,6098,12097,Chaco
2451,"No tiene obra social, prepaga ni plan estatal",4,5857,6121,11978,Chaco
2452,"No tiene obra social, prepaga ni plan estatal",5,5740,5669,11409,Chaco
2453,"No tiene obra social, prepaga ni plan estatal",6,6010,5782,11792,Chaco
2454,"No tiene obra social, prepaga ni plan estatal",7,6322,6475,12797,Chaco
2455,"No tiene obra social, prepaga ni plan estatal",8,5771,6068,11839,Chaco
2456,"No tiene obra social, prepaga ni plan estatal",9,5860,5966,11826,Chaco
2457,"No tiene obra social, prepaga ni plan estatal",10,5604,5738,11342,Chaco
2458,"No tiene obra social, prepaga ni plan estatal",11,5892,6060,11952,Chaco
2459,"No tiene obra social, prepaga ni plan estatal",12,5627,5685,11312,Chaco
2460,"No tiene obra social, prepaga ni plan estatal",13,5454,5562,11016,Chaco
2461,"No tiene obra social, prepaga ni plan estatal",14,5173,5244,10417,Chaco
2462,"No tiene obra social, prepaga ni plan estatal",15,5271,5144,10415,Chaco
2463,"No tiene obra social, prepaga ni plan estatal",16,5521,5627,11148,Chaco
2464,"No tiene obra social, prepaga ni plan estatal",17,5943,6079,12022,Chaco
2465,"No tiene obra social, prepaga ni plan estatal",18,6366,6452,12818,Chaco
2466,"No tiene obra social, prepaga ni plan estatal",19,6287,6574,12861,Chaco
2467,"No tiene obra social, prepaga ni plan estatal",20,6466,6702,13168,Chaco
2468,"No tiene obra social, prepaga ni plan estatal",21,6468,6369,12837,Chaco
2469,"No tiene obra social, prepaga ni plan estatal",22,7289,7319,14608,Chaco
2470,"No tiene obra social, prepaga ni plan estatal",23,7228,7161,14389,Chaco
2471,"No tiene obra social, prepaga ni plan estatal",24,7438,6822,14260,Chaco
2472,"No tiene obra social, prepaga ni plan estatal",25,7318,6917,14235,Chaco
2473,"No tiene obra social, prepaga ni plan estatal",26,7139,6729,13868,Chaco
2474,"No tiene obra social, prepaga ni plan estatal",27,7255,6737,13992,Chaco
2475,"No tiene obra social, prepaga ni plan estatal",28,6476,5972,12448,Chaco
2476,"No tiene obra social, prepaga ni plan estatal",29,6338,5969,12307,Chaco
2477,"No tiene obra social, prepaga ni plan estatal",30,6370,5933,12303,Chaco
2478,"No tiene obra social, prepaga ni plan estatal",31,5664,5363,11027,Chaco
2479,"No tiene obra social, prepaga ni plan estatal",32,5010,4889,9899,Chaco
2480,"No tiene obra social, prepaga ni plan estatal",33,4705,4488,9193,Chaco
2481,"No tiene obra social, prepaga ni plan estatal",34,4496,4305,8801,Chaco
2482,"No tiene obra social, prepaga ni plan estatal",35,4680,4392,9072,Chaco
2483,"No tiene obra social, prepaga ni plan estatal",36,4411,4149,8560,Chaco
2484,"No tiene obra social, prepaga ni plan estatal",37,4048,3931,7979,Chaco
2485,"No tiene obra social, prepaga ni plan estatal",38,4085,3750,7835,Chaco
2486,"No tiene obra social, prepaga ni plan estatal",39,4188,4106,8294,Chaco
2487,"No tiene obra social, prepaga ni plan estatal",40,4109,3997,8106,Chaco
2488,"No tiene obra social, prepaga ni plan estatal",41,3800,3662,7462,Chaco
2489,"No tiene obra social, prepaga ni plan estatal",42,4004,3953,7957,Chaco
2490,"No tiene obra social, prepaga ni plan estatal",43,3609,3626,7235,Chaco
2491,"No tiene obra social, prepaga ni plan estatal",44,3308,3342,6650,Chaco
2492,"No tiene obra social, prepaga ni plan estatal",45,3200,3288,6488,Chaco
2493,"No tiene obra social, prepaga ni plan estatal",46,2955,3161,6116,Chaco
2494,"No tiene obra social, prepaga ni plan estatal",47,2850,3098,5948,Chaco
2495,"No tiene obra social, prepaga ni plan estatal",48,2658,2804,5462,Chaco
2496,"No tiene obra social, prepaga ni plan estatal",49,2555,2621,5176,Chaco
2497,"No tiene obra social, prepaga ni plan estatal",50,2481,2650,5131,Chaco
2498,"No tiene obra social, prepaga ni plan estatal",51,2255,2406,4661,Chaco
2499,"No tiene obra social, prepaga ni plan estatal",52,2061,2445,4506,Chaco
2500,"No tiene obra social, prepaga ni plan estatal",53,2003,2142,4145,Chaco
2501,"No tiene obra social, prepaga ni plan estatal",54,2045,2258,4303,Chaco
2502,"No tiene obra social, prepaga ni plan estatal",55,2025,2115,4140,Chaco
2503,"No tiene obra social, prepaga ni plan estatal",56,1940,2108,4048,Chaco
2504,"No tiene obra social, prepaga ni plan estatal",57,1851,2100,3951,Chaco
2505,"No tiene obra social, prepaga ni plan estatal",58,1821,1919,3740,Chaco
2506,"No tiene obra social, prepaga ni plan estatal",59,1732,1670,3402,Chaco
2507,"No tiene obra social, prepaga ni plan estatal",60,1445,1609,3054,Chaco
2508,"No tiene obra social, prepaga ni plan estatal",61,1109,1643,2752,Chaco
2509,"No tiene obra social, prepaga ni plan estatal",62,919,1679,2598,Chaco
2510,"No tiene obra social, prepaga ni plan estatal",63,673,1545,2218,Chaco
2511,"No tiene obra social, prepaga ni plan estatal",64,586,1539,2125,Chaco
2512,"No tiene obra social, prepaga ni plan estatal",65,422,1254,1676,Chaco
2513,"No tiene obra social, prepaga ni plan estatal",66,270,606,876,Chaco
2514,"No tiene obra social, prepaga ni plan estatal",67,246,445,691,Chaco
2515,"No tiene obra social, prepaga ni plan estatal",68,237,352,589,Chaco
2516,"No tiene obra social, prepaga ni plan estatal",69,203,299,502,Chaco
2517,"No tiene obra social, prepaga ni plan estatal",70,182,217,399,Chaco
2518,"No tiene obra social, prepaga ni plan estatal",71,152,151,303,Chaco
2519,"No tiene obra social, prepaga ni plan estatal",72,112,131,243,Chaco
2520,"No tiene obra social, prepaga ni plan estatal",73,103,112,215,Chaco
2521,"No tiene obra social, prepaga ni plan estatal",74,97,97,194,Chaco
2522,"No tiene obra social, prepaga ni plan estatal",75,73,60,133,Chaco
2523,"No tiene obra social, prepaga ni plan estatal",76,78,72,150,Chaco
2524,"No tiene obra social, prepaga ni plan estatal",77,77,58,135,Chaco
2525,"No tiene obra social, prepaga ni plan estatal",78,79,53,132,Chaco
2526,"No tiene obra social, prepaga ni plan estatal",79,72,61,133,Chaco
2527,"No tiene obra social, prepaga ni plan estatal",80,51,60,111,Chaco
2528,"No tiene obra social, prepaga ni plan estatal",81,45,48,93,Chaco
2529,"No tiene obra social, prepaga ni plan estatal",82,48,39,87,Chaco
2530,"No tiene obra social, prepaga ni plan estatal",83,34,29,63,Chaco
2531,"No tiene obra social, prepaga ni plan estatal",84,34,21,55,Chaco
2532,"No tiene obra social, prepaga ni plan estatal",85,31,34,65,Chaco
2533,"No tiene obra social, prepaga ni plan estatal",86,30,26,56,Chaco
2534,"No tiene obra social, prepaga ni plan estatal",87,28,12,40,Chaco
2535,"No tiene obra social, prepaga ni plan estatal",88,19,10,29,Chaco
2536,"No tiene obra social, prepaga ni plan estatal",89,20,19,39,Chaco
2537,"No tiene obra social, prepaga ni plan estatal",90,26,31,57,Chaco
2538,"No tiene obra social, prepaga ni plan estatal",91,20,21,41,Chaco
2539,"No tiene obra social, prepaga ni plan estatal",92,20,27,47,Chaco
2540,"No tiene obra social, prepaga ni plan estatal",93,24,19,43,Chaco
2541,"No tiene obra social, prepaga ni plan estatal",94,17,19,36,Chaco
2542,"No tiene obra social, prepaga ni plan estatal",95,25,17,42,Chaco
2543,"No tiene obra social, prepaga ni plan estatal",96,23,18,41,Chaco
2544,"No tiene obra social, prepaga ni plan estatal",97,14,22,36,Chaco
2545,"No tiene obra social, prepaga ni plan estatal",98,14,9,23,Chaco
2546,"No tiene obra social, prepaga ni plan estatal",99,6,4,10,Chaco
2547,"No tiene obra social, prepaga ni plan estatal",100,5,4,9,Chaco
2548,"No tiene obra social, prepaga ni plan estatal",101,3,-,3,Chaco
2549,"No tiene obra social, prepaga ni plan estatal",102,9,-,9,Chaco
2550,"No tiene obra social, prepaga ni plan estatal",103,2,2,4,Chaco
2551,"No tiene obra social, prepaga ni plan estatal",104,1,4,5,Chaco
2552,"No tiene obra social, prepaga ni plan estatal",105,2,-,2,Chaco
2553,"No tiene obra social, prepaga ni plan estatal",106,1,1,2,Chaco
2669,AREA # 26,Chubut,,,,Chubut
2670,AREA # 26,,,,,Chubut
2671,Cobertura de salud,Edad,Sexo registrado al nacer,,,Chubut
2672,Obra social o prepaga (incluye PAMI),,Mujer/Femenino,Varón/Masculino,Total,Chubut
2673,Obra social o prepaga (incluye PAMI),0,1891,1999,3890,Chubut
2674,Obra social o prepaga (incluye PAMI),1,1984,2071,4055,Chubut
2675,Obra social o prepaga (incluye PAMI),2,2291,2344,4635,Chubut
2676,Obra social o prepaga (incluye PAMI),3,2590,2573,5163,Chubut
2677,Obra social o prepaga (incluye PAMI),4,2809,2763,5572,Chubut
2678,Obra social o prepaga (incluye PAMI),5,2871,3102,5973,Chubut
2679,Obra social o prepaga (incluye PAMI),6,3077,3231,6308,Chubut
2680,Obra social o prepaga (incluye PAMI),7,3326,3345,6671,Chubut
2681,Obra social o prepaga (incluye PAMI),8,3259,3482,6741,Chubut
2682,Obra social o prepaga (incluye PAMI),9,3332,3447,6779,Chubut
2683,Obra social o prepaga (incluye PAMI),10,3295,3298,6593,Chubut
2684,Obra social o prepaga (incluye PAMI),11,3390,3457,6847,Chubut
2685,Obra social o prepaga (incluye PAMI),12,3515,3489,7004,Chubut
2686,Obra social o prepaga (incluye PAMI),13,3451,3446,6897,Chubut
2687,Obra social o prepaga (incluye PAMI),14,3380,3378,6758,Chubut
2688,Obra social o prepaga (incluye PAMI),15,3357,3415,6772,Chubut
2689,Obra social o prepaga (incluye PAMI),16,3291,3331,6622,Chubut
2690,Obra social o prepaga (incluye PAMI),17,3263,3305,6568,Chubut
2691,Obra social o prepaga (incluye PAMI),18,2663,2769,5432,Chubut
2692,Obra social o prepaga (incluye PAMI),19,2481,2502,4983,Chubut
2693,Obra social o prepaga (incluye PAMI),20,2394,2471,4865,Chubut
2694,Obra social o prepaga (incluye PAMI),21,2029,2003,4032,Chubut
2695,Obra social o prepaga (incluye PAMI),22,1950,1887,3837,Chubut
2696,Obra social o prepaga (incluye PAMI),23,1872,1848,3720,Chubut
2697,Obra social o prepaga (incluye PAMI),24,2035,1942,3977,Chubut
2698,Obra social o prepaga (incluye PAMI),25,2212,2085,4297,Chubut
2699,Obra social o prepaga (incluye PAMI),26,2224,2081,4305,Chubut
2700,Obra social o prepaga (incluye PAMI),27,2504,2264,4768,Chubut
2701,Obra social o prepaga (incluye PAMI),28,2578,2426,5004,Chubut
2702,Obra social o prepaga (incluye PAMI),29,2688,2544,5232,Chubut
2703,Obra social o prepaga (incluye PAMI),30,3081,2794,5875,Chubut
2704,Obra social o prepaga (incluye PAMI),31,3064,2871,5935,Chubut
2705,Obra social o prepaga (incluye PAMI),32,3160,2775,5935,Chubut
2706,Obra social o prepaga (incluye PAMI),33,3116,2836,5952,Chubut
2707,Obra social o prepaga (incluye PAMI),34,3174,3019,6193,Chubut
2708,Obra social o prepaga (incluye PAMI),35,3478,3194,6672,Chubut
2709,Obra social o prepaga (incluye PAMI),36,3353,3108,6461,Chubut
2710,Obra social o prepaga (incluye PAMI),37,3325,3064,6389,Chubut
2711,Obra social o prepaga (incluye PAMI),38,3301,3152,6453,Chubut
2712,Obra social o prepaga (incluye PAMI),39,3517,3288,6805,Chubut
2713,Obra social o prepaga (incluye PAMI),40,3606,3297,6903,Chubut
2714,Obra social o prepaga (incluye PAMI),41,3446,3197,6643,Chubut
2715,Obra social o prepaga (incluye PAMI),42,3647,3431,7078,Chubut
2716,Obra social o prepaga (incluye PAMI),43,3573,3222,6795,Chubut
2717,Obra social o prepaga (incluye PAMI),44,3463,3159,6622,Chubut
2718,Obra social o prepaga (incluye PAMI),45,3294,3148,6442,Chubut
2719,Obra social o prepaga (incluye PAMI),46,3220,2830,6050,Chubut
2720,Obra social o prepaga (incluye PAMI),47,2947,2706,5653,Chubut
2721,Obra social o prepaga (incluye PAMI),48,2790,2557,5347,Chubut
2722,Obra social o prepaga (incluye PAMI),49,2723,2548,5271,Chubut
2723,Obra social o prepaga (incluye PAMI),50,2604,2478,5082,Chubut
2724,Obra social o prepaga (incluye PAMI),51,2463,2218,4681,Chubut
2725,Obra social o prepaga (incluye PAMI),52,2359,2223,4582,Chubut
2726,Obra social o prepaga (incluye PAMI),53,2240,2017,4257,Chubut
2727,Obra social o prepaga (incluye PAMI),54,2198,1911,4109,Chubut
2728,Obra social o prepaga (incluye PAMI),55,2259,1868,4127,Chubut
2729,Obra social o prepaga (incluye PAMI),56,2165,1908,4073,Chubut
2730,Obra social o prepaga (incluye PAMI),57,2193,2024,4217,Chubut
2731,Obra social o prepaga (incluye PAMI),58,2117,1942,4059,Chubut
2732,Obra social o prepaga (incluye PAMI),59,2178,2020,4198,Chubut
2733,Obra social o prepaga (incluye PAMI),60,2187,1929,4116,Chubut
2734,Obra social o prepaga (incluye PAMI),61,2144,1713,3857,Chubut
2735,Obra social o prepaga (incluye PAMI),62,2241,1734,3975,Chubut
2736,Obra social o prepaga (incluye PAMI),63,2196,1650,3846,Chubut
2737,Obra social o prepaga (incluye PAMI),64,2133,1634,3767,Chubut
2738,Obra social o prepaga (incluye PAMI),65,2248,1826,4074,Chubut
2739,Obra social o prepaga (incluye PAMI),66,2063,1774,3837,Chubut
2740,Obra social o prepaga (incluye PAMI),67,1956,1716,3672,Chubut
2741,Obra social o prepaga (incluye PAMI),68,2002,1660,3662,Chubut
2742,Obra social o prepaga (incluye PAMI),69,1886,1678,3564,Chubut
2743,Obra social o prepaga (incluye PAMI),70,1832,1613,3445,Chubut
2744,Obra social o prepaga (incluye PAMI),71,1692,1378,3070,Chubut
2745,Obra social o prepaga (incluye PAMI),72,1595,1434,3029,Chubut
2746,Obra social o prepaga (incluye PAMI),73,1489,1276,2765,Chubut
2747,Obra social o prepaga (incluye PAMI),74,1342,1174,2516,Chubut
2748,Obra social o prepaga (incluye PAMI),75,1295,1081,2376,Chubut
2749,Obra social o prepaga (incluye PAMI),76,1207,978,2185,Chubut
2750,Obra social o prepaga (incluye PAMI),77,1135,828,1963,Chubut
2751,Obra social o prepaga (incluye PAMI),78,1063,771,1834,Chubut
2752,Obra social o prepaga (incluye PAMI),79,1027,677,1704,Chubut
2753,Obra social o prepaga (incluye PAMI),80,890,635,1525,Chubut
2754,Obra social o prepaga (incluye PAMI),81,821,597,1418,Chubut
2755,Obra social o prepaga (incluye PAMI),82,785,513,1298,Chubut
2756,Obra social o prepaga (incluye PAMI),83,683,395,1078,Chubut
2757,Obra social o prepaga (incluye PAMI),84,627,395,1022,Chubut
2758,Obra social o prepaga (incluye PAMI),85,569,337,906,Chubut
2759,Obra social o prepaga (incluye PAMI),86,493,279,772,Chubut
2760,Obra social o prepaga (incluye PAMI),87,429,243,672,Chubut
2761,Obra social o prepaga (incluye PAMI),88,385,192,577,Chubut
2762,Obra social o prepaga (incluye PAMI),89,337,142,479,Chubut
2763,Obra social o prepaga (incluye PAMI),90,274,113,387,Chubut
2764,Obra social o prepaga (incluye PAMI),91,212,103,315,Chubut
2765,Obra social o prepaga (incluye PAMI),92,206,79,285,Chubut
2766,Obra social o prepaga (incluye PAMI),93,145,62,207,Chubut
2767,Obra social o prepaga (incluye PAMI),94,126,40,166,Chubut
2768,Obra social o prepaga (incluye PAMI),95,93,33,126,Chubut
2769,Obra social o prepaga (incluye PAMI),96,74,33,107,Chubut
2770,Obra social o prepaga (incluye PAMI),97,64,18,82,Chubut
2771,Obra social o prepaga (incluye PAMI),98,42,15,57,Chubut
2772,Obra social o prepaga (incluye PAMI),99,37,12,49,Chubut
2773,Obra social o prepaga (incluye PAMI),100,21,6,27,Chubut
2774,Obra social o prepaga (incluye PAMI),101,11,2,13,Chubut
2775,Obra social o prepaga (incluye PAMI),102,2,1,3,Chubut
2776,Obra social o prepaga (incluye PAMI),103,3,1,4,Chubut
2777,Obra social o prepaga (incluye PAMI),105,1,1,2,Chubut
2779,Programas o planes estatales de salud,,Mujer/Femenino,Varón/Masculino,Total,Chubut
2780,Programas o planes estatales de salud,0,107,105,212,Chubut
2781,Programas o planes estatales de salud,1,89,97,186,Chubut
2782,Programas o planes estatales de salud,2,105,116,221,Chubut
2783,Programas o planes estatales de salud,3,103,121,224,Chubut
2784,Programas o planes estatales de salud,4,136,117,253,Chubut
2785,Programas o planes estatales de salud,5,132,136,268,Chubut
2786,Programas o planes estatales de salud,6,127,110,237,Chubut
2787,Programas o planes estatales de salud,7,134,158,292,Chubut
2788,Programas o planes estatales de salud,8,187,155,342,Chubut
2789,Programas o planes estatales de salud,9,158,155,313,Chubut
2790,Programas o planes estatales de salud,10,139,127,266,Chubut
2791,Programas o planes estatales de salud,11,145,150,295,Chubut
2792,Programas o planes estatales de salud,12,158,163,321,Chubut
2793,Programas o planes estatales de salud,13,153,158,311,Chubut
2794,Programas o planes estatales de salud,14,139,147,286,Chubut
2795,Programas o planes estatales de salud,15,143,178,321,Chubut
2796,Programas o planes estatales de salud,16,125,148,273,Chubut
2797,Programas o planes estatales de salud,17,125,156,281,Chubut
2798,Programas o planes estatales de salud,18,109,102,211,Chubut
2799,Programas o planes estatales de salud,19,110,123,233,Chubut
2800,Programas o planes estatales de salud,20,103,127,230,Chubut
2801,Programas o planes estatales de salud,21,97,91,188,Chubut
2802,Programas o planes estatales de salud,22,128,98,226,Chubut
2803,Programas o planes estatales de salud,23,97,79,176,Chubut
2804,Programas o planes estatales de salud,24,121,93,214,Chubut
2805,Programas o planes estatales de salud,25,142,124,266,Chubut
2806,Programas o planes estatales de salud,26,119,111,230,Chubut
2807,Programas o planes estatales de salud,27,133,98,231,Chubut
2808,Programas o planes estatales de salud,28,131,105,236,Chubut
2809,Programas o planes estatales de salud,29,151,119,270,Chubut
2810,Programas o planes estatales de salud,30,158,142,300,Chubut
2811,Programas o planes estatales de salud,31,187,132,319,Chubut
2812,Programas o planes estatales de salud,32,151,149,300,Chubut
2813,Programas o planes estatales de salud,33,176,99,275,Chubut
2814,Programas o planes estatales de salud,34,165,130,295,Chubut
2815,Programas o planes estatales de salud,35,164,114,278,Chubut
2816,Programas o planes estatales de salud,36,119,122,241,Chubut
2817,Programas o planes estatales de salud,37,147,134,281,Chubut
2818,Programas o planes estatales de salud,38,153,136,289,Chubut
2819,Programas o planes estatales de salud,39,150,147,297,Chubut
2820,Programas o planes estatales de salud,40,161,166,327,Chubut
2821,Programas o planes estatales de salud,41,179,141,320,Chubut
2822,Programas o planes estatales de salud,42,153,144,297,Chubut
2823,Programas o planes estatales de salud,43,154,115,269,Chubut
2824,Programas o planes estatales de salud,44,154,151,305,Chubut
2825,Programas o planes estatales de salud,45,161,124,285,Chubut
2826,Programas o planes estatales de salud,46,145,118,263,Chubut
2827,Programas o planes estatales de salud,47,148,122,270,Chubut
2828,Programas o planes estatales de salud,48,168,111,279,Chubut
2829,Programas o planes estatales de salud,49,129,125,254,Chubut
2830,Programas o planes estatales de salud,50,146,114,260,Chubut
2831,Programas o planes estatales de salud,51,136,93,229,Chubut
2832,Programas o planes estatales de salud,52,141,93,234,Chubut
2833,Programas o planes estatales de salud,53,133,93,226,Chubut
2834,Programas o planes estatales de salud,54,142,86,228,Chubut
2835,Programas o planes estatales de salud,55,121,88,209,Chubut
2836,Programas o planes estatales de salud,56,117,92,209,Chubut
2837,Programas o planes estatales de salud,57,130,83,213,Chubut
2838,Programas o planes estatales de salud,58,123,78,201,Chubut
2839,Programas o planes estatales de salud,59,121,69,190,Chubut
2840,Programas o planes estatales de salud,60,102,93,195,Chubut
2841,Programas o planes estatales de salud,61,79,74,153,Chubut
2842,Programas o planes estatales de salud,62,75,73,148,Chubut
2843,Programas o planes estatales de salud,63,67,72,139,Chubut
2844,Programas o planes estatales de salud,64,60,62,122,Chubut
2845,Programas o planes estatales de salud,65,57,49,106,Chubut
2846,Programas o planes estatales de salud,66,61,49,110,Chubut
2847,Programas o planes estatales de salud,67,61,51,112,Chubut
2848,Programas o planes estatales de salud,68,39,21,60,Chubut
2849,Programas o planes estatales de salud,69,33,26,59,Chubut
2850,Programas o planes estatales de salud,70,36,33,69,Chubut
2851,Programas o planes estatales de salud,71,38,26,64,Chubut
2852,Programas o planes estatales de salud,72,30,18,48,Chubut
2853,Programas o planes estatales de salud,73,21,22,43,Chubut
2854,Programas o planes estatales de salud,74,23,14,37,Chubut
2855,Programas o planes estatales de salud,75,20,14,34,Chubut
2856,Programas o planes estatales de salud,76,19,21,40,Chubut
2857,Programas o planes estatales de salud,77,12,21,33,Chubut
2858,Programas o planes estatales de salud,78,18,16,34,Chubut
2859,Programas o planes estatales de salud,79,17,16,33,Chubut
2860,Programas o planes estatales de salud,80,27,13,40,Chubut
2861,Programas o planes estatales de salud,81,7,10,17,Chubut
2862,Programas o planes estatales de salud,82,11,8,19,Chubut
2863,Programas o planes estatales de salud,83,9,7,16,Chubut
2864,Programas o planes estatales de salud,84,9,5,14,Chubut
2865,Programas o planes estatales de salud,85,11,6,17,Chubut
2866,Programas o planes estatales de salud,86,7,4,11,Chubut
2867,Programas o planes estatales de salud,87,4,1,5,Chubut
2868,Programas o planes estatales de salud,88,3,3,6,Chubut
2869,Programas o planes estatales de salud,89,4,3,7,Chubut
2870,Programas o planes estatales de salud,90,4,3,7,Chubut
2871,Programas o planes estatales de salud,91,2,1,3,Chubut
2872,Programas o planes estatales de salud,92,2,1,3,Chubut
2873,Programas o planes estatales de salud,93,3,3,6,Chubut
2874,Programas o planes estatales de salud,94,-,1,1,Chubut
2875,Programas o planes estatales de salud,95,-,3,3,Chubut
2876,Programas o planes estatales de salud,96,3,1,4,Chubut
2877,Programas o planes estatales de salud,97,2,-,2,Chubut
2878,Programas o planes estatales de salud,98,1,-,1,Chubut
2879,Programas o planes estatales de salud,99,2,-,2,Chubut
2881,"No tiene obra social, prepaga ni plan estatal",,Mujer/Femenino,Varón/Masculino,Total,Chubut
2882,"No tiene obra social, prepaga ni plan estatal",0,1100,1018,2118,Chubut
2883,"No tiene obra social, prepaga ni plan estatal",1,1030,1024,2054,Chubut
2884,"No tiene obra social, prepaga ni plan estatal",2,1185,1222,2407,Chubut
2885,"No tiene obra social, prepaga ni plan estatal",3,1199,1262,2461,Chubut
2886,"No tiene obra social, prepaga ni plan estatal",4,1289,1333,2622,Chubut
2887,"No tiene obra social, prepaga ni plan estatal",5,1308,1375,2683,Chubut
2888,"No tiene obra social, prepaga ni plan estatal",6,1412,1403,2815,Chubut
2889,"No tiene obra social, prepaga ni plan estatal",7,1376,1383,2759,Chubut
2890,"No tiene obra social, prepaga ni plan estatal",8,1319,1382,2701,Chubut
2891,"No tiene obra social, prepaga ni plan estatal",9,1398,1457,2855,Chubut
2892,"No tiene obra social, prepaga ni plan estatal",10,1245,1282,2527,Chubut
2893,"No tiene obra social, prepaga ni plan estatal",11,1316,1328,2644,Chubut
2894,"No tiene obra social, prepaga ni plan estatal",12,1287,1362,2649,Chubut
2895,"No tiene obra social, prepaga ni plan estatal",13,1326,1337,2663,Chubut
2896,"No tiene obra social, prepaga ni plan estatal",14,1240,1368,2608,Chubut
2897,"No tiene obra social, prepaga ni plan estatal",15,1237,1226,2463,Chubut
2898,"No tiene obra social, prepaga ni plan estatal",16,1220,1208,2428,Chubut
2899,"No tiene obra social, prepaga ni plan estatal",17,1196,1346,2542,Chubut
2900,"No tiene obra social, prepaga ni plan estatal",18,1322,1389,2711,Chubut
2901,"No tiene obra social, prepaga ni plan estatal",19,1378,1507,2885,Chubut
2902,"No tiene obra social, prepaga ni plan estatal",20,1459,1521,2980,Chubut
2903,"No tiene obra social, prepaga ni plan estatal",21,2070,2203,4273,Chubut
2904,"No tiene obra social, prepaga ni plan estatal",22,2214,2376,4590,Chubut
2905,"No tiene obra social, prepaga ni plan estatal",23,2213,2337,4550,Chubut
2906,"No tiene obra social, prepaga ni plan estatal",24,2129,2268,4397,Chubut
2907,"No tiene obra social, prepaga ni plan estatal",25,2268,2368,4636,Chubut
2908,"No tiene obra social, prepaga ni plan estatal",26,2175,2332,4507,Chubut
2909,"No tiene obra social, prepaga ni plan estatal",27,2196,2163,4359,Chubut
2910,"No tiene obra social, prepaga ni plan estatal",28,1962,2058,4020,Chubut
2911,"No tiene obra social, prepaga ni plan estatal",29,1880,1901,3781,Chubut
2912,"No tiene obra social, prepaga ni plan estatal",30,1882,1933,3815,Chubut
2913,"No tiene obra social, prepaga ni plan estatal",31,1655,1658,3313,Chubut
2914,"No tiene obra social, prepaga ni plan estatal",32,1477,1665,3142,Chubut
2915,"No tiene obra social, prepaga ni plan estatal",33,1442,1544,2986,Chubut
2916,"No tiene obra social, prepaga ni plan estatal",34,1364,1482,2846,Chubut
2917,"No tiene obra social, prepaga ni plan estatal",35,1430,1495,2925,Chubut
2918,"No tiene obra social, prepaga ni plan estatal",36,1268,1445,2713,Chubut
2919,"No tiene obra social, prepaga ni plan estatal",37,1134,1341,2475,Chubut
2920,"No tiene obra social, prepaga ni plan estatal",38,1193,1279,2472,Chubut
2921,"No tiene obra social, prepaga ni plan estatal",39,1152,1299,2451,Chubut
2922,"No tiene obra social, prepaga ni plan estatal",40,1152,1241,2393,Chubut
2923,"No tiene obra social, prepaga ni plan estatal",41,1090,1239,2329,Chubut
2924,"No tiene obra social, prepaga ni plan estatal",42,1156,1252,2408,Chubut
2925,"No tiene obra social, prepaga ni plan estatal",43,1074,1186,2260,Chubut
2926,"No tiene obra social, prepaga ni plan estatal",44,1011,1177,2188,Chubut
2927,"No tiene obra social, prepaga ni plan estatal",45,935,1087,2022,Chubut
2928,"No tiene obra social, prepaga ni plan estatal",46,884,1019,1903,Chubut
2929,"No tiene obra social, prepaga ni plan estatal",47,860,1011,1871,Chubut
2930,"No tiene obra social, prepaga ni plan estatal",48,843,871,1714,Chubut
2931,"No tiene obra social, prepaga ni plan estatal",49,801,946,1747,Chubut
2932,"No tiene obra social, prepaga ni plan estatal",50,754,880,1634,Chubut
2933,"No tiene obra social, prepaga ni plan estatal",51,754,812,1566,Chubut
2934,"No tiene obra social, prepaga ni plan estatal",52,742,801,1543,Chubut
2935,"No tiene obra social, prepaga ni plan estatal",53,662,758,1420,Chubut
2936,"No tiene obra social, prepaga ni plan estatal",54,663,699,1362,Chubut
2937,"No tiene obra social, prepaga ni plan estatal",55,610,715,1325,Chubut
2938,"No tiene obra social, prepaga ni plan estatal",56,632,717,1349,Chubut
2939,"No tiene obra social, prepaga ni plan estatal",57,609,739,1348,Chubut
2940,"No tiene obra social, prepaga ni plan estatal",58,621,671,1292,Chubut
2941,"No tiene obra social, prepaga ni plan estatal",59,567,634,1201,Chubut
2942,"No tiene obra social, prepaga ni plan estatal",60,464,633,1097,Chubut
2943,"No tiene obra social, prepaga ni plan estatal",61,310,577,887,Chubut
2944,"No tiene obra social, prepaga ni plan estatal",62,229,481,710,Chubut
2945,"No tiene obra social, prepaga ni plan estatal",63,195,444,639,Chubut
2946,"No tiene obra social, prepaga ni plan estatal",64,144,417,561,Chubut
2947,"No tiene obra social, prepaga ni plan estatal",65,122,335,457,Chubut
2948,"No tiene obra social, prepaga ni plan estatal",66,88,142,230,Chubut
2949,"No tiene obra social, prepaga ni plan estatal",67,74,131,205,Chubut
2950,"No tiene obra social, prepaga ni plan estatal",68,70,101,171,Chubut
2951,"No tiene obra social, prepaga ni plan estatal",69,59,76,135,Chubut
2952,"No tiene obra social, prepaga ni plan estatal",70,46,73,119,Chubut
2953,"No tiene obra social, prepaga ni plan estatal",71,35,40,75,Chubut
2954,"No tiene obra social, prepaga ni plan estatal",72,55,48,103,Chubut
2955,"No tiene obra social, prepaga ni plan estatal",73,42,37,79,Chubut
2956,"No tiene obra social, prepaga ni plan estatal",74,41,43,84,Chubut
2957,"No tiene obra social, prepaga ni plan estatal",75,39,23,62,Chubut
2958,"No tiene obra social, prepaga ni plan estatal",76,33,28,61,Chubut
2959,"No tiene obra social, prepaga ni plan estatal",77,32,22,54,Chubut
2960,"No tiene obra social, prepaga ni plan estatal",78,34,16,50,Chubut
2961,"No tiene obra social, prepaga ni plan estatal",79,21,36,57,Chubut
2962,"No tiene obra social, prepaga ni plan estatal",80,27,19,46,Chubut
2963,"No tiene obra social, prepaga ni plan estatal",81,23,26,49,Chubut
2964,"No tiene obra social, prepaga ni plan estatal",82,20,15,35,Chubut
2965,"No tiene obra social, prepaga ni plan estatal",83,23,16,39,Chubut
2966,"No tiene obra social, prepaga ni plan estatal",84,29,17,46,Chubut
2967,"No tiene obra social, prepaga ni plan estatal",85,10,14,24,Chubut
2968,"No tiene obra social, prepaga ni plan estatal",86,15,16,31,Chubut
2969,"No tiene obra social, prepaga ni plan estatal",87,10,18,28,Chubut
2970,"No tiene obra social, prepaga ni plan estatal",88,11,14,25,Chubut
2971,"No tiene obra social, prepaga ni plan estatal",89,8,15,23,Chubut
2972,"No tiene obra social, prepaga ni plan estatal",90,21,12,33,Chubut
2973,"No tiene obra social, prepaga ni plan estatal",91,12,9,21,Chubut
2974,"No tiene obra social, prepaga ni plan estatal",92,12,11,23,Chubut
2975,"No tiene obra social, prepaga ni plan estatal",93,7,7,14,Chubut
2976,"No tiene obra social, prepaga ni plan estatal",94,8,12,20,Chubut
2977,"No tiene obra social, prepaga ni plan estatal",95,15,14,29,Chubut
2978,"No tiene obra social, prepaga ni plan estatal",96,5,10,15,Chubut
2979,"No tiene obra social, prepaga ni plan estatal",97,10,2,12,Chubut
2980,"No tiene obra social, prepaga ni plan estatal",98,11,4,15,Chubut
2981,"No tiene obra social, prepaga ni plan estatal",99,10,5,15,Chubut
2982,"No tiene obra social, prepaga ni plan estatal",100,-,1,1,Chubut
2983,"No tiene obra social, prepaga ni plan estatal",103,-,1,1,Chubut
3093,AREA # 30,Entre Ríos,,,,Entre Ríos
3094,AREA # 30,,,,,Entre Ríos
3095,Cobertura de salud,Edad,Sexo registrado al nacer,,,Entre Ríos
3096,Obra social o prepaga (incluye PAMI),,Mujer/Femenino,Varón/Masculino,Total,Entre Ríos
3097,Obra social o prepaga (incluye PAMI),0,3789,3818,7607,Entre Ríos
3098,Obra social o prepaga (incluye PAMI),1,3896,4162,8058,Entre Ríos
3099,Obra social o prepaga (incluye PAMI),2,4400,4601,9001,Entre Ríos
3100,Obra social o prepaga (incluye PAMI),3,5058,5149,10207,Entre Ríos
3101,Obra social o prepaga (incluye PAMI),4,5283,5699,10982,Entre Ríos
3102,Obra social o prepaga (incluye PAMI),5,5696,6012,11708,Entre Ríos
3103,Obra social o prepaga (incluye PAMI),6,5831,6055,11886,Entre Ríos
3104,Obra social o prepaga (incluye PAMI),7,6275,6557,12832,Entre Ríos
3105,Obra social o prepaga (incluye PAMI),8,6002,6299,12301,Entre Ríos
3106,Obra social o prepaga (incluye PAMI),9,6109,6408,12517,Entre Ríos
3107,Obra social o prepaga (incluye PAMI),10,5929,6235,12164,Entre Ríos
3108,Obra social o prepaga (incluye PAMI),11,6156,6617,12773,Entre Ríos
3109,Obra social o prepaga (incluye PAMI),12,6168,6403,12571,Entre Ríos
3110,Obra social o prepaga (incluye PAMI),13,6124,6343,12467,Entre Ríos
3111,Obra social o prepaga (incluye PAMI),14,6132,6351,12483,Entre Ríos
3112,Obra social o prepaga (incluye PAMI),15,6126,6293,12419,Entre Ríos
3113,Obra social o prepaga (incluye PAMI),16,6180,6384,12564,Entre Ríos
3114,Obra social o prepaga (incluye PAMI),17,6471,6645,13116,Entre Ríos
3115,Obra social o prepaga (incluye PAMI),18,5898,5963,11861,Entre Ríos
3116,Obra social o prepaga (incluye PAMI),19,5755,5726,11481,Entre Ríos
3117,Obra social o prepaga (incluye PAMI),20,5435,5195,10630,Entre Ríos
3118,Obra social o prepaga (incluye PAMI),21,4847,4846,9693,Entre Ríos
3119,Obra social o prepaga (incluye PAMI),22,4521,4399,8920,Entre Ríos
3120,Obra social o prepaga (incluye PAMI),23,3878,4092,7970,Entre Ríos
3121,Obra social o prepaga (incluye PAMI),24,4159,4165,8324,Entre Ríos
3122,Obra social o prepaga (incluye PAMI),25,4226,4347,8573,Entre Ríos
3123,Obra social o prepaga (incluye PAMI),26,4214,4132,8346,Entre Ríos
3124,Obra social o prepaga (incluye PAMI),27,4594,4576,9170,Entre Ríos
3125,Obra social o prepaga (incluye PAMI),28,4875,4860,9735,Entre Ríos
3126,Obra social o prepaga (incluye PAMI),29,5302,5073,10375,Entre Ríos
3127,Obra social o prepaga (incluye PAMI),30,5980,5552,11532,Entre Ríos
3128,Obra social o prepaga (incluye PAMI),31,6188,5643,11831,Entre Ríos
3129,Obra social o prepaga (incluye PAMI),32,6168,5568,11736,Entre Ríos
3130,Obra social o prepaga (incluye PAMI),33,6099,5600,11699,Entre Ríos
3131,Obra social o prepaga (incluye PAMI),34,6135,5612,11747,Entre Ríos
3132,Obra social o prepaga (incluye PAMI),35,6459,5971,12430,Entre Ríos
3133,Obra social o prepaga (incluye PAMI),36,6507,5927,12434,Entre Ríos
3134,Obra social o prepaga (incluye PAMI),37,6145,5648,11793,Entre Ríos
3135,Obra social o prepaga (incluye PAMI),38,6212,5671,11883,Entre Ríos
3136,Obra social o prepaga (incluye PAMI),39,6659,6157,12816,Entre Ríos
3137,Obra social o prepaga (incluye PAMI),40,6845,6266,13111,Entre Ríos
3138,Obra social o prepaga (incluye PAMI),41,6550,5929,12479,Entre Ríos
3139,Obra social o prepaga (incluye PAMI),42,7120,6492,13612,Entre Ríos
3140,Obra social o prepaga (incluye PAMI),43,6902,6239,13141,Entre Ríos
3141,Obra social o prepaga (incluye PAMI),44,6606,6056,12662,Entre Ríos
3142,Obra social o prepaga (incluye PAMI),45,6189,5751,11940,Entre Ríos
3143,Obra social o prepaga (incluye PAMI),46,6129,5426,11555,Entre Ríos
3144,Obra social o prepaga (incluye PAMI),47,6003,5322,11325,Entre Ríos
3145,Obra social o prepaga (incluye PAMI),48,5622,5137,10759,Entre Ríos
3146,Obra social o prepaga (incluye PAMI),49,5723,5218,10941,Entre Ríos
3147,Obra social o prepaga (incluye PAMI),50,5932,5145,11077,Entre Ríos
3148,Obra social o prepaga (incluye PAMI),51,5405,4826,10231,Entre Ríos
3149,Obra social o prepaga (incluye PAMI),52,5292,4651,9943,Entre Ríos
3150,Obra social o prepaga (incluye PAMI),53,5177,4530,9707,Entre Ríos
3151,Obra social o prepaga (incluye PAMI),54,5062,4520,9582,Entre Ríos
3152,Obra social o prepaga (incluye PAMI),55,5134,4354,9488,Entre Ríos
3153,Obra social o prepaga (incluye PAMI),56,5094,4604,9698,Entre Ríos
3154,Obra social o prepaga (incluye PAMI),57,5453,4673,10126,Entre Ríos
3155,Obra social o prepaga (incluye PAMI),58,5300,4447,9747,Entre Ríos
3156,Obra social o prepaga (incluye PAMI),59,5357,4607,9964,Entre Ríos
3157,Obra social o prepaga (incluye PAMI),60,5489,4309,9798,Entre Ríos
3158,Obra social o prepaga (incluye PAMI),61,5433,4216,9649,Entre Ríos
3159,Obra social o prepaga (incluye PAMI),62,5803,4182,9985,Entre Ríos
3160,Obra social o prepaga (incluye PAMI),63,5619,4083,9702,Entre Ríos
3161,Obra social o prepaga (incluye PAMI),64,5718,3889,9607,Entre Ríos
3162,Obra social o prepaga (incluye PAMI),65,6194,4451,10645,Entre Ríos
3163,Obra social o prepaga (incluye PAMI),66,5661,4555,10216,Entre Ríos
3164,Obra social o prepaga (incluye PAMI),67,5731,4818,10549,Entre Ríos
3165,Obra social o prepaga (incluye PAMI),68,5396,4373,9769,Entre Ríos
3166,Obra social o prepaga (incluye PAMI),69,5215,4482,9697,Entre Ríos
3167,Obra social o prepaga (incluye PAMI),70,5213,4415,9628,Entre Ríos
3168,Obra social o prepaga (incluye PAMI),71,5008,4029,9037,Entre Ríos
3169,Obra social o prepaga (incluye PAMI),72,4983,3937,8920,Entre Ríos
3170,Obra social o prepaga (incluye PAMI),73,4611,3564,8175,Entre Ríos
3171,Obra social o prepaga (incluye PAMI),74,4412,3315,7727,Entre Ríos
3172,Obra social o prepaga (incluye PAMI),75,4139,2995,7134,Entre Ríos
3173,Obra social o prepaga (incluye PAMI),76,3846,2766,6612,Entre Ríos
3174,Obra social o prepaga (incluye PAMI),77,3691,2579,6270,Entre Ríos
3175,Obra social o prepaga (incluye PAMI),78,3459,2223,5682,Entre Ríos
3176,Obra social o prepaga (incluye PAMI),79,3110,2085,5195,Entre Ríos
3177,Obra social o prepaga (incluye PAMI),80,2893,1826,4719,Entre Ríos
3178,Obra social o prepaga (incluye PAMI),81,2797,1634,4431,Entre Ríos
3179,Obra social o prepaga (incluye PAMI),82,2737,1474,4211,Entre Ríos
3180,Obra social o prepaga (incluye PAMI),83,2409,1230,3639,Entre Ríos
3181,Obra social o prepaga (incluye PAMI),84,1946,990,2936,Entre Ríos
3182,Obra social o prepaga (incluye PAMI),85,1852,900,2752,Entre Ríos
3183,Obra social o prepaga (incluye PAMI),86,1707,757,2464,Entre Ríos
3184,Obra social o prepaga (incluye PAMI),87,1471,653,2124,Entre Ríos
3185,Obra social o prepaga (incluye PAMI),88,1179,505,1684,Entre Ríos
3186,Obra social o prepaga (incluye PAMI),89,1095,439,1534,Entre Ríos
3187,Obra social o prepaga (incluye PAMI),90,930,321,1251,Entre Ríos
3188,Obra social o prepaga (incluye PAMI),91,819,261,1080,Entre Ríos
3189,Obra social o prepaga (incluye PAMI),92,617,207,824,Entre Ríos
3190,Obra social o prepaga (incluye PAMI),93,472,140,612,Entre Ríos
3191,Obra social o prepaga (incluye PAMI),94,390,85,475,Entre Ríos
3192,Obra social o prepaga (incluye PAMI),95,278,83,361,Entre Ríos
3193,Obra social o prepaga (incluye PAMI),96,189,55,244,Entre Ríos
3194,Obra social o prepaga (incluye PAMI),97,143,50,193,Entre Ríos
3195,Obra social o prepaga (incluye PAMI),98,98,20,118,Entre Ríos
3196,Obra social o prepaga (incluye PAMI),99,71,12,83,Entre Ríos
3197,Obra social o prepaga (incluye PAMI),100,50,9,59,Entre Ríos
3198,Obra social o prepaga (incluye PAMI),101,31,4,35,Entre Ríos
3199,Obra social o prepaga (incluye PAMI),102,30,8,38,Entre Ríos
3200,Obra social o prepaga (incluye PAMI),103,10,2,12,Entre Ríos
3201,Obra social o prepaga (incluye PAMI),104,1,3,4,Entre Ríos
3202,Obra social o prepaga (incluye PAMI),105,2,1,3,Entre Ríos
3203,Obra social o prepaga (incluye PAMI),106,2,-,2,Entre Ríos
3204,Obra social o prepaga (incluye PAMI),107,1,-,1,Entre Ríos
3205,Obra social o prepaga (incluye PAMI),108,2,2,4,Entre Ríos
3206,Obra social o prepaga (incluye PAMI),109,5,-,5,Entre Ríos
3207,Obra social o prepaga (incluye PAMI),110,2,1,3,Entre Ríos
3209,Programas o planes estatales de salud,,Mujer/Femenino,Varón/Masculino,Total,Entre Ríos
3210,Programas o planes estatales de salud,0,257,271,528,Entre Ríos
3211,Programas o planes estatales de salud,1,274,263,537,Entre Ríos
3212,Programas o planes estatales de salud,2,273,275,548,Entre Ríos
3213,Programas o planes estatales de salud,3,340,305,645,Entre Ríos
3214,Programas o planes estatales de salud,4,338,336,674,Entre Ríos
3215,Programas o planes estatales de salud,5,346,369,715,Entre Ríos
3216,Programas o planes estatales de salud,6,362,363,725,Entre Ríos
3217,Programas o planes estatales de salud,7,376,427,803,Entre Ríos
3218,Programas o planes estatales de salud,8,344,374,718,Entre Ríos
3219,Programas o planes estatales de salud,9,382,390,772,Entre Ríos
3220,Programas o planes estatales de salud,10,359,377,736,Entre Ríos
3221,Programas o planes estatales de salud,11,333,366,699,Entre Ríos
3222,Programas o planes estatales de salud,12,342,373,715,Entre Ríos
3223,Programas o planes estatales de salud,13,308,319,627,Entre Ríos
3224,Programas o planes estatales de salud,14,304,323,627,Entre Ríos
3225,Programas o planes estatales de salud,15,308,241,549,Entre Ríos
3226,Programas o planes estatales de salud,16,302,292,594,Entre Ríos
3227,Programas o planes estatales de salud,17,329,272,601,Entre Ríos
3228,Programas o planes estatales de salud,18,239,292,531,Entre Ríos
3229,Programas o planes estatales de salud,19,270,222,492,Entre Ríos
3230,Programas o planes estatales de salud,20,256,225,481,Entre Ríos
3231,Programas o planes estatales de salud,21,246,243,489,Entre Ríos
3232,Programas o planes estatales de salud,22,233,200,433,Entre Ríos
3233,Programas o planes estatales de salud,23,256,200,456,Entre Ríos
3234,Programas o planes estatales de salud,24,243,160,403,Entre Ríos
3235,Programas o planes estatales de salud,25,253,213,466,Entre Ríos
3236,Programas o planes estatales de salud,26,262,175,437,Entre Ríos
3237,Programas o planes estatales de salud,27,303,214,517,Entre Ríos
3238,Programas o planes estatales de salud,28,293,208,501,Entre Ríos
3239,Programas o planes estatales de salud,29,295,227,522,Entre Ríos
3240,Programas o planes estatales de salud,30,336,241,577,Entre Ríos
3241,Programas o planes estatales de salud,31,346,252,598,Entre Ríos
3242,Programas o planes estatales de salud,32,298,230,528,Entre Ríos
3243,Programas o planes estatales de salud,33,304,261,565,Entre Ríos
3244,Programas o planes estatales de salud,34,313,234,547,Entre Ríos
3245,Programas o planes estatales de salud,35,346,224,570,Entre Ríos
3246,Programas o planes estatales de salud,36,353,249,602,Entre Ríos
3247,Programas o planes estatales de salud,37,323,242,565,Entre Ríos
3248,Programas o planes estatales de salud,38,315,223,538,Entre Ríos
3249,Programas o planes estatales de salud,39,296,243,539,Entre Ríos
3250,Programas o planes estatales de salud,40,333,278,611,Entre Ríos
3251,Programas o planes estatales de salud,41,295,242,537,Entre Ríos
3252,Programas o planes estatales de salud,42,318,264,582,Entre Ríos
3253,Programas o planes estatales de salud,43,339,224,563,Entre Ríos
3254,Programas o planes estatales de salud,44,323,264,587,Entre Ríos
3255,Programas o planes estatales de salud,45,298,265,563,Entre Ríos
3256,Programas o planes estatales de salud,46,270,247,517,Entre Ríos
3257,Programas o planes estatales de salud,47,297,214,511,Entre Ríos
3258,Programas o planes estatales de salud,48,273,186,459,Entre Ríos
3259,Programas o planes estatales de salud,49,275,215,490,Entre Ríos
3260,Programas o planes estatales de salud,50,298,214,512,Entre Ríos
3261,Programas o planes estatales de salud,51,272,198,470,Entre Ríos
3262,Programas o planes estatales de salud,52,293,190,483,Entre Ríos
3263,Programas o planes estatales de salud,53,282,188,470,Entre Ríos
3264,Programas o planes estatales de salud,54,283,188,471,Entre Ríos
3265,Programas o planes estatales de salud,55,274,218,492,Entre Ríos
3266,Programas o planes estatales de salud,56,285,195,480,Entre Ríos
3267,Programas o planes estatales de salud,57,287,205,492,Entre Ríos
3268,Programas o planes estatales de salud,58,262,220,482,Entre Ríos
3269,Programas o planes estatales de salud,59,278,210,488,Entre Ríos
3270,Programas o planes estatales de salud,60,225,194,419,Entre Ríos
3271,Programas o planes estatales de salud,61,204,191,395,Entre Ríos
3272,Programas o planes estatales de salud,62,187,174,361,Entre Ríos
3273,Programas o planes estatales de salud,63,150,170,320,Entre Ríos
3274,Programas o planes estatales de salud,64,144,156,300,Entre Ríos
3275,Programas o planes estatales de salud,65,109,127,236,Entre Ríos
3276,Programas o planes estatales de salud,66,97,81,178,Entre Ríos
3277,Programas o planes estatales de salud,67,78,77,155,Entre Ríos
3278,Programas o planes estatales de salud,68,87,77,164,Entre Ríos
3279,Programas o planes estatales de salud,69,73,61,134,Entre Ríos
3280,Programas o planes estatales de salud,70,67,52,119,Entre Ríos
3281,Programas o planes estatales de salud,71,66,62,128,Entre Ríos
3282,Programas o planes estatales de salud,72,64,41,105,Entre Ríos
3283,Programas o planes estatales de salud,73,37,34,71,Entre Ríos
3284,Programas o planes estatales de salud,74,55,47,102,Entre Ríos
3285,Programas o planes estatales de salud,75,36,27,63,Entre Ríos
3286,Programas o planes estatales de salud,76,37,19,56,Entre Ríos
3287,Programas o planes estatales de salud,77,44,23,67,Entre Ríos
3288,Programas o planes estatales de salud,78,28,20,48,Entre Ríos
3289,Programas o planes estatales de salud,79,25,18,43,Entre Ríos
3290,Programas o planes estatales de salud,80,19,11,30,Entre Ríos
3291,Programas o planes estatales de salud,81,17,10,27,Entre Ríos
3292,Programas o planes estatales de salud,82,14,11,25,Entre Ríos
3293,Programas o planes estatales de salud,83,21,9,30,Entre Ríos
3294,Programas o planes estatales de salud,84,11,3,14,Entre Ríos
3295,Programas o planes estatales de salud,85,13,4,17,Entre Ríos
3296,Programas o planes estatales de salud,86,20,2,22,Entre Ríos
3297,Programas o planes estatales de salud,87,19,9,28,Entre Ríos
3298,Programas o planes estatales de salud,88,5,6,11,Entre Ríos
3299,Programas o planes estatales de salud,89,3,2,5,Entre Ríos
3300,Programas o planes estatales de salud,90,9,-,9,Entre Ríos
3301,Programas o planes estatales de salud,91,7,5,12,Entre Ríos
3302,Programas o planes estatales de salud,92,8,1,9,Entre Ríos
3303,Programas o planes estatales de salud,93,2,5,7,Entre Ríos
3304,Programas o planes estatales de salud,94,5,1,6,Entre Ríos
3305,Programas o planes estatales de salud,95,1,2,3,Entre Ríos
3306,Programas o planes estatales de salud,96,-,1,1,Entre Ríos
3307,Programas o planes estatales de salud,97,4,-,4,Entre Ríos
3308,Programas o planes estatales de salud,98,3,1,4,Entre Ríos
3309,Programas o planes estatales de salud,99,-,3,3,Entre Ríos
3310,Programas o planes estatales de salud,100,2,-,2,Entre Ríos
3311,Programas o planes estatales de salud,105,1,-,1,Entre Ríos
3313,"No tiene obra social, prepaga ni plan estatal",,Mujer/Femenino,Varón/Masculino,Total,Entre Ríos
3314,"No tiene obra social, prepaga ni plan estatal",0,3551,3694,7245,Entre Ríos
3315,"No tiene obra social, prepaga ni plan estatal",1,3590,3759,7349,Entre Ríos
3316,"No tiene obra social, prepaga ni plan estatal",2,4156,4122,8278,Entre Ríos
3317,"No tiene obra social, prepaga ni plan estatal",3,4464,4661,9125,Entre Ríos
3318,"No tiene obra social, prepaga ni plan estatal",4,4751,4812,9563,Entre Ríos
3319,"No tiene obra social, prepaga ni plan estatal",5,4731,4872,9603,Entre Ríos
3320,"No tiene obra social, prepaga ni plan estatal",6,4809,4960,9769,Entre Ríos
3321,"No tiene obra social, prepaga ni plan estatal",7,5064,5244,10308,Entre Ríos
3322,"No tiene obra social, prepaga ni plan estatal",8,4769,4776,9545,Entre Ríos
3323,"No tiene obra social, prepaga ni plan estatal",9,4674,4855,9529,Entre Ríos
3324,"No tiene obra social, prepaga ni plan estatal",10,4396,4694,9090,Entre Ríos
3325,"No tiene obra social, prepaga ni plan estatal",11,4532,4529,9061,Entre Ríos
3326,"No tiene obra social, prepaga ni plan estatal",12,4415,4594,9009,Entre Ríos
3327,"No tiene obra social, prepaga ni plan estatal",13,4360,4590,8950,Entre Ríos
3328,"No tiene obra social, prepaga ni plan estatal",14,4257,4398,8655,Entre Ríos
3329,"No tiene obra social, prepaga ni plan estatal",15,4303,4221,8524,Entre Ríos
3330,"No tiene obra social, prepaga ni plan estatal",16,4171,4278,8449,Entre Ríos
3331,"No tiene obra social, prepaga ni plan estatal",17,4640,4727,9367,Entre Ríos
3332,"No tiene obra social, prepaga ni plan estatal",18,4816,5001,9817,Entre Ríos
3333,"No tiene obra social, prepaga ni plan estatal",19,5036,5288,10324,Entre Ríos
3334,"No tiene obra social, prepaga ni plan estatal",20,4954,5133,10087,Entre Ríos
3335,"No tiene obra social, prepaga ni plan estatal",21,5944,5962,11906,Entre Ríos
3336,"No tiene obra social, prepaga ni plan estatal",22,6827,6624,13451,Entre Ríos
3337,"No tiene obra social, prepaga ni plan estatal",23,6878,6483,13361,Entre Ríos
3338,"No tiene obra social, prepaga ni plan estatal",24,6839,6361,13200,Entre Ríos
3339,"No tiene obra social, prepaga ni plan estatal",25,6835,6632,13467,Entre Ríos
3340,"No tiene obra social, prepaga ni plan estatal",26,6314,6184,12498,Entre Ríos
3341,"No tiene obra social, prepaga ni plan estatal",27,6158,6075,12233,Entre Ríos
3342,"No tiene obra social, prepaga ni plan estatal",28,5714,5574,11288,Entre Ríos
3343,"No tiene obra social, prepaga ni plan estatal",29,5276,5306,10582,Entre Ríos
3344,"No tiene obra social, prepaga ni plan estatal",30,5219,5177,10396,Entre Ríos
3345,"No tiene obra social, prepaga ni plan estatal",31,4972,5004,9976,Entre Ríos
3346,"No tiene obra social, prepaga ni plan estatal",32,4196,4413,8609,Entre Ríos
3347,"No tiene obra social, prepaga ni plan estatal",33,3953,4086,8039,Entre Ríos
3348,"No tiene obra social, prepaga ni plan estatal",34,3828,3892,7720,Entre Ríos
3349,"No tiene obra social, prepaga ni plan estatal",35,3833,3904,7737,Entre Ríos
3350,"No tiene obra social, prepaga ni plan estatal",36,3643,3847,7490,Entre Ríos
3351,"No tiene obra social, prepaga ni plan estatal",37,3386,3648,7034,Entre Ríos
3352,"No tiene obra social, prepaga ni plan estatal",38,3474,3547,7021,Entre Ríos
3353,"No tiene obra social, prepaga ni plan estatal",39,3517,3653,7170,Entre Ríos
3354,"No tiene obra social, prepaga ni plan estatal",40,3492,3626,7118,Entre Ríos
3355,"No tiene obra social, prepaga ni plan estatal",41,3208,3352,6560,Entre Ríos
3356,"No tiene obra social, prepaga ni plan estatal",42,3415,3514,6929,Entre Ríos
3357,"No tiene obra social, prepaga ni plan estatal",43,3212,3364,6576,Entre Ríos
3358,"No tiene obra social, prepaga ni plan estatal",44,2993,3199,6192,Entre Ríos
3359,"No tiene obra social, prepaga ni plan estatal",45,2844,3160,6004,Entre Ríos
3360,"No tiene obra social, prepaga ni plan estatal",46,2660,3054,5714,Entre Ríos
3361,"No tiene obra social, prepaga ni plan estatal",47,2566,2833,5399,Entre Ríos
3362,"No tiene obra social, prepaga ni plan estatal",48,2464,2746,5210,Entre Ríos
3363,"No tiene obra social, prepaga ni plan estatal",49,2443,2659,5102,Entre Ríos
3364,"No tiene obra social, prepaga ni plan estatal",50,2355,2766,5121,Entre Ríos
3365,"No tiene obra social, prepaga ni plan estatal",51,2200,2409,4609,Entre Ríos
3366,"No tiene obra social, prepaga ni plan estatal",52,1986,2358,4344,Entre Ríos
3367,"No tiene obra social, prepaga ni plan estatal",53,1976,2193,4169,Entre Ríos
3368,"No tiene obra social, prepaga ni plan estatal",54,1888,2136,4024,Entre Ríos
3369,"No tiene obra social, prepaga ni plan estatal",55,1833,2150,3983,Entre Ríos
3370,"No tiene obra social, prepaga ni plan estatal",56,1769,2152,3921,Entre Ríos
3371,"No tiene obra social, prepaga ni plan estatal",57,1788,2115,3903,Entre Ríos
3372,"No tiene obra social, prepaga ni plan estatal",58,1672,1966,3638,Entre Ríos
3373,"No tiene obra social, prepaga ni plan estatal",59,1634,1868,3502,Entre Ríos
3374,"No tiene obra social, prepaga ni plan estatal",60,1359,1796,3155,Entre Ríos
3375,"No tiene obra social, prepaga ni plan estatal",61,930,1619,2549,Entre Ríos
3376,"No tiene obra social, prepaga ni plan estatal",62,766,1571,2337,Entre Ríos
3377,"No tiene obra social, prepaga ni plan estatal",63,568,1376,1944,Entre Ríos
3378,"No tiene obra social, prepaga ni plan estatal",64,447,1337,1784,Entre Ríos
3379,"No tiene obra social, prepaga ni plan estatal",65,352,1017,1369,Entre Ríos
3380,"No tiene obra social, prepaga ni plan estatal",66,212,448,660,Entre Ríos
3381,"No tiene obra social, prepaga ni plan estatal",67,165,401,566,Entre Ríos
3382,"No tiene obra social, prepaga ni plan estatal",68,168,258,426,Entre Ríos
3383,"No tiene obra social, prepaga ni plan estatal",69,170,201,371,Entre Ríos
3384,"No tiene obra social, prepaga ni plan estatal",70,118,180,298,Entre Ríos
3385,"No tiene obra social, prepaga ni plan estatal",71,120,113,233,Entre Ríos
3386,"No tiene obra social, prepaga ni plan estatal",72,104,94,198,Entre Ríos
3387,"No tiene obra social, prepaga ni plan estatal",73,74,91,165,Entre Ríos
3388,"No tiene obra social, prepaga ni plan estatal",74,75,103,178,Entre Ríos
3389,"No tiene obra social, prepaga ni plan estatal",75,67,57,124,Entre Ríos
3390,"No tiene obra social, prepaga ni plan estatal",76,56,56,112,Entre Ríos
3391,"No tiene obra social, prepaga ni plan estatal",77,51,49,100,Entre Ríos
3392,"No tiene obra social, prepaga ni plan estatal",78,46,50,96,Entre Ríos
3393,"No tiene obra social, prepaga ni plan estatal",79,46,37,83,Entre Ríos
3394,"No tiene obra social, prepaga ni plan estatal",80,34,32,66,Entre Ríos
3395,"No tiene obra social, prepaga ni plan estatal",81,25,36,61,Entre Ríos
3396,"No tiene obra social, prepaga ni plan estatal",82,44,32,76,Entre Ríos
3397,"No tiene obra social, prepaga ni plan estatal",83,31,20,51,Entre Ríos
3398,"No tiene obra social, prepaga ni plan estatal",84,28,16,44,Entre Ríos
3399,"No tiene obra social, prepaga ni plan estatal",85,30,13,43,Entre Ríos
3400,"No tiene obra social, prepaga ni plan estatal",86,22,14,36,Entre Ríos
3401,"No tiene obra social, prepaga ni plan estatal",87,25,22,47,Entre Ríos
3402,"No tiene obra social, prepaga ni plan estatal",88,20,18,38,Entre Ríos
3403,"No tiene obra social, prepaga ni plan estatal",89,11,16,27,Entre Ríos
3404,"No tiene obra social, prepaga ni plan estatal",90,16,17,33,Entre Ríos
3405,"No tiene obra social, prepaga ni plan estatal",91,14,14,28,Entre Ríos
3406,"No tiene obra social, prepaga ni plan estatal",92,24,9,33,Entre Ríos
3407,"No tiene obra social, prepaga ni plan estatal",93,10,8,18,Entre Ríos
3408,"No tiene obra social, prepaga ni plan estatal",94,18,11,29,Entre Ríos
3409,"No tiene obra social, prepaga ni plan estatal",95,10,6,16,Entre Ríos
3410,"No tiene obra social, prepaga ni plan estatal",96,6,8,14,Entre Ríos
3411,"No tiene obra social, prepaga ni plan estatal",97,8,10,18,Entre Ríos
3412,"No tiene obra social, prepaga ni plan estatal",98,10,6,16,Entre Ríos
3413,"No tiene obra social, prepaga ni plan estatal",99,6,9,15,Entre Ríos
3414,"No tiene obra social, prepaga ni plan estatal",100,1,-,1,Entre Ríos
3415,"No tiene obra social, prepaga ni plan estatal",101,1,-,1,Entre Ríos
3416,"No tiene obra social, prepaga ni plan estatal",102,4,1,5,Entre Ríos
3417,"No tiene obra social, prepaga ni plan estatal",104,-,1,1,Entre Ríos
3418,"No tiene obra social, prepaga ni plan estatal",105,1,1,2,Entre Ríos
3419,"No tiene obra social, prepaga ni plan estatal",106,-,1,1,Entre Ríos
3420,"No tiene obra social, prepaga ni plan estatal",107,1,-,1,Entre Ríos
3536,AREA # 34,Formosa,,,,Formosa
3537,AREA # 34,,,,,Formosa
3538,Cobertura de salud,Edad,Sexo registrado al nacer,,,Formosa
3539,Obra social o prepaga (incluye PAMI),,Mujer/Femenino,Varón/Masculino,Total,Formosa
3540,Obra social o prepaga (incluye PAMI),0,1023,946,1969,Formosa
3541,Obra social o prepaga (incluye PAMI),1,1011,1087,2098,Formosa
3542,Obra social o prepaga (incluye PAMI),2,1273,1247,2520,Formosa
3543,Obra social o prepaga (incluye PAMI),3,1392,1442,2834,Formosa
3544,Obra social o prepaga (incluye PAMI),4,1495,1468,2963,Formosa
3545,Obra social o prepaga (incluye PAMI),5,1583,1535,3118,Formosa
3546,Obra social o prepaga (incluye PAMI),6,1588,1736,3324,Formosa
3547,Obra social o prepaga (incluye PAMI),7,1753,1779,3532,Formosa
3548,Obra social o prepaga (incluye PAMI),8,1695,1689,3384,Formosa
3549,Obra social o prepaga (incluye PAMI),9,1677,1713,3390,Formosa
3550,Obra social o prepaga (incluye PAMI),10,1615,1664,3279,Formosa
3551,Obra social o prepaga (incluye PAMI),11,1680,1802,3482,Formosa
3552,Obra social o prepaga (incluye PAMI),12,1623,1729,3352,Formosa
3553,Obra social o prepaga (incluye PAMI),13,1731,1806,3537,Formosa
3554,Obra social o prepaga (incluye PAMI),14,1615,1803,3418,Formosa
3555,Obra social o prepaga (incluye PAMI),15,1611,1733,3344,Formosa
3556,Obra social o prepaga (incluye PAMI),16,1628,1649,3277,Formosa
3557,Obra social o prepaga (incluye PAMI),17,1758,1817,3575,Formosa
3558,Obra social o prepaga (incluye PAMI),18,1419,1430,2849,Formosa
3559,Obra social o prepaga (incluye PAMI),19,1386,1451,2837,Formosa
3560,Obra social o prepaga (incluye PAMI),20,1225,1213,2438,Formosa
3561,Obra social o prepaga (incluye PAMI),21,909,922,1831,Formosa
3562,Obra social o prepaga (incluye PAMI),22,907,923,1830,Formosa
3563,Obra social o prepaga (incluye PAMI),23,817,923,1740,Formosa
3564,Obra social o prepaga (incluye PAMI),24,1001,975,1976,Formosa
3565,Obra social o prepaga (incluye PAMI),25,1077,1156,2233,Formosa
3566,Obra social o prepaga (incluye PAMI),26,1214,1178,2392,Formosa
3567,Obra social o prepaga (incluye PAMI),27,1328,1282,2610,Formosa
3568,Obra social o prepaga (incluye PAMI),28,1312,1311,2623,Formosa
3569,Obra social o prepaga (incluye PAMI),29,1654,1369,3023,Formosa
3570,Obra social o prepaga (incluye PAMI),30,1742,1569,3311,Formosa
3571,Obra social o prepaga (incluye PAMI),31,1699,1577,3276,Formosa
3572,Obra social o prepaga (incluye PAMI),32,1639,1467,3106,Formosa
3573,Obra social o prepaga (incluye PAMI),33,1696,1582,3278,Formosa
3574,Obra social o prepaga (incluye PAMI),34,1830,1567,3397,Formosa
3575,Obra social o prepaga (incluye PAMI),35,1724,1627,3351,Formosa
3576,Obra social o prepaga (incluye PAMI),36,1684,1497,3181,Formosa
3577,Obra social o prepaga (incluye PAMI),37,1596,1473,3069,Formosa
3578,Obra social o prepaga (incluye PAMI),38,1637,1409,3046,Formosa
3579,Obra social o prepaga (incluye PAMI),39,1726,1523,3249,Formosa
3580,Obra social o prepaga (incluye PAMI),40,1836,1536,3372,Formosa
3581,Obra social o prepaga (incluye PAMI),41,1738,1567,3305,Formosa
3582,Obra social o prepaga (incluye PAMI),42,1917,1668,3585,Formosa
3583,Obra social o prepaga (incluye PAMI),43,1726,1544,3270,Formosa
3584,Obra social o prepaga (incluye PAMI),44,1747,1484,3231,Formosa
3585,Obra social o prepaga (incluye PAMI),45,1659,1449,3108,Formosa
3586,Obra social o prepaga (incluye PAMI),46,1616,1362,2978,Formosa
3587,Obra social o prepaga (incluye PAMI),47,1645,1342,2987,Formosa
3588,Obra social o prepaga (incluye PAMI),48,1501,1266,2767,Formosa
3589,Obra social o prepaga (incluye PAMI),49,1563,1230,2793,Formosa
3590,Obra social o prepaga (incluye PAMI),50,1578,1270,2848,Formosa
3591,Obra social o prepaga (incluye PAMI),51,1466,1236,2702,Formosa
3592,Obra social o prepaga (incluye PAMI),52,1517,1274,2791,Formosa
3593,Obra social o prepaga (incluye PAMI),53,1551,1264,2815,Formosa
3594,Obra social o prepaga (incluye PAMI),54,1631,1264,2895,Formosa
3595,Obra social o prepaga (incluye PAMI),55,1636,1279,2915,Formosa
3596,Obra social o prepaga (incluye PAMI),56,1672,1309,2981,Formosa
3597,Obra social o prepaga (incluye PAMI),57,1589,1311,2900,Formosa
3598,Obra social o prepaga (incluye PAMI),58,1524,1369,2893,Formosa
3599,Obra social o prepaga (incluye PAMI),59,1539,1321,2860,Formosa
3600,Obra social o prepaga (incluye PAMI),60,1604,1340,2944,Formosa
3601,Obra social o prepaga (incluye PAMI),61,1549,1204,2753,Formosa
3602,Obra social o prepaga (incluye PAMI),62,1749,1188,2937,Formosa
3603,Obra social o prepaga (incluye PAMI),63,1818,1232,3050,Formosa
3604,Obra social o prepaga (incluye PAMI),64,1816,1197,3013,Formosa
3605,Obra social o prepaga (incluye PAMI),65,1961,1351,3312,Formosa
3606,Obra social o prepaga (incluye PAMI),66,1798,1362,3160,Formosa
3607,Obra social o prepaga (incluye PAMI),67,1744,1430,3174,Formosa
3608,Obra social o prepaga (incluye PAMI),68,1711,1413,3124,Formosa
3609,Obra social o prepaga (incluye PAMI),69,1698,1302,3000,Formosa
3610,Obra social o prepaga (incluye PAMI),70,1633,1418,3051,Formosa
3611,Obra social o prepaga (incluye PAMI),71,1507,1306,2813,Formosa
3612,Obra social o prepaga (incluye PAMI),72,1350,1230,2580,Formosa
3613,Obra social o prepaga (incluye PAMI),73,1297,1061,2358,Formosa
3614,Obra social o prepaga (incluye PAMI),74,1165,1008,2173,Formosa
3615,Obra social o prepaga (incluye PAMI),75,1078,910,1988,Formosa
3616,Obra social o prepaga (incluye PAMI),76,1067,854,1921,Formosa
3617,Obra social o prepaga (incluye PAMI),77,1024,827,1851,Formosa
3618,Obra social o prepaga (incluye PAMI),78,895,712,1607,Formosa
3619,Obra social o prepaga (incluye PAMI),79,822,604,1426,Formosa
3620,Obra social o prepaga (incluye PAMI),80,749,516,1265,Formosa
3621,Obra social o prepaga (incluye PAMI),81,642,475,1117,Formosa
3622,Obra social o prepaga (incluye PAMI),82,651,428,1079,Formosa
3623,Obra social o prepaga (incluye PAMI),83,582,382,964,Formosa
3624,Obra social o prepaga (incluye PAMI),84,525,369,894,Formosa
3625,Obra social o prepaga (incluye PAMI),85,448,310,758,Formosa
3626,Obra social o prepaga (incluye PAMI),86,436,247,683,Formosa
3627,Obra social o prepaga (incluye PAMI),87,386,195,581,Formosa
3628,Obra social o prepaga (incluye PAMI),88,274,160,434,Formosa
3629,Obra social o prepaga (incluye PAMI),89,241,143,384,Formosa
3630,Obra social o prepaga (incluye PAMI),90,222,133,355,Formosa
3631,Obra social o prepaga (incluye PAMI),91,183,93,276,Formosa
3632,Obra social o prepaga (incluye PAMI),92,144,69,213,Formosa
3633,Obra social o prepaga (incluye PAMI),93,114,41,155,Formosa
3634,Obra social o prepaga (incluye PAMI),94,104,34,138,Formosa
3635,Obra social o prepaga (incluye PAMI),95,58,48,106,Formosa
3636,Obra social o prepaga (incluye PAMI),96,43,30,73,Formosa
3637,Obra social o prepaga (incluye PAMI),97,35,18,53,Formosa
3638,Obra social o prepaga (incluye PAMI),98,26,13,39,Formosa
3639,Obra social o prepaga (incluye PAMI),99,22,4,26,Formosa
3640,Obra social o prepaga (incluye PAMI),100,8,2,10,Formosa
3641,Obra social o prepaga (incluye PAMI),101,8,1,9,Formosa
3642,Obra social o prepaga (incluye PAMI),102,5,4,9,Formosa
3643,Obra social o prepaga (incluye PAMI),103,4,1,5,Formosa
3644,Obra social o prepaga (incluye PAMI),104,2,-,2,Formosa
3645,Obra social o prepaga (incluye PAMI),105,1,1,2,Formosa
3646,Obra social o prepaga (incluye PAMI),106,1,-,1,Formosa
3648,Programas o planes estatales de salud,,Mujer/Femenino,Varón/Masculino,Total,Formosa
3649,Programas o planes estatales de salud,0,126,95,221,Formosa
3650,Programas o planes estatales de salud,1,116,140,256,Formosa
3651,Programas o planes estatales de salud,2,128,139,267,Formosa
3652,Programas o planes estatales de salud,3,165,175,340,Formosa
3653,Programas o planes estatales de salud,4,172,184,356,Formosa
3654,Programas o planes estatales de salud,5,196,199,395,Formosa
3655,Programas o planes estatales de salud,6,211,216,427,Formosa
3656,Programas o planes estatales de salud,7,203,211,414,Formosa
3657,Programas o planes estatales de salud,8,189,194,383,Formosa
3658,Programas o planes estatales de salud,9,215,204,419,Formosa
3659,Programas o planes estatales de salud,10,191,213,404,Formosa
3660,Programas o planes estatales de salud,11,206,200,406,Formosa
3661,Programas o planes estatales de salud,12,225,212,437,Formosa
3662,Programas o planes estatales de salud,13,225,236,461,Formosa
3663,Programas o planes estatales de salud,14,230,213,443,Formosa
3664,Programas o planes estatales de salud,15,231,201,432,Formosa
3665,Programas o planes estatales de salud,16,212,215,427,Formosa
3666,Programas o planes estatales de salud,17,192,242,434,Formosa
3667,Programas o planes estatales de salud,18,188,193,381,Formosa
3668,Programas o planes estatales de salud,19,189,217,406,Formosa
3669,Programas o planes estatales de salud,20,153,180,333,Formosa
3670,Programas o planes estatales de salud,21,152,141,293,Formosa
3671,Programas o planes estatales de salud,22,130,141,271,Formosa
3672,Programas o planes estatales de salud,23,162,134,296,Formosa
3673,Programas o planes estatales de salud,24,164,143,307,Formosa
3674,Programas o planes estatales de salud,25,148,185,333,Formosa
3675,Programas o planes estatales de salud,26,168,172,340,Formosa
3676,Programas o planes estatales de salud,27,204,194,398,Formosa
3677,Programas o planes estatales de salud,28,220,174,394,Formosa
3678,Programas o planes estatales de salud,29,182,182,364,Formosa
3679,Programas o planes estatales de salud,30,214,182,396,Formosa
3680,Programas o planes estatales de salud,31,199,189,388,Formosa
3681,Programas o planes estatales de salud,32,202,197,399,Formosa
3682,Programas o planes estatales de salud,33,214,171,385,Formosa
3683,Programas o planes estatales de salud,34,199,161,360,Formosa
3684,Programas o planes estatales de salud,35,218,170,388,Formosa
3685,Programas o planes estatales de salud,36,199,172,371,Formosa
3686,Programas o planes estatales de salud,37,235,170,405,Formosa
3687,Programas o planes estatales de salud,38,218,161,379,Formosa
3688,Programas o planes estatales de salud,39,257,183,440,Formosa
3689,Programas o planes estatales de salud,40,261,201,462,Formosa
3690,Programas o planes estatales de salud,41,280,191,471,Formosa
3691,Programas o planes estatales de salud,42,301,207,508,Formosa
3692,Programas o planes estatales de salud,43,265,200,465,Formosa
3693,Programas o planes estatales de salud,44,257,180,437,Formosa
3694,Programas o planes estatales de salud,45,257,185,442,Formosa
3695,Programas o planes estatales de salud,46,259,202,461,Formosa
3696,Programas o planes estatales de salud,47,281,154,435,Formosa
3697,Programas o planes estatales de salud,48,223,166,389,Formosa
3698,Programas o planes estatales de salud,49,287,193,480,Formosa
3699,Programas o planes estatales de salud,50,256,209,465,Formosa
3700,Programas o planes estatales de salud,51,257,182,439,Formosa
3701,Programas o planes estatales de salud,52,272,173,445,Formosa
3702,Programas o planes estatales de salud,53,265,177,442,Formosa
3703,Programas o planes estatales de salud,54,282,178,460,Formosa
3704,Programas o planes estatales de salud,55,322,205,527,Formosa
3705,Programas o planes estatales de salud,56,265,217,482,Formosa
3706,Programas o planes estatales de salud,57,244,210,454,Formosa
3707,Programas o planes estatales de salud,58,290,167,457,Formosa
3708,Programas o planes estatales de salud,59,282,202,484,Formosa
3709,Programas o planes estatales de salud,60,242,207,449,Formosa
3710,Programas o planes estatales de salud,61,236,171,407,Formosa
3711,Programas o planes estatales de salud,62,184,168,352,Formosa
3712,Programas o planes estatales de salud,63,163,166,329,Formosa
3713,Programas o planes estatales de salud,64,167,168,335,Formosa
3714,Programas o planes estatales de salud,65,143,163,306,Formosa
3715,Programas o planes estatales de salud,66,114,113,227,Formosa
3716,Programas o planes estatales de salud,67,92,102,194,Formosa
3717,Programas o planes estatales de salud,68,86,87,173,Formosa
3718,Programas o planes estatales de salud,69,93,75,168,Formosa
3719,Programas o planes estatales de salud,70,97,70,167,Formosa
3720,Programas o planes estatales de salud,71,67,71,138,Formosa
3721,Programas o planes estatales de salud,72,65,56,121,Formosa
3722,Programas o planes estatales de salud,73,64,49,113,Formosa
3723,Programas o planes estatales de salud,74,58,37,95,Formosa
3724,Programas o planes estatales de salud,75,24,30,54,Formosa
3725,Programas o planes estatales de salud,76,27,39,66,Formosa
3726,Programas o planes estatales de salud,77,32,35,67,Formosa
3727,Programas o planes estatales de salud,78,26,18,44,Formosa
3728,Programas o planes estatales de salud,79,22,13,35,Formosa
3729,Programas o planes estatales de salud,80,23,11,34,Formosa
3730,Programas o planes estatales de salud,81,15,14,29,Formosa
3731,Programas o planes estatales de salud,82,17,9,26,Formosa
3732,Programas o planes estatales de salud,83,10,18,28,Formosa
3733,Programas o planes estatales de salud,84,12,12,24,Formosa
3734,Programas o planes estatales de salud,85,11,8,19,Formosa
3735,Programas o planes estatales de salud,86,11,9,20,Formosa
3736,Programas o planes estatales de salud,87,7,3,10,Formosa
3737,Programas o planes estatales de salud,88,5,6,11,Formosa
3738,Programas o planes estatales de salud,89,6,1,7,Formosa
3739,Programas o planes estatales de salud,90,7,2,9,Formosa
3740,Programas o planes estatales de salud,91,1,3,4,Formosa
3741,Programas o planes estatales de salud,92,1,3,4,Formosa
3742,Programas o planes estatales de salud,93,4,1,5,Formosa
3743,Programas o planes estatales de salud,94,1,1,2,Formosa
3744,Programas o planes estatales de salud,95,-,1,1,Formosa
3745,Programas o planes estatales de salud,96,-,1,1,Formosa
3746,Programas o planes estatales de salud,97,1,-,1,Formosa
3747,Programas o planes estatales de salud,102,1,-,1,Formosa
3748,Programas o planes estatales de salud,103,1,-,1,Formosa
3750,"No tiene obra social, prepaga ni plan estatal",,Mujer/Femenino,Varón/Masculino,Total,Formosa
3751,"No tiene obra social, prepaga ni plan estatal",0,2561,2629,5190,Formosa
3752,"No tiene obra social, prepaga ni plan estatal",1,2696,2775,5471,Formosa
3753,"No tiene obra social, prepaga ni plan estatal",2,3005,2912,5917,Formosa
3754,"No tiene obra social, prepaga ni plan estatal",3,3348,3656,7004,Formosa
3755,"No tiene obra social, prepaga ni plan estatal",4,3361,3560,6921,Formosa
3756,"No tiene obra social, prepaga ni plan estatal",5,3356,3456,6812,Formosa
3757,"No tiene obra social, prepaga ni plan estatal",6,3553,3683,7236,Formosa
3758,"No tiene obra social, prepaga ni plan estatal",7,3832,3782,7614,Formosa
3759,"No tiene obra social, prepaga ni plan estatal",8,3446,3640,7086,Formosa
3760,"No tiene obra social, prepaga ni plan estatal",9,3570,3532,7102,Formosa
3761,"No tiene obra social, prepaga ni plan estatal",10,3401,3520,6921,Formosa
3762,"No tiene obra social, prepaga ni plan estatal",11,3579,3652,7231,Formosa
3763,"No tiene obra social, prepaga ni plan estatal",12,3386,3506,6892,Formosa
3764,"No tiene obra social, prepaga ni plan estatal",13,3620,3637,7257,Formosa
3765,"No tiene obra social, prepaga ni plan estatal",14,3185,3257,6442,Formosa
3766,"No tiene obra social, prepaga ni plan estatal",15,3206,3281,6487,Formosa
3767,"No tiene obra social, prepaga ni plan estatal",16,3099,3288,6387,Formosa
3768,"No tiene obra social, prepaga ni plan estatal",17,3424,3579,7003,Formosa
3769,"No tiene obra social, prepaga ni plan estatal",18,3551,3747,7298,Formosa
3770,"No tiene obra social, prepaga ni plan estatal",19,3541,3491,7032,Formosa
3771,"No tiene obra social, prepaga ni plan estatal",20,3423,3321,6744,Formosa
3772,"No tiene obra social, prepaga ni plan estatal",21,3965,3616,7581,Formosa
3773,"No tiene obra social, prepaga ni plan estatal",22,4468,4022,8490,Formosa
3774,"No tiene obra social, prepaga ni plan estatal",23,4122,3850,7972,Formosa
3775,"No tiene obra social, prepaga ni plan estatal",24,4214,3793,8007,Formosa
3776,"No tiene obra social, prepaga ni plan estatal",25,4232,3730,7962,Formosa
3777,"No tiene obra social, prepaga ni plan estatal",26,4109,3690,7799,Formosa
3778,"No tiene obra social, prepaga ni plan estatal",27,3897,3567,7464,Formosa
3779,"No tiene obra social, prepaga ni plan estatal",28,3553,3313,6866,Formosa
3780,"No tiene obra social, prepaga ni plan estatal",29,3373,3294,6667,Formosa
3781,"No tiene obra social, prepaga ni plan estatal",30,3429,3122,6551,Formosa
3782,"No tiene obra social, prepaga ni plan estatal",31,3061,2821,5882,Formosa
3783,"No tiene obra social, prepaga ni plan estatal",32,2777,2542,5319,Formosa
3784,"No tiene obra social, prepaga ni plan estatal",33,2590,2406,4996,Formosa
3785,"No tiene obra social, prepaga ni plan estatal",34,2654,2428,5082,Formosa
3786,"No tiene obra social, prepaga ni plan estatal",35,2535,2432,4967,Formosa
3787,"No tiene obra social, prepaga ni plan estatal",36,2365,2295,4660,Formosa
3788,"No tiene obra social, prepaga ni plan estatal",37,2290,2128,4418,Formosa
3789,"No tiene obra social, prepaga ni plan estatal",38,2190,2065,4255,Formosa
3790,"No tiene obra social, prepaga ni plan estatal",39,2300,2266,4566,Formosa
3791,"No tiene obra social, prepaga ni plan estatal",40,2298,2335,4633,Formosa
3792,"No tiene obra social, prepaga ni plan estatal",41,2038,2061,4099,Formosa
3793,"No tiene obra social, prepaga ni plan estatal",42,2204,2289,4493,Formosa
3794,"No tiene obra social, prepaga ni plan estatal",43,2024,2091,4115,Formosa
3795,"No tiene obra social, prepaga ni plan estatal",44,1917,1891,3808,Formosa
3796,"No tiene obra social, prepaga ni plan estatal",45,1796,1853,3649,Formosa
3797,"No tiene obra social, prepaga ni plan estatal",46,1721,1826,3547,Formosa
3798,"No tiene obra social, prepaga ni plan estatal",47,1678,1735,3413,Formosa
3799,"No tiene obra social, prepaga ni plan estatal",48,1582,1677,3259,Formosa
3800,"No tiene obra social, prepaga ni plan estatal",49,1523,1627,3150,Formosa
3801,"No tiene obra social, prepaga ni plan estatal",50,1395,1629,3024,Formosa
3802,"No tiene obra social, prepaga ni plan estatal",51,1272,1429,2701,Formosa
3803,"No tiene obra social, prepaga ni plan estatal",52,1213,1311,2524,Formosa
3804,"No tiene obra social, prepaga ni plan estatal",53,1152,1299,2451,Formosa
3805,"No tiene obra social, prepaga ni plan estatal",54,1125,1349,2474,Formosa
3806,"No tiene obra social, prepaga ni plan estatal",55,1173,1293,2466,Formosa
3807,"No tiene obra social, prepaga ni plan estatal",56,1110,1251,2361,Formosa
3808,"No tiene obra social, prepaga ni plan estatal",57,979,1217,2196,Formosa
3809,"No tiene obra social, prepaga ni plan estatal",58,917,1156,2073,Formosa
3810,"No tiene obra social, prepaga ni plan estatal",59,922,1119,2041,Formosa
3811,"No tiene obra social, prepaga ni plan estatal",60,812,1006,1818,Formosa
3812,"No tiene obra social, prepaga ni plan estatal",61,660,872,1532,Formosa
3813,"No tiene obra social, prepaga ni plan estatal",62,608,922,1530,Formosa
3814,"No tiene obra social, prepaga ni plan estatal",63,574,856,1430,Formosa
3815,"No tiene obra social, prepaga ni plan estatal",64,468,901,1369,Formosa
3816,"No tiene obra social, prepaga ni plan estatal",65,419,853,1272,Formosa
3817,"No tiene obra social, prepaga ni plan estatal",66,224,498,722,Formosa
3818,"No tiene obra social, prepaga ni plan estatal",67,222,434,656,Formosa
3819,"No tiene obra social, prepaga ni plan estatal",68,173,336,509,Formosa
3820,"No tiene obra social, prepaga ni plan estatal",69,184,282,466,Formosa
3821,"No tiene obra social, prepaga ni plan estatal",70,193,231,424,Formosa
3822,"No tiene obra social, prepaga ni plan estatal",71,161,164,325,Formosa
3823,"No tiene obra social, prepaga ni plan estatal",72,149,152,301,Formosa
3824,"No tiene obra social, prepaga ni plan estatal",73,110,94,204,Formosa
3825,"No tiene obra social, prepaga ni plan estatal",74,109,110,219,Formosa
3826,"No tiene obra social, prepaga ni plan estatal",75,85,106,191,Formosa
3827,"No tiene obra social, prepaga ni plan estatal",76,83,90,173,Formosa
3828,"No tiene obra social, prepaga ni plan estatal",77,76,78,154,Formosa
3829,"No tiene obra social, prepaga ni plan estatal",78,60,57,117,Formosa
3830,"No tiene obra social, prepaga ni plan estatal",79,80,56,136,Formosa
3831,"No tiene obra social, prepaga ni plan estatal",80,56,40,96,Formosa
3832,"No tiene obra social, prepaga ni plan estatal",81,47,45,92,Formosa
3833,"No tiene obra social, prepaga ni plan estatal",82,41,40,81,Formosa
3834,"No tiene obra social, prepaga ni plan estatal",83,44,25,69,Formosa
3835,"No tiene obra social, prepaga ni plan estatal",84,20,21,41,Formosa
3836,"No tiene obra social, prepaga ni plan estatal",85,22,20,42,Formosa
3837,"No tiene obra social, prepaga ni plan estatal",86,34,23,57,Formosa
3838,"No tiene obra social, prepaga ni plan estatal",87,23,19,42,Formosa
3839,"No tiene obra social, prepaga ni plan estatal",88,24,16,40,Formosa
3840,"No tiene obra social, prepaga ni plan estatal",89,29,7,36,Formosa
3841,"No tiene obra social, prepaga ni plan estatal",90,23,16,39,Formosa
3842,"No tiene obra social, prepaga ni plan estatal",91,13,10,23,Formosa
3843,"No tiene obra social, prepaga ni plan estatal",92,18,13,31,Formosa
3844,"No tiene obra social, prepaga ni plan estatal",93,11,10,21,Formosa
3845,"No tiene obra social, prepaga ni plan estatal",94,6,8,14,Formosa
3846,"No tiene obra social, prepaga ni plan estatal",95,7,9,16,Formosa
3847,"No tiene obra social, prepaga ni plan estatal",96,6,7,13,Formosa
3848,"No tiene obra social, prepaga ni plan estatal",97,7,7,14,Formosa
3849,"No tiene obra social, prepaga ni plan estatal",98,5,4,9,Formosa
3850,"No tiene obra social, prepaga ni plan estatal",99,6,4,10,Formosa
3851,"No tiene obra social, prepaga ni plan estatal",100,1,-,1,Formosa
3852,"No tiene obra social, prepaga ni plan estatal",101,1,1,2,Formosa
3853,"No tiene obra social, prepaga ni plan estatal",102,-,1,1,Formosa
3854,"No tiene obra social, prepaga ni plan estatal",103,-,2,2,Formosa
3855,"No tiene obra social, prepaga ni plan estatal",104,1,-,1,Formosa
3856,"No tiene obra social, prepaga ni plan estatal",106,1,-,1,Formosa
3857,"No tiene obra social, prepaga ni plan estatal",108,-,2,2,Formosa
3970,AREA # 38,Jujuy,,,,Jujuy
3971,AREA # 38,,,,,Jujuy
3972,Cobertura de salud,Edad,Sexo registrado al nacer,,,Jujuy
3973,Obra social o prepaga (incluye PAMI),,Mujer/Femenino,Varón/Masculino,Total,Jujuy
3974,Obra social o prepaga (incluye PAMI),0,1461,1530,2991,Jujuy
3975,Obra social o prepaga (incluye PAMI),1,1637,1597,3234,Jujuy
3976,Obra social o prepaga (incluye PAMI),2,1975,2186,4161,Jujuy
3977,Obra social o prepaga (incluye PAMI),3,2312,2411,4723,Jujuy
3978,Obra social o prepaga (incluye PAMI),4,2552,2591,5143,Jujuy
3979,Obra social o prepaga (incluye PAMI),5,2849,2851,5700,Jujuy
3980,Obra social o prepaga (incluye PAMI),6,2898,3001,5899,Jujuy
3981,Obra social o prepaga (incluye PAMI),7,3299,3480,6779,Jujuy
3982,Obra social o prepaga (incluye PAMI),8,3222,3300,6522,Jujuy
3983,Obra social o prepaga (incluye PAMI),9,3245,3219,6464,Jujuy
3984,Obra social o prepaga (incluye PAMI),10,3324,3399,6723,Jujuy
3985,Obra social o prepaga (incluye PAMI),11,3535,3668,7203,Jujuy
3986,Obra social o prepaga (incluye PAMI),12,3423,3573,6996,Jujuy
3987,Obra social o prepaga (incluye PAMI),13,3495,3653,7148,Jujuy
3988,Obra social o prepaga (incluye PAMI),14,3370,3346,6716,Jujuy
3989,Obra social o prepaga (incluye PAMI),15,3291,3278,6569,Jujuy
3990,Obra social o prepaga (incluye PAMI),16,3356,3399,6755,Jujuy
3991,Obra social o prepaga (incluye PAMI),17,3566,3434,7000,Jujuy
3992,Obra social o prepaga (incluye PAMI),18,2864,3036,5900,Jujuy
3993,Obra social o prepaga (incluye PAMI),19,2696,2787,5483,Jujuy
3994,Obra social o prepaga (incluye PAMI),20,2478,2458,4936,Jujuy
3995,Obra social o prepaga (incluye PAMI),21,1916,1904,3820,Jujuy
3996,Obra social o prepaga (incluye PAMI),22,1744,1702,3446,Jujuy
3997,Obra social o prepaga (incluye PAMI),23,1589,1634,3223,Jujuy
3998,Obra social o prepaga (incluye PAMI),24,1657,1659,3316,Jujuy
3999,Obra social o prepaga (incluye PAMI),25,1654,1759,3413,Jujuy
4000,Obra social o prepaga (incluye PAMI),26,1793,1902,3695,Jujuy
4001,Obra social o prepaga (incluye PAMI),27,1853,2053,3906,Jujuy
4002,Obra social o prepaga (incluye PAMI),28,2069,2025,4094,Jujuy
4003,Obra social o prepaga (incluye PAMI),29,2187,2202,4389,Jujuy
4004,Obra social o prepaga (incluye PAMI),30,2482,2527,5009,Jujuy
4005,Obra social o prepaga (incluye PAMI),31,2272,2181,4453,Jujuy
4006,Obra social o prepaga (incluye PAMI),32,2302,2292,4594,Jujuy
4007,Obra social o prepaga (incluye PAMI),33,2357,2331,4688,Jujuy
4008,Obra social o prepaga (incluye PAMI),34,2592,2625,5217,Jujuy
4009,Obra social o prepaga (incluye PAMI),35,2769,2823,5592,Jujuy
4010,Obra social o prepaga (incluye PAMI),36,2844,2829,5673,Jujuy
4011,Obra social o prepaga (incluye PAMI),37,2782,2718,5500,Jujuy
4012,Obra social o prepaga (incluye PAMI),38,2721,2578,5299,Jujuy
4013,Obra social o prepaga (incluye PAMI),39,2981,2854,5835,Jujuy
4014,Obra social o prepaga (incluye PAMI),40,3187,3113,6300,Jujuy
4015,Obra social o prepaga (incluye PAMI),41,3243,2896,6139,Jujuy
4016,Obra social o prepaga (incluye PAMI),42,3427,3158,6585,Jujuy
4017,Obra social o prepaga (incluye PAMI),43,3304,2965,6269,Jujuy
4018,Obra social o prepaga (incluye PAMI),44,3062,2854,5916,Jujuy
4019,Obra social o prepaga (incluye PAMI),45,3009,2832,5841,Jujuy
4020,Obra social o prepaga (incluye PAMI),46,3039,2663,5702,Jujuy
4021,Obra social o prepaga (incluye PAMI),47,3051,2741,5792,Jujuy
4022,Obra social o prepaga (incluye PAMI),48,2679,2386,5065,Jujuy
4023,Obra social o prepaga (incluye PAMI),49,2691,2319,5010,Jujuy
4024,Obra social o prepaga (incluye PAMI),50,2645,2233,4878,Jujuy
4025,Obra social o prepaga (incluye PAMI),51,2556,2150,4706,Jujuy
4026,Obra social o prepaga (incluye PAMI),52,2593,2218,4811,Jujuy
4027,Obra social o prepaga (incluye PAMI),53,2307,1956,4263,Jujuy
4028,Obra social o prepaga (incluye PAMI),54,2350,1882,4232,Jujuy
4029,Obra social o prepaga (incluye PAMI),55,2357,1916,4273,Jujuy
4030,Obra social o prepaga (incluye PAMI),56,2348,1917,4265,Jujuy
4031,Obra social o prepaga (incluye PAMI),57,2491,1946,4437,Jujuy
4032,Obra social o prepaga (incluye PAMI),58,2341,1948,4289,Jujuy
4033,Obra social o prepaga (incluye PAMI),59,2353,1897,4250,Jujuy
4034,Obra social o prepaga (incluye PAMI),60,2274,1798,4072,Jujuy
4035,Obra social o prepaga (incluye PAMI),61,2357,1768,4125,Jujuy
4036,Obra social o prepaga (incluye PAMI),62,2419,1747,4166,Jujuy
4037,Obra social o prepaga (incluye PAMI),63,2611,1779,4390,Jujuy
4038,Obra social o prepaga (incluye PAMI),64,2592,1696,4288,Jujuy
4039,Obra social o prepaga (incluye PAMI),65,2728,1954,4682,Jujuy
4040,Obra social o prepaga (incluye PAMI),66,2625,1951,4576,Jujuy
4041,Obra social o prepaga (incluye PAMI),67,2691,2039,4730,Jujuy
4042,Obra social o prepaga (incluye PAMI),68,2539,2047,4586,Jujuy
4043,Obra social o prepaga (incluye PAMI),69,2483,2087,4570,Jujuy
4044,Obra social o prepaga (incluye PAMI),70,2404,1855,4259,Jujuy
4045,Obra social o prepaga (incluye PAMI),71,2212,1791,4003,Jujuy
4046,Obra social o prepaga (incluye PAMI),72,2214,1784,3998,Jujuy
4047,Obra social o prepaga (incluye PAMI),73,2005,1637,3642,Jujuy
4048,Obra social o prepaga (incluye PAMI),74,1851,1566,3417,Jujuy
4049,Obra social o prepaga (incluye PAMI),75,1830,1453,3283,Jujuy
4050,Obra social o prepaga (incluye PAMI),76,1612,1291,2903,Jujuy
4051,Obra social o prepaga (incluye PAMI),77,1528,1129,2657,Jujuy
4052,Obra social o prepaga (incluye PAMI),78,1335,1028,2363,Jujuy
4053,Obra social o prepaga (incluye PAMI),79,1362,1009,2371,Jujuy
4054,Obra social o prepaga (incluye PAMI),80,1239,891,2130,Jujuy
4055,Obra social o prepaga (incluye PAMI),81,1054,759,1813,Jujuy
4056,Obra social o prepaga (incluye PAMI),82,1107,792,1899,Jujuy
4057,Obra social o prepaga (incluye PAMI),83,915,545,1460,Jujuy
4058,Obra social o prepaga (incluye PAMI),84,802,533,1335,Jujuy
4059,Obra social o prepaga (incluye PAMI),85,751,401,1152,Jujuy
4060,Obra social o prepaga (incluye PAMI),86,608,353,961,Jujuy
4061,Obra social o prepaga (incluye PAMI),87,512,305,817,Jujuy
4062,Obra social o prepaga (incluye PAMI),88,497,258,755,Jujuy
4063,Obra social o prepaga (incluye PAMI),89,420,200,620,Jujuy
4064,Obra social o prepaga (incluye PAMI),90,339,177,516,Jujuy
4065,Obra social o prepaga (incluye PAMI),91,277,131,408,Jujuy
4066,Obra social o prepaga (incluye PAMI),92,203,99,302,Jujuy
4067,Obra social o prepaga (incluye PAMI),93,200,92,292,Jujuy
4068,Obra social o prepaga (incluye PAMI),94,110,66,176,Jujuy
4069,Obra social o prepaga (incluye PAMI),95,125,54,179,Jujuy
4070,Obra social o prepaga (incluye PAMI),96,58,29,87,Jujuy
4071,Obra social o prepaga (incluye PAMI),97,39,20,59,Jujuy
4072,Obra social o prepaga (incluye PAMI),98,29,19,48,Jujuy
4073,Obra social o prepaga (incluye PAMI),99,28,14,42,Jujuy
4074,Obra social o prepaga (incluye PAMI),100,7,3,10,Jujuy
4075,Obra social o prepaga (incluye PAMI),101,10,1,11,Jujuy
4076,Obra social o prepaga (incluye PAMI),102,7,5,12,Jujuy
4077,Obra social o prepaga (incluye PAMI),103,3,2,5,Jujuy
4078,Obra social o prepaga (incluye PAMI),104,1,1,2,Jujuy
4079,Obra social o prepaga (incluye PAMI),105,2,1,3,Jujuy
4080,Obra social o prepaga (incluye PAMI),106,4,1,5,Jujuy
4081,Obra social o prepaga (incluye PAMI),107,4,2,6,Jujuy
4082,Obra social o prepaga (incluye PAMI),108,3,1,4,Jujuy
4083,Obra social o prepaga (incluye PAMI),110,1,-,1,Jujuy
4085,Programas o planes estatales de salud,,Mujer/Femenino,Varón/Masculino,Total,Jujuy
4086,Programas o planes estatales de salud,0,192,241,433,Jujuy
4087,Programas o planes estatales de salud,1,203,214,417,Jujuy
4088,Programas o planes estatales de salud,2,192,209,401,Jujuy
4089,Programas o planes estatales de salud,3,286,271,557,Jujuy
4090,Programas o planes estatales de salud,4,279,323,602,Jujuy
4091,Programas o planes estatales de salud,5,278,283,561,Jujuy
4092,Programas o planes estatales de salud,6,306,268,574,Jujuy
4093,Programas o planes estatales de salud,7,339,348,687,Jujuy
4094,Programas o planes estatales de salud,8,290,329,619,Jujuy
4095,Programas o planes estatales de salud,9,322,286,608,Jujuy
4096,Programas o planes estatales de salud,10,304,274,578,Jujuy
4097,Programas o planes estatales de salud,11,303,338,641,Jujuy
4098,Programas o planes estatales de salud,12,261,317,578,Jujuy
4099,Programas o planes estatales de salud,13,278,277,555,Jujuy
4100,Programas o planes estatales de salud,14,297,269,566,Jujuy
4101,Programas o planes estatales de salud,15,238,250,488,Jujuy
4102,Programas o planes estatales de salud,16,251,266,517,Jujuy
4103,Programas o planes estatales de salud,17,276,250,526,Jujuy
4104,Programas o planes estatales de salud,18,255,237,492,Jujuy
4105,Programas o planes estatales de salud,19,244,230,474,Jujuy
4106,Programas o planes estatales de salud,20,179,197,376,Jujuy
4107,Programas o planes estatales de salud,21,186,176,362,Jujuy
4108,Programas o planes estatales de salud,22,177,153,330,Jujuy
4109,Programas o planes estatales de salud,23,207,168,375,Jujuy
4110,Programas o planes estatales de salud,24,220,160,380,Jujuy
4111,Programas o planes estatales de salud,25,242,157,399,Jujuy
4112,Programas o planes estatales de salud,26,204,175,379,Jujuy
4113,Programas o planes estatales de salud,27,250,169,419,Jujuy
4114,Programas o planes estatales de salud,28,261,190,451,Jujuy
4115,Programas o planes estatales de salud,29,285,209,494,Jujuy
4116,Programas o planes estatales de salud,30,286,206,492,Jujuy
4117,Programas o planes estatales de salud,31,250,173,423,Jujuy
4118,Programas o planes estatales de salud,32,261,155,416,Jujuy
4119,Programas o planes estatales de salud,33,257,210,467,Jujuy
4120,Programas o planes estatales de salud,34,271,200,471,Jujuy
4121,Programas o planes estatales de salud,35,283,242,525,Jujuy
4122,Programas o planes estatales de salud,36,292,223,515,Jujuy
4123,Programas o planes estatales de salud,37,252,208,460,Jujuy
4124,Programas o planes estatales de salud,38,262,214,476,Jujuy
4125,Programas o planes estatales de salud,39,279,200,479,Jujuy
4126,Programas o planes estatales de salud,40,259,223,482,Jujuy
4127,Programas o planes estatales de salud,41,282,214,496,Jujuy
4128,Programas o planes estatales de salud,42,300,243,543,Jujuy
4129,Programas o planes estatales de salud,43,294,249,543,Jujuy
4130,Programas o planes estatales de salud,44,284,240,524,Jujuy
4131,Programas o planes estatales de salud,45,288,196,484,Jujuy
4132,Programas o planes estatales de salud,46,281,197,478,Jujuy
4133,Programas o planes estatales de salud,47,306,216,522,Jujuy
4134,Programas o planes estatales de salud,48,242,210,452,Jujuy
4135,Programas o planes estatales de salud,49,247,210,457,Jujuy
4136,Programas o planes estatales de salud,50,236,168,404,Jujuy
4137,Programas o planes estatales de salud,51,215,181,396,Jujuy
4138,Programas o planes estatales de salud,52,214,159,373,Jujuy
4139,Programas o planes estatales de salud,53,240,139,379,Jujuy
4140,Programas o planes estatales de salud,54,208,155,363,Jujuy
4141,Programas o planes estatales de salud,55,197,125,322,Jujuy
4142,Programas o planes estatales de salud,56,215,124,339,Jujuy
4143,Programas o planes estatales de salud,57,222,159,381,Jujuy
4144,Programas o planes estatales de salud,58,220,159,379,Jujuy
4145,Programas o planes estatales de salud,59,222,156,378,Jujuy
4146,Programas o planes estatales de salud,60,189,157,346,Jujuy
4147,Programas o planes estatales de salud,61,188,123,311,Jujuy
4148,Programas o planes estatales de salud,62,212,120,332,Jujuy
4149,Programas o planes estatales de salud,63,157,116,273,Jujuy
4150,Programas o planes estatales de salud,64,128,126,254,Jujuy
4151,Programas o planes estatales de salud,65,114,92,206,Jujuy
4152,Programas o planes estatales de salud,66,95,74,169,Jujuy
4153,Programas o planes estatales de salud,67,102,81,183,Jujuy
4154,Programas o planes estatales de salud,68,77,58,135,Jujuy
4155,Programas o planes estatales de salud,69,78,53,131,Jujuy
4156,Programas o planes estatales de salud,70,60,34,94,Jujuy
4157,Programas o planes estatales de salud,71,69,33,102,Jujuy
4158,Programas o planes estatales de salud,72,51,40,91,Jujuy
4159,Programas o planes estatales de salud,73,62,32,94,Jujuy
4160,Programas o planes estatales de salud,74,57,39,96,Jujuy
4161,Programas o planes estatales de salud,75,41,27,68,Jujuy
4162,Programas o planes estatales de salud,76,47,35,82,Jujuy
4163,Programas o planes estatales de salud,77,31,18,49,Jujuy
4164,Programas o planes estatales de salud,78,36,22,58,Jujuy
4165,Programas o planes estatales de salud,79,32,17,49,Jujuy
4166,Programas o planes estatales de salud,80,25,21,46,Jujuy
4167,Programas o planes estatales de salud,81,21,13,34,Jujuy
4168,Programas o planes estatales de salud,82,14,18,32,Jujuy
4169,Programas o planes estatales de salud,83,19,8,27,Jujuy
4170,Programas o planes estatales de salud,84,23,7,30,Jujuy
4171,Programas o planes estatales de salud,85,11,5,16,Jujuy
4172,Programas o planes estatales de salud,86,10,9,19,Jujuy
4173,Programas o planes estatales de salud,87,7,8,15,Jujuy
4174,Programas o planes estatales de salud,88,10,6,16,Jujuy
4175,Programas o planes estatales de salud,89,12,4,16,Jujuy
4176,Programas o planes estatales de salud,90,10,4,14,Jujuy
4177,Programas o planes estatales de salud,91,5,4,9,Jujuy
4178,Programas o planes estatales de salud,92,5,1,6,Jujuy
4179,Programas o planes estatales de salud,93,9,-,9,Jujuy
4180,Programas o planes estatales de salud,94,6,2,8,Jujuy
4181,Programas o planes estatales de salud,95,2,1,3,Jujuy
4182,Programas o planes estatales de salud,96,1,2,3,Jujuy
4183,Programas o planes estatales de salud,97,5,1,6,Jujuy
4184,Programas o planes estatales de salud,98,-,1,1,Jujuy
4185,Programas o planes estatales de salud,99,1,-,1,Jujuy
4186,Programas o planes estatales de salud,100,1,1,2,Jujuy
4187,Programas o planes estatales de salud,101,1,-,1,Jujuy
4188,Programas o planes estatales de salud,102,1,-,1,Jujuy
4190,"No tiene obra social, prepaga ni plan estatal",,Mujer/Femenino,Varón/Masculino,Total,Jujuy
4191,"No tiene obra social, prepaga ni plan estatal",0,2589,2684,5273,Jujuy
4192,"No tiene obra social, prepaga ni plan estatal",1,2501,2445,4946,Jujuy
4193,"No tiene obra social, prepaga ni plan estatal",2,2858,2952,5810,Jujuy
4194,"No tiene obra social, prepaga ni plan estatal",3,3152,3214,6366,Jujuy
4195,"No tiene obra social, prepaga ni plan estatal",4,3296,3301,6597,Jujuy
4196,"No tiene obra social, prepaga ni plan estatal",5,3293,3418,6711,Jujuy
4197,"No tiene obra social, prepaga ni plan estatal",6,3337,3325,6662,Jujuy
4198,"No tiene obra social, prepaga ni plan estatal",7,3608,3703,7311,Jujuy
4199,"No tiene obra social, prepaga ni plan estatal",8,3305,3327,6632,Jujuy
4200,"No tiene obra social, prepaga ni plan estatal",9,3363,3266,6629,Jujuy
4201,"No tiene obra social, prepaga ni plan estatal",10,3255,3310,6565,Jujuy
4202,"No tiene obra social, prepaga ni plan estatal",11,3147,3347,6494,Jujuy
4203,"No tiene obra social, prepaga ni plan estatal",12,3244,3255,6499,Jujuy
4204,"No tiene obra social, prepaga ni plan estatal",13,3096,3054,6150,Jujuy
4205,"No tiene obra social, prepaga ni plan estatal",14,3087,2989,6076,Jujuy
4206,"No tiene obra social, prepaga ni plan estatal",15,2896,2966,5862,Jujuy
4207,"No tiene obra social, prepaga ni plan estatal",16,2995,3048,6043,Jujuy
4208,"No tiene obra social, prepaga ni plan estatal",17,3201,3355,6556,Jujuy
4209,"No tiene obra social, prepaga ni plan estatal",18,3133,3287,6420,Jujuy
4210,"No tiene obra social, prepaga ni plan estatal",19,3395,3530,6925,Jujuy
4211,"No tiene obra social, prepaga ni plan estatal",20,3476,3619,7095,Jujuy
4212,"No tiene obra social, prepaga ni plan estatal",21,4413,4631,9044,Jujuy
4213,"No tiene obra social, prepaga ni plan estatal",22,4876,4940,9816,Jujuy
4214,"No tiene obra social, prepaga ni plan estatal",23,4847,4654,9501,Jujuy
4215,"No tiene obra social, prepaga ni plan estatal",24,4831,4680,9511,Jujuy
4216,"No tiene obra social, prepaga ni plan estatal",25,5017,4598,9615,Jujuy
4217,"No tiene obra social, prepaga ni plan estatal",26,4887,4544,9431,Jujuy
4218,"No tiene obra social, prepaga ni plan estatal",27,4918,4491,9409,Jujuy
4219,"No tiene obra social, prepaga ni plan estatal",28,4595,4166,8761,Jujuy
4220,"No tiene obra social, prepaga ni plan estatal",29,4388,4094,8482,Jujuy
4221,"No tiene obra social, prepaga ni plan estatal",30,4438,4112,8550,Jujuy
4222,"No tiene obra social, prepaga ni plan estatal",31,3758,3306,7064,Jujuy
4223,"No tiene obra social, prepaga ni plan estatal",32,3407,2981,6388,Jujuy
4224,"No tiene obra social, prepaga ni plan estatal",33,3360,2860,6220,Jujuy
4225,"No tiene obra social, prepaga ni plan estatal",34,3198,2962,6160,Jujuy
4226,"No tiene obra social, prepaga ni plan estatal",35,3368,2982,6350,Jujuy
4227,"No tiene obra social, prepaga ni plan estatal",36,3114,2845,5959,Jujuy
4228,"No tiene obra social, prepaga ni plan estatal",37,2803,2699,5502,Jujuy
4229,"No tiene obra social, prepaga ni plan estatal",38,2759,2573,5332,Jujuy
4230,"No tiene obra social, prepaga ni plan estatal",39,2980,2702,5682,Jujuy
4231,"No tiene obra social, prepaga ni plan estatal",40,3074,2803,5877,Jujuy
4232,"No tiene obra social, prepaga ni plan estatal",41,2846,2556,5402,Jujuy
4233,"No tiene obra social, prepaga ni plan estatal",42,2878,2827,5705,Jujuy
4234,"No tiene obra social, prepaga ni plan estatal",43,2732,2606,5338,Jujuy
4235,"No tiene obra social, prepaga ni plan estatal",44,2416,2417,4833,Jujuy
4236,"No tiene obra social, prepaga ni plan estatal",45,2374,2302,4676,Jujuy
4237,"No tiene obra social, prepaga ni plan estatal",46,2280,2251,4531,Jujuy
4238,"No tiene obra social, prepaga ni plan estatal",47,2325,2285,4610,Jujuy
4239,"No tiene obra social, prepaga ni plan estatal",48,1925,1918,3843,Jujuy
4240,"No tiene obra social, prepaga ni plan estatal",49,1918,1979,3897,Jujuy
4241,"No tiene obra social, prepaga ni plan estatal",50,1814,1812,3626,Jujuy
4242,"No tiene obra social, prepaga ni plan estatal",51,1659,1828,3487,Jujuy
4243,"No tiene obra social, prepaga ni plan estatal",52,1675,1747,3422,Jujuy
4244,"No tiene obra social, prepaga ni plan estatal",53,1527,1513,3040,Jujuy
4245,"No tiene obra social, prepaga ni plan estatal",54,1357,1406,2763,Jujuy
4246,"No tiene obra social, prepaga ni plan estatal",55,1295,1318,2613,Jujuy
4247,"No tiene obra social, prepaga ni plan estatal",56,1320,1290,2610,Jujuy
4248,"No tiene obra social, prepaga ni plan estatal",57,1367,1266,2633,Jujuy
4249,"No tiene obra social, prepaga ni plan estatal",58,1276,1175,2451,Jujuy
4250,"No tiene obra social, prepaga ni plan estatal",59,1234,1199,2433,Jujuy
4251,"No tiene obra social, prepaga ni plan estatal",60,1125,1163,2288,Jujuy
4252,"No tiene obra social, prepaga ni plan estatal",61,813,1041,1854,Jujuy
4253,"No tiene obra social, prepaga ni plan estatal",62,787,1018,1805,Jujuy
4254,"No tiene obra social, prepaga ni plan estatal",63,652,967,1619,Jujuy
4255,"No tiene obra social, prepaga ni plan estatal",64,579,887,1466,Jujuy
4256,"No tiene obra social, prepaga ni plan estatal",65,486,814,1300,Jujuy
4257,"No tiene obra social, prepaga ni plan estatal",66,305,492,797,Jujuy
4258,"No tiene obra social, prepaga ni plan estatal",67,268,436,704,Jujuy
4259,"No tiene obra social, prepaga ni plan estatal",68,233,296,529,Jujuy
4260,"No tiene obra social, prepaga ni plan estatal",69,222,259,481,Jujuy
4261,"No tiene obra social, prepaga ni plan estatal",70,181,177,358,Jujuy
4262,"No tiene obra social, prepaga ni plan estatal",71,139,146,285,Jujuy
4263,"No tiene obra social, prepaga ni plan estatal",72,165,110,275,Jujuy
4264,"No tiene obra social, prepaga ni plan estatal",73,130,95,225,Jujuy
4265,"No tiene obra social, prepaga ni plan estatal",74,123,89,212,Jujuy
4266,"No tiene obra social, prepaga ni plan estatal",75,123,63,186,Jujuy
4267,"No tiene obra social, prepaga ni plan estatal",76,116,80,196,Jujuy
4268,"No tiene obra social, prepaga ni plan estatal",77,86,55,141,Jujuy
4269,"No tiene obra social, prepaga ni plan estatal",78,81,58,139,Jujuy
4270,"No tiene obra social, prepaga ni plan estatal",79,71,49,120,Jujuy
4271,"No tiene obra social, prepaga ni plan estatal",80,56,43,99,Jujuy
4272,"No tiene obra social, prepaga ni plan estatal",81,62,48,110,Jujuy
4273,"No tiene obra social, prepaga ni plan estatal",82,59,31,90,Jujuy
4274,"No tiene obra social, prepaga ni plan estatal",83,44,27,71,Jujuy
4275,"No tiene obra social, prepaga ni plan estatal",84,56,32,88,Jujuy
4276,"No tiene obra social, prepaga ni plan estatal",85,52,23,75,Jujuy
4277,"No tiene obra social, prepaga ni plan estatal",86,41,30,71,Jujuy
4278,"No tiene obra social, prepaga ni plan estatal",87,31,18,49,Jujuy
4279,"No tiene obra social, prepaga ni plan estatal",88,41,16,57,Jujuy
4280,"No tiene obra social, prepaga ni plan estatal",89,45,19,64,Jujuy
4281,"No tiene obra social, prepaga ni plan estatal",90,28,21,49,Jujuy
4282,"No tiene obra social, prepaga ni plan estatal",91,32,18,50,Jujuy
4283,"No tiene obra social, prepaga ni plan estatal",92,28,6,34,Jujuy
4284,"No tiene obra social, prepaga ni plan estatal",93,19,10,29,Jujuy
4285,"No tiene obra social, prepaga ni plan estatal",94,16,8,24,Jujuy
4286,"No tiene obra social, prepaga ni plan estatal",95,19,11,30,Jujuy
4287,"No tiene obra social, prepaga ni plan estatal",96,21,7,28,Jujuy
4288,"No tiene obra social, prepaga ni plan estatal",97,10,8,18,Jujuy
4289,"No tiene obra social, prepaga ni plan estatal",98,10,5,15,Jujuy
4290,"No tiene obra social, prepaga ni plan estatal",99,15,3,18,Jujuy
4291,"No tiene obra social, prepaga ni plan estatal",100,2,-,2,Jujuy
4292,"No tiene obra social, prepaga ni plan estatal",101,1,-,1,Jujuy
4293,"No tiene obra social, prepaga ni plan estatal",102,2,2,4,Jujuy
4294,"No tiene obra social, prepaga ni plan estatal",103,1,-,1,Jujuy
4295,"No tiene obra social, prepaga ni plan estatal",108,-,1,1,Jujuy
4410,AREA # 42,La Pampa,,,,La Pampa
4411,AREA # 42,,,,,La Pampa
4412,Cobertura de salud,Edad,Sexo registrado al nacer,,,La Pampa
4413,Obra social o prepaga (incluye PAMI),,Mujer/Femenino,Varón/Masculino,Total,La Pampa
4414,Obra social o prepaga (incluye PAMI),0,861,911,1772,La Pampa
4415,Obra social o prepaga (incluye PAMI),1,900,991,1891,La Pampa
4416,Obra social o prepaga (incluye PAMI),2,1030,1134,2164,La Pampa
4417,Obra social o prepaga (incluye PAMI),3,1160,1212,2372,La Pampa
4418,Obra social o prepaga (incluye PAMI),4,1309,1404,2713,La Pampa
4419,Obra social o prepaga (incluye PAMI),5,1366,1428,2794,La Pampa
4420,Obra social o prepaga (incluye PAMI),6,1452,1531,2983,La Pampa
4421,Obra social o prepaga (incluye PAMI),7,1417,1507,2924,La Pampa
4422,Obra social o prepaga (incluye PAMI),8,1510,1553,3063,La Pampa
4423,Obra social o prepaga (incluye PAMI),9,1533,1589,3122,La Pampa
4424,Obra social o prepaga (incluye PAMI),10,1417,1445,2862,La Pampa
4425,Obra social o prepaga (incluye PAMI),11,1577,1584,3161,La Pampa
4426,Obra social o prepaga (incluye PAMI),12,1507,1612,3119,La Pampa
4427,Obra social o prepaga (incluye PAMI),13,1446,1639,3085,La Pampa
4428,Obra social o prepaga (incluye PAMI),14,1533,1592,3125,La Pampa
4429,Obra social o prepaga (incluye PAMI),15,1578,1571,3149,La Pampa
4430,Obra social o prepaga (incluye PAMI),16,1577,1656,3233,La Pampa
4431,Obra social o prepaga (incluye PAMI),17,1564,1639,3203,La Pampa
4432,Obra social o prepaga (incluye PAMI),18,1253,1421,2674,La Pampa
4433,Obra social o prepaga (incluye PAMI),19,1211,1308,2519,La Pampa
4434,Obra social o prepaga (incluye PAMI),20,1138,1197,2335,La Pampa
4435,Obra social o prepaga (incluye PAMI),21,971,1044,2015,La Pampa
4436,Obra social o prepaga (incluye PAMI),22,934,1041,1975,La Pampa
4437,Obra social o prepaga (incluye PAMI),23,966,1046,2012,La Pampa
4438,Obra social o prepaga (incluye PAMI),24,1023,1107,2130,La Pampa
4439,Obra social o prepaga (incluye PAMI),25,1034,1226,2260,La Pampa
4440,Obra social o prepaga (incluye PAMI),26,1082,1161,2243,La Pampa
4441,Obra social o prepaga (incluye PAMI),27,1212,1234,2446,La Pampa
4442,Obra social o prepaga (incluye PAMI),28,1275,1254,2529,La Pampa
4443,Obra social o prepaga (incluye PAMI),29,1383,1356,2739,La Pampa
4444,Obra social o prepaga (incluye PAMI),30,1535,1544,3079,La Pampa
4445,Obra social o prepaga (incluye PAMI),31,1518,1479,2997,La Pampa
4446,Obra social o prepaga (incluye PAMI),32,1530,1412,2942,La Pampa
4447,Obra social o prepaga (incluye PAMI),33,1594,1519,3113,La Pampa
4448,Obra social o prepaga (incluye PAMI),34,1525,1499,3024,La Pampa
4449,Obra social o prepaga (incluye PAMI),35,1697,1582,3279,La Pampa
4450,Obra social o prepaga (incluye PAMI),36,1779,1472,3251,La Pampa
4451,Obra social o prepaga (incluye PAMI),37,1669,1546,3215,La Pampa
4452,Obra social o prepaga (incluye PAMI),38,1631,1483,3114,La Pampa
4453,Obra social o prepaga (incluye PAMI),39,1665,1614,3279,La Pampa
4454,Obra social o prepaga (incluye PAMI),40,1798,1679,3477,La Pampa
4455,Obra social o prepaga (incluye PAMI),41,1669,1540,3209,La Pampa
4456,Obra social o prepaga (incluye PAMI),42,1708,1708,3416,La Pampa
4457,Obra social o prepaga (incluye PAMI),43,1675,1629,3304,La Pampa
4458,Obra social o prepaga (incluye PAMI),44,1686,1544,3230,La Pampa
4459,Obra social o prepaga (incluye PAMI),45,1682,1451,3133,La Pampa
4460,Obra social o prepaga (incluye PAMI),46,1581,1466,3047,La Pampa
4461,Obra social o prepaga (incluye PAMI),47,1643,1398,3041,La Pampa
4462,Obra social o prepaga (incluye PAMI),48,1421,1397,2818,La Pampa
4463,Obra social o prepaga (incluye PAMI),49,1477,1351,2828,La Pampa
4464,Obra social o prepaga (incluye PAMI),50,1525,1328,2853,La Pampa
4465,Obra social o prepaga (incluye PAMI),51,1391,1273,2664,La Pampa
4466,Obra social o prepaga (incluye PAMI),52,1369,1206,2575,La Pampa
4467,Obra social o prepaga (incluye PAMI),53,1352,1200,2552,La Pampa
4468,Obra social o prepaga (incluye PAMI),54,1325,1169,2494,La Pampa
4469,Obra social o prepaga (incluye PAMI),55,1226,1155,2381,La Pampa
4470,Obra social o prepaga (incluye PAMI),56,1331,1235,2566,La Pampa
4471,Obra social o prepaga (incluye PAMI),57,1390,1189,2579,La Pampa
4472,Obra social o prepaga (incluye PAMI),58,1263,1178,2441,La Pampa
4473,Obra social o prepaga (incluye PAMI),59,1381,1138,2519,La Pampa
4474,Obra social o prepaga (incluye PAMI),60,1391,1190,2581,La Pampa
4475,Obra social o prepaga (incluye PAMI),61,1467,1137,2604,La Pampa
4476,Obra social o prepaga (incluye PAMI),62,1482,1077,2559,La Pampa
4477,Obra social o prepaga (incluye PAMI),63,1409,1046,2455,La Pampa
4478,Obra social o prepaga (incluye PAMI),64,1487,1043,2530,La Pampa
4479,Obra social o prepaga (incluye PAMI),65,1580,1217,2797,La Pampa
4480,Obra social o prepaga (incluye PAMI),66,1458,1195,2653,La Pampa
4481,Obra social o prepaga (incluye PAMI),67,1485,1285,2770,La Pampa
4482,Obra social o prepaga (incluye PAMI),68,1326,1216,2542,La Pampa
4483,Obra social o prepaga (incluye PAMI),69,1386,1218,2604,La Pampa
4484,Obra social o prepaga (incluye PAMI),70,1323,1120,2443,La Pampa
4485,Obra social o prepaga (incluye PAMI),71,1343,1122,2465,La Pampa
4486,Obra social o prepaga (incluye PAMI),72,1266,1056,2322,La Pampa
4487,Obra social o prepaga (incluye PAMI),73,1243,1015,2258,La Pampa
4488,Obra social o prepaga (incluye PAMI),74,1184,1006,2190,La Pampa
4489,Obra social o prepaga (incluye PAMI),75,1126,863,1989,La Pampa
4490,Obra social o prepaga (incluye PAMI),76,1111,797,1908,La Pampa
4491,Obra social o prepaga (incluye PAMI),77,1008,799,1807,La Pampa
4492,Obra social o prepaga (incluye PAMI),78,890,685,1575,La Pampa
4493,Obra social o prepaga (incluye PAMI),79,802,639,1441,La Pampa
4494,Obra social o prepaga (incluye PAMI),80,840,610,1450,La Pampa
4495,Obra social o prepaga (incluye PAMI),81,761,489,1250,La Pampa
4496,Obra social o prepaga (incluye PAMI),82,678,420,1098,La Pampa
4497,Obra social o prepaga (incluye PAMI),83,628,357,985,La Pampa
4498,Obra social o prepaga (incluye PAMI),84,569,347,916,La Pampa
4499,Obra social o prepaga (incluye PAMI),85,463,287,750,La Pampa
4500,Obra social o prepaga (incluye PAMI),86,483,237,720,La Pampa
4501,Obra social o prepaga (incluye PAMI),87,358,197,555,La Pampa
4502,Obra social o prepaga (incluye PAMI),88,294,153,447,La Pampa
4503,Obra social o prepaga (incluye PAMI),89,256,135,391,La Pampa
4504,Obra social o prepaga (incluye PAMI),90,235,117,352,La Pampa
4505,Obra social o prepaga (incluye PAMI),91,192,83,275,La Pampa
4506,Obra social o prepaga (incluye PAMI),92,159,60,219,La Pampa
4507,Obra social o prepaga (incluye PAMI),93,118,42,160,La Pampa
4508,Obra social o prepaga (incluye PAMI),94,94,48,142,La Pampa
4509,Obra social o prepaga (incluye PAMI),95,59,15,74,La Pampa
4510,Obra social o prepaga (incluye PAMI),96,49,9,58,La Pampa
4511,Obra social o prepaga (incluye PAMI),97,31,14,45,La Pampa
4512,Obra social o prepaga (incluye PAMI),98,14,3,17,La Pampa
4513,Obra social o prepaga (incluye PAMI),99,18,3,21,La Pampa
4514,Obra social o prepaga (incluye PAMI),100,6,1,7,La Pampa
4515,Obra social o prepaga (incluye PAMI),101,4,-,4,La Pampa
4516,Obra social o prepaga (incluye PAMI),102,4,3,7,La Pampa
4517,Obra social o prepaga (incluye PAMI),103,1,-,1,La Pampa
4518,Obra social o prepaga (incluye PAMI),104,1,-,1,La Pampa
4519,Obra social o prepaga (incluye PAMI),106,1,-,1,La Pampa
4520,Obra social o prepaga (incluye PAMI),107,1,-,1,La Pampa
4521,Obra social o prepaga (incluye PAMI),108,1,-,1,La Pampa
4522,Obra social o prepaga (incluye PAMI),109,1,1,2,La Pampa
4524,Programas o planes estatales de salud,,Mujer/Femenino,Varón/Masculino,Total,La Pampa
4525,Programas o planes estatales de salud,0,122,117,239,La Pampa
4526,Programas o planes estatales de salud,1,121,127,248,La Pampa
4527,Programas o planes estatales de salud,2,150,152,302,La Pampa
4528,Programas o planes estatales de salud,3,151,155,306,La Pampa
4529,Programas o planes estatales de salud,4,190,190,380,La Pampa
4530,Programas o planes estatales de salud,5,177,164,341,La Pampa
4531,Programas o planes estatales de salud,6,172,183,355,La Pampa
4532,Programas o planes estatales de salud,7,216,228,444,La Pampa
4533,Programas o planes estatales de salud,8,208,227,435,La Pampa
4534,Programas o planes estatales de salud,9,210,233,443,La Pampa
4535,Programas o planes estatales de salud,10,182,180,362,La Pampa
4536,Programas o planes estatales de salud,11,200,195,395,La Pampa
4537,Programas o planes estatales de salud,12,186,240,426,La Pampa
4538,Programas o planes estatales de salud,13,215,218,433,La Pampa
4539,Programas o planes estatales de salud,14,190,218,408,La Pampa
4540,Programas o planes estatales de salud,15,186,192,378,La Pampa
4541,Programas o planes estatales de salud,16,152,202,354,La Pampa
4542,Programas o planes estatales de salud,17,170,190,360,La Pampa
4543,Programas o planes estatales de salud,18,153,153,306,La Pampa
4544,Programas o planes estatales de salud,19,138,166,304,La Pampa
4545,Programas o planes estatales de salud,20,152,128,280,La Pampa
4546,Programas o planes estatales de salud,21,165,122,287,La Pampa
4547,Programas o planes estatales de salud,22,141,137,278,La Pampa
4548,Programas o planes estatales de salud,23,147,153,300,La Pampa
4549,Programas o planes estatales de salud,24,157,144,301,La Pampa
4550,Programas o planes estatales de salud,25,171,141,312,La Pampa
4551,Programas o planes estatales de salud,26,176,129,305,La Pampa
4552,Programas o planes estatales de salud,27,161,157,318,La Pampa
4553,Programas o planes estatales de salud,28,175,140,315,La Pampa
4554,Programas o planes estatales de salud,29,182,127,309,La Pampa
4555,Programas o planes estatales de salud,30,202,140,342,La Pampa
4556,Programas o planes estatales de salud,31,198,162,360,La Pampa
4557,Programas o planes estatales de salud,32,202,156,358,La Pampa
4558,Programas o planes estatales de salud,33,163,153,316,La Pampa
4559,Programas o planes estatales de salud,34,180,128,308,La Pampa
4560,Programas o planes estatales de salud,35,206,151,357,La Pampa
4561,Programas o planes estatales de salud,36,158,144,302,La Pampa
4562,Programas o planes estatales de salud,37,167,117,284,La Pampa
4563,Programas o planes estatales de salud,38,176,137,313,La Pampa
4564,Programas o planes estatales de salud,39,175,146,321,La Pampa
4565,Programas o planes estatales de salud,40,183,144,327,La Pampa
4566,Programas o planes estatales de salud,41,174,130,304,La Pampa
4567,Programas o planes estatales de salud,42,176,154,330,La Pampa
4568,Programas o planes estatales de salud,43,167,110,277,La Pampa
4569,Programas o planes estatales de salud,44,143,128,271,La Pampa
4570,Programas o planes estatales de salud,45,188,127,315,La Pampa
4571,Programas o planes estatales de salud,46,141,112,253,La Pampa
4572,Programas o planes estatales de salud,47,142,121,263,La Pampa
4573,Programas o planes estatales de salud,48,120,117,237,La Pampa
4574,Programas o planes estatales de salud,49,163,114,277,La Pampa
4575,Programas o planes estatales de salud,50,155,107,262,La Pampa
4576,Programas o planes estatales de salud,51,159,100,259,La Pampa
4577,Programas o planes estatales de salud,52,141,108,249,La Pampa
4578,Programas o planes estatales de salud,53,148,103,251,La Pampa
4579,Programas o planes estatales de salud,54,156,105,261,La Pampa
4580,Programas o planes estatales de salud,55,141,98,239,La Pampa
4581,Programas o planes estatales de salud,56,123,101,224,La Pampa
4582,Programas o planes estatales de salud,57,165,106,271,La Pampa
4583,Programas o planes estatales de salud,58,132,109,241,La Pampa
4584,Programas o planes estatales de salud,59,145,109,254,La Pampa
4585,Programas o planes estatales de salud,60,97,117,214,La Pampa
4586,Programas o planes estatales de salud,61,91,89,180,La Pampa
4587,Programas o planes estatales de salud,62,83,95,178,La Pampa
4588,Programas o planes estatales de salud,63,67,89,156,La Pampa
4589,Programas o planes estatales de salud,64,56,74,130,La Pampa
4590,Programas o planes estatales de salud,65,34,67,101,La Pampa
4591,Programas o planes estatales de salud,66,42,59,101,La Pampa
4592,Programas o planes estatales de salud,67,24,43,67,La Pampa
4593,Programas o planes estatales de salud,68,41,46,87,La Pampa
4594,Programas o planes estatales de salud,69,31,39,70,La Pampa
4595,Programas o planes estatales de salud,70,27,22,49,La Pampa
4596,Programas o planes estatales de salud,71,22,13,35,La Pampa
4597,Programas o planes estatales de salud,72,27,20,47,La Pampa
4598,Programas o planes estatales de salud,73,16,13,29,La Pampa
4599,Programas o planes estatales de salud,74,20,13,33,La Pampa
4600,Programas o planes estatales de salud,75,17,15,32,La Pampa
4601,Programas o planes estatales de salud,76,19,10,29,La Pampa
4602,Programas o planes estatales de salud,77,18,9,27,La Pampa
4603,Programas o planes estatales de salud,78,15,13,28,La Pampa
4604,Programas o planes estatales de salud,79,15,11,26,La Pampa
4605,Programas o planes estatales de salud,80,10,11,21,La Pampa
4606,Programas o planes estatales de salud,81,6,5,11,La Pampa
4607,Programas o planes estatales de salud,82,9,4,13,La Pampa
4608,Programas o planes estatales de salud,83,9,5,14,La Pampa
4609,Programas o planes estatales de salud,84,5,3,8,La Pampa
4610,Programas o planes estatales de salud,85,7,4,11,La Pampa
4611,Programas o planes estatales de salud,86,8,1,9,La Pampa
4612,Programas o planes estatales de salud,87,-,2,2,La Pampa
4613,Programas o planes estatales de salud,88,3,2,5,La Pampa
4614,Programas o planes estatales de salud,89,1,-,1,La Pampa
4615,Programas o planes estatales de salud,90,1,1,2,La Pampa
4616,Programas o planes estatales de salud,91,2,1,3,La Pampa
4617,Programas o planes estatales de salud,92,3,-,3,La Pampa
4618,Programas o planes estatales de salud,93,3,1,4,La Pampa
4619,Programas o planes estatales de salud,94,1,1,2,La Pampa
4620,Programas o planes estatales de salud,95,1,1,2,La Pampa
4621,Programas o planes estatales de salud,100,1,-,1,La Pampa
4622,Programas o planes estatales de salud,101,1,-,1,La Pampa
4624,"No tiene obra social, prepaga ni plan estatal",,Mujer/Femenino,Varón/Masculino,Total,La Pampa
4625,"No tiene obra social, prepaga ni plan estatal",0,780,746,1526,La Pampa
4626,"No tiene obra social, prepaga ni plan estatal",1,773,787,1560,La Pampa
4627,"No tiene obra social, prepaga ni plan estatal",2,812,891,1703,La Pampa
4628,"No tiene obra social, prepaga ni plan estatal",3,983,959,1942,La Pampa
4629,"No tiene obra social, prepaga ni plan estatal",4,1067,1074,2141,La Pampa
4630,"No tiene obra social, prepaga ni plan estatal",5,1035,1096,2131,La Pampa
4631,"No tiene obra social, prepaga ni plan estatal",6,1126,1143,2269,La Pampa
4632,"No tiene obra social, prepaga ni plan estatal",7,1208,1293,2501,La Pampa
4633,"No tiene obra social, prepaga ni plan estatal",8,1164,1203,2367,La Pampa
4634,"No tiene obra social, prepaga ni plan estatal",9,1058,1096,2154,La Pampa
4635,"No tiene obra social, prepaga ni plan estatal",10,1096,1147,2243,La Pampa
4636,"No tiene obra social, prepaga ni plan estatal",11,1110,1080,2190,La Pampa
4637,"No tiene obra social, prepaga ni plan estatal",12,1134,1061,2195,La Pampa
4638,"No tiene obra social, prepaga ni plan estatal",13,1095,1036,2131,La Pampa
4639,"No tiene obra social, prepaga ni plan estatal",14,1087,1045,2132,La Pampa
4640,"No tiene obra social, prepaga ni plan estatal",15,1022,1090,2112,La Pampa
4641,"No tiene obra social, prepaga ni plan estatal",16,1047,1035,2082,La Pampa
4642,"No tiene obra social, prepaga ni plan estatal",17,997,1121,2118,La Pampa
4643,"No tiene obra social, prepaga ni plan estatal",18,1004,1041,2045,La Pampa
4644,"No tiene obra social, prepaga ni plan estatal",19,1069,1123,2192,La Pampa
4645,"No tiene obra social, prepaga ni plan estatal",20,1038,1008,2046,La Pampa
4646,"No tiene obra social, prepaga ni plan estatal",21,1299,1279,2578,La Pampa
4647,"No tiene obra social, prepaga ni plan estatal",22,1281,1357,2638,La Pampa
4648,"No tiene obra social, prepaga ni plan estatal",23,1258,1183,2441,La Pampa
4649,"No tiene obra social, prepaga ni plan estatal",24,1359,1317,2676,La Pampa
4650,"No tiene obra social, prepaga ni plan estatal",25,1371,1350,2721,La Pampa
4651,"No tiene obra social, prepaga ni plan estatal",26,1375,1232,2607,La Pampa
4652,"No tiene obra social, prepaga ni plan estatal",27,1279,1292,2571,La Pampa
4653,"No tiene obra social, prepaga ni plan estatal",28,1230,1184,2414,La Pampa
4654,"No tiene obra social, prepaga ni plan estatal",29,1211,1186,2397,La Pampa
4655,"No tiene obra social, prepaga ni plan estatal",30,1267,1253,2520,La Pampa
4656,"No tiene obra social, prepaga ni plan estatal",31,1187,1143,2330,La Pampa
4657,"No tiene obra social, prepaga ni plan estatal",32,1037,1118,2155,La Pampa
4658,"No tiene obra social, prepaga ni plan estatal",33,980,1094,2074,La Pampa
4659,"No tiene obra social, prepaga ni plan estatal",34,920,961,1881,La Pampa
4660,"No tiene obra social, prepaga ni plan estatal",35,980,932,1912,La Pampa
4661,"No tiene obra social, prepaga ni plan estatal",36,861,907,1768,La Pampa
4662,"No tiene obra social, prepaga ni plan estatal",37,809,901,1710,La Pampa
4663,"No tiene obra social, prepaga ni plan estatal",38,834,816,1650,La Pampa
4664,"No tiene obra social, prepaga ni plan estatal",39,878,830,1708,La Pampa
4665,"No tiene obra social, prepaga ni plan estatal",40,814,862,1676,La Pampa
4666,"No tiene obra social, prepaga ni plan estatal",41,820,813,1633,La Pampa
4667,"No tiene obra social, prepaga ni plan estatal",42,744,872,1616,La Pampa
4668,"No tiene obra social, prepaga ni plan estatal",43,722,853,1575,La Pampa
4669,"No tiene obra social, prepaga ni plan estatal",44,715,734,1449,La Pampa
4670,"No tiene obra social, prepaga ni plan estatal",45,612,729,1341,La Pampa
4671,"No tiene obra social, prepaga ni plan estatal",46,641,718,1359,La Pampa
4672,"No tiene obra social, prepaga ni plan estatal",47,631,731,1362,La Pampa
4673,"No tiene obra social, prepaga ni plan estatal",48,581,642,1223,La Pampa
4674,"No tiene obra social, prepaga ni plan estatal",49,565,619,1184,La Pampa
4675,"No tiene obra social, prepaga ni plan estatal",50,569,630,1199,La Pampa
4676,"No tiene obra social, prepaga ni plan estatal",51,506,621,1127,La Pampa
4677,"No tiene obra social, prepaga ni plan estatal",52,492,580,1072,La Pampa
4678,"No tiene obra social, prepaga ni plan estatal",53,482,523,1005,La Pampa
4679,"No tiene obra social, prepaga ni plan estatal",54,477,509,986,La Pampa
4680,"No tiene obra social, prepaga ni plan estatal",55,466,555,1021,La Pampa
4681,"No tiene obra social, prepaga ni plan estatal",56,428,605,1033,La Pampa
4682,"No tiene obra social, prepaga ni plan estatal",57,426,559,985,La Pampa
4683,"No tiene obra social, prepaga ni plan estatal",58,405,517,922,La Pampa
4684,"No tiene obra social, prepaga ni plan estatal",59,404,504,908,La Pampa
4685,"No tiene obra social, prepaga ni plan estatal",60,313,480,793,La Pampa
4686,"No tiene obra social, prepaga ni plan estatal",61,179,405,584,La Pampa
4687,"No tiene obra social, prepaga ni plan estatal",62,104,395,499,La Pampa
4688,"No tiene obra social, prepaga ni plan estatal",63,87,375,462,La Pampa
4689,"No tiene obra social, prepaga ni plan estatal",64,63,344,407,La Pampa
4690,"No tiene obra social, prepaga ni plan estatal",65,51,235,286,La Pampa
4691,"No tiene obra social, prepaga ni plan estatal",66,31,168,199,La Pampa
4692,"No tiene obra social, prepaga ni plan estatal",67,29,119,148,La Pampa
4693,"No tiene obra social, prepaga ni plan estatal",68,22,90,112,La Pampa
4694,"No tiene obra social, prepaga ni plan estatal",69,23,42,65,La Pampa
4695,"No tiene obra social, prepaga ni plan estatal",70,35,23,58,La Pampa
4696,"No tiene obra social, prepaga ni plan estatal",71,17,23,40,La Pampa
4697,"No tiene obra social, prepaga ni plan estatal",72,21,12,33,La Pampa
4698,"No tiene obra social, prepaga ni plan estatal",73,19,18,37,La Pampa
4699,"No tiene obra social, prepaga ni plan estatal",74,9,16,25,La Pampa
4700,"No tiene obra social, prepaga ni plan estatal",75,13,16,29,La Pampa
4701,"No tiene obra social, prepaga ni plan estatal",76,12,12,24,La Pampa
4702,"No tiene obra social, prepaga ni plan estatal",77,8,4,12,La Pampa
4703,"No tiene obra social, prepaga ni plan estatal",78,5,6,11,La Pampa
4704,"No tiene obra social, prepaga ni plan estatal",79,8,6,14,La Pampa
4705,"No tiene obra social, prepaga ni plan estatal",80,5,5,10,La Pampa
4706,"No tiene obra social, prepaga ni plan estatal",81,9,8,17,La Pampa
4707,"No tiene obra social, prepaga ni plan estatal",82,6,2,8,La Pampa
4708,"No tiene obra social, prepaga ni plan estatal",83,2,4,6,La Pampa
4709,"No tiene obra social, prepaga ni plan estatal",84,2,2,4,La Pampa
4710,"No tiene obra social, prepaga ni plan estatal",85,4,3,7,La Pampa
4711,"No tiene obra social, prepaga ni plan estatal",86,5,1,6,La Pampa
4712,"No tiene obra social, prepaga ni plan estatal",87,2,2,4,La Pampa
4713,"No tiene obra social, prepaga ni plan estatal",88,2,2,4,La Pampa
4714,"No tiene obra social, prepaga ni plan estatal",89,2,2,4,La Pampa
4715,"No tiene obra social, prepaga ni plan estatal",90,2,1,3,La Pampa
4716,"No tiene obra social, prepaga ni plan estatal",91,6,1,7,La Pampa
4717,"No tiene obra social, prepaga ni plan estatal",92,1,-,1,La Pampa
4718,"No tiene obra social, prepaga ni plan estatal",93,1,-,1,La Pampa
4719,"No tiene obra social, prepaga ni plan estatal",94,1,2,3,La Pampa
4720,"No tiene obra social, prepaga ni plan estatal",95,1,1,2,La Pampa
4721,"No tiene obra social, prepaga ni plan estatal",98,1,1,2,La Pampa
4722,"No tiene obra social, prepaga ni plan estatal",99,1,-,1,La Pampa
4723,"No tiene obra social, prepaga ni plan estatal",102,-,1,1,La Pampa
4837,AREA # 46,La Rioja,,,,La Rioja
4838,AREA # 46,,,,,La Rioja
4839,Cobertura de salud,Edad,Sexo registrado al nacer,,,La Rioja
4840,Obra social o prepaga (incluye PAMI),,Mujer/Femenino,Varón/Masculino,Total,La Rioja
4841,Obra social o prepaga (incluye PAMI),0,813,843,1656,La Rioja
4842,Obra social o prepaga (incluye PAMI),1,842,889,1731,La Rioja
4843,Obra social o prepaga (incluye PAMI),2,990,985,1975,La Rioja
4844,Obra social o prepaga (incluye PAMI),3,1115,1144,2259,La Rioja
4845,Obra social o prepaga (incluye PAMI),4,1186,1272,2458,La Rioja
4846,Obra social o prepaga (incluye PAMI),5,1306,1299,2605,La Rioja
4847,Obra social o prepaga (incluye PAMI),6,1394,1408,2802,La Rioja
4848,Obra social o prepaga (incluye PAMI),7,1571,1490,3061,La Rioja
4849,Obra social o prepaga (incluye PAMI),8,1385,1522,2907,La Rioja
4850,Obra social o prepaga (incluye PAMI),9,1565,1628,3193,La Rioja
4851,Obra social o prepaga (incluye PAMI),10,1513,1504,3017,La Rioja
4852,Obra social o prepaga (incluye PAMI),11,1513,1581,3094,La Rioja
4853,Obra social o prepaga (incluye PAMI),12,1670,1615,3285,La Rioja
4854,Obra social o prepaga (incluye PAMI),13,1655,1741,3396,La Rioja
4855,Obra social o prepaga (incluye PAMI),14,1622,1746,3368,La Rioja
4856,Obra social o prepaga (incluye PAMI),15,1661,1676,3337,La Rioja
4857,Obra social o prepaga (incluye PAMI),16,1721,1691,3412,La Rioja
4858,Obra social o prepaga (incluye PAMI),17,1812,1748,3560,La Rioja
4859,Obra social o prepaga (incluye PAMI),18,1780,1634,3414,La Rioja
4860,Obra social o prepaga (incluye PAMI),19,1778,1558,3336,La Rioja
4861,Obra social o prepaga (incluye PAMI),20,1626,1523,3149,La Rioja
4862,Obra social o prepaga (incluye PAMI),21,1374,1242,2616,La Rioja
4863,Obra social o prepaga (incluye PAMI),22,1181,1179,2360,La Rioja
4864,Obra social o prepaga (incluye PAMI),23,1112,1037,2149,La Rioja
4865,Obra social o prepaga (incluye PAMI),24,1094,1025,2119,La Rioja
4866,Obra social o prepaga (incluye PAMI),25,1141,1161,2302,La Rioja
4867,Obra social o prepaga (incluye PAMI),26,1221,1187,2408,La Rioja
4868,Obra social o prepaga (incluye PAMI),27,1358,1227,2585,La Rioja
4869,Obra social o prepaga (incluye PAMI),28,1259,1193,2452,La Rioja
4870,Obra social o prepaga (incluye PAMI),29,1393,1360,2753,La Rioja
4871,Obra social o prepaga (incluye PAMI),30,1434,1342,2776,La Rioja
4872,Obra social o prepaga (incluye PAMI),31,1373,1345,2718,La Rioja
4873,Obra social o prepaga (incluye PAMI),32,1451,1250,2701,La Rioja
4874,Obra social o prepaga (incluye PAMI),33,1454,1363,2817,La Rioja
4875,Obra social o prepaga (incluye PAMI),34,1426,1334,2760,La Rioja
4876,Obra social o prepaga (incluye PAMI),35,1471,1412,2883,La Rioja
4877,Obra social o prepaga (incluye PAMI),36,1513,1321,2834,La Rioja
4878,Obra social o prepaga (incluye PAMI),37,1528,1306,2834,La Rioja
4879,Obra social o prepaga (incluye PAMI),38,1415,1325,2740,La Rioja
4880,Obra social o prepaga (incluye PAMI),39,1640,1379,3019,La Rioja
4881,Obra social o prepaga (incluye PAMI),40,1671,1472,3143,La Rioja
4882,Obra social o prepaga (incluye PAMI),41,1659,1551,3210,La Rioja
4883,Obra social o prepaga (incluye PAMI),42,1883,1596,3479,La Rioja
4884,Obra social o prepaga (incluye PAMI),43,1781,1556,3337,La Rioja
4885,Obra social o prepaga (incluye PAMI),44,1749,1535,3284,La Rioja
4886,Obra social o prepaga (incluye PAMI),45,1685,1428,3113,La Rioja
4887,Obra social o prepaga (incluye PAMI),46,1608,1347,2955,La Rioja
4888,Obra social o prepaga (incluye PAMI),47,1638,1385,3023,La Rioja
4889,Obra social o prepaga (incluye PAMI),48,1462,1223,2685,La Rioja
4890,Obra social o prepaga (incluye PAMI),49,1415,1235,2650,La Rioja
4891,Obra social o prepaga (incluye PAMI),50,1418,1223,2641,La Rioja
4892,Obra social o prepaga (incluye PAMI),51,1341,1217,2558,La Rioja
4893,Obra social o prepaga (incluye PAMI),52,1313,1190,2503,La Rioja
4894,Obra social o prepaga (incluye PAMI),53,1260,1215,2475,La Rioja
4895,Obra social o prepaga (incluye PAMI),54,1304,1068,2372,La Rioja
4896,Obra social o prepaga (incluye PAMI),55,1280,1103,2383,La Rioja
4897,Obra social o prepaga (incluye PAMI),56,1238,1094,2332,La Rioja
4898,Obra social o prepaga (incluye PAMI),57,1233,1192,2425,La Rioja
4899,Obra social o prepaga (incluye PAMI),58,1216,1066,2282,La Rioja
4900,Obra social o prepaga (incluye PAMI),59,1273,1085,2358,La Rioja
4901,Obra social o prepaga (incluye PAMI),60,1282,1077,2359,La Rioja
4902,Obra social o prepaga (incluye PAMI),61,1302,975,2277,La Rioja
4903,Obra social o prepaga (incluye PAMI),62,1134,1029,2163,La Rioja
4904,Obra social o prepaga (incluye PAMI),63,1246,1015,2261,La Rioja
4905,Obra social o prepaga (incluye PAMI),64,1188,896,2084,La Rioja
4906,Obra social o prepaga (incluye PAMI),65,1167,958,2125,La Rioja
4907,Obra social o prepaga (incluye PAMI),66,1285,1081,2366,La Rioja
4908,Obra social o prepaga (incluye PAMI),67,1199,1027,2226,La Rioja
4909,Obra social o prepaga (incluye PAMI),68,1200,993,2193,La Rioja
4910,Obra social o prepaga (incluye PAMI),69,1070,1019,2089,La Rioja
4911,Obra social o prepaga (incluye PAMI),70,1088,912,2000,La Rioja
4912,Obra social o prepaga (incluye PAMI),71,991,790,1781,La Rioja
4913,Obra social o prepaga (incluye PAMI),72,936,842,1778,La Rioja
4914,Obra social o prepaga (incluye PAMI),73,872,679,1551,La Rioja
4915,Obra social o prepaga (incluye PAMI),74,857,666,1523,La Rioja
4916,Obra social o prepaga (incluye PAMI),75,751,590,1341,La Rioja
4917,Obra social o prepaga (incluye PAMI),76,749,562,1311,La Rioja
4918,Obra social o prepaga (incluye PAMI),77,647,511,1158,La Rioja
4919,Obra social o prepaga (incluye PAMI),78,647,449,1096,La Rioja
4920,Obra social o prepaga (incluye PAMI),79,542,389,931,La Rioja
4921,Obra social o prepaga (incluye PAMI),80,461,337,798,La Rioja
4922,Obra social o prepaga (incluye PAMI),81,453,299,752,La Rioja
4923,Obra social o prepaga (incluye PAMI),82,434,278,712,La Rioja
4924,Obra social o prepaga (incluye PAMI),83,362,236,598,La Rioja
4925,Obra social o prepaga (incluye PAMI),84,343,201,544,La Rioja
4926,Obra social o prepaga (incluye PAMI),85,282,160,442,La Rioja
4927,Obra social o prepaga (incluye PAMI),86,257,118,375,La Rioja
4928,Obra social o prepaga (incluye PAMI),87,227,128,355,La Rioja
4929,Obra social o prepaga (incluye PAMI),88,193,120,313,La Rioja
4930,Obra social o prepaga (incluye PAMI),89,156,79,235,La Rioja
4931,Obra social o prepaga (incluye PAMI),90,153,71,224,La Rioja
4932,Obra social o prepaga (incluye PAMI),91,134,78,212,La Rioja
4933,Obra social o prepaga (incluye PAMI),92,106,42,148,La Rioja
4934,Obra social o prepaga (incluye PAMI),93,77,26,103,La Rioja
4935,Obra social o prepaga (incluye PAMI),94,59,19,78,La Rioja
4936,Obra social o prepaga (incluye PAMI),95,50,15,65,La Rioja
4937,Obra social o prepaga (incluye PAMI),96,37,11,48,La Rioja
4938,Obra social o prepaga (incluye PAMI),97,20,2,22,La Rioja
4939,Obra social o prepaga (incluye PAMI),98,25,6,31,La Rioja
4940,Obra social o prepaga (incluye PAMI),99,14,9,23,La Rioja
4941,Obra social o prepaga (incluye PAMI),100,9,2,11,La Rioja
4942,Obra social o prepaga (incluye PAMI),101,5,-,5,La Rioja
4943,Obra social o prepaga (incluye PAMI),102,5,1,6,La Rioja
4944,Obra social o prepaga (incluye PAMI),103,6,1,7,La Rioja
4945,Obra social o prepaga (incluye PAMI),104,1,1,2,La Rioja
4946,Obra social o prepaga (incluye PAMI),106,1,-,1,La Rioja
4947,Obra social o prepaga (incluye PAMI),107,2,-,2,La Rioja
4948,Obra social o prepaga (incluye PAMI),110,1,-,1,La Rioja
4950,Programas o planes estatales de salud,,Mujer/Femenino,Varón/Masculino,Total,La Rioja
4951,Programas o planes estatales de salud,0,62,59,121,La Rioja
4952,Programas o planes estatales de salud,1,66,56,122,La Rioja
4953,Programas o planes estatales de salud,2,72,76,148,La Rioja
4954,Programas o planes estatales de salud,3,68,68,136,La Rioja
4955,Programas o planes estatales de salud,4,86,76,162,La Rioja
4956,Programas o planes estatales de salud,5,96,83,179,La Rioja
4957,Programas o planes estatales de salud,6,75,101,176,La Rioja
4958,Programas o planes estatales de salud,7,108,112,220,La Rioja
4959,Programas o planes estatales de salud,8,96,121,217,La Rioja
4960,Programas o planes estatales de salud,9,94,104,198,La Rioja
4961,Programas o planes estatales de salud,10,112,129,241,La Rioja
4962,Programas o planes estatales de salud,11,107,104,211,La Rioja
4963,Programas o planes estatales de salud,12,120,140,260,La Rioja
4964,Programas o planes estatales de salud,13,105,110,215,La Rioja
4965,Programas o planes estatales de salud,14,107,103,210,La Rioja
4966,Programas o planes estatales de salud,15,110,117,227,La Rioja
4967,Programas o planes estatales de salud,16,111,131,242,La Rioja
4968,Programas o planes estatales de salud,17,121,114,235,La Rioja
4969,Programas o planes estatales de salud,18,91,132,223,La Rioja
4970,Programas o planes estatales de salud,19,140,114,254,La Rioja
4971,Programas o planes estatales de salud,20,105,115,220,La Rioja
4972,Programas o planes estatales de salud,21,98,94,192,La Rioja
4973,Programas o planes estatales de salud,22,100,83,183,La Rioja
4974,Programas o planes estatales de salud,23,67,82,149,La Rioja
4975,Programas o planes estatales de salud,24,96,93,189,La Rioja
4976,Programas o planes estatales de salud,25,82,75,157,La Rioja
4977,Programas o planes estatales de salud,26,110,88,198,La Rioja
4978,Programas o planes estatales de salud,27,105,109,214,La Rioja
4979,Programas o planes estatales de salud,28,112,104,216,La Rioja
4980,Programas o planes estatales de salud,29,118,96,214,La Rioja
4981,Programas o planes estatales de salud,30,130,114,244,La Rioja
4982,Programas o planes estatales de salud,31,130,96,226,La Rioja
4983,Programas o planes estatales de salud,32,95,91,186,La Rioja
4984,Programas o planes estatales de salud,33,119,103,222,La Rioja
4985,Programas o planes estatales de salud,34,102,97,199,La Rioja
4986,Programas o planes estatales de salud,35,141,106,247,La Rioja
4987,Programas o planes estatales de salud,36,112,96,208,La Rioja
4988,Programas o planes estatales de salud,37,124,90,214,La Rioja
4989,Programas o planes estatales de salud,38,125,107,232,La Rioja
4990,Programas o planes estatales de salud,39,134,111,245,La Rioja
4991,Programas o planes estatales de salud,40,133,107,240,La Rioja
4992,Programas o planes estatales de salud,41,108,103,211,La Rioja
4993,Programas o planes estatales de salud,42,151,123,274,La Rioja
4994,Programas o planes estatales de salud,43,192,134,326,La Rioja
4995,Programas o planes estatales de salud,44,151,114,265,La Rioja
4996,Programas o planes estatales de salud,45,146,109,255,La Rioja
4997,Programas o planes estatales de salud,46,115,114,229,La Rioja
4998,Programas o planes estatales de salud,47,146,94,240,La Rioja
4999,Programas o planes estatales de salud,48,123,99,222,La Rioja
5000,Programas o planes estatales de salud,49,102,74,176,La Rioja
5001,Programas o planes estatales de salud,50,120,96,216,La Rioja
5002,Programas o planes estatales de salud,51,132,89,221,La Rioja
5003,Programas o planes estatales de salud,52,118,107,225,La Rioja
5004,Programas o planes estatales de salud,53,117,88,205,La Rioja
5005,Programas o planes estatales de salud,54,125,104,229,La Rioja
5006,Programas o planes estatales de salud,55,109,107,216,La Rioja
5007,Programas o planes estatales de salud,56,119,109,228,La Rioja
5008,Programas o planes estatales de salud,57,112,82,194,La Rioja
5009,Programas o planes estatales de salud,58,101,63,164,La Rioja
5010,Programas o planes estatales de salud,59,118,83,201,La Rioja
5011,Programas o planes estatales de salud,60,104,96,200,La Rioja
5012,Programas o planes estatales de salud,61,93,100,193,La Rioja
5013,Programas o planes estatales de salud,62,98,75,173,La Rioja
5014,Programas o planes estatales de salud,63,87,82,169,La Rioja
5015,Programas o planes estatales de salud,64,76,84,160,La Rioja
5016,Programas o planes estatales de salud,65,39,58,97,La Rioja
5017,Programas o planes estatales de salud,66,57,56,113,La Rioja
5018,Programas o planes estatales de salud,67,49,55,104,La Rioja
5019,Programas o planes estatales de salud,68,44,41,85,La Rioja
5020,Programas o planes estatales de salud,69,48,42,90,La Rioja
5021,Programas o planes estatales de salud,70,31,30,61,La Rioja
5022,Programas o planes estatales de salud,71,34,38,72,La Rioja
5023,Programas o planes estatales de salud,72,40,24,64,La Rioja
5024,Programas o planes estatales de salud,73,43,25,68,La Rioja
5025,Programas o planes estatales de salud,74,31,15,46,La Rioja
5026,Programas o planes estatales de salud,75,18,28,46,La Rioja
5027,Programas o planes estatales de salud,76,20,13,33,La Rioja
5028,Programas o planes estatales de salud,77,20,15,35,La Rioja
5029,Programas o planes estatales de salud,78,22,20,42,La Rioja
5030,Programas o planes estatales de salud,79,27,15,42,La Rioja
5031,Programas o planes estatales de salud,80,21,7,28,La Rioja
5032,Programas o planes estatales de salud,81,22,11,33,La Rioja
5033,Programas o planes estatales de salud,82,16,5,21,La Rioja
5034,Programas o planes estatales de salud,83,11,7,18,La Rioja
5035,Programas o planes estatales de salud,84,14,11,25,La Rioja
5036,Programas o planes estatales de salud,85,10,5,15,La Rioja
5037,Programas o planes estatales de salud,86,11,1,12,La Rioja
5038,Programas o planes estatales de salud,87,10,4,14,La Rioja
5039,Programas o planes estatales de salud,88,9,4,13,La Rioja
5040,Programas o planes estatales de salud,89,5,2,7,La Rioja
5041,Programas o planes estatales de salud,90,7,1,8,La Rioja
5042,Programas o planes estatales de salud,91,5,6,11,La Rioja
5043,Programas o planes estatales de salud,92,6,-,6,La Rioja
5044,Programas o planes estatales de salud,93,5,1,6,La Rioja
5045,Programas o planes estatales de salud,94,2,2,4,La Rioja
5046,Programas o planes estatales de salud,95,3,-,3,La Rioja
5047,Programas o planes estatales de salud,96,1,2,3,La Rioja
5048,Programas o planes estatales de salud,97,1,-,1,La Rioja
5049,Programas o planes estatales de salud,98,1,1,2,La Rioja
5050,Programas o planes estatales de salud,99,1,1,2,La Rioja
5052,"No tiene obra social, prepaga ni plan estatal",,Mujer/Femenino,Varón/Masculino,Total,La Rioja
5053,"No tiene obra social, prepaga ni plan estatal",0,1232,1241,2473,La Rioja
5054,"No tiene obra social, prepaga ni plan estatal",1,1122,1134,2256,La Rioja
5055,"No tiene obra social, prepaga ni plan estatal",2,1250,1336,2586,La Rioja
5056,"No tiene obra social, prepaga ni plan estatal",3,1347,1406,2753,La Rioja
5057,"No tiene obra social, prepaga ni plan estatal",4,1439,1380,2819,La Rioja
5058,"No tiene obra social, prepaga ni plan estatal",5,1392,1472,2864,La Rioja
5059,"No tiene obra social, prepaga ni plan estatal",6,1468,1496,2964,La Rioja
5060,"No tiene obra social, prepaga ni plan estatal",7,1494,1637,3131,La Rioja
5061,"No tiene obra social, prepaga ni plan estatal",8,1525,1508,3033,La Rioja
5062,"No tiene obra social, prepaga ni plan estatal",9,1472,1479,2951,La Rioja
5063,"No tiene obra social, prepaga ni plan estatal",10,1276,1434,2710,La Rioja
5064,"No tiene obra social, prepaga ni plan estatal",11,1337,1402,2739,La Rioja
5065,"No tiene obra social, prepaga ni plan estatal",12,1271,1314,2585,La Rioja
5066,"No tiene obra social, prepaga ni plan estatal",13,1310,1335,2645,La Rioja
5067,"No tiene obra social, prepaga ni plan estatal",14,1261,1324,2585,La Rioja
5068,"No tiene obra social, prepaga ni plan estatal",15,1232,1281,2513,La Rioja
5069,"No tiene obra social, prepaga ni plan estatal",16,1343,1351,2694,La Rioja
5070,"No tiene obra social, prepaga ni plan estatal",17,1360,1369,2729,La Rioja
5071,"No tiene obra social, prepaga ni plan estatal",18,1476,1438,2914,La Rioja
5072,"No tiene obra social, prepaga ni plan estatal",19,1627,1644,3271,La Rioja
5073,"No tiene obra social, prepaga ni plan estatal",20,1656,1551,3207,La Rioja
5074,"No tiene obra social, prepaga ni plan estatal",21,2004,2007,4011,La Rioja
5075,"No tiene obra social, prepaga ni plan estatal",22,2146,2103,4249,La Rioja
5076,"No tiene obra social, prepaga ni plan estatal",23,2131,2118,4249,La Rioja
5077,"No tiene obra social, prepaga ni plan estatal",24,2343,2112,4455,La Rioja
5078,"No tiene obra social, prepaga ni plan estatal",25,2427,2202,4629,La Rioja
5079,"No tiene obra social, prepaga ni plan estatal",26,2402,2312,4714,La Rioja
5080,"No tiene obra social, prepaga ni plan estatal",27,2304,2167,4471,La Rioja
5081,"No tiene obra social, prepaga ni plan estatal",28,2188,2038,4226,La Rioja
5082,"No tiene obra social, prepaga ni plan estatal",29,2039,1946,3985,La Rioja
5083,"No tiene obra social, prepaga ni plan estatal",30,1993,2000,3993,La Rioja
5084,"No tiene obra social, prepaga ni plan estatal",31,1724,1681,3405,La Rioja
5085,"No tiene obra social, prepaga ni plan estatal",32,1498,1514,3012,La Rioja
5086,"No tiene obra social, prepaga ni plan estatal",33,1429,1391,2820,La Rioja
5087,"No tiene obra social, prepaga ni plan estatal",34,1352,1323,2675,La Rioja
5088,"No tiene obra social, prepaga ni plan estatal",35,1375,1245,2620,La Rioja
5089,"No tiene obra social, prepaga ni plan estatal",36,1298,1233,2531,La Rioja
5090,"No tiene obra social, prepaga ni plan estatal",37,1132,1097,2229,La Rioja
5091,"No tiene obra social, prepaga ni plan estatal",38,1035,1121,2156,La Rioja
5092,"No tiene obra social, prepaga ni plan estatal",39,1138,1127,2265,La Rioja
5093,"No tiene obra social, prepaga ni plan estatal",40,1110,1171,2281,La Rioja
5094,"No tiene obra social, prepaga ni plan estatal",41,1058,1068,2126,La Rioja
5095,"No tiene obra social, prepaga ni plan estatal",42,1122,1112,2234,La Rioja
5096,"No tiene obra social, prepaga ni plan estatal",43,1027,1126,2153,La Rioja
5097,"No tiene obra social, prepaga ni plan estatal",44,882,972,1854,La Rioja
5098,"No tiene obra social, prepaga ni plan estatal",45,884,1007,1891,La Rioja
5099,"No tiene obra social, prepaga ni plan estatal",46,789,888,1677,La Rioja
5100,"No tiene obra social, prepaga ni plan estatal",47,769,874,1643,La Rioja
5101,"No tiene obra social, prepaga ni plan estatal",48,716,751,1467,La Rioja
5102,"No tiene obra social, prepaga ni plan estatal",49,621,773,1394,La Rioja
5103,"No tiene obra social, prepaga ni plan estatal",50,619,718,1337,La Rioja
5104,"No tiene obra social, prepaga ni plan estatal",51,578,651,1229,La Rioja
5105,"No tiene obra social, prepaga ni plan estatal",52,521,604,1125,La Rioja
5106,"No tiene obra social, prepaga ni plan estatal",53,513,562,1075,La Rioja
5107,"No tiene obra social, prepaga ni plan estatal",54,504,503,1007,La Rioja
5108,"No tiene obra social, prepaga ni plan estatal",55,448,460,908,La Rioja
5109,"No tiene obra social, prepaga ni plan estatal",56,405,484,889,La Rioja
5110,"No tiene obra social, prepaga ni plan estatal",57,427,482,909,La Rioja
5111,"No tiene obra social, prepaga ni plan estatal",58,403,435,838,La Rioja
5112,"No tiene obra social, prepaga ni plan estatal",59,418,430,848,La Rioja
5113,"No tiene obra social, prepaga ni plan estatal",60,369,423,792,La Rioja
5114,"No tiene obra social, prepaga ni plan estatal",61,244,391,635,La Rioja
5115,"No tiene obra social, prepaga ni plan estatal",62,216,415,631,La Rioja
5116,"No tiene obra social, prepaga ni plan estatal",63,168,349,517,La Rioja
5117,"No tiene obra social, prepaga ni plan estatal",64,154,307,461,La Rioja
5118,"No tiene obra social, prepaga ni plan estatal",65,90,266,356,La Rioja
5119,"No tiene obra social, prepaga ni plan estatal",66,70,139,209,La Rioja
5120,"No tiene obra social, prepaga ni plan estatal",67,58,106,164,La Rioja
5121,"No tiene obra social, prepaga ni plan estatal",68,50,93,143,La Rioja
5122,"No tiene obra social, prepaga ni plan estatal",69,44,63,107,La Rioja
5123,"No tiene obra social, prepaga ni plan estatal",70,40,51,91,La Rioja
5124,"No tiene obra social, prepaga ni plan estatal",71,40,41,81,La Rioja
5125,"No tiene obra social, prepaga ni plan estatal",72,34,47,81,La Rioja
5126,"No tiene obra social, prepaga ni plan estatal",73,23,30,53,La Rioja
5127,"No tiene obra social, prepaga ni plan estatal",74,30,25,55,La Rioja
5128,"No tiene obra social, prepaga ni plan estatal",75,21,33,54,La Rioja
5129,"No tiene obra social, prepaga ni plan estatal",76,26,20,46,La Rioja
5130,"No tiene obra social, prepaga ni plan estatal",77,26,21,47,La Rioja
5131,"No tiene obra social, prepaga ni plan estatal",78,14,15,29,La Rioja
5132,"No tiene obra social, prepaga ni plan estatal",79,18,19,37,La Rioja
5133,"No tiene obra social, prepaga ni plan estatal",80,20,18,38,La Rioja
5134,"No tiene obra social, prepaga ni plan estatal",81,7,12,19,La Rioja
5135,"No tiene obra social, prepaga ni plan estatal",82,5,12,17,La Rioja
5136,"No tiene obra social, prepaga ni plan estatal",83,9,8,17,La Rioja
5137,"No tiene obra social, prepaga ni plan estatal",84,11,10,21,La Rioja
5138,"No tiene obra social, prepaga ni plan estatal",85,9,9,18,La Rioja
5139,"No tiene obra social, prepaga ni plan estatal",86,9,3,12,La Rioja
5140,"No tiene obra social, prepaga ni plan estatal",87,8,6,14,La Rioja
5141,"No tiene obra social, prepaga ni plan estatal",88,7,6,13,La Rioja
5142,"No tiene obra social, prepaga ni plan estatal",89,6,1,7,La Rioja
5143,"No tiene obra social, prepaga ni plan estatal",90,5,8,13,La Rioja
5144,"No tiene obra social, prepaga ni plan estatal",91,4,7,11,La Rioja
5145,"No tiene obra social, prepaga ni plan estatal",92,10,7,17,La Rioja
5146,"No tiene obra social, prepaga ni plan estatal",93,4,3,7,La Rioja
5147,"No tiene obra social, prepaga ni plan estatal",94,7,2,9,La Rioja
5148,"No tiene obra social, prepaga ni plan estatal",95,3,3,6,La Rioja
5149,"No tiene obra social, prepaga ni plan estatal",96,6,-,6,La Rioja
5150,"No tiene obra social, prepaga ni plan estatal",97,9,3,12,La Rioja
5151,"No tiene obra social, prepaga ni plan estatal",98,3,-,3,La Rioja
5152,"No tiene obra social, prepaga ni plan estatal",99,2,3,5,La Rioja
5153,"No tiene obra social, prepaga ni plan estatal",100,1,-,1,La Rioja
5154,"No tiene obra social, prepaga ni plan estatal",102,-,1,1,La Rioja
5155,"No tiene obra social, prepaga ni plan estatal",103,1,-,1,La Rioja
5156,"No tiene obra social, prepaga ni plan estatal",104,1,-,1,La Rioja
5157,"No tiene obra social, prepaga ni plan estatal",105,-,2,2,La Rioja
5158,"No tiene obra social, prepaga ni plan estatal",106,1,-,1,La Rioja
5159,"No tiene obra social, prepaga ni plan estatal",109,1,-,1,La Rioja
5274,AREA # 50,Mendoza,,,,Mendoza
5275,AREA # 50,,,,,Mendoza
5276,Cobertura de salud,Edad,Sexo registrado al nacer,,,Mendoza
5277,Obra social o prepaga (incluye PAMI),,Mujer/Femenino,Varón/Masculino,Total,Mendoza
5278,Obra social o prepaga (incluye PAMI),0,5038,5155,10193,Mendoza
5279,Obra social o prepaga (incluye PAMI),1,5390,5521,10911,Mendoza
5280,Obra social o prepaga (incluye PAMI),2,6247,6238,12485,Mendoza
5281,Obra social o prepaga (incluye PAMI),3,7123,7099,14222,Mendoza
5282,Obra social o prepaga (incluye PAMI),4,7382,7747,15129,Mendoza
5283,Obra social o prepaga (incluye PAMI),5,7994,8366,16360,Mendoza
5284,Obra social o prepaga (incluye PAMI),6,8324,8606,16930,Mendoza
5285,Obra social o prepaga (incluye PAMI),7,8830,9336,18166,Mendoza
5286,Obra social o prepaga (incluye PAMI),8,8553,8864,17417,Mendoza
5287,Obra social o prepaga (incluye PAMI),9,8550,8875,17425,Mendoza
5288,Obra social o prepaga (incluye PAMI),10,8623,8701,17324,Mendoza
5289,Obra social o prepaga (incluye PAMI),11,8747,9131,17878,Mendoza
5290,Obra social o prepaga (incluye PAMI),12,8770,9227,17997,Mendoza
5291,Obra social o prepaga (incluye PAMI),13,8968,9218,18186,Mendoza
5292,Obra social o prepaga (incluye PAMI),14,8803,8906,17709,Mendoza
5293,Obra social o prepaga (incluye PAMI),15,8666,9047,17713,Mendoza
5294,Obra social o prepaga (incluye PAMI),16,8630,8686,17316,Mendoza
5295,Obra social o prepaga (incluye PAMI),17,8734,8796,17530,Mendoza
5296,Obra social o prepaga (incluye PAMI),18,7929,7716,15645,Mendoza
5297,Obra social o prepaga (incluye PAMI),19,7625,7451,15076,Mendoza
5298,Obra social o prepaga (incluye PAMI),20,7437,7266,14703,Mendoza
5299,Obra social o prepaga (incluye PAMI),21,6091,6022,12113,Mendoza
5300,Obra social o prepaga (incluye PAMI),22,6119,6063,12182,Mendoza
5301,Obra social o prepaga (incluye PAMI),23,5856,5919,11775,Mendoza
5302,Obra social o prepaga (incluye PAMI),24,6002,5954,11956,Mendoza
5303,Obra social o prepaga (incluye PAMI),25,6190,5993,12183,Mendoza
5304,Obra social o prepaga (incluye PAMI),26,6494,6404,12898,Mendoza
5305,Obra social o prepaga (incluye PAMI),27,6849,6687,13536,Mendoza
5306,Obra social o prepaga (incluye PAMI),28,6994,6567,13561,Mendoza
5307,Obra social o prepaga (incluye PAMI),29,7571,7178,14749,Mendoza
5308,Obra social o prepaga (incluye PAMI),30,8188,7683,15871,Mendoza
5309,Obra social o prepaga (incluye PAMI),31,8367,7446,15813,Mendoza
5310,Obra social o prepaga (incluye PAMI),32,7902,7525,15427,Mendoza
5311,Obra social o prepaga (incluye PAMI),33,8282,7679,15961,Mendoza
5312,Obra social o prepaga (incluye PAMI),34,8584,7940,16524,Mendoza
5313,Obra social o prepaga (incluye PAMI),35,8990,8191,17181,Mendoza
5314,Obra social o prepaga (incluye PAMI),36,8770,8013,16783,Mendoza
5315,Obra social o prepaga (incluye PAMI),37,8470,7612,16082,Mendoza
5316,Obra social o prepaga (incluye PAMI),38,8252,7578,15830,Mendoza
5317,Obra social o prepaga (incluye PAMI),39,8470,7999,16469,Mendoza
5318,Obra social o prepaga (incluye PAMI),40,9132,8679,17811,Mendoza
5319,Obra social o prepaga (incluye PAMI),41,8899,8020,16919,Mendoza
5320,Obra social o prepaga (incluye PAMI),42,9324,8475,17799,Mendoza
5321,Obra social o prepaga (incluye PAMI),43,9068,8321,17389,Mendoza
5322,Obra social o prepaga (incluye PAMI),44,8780,7791,16571,Mendoza
5323,Obra social o prepaga (incluye PAMI),45,8679,7462,16141,Mendoza
5324,Obra social o prepaga (incluye PAMI),46,8343,7516,15859,Mendoza
5325,Obra social o prepaga (incluye PAMI),47,8339,7333,15672,Mendoza
5326,Obra social o prepaga (incluye PAMI),48,7899,6806,14705,Mendoza
5327,Obra social o prepaga (incluye PAMI),49,7712,6763,14475,Mendoza
5328,Obra social o prepaga (incluye PAMI),50,7844,6910,14754,Mendoza
5329,Obra social o prepaga (incluye PAMI),51,7465,6361,13826,Mendoza
5330,Obra social o prepaga (incluye PAMI),52,7179,6247,13426,Mendoza
5331,Obra social o prepaga (incluye PAMI),53,6675,5721,12396,Mendoza
5332,Obra social o prepaga (incluye PAMI),54,6697,5658,12355,Mendoza
5333,Obra social o prepaga (incluye PAMI),55,6342,5511,11853,Mendoza
5334,Obra social o prepaga (incluye PAMI),56,6364,5416,11780,Mendoza
5335,Obra social o prepaga (incluye PAMI),57,6414,5522,11936,Mendoza
5336,Obra social o prepaga (incluye PAMI),58,6599,5215,11814,Mendoza
5337,Obra social o prepaga (incluye PAMI),59,6590,5411,12001,Mendoza
5338,Obra social o prepaga (incluye PAMI),60,7061,5486,12547,Mendoza
5339,Obra social o prepaga (incluye PAMI),61,7412,5292,12704,Mendoza
5340,Obra social o prepaga (incluye PAMI),62,7765,5382,13147,Mendoza
5341,Obra social o prepaga (incluye PAMI),63,8013,5330,13343,Mendoza
5342,Obra social o prepaga (incluye PAMI),64,8099,5188,13287,Mendoza
5343,Obra social o prepaga (incluye PAMI),65,8486,5901,14387,Mendoza
5344,Obra social o prepaga (incluye PAMI),66,8265,6375,14640,Mendoza
5345,Obra social o prepaga (incluye PAMI),67,8307,6766,15073,Mendoza
5346,Obra social o prepaga (incluye PAMI),68,7855,6442,14297,Mendoza
5347,Obra social o prepaga (incluye PAMI),69,8056,6334,14390,Mendoza
5348,Obra social o prepaga (incluye PAMI),70,7909,6307,14216,Mendoza
5349,Obra social o prepaga (incluye PAMI),71,7534,5734,13268,Mendoza
5350,Obra social o prepaga (incluye PAMI),72,7372,6093,13465,Mendoza
5351,Obra social o prepaga (incluye PAMI),73,6946,5454,12400,Mendoza
5352,Obra social o prepaga (incluye PAMI),74,6608,4993,11601,Mendoza
5353,Obra social o prepaga (incluye PAMI),75,6219,4535,10754,Mendoza
5354,Obra social o prepaga (incluye PAMI),76,5909,4327,10236,Mendoza
5355,Obra social o prepaga (incluye PAMI),77,5609,3938,9547,Mendoza
5356,Obra social o prepaga (incluye PAMI),78,5217,3504,8721,Mendoza
5357,Obra social o prepaga (incluye PAMI),79,4577,3173,7750,Mendoza
5358,Obra social o prepaga (incluye PAMI),80,4201,2810,7011,Mendoza
5359,Obra social o prepaga (incluye PAMI),81,3861,2520,6381,Mendoza
5360,Obra social o prepaga (incluye PAMI),82,3654,2217,5871,Mendoza
5361,Obra social o prepaga (incluye PAMI),83,3158,1852,5010,Mendoza
5362,Obra social o prepaga (incluye PAMI),84,2691,1616,4307,Mendoza
5363,Obra social o prepaga (incluye PAMI),85,2555,1398,3953,Mendoza
5364,Obra social o prepaga (incluye PAMI),86,2300,1214,3514,Mendoza
5365,Obra social o prepaga (incluye PAMI),87,1999,1069,3068,Mendoza
5366,Obra social o prepaga (incluye PAMI),88,1598,833,2431,Mendoza
5367,Obra social o prepaga (incluye PAMI),89,1417,711,2128,Mendoza
5368,Obra social o prepaga (incluye PAMI),90,1333,622,1955,Mendoza
5369,Obra social o prepaga (incluye PAMI),91,1040,460,1500,Mendoza
5370,Obra social o prepaga (incluye PAMI),92,890,362,1252,Mendoza
5371,Obra social o prepaga (incluye PAMI),93,657,214,871,Mendoza
5372,Obra social o prepaga (incluye PAMI),94,497,180,677,Mendoza
5373,Obra social o prepaga (incluye PAMI),95,372,125,497,Mendoza
5374,Obra social o prepaga (incluye PAMI),96,275,105,380,Mendoza
5375,Obra social o prepaga (incluye PAMI),97,182,84,266,Mendoza
5376,Obra social o prepaga (incluye PAMI),98,114,45,159,Mendoza
5377,Obra social o prepaga (incluye PAMI),99,98,39,137,Mendoza
5378,Obra social o prepaga (incluye PAMI),100,42,4,46,Mendoza
5379,Obra social o prepaga (incluye PAMI),101,23,4,27,Mendoza
5380,Obra social o prepaga (incluye PAMI),102,23,16,39,Mendoza
5381,Obra social o prepaga (incluye PAMI),103,19,11,30,Mendoza
5382,Obra social o prepaga (incluye PAMI),104,5,1,6,Mendoza
5383,Obra social o prepaga (incluye PAMI),105,2,-,2,Mendoza
5384,Obra social o prepaga (incluye PAMI),106,-,1,1,Mendoza
5385,Obra social o prepaga (incluye PAMI),107,1,-,1,Mendoza
5386,Obra social o prepaga (incluye PAMI),108,3,-,3,Mendoza
5387,Obra social o prepaga (incluye PAMI),109,1,1,2,Mendoza
5389,Programas o planes estatales de salud,,Mujer/Femenino,Varón/Masculino,Total,Mendoza
5390,Programas o planes estatales de salud,0,380,401,781,Mendoza
5391,Programas o planes estatales de salud,1,375,412,787,Mendoza
5392,Programas o planes estatales de salud,2,411,383,794,Mendoza
5393,Programas o planes estatales de salud,3,407,449,856,Mendoza
5394,Programas o planes estatales de salud,4,469,453,922,Mendoza
5395,Programas o planes estatales de salud,5,486,503,989,Mendoza
5396,Programas o planes estatales de salud,6,484,503,987,Mendoza
5397,Programas o planes estatales de salud,7,557,545,1102,Mendoza
5398,Programas o planes estatales de salud,8,499,519,1018,Mendoza
5399,Programas o planes estatales de salud,9,500,511,1011,Mendoza
5400,Programas o planes estatales de salud,10,532,518,1050,Mendoza
5401,Programas o planes estatales de salud,11,498,514,1012,Mendoza
5402,Programas o planes estatales de salud,12,460,506,966,Mendoza
5403,Programas o planes estatales de salud,13,441,545,986,Mendoza
5404,Programas o planes estatales de salud,14,511,479,990,Mendoza
5405,Programas o planes estatales de salud,15,453,483,936,Mendoza
5406,Programas o planes estatales de salud,16,471,450,921,Mendoza
5407,Programas o planes estatales de salud,17,453,486,939,Mendoza
5408,Programas o planes estatales de salud,18,371,350,721,Mendoza
5409,Programas o planes estatales de salud,19,436,368,804,Mendoza
5410,Programas o planes estatales de salud,20,374,350,724,Mendoza
5411,Programas o planes estatales de salud,21,384,336,720,Mendoza
5412,Programas o planes estatales de salud,22,388,341,729,Mendoza
5413,Programas o planes estatales de salud,23,384,333,717,Mendoza
5414,Programas o planes estatales de salud,24,400,371,771,Mendoza
5415,Programas o planes estatales de salud,25,468,349,817,Mendoza
5416,Programas o planes estatales de salud,26,453,359,812,Mendoza
5417,Programas o planes estatales de salud,27,428,333,761,Mendoza
5418,Programas o planes estatales de salud,28,505,326,831,Mendoza
5419,Programas o planes estatales de salud,29,493,428,921,Mendoza
5420,Programas o planes estatales de salud,30,517,427,944,Mendoza
5421,Programas o planes estatales de salud,31,470,413,883,Mendoza
5422,Programas o planes estatales de salud,32,459,400,859,Mendoza
5423,Programas o planes estatales de salud,33,511,349,860,Mendoza
5424,Programas o planes estatales de salud,34,489,384,873,Mendoza
5425,Programas o planes estatales de salud,35,497,435,932,Mendoza
5426,Programas o planes estatales de salud,36,477,418,895,Mendoza
5427,Programas o planes estatales de salud,37,461,375,836,Mendoza
5428,Programas o planes estatales de salud,38,418,339,757,Mendoza
5429,Programas o planes estatales de salud,39,477,366,843,Mendoza
5430,Programas o planes estatales de salud,40,489,400,889,Mendoza
5431,Programas o planes estatales de salud,41,473,375,848,Mendoza
5432,Programas o planes estatales de salud,42,460,435,895,Mendoza
5433,Programas o planes estatales de salud,43,513,374,887,Mendoza
5434,Programas o planes estatales de salud,44,508,371,879,Mendoza
5435,Programas o planes estatales de salud,45,479,401,880,Mendoza
5436,Programas o planes estatales de salud,46,470,376,846,Mendoza
5437,Programas o planes estatales de salud,47,447,361,808,Mendoza
5438,Programas o planes estatales de salud,48,433,350,783,Mendoza
5439,Programas o planes estatales de salud,49,437,303,740,Mendoza
5440,Programas o planes estatales de salud,50,430,335,765,Mendoza
5441,Programas o planes estatales de salud,51,411,312,723,Mendoza
5442,Programas o planes estatales de salud,52,428,304,732,Mendoza
5443,Programas o planes estatales de salud,53,412,250,662,Mendoza
5444,Programas o planes estatales de salud,54,459,250,709,Mendoza
5445,Programas o planes estatales de salud,55,403,239,642,Mendoza
5446,Programas o planes estatales de salud,56,385,282,667,Mendoza
5447,Programas o planes estatales de salud,57,384,303,687,Mendoza
5448,Programas o planes estatales de salud,58,398,272,670,Mendoza
5449,Programas o planes estatales de salud,59,449,271,720,Mendoza
5450,Programas o planes estatales de salud,60,376,234,610,Mendoza
5451,Programas o planes estatales de salud,61,276,243,519,Mendoza
5452,Programas o planes estatales de salud,62,280,224,504,Mendoza
5453,Programas o planes estatales de salud,63,224,231,455,Mendoza
5454,Programas o planes estatales de salud,64,192,229,421,Mendoza
5455,Programas o planes estatales de salud,65,165,211,376,Mendoza
5456,Programas o planes estatales de salud,66,141,160,301,Mendoza
5457,Programas o planes estatales de salud,67,162,130,292,Mendoza
5458,Programas o planes estatales de salud,68,128,104,232,Mendoza
5459,Programas o planes estatales de salud,69,151,124,275,Mendoza
5460,Programas o planes estatales de salud,70,101,96,197,Mendoza
5461,Programas o planes estatales de salud,71,120,73,193,Mendoza
5462,Programas o planes estatales de salud,72,95,85,180,Mendoza
5463,Programas o planes estatales de salud,73,91,62,153,Mendoza
5464,Programas o planes estatales de salud,74,87,58,145,Mendoza
5465,Programas o planes estatales de salud,75,68,51,119,Mendoza
5466,Programas o planes estatales de salud,76,64,54,118,Mendoza
5467,Programas o planes estatales de salud,77,62,54,116,Mendoza
5468,Programas o planes estatales de salud,78,60,37,97,Mendoza
5469,Programas o planes estatales de salud,79,45,34,79,Mendoza
5470,Programas o planes estatales de salud,80,41,27,68,Mendoza
5471,Programas o planes estatales de salud,81,48,27,75,Mendoza
5472,Programas o planes estatales de salud,82,37,22,59,Mendoza
5473,Programas o planes estatales de salud,83,34,15,49,Mendoza
5474,Programas o planes estatales de salud,84,36,10,46,Mendoza
5475,Programas o planes estatales de salud,85,18,17,35,Mendoza
5476,Programas o planes estatales de salud,86,26,13,39,Mendoza
5477,Programas o planes estatales de salud,87,21,18,39,Mendoza
5478,Programas o planes estatales de salud,88,12,8,20,Mendoza
5479,Programas o planes estatales de salud,89,18,5,23,Mendoza
5480,Programas o planes estatales de salud,90,14,5,19,Mendoza
5481,Programas o planes estatales de salud,91,9,6,15,Mendoza
5482,Programas o planes estatales de salud,92,15,4,19,Mendoza
5483,Programas o planes estatales de salud,93,8,2,10,Mendoza
5484,Programas o planes estatales de salud,94,5,4,9,Mendoza
5485,Programas o planes estatales de salud,95,5,3,8,Mendoza
5486,Programas o planes estatales de salud,96,3,1,4,Mendoza
5487,Programas o planes estatales de salud,97,4,-,4,Mendoza
5488,Programas o planes estatales de salud,99,2,1,3,Mendoza
5489,Programas o planes estatales de salud,107,1,-,1,Mendoza
5491,"No tiene obra social, prepaga ni plan estatal",,Mujer/Femenino,Varón/Masculino,Total,Mendoza
5492,"No tiene obra social, prepaga ni plan estatal",0,5534,5502,11036,Mendoza
5493,"No tiene obra social, prepaga ni plan estatal",1,5488,5633,11121,Mendoza
5494,"No tiene obra social, prepaga ni plan estatal",2,6281,6608,12889,Mendoza
5495,"No tiene obra social, prepaga ni plan estatal",3,6849,7222,14071,Mendoza
5496,"No tiene obra social, prepaga ni plan estatal",4,7243,7484,14727,Mendoza
5497,"No tiene obra social, prepaga ni plan estatal",5,7357,7605,14962,Mendoza
5498,"No tiene obra social, prepaga ni plan estatal",6,8040,8197,16237,Mendoza
5499,"No tiene obra social, prepaga ni plan estatal",7,8459,8504,16963,Mendoza
5500,"No tiene obra social, prepaga ni plan estatal",8,7778,8000,15778,Mendoza
5501,"No tiene obra social, prepaga ni plan estatal",9,7679,7735,15414,Mendoza
5502,"No tiene obra social, prepaga ni plan estatal",10,7167,7482,14649,Mendoza
5503,"No tiene obra social, prepaga ni plan estatal",11,7442,7709,15151,Mendoza
5504,"No tiene obra social, prepaga ni plan estatal",12,7469,7618,15087,Mendoza
5505,"No tiene obra social, prepaga ni plan estatal",13,7202,7404,14606,Mendoza
5506,"No tiene obra social, prepaga ni plan estatal",14,6963,7227,14190,Mendoza
5507,"No tiene obra social, prepaga ni plan estatal",15,6887,7052,13939,Mendoza
5508,"No tiene obra social, prepaga ni plan estatal",16,6901,7034,13935,Mendoza
5509,"No tiene obra social, prepaga ni plan estatal",17,6874,6920,13794,Mendoza
5510,"No tiene obra social, prepaga ni plan estatal",18,6457,6579,13036,Mendoza
5511,"No tiene obra social, prepaga ni plan estatal",19,6511,6543,13054,Mendoza
5512,"No tiene obra social, prepaga ni plan estatal",20,6631,6760,13391,Mendoza
5513,"No tiene obra social, prepaga ni plan estatal",21,8682,8693,17375,Mendoza
5514,"No tiene obra social, prepaga ni plan estatal",22,9418,9379,18797,Mendoza
5515,"No tiene obra social, prepaga ni plan estatal",23,9304,9117,18421,Mendoza
5516,"No tiene obra social, prepaga ni plan estatal",24,8879,8790,17669,Mendoza
5517,"No tiene obra social, prepaga ni plan estatal",25,9144,8621,17765,Mendoza
5518,"No tiene obra social, prepaga ni plan estatal",26,9317,8645,17962,Mendoza
5519,"No tiene obra social, prepaga ni plan estatal",27,9108,8729,17837,Mendoza
5520,"No tiene obra social, prepaga ni plan estatal",28,8094,8006,16100,Mendoza
5521,"No tiene obra social, prepaga ni plan estatal",29,8033,8067,16100,Mendoza
5522,"No tiene obra social, prepaga ni plan estatal",30,8036,8054,16090,Mendoza
5523,"No tiene obra social, prepaga ni plan estatal",31,7169,7202,14371,Mendoza
5524,"No tiene obra social, prepaga ni plan estatal",32,6565,6822,13387,Mendoza
5525,"No tiene obra social, prepaga ni plan estatal",33,6446,6319,12765,Mendoza
5526,"No tiene obra social, prepaga ni plan estatal",34,6300,6192,12492,Mendoza
5527,"No tiene obra social, prepaga ni plan estatal",35,6065,6455,12520,Mendoza
5528,"No tiene obra social, prepaga ni plan estatal",36,5701,5758,11459,Mendoza
5529,"No tiene obra social, prepaga ni plan estatal",37,5252,5331,10583,Mendoza
5530,"No tiene obra social, prepaga ni plan estatal",38,5062,5102,10164,Mendoza
5531,"No tiene obra social, prepaga ni plan estatal",39,5362,5230,10592,Mendoza
5532,"No tiene obra social, prepaga ni plan estatal",40,5498,5611,11109,Mendoza
5533,"No tiene obra social, prepaga ni plan estatal",41,5089,5055,10144,Mendoza
5534,"No tiene obra social, prepaga ni plan estatal",42,5282,5412,10694,Mendoza
5535,"No tiene obra social, prepaga ni plan estatal",43,5030,5083,10113,Mendoza
5536,"No tiene obra social, prepaga ni plan estatal",44,4683,4665,9348,Mendoza
5537,"No tiene obra social, prepaga ni plan estatal",45,4464,4494,8958,Mendoza
5538,"No tiene obra social, prepaga ni plan estatal",46,4407,4512,8919,Mendoza
5539,"No tiene obra social, prepaga ni plan estatal",47,4362,4405,8767,Mendoza
5540,"No tiene obra social, prepaga ni plan estatal",48,4064,4059,8123,Mendoza
5541,"No tiene obra social, prepaga ni plan estatal",49,4018,4125,8143,Mendoza
5542,"No tiene obra social, prepaga ni plan estatal",50,3949,3877,7826,Mendoza
5543,"No tiene obra social, prepaga ni plan estatal",51,3635,3522,7157,Mendoza
5544,"No tiene obra social, prepaga ni plan estatal",52,3606,3665,7271,Mendoza
5545,"No tiene obra social, prepaga ni plan estatal",53,3384,3344,6728,Mendoza
5546,"No tiene obra social, prepaga ni plan estatal",54,3219,3235,6454,Mendoza
5547,"No tiene obra social, prepaga ni plan estatal",55,3142,2962,6104,Mendoza
5548,"No tiene obra social, prepaga ni plan estatal",56,2989,3038,6027,Mendoza
5549,"No tiene obra social, prepaga ni plan estatal",57,3098,3061,6159,Mendoza
5550,"No tiene obra social, prepaga ni plan estatal",58,2974,2992,5966,Mendoza
5551,"No tiene obra social, prepaga ni plan estatal",59,2977,3060,6037,Mendoza
5552,"No tiene obra social, prepaga ni plan estatal",60,2478,2870,5348,Mendoza
5553,"No tiene obra social, prepaga ni plan estatal",61,1671,2655,4326,Mendoza
5554,"No tiene obra social, prepaga ni plan estatal",62,1259,2461,3720,Mendoza
5555,"No tiene obra social, prepaga ni plan estatal",63,887,2331,3218,Mendoza
5556,"No tiene obra social, prepaga ni plan estatal",64,724,2222,2946,Mendoza
5557,"No tiene obra social, prepaga ni plan estatal",65,605,1707,2312,Mendoza
5558,"No tiene obra social, prepaga ni plan estatal",66,378,833,1211,Mendoza
5559,"No tiene obra social, prepaga ni plan estatal",67,319,663,982,Mendoza
5560,"No tiene obra social, prepaga ni plan estatal",68,282,443,725,Mendoza
5561,"No tiene obra social, prepaga ni plan estatal",69,239,338,577,Mendoza
5562,"No tiene obra social, prepaga ni plan estatal",70,267,266,533,Mendoza
5563,"No tiene obra social, prepaga ni plan estatal",71,199,181,380,Mendoza
5564,"No tiene obra social, prepaga ni plan estatal",72,190,166,356,Mendoza
5565,"No tiene obra social, prepaga ni plan estatal",73,183,146,329,Mendoza
5566,"No tiene obra social, prepaga ni plan estatal",74,170,116,286,Mendoza
5567,"No tiene obra social, prepaga ni plan estatal",75,136,121,257,Mendoza
5568,"No tiene obra social, prepaga ni plan estatal",76,137,126,263,Mendoza
5569,"No tiene obra social, prepaga ni plan estatal",77,131,113,244,Mendoza
5570,"No tiene obra social, prepaga ni plan estatal",78,112,87,199,Mendoza
5571,"No tiene obra social, prepaga ni plan estatal",79,83,71,154,Mendoza
5572,"No tiene obra social, prepaga ni plan estatal",80,69,61,130,Mendoza
5573,"No tiene obra social, prepaga ni plan estatal",81,73,63,136,Mendoza
5574,"No tiene obra social, prepaga ni plan estatal",82,88,50,138,Mendoza
5575,"No tiene obra social, prepaga ni plan estatal",83,67,48,115,Mendoza
5576,"No tiene obra social, prepaga ni plan estatal",84,53,34,87,Mendoza
5577,"No tiene obra social, prepaga ni plan estatal",85,48,46,94,Mendoza
5578,"No tiene obra social, prepaga ni plan estatal",86,53,36,89,Mendoza
5579,"No tiene obra social, prepaga ni plan estatal",87,42,30,72,Mendoza
5580,"No tiene obra social, prepaga ni plan estatal",88,38,39,77,Mendoza
5581,"No tiene obra social, prepaga ni plan estatal",89,35,22,57,Mendoza
5582,"No tiene obra social, prepaga ni plan estatal",90,45,27,72,Mendoza
5583,"No tiene obra social, prepaga ni plan estatal",91,48,23,71,Mendoza
5584,"No tiene obra social, prepaga ni plan estatal",92,36,19,55,Mendoza
5585,"No tiene obra social, prepaga ni plan estatal",93,25,25,50,Mendoza
5586,"No tiene obra social, prepaga ni plan estatal",94,22,23,45,Mendoza
5587,"No tiene obra social, prepaga ni plan estatal",95,17,21,38,Mendoza
5588,"No tiene obra social, prepaga ni plan estatal",96,26,12,38,Mendoza
5589,"No tiene obra social, prepaga ni plan estatal",97,20,15,35,Mendoza
5590,"No tiene obra social, prepaga ni plan estatal",98,10,11,21,Mendoza
5591,"No tiene obra social, prepaga ni plan estatal",99,13,19,32,Mendoza
5592,"No tiene obra social, prepaga ni plan estatal",100,2,-,2,Mendoza
5593,"No tiene obra social, prepaga ni plan estatal",102,11,3,14,Mendoza
5594,"No tiene obra social, prepaga ni plan estatal",103,2,2,4,Mendoza
5595,"No tiene obra social, prepaga ni plan estatal",106,1,1,2,Mendoza
5596,"No tiene obra social, prepaga ni plan estatal",107,1,-,1,Mendoza
5597,"No tiene obra social, prepaga ni plan estatal",110,1,-,1,Mendoza
5713,AREA # 54,Misiones,,,,Misiones
5714,AREA # 54,,,,,Misiones
5715,Cobertura de salud,Edad,Sexo registrado al nacer,,,Misiones
5716,Obra social o prepaga (incluye PAMI),,Mujer/Femenino,Varón/Masculino,Total,Misiones
5717,Obra social o prepaga (incluye PAMI),0,3140,3304,6444,Misiones
5718,Obra social o prepaga (incluye PAMI),1,3273,3289,6562,Misiones
5719,Obra social o prepaga (incluye PAMI),2,3409,3674,7083,Misiones
5720,Obra social o prepaga (incluye PAMI),3,4097,4017,8114,Misiones
5721,Obra social o prepaga (incluye PAMI),4,4340,4557,8897,Misiones
5722,Obra social o prepaga (incluye PAMI),5,4285,4478,8763,Misiones
5723,Obra social o prepaga (incluye PAMI),6,4571,4709,9280,Misiones
5724,Obra social o prepaga (incluye PAMI),7,4803,5107,9910,Misiones
5725,Obra social o prepaga (incluye PAMI),8,4803,4790,9593,Misiones
5726,Obra social o prepaga (incluye PAMI),9,4718,4903,9621,Misiones
5727,Obra social o prepaga (incluye PAMI),10,4812,4941,9753,Misiones
5728,Obra social o prepaga (incluye PAMI),11,5087,5271,10358,Misiones
5729,Obra social o prepaga (incluye PAMI),12,5049,5093,10142,Misiones
5730,Obra social o prepaga (incluye PAMI),13,4718,4944,9662,Misiones
5731,Obra social o prepaga (incluye PAMI),14,4551,4697,9248,Misiones
5732,Obra social o prepaga (incluye PAMI),15,4598,4820,9418,Misiones
5733,Obra social o prepaga (incluye PAMI),16,4479,4563,9042,Misiones
5734,Obra social o prepaga (incluye PAMI),17,4591,4780,9371,Misiones
5735,Obra social o prepaga (incluye PAMI),18,4093,4150,8243,Misiones
5736,Obra social o prepaga (incluye PAMI),19,4046,3985,8031,Misiones
5737,Obra social o prepaga (incluye PAMI),20,3765,3777,7542,Misiones
5738,Obra social o prepaga (incluye PAMI),21,3303,3282,6585,Misiones
5739,Obra social o prepaga (incluye PAMI),22,3180,3105,6285,Misiones
5740,Obra social o prepaga (incluye PAMI),23,3171,3047,6218,Misiones
5741,Obra social o prepaga (incluye PAMI),24,3442,3273,6715,Misiones
5742,Obra social o prepaga (incluye PAMI),25,3477,3366,6843,Misiones
5743,Obra social o prepaga (incluye PAMI),26,3674,3434,7108,Misiones
5744,Obra social o prepaga (incluye PAMI),27,3984,3430,7414,Misiones
5745,Obra social o prepaga (incluye PAMI),28,4041,3567,7608,Misiones
5746,Obra social o prepaga (incluye PAMI),29,4378,3700,8078,Misiones
5747,Obra social o prepaga (incluye PAMI),30,4908,4129,9037,Misiones
5748,Obra social o prepaga (incluye PAMI),31,4801,4123,8924,Misiones
5749,Obra social o prepaga (incluye PAMI),32,4504,4123,8627,Misiones
5750,Obra social o prepaga (incluye PAMI),33,4610,4209,8819,Misiones
5751,Obra social o prepaga (incluye PAMI),34,4530,4187,8717,Misiones
5752,Obra social o prepaga (incluye PAMI),35,4708,4439,9147,Misiones
5753,Obra social o prepaga (incluye PAMI),36,4817,4262,9079,Misiones
5754,Obra social o prepaga (incluye PAMI),37,4651,4353,9004,Misiones
5755,Obra social o prepaga (incluye PAMI),38,4437,4076,8513,Misiones
5756,Obra social o prepaga (incluye PAMI),39,4604,4241,8845,Misiones
5757,Obra social o prepaga (incluye PAMI),40,4516,4411,8927,Misiones
5758,Obra social o prepaga (incluye PAMI),41,4298,3930,8228,Misiones
5759,Obra social o prepaga (incluye PAMI),42,4582,4322,8904,Misiones
5760,Obra social o prepaga (incluye PAMI),43,4410,4040,8450,Misiones
5761,Obra social o prepaga (incluye PAMI),44,4201,3823,8024,Misiones
5762,Obra social o prepaga (incluye PAMI),45,4036,3778,7814,Misiones
5763,Obra social o prepaga (incluye PAMI),46,3968,3491,7459,Misiones
5764,Obra social o prepaga (incluye PAMI),47,3830,3463,7293,Misiones
5765,Obra social o prepaga (incluye PAMI),48,3591,3190,6781,Misiones
5766,Obra social o prepaga (incluye PAMI),49,3538,3178,6716,Misiones
5767,Obra social o prepaga (incluye PAMI),50,3686,3174,6860,Misiones
5768,Obra social o prepaga (incluye PAMI),51,3387,3039,6426,Misiones
5769,Obra social o prepaga (incluye PAMI),52,3442,2916,6358,Misiones
5770,Obra social o prepaga (incluye PAMI),53,3128,2805,5933,Misiones
5771,Obra social o prepaga (incluye PAMI),54,3239,2775,6014,Misiones
5772,Obra social o prepaga (incluye PAMI),55,3182,2606,5788,Misiones
5773,Obra social o prepaga (incluye PAMI),56,3311,2851,6162,Misiones
5774,Obra social o prepaga (incluye PAMI),57,3328,2876,6204,Misiones
5775,Obra social o prepaga (incluye PAMI),58,3252,2883,6135,Misiones
5776,Obra social o prepaga (incluye PAMI),59,3302,2838,6140,Misiones
5777,Obra social o prepaga (incluye PAMI),60,3433,2705,6138,Misiones
5778,Obra social o prepaga (incluye PAMI),61,3516,2718,6234,Misiones
5779,Obra social o prepaga (incluye PAMI),62,3668,2665,6333,Misiones
5780,Obra social o prepaga (incluye PAMI),63,3812,2581,6393,Misiones
5781,Obra social o prepaga (incluye PAMI),64,3841,2627,6468,Misiones
5782,Obra social o prepaga (incluye PAMI),65,3989,2842,6831,Misiones
5783,Obra social o prepaga (incluye PAMI),66,3764,3166,6930,Misiones
5784,Obra social o prepaga (incluye PAMI),67,3751,3210,6961,Misiones
5785,Obra social o prepaga (incluye PAMI),68,3543,2984,6527,Misiones
5786,Obra social o prepaga (incluye PAMI),69,3440,2956,6396,Misiones
5787,Obra social o prepaga (incluye PAMI),70,3209,2921,6130,Misiones
5788,Obra social o prepaga (incluye PAMI),71,2778,2606,5384,Misiones
5789,Obra social o prepaga (incluye PAMI),72,2708,2463,5171,Misiones
5790,Obra social o prepaga (incluye PAMI),73,2566,2244,4810,Misiones
5791,Obra social o prepaga (incluye PAMI),74,2332,1982,4314,Misiones
5792,Obra social o prepaga (incluye PAMI),75,2223,1808,4031,Misiones
5793,Obra social o prepaga (incluye PAMI),76,2157,1646,3803,Misiones
5794,Obra social o prepaga (incluye PAMI),77,1852,1546,3398,Misiones
5795,Obra social o prepaga (incluye PAMI),78,1834,1347,3181,Misiones
5796,Obra social o prepaga (incluye PAMI),79,1575,1154,2729,Misiones
5797,Obra social o prepaga (incluye PAMI),80,1374,1075,2449,Misiones
5798,Obra social o prepaga (incluye PAMI),81,1327,1013,2340,Misiones
5799,Obra social o prepaga (incluye PAMI),82,1256,872,2128,Misiones
5800,Obra social o prepaga (incluye PAMI),83,1192,706,1898,Misiones
5801,Obra social o prepaga (incluye PAMI),84,1002,629,1631,Misiones
5802,Obra social o prepaga (incluye PAMI),85,854,562,1416,Misiones
5803,Obra social o prepaga (incluye PAMI),86,791,449,1240,Misiones
5804,Obra social o prepaga (incluye PAMI),87,678,348,1026,Misiones
5805,Obra social o prepaga (incluye PAMI),88,521,304,825,Misiones
5806,Obra social o prepaga (incluye PAMI),89,519,272,791,Misiones
5807,Obra social o prepaga (incluye PAMI),90,374,191,565,Misiones
5808,Obra social o prepaga (incluye PAMI),91,311,176,487,Misiones
5809,Obra social o prepaga (incluye PAMI),92,263,117,380,Misiones
5810,Obra social o prepaga (incluye PAMI),93,196,90,286,Misiones
5811,Obra social o prepaga (incluye PAMI),94,162,83,245,Misiones
5812,Obra social o prepaga (incluye PAMI),95,112,67,179,Misiones
5813,Obra social o prepaga (incluye PAMI),96,70,48,118,Misiones
5814,Obra social o prepaga (incluye PAMI),97,55,31,86,Misiones
5815,Obra social o prepaga (incluye PAMI),98,37,23,60,Misiones
5816,Obra social o prepaga (incluye PAMI),99,22,7,29,Misiones
5817,Obra social o prepaga (incluye PAMI),100,12,5,17,Misiones
5818,Obra social o prepaga (incluye PAMI),101,9,4,13,Misiones
5819,Obra social o prepaga (incluye PAMI),102,10,10,20,Misiones
5820,Obra social o prepaga (incluye PAMI),103,9,3,12,Misiones
5821,Obra social o prepaga (incluye PAMI),104,3,1,4,Misiones
5822,Obra social o prepaga (incluye PAMI),105,1,-,1,Misiones
5823,Obra social o prepaga (incluye PAMI),106,-,1,1,Misiones
5824,Obra social o prepaga (incluye PAMI),107,1,-,1,Misiones
5825,Obra social o prepaga (incluye PAMI),108,3,1,4,Misiones
5826,Obra social o prepaga (incluye PAMI),109,1,1,2,Misiones
5827,Obra social o prepaga (incluye PAMI),110,2,-,2,Misiones
5829,Programas o planes estatales de salud,,Mujer/Femenino,Varón/Masculino,Total,Misiones
5830,Programas o planes estatales de salud,0,588,600,1188,Misiones
5831,Programas o planes estatales de salud,1,575,586,1161,Misiones
5832,Programas o planes estatales de salud,2,641,649,1290,Misiones
5833,Programas o planes estatales de salud,3,659,683,1342,Misiones
5834,Programas o planes estatales de salud,4,661,704,1365,Misiones
5835,Programas o planes estatales de salud,5,646,720,1366,Misiones
5836,Programas o planes estatales de salud,6,753,753,1506,Misiones
5837,Programas o planes estatales de salud,7,796,833,1629,Misiones
5838,Programas o planes estatales de salud,8,713,759,1472,Misiones
5839,Programas o planes estatales de salud,9,751,779,1530,Misiones
5840,Programas o planes estatales de salud,10,779,757,1536,Misiones
5841,Programas o planes estatales de salud,11,843,878,1721,Misiones
5842,Programas o planes estatales de salud,12,807,789,1596,Misiones
5843,Programas o planes estatales de salud,13,759,815,1574,Misiones
5844,Programas o planes estatales de salud,14,739,751,1490,Misiones
5845,Programas o planes estatales de salud,15,689,747,1436,Misiones
5846,Programas o planes estatales de salud,16,647,659,1306,Misiones
5847,Programas o planes estatales de salud,17,679,695,1374,Misiones
5848,Programas o planes estatales de salud,18,576,565,1141,Misiones
5849,Programas o planes estatales de salud,19,537,538,1075,Misiones
5850,Programas o planes estatales de salud,20,540,515,1055,Misiones
5851,Programas o planes estatales de salud,21,489,476,965,Misiones
5852,Programas o planes estatales de salud,22,527,500,1027,Misiones
5853,Programas o planes estatales de salud,23,517,438,955,Misiones
5854,Programas o planes estatales de salud,24,547,444,991,Misiones
5855,Programas o planes estatales de salud,25,570,455,1025,Misiones
5856,Programas o planes estatales de salud,26,623,442,1065,Misiones
5857,Programas o planes estatales de salud,27,587,486,1073,Misiones
5858,Programas o planes estatales de salud,28,615,421,1036,Misiones
5859,Programas o planes estatales de salud,29,652,444,1096,Misiones
5860,Programas o planes estatales de salud,30,692,521,1213,Misiones
5861,Programas o planes estatales de salud,31,752,453,1205,Misiones
5862,Programas o planes estatales de salud,32,635,469,1104,Misiones
5863,Programas o planes estatales de salud,33,609,432,1041,Misiones
5864,Programas o planes estatales de salud,34,610,466,1076,Misiones
5865,Programas o planes estatales de salud,35,605,432,1037,Misiones
5866,Programas o planes estatales de salud,36,629,446,1075,Misiones
5867,Programas o planes estatales de salud,37,690,422,1112,Misiones
5868,Programas o planes estatales de salud,38,598,445,1043,Misiones
5869,Programas o planes estatales de salud,39,655,494,1149,Misiones
5870,Programas o planes estatales de salud,40,685,462,1147,Misiones
5871,Programas o planes estatales de salud,41,642,457,1099,Misiones
5872,Programas o planes estatales de salud,42,686,467,1153,Misiones
5873,Programas o planes estatales de salud,43,642,439,1081,Misiones
5874,Programas o planes estatales de salud,44,611,409,1020,Misiones
5875,Programas o planes estatales de salud,45,617,474,1091,Misiones
5876,Programas o planes estatales de salud,46,598,459,1057,Misiones
5877,Programas o planes estatales de salud,47,578,383,961,Misiones
5878,Programas o planes estatales de salud,48,556,362,918,Misiones
5879,Programas o planes estatales de salud,49,585,386,971,Misiones
5880,Programas o planes estatales de salud,50,602,423,1025,Misiones
5881,Programas o planes estatales de salud,51,560,373,933,Misiones
5882,Programas o planes estatales de salud,52,591,363,954,Misiones
5883,Programas o planes estatales de salud,53,622,356,978,Misiones
5884,Programas o planes estatales de salud,54,554,382,936,Misiones
5885,Programas o planes estatales de salud,55,580,362,942,Misiones
5886,Programas o planes estatales de salud,56,605,406,1011,Misiones
5887,Programas o planes estatales de salud,57,602,358,960,Misiones
5888,Programas o planes estatales de salud,58,561,373,934,Misiones
5889,Programas o planes estatales de salud,59,567,401,968,Misiones
5890,Programas o planes estatales de salud,60,501,367,868,Misiones
5891,Programas o planes estatales de salud,61,413,346,759,Misiones
5892,Programas o planes estatales de salud,62,381,342,723,Misiones
5893,Programas o planes estatales de salud,63,304,309,613,Misiones
5894,Programas o planes estatales de salud,64,275,326,601,Misiones
5895,Programas o planes estatales de salud,65,240,221,461,Misiones
5896,Programas o planes estatales de salud,66,128,159,287,Misiones
5897,Programas o planes estatales de salud,67,126,124,250,Misiones
5898,Programas o planes estatales de salud,68,100,113,213,Misiones
5899,Programas o planes estatales de salud,69,104,91,195,Misiones
5900,Programas o planes estatales de salud,70,92,84,176,Misiones
5901,Programas o planes estatales de salud,71,81,54,135,Misiones
5902,Programas o planes estatales de salud,72,60,59,119,Misiones
5903,Programas o planes estatales de salud,73,54,44,98,Misiones
5904,Programas o planes estatales de salud,74,59,38,97,Misiones
5905,Programas o planes estatales de salud,75,41,19,60,Misiones
5906,Programas o planes estatales de salud,76,43,32,75,Misiones
5907,Programas o planes estatales de salud,77,48,20,68,Misiones
5908,Programas o planes estatales de salud,78,24,21,45,Misiones
5909,Programas o planes estatales de salud,79,37,14,51,Misiones
5910,Programas o planes estatales de salud,80,22,11,33,Misiones
5911,Programas o planes estatales de salud,81,15,16,31,Misiones
5912,Programas o planes estatales de salud,82,11,16,27,Misiones
5913,Programas o planes estatales de salud,83,25,15,40,Misiones
5914,Programas o planes estatales de salud,84,9,10,19,Misiones
5915,Programas o planes estatales de salud,85,14,8,22,Misiones
5916,Programas o planes estatales de salud,86,12,7,19,Misiones
5917,Programas o planes estatales de salud,87,13,9,22,Misiones
5918,Programas o planes estatales de salud,88,12,2,14,Misiones
5919,Programas o planes estatales de salud,89,6,-,6,Misiones
5920,Programas o planes estatales de salud,90,5,2,7,Misiones
5921,Programas o planes estatales de salud,91,3,8,11,Misiones
5922,Programas o planes estatales de salud,92,8,-,8,Misiones
5923,Programas o planes estatales de salud,93,3,4,7,Misiones
5924,Programas o planes estatales de salud,94,5,4,9,Misiones
5925,Programas o planes estatales de salud,95,2,3,5,Misiones
5926,Programas o planes estatales de salud,96,4,1,5,Misiones
5927,Programas o planes estatales de salud,97,-,1,1,Misiones
5928,Programas o planes estatales de salud,98,1,-,1,Misiones
5929,Programas o planes estatales de salud,99,2,-,2,Misiones
5930,Programas o planes estatales de salud,102,2,1,3,Misiones
5931,Programas o planes estatales de salud,103,-,2,2,Misiones
5933,"No tiene obra social, prepaga ni plan estatal",,Mujer/Femenino,Varón/Masculino,Total,Misiones
5934,"No tiene obra social, prepaga ni plan estatal",0,5424,5789,11213,Misiones
5935,"No tiene obra social, prepaga ni plan estatal",1,5156,5261,10417,Misiones
5936,"No tiene obra social, prepaga ni plan estatal",2,5912,5872,11784,Misiones
5937,"No tiene obra social, prepaga ni plan estatal",3,6300,6344,12644,Misiones
5938,"No tiene obra social, prepaga ni plan estatal",4,6291,6557,12848,Misiones
5939,"No tiene obra social, prepaga ni plan estatal",5,6087,6414,12501,Misiones
5940,"No tiene obra social, prepaga ni plan estatal",6,6294,6671,12965,Misiones
5941,"No tiene obra social, prepaga ni plan estatal",7,6729,7143,13872,Misiones
5942,"No tiene obra social, prepaga ni plan estatal",8,6279,6558,12837,Misiones
5943,"No tiene obra social, prepaga ni plan estatal",9,6249,6545,12794,Misiones
5944,"No tiene obra social, prepaga ni plan estatal",10,6233,6379,12612,Misiones
5945,"No tiene obra social, prepaga ni plan estatal",11,6514,6624,13138,Misiones
5946,"No tiene obra social, prepaga ni plan estatal",12,6250,6447,12697,Misiones
5947,"No tiene obra social, prepaga ni plan estatal",13,5935,6115,12050,Misiones
5948,"No tiene obra social, prepaga ni plan estatal",14,5595,5798,11393,Misiones
5949,"No tiene obra social, prepaga ni plan estatal",15,5584,5771,11355,Misiones
5950,"No tiene obra social, prepaga ni plan estatal",16,5455,5770,11225,Misiones
5951,"No tiene obra social, prepaga ni plan estatal",17,5702,5989,11691,Misiones
5952,"No tiene obra social, prepaga ni plan estatal",18,6175,6202,12377,Misiones
5953,"No tiene obra social, prepaga ni plan estatal",19,6212,6184,12396,Misiones
5954,"No tiene obra social, prepaga ni plan estatal",20,6153,6022,12175,Misiones
5955,"No tiene obra social, prepaga ni plan estatal",21,7476,6988,14464,Misiones
5956,"No tiene obra social, prepaga ni plan estatal",22,7893,7233,15126,Misiones
5957,"No tiene obra social, prepaga ni plan estatal",23,7080,6688,13768,Misiones
5958,"No tiene obra social, prepaga ni plan estatal",24,7373,6553,13926,Misiones
5959,"No tiene obra social, prepaga ni plan estatal",25,7099,6550,13649,Misiones
5960,"No tiene obra social, prepaga ni plan estatal",26,6822,6201,13023,Misiones
5961,"No tiene obra social, prepaga ni plan estatal",27,6780,6201,12981,Misiones
5962,"No tiene obra social, prepaga ni plan estatal",28,6053,5774,11827,Misiones
5963,"No tiene obra social, prepaga ni plan estatal",29,5762,5533,11295,Misiones
5964,"No tiene obra social, prepaga ni plan estatal",30,5946,5654,11600,Misiones
5965,"No tiene obra social, prepaga ni plan estatal",31,5217,5025,10242,Misiones
5966,"No tiene obra social, prepaga ni plan estatal",32,4841,4632,9473,Misiones
5967,"No tiene obra social, prepaga ni plan estatal",33,4496,4367,8863,Misiones
5968,"No tiene obra social, prepaga ni plan estatal",34,4325,4418,8743,Misiones
5969,"No tiene obra social, prepaga ni plan estatal",35,4275,4259,8534,Misiones
5970,"No tiene obra social, prepaga ni plan estatal",36,4251,4068,8319,Misiones
5971,"No tiene obra social, prepaga ni plan estatal",37,3723,3754,7477,Misiones
5972,"No tiene obra social, prepaga ni plan estatal",38,3687,3631,7318,Misiones
5973,"No tiene obra social, prepaga ni plan estatal",39,3828,3846,7674,Misiones
5974,"No tiene obra social, prepaga ni plan estatal",40,3768,3878,7646,Misiones
5975,"No tiene obra social, prepaga ni plan estatal",41,3526,3431,6957,Misiones
5976,"No tiene obra social, prepaga ni plan estatal",42,3877,3688,7565,Misiones
5977,"No tiene obra social, prepaga ni plan estatal",43,3411,3261,6672,Misiones
5978,"No tiene obra social, prepaga ni plan estatal",44,3203,3176,6379,Misiones
5979,"No tiene obra social, prepaga ni plan estatal",45,2948,3101,6049,Misiones
5980,"No tiene obra social, prepaga ni plan estatal",46,2948,3021,5969,Misiones
5981,"No tiene obra social, prepaga ni plan estatal",47,2865,3008,5873,Misiones
5982,"No tiene obra social, prepaga ni plan estatal",48,2647,2700,5347,Misiones
5983,"No tiene obra social, prepaga ni plan estatal",49,2600,2759,5359,Misiones
5984,"No tiene obra social, prepaga ni plan estatal",50,2459,2738,5197,Misiones
5985,"No tiene obra social, prepaga ni plan estatal",51,2259,2461,4720,Misiones
5986,"No tiene obra social, prepaga ni plan estatal",52,2198,2401,4599,Misiones
5987,"No tiene obra social, prepaga ni plan estatal",53,2042,2248,4290,Misiones
5988,"No tiene obra social, prepaga ni plan estatal",54,2047,2192,4239,Misiones
5989,"No tiene obra social, prepaga ni plan estatal",55,1960,2158,4118,Misiones
5990,"No tiene obra social, prepaga ni plan estatal",56,1994,2243,4237,Misiones
5991,"No tiene obra social, prepaga ni plan estatal",57,1901,2240,4141,Misiones
5992,"No tiene obra social, prepaga ni plan estatal",58,1845,2110,3955,Misiones
5993,"No tiene obra social, prepaga ni plan estatal",59,1845,1968,3813,Misiones
5994,"No tiene obra social, prepaga ni plan estatal",60,1542,1922,3464,Misiones
5995,"No tiene obra social, prepaga ni plan estatal",61,1166,1812,2978,Misiones
5996,"No tiene obra social, prepaga ni plan estatal",62,977,1716,2693,Misiones
5997,"No tiene obra social, prepaga ni plan estatal",63,838,1594,2432,Misiones
5998,"No tiene obra social, prepaga ni plan estatal",64,616,1538,2154,Misiones
5999,"No tiene obra social, prepaga ni plan estatal",65,471,1273,1744,Misiones
6000,"No tiene obra social, prepaga ni plan estatal",66,305,636,941,Misiones
6001,"No tiene obra social, prepaga ni plan estatal",67,264,525,789,Misiones
6002,"No tiene obra social, prepaga ni plan estatal",68,199,396,595,Misiones
6003,"No tiene obra social, prepaga ni plan estatal",69,182,320,502,Misiones
6004,"No tiene obra social, prepaga ni plan estatal",70,172,245,417,Misiones
6005,"No tiene obra social, prepaga ni plan estatal",71,138,184,322,Misiones
6006,"No tiene obra social, prepaga ni plan estatal",72,138,114,252,Misiones
6007,"No tiene obra social, prepaga ni plan estatal",73,135,115,250,Misiones
6008,"No tiene obra social, prepaga ni plan estatal",74,99,98,197,Misiones
6009,"No tiene obra social, prepaga ni plan estatal",75,103,93,196,Misiones
6010,"No tiene obra social, prepaga ni plan estatal",76,67,67,134,Misiones
6011,"No tiene obra social, prepaga ni plan estatal",77,87,67,154,Misiones
6012,"No tiene obra social, prepaga ni plan estatal",78,79,39,118,Misiones
6013,"No tiene obra social, prepaga ni plan estatal",79,70,49,119,Misiones
6014,"No tiene obra social, prepaga ni plan estatal",80,44,46,90,Misiones
6015,"No tiene obra social, prepaga ni plan estatal",81,53,39,92,Misiones
6016,"No tiene obra social, prepaga ni plan estatal",82,35,51,86,Misiones
6017,"No tiene obra social, prepaga ni plan estatal",83,47,32,79,Misiones
6018,"No tiene obra social, prepaga ni plan estatal",84,41,33,74,Misiones
6019,"No tiene obra social, prepaga ni plan estatal",85,36,34,70,Misiones
6020,"No tiene obra social, prepaga ni plan estatal",86,37,30,67,Misiones
6021,"No tiene obra social, prepaga ni plan estatal",87,32,27,59,Misiones
6022,"No tiene obra social, prepaga ni plan estatal",88,20,16,36,Misiones
6023,"No tiene obra social, prepaga ni plan estatal",89,26,27,53,Misiones
6024,"No tiene obra social, prepaga ni plan estatal",90,34,35,69,Misiones
6025,"No tiene obra social, prepaga ni plan estatal",91,26,21,47,Misiones
6026,"No tiene obra social, prepaga ni plan estatal",92,13,19,32,Misiones
6027,"No tiene obra social, prepaga ni plan estatal",93,18,9,27,Misiones
6028,"No tiene obra social, prepaga ni plan estatal",94,17,17,34,Misiones
6029,"No tiene obra social, prepaga ni plan estatal",95,15,12,27,Misiones
6030,"No tiene obra social, prepaga ni plan estatal",96,11,9,20,Misiones
6031,"No tiene obra social, prepaga ni plan estatal",97,15,17,32,Misiones
6032,"No tiene obra social, prepaga ni plan estatal",98,8,4,12,Misiones
6033,"No tiene obra social, prepaga ni plan estatal",99,9,5,14,Misiones
6034,"No tiene obra social, prepaga ni plan estatal",100,1,1,2,Misiones
6035,"No tiene obra social, prepaga ni plan estatal",101,2,1,3,Misiones
6036,"No tiene obra social, prepaga ni plan estatal",102,1,2,3,Misiones
6037,"No tiene obra social, prepaga ni plan estatal",103,4,3,7,Misiones
6038,"No tiene obra social, prepaga ni plan estatal",105,-,1,1,Misiones
6039,"No tiene obra social, prepaga ni plan estatal",106,1,-,1,Misiones
6040,"No tiene obra social, prepaga ni plan estatal",107,-,1,1,Misiones
6041,"No tiene obra social, prepaga ni plan estatal",108,1,-,1,Misiones
6042,"No tiene obra social, prepaga ni plan estatal",110,-,1,1,Misiones
6158,AREA # 58,Neuquén,,,,Neuquén
6159,AREA # 58,,,,,Neuquén
6160,Cobertura de salud,Edad,Sexo registrado al nacer,,,Neuquén
6161,Obra social o prepaga (incluye PAMI),,Mujer/Femenino,Varón/Masculino,Total,Neuquén
6162,Obra social o prepaga (incluye PAMI),0,2013,2159,4172,Neuquén
6163,Obra social o prepaga (incluye PAMI),1,2127,2195,4322,Neuquén
6164,Obra social o prepaga (incluye PAMI),2,2574,2624,5198,Neuquén
6165,Obra social o prepaga (incluye PAMI),3,2826,2938,5764,Neuquén
6166,Obra social o prepaga (incluye PAMI),4,3185,3132,6317,Neuquén
6167,Obra social o prepaga (incluye PAMI),5,3300,3394,6694,Neuquén
6168,Obra social o prepaga (incluye PAMI),6,3565,3601,7166,Neuquén
6169,Obra social o prepaga (incluye PAMI),7,3689,3724,7413,Neuquén
6170,Obra social o prepaga (incluye PAMI),8,3619,3767,7386,Neuquén
6171,Obra social o prepaga (incluye PAMI),9,3583,3710,7293,Neuquén
6172,Obra social o prepaga (incluye PAMI),10,3612,3678,7290,Neuquén
6173,Obra social o prepaga (incluye PAMI),11,3909,3921,7830,Neuquén
6174,Obra social o prepaga (incluye PAMI),12,3845,4035,7880,Neuquén
6175,Obra social o prepaga (incluye PAMI),13,3983,3952,7935,Neuquén
6176,Obra social o prepaga (incluye PAMI),14,3569,3852,7421,Neuquén
6177,Obra social o prepaga (incluye PAMI),15,3753,3749,7502,Neuquén
6178,Obra social o prepaga (incluye PAMI),16,3508,3701,7209,Neuquén
6179,Obra social o prepaga (incluye PAMI),17,3367,3496,6863,Neuquén
6180,Obra social o prepaga (incluye PAMI),18,2802,2922,5724,Neuquén
6181,Obra social o prepaga (incluye PAMI),19,2683,2700,5383,Neuquén
6182,Obra social o prepaga (incluye PAMI),20,2622,2604,5226,Neuquén
6183,Obra social o prepaga (incluye PAMI),21,2230,2327,4557,Neuquén
6184,Obra social o prepaga (incluye PAMI),22,2433,2418,4851,Neuquén
6185,Obra social o prepaga (incluye PAMI),23,2208,2335,4543,Neuquén
6186,Obra social o prepaga (incluye PAMI),24,2451,2545,4996,Neuquén
6187,Obra social o prepaga (incluye PAMI),25,2625,2608,5233,Neuquén
6188,Obra social o prepaga (incluye PAMI),26,2658,2768,5426,Neuquén
6189,Obra social o prepaga (incluye PAMI),27,2967,3038,6005,Neuquén
6190,Obra social o prepaga (incluye PAMI),28,3165,3003,6168,Neuquén
6191,Obra social o prepaga (incluye PAMI),29,3510,3353,6863,Neuquén
6192,Obra social o prepaga (incluye PAMI),30,3917,3632,7549,Neuquén
6193,Obra social o prepaga (incluye PAMI),31,3995,3740,7735,Neuquén
6194,Obra social o prepaga (incluye PAMI),32,3742,3603,7345,Neuquén
6195,Obra social o prepaga (incluye PAMI),33,3851,3679,7530,Neuquén
6196,Obra social o prepaga (incluye PAMI),34,3907,3758,7665,Neuquén
6197,Obra social o prepaga (incluye PAMI),35,3954,3683,7637,Neuquén
6198,Obra social o prepaga (incluye PAMI),36,3837,3715,7552,Neuquén
6199,Obra social o prepaga (incluye PAMI),37,3724,3582,7306,Neuquén
6200,Obra social o prepaga (incluye PAMI),38,3854,3465,7319,Neuquén
6201,Obra social o prepaga (incluye PAMI),39,3835,3627,7462,Neuquén
6202,Obra social o prepaga (incluye PAMI),40,4070,3629,7699,Neuquén
6203,Obra social o prepaga (incluye PAMI),41,3957,3515,7472,Neuquén
6204,Obra social o prepaga (incluye PAMI),42,4041,3852,7893,Neuquén
6205,Obra social o prepaga (incluye PAMI),43,3800,3562,7362,Neuquén
6206,Obra social o prepaga (incluye PAMI),44,3673,3441,7114,Neuquén
6207,Obra social o prepaga (incluye PAMI),45,3589,3269,6858,Neuquén
6208,Obra social o prepaga (incluye PAMI),46,3446,3159,6605,Neuquén
6209,Obra social o prepaga (incluye PAMI),47,3392,3078,6470,Neuquén
6210,Obra social o prepaga (incluye PAMI),48,3150,2909,6059,Neuquén
6211,Obra social o prepaga (incluye PAMI),49,3084,2768,5852,Neuquén
6212,Obra social o prepaga (incluye PAMI),50,3110,2860,5970,Neuquén
6213,Obra social o prepaga (incluye PAMI),51,2904,2625,5529,Neuquén
6214,Obra social o prepaga (incluye PAMI),52,2749,2396,5145,Neuquén
6215,Obra social o prepaga (incluye PAMI),53,2645,2321,4966,Neuquén
6216,Obra social o prepaga (incluye PAMI),54,2604,2239,4843,Neuquén
6217,Obra social o prepaga (incluye PAMI),55,2433,2305,4738,Neuquén
6218,Obra social o prepaga (incluye PAMI),56,2610,2170,4780,Neuquén
6219,Obra social o prepaga (incluye PAMI),57,2500,2117,4617,Neuquén
6220,Obra social o prepaga (incluye PAMI),58,2490,2093,4583,Neuquén
6221,Obra social o prepaga (incluye PAMI),59,2395,2098,4493,Neuquén
6222,Obra social o prepaga (incluye PAMI),60,2400,1977,4377,Neuquén
6223,Obra social o prepaga (incluye PAMI),61,2399,1946,4345,Neuquén
6224,Obra social o prepaga (incluye PAMI),62,2418,1799,4217,Neuquén
6225,Obra social o prepaga (incluye PAMI),63,2371,1741,4112,Neuquén
6226,Obra social o prepaga (incluye PAMI),64,2357,1742,4099,Neuquén
6227,Obra social o prepaga (incluye PAMI),65,2476,2005,4481,Neuquén
6228,Obra social o prepaga (incluye PAMI),66,2361,1873,4234,Neuquén
6229,Obra social o prepaga (incluye PAMI),67,2359,1854,4213,Neuquén
6230,Obra social o prepaga (incluye PAMI),68,2209,1859,4068,Neuquén
6231,Obra social o prepaga (incluye PAMI),69,2189,1726,3915,Neuquén
6232,Obra social o prepaga (incluye PAMI),70,2025,1707,3732,Neuquén
6233,Obra social o prepaga (incluye PAMI),71,1900,1628,3528,Neuquén
6234,Obra social o prepaga (incluye PAMI),72,1841,1622,3463,Neuquén
6235,Obra social o prepaga (incluye PAMI),73,1678,1418,3096,Neuquén
6236,Obra social o prepaga (incluye PAMI),74,1609,1284,2893,Neuquén
6237,Obra social o prepaga (incluye PAMI),75,1388,1164,2552,Neuquén
6238,Obra social o prepaga (incluye PAMI),76,1416,1124,2540,Neuquén
6239,Obra social o prepaga (incluye PAMI),77,1287,989,2276,Neuquén
6240,Obra social o prepaga (incluye PAMI),78,1104,802,1906,Neuquén
6241,Obra social o prepaga (incluye PAMI),79,1076,821,1897,Neuquén
6242,Obra social o prepaga (incluye PAMI),80,864,716,1580,Neuquén
6243,Obra social o prepaga (incluye PAMI),81,843,608,1451,Neuquén
6244,Obra social o prepaga (incluye PAMI),82,784,552,1336,Neuquén
6245,Obra social o prepaga (incluye PAMI),83,673,447,1120,Neuquén
6246,Obra social o prepaga (incluye PAMI),84,667,342,1009,Neuquén
6247,Obra social o prepaga (incluye PAMI),85,548,361,909,Neuquén
6248,Obra social o prepaga (incluye PAMI),86,512,291,803,Neuquén
6249,Obra social o prepaga (incluye PAMI),87,454,232,686,Neuquén
6250,Obra social o prepaga (incluye PAMI),88,333,184,517,Neuquén
6251,Obra social o prepaga (incluye PAMI),89,313,144,457,Neuquén
6252,Obra social o prepaga (incluye PAMI),90,256,127,383,Neuquén
6253,Obra social o prepaga (incluye PAMI),91,226,104,330,Neuquén
6254,Obra social o prepaga (incluye PAMI),92,187,91,278,Neuquén
6255,Obra social o prepaga (incluye PAMI),93,139,61,200,Neuquén
6256,Obra social o prepaga (incluye PAMI),94,114,43,157,Neuquén
6257,Obra social o prepaga (incluye PAMI),95,85,33,118,Neuquén
6258,Obra social o prepaga (incluye PAMI),96,89,24,113,Neuquén
6259,Obra social o prepaga (incluye PAMI),97,61,12,73,Neuquén
6260,Obra social o prepaga (incluye PAMI),98,24,16,40,Neuquén
6261,Obra social o prepaga (incluye PAMI),99,31,8,39,Neuquén
6262,Obra social o prepaga (incluye PAMI),100,7,12,19,Neuquén
6263,Obra social o prepaga (incluye PAMI),101,12,1,13,Neuquén
6264,Obra social o prepaga (incluye PAMI),102,6,1,7,Neuquén
6265,Obra social o prepaga (incluye PAMI),103,2,-,2,Neuquén
6266,Obra social o prepaga (incluye PAMI),104,3,-,3,Neuquén
6267,Obra social o prepaga (incluye PAMI),105,4,-,4,Neuquén
6268,Obra social o prepaga (incluye PAMI),106,1,-,1,Neuquén
6269,Obra social o prepaga (incluye PAMI),107,2,-,2,Neuquén
6270,Obra social o prepaga (incluye PAMI),108,-,1,1,Neuquén
6271,Obra social o prepaga (incluye PAMI),110,1,-,1,Neuquén
6273,Programas o planes estatales de salud,,Mujer/Femenino,Varón/Masculino,Total,Neuquén
6274,Programas o planes estatales de salud,0,110,103,213,Neuquén
6275,Programas o planes estatales de salud,1,98,134,232,Neuquén
6276,Programas o planes estatales de salud,2,145,129,274,Neuquén
6277,Programas o planes estatales de salud,3,132,144,276,Neuquén
6278,Programas o planes estatales de salud,4,178,142,320,Neuquén
6279,Programas o planes estatales de salud,5,181,181,362,Neuquén
6280,Programas o planes estatales de salud,6,156,186,342,Neuquén
6281,Programas o planes estatales de salud,7,198,169,367,Neuquén
6282,Programas o planes estatales de salud,8,178,179,357,Neuquén
6283,Programas o planes estatales de salud,9,187,214,401,Neuquén
6284,Programas o planes estatales de salud,10,184,168,352,Neuquén
6285,Programas o planes estatales de salud,11,195,215,410,Neuquén
6286,Programas o planes estatales de salud,12,233,211,444,Neuquén
6287,Programas o planes estatales de salud,13,181,184,365,Neuquén
6288,Programas o planes estatales de salud,14,205,192,397,Neuquén
6289,Programas o planes estatales de salud,15,184,201,385,Neuquén
6290,Programas o planes estatales de salud,16,191,195,386,Neuquén
6291,Programas o planes estatales de salud,17,146,181,327,Neuquén
6292,Programas o planes estatales de salud,18,145,156,301,Neuquén
6293,Programas o planes estatales de salud,19,138,131,269,Neuquén
6294,Programas o planes estatales de salud,20,137,135,272,Neuquén
6295,Programas o planes estatales de salud,21,115,118,233,Neuquén
6296,Programas o planes estatales de salud,22,134,149,283,Neuquén
6297,Programas o planes estatales de salud,23,135,140,275,Neuquén
6298,Programas o planes estatales de salud,24,153,154,307,Neuquén
6299,Programas o planes estatales de salud,25,134,131,265,Neuquén
6300,Programas o planes estatales de salud,26,155,123,278,Neuquén
6301,Programas o planes estatales de salud,27,174,124,298,Neuquén
6302,Programas o planes estatales de salud,28,162,140,302,Neuquén
6303,Programas o planes estatales de salud,29,215,182,397,Neuquén
6304,Programas o planes estatales de salud,30,195,186,381,Neuquén
6305,Programas o planes estatales de salud,31,205,192,397,Neuquén
6306,Programas o planes estatales de salud,32,225,152,377,Neuquén
6307,Programas o planes estatales de salud,33,216,178,394,Neuquén
6308,Programas o planes estatales de salud,34,193,170,363,Neuquén
6309,Programas o planes estatales de salud,35,194,187,381,Neuquén
6310,Programas o planes estatales de salud,36,242,170,412,Neuquén
6311,Programas o planes estatales de salud,37,185,157,342,Neuquén
6312,Programas o planes estatales de salud,38,194,175,369,Neuquén
6313,Programas o planes estatales de salud,39,188,205,393,Neuquén
6314,Programas o planes estatales de salud,40,225,199,424,Neuquén
6315,Programas o planes estatales de salud,41,214,157,371,Neuquén
6316,Programas o planes estatales de salud,42,195,203,398,Neuquén
6317,Programas o planes estatales de salud,43,210,164,374,Neuquén
6318,Programas o planes estatales de salud,44,214,172,386,Neuquén
6319,Programas o planes estatales de salud,45,187,169,356,Neuquén
6320,Programas o planes estatales de salud,46,212,157,369,Neuquén
6321,Programas o planes estatales de salud,47,191,144,335,Neuquén
6322,Programas o planes estatales de salud,48,198,160,358,Neuquén
6323,Programas o planes estatales de salud,49,174,129,303,Neuquén
6324,Programas o planes estatales de salud,50,201,167,368,Neuquén
6325,Programas o planes estatales de salud,51,199,143,342,Neuquén
6326,Programas o planes estatales de salud,52,177,140,317,Neuquén
6327,Programas o planes estatales de salud,53,153,131,284,Neuquén
6328,Programas o planes estatales de salud,54,154,130,284,Neuquén
6329,Programas o planes estatales de salud,55,188,144,332,Neuquén
6330,Programas o planes estatales de salud,56,171,133,304,Neuquén
6331,Programas o planes estatales de salud,57,180,141,321,Neuquén
6332,Programas o planes estatales de salud,58,180,118,298,Neuquén
6333,Programas o planes estatales de salud,59,164,107,271,Neuquén
6334,Programas o planes estatales de salud,60,149,120,269,Neuquén
6335,Programas o planes estatales de salud,61,128,109,237,Neuquén
6336,Programas o planes estatales de salud,62,131,108,239,Neuquén
6337,Programas o planes estatales de salud,63,130,98,228,Neuquén
6338,Programas o planes estatales de salud,64,79,100,179,Neuquén
6339,Programas o planes estatales de salud,65,107,79,186,Neuquén
6340,Programas o planes estatales de salud,66,70,62,132,Neuquén
6341,Programas o planes estatales de salud,67,72,60,132,Neuquén
6342,Programas o planes estatales de salud,68,65,45,110,Neuquén
6343,Programas o planes estatales de salud,69,55,45,100,Neuquén
6344,Programas o planes estatales de salud,70,55,36,91,Neuquén
6345,Programas o planes estatales de salud,71,49,33,82,Neuquén
6346,Programas o planes estatales de salud,72,51,36,87,Neuquén
6347,Programas o planes estatales de salud,73,40,34,74,Neuquén
6348,Programas o planes estatales de salud,74,40,35,75,Neuquén
6349,Programas o planes estatales de salud,75,25,22,47,Neuquén
6350,Programas o planes estatales de salud,76,24,17,41,Neuquén
6351,Programas o planes estatales de salud,77,26,30,56,Neuquén
6352,Programas o planes estatales de salud,78,21,28,49,Neuquén
6353,Programas o planes estatales de salud,79,20,14,34,Neuquén
6354,Programas o planes estatales de salud,80,20,10,30,Neuquén
6355,Programas o planes estatales de salud,81,17,8,25,Neuquén
6356,Programas o planes estatales de salud,82,17,15,32,Neuquén
6357,Programas o planes estatales de salud,83,10,6,16,Neuquén
6358,Programas o planes estatales de salud,84,13,10,23,Neuquén
6359,Programas o planes estatales de salud,85,9,8,17,Neuquén
6360,Programas o planes estatales de salud,86,4,5,9,Neuquén
6361,Programas o planes estatales de salud,87,11,3,14,Neuquén
6362,Programas o planes estatales de salud,88,2,9,11,Neuquén
6363,Programas o planes estatales de salud,89,9,3,12,Neuquén
6364,Programas o planes estatales de salud,90,2,3,5,Neuquén
6365,Programas o planes estatales de salud,91,2,3,5,Neuquén
6366,Programas o planes estatales de salud,92,1,1,2,Neuquén
6367,Programas o planes estatales de salud,93,1,1,2,Neuquén
6368,Programas o planes estatales de salud,94,3,2,5,Neuquén
6369,Programas o planes estatales de salud,96,1,-,1,Neuquén
6370,Programas o planes estatales de salud,97,-,1,1,Neuquén
6371,Programas o planes estatales de salud,100,-,1,1,Neuquén
6372,Programas o planes estatales de salud,103,-,1,1,Neuquén
6374,"No tiene obra social, prepaga ni plan estatal",,Mujer/Femenino,Varón/Masculino,Total,Neuquén
6375,"No tiene obra social, prepaga ni plan estatal",0,1391,1367,2758,Neuquén
6376,"No tiene obra social, prepaga ni plan estatal",1,1299,1384,2683,Neuquén
6377,"No tiene obra social, prepaga ni plan estatal",2,1590,1645,3235,Neuquén
6378,"No tiene obra social, prepaga ni plan estatal",3,1762,1841,3603,Neuquén
6379,"No tiene obra social, prepaga ni plan estatal",4,1889,1898,3787,Neuquén
6380,"No tiene obra social, prepaga ni plan estatal",5,1997,1914,3911,Neuquén
6381,"No tiene obra social, prepaga ni plan estatal",6,2020,1949,3969,Neuquén
6382,"No tiene obra social, prepaga ni plan estatal",7,2120,2131,4251,Neuquén
6383,"No tiene obra social, prepaga ni plan estatal",8,1937,1953,3890,Neuquén
6384,"No tiene obra social, prepaga ni plan estatal",9,1914,1935,3849,Neuquén
6385,"No tiene obra social, prepaga ni plan estatal",10,1826,1824,3650,Neuquén
6386,"No tiene obra social, prepaga ni plan estatal",11,1931,1963,3894,Neuquén
6387,"No tiene obra social, prepaga ni plan estatal",12,1791,1814,3605,Neuquén
6388,"No tiene obra social, prepaga ni plan estatal",13,1843,1899,3742,Neuquén
6389,"No tiene obra social, prepaga ni plan estatal",14,1744,1870,3614,Neuquén
6390,"No tiene obra social, prepaga ni plan estatal",15,1741,1638,3379,Neuquén
6391,"No tiene obra social, prepaga ni plan estatal",16,1625,1744,3369,Neuquén
6392,"No tiene obra social, prepaga ni plan estatal",17,1621,1783,3404,Neuquén
6393,"No tiene obra social, prepaga ni plan estatal",18,1677,1848,3525,Neuquén
6394,"No tiene obra social, prepaga ni plan estatal",19,1876,1915,3791,Neuquén
6395,"No tiene obra social, prepaga ni plan estatal",20,2027,2065,4092,Neuquén
6396,"No tiene obra social, prepaga ni plan estatal",21,2412,2577,4989,Neuquén
6397,"No tiene obra social, prepaga ni plan estatal",22,2694,2791,5485,Neuquén
6398,"No tiene obra social, prepaga ni plan estatal",23,2657,2825,5482,Neuquén
6399,"No tiene obra social, prepaga ni plan estatal",24,2713,2743,5456,Neuquén
6400,"No tiene obra social, prepaga ni plan estatal",25,2920,2810,5730,Neuquén
6401,"No tiene obra social, prepaga ni plan estatal",26,2874,2706,5580,Neuquén
6402,"No tiene obra social, prepaga ni plan estatal",27,2683,2663,5346,Neuquén
6403,"No tiene obra social, prepaga ni plan estatal",28,2604,2397,5001,Neuquén
6404,"No tiene obra social, prepaga ni plan estatal",29,2469,2523,4992,Neuquén
6405,"No tiene obra social, prepaga ni plan estatal",30,2520,2491,5011,Neuquén
6406,"No tiene obra social, prepaga ni plan estatal",31,2251,2409,4660,Neuquén
6407,"No tiene obra social, prepaga ni plan estatal",32,2160,2195,4355,Neuquén
6408,"No tiene obra social, prepaga ni plan estatal",33,1889,2131,4020,Neuquén
6409,"No tiene obra social, prepaga ni plan estatal",34,1899,2027,3926,Neuquén
6410,"No tiene obra social, prepaga ni plan estatal",35,1757,1964,3721,Neuquén
6411,"No tiene obra social, prepaga ni plan estatal",36,1668,1766,3434,Neuquén
6412,"No tiene obra social, prepaga ni plan estatal",37,1612,1702,3314,Neuquén
6413,"No tiene obra social, prepaga ni plan estatal",38,1501,1747,3248,Neuquén
6414,"No tiene obra social, prepaga ni plan estatal",39,1570,1707,3277,Neuquén
6415,"No tiene obra social, prepaga ni plan estatal",40,1557,1688,3245,Neuquén
6416,"No tiene obra social, prepaga ni plan estatal",41,1530,1559,3089,Neuquén
6417,"No tiene obra social, prepaga ni plan estatal",42,1725,1692,3417,Neuquén
6418,"No tiene obra social, prepaga ni plan estatal",43,1475,1600,3075,Neuquén
6419,"No tiene obra social, prepaga ni plan estatal",44,1517,1541,3058,Neuquén
6420,"No tiene obra social, prepaga ni plan estatal",45,1364,1441,2805,Neuquén
6421,"No tiene obra social, prepaga ni plan estatal",46,1295,1351,2646,Neuquén
6422,"No tiene obra social, prepaga ni plan estatal",47,1311,1417,2728,Neuquén
6423,"No tiene obra social, prepaga ni plan estatal",48,1267,1347,2614,Neuquén
6424,"No tiene obra social, prepaga ni plan estatal",49,1250,1302,2552,Neuquén
6425,"No tiene obra social, prepaga ni plan estatal",50,1195,1283,2478,Neuquén
6426,"No tiene obra social, prepaga ni plan estatal",51,1117,1165,2282,Neuquén
6427,"No tiene obra social, prepaga ni plan estatal",52,1068,1168,2236,Neuquén
6428,"No tiene obra social, prepaga ni plan estatal",53,1063,1011,2074,Neuquén
6429,"No tiene obra social, prepaga ni plan estatal",54,938,961,1899,Neuquén
6430,"No tiene obra social, prepaga ni plan estatal",55,1041,960,2001,Neuquén
6431,"No tiene obra social, prepaga ni plan estatal",56,908,1024,1932,Neuquén
6432,"No tiene obra social, prepaga ni plan estatal",57,917,993,1910,Neuquén
6433,"No tiene obra social, prepaga ni plan estatal",58,895,861,1756,Neuquén
6434,"No tiene obra social, prepaga ni plan estatal",59,897,940,1837,Neuquén
6435,"No tiene obra social, prepaga ni plan estatal",60,791,920,1711,Neuquén
6436,"No tiene obra social, prepaga ni plan estatal",61,536,827,1363,Neuquén
6437,"No tiene obra social, prepaga ni plan estatal",62,492,801,1293,Neuquén
6438,"No tiene obra social, prepaga ni plan estatal",63,397,663,1060,Neuquén
6439,"No tiene obra social, prepaga ni plan estatal",64,320,706,1026,Neuquén
6440,"No tiene obra social, prepaga ni plan estatal",65,266,576,842,Neuquén
6441,"No tiene obra social, prepaga ni plan estatal",66,214,367,581,Neuquén
6442,"No tiene obra social, prepaga ni plan estatal",67,147,271,418,Neuquén
6443,"No tiene obra social, prepaga ni plan estatal",68,124,205,329,Neuquén
6444,"No tiene obra social, prepaga ni plan estatal",69,118,161,279,Neuquén
6445,"No tiene obra social, prepaga ni plan estatal",70,105,114,219,Neuquén
6446,"No tiene obra social, prepaga ni plan estatal",71,78,68,146,Neuquén
6447,"No tiene obra social, prepaga ni plan estatal",72,84,62,146,Neuquén
6448,"No tiene obra social, prepaga ni plan estatal",73,59,71,130,Neuquén
6449,"No tiene obra social, prepaga ni plan estatal",74,67,65,132,Neuquén
6450,"No tiene obra social, prepaga ni plan estatal",75,45,40,85,Neuquén
6451,"No tiene obra social, prepaga ni plan estatal",76,61,37,98,Neuquén
6452,"No tiene obra social, prepaga ni plan estatal",77,54,41,95,Neuquén
6453,"No tiene obra social, prepaga ni plan estatal",78,38,34,72,Neuquén
6454,"No tiene obra social, prepaga ni plan estatal",79,31,30,61,Neuquén
6455,"No tiene obra social, prepaga ni plan estatal",80,30,26,56,Neuquén
6456,"No tiene obra social, prepaga ni plan estatal",81,22,26,48,Neuquén
6457,"No tiene obra social, prepaga ni plan estatal",82,27,20,47,Neuquén
6458,"No tiene obra social, prepaga ni plan estatal",83,27,12,39,Neuquén
6459,"No tiene obra social, prepaga ni plan estatal",84,23,9,32,Neuquén
6460,"No tiene obra social, prepaga ni plan estatal",85,22,9,31,Neuquén
6461,"No tiene obra social, prepaga ni plan estatal",86,22,7,29,Neuquén
6462,"No tiene obra social, prepaga ni plan estatal",87,13,7,20,Neuquén
6463,"No tiene obra social, prepaga ni plan estatal",88,9,10,19,Neuquén
6464,"No tiene obra social, prepaga ni plan estatal",89,16,13,29,Neuquén
6465,"No tiene obra social, prepaga ni plan estatal",90,16,12,28,Neuquén
6466,"No tiene obra social, prepaga ni plan estatal",91,9,11,20,Neuquén
6467,"No tiene obra social, prepaga ni plan estatal",92,13,11,24,Neuquén
6468,"No tiene obra social, prepaga ni plan estatal",93,15,7,22,Neuquén
6469,"No tiene obra social, prepaga ni plan estatal",94,8,10,18,Neuquén
6470,"No tiene obra social, prepaga ni plan estatal",95,4,3,7,Neuquén
6471,"No tiene obra social, prepaga ni plan estatal",96,2,4,6,Neuquén
6472,"No tiene obra social, prepaga ni plan estatal",97,4,3,7,Neuquén
6473,"No tiene obra social, prepaga ni plan estatal",98,2,5,7,Neuquén
6474,"No tiene obra social, prepaga ni plan estatal",99,3,6,9,Neuquén
6475,"No tiene obra social, prepaga ni plan estatal",102,2,1,3,Neuquén
6476,"No tiene obra social, prepaga ni plan estatal",107,1,-,1,Neuquén
6591,AREA # 62,Río Negro,,,,Río Negro
6592,AREA # 62,,,,,Río Negro
6593,Cobertura de salud,Edad,Sexo registrado al nacer,,,Río Negro
6594,Obra social o prepaga (incluye PAMI),,Mujer/Femenino,Varón/Masculino,Total,Río Negro
6595,Obra social o prepaga (incluye PAMI),0,2005,2033,4038,Río Negro
6596,Obra social o prepaga (incluye PAMI),1,2085,2037,4122,Río Negro
6597,Obra social o prepaga (incluye PAMI),2,2347,2453,4800,Río Negro
6598,Obra social o prepaga (incluye PAMI),3,2611,2746,5357,Río Negro
6599,Obra social o prepaga (incluye PAMI),4,3060,3104,6164,Río Negro
6600,Obra social o prepaga (incluye PAMI),5,3261,3409,6670,Río Negro
6601,Obra social o prepaga (incluye PAMI),6,3421,3508,6929,Río Negro
6602,Obra social o prepaga (incluye PAMI),7,3578,3692,7270,Río Negro
6603,Obra social o prepaga (incluye PAMI),8,3548,3624,7172,Río Negro
6604,Obra social o prepaga (incluye PAMI),9,3584,3776,7360,Río Negro
6605,Obra social o prepaga (incluye PAMI),10,3524,3625,7149,Río Negro
6606,Obra social o prepaga (incluye PAMI),11,3638,3815,7453,Río Negro
6607,Obra social o prepaga (incluye PAMI),12,3670,3714,7384,Río Negro
6608,Obra social o prepaga (incluye PAMI),13,3490,3794,7284,Río Negro
6609,Obra social o prepaga (incluye PAMI),14,3488,3743,7231,Río Negro
6610,Obra social o prepaga (incluye PAMI),15,3485,3637,7122,Río Negro
6611,Obra social o prepaga (incluye PAMI),16,3531,3691,7222,Río Negro
6612,Obra social o prepaga (incluye PAMI),17,3433,3656,7089,Río Negro
6613,Obra social o prepaga (incluye PAMI),18,2926,3008,5934,Río Negro
6614,Obra social o prepaga (incluye PAMI),19,2681,2790,5471,Río Negro
6615,Obra social o prepaga (incluye PAMI),20,2555,2573,5128,Río Negro
6616,Obra social o prepaga (incluye PAMI),21,2056,2117,4173,Río Negro
6617,Obra social o prepaga (incluye PAMI),22,2031,2012,4043,Río Negro
6618,Obra social o prepaga (incluye PAMI),23,1986,2118,4104,Río Negro
6619,Obra social o prepaga (incluye PAMI),24,2162,2200,4362,Río Negro
6620,Obra social o prepaga (incluye PAMI),25,2323,2407,4730,Río Negro
6621,Obra social o prepaga (incluye PAMI),26,2419,2396,4815,Río Negro
6622,Obra social o prepaga (incluye PAMI),27,2631,2603,5234,Río Negro
6623,Obra social o prepaga (incluye PAMI),28,2634,2740,5374,Río Negro
6624,Obra social o prepaga (incluye PAMI),29,3036,2729,5765,Río Negro
6625,Obra social o prepaga (incluye PAMI),30,3320,3039,6359,Río Negro
6626,Obra social o prepaga (incluye PAMI),31,3452,3065,6517,Río Negro
6627,Obra social o prepaga (incluye PAMI),32,3374,3098,6472,Río Negro
6628,Obra social o prepaga (incluye PAMI),33,3594,3164,6758,Río Negro
6629,Obra social o prepaga (incluye PAMI),34,3524,3186,6710,Río Negro
6630,Obra social o prepaga (incluye PAMI),35,3742,3364,7106,Río Negro
6631,Obra social o prepaga (incluye PAMI),36,3735,3287,7022,Río Negro
6632,Obra social o prepaga (incluye PAMI),37,3628,3277,6905,Río Negro
6633,Obra social o prepaga (incluye PAMI),38,3763,3285,7048,Río Negro
6634,Obra social o prepaga (incluye PAMI),39,3790,3317,7107,Río Negro
6635,Obra social o prepaga (incluye PAMI),40,3894,3564,7458,Río Negro
6636,Obra social o prepaga (incluye PAMI),41,3681,3377,7058,Río Negro
6637,Obra social o prepaga (incluye PAMI),42,4024,3438,7462,Río Negro
6638,Obra social o prepaga (incluye PAMI),43,3903,3345,7248,Río Negro
6639,Obra social o prepaga (incluye PAMI),44,3796,3349,7145,Río Negro
6640,Obra social o prepaga (incluye PAMI),45,3593,3204,6797,Río Negro
6641,Obra social o prepaga (incluye PAMI),46,3397,3038,6435,Río Negro
6642,Obra social o prepaga (incluye PAMI),47,3350,3002,6352,Río Negro
6643,Obra social o prepaga (incluye PAMI),48,3133,2802,5935,Río Negro
6644,Obra social o prepaga (incluye PAMI),49,3169,2788,5957,Río Negro
6645,Obra social o prepaga (incluye PAMI),50,2994,2721,5715,Río Negro
6646,Obra social o prepaga (incluye PAMI),51,2827,2587,5414,Río Negro
6647,Obra social o prepaga (incluye PAMI),52,2781,2366,5147,Río Negro
6648,Obra social o prepaga (incluye PAMI),53,2603,2283,4886,Río Negro
6649,Obra social o prepaga (incluye PAMI),54,2637,2193,4830,Río Negro
6650,Obra social o prepaga (incluye PAMI),55,2641,2169,4810,Río Negro
6651,Obra social o prepaga (incluye PAMI),56,2673,2265,4938,Río Negro
6652,Obra social o prepaga (incluye PAMI),57,2743,2257,5000,Río Negro
6653,Obra social o prepaga (incluye PAMI),58,2561,2176,4737,Río Negro
6654,Obra social o prepaga (incluye PAMI),59,2699,2132,4831,Río Negro
6655,Obra social o prepaga (incluye PAMI),60,2731,2216,4947,Río Negro
6656,Obra social o prepaga (incluye PAMI),61,2792,1975,4767,Río Negro
6657,Obra social o prepaga (incluye PAMI),62,2851,2074,4925,Río Negro
6658,Obra social o prepaga (incluye PAMI),63,2839,2034,4873,Río Negro
6659,Obra social o prepaga (incluye PAMI),64,2808,1976,4784,Río Negro
6660,Obra social o prepaga (incluye PAMI),65,3037,2283,5320,Río Negro
6661,Obra social o prepaga (incluye PAMI),66,2749,2262,5011,Río Negro
6662,Obra social o prepaga (incluye PAMI),67,2884,2413,5297,Río Negro
6663,Obra social o prepaga (incluye PAMI),68,2636,2321,4957,Río Negro
6664,Obra social o prepaga (incluye PAMI),69,2570,2238,4808,Río Negro
6665,Obra social o prepaga (incluye PAMI),70,2522,2071,4593,Río Negro
6666,Obra social o prepaga (incluye PAMI),71,2289,1960,4249,Río Negro
6667,Obra social o prepaga (incluye PAMI),72,2327,1966,4293,Río Negro
6668,Obra social o prepaga (incluye PAMI),73,2124,1801,3925,Río Negro
6669,Obra social o prepaga (incluye PAMI),74,1980,1661,3641,Río Negro
6670,Obra social o prepaga (incluye PAMI),75,1903,1520,3423,Río Negro
6671,Obra social o prepaga (incluye PAMI),76,1843,1446,3289,Río Negro
6672,Obra social o prepaga (incluye PAMI),77,1695,1324,3019,Río Negro
6673,Obra social o prepaga (incluye PAMI),78,1508,1154,2662,Río Negro
6674,Obra social o prepaga (incluye PAMI),79,1464,1002,2466,Río Negro
6675,Obra social o prepaga (incluye PAMI),80,1277,935,2212,Río Negro
6676,Obra social o prepaga (incluye PAMI),81,1224,814,2038,Río Negro
6677,Obra social o prepaga (incluye PAMI),82,1032,737,1769,Río Negro
6678,Obra social o prepaga (incluye PAMI),83,948,611,1559,Río Negro
6679,Obra social o prepaga (incluye PAMI),84,821,532,1353,Río Negro
6680,Obra social o prepaga (incluye PAMI),85,856,456,1312,Río Negro
6681,Obra social o prepaga (incluye PAMI),86,681,402,1083,Río Negro
6682,Obra social o prepaga (incluye PAMI),87,602,365,967,Río Negro
6683,Obra social o prepaga (incluye PAMI),88,499,254,753,Río Negro
6684,Obra social o prepaga (incluye PAMI),89,483,222,705,Río Negro
6685,Obra social o prepaga (incluye PAMI),90,382,172,554,Río Negro
6686,Obra social o prepaga (incluye PAMI),91,341,163,504,Río Negro
6687,Obra social o prepaga (incluye PAMI),92,272,126,398,Río Negro
6688,Obra social o prepaga (incluye PAMI),93,209,109,318,Río Negro
6689,Obra social o prepaga (incluye PAMI),94,167,77,244,Río Negro
6690,Obra social o prepaga (incluye PAMI),95,120,40,160,Río Negro
6691,Obra social o prepaga (incluye PAMI),96,88,49,137,Río Negro
6692,Obra social o prepaga (incluye PAMI),97,73,39,112,Río Negro
6693,Obra social o prepaga (incluye PAMI),98,52,31,83,Río Negro
6694,Obra social o prepaga (incluye PAMI),99,24,20,44,Río Negro
6695,Obra social o prepaga (incluye PAMI),100,16,9,25,Río Negro
6696,Obra social o prepaga (incluye PAMI),101,12,3,15,Río Negro
6697,Obra social o prepaga (incluye PAMI),102,20,5,25,Río Negro
6698,Obra social o prepaga (incluye PAMI),103,8,6,14,Río Negro
6699,Obra social o prepaga (incluye PAMI),104,2,1,3,Río Negro
6700,Obra social o prepaga (incluye PAMI),105,-,1,1,Río Negro
6701,Obra social o prepaga (incluye PAMI),106,2,-,2,Río Negro
6702,Obra social o prepaga (incluye PAMI),108,1,3,4,Río Negro
6703,Obra social o prepaga (incluye PAMI),110,1,-,1,Río Negro
6705,Programas o planes estatales de salud,,Mujer/Femenino,Varón/Masculino,Total,Río Negro
6706,Programas o planes estatales de salud,0,128,134,262,Río Negro
6707,Programas o planes estatales de salud,1,135,135,270,Río Negro
6708,Programas o planes estatales de salud,2,146,144,290,Río Negro
6709,Programas o planes estatales de salud,3,161,158,319,Río Negro
6710,Programas o planes estatales de salud,4,206,170,376,Río Negro
6711,Programas o planes estatales de salud,5,164,187,351,Río Negro
6712,Programas o planes estatales de salud,6,211,204,415,Río Negro
6713,Programas o planes estatales de salud,7,202,199,401,Río Negro
6714,Programas o planes estatales de salud,8,199,206,405,Río Negro
6715,Programas o planes estatales de salud,9,217,238,455,Río Negro
6716,Programas o planes estatales de salud,10,213,203,416,Río Negro
6717,Programas o planes estatales de salud,11,224,238,462,Río Negro
6718,Programas o planes estatales de salud,12,203,222,425,Río Negro
6719,Programas o planes estatales de salud,13,230,221,451,Río Negro
6720,Programas o planes estatales de salud,14,209,212,421,Río Negro
6721,Programas o planes estatales de salud,15,193,240,433,Río Negro
6722,Programas o planes estatales de salud,16,198,219,417,Río Negro
6723,Programas o planes estatales de salud,17,200,219,419,Río Negro
6724,Programas o planes estatales de salud,18,133,151,284,Río Negro
6725,Programas o planes estatales de salud,19,128,184,312,Río Negro
6726,Programas o planes estatales de salud,20,175,152,327,Río Negro
6727,Programas o planes estatales de salud,21,136,100,236,Río Negro
6728,Programas o planes estatales de salud,22,125,120,245,Río Negro
6729,Programas o planes estatales de salud,23,133,157,290,Río Negro
6730,Programas o planes estatales de salud,24,141,146,287,Río Negro
6731,Programas o planes estatales de salud,25,154,112,266,Río Negro
6732,Programas o planes estatales de salud,26,180,153,333,Río Negro
6733,Programas o planes estatales de salud,27,160,154,314,Río Negro
6734,Programas o planes estatales de salud,28,165,171,336,Río Negro
6735,Programas o planes estatales de salud,29,191,164,355,Río Negro
6736,Programas o planes estatales de salud,30,197,170,367,Río Negro
6737,Programas o planes estatales de salud,31,217,179,396,Río Negro
6738,Programas o planes estatales de salud,32,209,159,368,Río Negro
6739,Programas o planes estatales de salud,33,201,159,360,Río Negro
6740,Programas o planes estatales de salud,34,231,218,449,Río Negro
6741,Programas o planes estatales de salud,35,222,189,411,Río Negro
6742,Programas o planes estatales de salud,36,239,175,414,Río Negro
6743,Programas o planes estatales de salud,37,243,186,429,Río Negro
6744,Programas o planes estatales de salud,38,219,170,389,Río Negro
6745,Programas o planes estatales de salud,39,247,184,431,Río Negro
6746,Programas o planes estatales de salud,40,213,190,403,Río Negro
6747,Programas o planes estatales de salud,41,256,161,417,Río Negro
6748,Programas o planes estatales de salud,42,222,159,381,Río Negro
6749,Programas o planes estatales de salud,43,288,193,481,Río Negro
6750,Programas o planes estatales de salud,44,192,208,400,Río Negro
6751,Programas o planes estatales de salud,45,210,186,396,Río Negro
6752,Programas o planes estatales de salud,46,208,173,381,Río Negro
6753,Programas o planes estatales de salud,47,202,168,370,Río Negro
6754,Programas o planes estatales de salud,48,195,141,336,Río Negro
6755,Programas o planes estatales de salud,49,234,162,396,Río Negro
6756,Programas o planes estatales de salud,50,213,147,360,Río Negro
6757,Programas o planes estatales de salud,51,203,157,360,Río Negro
6758,Programas o planes estatales de salud,52,191,134,325,Río Negro
6759,Programas o planes estatales de salud,53,165,132,297,Río Negro
6760,Programas o planes estatales de salud,54,164,136,300,Río Negro
6761,Programas o planes estatales de salud,55,169,127,296,Río Negro
6762,Programas o planes estatales de salud,56,190,131,321,Río Negro
6763,Programas o planes estatales de salud,57,177,153,330,Río Negro
6764,Programas o planes estatales de salud,58,194,119,313,Río Negro
6765,Programas o planes estatales de salud,59,178,134,312,Río Negro
6766,Programas o planes estatales de salud,60,158,128,286,Río Negro
6767,Programas o planes estatales de salud,61,112,103,215,Río Negro
6768,Programas o planes estatales de salud,62,98,105,203,Río Negro
6769,Programas o planes estatales de salud,63,93,98,191,Río Negro
6770,Programas o planes estatales de salud,64,67,92,159,Río Negro
6771,Programas o planes estatales de salud,65,83,67,150,Río Negro
6772,Programas o planes estatales de salud,66,55,54,109,Río Negro
6773,Programas o planes estatales de salud,67,61,55,116,Río Negro
6774,Programas o planes estatales de salud,68,54,52,106,Río Negro
6775,Programas o planes estatales de salud,69,56,54,110,Río Negro
6776,Programas o planes estatales de salud,70,43,41,84,Río Negro
6777,Programas o planes estatales de salud,71,37,36,73,Río Negro
6778,Programas o planes estatales de salud,72,37,34,71,Río Negro
6779,Programas o planes estatales de salud,73,35,38,73,Río Negro
6780,Programas o planes estatales de salud,74,33,29,62,Río Negro
6781,Programas o planes estatales de salud,75,33,18,51,Río Negro
6782,Programas o planes estatales de salud,76,20,22,42,Río Negro
6783,Programas o planes estatales de salud,77,25,18,43,Río Negro
6784,Programas o planes estatales de salud,78,22,15,37,Río Negro
6785,Programas o planes estatales de salud,79,15,11,26,Río Negro
6786,Programas o planes estatales de salud,80,22,12,34,Río Negro
6787,Programas o planes estatales de salud,81,17,8,25,Río Negro
6788,Programas o planes estatales de salud,82,10,9,19,Río Negro
6789,Programas o planes estatales de salud,83,10,8,18,Río Negro
6790,Programas o planes estatales de salud,84,11,7,18,Río Negro
6791,Programas o planes estatales de salud,85,13,5,18,Río Negro
6792,Programas o planes estatales de salud,86,4,5,9,Río Negro
6793,Programas o planes estatales de salud,87,6,2,8,Río Negro
6794,Programas o planes estatales de salud,88,7,1,8,Río Negro
6795,Programas o planes estatales de salud,89,7,-,7,Río Negro
6796,Programas o planes estatales de salud,90,7,2,9,Río Negro
6797,Programas o planes estatales de salud,91,3,3,6,Río Negro
6798,Programas o planes estatales de salud,92,4,1,5,Río Negro
6799,Programas o planes estatales de salud,93,2,3,5,Río Negro
6800,Programas o planes estatales de salud,94,1,-,1,Río Negro
6801,Programas o planes estatales de salud,95,2,-,2,Río Negro
6802,Programas o planes estatales de salud,96,3,2,5,Río Negro
6803,Programas o planes estatales de salud,97,1,1,2,Río Negro
6804,Programas o planes estatales de salud,98,2,-,2,Río Negro
6805,Programas o planes estatales de salud,99,-,1,1,Río Negro
6806,Programas o planes estatales de salud,101,1,-,1,Río Negro
6807,Programas o planes estatales de salud,103,-,1,1,Río Negro
6809,"No tiene obra social, prepaga ni plan estatal",,Mujer/Femenino,Varón/Masculino,Total,Río Negro
6810,"No tiene obra social, prepaga ni plan estatal",0,1827,1823,3650,Río Negro
6811,"No tiene obra social, prepaga ni plan estatal",1,1693,1756,3449,Río Negro
6812,"No tiene obra social, prepaga ni plan estatal",2,1872,1891,3763,Río Negro
6813,"No tiene obra social, prepaga ni plan estatal",3,1975,2043,4018,Río Negro
6814,"No tiene obra social, prepaga ni plan estatal",4,2104,2128,4232,Río Negro
6815,"No tiene obra social, prepaga ni plan estatal",5,2085,2169,4254,Río Negro
6816,"No tiene obra social, prepaga ni plan estatal",6,2290,2332,4622,Río Negro
6817,"No tiene obra social, prepaga ni plan estatal",7,2326,2380,4706,Río Negro
6818,"No tiene obra social, prepaga ni plan estatal",8,2223,2154,4377,Río Negro
6819,"No tiene obra social, prepaga ni plan estatal",9,2138,2200,4338,Río Negro
6820,"No tiene obra social, prepaga ni plan estatal",10,2157,2193,4350,Río Negro
6821,"No tiene obra social, prepaga ni plan estatal",11,2065,2244,4309,Río Negro
6822,"No tiene obra social, prepaga ni plan estatal",12,2073,2173,4246,Río Negro
6823,"No tiene obra social, prepaga ni plan estatal",13,2035,2172,4207,Río Negro
6824,"No tiene obra social, prepaga ni plan estatal",14,2005,2174,4179,Río Negro
6825,"No tiene obra social, prepaga ni plan estatal",15,1967,1988,3955,Río Negro
6826,"No tiene obra social, prepaga ni plan estatal",16,1923,1986,3909,Río Negro
6827,"No tiene obra social, prepaga ni plan estatal",17,1962,2067,4029,Río Negro
6828,"No tiene obra social, prepaga ni plan estatal",18,2097,2292,4389,Río Negro
6829,"No tiene obra social, prepaga ni plan estatal",19,2184,2379,4563,Río Negro
6830,"No tiene obra social, prepaga ni plan estatal",20,2241,2455,4696,Río Negro
6831,"No tiene obra social, prepaga ni plan estatal",21,3174,3114,6288,Río Negro
6832,"No tiene obra social, prepaga ni plan estatal",22,3331,3503,6834,Río Negro
6833,"No tiene obra social, prepaga ni plan estatal",23,3328,3213,6541,Río Negro
6834,"No tiene obra social, prepaga ni plan estatal",24,3287,3101,6388,Río Negro
6835,"No tiene obra social, prepaga ni plan estatal",25,3396,3137,6533,Río Negro
6836,"No tiene obra social, prepaga ni plan estatal",26,3278,3089,6367,Río Negro
6837,"No tiene obra social, prepaga ni plan estatal",27,3218,2989,6207,Río Negro
6838,"No tiene obra social, prepaga ni plan estatal",28,2986,2810,5796,Río Negro
6839,"No tiene obra social, prepaga ni plan estatal",29,2972,2719,5691,Río Negro
6840,"No tiene obra social, prepaga ni plan estatal",30,2903,2872,5775,Río Negro
6841,"No tiene obra social, prepaga ni plan estatal",31,2601,2684,5285,Río Negro
6842,"No tiene obra social, prepaga ni plan estatal",32,2450,2469,4919,Río Negro
6843,"No tiene obra social, prepaga ni plan estatal",33,2136,2329,4465,Río Negro
6844,"No tiene obra social, prepaga ni plan estatal",34,2188,2286,4474,Río Negro
6845,"No tiene obra social, prepaga ni plan estatal",35,2128,2234,4362,Río Negro
6846,"No tiene obra social, prepaga ni plan estatal",36,1982,2123,4105,Río Negro
6847,"No tiene obra social, prepaga ni plan estatal",37,1935,1997,3932,Río Negro
6848,"No tiene obra social, prepaga ni plan estatal",38,1832,1898,3730,Río Negro
6849,"No tiene obra social, prepaga ni plan estatal",39,1884,2020,3904,Río Negro
6850,"No tiene obra social, prepaga ni plan estatal",40,1895,1988,3883,Río Negro
6851,"No tiene obra social, prepaga ni plan estatal",41,1771,1889,3660,Río Negro
6852,"No tiene obra social, prepaga ni plan estatal",42,1813,2012,3825,Río Negro
6853,"No tiene obra social, prepaga ni plan estatal",43,1674,1793,3467,Río Negro
6854,"No tiene obra social, prepaga ni plan estatal",44,1667,1811,3478,Río Negro
6855,"No tiene obra social, prepaga ni plan estatal",45,1660,1740,3400,Río Negro
6856,"No tiene obra social, prepaga ni plan estatal",46,1469,1675,3144,Río Negro
6857,"No tiene obra social, prepaga ni plan estatal",47,1512,1643,3155,Río Negro
6858,"No tiene obra social, prepaga ni plan estatal",48,1451,1490,2941,Río Negro
6859,"No tiene obra social, prepaga ni plan estatal",49,1407,1472,2879,Río Negro
6860,"No tiene obra social, prepaga ni plan estatal",50,1377,1526,2903,Río Negro
6861,"No tiene obra social, prepaga ni plan estatal",51,1265,1357,2622,Río Negro
6862,"No tiene obra social, prepaga ni plan estatal",52,1191,1381,2572,Río Negro
6863,"No tiene obra social, prepaga ni plan estatal",53,1118,1273,2391,Río Negro
6864,"No tiene obra social, prepaga ni plan estatal",54,1200,1251,2451,Río Negro
6865,"No tiene obra social, prepaga ni plan estatal",55,1156,1237,2393,Río Negro
6866,"No tiene obra social, prepaga ni plan estatal",56,1157,1299,2456,Río Negro
6867,"No tiene obra social, prepaga ni plan estatal",57,1062,1215,2277,Río Negro
6868,"No tiene obra social, prepaga ni plan estatal",58,1053,1199,2252,Río Negro
6869,"No tiene obra social, prepaga ni plan estatal",59,979,1185,2164,Río Negro
6870,"No tiene obra social, prepaga ni plan estatal",60,813,1076,1889,Río Negro
6871,"No tiene obra social, prepaga ni plan estatal",61,574,972,1546,Río Negro
6872,"No tiene obra social, prepaga ni plan estatal",62,448,859,1307,Río Negro
6873,"No tiene obra social, prepaga ni plan estatal",63,323,835,1158,Río Negro
6874,"No tiene obra social, prepaga ni plan estatal",64,259,705,964,Río Negro
6875,"No tiene obra social, prepaga ni plan estatal",65,176,631,807,Río Negro
6876,"No tiene obra social, prepaga ni plan estatal",66,121,312,433,Río Negro
6877,"No tiene obra social, prepaga ni plan estatal",67,107,212,319,Río Negro
6878,"No tiene obra social, prepaga ni plan estatal",68,79,150,229,Río Negro
6879,"No tiene obra social, prepaga ni plan estatal",69,84,127,211,Río Negro
6880,"No tiene obra social, prepaga ni plan estatal",70,72,77,149,Río Negro
6881,"No tiene obra social, prepaga ni plan estatal",71,60,68,128,Río Negro
6882,"No tiene obra social, prepaga ni plan estatal",72,68,57,125,Río Negro
6883,"No tiene obra social, prepaga ni plan estatal",73,53,45,98,Río Negro
6884,"No tiene obra social, prepaga ni plan estatal",74,54,69,123,Río Negro
6885,"No tiene obra social, prepaga ni plan estatal",75,54,51,105,Río Negro
6886,"No tiene obra social, prepaga ni plan estatal",76,34,37,71,Río Negro
6887,"No tiene obra social, prepaga ni plan estatal",77,42,38,80,Río Negro
6888,"No tiene obra social, prepaga ni plan estatal",78,39,47,86,Río Negro
6889,"No tiene obra social, prepaga ni plan estatal",79,41,49,90,Río Negro
6890,"No tiene obra social, prepaga ni plan estatal",80,38,35,73,Río Negro
6891,"No tiene obra social, prepaga ni plan estatal",81,42,21,63,Río Negro
6892,"No tiene obra social, prepaga ni plan estatal",82,23,21,44,Río Negro
6893,"No tiene obra social, prepaga ni plan estatal",83,31,23,54,Río Negro
6894,"No tiene obra social, prepaga ni plan estatal",84,17,28,45,Río Negro
6895,"No tiene obra social, prepaga ni plan estatal",85,12,12,24,Río Negro
6896,"No tiene obra social, prepaga ni plan estatal",86,16,13,29,Río Negro
6897,"No tiene obra social, prepaga ni plan estatal",87,17,9,26,Río Negro
6898,"No tiene obra social, prepaga ni plan estatal",88,11,16,27,Río Negro
6899,"No tiene obra social, prepaga ni plan estatal",89,17,14,31,Río Negro
6900,"No tiene obra social, prepaga ni plan estatal",90,23,13,36,Río Negro
6901,"No tiene obra social, prepaga ni plan estatal",91,16,15,31,Río Negro
6902,"No tiene obra social, prepaga ni plan estatal",92,21,13,34,Río Negro
6903,"No tiene obra social, prepaga ni plan estatal",93,12,18,30,Río Negro
6904,"No tiene obra social, prepaga ni plan estatal",94,11,16,27,Río Negro
6905,"No tiene obra social, prepaga ni plan estatal",95,11,10,21,Río Negro
6906,"No tiene obra social, prepaga ni plan estatal",96,9,8,17,Río Negro
6907,"No tiene obra social, prepaga ni plan estatal",97,12,14,26,Río Negro
6908,"No tiene obra social, prepaga ni plan estatal",98,13,13,26,Río Negro
6909,"No tiene obra social, prepaga ni plan estatal",99,13,6,19,Río Negro
6910,"No tiene obra social, prepaga ni plan estatal",100,3,-,3,Río Negro
6911,"No tiene obra social, prepaga ni plan estatal",101,3,2,5,Río Negro
6912,"No tiene obra social, prepaga ni plan estatal",102,3,-,3,Río Negro
6913,"No tiene obra social, prepaga ni plan estatal",103,4,1,5,Río Negro
6914,"No tiene obra social, prepaga ni plan estatal",104,-,2,2,Río Negro
6915,"No tiene obra social, prepaga ni plan estatal",107,-,1,1,Río Negro
6916,"No tiene obra social, prepaga ni plan estatal",108,-,1,1,Río Negro
6917,"No tiene obra social, prepaga ni plan estatal",109,-,1,1,Río Negro
7033,AREA # 66,Salta,,,,Salta
7034,AREA # 66,,,,,Salta
7035,Cobertura de salud,Edad,Sexo registrado al nacer,,,Salta
7036,Obra social o prepaga (incluye PAMI),,Mujer/Femenino,Varón/Masculino,Total,Salta
7037,Obra social o prepaga (incluye PAMI),0,2839,2892,5731,Salta
7038,Obra social o prepaga (incluye PAMI),1,3053,3181,6234,Salta
7039,Obra social o prepaga (incluye PAMI),2,3666,3851,7517,Salta
7040,Obra social o prepaga (incluye PAMI),3,4172,4249,8421,Salta
7041,Obra social o prepaga (incluye PAMI),4,4443,4667,9110,Salta
7042,Obra social o prepaga (incluye PAMI),5,4852,4823,9675,Salta
7043,Obra social o prepaga (incluye PAMI),6,5284,5165,10449,Salta
7044,Obra social o prepaga (incluye PAMI),7,5516,5524,11040,Salta
7045,Obra social o prepaga (incluye PAMI),8,5433,5525,10958,Salta
7046,Obra social o prepaga (incluye PAMI),9,5569,5655,11224,Salta
7047,Obra social o prepaga (incluye PAMI),10,5439,5643,11082,Salta
7048,Obra social o prepaga (incluye PAMI),11,5739,5913,11652,Salta
7049,Obra social o prepaga (incluye PAMI),12,5678,5885,11563,Salta
7050,Obra social o prepaga (incluye PAMI),13,5662,5650,11312,Salta
7051,Obra social o prepaga (incluye PAMI),14,5504,5615,11119,Salta
7052,Obra social o prepaga (incluye PAMI),15,5269,5560,10829,Salta
7053,Obra social o prepaga (incluye PAMI),16,5440,5628,11068,Salta
7054,Obra social o prepaga (incluye PAMI),17,5629,5803,11432,Salta
7055,Obra social o prepaga (incluye PAMI),18,5069,4993,10062,Salta
7056,Obra social o prepaga (incluye PAMI),19,5215,5060,10275,Salta
7057,Obra social o prepaga (incluye PAMI),20,4805,4767,9572,Salta
7058,Obra social o prepaga (incluye PAMI),21,3881,3908,7789,Salta
7059,Obra social o prepaga (incluye PAMI),22,3713,3642,7355,Salta
7060,Obra social o prepaga (incluye PAMI),23,3384,3509,6893,Salta
7061,Obra social o prepaga (incluye PAMI),24,3491,3510,7001,Salta
7062,Obra social o prepaga (incluye PAMI),25,3699,3536,7235,Salta
7063,Obra social o prepaga (incluye PAMI),26,3535,3578,7113,Salta
7064,Obra social o prepaga (incluye PAMI),27,3959,3660,7619,Salta
7065,Obra social o prepaga (incluye PAMI),28,4000,3772,7772,Salta
7066,Obra social o prepaga (incluye PAMI),29,4344,4133,8477,Salta
7067,Obra social o prepaga (incluye PAMI),30,4728,4435,9163,Salta
7068,Obra social o prepaga (incluye PAMI),31,4603,4156,8759,Salta
7069,Obra social o prepaga (incluye PAMI),32,4280,4081,8361,Salta
7070,Obra social o prepaga (incluye PAMI),33,4735,4202,8937,Salta
7071,Obra social o prepaga (incluye PAMI),34,4881,4437,9318,Salta
7072,Obra social o prepaga (incluye PAMI),35,5136,4715,9851,Salta
7073,Obra social o prepaga (incluye PAMI),36,5167,4743,9910,Salta
7074,Obra social o prepaga (incluye PAMI),37,5102,4490,9592,Salta
7075,Obra social o prepaga (incluye PAMI),38,4921,4619,9540,Salta
7076,Obra social o prepaga (incluye PAMI),39,5104,4735,9839,Salta
7077,Obra social o prepaga (incluye PAMI),40,5491,4938,10429,Salta
7078,Obra social o prepaga (incluye PAMI),41,5101,4607,9708,Salta
7079,Obra social o prepaga (incluye PAMI),42,5514,4918,10432,Salta
7080,Obra social o prepaga (incluye PAMI),43,5219,4631,9850,Salta
7081,Obra social o prepaga (incluye PAMI),44,5253,4596,9849,Salta
7082,Obra social o prepaga (incluye PAMI),45,5135,4446,9581,Salta
7083,Obra social o prepaga (incluye PAMI),46,4913,4340,9253,Salta
7084,Obra social o prepaga (incluye PAMI),47,4962,4294,9256,Salta
7085,Obra social o prepaga (incluye PAMI),48,4395,3829,8224,Salta
7086,Obra social o prepaga (incluye PAMI),49,4387,3691,8078,Salta
7087,Obra social o prepaga (incluye PAMI),50,4445,3699,8144,Salta
7088,Obra social o prepaga (incluye PAMI),51,4238,3542,7780,Salta
7089,Obra social o prepaga (incluye PAMI),52,4138,3520,7658,Salta
7090,Obra social o prepaga (incluye PAMI),53,3823,3259,7082,Salta
7091,Obra social o prepaga (incluye PAMI),54,3835,3187,7022,Salta
7092,Obra social o prepaga (incluye PAMI),55,3885,3196,7081,Salta
7093,Obra social o prepaga (incluye PAMI),56,3781,3211,6992,Salta
7094,Obra social o prepaga (incluye PAMI),57,3898,3071,6969,Salta
7095,Obra social o prepaga (incluye PAMI),58,3727,3070,6797,Salta
7096,Obra social o prepaga (incluye PAMI),59,3699,3047,6746,Salta
7097,Obra social o prepaga (incluye PAMI),60,3752,2927,6679,Salta
7098,Obra social o prepaga (incluye PAMI),61,3826,2884,6710,Salta
7099,Obra social o prepaga (incluye PAMI),62,3839,2830,6669,Salta
7100,Obra social o prepaga (incluye PAMI),63,4119,2607,6726,Salta
7101,Obra social o prepaga (incluye PAMI),64,4128,2723,6851,Salta
7102,Obra social o prepaga (incluye PAMI),65,4447,3140,7587,Salta
7103,Obra social o prepaga (incluye PAMI),66,4415,3125,7540,Salta
7104,Obra social o prepaga (incluye PAMI),67,4282,3383,7665,Salta
7105,Obra social o prepaga (incluye PAMI),68,4232,3341,7573,Salta
7106,Obra social o prepaga (incluye PAMI),69,3992,3290,7282,Salta
7107,Obra social o prepaga (incluye PAMI),70,3914,3253,7167,Salta
7108,Obra social o prepaga (incluye PAMI),71,3628,3053,6681,Salta
7109,Obra social o prepaga (incluye PAMI),72,3635,2885,6520,Salta
7110,Obra social o prepaga (incluye PAMI),73,3322,2588,5910,Salta
7111,Obra social o prepaga (incluye PAMI),74,3109,2381,5490,Salta
7112,Obra social o prepaga (incluye PAMI),75,2905,2201,5106,Salta
7113,Obra social o prepaga (incluye PAMI),76,2645,2006,4651,Salta
7114,Obra social o prepaga (incluye PAMI),77,2476,1906,4382,Salta
7115,Obra social o prepaga (incluye PAMI),78,2337,1631,3968,Salta
7116,Obra social o prepaga (incluye PAMI),79,2175,1471,3646,Salta
7117,Obra social o prepaga (incluye PAMI),80,1982,1370,3352,Salta
7118,Obra social o prepaga (incluye PAMI),81,1642,1151,2793,Salta
7119,Obra social o prepaga (incluye PAMI),82,1744,1104,2848,Salta
7120,Obra social o prepaga (incluye PAMI),83,1461,956,2417,Salta
7121,Obra social o prepaga (incluye PAMI),84,1309,848,2157,Salta
7122,Obra social o prepaga (incluye PAMI),85,1170,697,1867,Salta
7123,Obra social o prepaga (incluye PAMI),86,1017,576,1593,Salta
7124,Obra social o prepaga (incluye PAMI),87,910,545,1455,Salta
7125,Obra social o prepaga (incluye PAMI),88,744,415,1159,Salta
7126,Obra social o prepaga (incluye PAMI),89,739,365,1104,Salta
7127,Obra social o prepaga (incluye PAMI),90,618,307,925,Salta
7128,Obra social o prepaga (incluye PAMI),91,531,251,782,Salta
7129,Obra social o prepaga (incluye PAMI),92,413,169,582,Salta
7130,Obra social o prepaga (incluye PAMI),93,318,123,441,Salta
7131,Obra social o prepaga (incluye PAMI),94,260,110,370,Salta
7132,Obra social o prepaga (incluye PAMI),95,183,77,260,Salta
7133,Obra social o prepaga (incluye PAMI),96,150,69,219,Salta
7134,Obra social o prepaga (incluye PAMI),97,98,44,142,Salta
7135,Obra social o prepaga (incluye PAMI),98,92,31,123,Salta
7136,Obra social o prepaga (incluye PAMI),99,52,26,78,Salta
7137,Obra social o prepaga (incluye PAMI),100,23,6,29,Salta
7138,Obra social o prepaga (incluye PAMI),101,21,3,24,Salta
7139,Obra social o prepaga (incluye PAMI),102,23,9,32,Salta
7140,Obra social o prepaga (incluye PAMI),103,12,6,18,Salta
7141,Obra social o prepaga (incluye PAMI),104,7,-,7,Salta
7142,Obra social o prepaga (incluye PAMI),105,3,1,4,Salta
7143,Obra social o prepaga (incluye PAMI),106,5,1,6,Salta
7144,Obra social o prepaga (incluye PAMI),107,4,1,5,Salta
7145,Obra social o prepaga (incluye PAMI),108,4,1,5,Salta
7146,Obra social o prepaga (incluye PAMI),109,4,-,4,Salta
7147,Obra social o prepaga (incluye PAMI),110,1,2,3,Salta
7149,Programas o planes estatales de salud,,Mujer/Femenino,Varón/Masculino,Total,Salta
7150,Programas o planes estatales de salud,0,388,400,788,Salta
7151,Programas o planes estatales de salud,1,395,462,857,Salta
7152,Programas o planes estatales de salud,2,499,475,974,Salta
7153,Programas o planes estatales de salud,3,546,532,1078,Salta
7154,Programas o planes estatales de salud,4,521,553,1074,Salta
7155,Programas o planes estatales de salud,5,555,589,1144,Salta
7156,Programas o planes estatales de salud,6,582,620,1202,Salta
7157,Programas o planes estatales de salud,7,655,613,1268,Salta
7158,Programas o planes estatales de salud,8,582,629,1211,Salta
7159,Programas o planes estatales de salud,9,619,664,1283,Salta
7160,Programas o planes estatales de salud,10,576,574,1150,Salta
7161,Programas o planes estatales de salud,11,616,640,1256,Salta
7162,Programas o planes estatales de salud,12,592,663,1255,Salta
7163,Programas o planes estatales de salud,13,534,572,1106,Salta
7164,Programas o planes estatales de salud,14,544,556,1100,Salta
7165,Programas o planes estatales de salud,15,498,539,1037,Salta
7166,Programas o planes estatales de salud,16,510,582,1092,Salta
7167,Programas o planes estatales de salud,17,527,542,1069,Salta
7168,Programas o planes estatales de salud,18,465,484,949,Salta
7169,Programas o planes estatales de salud,19,533,476,1009,Salta
7170,Programas o planes estatales de salud,20,477,426,903,Salta
7171,Programas o planes estatales de salud,21,435,376,811,Salta
7172,Programas o planes estatales de salud,22,477,407,884,Salta
7173,Programas o planes estatales de salud,23,454,390,844,Salta
7174,Programas o planes estatales de salud,24,471,364,835,Salta
7175,Programas o planes estatales de salud,25,497,382,879,Salta
7176,Programas o planes estatales de salud,26,499,366,865,Salta
7177,Programas o planes estatales de salud,27,502,410,912,Salta
7178,Programas o planes estatales de salud,28,552,361,913,Salta
7179,Programas o planes estatales de salud,29,560,399,959,Salta
7180,Programas o planes estatales de salud,30,550,377,927,Salta
7181,Programas o planes estatales de salud,31,531,375,906,Salta
7182,Programas o planes estatales de salud,32,487,346,833,Salta
7183,Programas o planes estatales de salud,33,469,339,808,Salta
7184,Programas o planes estatales de salud,34,531,363,894,Salta
7185,Programas o planes estatales de salud,35,532,415,947,Salta
7186,Programas o planes estatales de salud,36,557,362,919,Salta
7187,Programas o planes estatales de salud,37,510,348,858,Salta
7188,Programas o planes estatales de salud,38,479,323,802,Salta
7189,Programas o planes estatales de salud,39,506,372,878,Salta
7190,Programas o planes estatales de salud,40,557,405,962,Salta
7191,Programas o planes estatales de salud,41,501,412,913,Salta
7192,Programas o planes estatales de salud,42,514,405,919,Salta
7193,Programas o planes estatales de salud,43,495,383,878,Salta
7194,Programas o planes estatales de salud,44,474,375,849,Salta
7195,Programas o planes estatales de salud,45,493,344,837,Salta
7196,Programas o planes estatales de salud,46,497,342,839,Salta
7197,Programas o planes estatales de salud,47,474,353,827,Salta
7198,Programas o planes estatales de salud,48,467,309,776,Salta
7199,Programas o planes estatales de salud,49,449,319,768,Salta
7200,Programas o planes estatales de salud,50,457,316,773,Salta
7201,Programas o planes estatales de salud,51,421,282,703,Salta
7202,Programas o planes estatales de salud,52,423,293,716,Salta
7203,Programas o planes estatales de salud,53,408,279,687,Salta
7204,Programas o planes estatales de salud,54,427,256,683,Salta
7205,Programas o planes estatales de salud,55,385,247,632,Salta
7206,Programas o planes estatales de salud,56,398,257,655,Salta
7207,Programas o planes estatales de salud,57,385,288,673,Salta
7208,Programas o planes estatales de salud,58,374,261,635,Salta
7209,Programas o planes estatales de salud,59,401,262,663,Salta
7210,Programas o planes estatales de salud,60,393,223,616,Salta
7211,Programas o planes estatales de salud,61,309,237,546,Salta
7212,Programas o planes estatales de salud,62,277,211,488,Salta
7213,Programas o planes estatales de salud,63,259,206,465,Salta
7214,Programas o planes estatales de salud,64,232,227,459,Salta
7215,Programas o planes estatales de salud,65,189,193,382,Salta
7216,Programas o planes estatales de salud,66,129,142,271,Salta
7217,Programas o planes estatales de salud,67,117,133,250,Salta
7218,Programas o planes estatales de salud,68,107,110,217,Salta
7219,Programas o planes estatales de salud,69,102,87,189,Salta
7220,Programas o planes estatales de salud,70,83,78,161,Salta
7221,Programas o planes estatales de salud,71,79,62,141,Salta
7222,Programas o planes estatales de salud,72,73,59,132,Salta
7223,Programas o planes estatales de salud,73,64,50,114,Salta
7224,Programas o planes estatales de salud,74,61,42,103,Salta
7225,Programas o planes estatales de salud,75,52,46,98,Salta
7226,Programas o planes estatales de salud,76,53,43,96,Salta
7227,Programas o planes estatales de salud,77,45,38,83,Salta
7228,Programas o planes estatales de salud,78,43,24,67,Salta
7229,Programas o planes estatales de salud,79,42,21,63,Salta
7230,Programas o planes estatales de salud,80,38,19,57,Salta
7231,Programas o planes estatales de salud,81,27,24,51,Salta
7232,Programas o planes estatales de salud,82,28,21,49,Salta
7233,Programas o planes estatales de salud,83,19,22,41,Salta
7234,Programas o planes estatales de salud,84,22,14,36,Salta
7235,Programas o planes estatales de salud,85,10,7,17,Salta
7236,Programas o planes estatales de salud,86,26,8,34,Salta
7237,Programas o planes estatales de salud,87,20,9,29,Salta
7238,Programas o planes estatales de salud,88,13,5,18,Salta
7239,Programas o planes estatales de salud,89,12,3,15,Salta
7240,Programas o planes estatales de salud,90,10,4,14,Salta
7241,Programas o planes estatales de salud,91,5,3,8,Salta
7242,Programas o planes estatales de salud,92,7,3,10,Salta
7243,Programas o planes estatales de salud,93,5,3,8,Salta
7244,Programas o planes estatales de salud,94,4,2,6,Salta
7245,Programas o planes estatales de salud,95,8,1,9,Salta
7246,Programas o planes estatales de salud,96,5,-,5,Salta
7247,Programas o planes estatales de salud,97,2,-,2,Salta
7248,Programas o planes estatales de salud,98,5,1,6,Salta
7249,Programas o planes estatales de salud,99,2,1,3,Salta
7250,Programas o planes estatales de salud,100,1,-,1,Salta
7251,Programas o planes estatales de salud,102,2,-,2,Salta
7252,Programas o planes estatales de salud,103,2,-,2,Salta
7253,Programas o planes estatales de salud,110,-,1,1,Salta
7255,"No tiene obra social, prepaga ni plan estatal",,Mujer/Femenino,Varón/Masculino,Total,Salta
7256,"No tiene obra social, prepaga ni plan estatal",0,5946,6149,12095,Salta
7257,"No tiene obra social, prepaga ni plan estatal",1,5457,5634,11091,Salta
7258,"No tiene obra social, prepaga ni plan estatal",2,6192,6278,12470,Salta
7259,"No tiene obra social, prepaga ni plan estatal",3,6723,6715,13438,Salta
7260,"No tiene obra social, prepaga ni plan estatal",4,6734,6951,13685,Salta
7261,"No tiene obra social, prepaga ni plan estatal",5,6833,6868,13701,Salta
7262,"No tiene obra social, prepaga ni plan estatal",6,6981,7069,14050,Salta
7263,"No tiene obra social, prepaga ni plan estatal",7,7411,7594,15005,Salta
7264,"No tiene obra social, prepaga ni plan estatal",8,7090,7138,14228,Salta
7265,"No tiene obra social, prepaga ni plan estatal",9,6827,7008,13835,Salta
7266,"No tiene obra social, prepaga ni plan estatal",10,6527,6645,13172,Salta
7267,"No tiene obra social, prepaga ni plan estatal",11,6889,6903,13792,Salta
7268,"No tiene obra social, prepaga ni plan estatal",12,6727,6705,13432,Salta
7269,"No tiene obra social, prepaga ni plan estatal",13,6200,6382,12582,Salta
7270,"No tiene obra social, prepaga ni plan estatal",14,6137,6317,12454,Salta
7271,"No tiene obra social, prepaga ni plan estatal",15,6008,6084,12092,Salta
7272,"No tiene obra social, prepaga ni plan estatal",16,6151,6277,12428,Salta
7273,"No tiene obra social, prepaga ni plan estatal",17,6484,6612,13096,Salta
7274,"No tiene obra social, prepaga ni plan estatal",18,6441,6697,13138,Salta
7275,"No tiene obra social, prepaga ni plan estatal",19,6971,7021,13992,Salta
7276,"No tiene obra social, prepaga ni plan estatal",20,6857,6972,13829,Salta
7277,"No tiene obra social, prepaga ni plan estatal",21,8081,8058,16139,Salta
7278,"No tiene obra social, prepaga ni plan estatal",22,8454,8576,17030,Salta
7279,"No tiene obra social, prepaga ni plan estatal",23,8261,8063,16324,Salta
7280,"No tiene obra social, prepaga ni plan estatal",24,8534,8136,16670,Salta
7281,"No tiene obra social, prepaga ni plan estatal",25,8352,8132,16484,Salta
7282,"No tiene obra social, prepaga ni plan estatal",26,8312,7997,16309,Salta
7283,"No tiene obra social, prepaga ni plan estatal",27,8666,8098,16764,Salta
7284,"No tiene obra social, prepaga ni plan estatal",28,7824,7511,15335,Salta
7285,"No tiene obra social, prepaga ni plan estatal",29,7515,7207,14722,Salta
7286,"No tiene obra social, prepaga ni plan estatal",30,7169,6928,14097,Salta
7287,"No tiene obra social, prepaga ni plan estatal",31,6132,5993,12125,Salta
7288,"No tiene obra social, prepaga ni plan estatal",32,5619,5400,11019,Salta
7289,"No tiene obra social, prepaga ni plan estatal",33,5328,5233,10561,Salta
7290,"No tiene obra social, prepaga ni plan estatal",34,5270,5228,10498,Salta
7291,"No tiene obra social, prepaga ni plan estatal",35,5223,5159,10382,Salta
7292,"No tiene obra social, prepaga ni plan estatal",36,4856,4831,9687,Salta
7293,"No tiene obra social, prepaga ni plan estatal",37,4814,4496,9310,Salta
7294,"No tiene obra social, prepaga ni plan estatal",38,4497,4430,8927,Salta
7295,"No tiene obra social, prepaga ni plan estatal",39,4584,4528,9112,Salta
7296,"No tiene obra social, prepaga ni plan estatal",40,4612,4577,9189,Salta
7297,"No tiene obra social, prepaga ni plan estatal",41,4319,4039,8358,Salta
7298,"No tiene obra social, prepaga ni plan estatal",42,4535,4371,8906,Salta
7299,"No tiene obra social, prepaga ni plan estatal",43,4323,3996,8319,Salta
7300,"No tiene obra social, prepaga ni plan estatal",44,3948,3928,7876,Salta
7301,"No tiene obra social, prepaga ni plan estatal",45,3809,3804,7613,Salta
7302,"No tiene obra social, prepaga ni plan estatal",46,3796,3702,7498,Salta
7303,"No tiene obra social, prepaga ni plan estatal",47,3683,3631,7314,Salta
7304,"No tiene obra social, prepaga ni plan estatal",48,3193,3344,6537,Salta
7305,"No tiene obra social, prepaga ni plan estatal",49,3176,3329,6505,Salta
7306,"No tiene obra social, prepaga ni plan estatal",50,3080,3077,6157,Salta
7307,"No tiene obra social, prepaga ni plan estatal",51,2873,2924,5797,Salta
7308,"No tiene obra social, prepaga ni plan estatal",52,2837,2953,5790,Salta
7309,"No tiene obra social, prepaga ni plan estatal",53,2538,2789,5327,Salta
7310,"No tiene obra social, prepaga ni plan estatal",54,2405,2580,4985,Salta
7311,"No tiene obra social, prepaga ni plan estatal",55,2338,2476,4814,Salta
7312,"No tiene obra social, prepaga ni plan estatal",56,2458,2544,5002,Salta
7313,"No tiene obra social, prepaga ni plan estatal",57,2241,2466,4707,Salta
7314,"No tiene obra social, prepaga ni plan estatal",58,2122,2377,4499,Salta
7315,"No tiene obra social, prepaga ni plan estatal",59,2166,2411,4577,Salta
7316,"No tiene obra social, prepaga ni plan estatal",60,1873,2167,4040,Salta
7317,"No tiene obra social, prepaga ni plan estatal",61,1511,2031,3542,Salta
7318,"No tiene obra social, prepaga ni plan estatal",62,1314,1877,3191,Salta
7319,"No tiene obra social, prepaga ni plan estatal",63,1047,1744,2791,Salta
7320,"No tiene obra social, prepaga ni plan estatal",64,814,1652,2466,Salta
7321,"No tiene obra social, prepaga ni plan estatal",65,636,1461,2097,Salta
7322,"No tiene obra social, prepaga ni plan estatal",66,429,908,1337,Salta
7323,"No tiene obra social, prepaga ni plan estatal",67,397,674,1071,Salta
7324,"No tiene obra social, prepaga ni plan estatal",68,355,528,883,Salta
7325,"No tiene obra social, prepaga ni plan estatal",69,301,442,743,Salta
7326,"No tiene obra social, prepaga ni plan estatal",70,284,378,662,Salta
7327,"No tiene obra social, prepaga ni plan estatal",71,261,223,484,Salta
7328,"No tiene obra social, prepaga ni plan estatal",72,226,221,447,Salta
7329,"No tiene obra social, prepaga ni plan estatal",73,237,194,431,Salta
7330,"No tiene obra social, prepaga ni plan estatal",74,185,174,359,Salta
7331,"No tiene obra social, prepaga ni plan estatal",75,155,163,318,Salta
7332,"No tiene obra social, prepaga ni plan estatal",76,136,157,293,Salta
7333,"No tiene obra social, prepaga ni plan estatal",77,135,128,263,Salta
7334,"No tiene obra social, prepaga ni plan estatal",78,136,133,269,Salta
7335,"No tiene obra social, prepaga ni plan estatal",79,101,110,211,Salta
7336,"No tiene obra social, prepaga ni plan estatal",80,102,95,197,Salta
7337,"No tiene obra social, prepaga ni plan estatal",81,108,70,178,Salta
7338,"No tiene obra social, prepaga ni plan estatal",82,86,72,158,Salta
7339,"No tiene obra social, prepaga ni plan estatal",83,57,56,113,Salta
7340,"No tiene obra social, prepaga ni plan estatal",84,69,54,123,Salta
7341,"No tiene obra social, prepaga ni plan estatal",85,52,50,102,Salta
7342,"No tiene obra social, prepaga ni plan estatal",86,49,39,88,Salta
7343,"No tiene obra social, prepaga ni plan estatal",87,57,31,88,Salta
7344,"No tiene obra social, prepaga ni plan estatal",88,58,38,96,Salta
7345,"No tiene obra social, prepaga ni plan estatal",89,58,37,95,Salta
7346,"No tiene obra social, prepaga ni plan estatal",90,50,41,91,Salta
7347,"No tiene obra social, prepaga ni plan estatal",91,39,31,70,Salta
7348,"No tiene obra social, prepaga ni plan estatal",92,33,33,66,Salta
7349,"No tiene obra social, prepaga ni plan estatal",93,27,28,55,Salta
7350,"No tiene obra social, prepaga ni plan estatal",94,34,20,54,Salta
7351,"No tiene obra social, prepaga ni plan estatal",95,25,23,48,Salta
7352,"No tiene obra social, prepaga ni plan estatal",96,32,21,53,Salta
7353,"No tiene obra social, prepaga ni plan estatal",97,27,32,59,Salta
7354,"No tiene obra social, prepaga ni plan estatal",98,26,12,38,Salta
7355,"No tiene obra social, prepaga ni plan estatal",99,16,15,31,Salta
7356,"No tiene obra social, prepaga ni plan estatal",100,3,-,3,Salta
7357,"No tiene obra social, prepaga ni plan estatal",102,8,3,11,Salta
7358,"No tiene obra social, prepaga ni plan estatal",103,4,3,7,Salta
7359,"No tiene obra social, prepaga ni plan estatal",104,4,1,5,Salta
7360,"No tiene obra social, prepaga ni plan estatal",105,2,-,2,Salta
7361,"No tiene obra social, prepaga ni plan estatal",106,-,1,1,Salta
7362,"No tiene obra social, prepaga ni plan estatal",107,2,-,2,Salta
7363,"No tiene obra social, prepaga ni plan estatal",108,-,1,1,Salta
7364,"No tiene obra social, prepaga ni plan estatal",110,2,1,3,Salta
7480,AREA # 70,San Juan,,,,San Juan
7481,AREA # 70,,,,,San Juan
7482,Cobertura de salud,Edad,Sexo registrado al nacer,,,San Juan
7483,Obra social o prepaga (incluye PAMI),,Mujer/Femenino,Varón/Masculino,Total,San Juan
7484,Obra social o prepaga (incluye PAMI),0,1975,2136,4111,San Juan
7485,Obra social o prepaga (incluye PAMI),1,2112,2109,4221,San Juan
7486,Obra social o prepaga (incluye PAMI),2,2459,2482,4941,San Juan
7487,Obra social o prepaga (incluye PAMI),3,2694,2846,5540,San Juan
7488,Obra social o prepaga (incluye PAMI),4,2791,3002,5793,San Juan
7489,Obra social o prepaga (incluye PAMI),5,2997,3082,6079,San Juan
7490,Obra social o prepaga (incluye PAMI),6,3085,3198,6283,San Juan
7491,Obra social o prepaga (incluye PAMI),7,3319,3451,6770,San Juan
7492,Obra social o prepaga (incluye PAMI),8,3239,3433,6672,San Juan
7493,Obra social o prepaga (incluye PAMI),9,3292,3432,6724,San Juan
7494,Obra social o prepaga (incluye PAMI),10,3206,3431,6637,San Juan
7495,Obra social o prepaga (incluye PAMI),11,3434,3496,6930,San Juan
7496,Obra social o prepaga (incluye PAMI),12,3341,3504,6845,San Juan
7497,Obra social o prepaga (incluye PAMI),13,3351,3438,6789,San Juan
7498,Obra social o prepaga (incluye PAMI),14,3185,3463,6648,San Juan
7499,Obra social o prepaga (incluye PAMI),15,3286,3427,6713,San Juan
7500,Obra social o prepaga (incluye PAMI),16,3339,3538,6877,San Juan
7501,Obra social o prepaga (incluye PAMI),17,3506,3431,6937,San Juan
7502,Obra social o prepaga (incluye PAMI),18,2984,3124,6108,San Juan
7503,Obra social o prepaga (incluye PAMI),19,2840,2892,5732,San Juan
7504,Obra social o prepaga (incluye PAMI),20,2818,2762,5580,San Juan
7505,Obra social o prepaga (incluye PAMI),21,1966,1994,3960,San Juan
7506,Obra social o prepaga (incluye PAMI),22,1990,1844,3834,San Juan
7507,Obra social o prepaga (incluye PAMI),23,1873,1869,3742,San Juan
7508,Obra social o prepaga (incluye PAMI),24,1987,2000,3987,San Juan
7509,Obra social o prepaga (incluye PAMI),25,2087,1967,4054,San Juan
7510,Obra social o prepaga (incluye PAMI),26,2000,1888,3888,San Juan
7511,Obra social o prepaga (incluye PAMI),27,2339,2140,4479,San Juan
7512,Obra social o prepaga (incluye PAMI),28,2470,2295,4765,San Juan
7513,Obra social o prepaga (incluye PAMI),29,2666,2540,5206,San Juan
7514,Obra social o prepaga (incluye PAMI),30,2801,2695,5496,San Juan
7515,Obra social o prepaga (incluye PAMI),31,2818,2588,5406,San Juan
7516,Obra social o prepaga (incluye PAMI),32,2793,2566,5359,San Juan
7517,Obra social o prepaga (incluye PAMI),33,2868,2612,5480,San Juan
7518,Obra social o prepaga (incluye PAMI),34,2867,2663,5530,San Juan
7519,Obra social o prepaga (incluye PAMI),35,2984,2837,5821,San Juan
7520,Obra social o prepaga (incluye PAMI),36,2760,2736,5496,San Juan
7521,Obra social o prepaga (incluye PAMI),37,2837,2616,5453,San Juan
7522,Obra social o prepaga (incluye PAMI),38,2969,2672,5641,San Juan
7523,Obra social o prepaga (incluye PAMI),39,2967,2863,5830,San Juan
7524,Obra social o prepaga (incluye PAMI),40,3309,3020,6329,San Juan
7525,Obra social o prepaga (incluye PAMI),41,2969,2802,5771,San Juan
7526,Obra social o prepaga (incluye PAMI),42,3342,2972,6314,San Juan
7527,Obra social o prepaga (incluye PAMI),43,2999,2860,5859,San Juan
7528,Obra social o prepaga (incluye PAMI),44,3071,2746,5817,San Juan
7529,Obra social o prepaga (incluye PAMI),45,2885,2736,5621,San Juan
7530,Obra social o prepaga (incluye PAMI),46,2957,2600,5557,San Juan
7531,Obra social o prepaga (incluye PAMI),47,3042,2761,5803,San Juan
7532,Obra social o prepaga (incluye PAMI),48,2877,2492,5369,San Juan
7533,Obra social o prepaga (incluye PAMI),49,2672,2280,4952,San Juan
7534,Obra social o prepaga (incluye PAMI),50,2681,2406,5087,San Juan
7535,Obra social o prepaga (incluye PAMI),51,2550,2208,4758,San Juan
7536,Obra social o prepaga (incluye PAMI),52,2501,2186,4687,San Juan
7537,Obra social o prepaga (incluye PAMI),53,2381,2019,4400,San Juan
7538,Obra social o prepaga (incluye PAMI),54,2390,2025,4415,San Juan
7539,Obra social o prepaga (incluye PAMI),55,2216,1935,4151,San Juan
7540,Obra social o prepaga (incluye PAMI),56,2144,1781,3925,San Juan
7541,Obra social o prepaga (incluye PAMI),57,2265,1975,4240,San Juan
7542,Obra social o prepaga (incluye PAMI),58,2267,1988,4255,San Juan
7543,Obra social o prepaga (incluye PAMI),59,2335,1997,4332,San Juan
7544,Obra social o prepaga (incluye PAMI),60,2521,1901,4422,San Juan
7545,Obra social o prepaga (incluye PAMI),61,2571,1692,4263,San Juan
7546,Obra social o prepaga (incluye PAMI),62,2806,1751,4557,San Juan
7547,Obra social o prepaga (incluye PAMI),63,2945,1852,4797,San Juan
7548,Obra social o prepaga (incluye PAMI),64,2869,1723,4592,San Juan
7549,Obra social o prepaga (incluye PAMI),65,3164,2162,5326,San Juan
7550,Obra social o prepaga (incluye PAMI),66,2889,2170,5059,San Juan
7551,Obra social o prepaga (incluye PAMI),67,2974,2279,5253,San Juan
7552,Obra social o prepaga (incluye PAMI),68,2914,2272,5186,San Juan
7553,Obra social o prepaga (incluye PAMI),69,2793,2165,4958,San Juan
7554,Obra social o prepaga (incluye PAMI),70,2958,2216,5174,San Juan
7555,Obra social o prepaga (incluye PAMI),71,2604,2114,4718,San Juan
7556,Obra social o prepaga (incluye PAMI),72,2698,2090,4788,San Juan
7557,Obra social o prepaga (incluye PAMI),73,2588,1919,4507,San Juan
7558,Obra social o prepaga (incluye PAMI),74,2234,1720,3954,San Juan
7559,Obra social o prepaga (incluye PAMI),75,2276,1659,3935,San Juan
7560,Obra social o prepaga (incluye PAMI),76,2030,1453,3483,San Juan
7561,Obra social o prepaga (incluye PAMI),77,2032,1428,3460,San Juan
7562,Obra social o prepaga (incluye PAMI),78,1746,1178,2924,San Juan
7563,Obra social o prepaga (incluye PAMI),79,1545,1013,2558,San Juan
7564,Obra social o prepaga (incluye PAMI),80,1467,928,2395,San Juan
7565,Obra social o prepaga (incluye PAMI),81,1265,806,2071,San Juan
7566,Obra social o prepaga (incluye PAMI),82,1161,669,1830,San Juan
7567,Obra social o prepaga (incluye PAMI),83,1046,595,1641,San Juan
7568,Obra social o prepaga (incluye PAMI),84,882,534,1416,San Juan
7569,Obra social o prepaga (incluye PAMI),85,841,415,1256,San Juan
7570,Obra social o prepaga (incluye PAMI),86,750,351,1101,San Juan
7571,Obra social o prepaga (incluye PAMI),87,650,319,969,San Juan
7572,Obra social o prepaga (incluye PAMI),88,514,245,759,San Juan
7573,Obra social o prepaga (incluye PAMI),89,474,216,690,San Juan
7574,Obra social o prepaga (incluye PAMI),90,405,192,597,San Juan
7575,Obra social o prepaga (incluye PAMI),91,319,142,461,San Juan
7576,Obra social o prepaga (incluye PAMI),92,250,109,359,San Juan
7577,Obra social o prepaga (incluye PAMI),93,199,101,300,San Juan
7578,Obra social o prepaga (incluye PAMI),94,139,42,181,San Juan
7579,Obra social o prepaga (incluye PAMI),95,120,29,149,San Juan
7580,Obra social o prepaga (incluye PAMI),96,76,25,101,San Juan
7581,Obra social o prepaga (incluye PAMI),97,68,29,97,San Juan
7582,Obra social o prepaga (incluye PAMI),98,38,14,52,San Juan
7583,Obra social o prepaga (incluye PAMI),99,19,9,28,San Juan
7584,Obra social o prepaga (incluye PAMI),100,13,5,18,San Juan
7585,Obra social o prepaga (incluye PAMI),101,9,3,12,San Juan
7586,Obra social o prepaga (incluye PAMI),102,16,1,17,San Juan
7587,Obra social o prepaga (incluye PAMI),103,2,1,3,San Juan
7588,Obra social o prepaga (incluye PAMI),106,1,-,1,San Juan
7589,Obra social o prepaga (incluye PAMI),107,1,1,2,San Juan
7590,Obra social o prepaga (incluye PAMI),108,1,1,2,San Juan
7592,Programas o planes estatales de salud,,Mujer/Femenino,Varón/Masculino,Total,San Juan
7593,Programas o planes estatales de salud,0,143,181,324,San Juan
7594,Programas o planes estatales de salud,1,190,191,381,San Juan
7595,Programas o planes estatales de salud,2,175,201,376,San Juan
7596,Programas o planes estatales de salud,3,179,211,390,San Juan
7597,Programas o planes estatales de salud,4,194,194,388,San Juan
7598,Programas o planes estatales de salud,5,203,227,430,San Juan
7599,Programas o planes estatales de salud,6,197,233,430,San Juan
7600,Programas o planes estatales de salud,7,218,196,414,San Juan
7601,Programas o planes estatales de salud,8,223,231,454,San Juan
7602,Programas o planes estatales de salud,9,234,220,454,San Juan
7603,Programas o planes estatales de salud,10,206,244,450,San Juan
7604,Programas o planes estatales de salud,11,228,220,448,San Juan
7605,Programas o planes estatales de salud,12,217,227,444,San Juan
7606,Programas o planes estatales de salud,13,197,252,449,San Juan
7607,Programas o planes estatales de salud,14,211,239,450,San Juan
7608,Programas o planes estatales de salud,15,214,226,440,San Juan
7609,Programas o planes estatales de salud,16,205,232,437,San Juan
7610,Programas o planes estatales de salud,17,176,205,381,San Juan
7611,Programas o planes estatales de salud,18,170,214,384,San Juan
7612,Programas o planes estatales de salud,19,186,187,373,San Juan
7613,Programas o planes estatales de salud,20,179,164,343,San Juan
7614,Programas o planes estatales de salud,21,143,151,294,San Juan
7615,Programas o planes estatales de salud,22,155,133,288,San Juan
7616,Programas o planes estatales de salud,23,125,120,245,San Juan
7617,Programas o planes estatales de salud,24,164,159,323,San Juan
7618,Programas o planes estatales de salud,25,163,139,302,San Juan
7619,Programas o planes estatales de salud,26,154,149,303,San Juan
7620,Programas o planes estatales de salud,27,178,146,324,San Juan
7621,Programas o planes estatales de salud,28,191,159,350,San Juan
7622,Programas o planes estatales de salud,29,211,162,373,San Juan
7623,Programas o planes estatales de salud,30,226,168,394,San Juan
7624,Programas o planes estatales de salud,31,195,155,350,San Juan
7625,Programas o planes estatales de salud,32,167,159,326,San Juan
7626,Programas o planes estatales de salud,33,198,163,361,San Juan
7627,Programas o planes estatales de salud,34,180,138,318,San Juan
7628,Programas o planes estatales de salud,35,202,176,378,San Juan
7629,Programas o planes estatales de salud,36,184,168,352,San Juan
7630,Programas o planes estatales de salud,37,200,149,349,San Juan
7631,Programas o planes estatales de salud,38,208,163,371,San Juan
7632,Programas o planes estatales de salud,39,213,159,372,San Juan
7633,Programas o planes estatales de salud,40,220,170,390,San Juan
7634,Programas o planes estatales de salud,41,220,163,383,San Juan
7635,Programas o planes estatales de salud,42,227,208,435,San Juan
7636,Programas o planes estatales de salud,43,230,165,395,San Juan
7637,Programas o planes estatales de salud,44,239,204,443,San Juan
7638,Programas o planes estatales de salud,45,240,148,388,San Juan
7639,Programas o planes estatales de salud,46,229,169,398,San Juan
7640,Programas o planes estatales de salud,47,199,163,362,San Juan
7641,Programas o planes estatales de salud,48,208,158,366,San Juan
7642,Programas o planes estatales de salud,49,232,139,371,San Juan
7643,Programas o planes estatales de salud,50,230,161,391,San Juan
7644,Programas o planes estatales de salud,51,218,136,354,San Juan
7645,Programas o planes estatales de salud,52,213,140,353,San Juan
7646,Programas o planes estatales de salud,53,199,120,319,San Juan
7647,Programas o planes estatales de salud,54,200,133,333,San Juan
7648,Programas o planes estatales de salud,55,201,125,326,San Juan
7649,Programas o planes estatales de salud,56,185,115,300,San Juan
7650,Programas o planes estatales de salud,57,194,134,328,San Juan
7651,Programas o planes estatales de salud,58,188,115,303,San Juan
7652,Programas o planes estatales de salud,59,175,127,302,San Juan
7653,Programas o planes estatales de salud,60,231,124,355,San Juan
7654,Programas o planes estatales de salud,61,147,91,238,San Juan
7655,Programas o planes estatales de salud,62,174,126,300,San Juan
7656,Programas o planes estatales de salud,63,113,110,223,San Juan
7657,Programas o planes estatales de salud,64,116,108,224,San Juan
7658,Programas o planes estatales de salud,65,92,122,214,San Juan
7659,Programas o planes estatales de salud,66,55,70,125,San Juan
7660,Programas o planes estatales de salud,67,64,70,134,San Juan
7661,Programas o planes estatales de salud,68,61,64,125,San Juan
7662,Programas o planes estatales de salud,69,58,46,104,San Juan
7663,Programas o planes estatales de salud,70,58,50,108,San Juan
7664,Programas o planes estatales de salud,71,49,34,83,San Juan
7665,Programas o planes estatales de salud,72,62,43,105,San Juan
7666,Programas o planes estatales de salud,73,34,28,62,San Juan
7667,Programas o planes estatales de salud,74,34,22,56,San Juan
7668,Programas o planes estatales de salud,75,26,36,62,San Juan
7669,Programas o planes estatales de salud,76,33,27,60,San Juan
7670,Programas o planes estatales de salud,77,41,20,61,San Juan
7671,Programas o planes estatales de salud,78,21,15,36,San Juan
7672,Programas o planes estatales de salud,79,25,12,37,San Juan
7673,Programas o planes estatales de salud,80,18,14,32,San Juan
7674,Programas o planes estatales de salud,81,21,16,37,San Juan
7675,Programas o planes estatales de salud,82,16,23,39,San Juan
7676,Programas o planes estatales de salud,83,16,17,33,San Juan
7677,Programas o planes estatales de salud,84,16,10,26,San Juan
7678,Programas o planes estatales de salud,85,10,10,20,San Juan
7679,Programas o planes estatales de salud,86,9,5,14,San Juan
7680,Programas o planes estatales de salud,87,5,6,11,San Juan
7681,Programas o planes estatales de salud,88,3,3,6,San Juan
7682,Programas o planes estatales de salud,89,8,5,13,San Juan
7683,Programas o planes estatales de salud,90,5,1,6,San Juan
7684,Programas o planes estatales de salud,91,4,4,8,San Juan
7685,Programas o planes estatales de salud,92,6,1,7,San Juan
7686,Programas o planes estatales de salud,93,2,-,2,San Juan
7687,Programas o planes estatales de salud,94,2,-,2,San Juan
7688,Programas o planes estatales de salud,95,3,-,3,San Juan
7689,Programas o planes estatales de salud,96,1,1,2,San Juan
7690,Programas o planes estatales de salud,97,1,-,1,San Juan
7691,Programas o planes estatales de salud,99,1,-,1,San Juan
7692,Programas o planes estatales de salud,100,-,1,1,San Juan
7693,Programas o planes estatales de salud,102,-,1,1,San Juan
7694,Programas o planes estatales de salud,109,1,-,1,San Juan
7695,Programas o planes estatales de salud,110,1,-,1,San Juan
7697,"No tiene obra social, prepaga ni plan estatal",,Mujer/Femenino,Varón/Masculino,Total,San Juan
7698,"No tiene obra social, prepaga ni plan estatal",0,3039,3185,6224,San Juan
7699,"No tiene obra social, prepaga ni plan estatal",1,2896,3000,5896,San Juan
7700,"No tiene obra social, prepaga ni plan estatal",2,3313,3333,6646,San Juan
7701,"No tiene obra social, prepaga ni plan estatal",3,3509,3627,7136,San Juan
7702,"No tiene obra social, prepaga ni plan estatal",4,3564,3633,7197,San Juan
7703,"No tiene obra social, prepaga ni plan estatal",5,3682,3673,7355,San Juan
7704,"No tiene obra social, prepaga ni plan estatal",6,3707,3663,7370,San Juan
7705,"No tiene obra social, prepaga ni plan estatal",7,3864,4110,7974,San Juan
7706,"No tiene obra social, prepaga ni plan estatal",8,3822,3847,7669,San Juan
7707,"No tiene obra social, prepaga ni plan estatal",9,3650,3615,7265,San Juan
7708,"No tiene obra social, prepaga ni plan estatal",10,3517,3511,7028,San Juan
7709,"No tiene obra social, prepaga ni plan estatal",11,3393,3433,6826,San Juan
7710,"No tiene obra social, prepaga ni plan estatal",12,3340,3498,6838,San Juan
7711,"No tiene obra social, prepaga ni plan estatal",13,3393,3482,6875,San Juan
7712,"No tiene obra social, prepaga ni plan estatal",14,3390,3476,6866,San Juan
7713,"No tiene obra social, prepaga ni plan estatal",15,3451,3451,6902,San Juan
7714,"No tiene obra social, prepaga ni plan estatal",16,3427,3649,7076,San Juan
7715,"No tiene obra social, prepaga ni plan estatal",17,3550,3689,7239,San Juan
7716,"No tiene obra social, prepaga ni plan estatal",18,3461,3658,7119,San Juan
7717,"No tiene obra social, prepaga ni plan estatal",19,3602,3668,7270,San Juan
7718,"No tiene obra social, prepaga ni plan estatal",20,3564,3688,7252,San Juan
7719,"No tiene obra social, prepaga ni plan estatal",21,4672,4580,9252,San Juan
7720,"No tiene obra social, prepaga ni plan estatal",22,4764,4810,9574,San Juan
7721,"No tiene obra social, prepaga ni plan estatal",23,4381,4443,8824,San Juan
7722,"No tiene obra social, prepaga ni plan estatal",24,4337,4276,8613,San Juan
7723,"No tiene obra social, prepaga ni plan estatal",25,4081,4203,8284,San Juan
7724,"No tiene obra social, prepaga ni plan estatal",26,4459,4130,8589,San Juan
7725,"No tiene obra social, prepaga ni plan estatal",27,4166,4109,8275,San Juan
7726,"No tiene obra social, prepaga ni plan estatal",28,3790,3803,7593,San Juan
7727,"No tiene obra social, prepaga ni plan estatal",29,3663,3658,7321,San Juan
7728,"No tiene obra social, prepaga ni plan estatal",30,3706,3775,7481,San Juan
7729,"No tiene obra social, prepaga ni plan estatal",31,3137,3213,6350,San Juan
7730,"No tiene obra social, prepaga ni plan estatal",32,2711,2895,5606,San Juan
7731,"No tiene obra social, prepaga ni plan estatal",33,2784,2850,5634,San Juan
7732,"No tiene obra social, prepaga ni plan estatal",34,2669,2782,5451,San Juan
7733,"No tiene obra social, prepaga ni plan estatal",35,2599,2857,5456,San Juan
7734,"No tiene obra social, prepaga ni plan estatal",36,2622,2494,5116,San Juan
7735,"No tiene obra social, prepaga ni plan estatal",37,2328,2341,4669,San Juan
7736,"No tiene obra social, prepaga ni plan estatal",38,2423,2234,4657,San Juan
7737,"No tiene obra social, prepaga ni plan estatal",39,2430,2426,4856,San Juan
7738,"No tiene obra social, prepaga ni plan estatal",40,2545,2499,5044,San Juan
7739,"No tiene obra social, prepaga ni plan estatal",41,2331,2272,4603,San Juan
7740,"No tiene obra social, prepaga ni plan estatal",42,2410,2535,4945,San Juan
7741,"No tiene obra social, prepaga ni plan estatal",43,2219,2479,4698,San Juan
7742,"No tiene obra social, prepaga ni plan estatal",44,2160,2209,4369,San Juan
7743,"No tiene obra social, prepaga ni plan estatal",45,2146,2125,4271,San Juan
7744,"No tiene obra social, prepaga ni plan estatal",46,2120,2092,4212,San Juan
7745,"No tiene obra social, prepaga ni plan estatal",47,2104,2178,4282,San Juan
7746,"No tiene obra social, prepaga ni plan estatal",48,1919,2029,3948,San Juan
7747,"No tiene obra social, prepaga ni plan estatal",49,1893,1850,3743,San Juan
7748,"No tiene obra social, prepaga ni plan estatal",50,1936,1760,3696,San Juan
7749,"No tiene obra social, prepaga ni plan estatal",51,1688,1567,3255,San Juan
7750,"No tiene obra social, prepaga ni plan estatal",52,1604,1656,3260,San Juan
7751,"No tiene obra social, prepaga ni plan estatal",53,1450,1445,2895,San Juan
7752,"No tiene obra social, prepaga ni plan estatal",54,1430,1377,2807,San Juan
7753,"No tiene obra social, prepaga ni plan estatal",55,1402,1394,2796,San Juan
7754,"No tiene obra social, prepaga ni plan estatal",56,1282,1335,2617,San Juan
7755,"No tiene obra social, prepaga ni plan estatal",57,1281,1303,2584,San Juan
7756,"No tiene obra social, prepaga ni plan estatal",58,1246,1312,2558,San Juan
7757,"No tiene obra social, prepaga ni plan estatal",59,1317,1320,2637,San Juan
7758,"No tiene obra social, prepaga ni plan estatal",60,1051,1199,2250,San Juan
7759,"No tiene obra social, prepaga ni plan estatal",61,758,1062,1820,San Juan
7760,"No tiene obra social, prepaga ni plan estatal",62,574,1055,1629,San Juan
7761,"No tiene obra social, prepaga ni plan estatal",63,455,1038,1493,San Juan
7762,"No tiene obra social, prepaga ni plan estatal",64,344,841,1185,San Juan
7763,"No tiene obra social, prepaga ni plan estatal",65,241,733,974,San Juan
7764,"No tiene obra social, prepaga ni plan estatal",66,146,408,554,San Juan
7765,"No tiene obra social, prepaga ni plan estatal",67,148,327,475,San Juan
7766,"No tiene obra social, prepaga ni plan estatal",68,126,209,335,San Juan
7767,"No tiene obra social, prepaga ni plan estatal",69,125,165,290,San Juan
7768,"No tiene obra social, prepaga ni plan estatal",70,95,115,210,San Juan
7769,"No tiene obra social, prepaga ni plan estatal",71,94,98,192,San Juan
7770,"No tiene obra social, prepaga ni plan estatal",72,94,85,179,San Juan
7771,"No tiene obra social, prepaga ni plan estatal",73,74,75,149,San Juan
7772,"No tiene obra social, prepaga ni plan estatal",74,74,59,133,San Juan
7773,"No tiene obra social, prepaga ni plan estatal",75,76,51,127,San Juan
7774,"No tiene obra social, prepaga ni plan estatal",76,45,34,79,San Juan
7775,"No tiene obra social, prepaga ni plan estatal",77,52,44,96,San Juan
7776,"No tiene obra social, prepaga ni plan estatal",78,45,36,81,San Juan
7777,"No tiene obra social, prepaga ni plan estatal",79,37,30,67,San Juan
7778,"No tiene obra social, prepaga ni plan estatal",80,34,39,73,San Juan
7779,"No tiene obra social, prepaga ni plan estatal",81,38,29,67,San Juan
7780,"No tiene obra social, prepaga ni plan estatal",82,34,26,60,San Juan
7781,"No tiene obra social, prepaga ni plan estatal",83,15,16,31,San Juan
7782,"No tiene obra social, prepaga ni plan estatal",84,23,12,35,San Juan
7783,"No tiene obra social, prepaga ni plan estatal",85,16,18,34,San Juan
7784,"No tiene obra social, prepaga ni plan estatal",86,15,10,25,San Juan
7785,"No tiene obra social, prepaga ni plan estatal",87,15,15,30,San Juan
7786,"No tiene obra social, prepaga ni plan estatal",88,21,21,42,San Juan
7787,"No tiene obra social, prepaga ni plan estatal",89,18,13,31,San Juan
7788,"No tiene obra social, prepaga ni plan estatal",90,18,15,33,San Juan
7789,"No tiene obra social, prepaga ni plan estatal",91,11,9,20,San Juan
7790,"No tiene obra social, prepaga ni plan estatal",92,17,12,29,San Juan
7791,"No tiene obra social, prepaga ni plan estatal",93,11,14,25,San Juan
7792,"No tiene obra social, prepaga ni plan estatal",94,11,17,28,San Juan
7793,"No tiene obra social, prepaga ni plan estatal",95,6,5,11,San Juan
7794,"No tiene obra social, prepaga ni plan estatal",96,6,5,11,San Juan
7795,"No tiene obra social, prepaga ni plan estatal",97,8,17,25,San Juan
7796,"No tiene obra social, prepaga ni plan estatal",98,3,1,4,San Juan
7797,"No tiene obra social, prepaga ni plan estatal",99,5,5,10,San Juan
7798,"No tiene obra social, prepaga ni plan estatal",100,-,1,1,San Juan
7799,"No tiene obra social, prepaga ni plan estatal",101,2,1,3,San Juan
7800,"No tiene obra social, prepaga ni plan estatal",102,1,1,2,San Juan
7914,AREA # 74,San Luis,,,,San Luis
7915,AREA # 74,,,,,San Luis
7916,Cobertura de salud,Edad,Sexo registrado al nacer,,,San Luis
7917,Obra social o prepaga (incluye PAMI),,Mujer/Femenino,Varón/Masculino,Total,San Luis
7918,Obra social o prepaga (incluye PAMI),0,1352,1417,2769,San Luis
7919,Obra social o prepaga (incluye PAMI),1,1539,1496,3035,San Luis
7920,Obra social o prepaga (incluye PAMI),2,1726,1724,3450,San Luis
7921,Obra social o prepaga (incluye PAMI),3,1801,1868,3669,San Luis
7922,Obra social o prepaga (incluye PAMI),4,1993,1971,3964,San Luis
7923,Obra social o prepaga (incluye PAMI),5,2143,2119,4262,San Luis
7924,Obra social o prepaga (incluye PAMI),6,2163,2360,4523,San Luis
7925,Obra social o prepaga (incluye PAMI),7,2225,2323,4548,San Luis
7926,Obra social o prepaga (incluye PAMI),8,2316,2461,4777,San Luis
7927,Obra social o prepaga (incluye PAMI),9,2340,2427,4767,San Luis
7928,Obra social o prepaga (incluye PAMI),10,2398,2455,4853,San Luis
7929,Obra social o prepaga (incluye PAMI),11,2412,2503,4915,San Luis
7930,Obra social o prepaga (incluye PAMI),12,2415,2531,4946,San Luis
7931,Obra social o prepaga (incluye PAMI),13,2532,2737,5269,San Luis
7932,Obra social o prepaga (incluye PAMI),14,2462,2697,5159,San Luis
7933,Obra social o prepaga (incluye PAMI),15,2619,2686,5305,San Luis
7934,Obra social o prepaga (incluye PAMI),16,2500,2589,5089,San Luis
7935,Obra social o prepaga (incluye PAMI),17,2597,2688,5285,San Luis
7936,Obra social o prepaga (incluye PAMI),18,2230,2092,4322,San Luis
7937,Obra social o prepaga (incluye PAMI),19,2098,1820,3918,San Luis
7938,Obra social o prepaga (incluye PAMI),20,1918,1618,3536,San Luis
7939,Obra social o prepaga (incluye PAMI),21,1647,1452,3099,San Luis
7940,Obra social o prepaga (incluye PAMI),22,1492,1473,2965,San Luis
7941,Obra social o prepaga (incluye PAMI),23,1685,1518,3203,San Luis
7942,Obra social o prepaga (incluye PAMI),24,1624,1539,3163,San Luis
7943,Obra social o prepaga (incluye PAMI),25,1760,1720,3480,San Luis
7944,Obra social o prepaga (incluye PAMI),26,1656,1627,3283,San Luis
7945,Obra social o prepaga (incluye PAMI),27,1684,1656,3340,San Luis
7946,Obra social o prepaga (incluye PAMI),28,1812,1745,3557,San Luis
7947,Obra social o prepaga (incluye PAMI),29,1921,1854,3775,San Luis
7948,Obra social o prepaga (incluye PAMI),30,2177,1981,4158,San Luis
7949,Obra social o prepaga (incluye PAMI),31,2170,1944,4114,San Luis
7950,Obra social o prepaga (incluye PAMI),32,2140,1957,4097,San Luis
7951,Obra social o prepaga (incluye PAMI),33,2203,1982,4185,San Luis
7952,Obra social o prepaga (incluye PAMI),34,2148,1910,4058,San Luis
7953,Obra social o prepaga (incluye PAMI),35,2207,2044,4251,San Luis
7954,Obra social o prepaga (incluye PAMI),36,2386,2077,4463,San Luis
7955,Obra social o prepaga (incluye PAMI),37,2370,1981,4351,San Luis
7956,Obra social o prepaga (incluye PAMI),38,2380,2117,4497,San Luis
7957,Obra social o prepaga (incluye PAMI),39,2651,2273,4924,San Luis
7958,Obra social o prepaga (incluye PAMI),40,2624,2336,4960,San Luis
7959,Obra social o prepaga (incluye PAMI),41,2558,2267,4825,San Luis
7960,Obra social o prepaga (incluye PAMI),42,2632,2426,5058,San Luis
7961,Obra social o prepaga (incluye PAMI),43,2784,2326,5110,San Luis
7962,Obra social o prepaga (incluye PAMI),44,2645,2302,4947,San Luis
7963,Obra social o prepaga (incluye PAMI),45,2412,2084,4496,San Luis
7964,Obra social o prepaga (incluye PAMI),46,2250,1897,4147,San Luis
7965,Obra social o prepaga (incluye PAMI),47,2177,1847,4024,San Luis
7966,Obra social o prepaga (incluye PAMI),48,2036,1819,3855,San Luis
7967,Obra social o prepaga (incluye PAMI),49,2098,1795,3893,San Luis
7968,Obra social o prepaga (incluye PAMI),50,2082,1818,3900,San Luis
7969,Obra social o prepaga (incluye PAMI),51,1911,1724,3635,San Luis
7970,Obra social o prepaga (incluye PAMI),52,1842,1638,3480,San Luis
7971,Obra social o prepaga (incluye PAMI),53,1761,1564,3325,San Luis
7972,Obra social o prepaga (incluye PAMI),54,1764,1534,3298,San Luis
7973,Obra social o prepaga (incluye PAMI),55,1666,1504,3170,San Luis
7974,Obra social o prepaga (incluye PAMI),56,1788,1490,3278,San Luis
7975,Obra social o prepaga (incluye PAMI),57,1765,1453,3218,San Luis
7976,Obra social o prepaga (incluye PAMI),58,1827,1508,3335,San Luis
7977,Obra social o prepaga (incluye PAMI),59,1695,1415,3110,San Luis
7978,Obra social o prepaga (incluye PAMI),60,1737,1477,3214,San Luis
7979,Obra social o prepaga (incluye PAMI),61,1782,1397,3179,San Luis
7980,Obra social o prepaga (incluye PAMI),62,1874,1358,3232,San Luis
7981,Obra social o prepaga (incluye PAMI),63,1960,1288,3248,San Luis
7982,Obra social o prepaga (incluye PAMI),64,1985,1198,3183,San Luis
7983,Obra social o prepaga (incluye PAMI),65,2068,1517,3585,San Luis
7984,Obra social o prepaga (incluye PAMI),66,1926,1564,3490,San Luis
7985,Obra social o prepaga (incluye PAMI),67,1868,1648,3516,San Luis
7986,Obra social o prepaga (incluye PAMI),68,1920,1539,3459,San Luis
7987,Obra social o prepaga (incluye PAMI),69,1781,1538,3319,San Luis
7988,Obra social o prepaga (incluye PAMI),70,1790,1491,3281,San Luis
7989,Obra social o prepaga (incluye PAMI),71,1655,1479,3134,San Luis
7990,Obra social o prepaga (incluye PAMI),72,1626,1328,2954,San Luis
7991,Obra social o prepaga (incluye PAMI),73,1488,1249,2737,San Luis
7992,Obra social o prepaga (incluye PAMI),74,1449,1136,2585,San Luis
7993,Obra social o prepaga (incluye PAMI),75,1396,1079,2475,San Luis
7994,Obra social o prepaga (incluye PAMI),76,1332,1110,2442,San Luis
7995,Obra social o prepaga (incluye PAMI),77,1168,888,2056,San Luis
7996,Obra social o prepaga (incluye PAMI),78,1113,831,1944,San Luis
7997,Obra social o prepaga (incluye PAMI),79,1029,691,1720,San Luis
7998,Obra social o prepaga (incluye PAMI),80,913,616,1529,San Luis
7999,Obra social o prepaga (incluye PAMI),81,764,527,1291,San Luis
8000,Obra social o prepaga (incluye PAMI),82,755,459,1214,San Luis
8001,Obra social o prepaga (incluye PAMI),83,680,394,1074,San Luis
8002,Obra social o prepaga (incluye PAMI),84,606,324,930,San Luis
8003,Obra social o prepaga (incluye PAMI),85,527,276,803,San Luis
8004,Obra social o prepaga (incluye PAMI),86,470,267,737,San Luis
8005,Obra social o prepaga (incluye PAMI),87,365,233,598,San Luis
8006,Obra social o prepaga (incluye PAMI),88,358,155,513,San Luis
8007,Obra social o prepaga (incluye PAMI),89,294,118,412,San Luis
8008,Obra social o prepaga (incluye PAMI),90,268,120,388,San Luis
8009,Obra social o prepaga (incluye PAMI),91,238,83,321,San Luis
8010,Obra social o prepaga (incluye PAMI),92,163,77,240,San Luis
8011,Obra social o prepaga (incluye PAMI),93,131,46,177,San Luis
8012,Obra social o prepaga (incluye PAMI),94,104,38,142,San Luis
8013,Obra social o prepaga (incluye PAMI),95,80,18,98,San Luis
8014,Obra social o prepaga (incluye PAMI),96,65,20,85,San Luis
8015,Obra social o prepaga (incluye PAMI),97,48,14,62,San Luis
8016,Obra social o prepaga (incluye PAMI),98,39,9,48,San Luis
8017,Obra social o prepaga (incluye PAMI),99,33,5,38,San Luis
8018,Obra social o prepaga (incluye PAMI),100,12,1,13,San Luis
8019,Obra social o prepaga (incluye PAMI),101,9,4,13,San Luis
8020,Obra social o prepaga (incluye PAMI),102,5,2,7,San Luis
8021,Obra social o prepaga (incluye PAMI),103,3,1,4,San Luis
8022,Obra social o prepaga (incluye PAMI),104,2,-,2,San Luis
8023,Obra social o prepaga (incluye PAMI),105,1,1,2,San Luis
8024,Obra social o prepaga (incluye PAMI),106,1,-,1,San Luis
8025,Obra social o prepaga (incluye PAMI),109,-,1,1,San Luis
8026,Obra social o prepaga (incluye PAMI),110,-,1,1,San Luis
8028,Programas o planes estatales de salud,,Mujer/Femenino,Varón/Masculino,Total,San Luis
8029,Programas o planes estatales de salud,0,127,157,284,San Luis
8030,Programas o planes estatales de salud,1,127,154,281,San Luis
8031,Programas o planes estatales de salud,2,136,158,294,San Luis
8032,Programas o planes estatales de salud,3,155,174,329,San Luis
8033,Programas o planes estatales de salud,4,184,182,366,San Luis
8034,Programas o planes estatales de salud,5,157,179,336,San Luis
8035,Programas o planes estatales de salud,6,194,209,403,San Luis
8036,Programas o planes estatales de salud,7,194,229,423,San Luis
8037,Programas o planes estatales de salud,8,199,201,400,San Luis
8038,Programas o planes estatales de salud,9,213,226,439,San Luis
8039,Programas o planes estatales de salud,10,247,222,469,San Luis
8040,Programas o planes estatales de salud,11,234,238,472,San Luis
8041,Programas o planes estatales de salud,12,202,233,435,San Luis
8042,Programas o planes estatales de salud,13,241,259,500,San Luis
8043,Programas o planes estatales de salud,14,221,236,457,San Luis
8044,Programas o planes estatales de salud,15,255,223,478,San Luis
8045,Programas o planes estatales de salud,16,237,204,441,San Luis
8046,Programas o planes estatales de salud,17,245,235,480,San Luis
8047,Programas o planes estatales de salud,18,168,161,329,San Luis
8048,Programas o planes estatales de salud,19,134,132,266,San Luis
8049,Programas o planes estatales de salud,20,129,99,228,San Luis
8050,Programas o planes estatales de salud,21,111,106,217,San Luis
8051,Programas o planes estatales de salud,22,153,144,297,San Luis
8052,Programas o planes estatales de salud,23,174,133,307,San Luis
8053,Programas o planes estatales de salud,24,180,159,339,San Luis
8054,Programas o planes estatales de salud,25,216,162,378,San Luis
8055,Programas o planes estatales de salud,26,206,146,352,San Luis
8056,Programas o planes estatales de salud,27,204,153,357,San Luis
8057,Programas o planes estatales de salud,28,216,171,387,San Luis
8058,Programas o planes estatales de salud,29,290,152,442,San Luis
8059,Programas o planes estatales de salud,30,193,197,390,San Luis
8060,Programas o planes estatales de salud,31,229,165,394,San Luis
8061,Programas o planes estatales de salud,32,212,163,375,San Luis
8062,Programas o planes estatales de salud,33,239,171,410,San Luis
8063,Programas o planes estatales de salud,34,236,140,376,San Luis
8064,Programas o planes estatales de salud,35,256,180,436,San Luis
8065,Programas o planes estatales de salud,36,262,194,456,San Luis
8066,Programas o planes estatales de salud,37,283,202,485,San Luis
8067,Programas o planes estatales de salud,38,298,213,511,San Luis
8068,Programas o planes estatales de salud,39,304,227,531,San Luis
8069,Programas o planes estatales de salud,40,325,223,548,San Luis
8070,Programas o planes estatales de salud,41,297,196,493,San Luis
8071,Programas o planes estatales de salud,42,305,247,552,San Luis
8072,Programas o planes estatales de salud,43,302,225,527,San Luis
8073,Programas o planes estatales de salud,44,288,220,508,San Luis
8074,Programas o planes estatales de salud,45,265,225,490,San Luis
8075,Programas o planes estatales de salud,46,298,170,468,San Luis
8076,Programas o planes estatales de salud,47,250,171,421,San Luis
8077,Programas o planes estatales de salud,48,248,184,432,San Luis
8078,Programas o planes estatales de salud,49,258,159,417,San Luis
8079,Programas o planes estatales de salud,50,248,167,415,San Luis
8080,Programas o planes estatales de salud,51,249,172,421,San Luis
8081,Programas o planes estatales de salud,52,228,168,396,San Luis
8082,Programas o planes estatales de salud,53,213,168,381,San Luis
8083,Programas o planes estatales de salud,54,228,169,397,San Luis
8084,Programas o planes estatales de salud,55,195,152,347,San Luis
8085,Programas o planes estatales de salud,56,222,152,374,San Luis
8086,Programas o planes estatales de salud,57,216,135,351,San Luis
8087,Programas o planes estatales de salud,58,224,167,391,San Luis
8088,Programas o planes estatales de salud,59,223,154,377,San Luis
8089,Programas o planes estatales de salud,60,208,145,353,San Luis
8090,Programas o planes estatales de salud,61,152,122,274,San Luis
8091,Programas o planes estatales de salud,62,114,153,267,San Luis
8092,Programas o planes estatales de salud,63,114,113,227,San Luis
8093,Programas o planes estatales de salud,64,96,127,223,San Luis
8094,Programas o planes estatales de salud,65,72,104,176,San Luis
8095,Programas o planes estatales de salud,66,56,65,121,San Luis
8096,Programas o planes estatales de salud,67,44,48,92,San Luis
8097,Programas o planes estatales de salud,68,41,55,96,San Luis
8098,Programas o planes estatales de salud,69,34,44,78,San Luis
8099,Programas o planes estatales de salud,70,36,29,65,San Luis
8100,Programas o planes estatales de salud,71,25,31,56,San Luis
8101,Programas o planes estatales de salud,72,37,29,66,San Luis
8102,Programas o planes estatales de salud,73,23,23,46,San Luis
8103,Programas o planes estatales de salud,74,34,32,66,San Luis
8104,Programas o planes estatales de salud,75,32,12,44,San Luis
8105,Programas o planes estatales de salud,76,29,13,42,San Luis
8106,Programas o planes estatales de salud,77,17,16,33,San Luis
8107,Programas o planes estatales de salud,78,14,12,26,San Luis
8108,Programas o planes estatales de salud,79,18,9,27,San Luis
8109,Programas o planes estatales de salud,80,17,19,36,San Luis
8110,Programas o planes estatales de salud,81,10,10,20,San Luis
8111,Programas o planes estatales de salud,82,18,8,26,San Luis
8112,Programas o planes estatales de salud,83,13,12,25,San Luis
8113,Programas o planes estatales de salud,84,5,4,9,San Luis
8114,Programas o planes estatales de salud,85,9,7,16,San Luis
8115,Programas o planes estatales de salud,86,10,5,15,San Luis
8116,Programas o planes estatales de salud,87,7,6,13,San Luis
8117,Programas o planes estatales de salud,88,5,3,8,San Luis
8118,Programas o planes estatales de salud,89,7,-,7,San Luis
8119,Programas o planes estatales de salud,90,7,1,8,San Luis
8120,Programas o planes estatales de salud,91,4,6,10,San Luis
8121,Programas o planes estatales de salud,92,4,1,5,San Luis
8122,Programas o planes estatales de salud,93,2,-,2,San Luis
8123,Programas o planes estatales de salud,94,1,1,2,San Luis
8124,Programas o planes estatales de salud,95,1,-,1,San Luis
8125,Programas o planes estatales de salud,96,2,1,3,San Luis
8126,Programas o planes estatales de salud,98,1,-,1,San Luis
8127,Programas o planes estatales de salud,99,1,-,1,San Luis
8128,Programas o planes estatales de salud,100,1,-,1,San Luis
8130,"No tiene obra social, prepaga ni plan estatal",,Mujer/Femenino,Varón/Masculino,Total,San Luis
8131,"No tiene obra social, prepaga ni plan estatal",0,1446,1471,2917,San Luis
8132,"No tiene obra social, prepaga ni plan estatal",1,1394,1480,2874,San Luis
8133,"No tiene obra social, prepaga ni plan estatal",2,1442,1479,2921,San Luis
8134,"No tiene obra social, prepaga ni plan estatal",3,1577,1633,3210,San Luis
8135,"No tiene obra social, prepaga ni plan estatal",4,1663,1717,3380,San Luis
8136,"No tiene obra social, prepaga ni plan estatal",5,1527,1743,3270,San Luis
8137,"No tiene obra social, prepaga ni plan estatal",6,1737,1788,3525,San Luis
8138,"No tiene obra social, prepaga ni plan estatal",7,1716,1810,3526,San Luis
8139,"No tiene obra social, prepaga ni plan estatal",8,1661,1787,3448,San Luis
8140,"No tiene obra social, prepaga ni plan estatal",9,1602,1718,3320,San Luis
8141,"No tiene obra social, prepaga ni plan estatal",10,1643,1675,3318,San Luis
8142,"No tiene obra social, prepaga ni plan estatal",11,1738,1735,3473,San Luis
8143,"No tiene obra social, prepaga ni plan estatal",12,1806,1650,3456,San Luis
8144,"No tiene obra social, prepaga ni plan estatal",13,1788,1832,3620,San Luis
8145,"No tiene obra social, prepaga ni plan estatal",14,1695,1793,3488,San Luis
8146,"No tiene obra social, prepaga ni plan estatal",15,1780,1764,3544,San Luis
8147,"No tiene obra social, prepaga ni plan estatal",16,1733,1744,3477,San Luis
8148,"No tiene obra social, prepaga ni plan estatal",17,1865,1869,3734,San Luis
8149,"No tiene obra social, prepaga ni plan estatal",18,2185,2501,4686,San Luis
8150,"No tiene obra social, prepaga ni plan estatal",19,2349,2433,4782,San Luis
8151,"No tiene obra social, prepaga ni plan estatal",20,2195,2543,4738,San Luis
8152,"No tiene obra social, prepaga ni plan estatal",21,2628,2875,5503,San Luis
8153,"No tiene obra social, prepaga ni plan estatal",22,2747,2943,5690,San Luis
8154,"No tiene obra social, prepaga ni plan estatal",23,2601,2579,5180,San Luis
8155,"No tiene obra social, prepaga ni plan estatal",24,2572,2654,5226,San Luis
8156,"No tiene obra social, prepaga ni plan estatal",25,2608,2589,5197,San Luis
8157,"No tiene obra social, prepaga ni plan estatal",26,2620,2607,5227,San Luis
8158,"No tiene obra social, prepaga ni plan estatal",27,2580,2454,5034,San Luis
8159,"No tiene obra social, prepaga ni plan estatal",28,2201,2219,4420,San Luis
8160,"No tiene obra social, prepaga ni plan estatal",29,2150,2095,4245,San Luis
8161,"No tiene obra social, prepaga ni plan estatal",30,2175,2157,4332,San Luis
8162,"No tiene obra social, prepaga ni plan estatal",31,1925,1920,3845,San Luis
8163,"No tiene obra social, prepaga ni plan estatal",32,1702,1793,3495,San Luis
8164,"No tiene obra social, prepaga ni plan estatal",33,1597,1679,3276,San Luis
8165,"No tiene obra social, prepaga ni plan estatal",34,1515,1533,3048,San Luis
8166,"No tiene obra social, prepaga ni plan estatal",35,1405,1543,2948,San Luis
8167,"No tiene obra social, prepaga ni plan estatal",36,1285,1389,2674,San Luis
8168,"No tiene obra social, prepaga ni plan estatal",37,1074,1261,2335,San Luis
8169,"No tiene obra social, prepaga ni plan estatal",38,1178,1286,2464,San Luis
8170,"No tiene obra social, prepaga ni plan estatal",39,1145,1412,2557,San Luis
8171,"No tiene obra social, prepaga ni plan estatal",40,1209,1432,2641,San Luis
8172,"No tiene obra social, prepaga ni plan estatal",41,1209,1216,2425,San Luis
8173,"No tiene obra social, prepaga ni plan estatal",42,1246,1332,2578,San Luis
8174,"No tiene obra social, prepaga ni plan estatal",43,1212,1415,2627,San Luis
8175,"No tiene obra social, prepaga ni plan estatal",44,1128,1349,2477,San Luis
8176,"No tiene obra social, prepaga ni plan estatal",45,1122,1284,2406,San Luis
8177,"No tiene obra social, prepaga ni plan estatal",46,1009,1215,2224,San Luis
8178,"No tiene obra social, prepaga ni plan estatal",47,986,1196,2182,San Luis
8179,"No tiene obra social, prepaga ni plan estatal",48,988,1090,2078,San Luis
8180,"No tiene obra social, prepaga ni plan estatal",49,858,1164,2022,San Luis
8181,"No tiene obra social, prepaga ni plan estatal",50,991,1181,2172,San Luis
8182,"No tiene obra social, prepaga ni plan estatal",51,919,1037,1956,San Luis
8183,"No tiene obra social, prepaga ni plan estatal",52,869,977,1846,San Luis
8184,"No tiene obra social, prepaga ni plan estatal",53,738,968,1706,San Luis
8185,"No tiene obra social, prepaga ni plan estatal",54,711,914,1625,San Luis
8186,"No tiene obra social, prepaga ni plan estatal",55,756,932,1688,San Luis
8187,"No tiene obra social, prepaga ni plan estatal",56,698,923,1621,San Luis
8188,"No tiene obra social, prepaga ni plan estatal",57,725,917,1642,San Luis
8189,"No tiene obra social, prepaga ni plan estatal",58,705,890,1595,San Luis
8190,"No tiene obra social, prepaga ni plan estatal",59,645,815,1460,San Luis
8191,"No tiene obra social, prepaga ni plan estatal",60,602,785,1387,San Luis
8192,"No tiene obra social, prepaga ni plan estatal",61,424,697,1121,San Luis
8193,"No tiene obra social, prepaga ni plan estatal",62,356,675,1031,San Luis
8194,"No tiene obra social, prepaga ni plan estatal",63,252,657,909,San Luis
8195,"No tiene obra social, prepaga ni plan estatal",64,160,622,782,San Luis
8196,"No tiene obra social, prepaga ni plan estatal",65,116,468,584,San Luis
8197,"No tiene obra social, prepaga ni plan estatal",66,57,207,264,San Luis
8198,"No tiene obra social, prepaga ni plan estatal",67,53,181,234,San Luis
8199,"No tiene obra social, prepaga ni plan estatal",68,51,113,164,San Luis
8200,"No tiene obra social, prepaga ni plan estatal",69,32,96,128,San Luis
8201,"No tiene obra social, prepaga ni plan estatal",70,37,63,100,San Luis
8202,"No tiene obra social, prepaga ni plan estatal",71,28,36,64,San Luis
8203,"No tiene obra social, prepaga ni plan estatal",72,37,46,83,San Luis
8204,"No tiene obra social, prepaga ni plan estatal",73,38,28,66,San Luis
8205,"No tiene obra social, prepaga ni plan estatal",74,37,30,67,San Luis
8206,"No tiene obra social, prepaga ni plan estatal",75,23,24,47,San Luis
8207,"No tiene obra social, prepaga ni plan estatal",76,23,22,45,San Luis
8208,"No tiene obra social, prepaga ni plan estatal",77,10,28,38,San Luis
8209,"No tiene obra social, prepaga ni plan estatal",78,14,15,29,San Luis
8210,"No tiene obra social, prepaga ni plan estatal",79,13,11,24,San Luis
8211,"No tiene obra social, prepaga ni plan estatal",80,15,16,31,San Luis
8212,"No tiene obra social, prepaga ni plan estatal",81,9,13,22,San Luis
8213,"No tiene obra social, prepaga ni plan estatal",82,8,13,21,San Luis
8214,"No tiene obra social, prepaga ni plan estatal",83,11,8,19,San Luis
8215,"No tiene obra social, prepaga ni plan estatal",84,8,9,17,San Luis
8216,"No tiene obra social, prepaga ni plan estatal",85,5,8,13,San Luis
8217,"No tiene obra social, prepaga ni plan estatal",86,11,4,15,San Luis
8218,"No tiene obra social, prepaga ni plan estatal",87,9,7,16,San Luis
8219,"No tiene obra social, prepaga ni plan estatal",88,14,4,18,San Luis
8220,"No tiene obra social, prepaga ni plan estatal",89,7,9,16,San Luis
8221,"No tiene obra social, prepaga ni plan estatal",90,10,6,16,San Luis
8222,"No tiene obra social, prepaga ni plan estatal",91,8,3,11,San Luis
8223,"No tiene obra social, prepaga ni plan estatal",92,5,5,10,San Luis
8224,"No tiene obra social, prepaga ni plan estatal",93,5,7,12,San Luis
8225,"No tiene obra social, prepaga ni plan estatal",94,7,2,9,San Luis
8226,"No tiene obra social, prepaga ni plan estatal",95,6,4,10,San Luis
8227,"No tiene obra social, prepaga ni plan estatal",96,1,1,2,San Luis
8228,"No tiene obra social, prepaga ni plan estatal",97,6,5,11,San Luis
8229,"No tiene obra social, prepaga ni plan estatal",98,2,2,4,San Luis
8230,"No tiene obra social, prepaga ni plan estatal",99,3,2,5,San Luis
8231,"No tiene obra social, prepaga ni plan estatal",102,1,-,1,San Luis
8345,AREA # 78,Santa Cruz,,,,Santa Cruz
8346,AREA # 78,,,,,Santa Cruz
8347,Cobertura de salud,Edad,Sexo registrado al nacer,,,Santa Cruz
8348,Obra social o prepaga (incluye PAMI),,Mujer/Femenino,Varón/Masculino,Total,Santa Cruz
8349,Obra social o prepaga (incluye PAMI),0,1108,1199,2307,Santa Cruz
8350,Obra social o prepaga (incluye PAMI),1,1345,1259,2604,Santa Cruz
8351,Obra social o prepaga (incluye PAMI),2,1589,1577,3166,Santa Cruz
8352,Obra social o prepaga (incluye PAMI),3,1656,1848,3504,Santa Cruz
8353,Obra social o prepaga (incluye PAMI),4,1969,2031,4000,Santa Cruz
8354,Obra social o prepaga (incluye PAMI),5,2170,2202,4372,Santa Cruz
8355,Obra social o prepaga (incluye PAMI),6,2248,2301,4549,Santa Cruz
8356,Obra social o prepaga (incluye PAMI),7,2277,2240,4517,Santa Cruz
8357,Obra social o prepaga (incluye PAMI),8,2214,2363,4577,Santa Cruz
8358,Obra social o prepaga (incluye PAMI),9,2259,2257,4516,Santa Cruz
8359,Obra social o prepaga (incluye PAMI),10,2266,2326,4592,Santa Cruz
8360,Obra social o prepaga (incluye PAMI),11,2358,2366,4724,Santa Cruz
8361,Obra social o prepaga (incluye PAMI),12,2406,2410,4816,Santa Cruz
8362,Obra social o prepaga (incluye PAMI),13,2294,2550,4844,Santa Cruz
8363,Obra social o prepaga (incluye PAMI),14,2291,2292,4583,Santa Cruz
8364,Obra social o prepaga (incluye PAMI),15,2266,2332,4598,Santa Cruz
8365,Obra social o prepaga (incluye PAMI),16,2311,2321,4632,Santa Cruz
8366,Obra social o prepaga (incluye PAMI),17,2188,2170,4358,Santa Cruz
8367,Obra social o prepaga (incluye PAMI),18,1728,1917,3645,Santa Cruz
8368,Obra social o prepaga (incluye PAMI),19,1418,1538,2956,Santa Cruz
8369,Obra social o prepaga (incluye PAMI),20,1403,1323,2726,Santa Cruz
8370,Obra social o prepaga (incluye PAMI),21,1069,1124,2193,Santa Cruz
8371,Obra social o prepaga (incluye PAMI),22,1145,1036,2181,Santa Cruz
8372,Obra social o prepaga (incluye PAMI),23,1086,1133,2219,Santa Cruz
8373,Obra social o prepaga (incluye PAMI),24,1219,1196,2415,Santa Cruz
8374,Obra social o prepaga (incluye PAMI),25,1420,1294,2714,Santa Cruz
8375,Obra social o prepaga (incluye PAMI),26,1504,1433,2937,Santa Cruz
8376,Obra social o prepaga (incluye PAMI),27,1641,1570,3211,Santa Cruz
8377,Obra social o prepaga (incluye PAMI),28,1719,1691,3410,Santa Cruz
8378,Obra social o prepaga (incluye PAMI),29,1913,1782,3695,Santa Cruz
8379,Obra social o prepaga (incluye PAMI),30,2081,1961,4042,Santa Cruz
8380,Obra social o prepaga (incluye PAMI),31,2224,1986,4210,Santa Cruz
8381,Obra social o prepaga (incluye PAMI),32,2205,1973,4178,Santa Cruz
8382,Obra social o prepaga (incluye PAMI),33,2101,2098,4199,Santa Cruz
8383,Obra social o prepaga (incluye PAMI),34,2145,2003,4148,Santa Cruz
8384,Obra social o prepaga (incluye PAMI),35,2295,2138,4433,Santa Cruz
8385,Obra social o prepaga (incluye PAMI),36,2223,2108,4331,Santa Cruz
8386,Obra social o prepaga (incluye PAMI),37,2122,2075,4197,Santa Cruz
8387,Obra social o prepaga (incluye PAMI),38,2126,2090,4216,Santa Cruz
8388,Obra social o prepaga (incluye PAMI),39,2193,2191,4384,Santa Cruz
8389,Obra social o prepaga (incluye PAMI),40,2209,2131,4340,Santa Cruz
8390,Obra social o prepaga (incluye PAMI),41,2090,2022,4112,Santa Cruz
8391,Obra social o prepaga (incluye PAMI),42,2242,2154,4396,Santa Cruz
8392,Obra social o prepaga (incluye PAMI),43,2125,2040,4165,Santa Cruz
8393,Obra social o prepaga (incluye PAMI),44,1943,1947,3890,Santa Cruz
8394,Obra social o prepaga (incluye PAMI),45,1882,1899,3781,Santa Cruz
8395,Obra social o prepaga (incluye PAMI),46,1830,1748,3578,Santa Cruz
8396,Obra social o prepaga (incluye PAMI),47,1871,1705,3576,Santa Cruz
8397,Obra social o prepaga (incluye PAMI),48,1572,1497,3069,Santa Cruz
8398,Obra social o prepaga (incluye PAMI),49,1529,1533,3062,Santa Cruz
8399,Obra social o prepaga (incluye PAMI),50,1533,1526,3059,Santa Cruz
8400,Obra social o prepaga (incluye PAMI),51,1484,1354,2838,Santa Cruz
8401,Obra social o prepaga (incluye PAMI),52,1394,1290,2684,Santa Cruz
8402,Obra social o prepaga (incluye PAMI),53,1399,1271,2670,Santa Cruz
8403,Obra social o prepaga (incluye PAMI),54,1321,1138,2459,Santa Cruz
8404,Obra social o prepaga (incluye PAMI),55,1198,1103,2301,Santa Cruz
8405,Obra social o prepaga (incluye PAMI),56,1227,1130,2357,Santa Cruz
8406,Obra social o prepaga (incluye PAMI),57,1321,1157,2478,Santa Cruz
8407,Obra social o prepaga (incluye PAMI),58,1187,1103,2290,Santa Cruz
8408,Obra social o prepaga (incluye PAMI),59,1250,1144,2394,Santa Cruz
8409,Obra social o prepaga (incluye PAMI),60,1086,1049,2135,Santa Cruz
8410,Obra social o prepaga (incluye PAMI),61,1097,965,2062,Santa Cruz
8411,Obra social o prepaga (incluye PAMI),62,1122,1036,2158,Santa Cruz
8412,Obra social o prepaga (incluye PAMI),63,1079,904,1983,Santa Cruz
8413,Obra social o prepaga (incluye PAMI),64,989,878,1867,Santa Cruz
8414,Obra social o prepaga (incluye PAMI),65,1103,896,1999,Santa Cruz
8415,Obra social o prepaga (incluye PAMI),66,942,842,1784,Santa Cruz
8416,Obra social o prepaga (incluye PAMI),67,965,828,1793,Santa Cruz
8417,Obra social o prepaga (incluye PAMI),68,932,790,1722,Santa Cruz
8418,Obra social o prepaga (incluye PAMI),69,857,745,1602,Santa Cruz
8419,Obra social o prepaga (incluye PAMI),70,707,656,1363,Santa Cruz
8420,Obra social o prepaga (incluye PAMI),71,674,576,1250,Santa Cruz
8421,Obra social o prepaga (incluye PAMI),72,683,562,1245,Santa Cruz
8422,Obra social o prepaga (incluye PAMI),73,625,501,1126,Santa Cruz
8423,Obra social o prepaga (incluye PAMI),74,575,453,1028,Santa Cruz
8424,Obra social o prepaga (incluye PAMI),75,548,413,961,Santa Cruz
8425,Obra social o prepaga (incluye PAMI),76,459,350,809,Santa Cruz
8426,Obra social o prepaga (incluye PAMI),77,485,359,844,Santa Cruz
8427,Obra social o prepaga (incluye PAMI),78,397,330,727,Santa Cruz
8428,Obra social o prepaga (incluye PAMI),79,452,267,719,Santa Cruz
8429,Obra social o prepaga (incluye PAMI),80,377,243,620,Santa Cruz
8430,Obra social o prepaga (incluye PAMI),81,309,238,547,Santa Cruz
8431,Obra social o prepaga (incluye PAMI),82,322,214,536,Santa Cruz
8432,Obra social o prepaga (incluye PAMI),83,253,179,432,Santa Cruz
8433,Obra social o prepaga (incluye PAMI),84,236,163,399,Santa Cruz
8434,Obra social o prepaga (incluye PAMI),85,205,113,318,Santa Cruz
8435,Obra social o prepaga (incluye PAMI),86,189,103,292,Santa Cruz
8436,Obra social o prepaga (incluye PAMI),87,151,92,243,Santa Cruz
8437,Obra social o prepaga (incluye PAMI),88,125,73,198,Santa Cruz
8438,Obra social o prepaga (incluye PAMI),89,110,58,168,Santa Cruz
8439,Obra social o prepaga (incluye PAMI),90,105,49,154,Santa Cruz
8440,Obra social o prepaga (incluye PAMI),91,73,33,106,Santa Cruz
8441,Obra social o prepaga (incluye PAMI),92,57,18,75,Santa Cruz
8442,Obra social o prepaga (incluye PAMI),93,44,21,65,Santa Cruz
8443,Obra social o prepaga (incluye PAMI),94,40,20,60,Santa Cruz
8444,Obra social o prepaga (incluye PAMI),95,23,15,38,Santa Cruz
8445,Obra social o prepaga (incluye PAMI),96,16,12,28,Santa Cruz
8446,Obra social o prepaga (incluye PAMI),97,20,3,23,Santa Cruz
8447,Obra social o prepaga (incluye PAMI),98,6,9,15,Santa Cruz
8448,Obra social o prepaga (incluye PAMI),99,8,7,15,Santa Cruz
8449,Obra social o prepaga (incluye PAMI),100,4,-,4,Santa Cruz
8450,Obra social o prepaga (incluye PAMI),101,2,1,3,Santa Cruz
8451,Obra social o prepaga (incluye PAMI),102,3,1,4,Santa Cruz
8452,Obra social o prepaga (incluye PAMI),103,-,1,1,Santa Cruz
8454,Programas o planes estatales de salud,,Mujer/Femenino,Varón/Masculino,Total,Santa Cruz
8455,Programas o planes estatales de salud,0,271,277,548,Santa Cruz
8456,Programas o planes estatales de salud,1,254,281,535,Santa Cruz
8457,Programas o planes estatales de salud,2,304,304,608,Santa Cruz
8458,Programas o planes estatales de salud,3,284,317,601,Santa Cruz
8459,Programas o planes estatales de salud,4,315,307,622,Santa Cruz
8460,Programas o planes estatales de salud,5,336,342,678,Santa Cruz
8461,Programas o planes estatales de salud,6,282,369,651,Santa Cruz
8462,Programas o planes estatales de salud,7,331,341,672,Santa Cruz
8463,Programas o planes estatales de salud,8,306,340,646,Santa Cruz
8464,Programas o planes estatales de salud,9,292,306,598,Santa Cruz
8465,Programas o planes estatales de salud,10,295,284,579,Santa Cruz
8466,Programas o planes estatales de salud,11,295,293,588,Santa Cruz
8467,Programas o planes estatales de salud,12,304,315,619,Santa Cruz
8468,Programas o planes estatales de salud,13,251,261,512,Santa Cruz
8469,Programas o planes estatales de salud,14,266,290,556,Santa Cruz
8470,Programas o planes estatales de salud,15,256,282,538,Santa Cruz
8471,Programas o planes estatales de salud,16,274,249,523,Santa Cruz
8472,Programas o planes estatales de salud,17,261,220,481,Santa Cruz
8473,Programas o planes estatales de salud,18,227,224,451,Santa Cruz
8474,Programas o planes estatales de salud,19,228,236,464,Santa Cruz
8475,Programas o planes estatales de salud,20,228,176,404,Santa Cruz
8476,Programas o planes estatales de salud,21,319,183,502,Santa Cruz
8477,Programas o planes estatales de salud,22,327,250,577,Santa Cruz
8478,Programas o planes estatales de salud,23,409,214,623,Santa Cruz
8479,Programas o planes estatales de salud,24,372,221,593,Santa Cruz
8480,Programas o planes estatales de salud,25,398,243,641,Santa Cruz
8481,Programas o planes estatales de salud,26,376,252,628,Santa Cruz
8482,Programas o planes estatales de salud,27,407,234,641,Santa Cruz
8483,Programas o planes estatales de salud,28,376,241,617,Santa Cruz
8484,Programas o planes estatales de salud,29,363,213,576,Santa Cruz
8485,Programas o planes estatales de salud,30,348,217,565,Santa Cruz
8486,Programas o planes estatales de salud,31,323,202,525,Santa Cruz
8487,Programas o planes estatales de salud,32,325,198,523,Santa Cruz
8488,Programas o planes estatales de salud,33,320,189,509,Santa Cruz
8489,Programas o planes estatales de salud,34,253,198,451,Santa Cruz
8490,Programas o planes estatales de salud,35,291,182,473,Santa Cruz
8491,Programas o planes estatales de salud,36,294,171,465,Santa Cruz
8492,Programas o planes estatales de salud,37,230,171,401,Santa Cruz
8493,Programas o planes estatales de salud,38,239,186,425,Santa Cruz
8494,Programas o planes estatales de salud,39,269,177,446,Santa Cruz
8495,Programas o planes estatales de salud,40,245,202,447,Santa Cruz
8496,Programas o planes estatales de salud,41,236,166,402,Santa Cruz
8497,Programas o planes estatales de salud,42,233,184,417,Santa Cruz
8498,Programas o planes estatales de salud,43,215,167,382,Santa Cruz
8499,Programas o planes estatales de salud,44,209,164,373,Santa Cruz
8500,Programas o planes estatales de salud,45,194,147,341,Santa Cruz
8501,Programas o planes estatales de salud,46,192,127,319,Santa Cruz
8502,Programas o planes estatales de salud,47,188,128,316,Santa Cruz
8503,Programas o planes estatales de salud,48,179,130,309,Santa Cruz
8504,Programas o planes estatales de salud,49,176,134,310,Santa Cruz
8505,Programas o planes estatales de salud,50,186,142,328,Santa Cruz
8506,Programas o planes estatales de salud,51,147,122,269,Santa Cruz
8507,Programas o planes estatales de salud,52,150,110,260,Santa Cruz
8508,Programas o planes estatales de salud,53,164,112,276,Santa Cruz
8509,Programas o planes estatales de salud,54,147,96,243,Santa Cruz
8510,Programas o planes estatales de salud,55,145,107,252,Santa Cruz
8511,Programas o planes estatales de salud,56,118,104,222,Santa Cruz
8512,Programas o planes estatales de salud,57,140,98,238,Santa Cruz
8513,Programas o planes estatales de salud,58,115,101,216,Santa Cruz
8514,Programas o planes estatales de salud,59,110,102,212,Santa Cruz
8515,Programas o planes estatales de salud,60,98,97,195,Santa Cruz
8516,Programas o planes estatales de salud,61,83,103,186,Santa Cruz
8517,Programas o planes estatales de salud,62,84,83,167,Santa Cruz
8518,Programas o planes estatales de salud,63,60,84,144,Santa Cruz
8519,Programas o planes estatales de salud,64,65,67,132,Santa Cruz
8520,Programas o planes estatales de salud,65,53,52,105,Santa Cruz
8521,Programas o planes estatales de salud,66,43,38,81,Santa Cruz
8522,Programas o planes estatales de salud,67,27,34,61,Santa Cruz
8523,Programas o planes estatales de salud,68,44,30,74,Santa Cruz
8524,Programas o planes estatales de salud,69,28,20,48,Santa Cruz
8525,Programas o planes estatales de salud,70,21,16,37,Santa Cruz
8526,Programas o planes estatales de salud,71,24,15,39,Santa Cruz
8527,Programas o planes estatales de salud,72,31,14,45,Santa Cruz
8528,Programas o planes estatales de salud,73,26,16,42,Santa Cruz
8529,Programas o planes estatales de salud,74,23,7,30,Santa Cruz
8530,Programas o planes estatales de salud,75,10,14,24,Santa Cruz
8531,Programas o planes estatales de salud,76,19,10,29,Santa Cruz
8532,Programas o planes estatales de salud,77,11,7,18,Santa Cruz
8533,Programas o planes estatales de salud,78,16,7,23,Santa Cruz
8534,Programas o planes estatales de salud,79,20,5,25,Santa Cruz
8535,Programas o planes estatales de salud,80,16,10,26,Santa Cruz
8536,Programas o planes estatales de salud,81,9,4,13,Santa Cruz
8537,Programas o planes estatales de salud,82,8,2,10,Santa Cruz
8538,Programas o planes estatales de salud,83,6,5,11,Santa Cruz
8539,Programas o planes estatales de salud,84,13,5,18,Santa Cruz
8540,Programas o planes estatales de salud,85,4,4,8,Santa Cruz
8541,Programas o planes estatales de salud,86,3,3,6,Santa Cruz
8542,Programas o planes estatales de salud,87,2,6,8,Santa Cruz
8543,Programas o planes estatales de salud,88,5,-,5,Santa Cruz
8544,Programas o planes estatales de salud,89,3,3,6,Santa Cruz
8545,Programas o planes estatales de salud,90,4,4,8,Santa Cruz
8546,Programas o planes estatales de salud,91,4,5,9,Santa Cruz
8547,Programas o planes estatales de salud,92,2,2,4,Santa Cruz
8548,Programas o planes estatales de salud,93,-,2,2,Santa Cruz
8549,Programas o planes estatales de salud,94,1,1,2,Santa Cruz
8550,Programas o planes estatales de salud,95,2,-,2,Santa Cruz
8551,Programas o planes estatales de salud,96,2,-,2,Santa Cruz
8552,Programas o planes estatales de salud,97,-,1,1,Santa Cruz
8554,"No tiene obra social, prepaga ni plan estatal",,Mujer/Femenino,Varón/Masculino,Total,Santa Cruz
8555,"No tiene obra social, prepaga ni plan estatal",0,349,289,638,Santa Cruz
8556,"No tiene obra social, prepaga ni plan estatal",1,322,325,647,Santa Cruz
8557,"No tiene obra social, prepaga ni plan estatal",2,367,358,725,Santa Cruz
8558,"No tiene obra social, prepaga ni plan estatal",3,351,384,735,Santa Cruz
8559,"No tiene obra social, prepaga ni plan estatal",4,415,403,818,Santa Cruz
8560,"No tiene obra social, prepaga ni plan estatal",5,420,390,810,Santa Cruz
8561,"No tiene obra social, prepaga ni plan estatal",6,393,386,779,Santa Cruz
8562,"No tiene obra social, prepaga ni plan estatal",7,421,427,848,Santa Cruz
8563,"No tiene obra social, prepaga ni plan estatal",8,387,424,811,Santa Cruz
8564,"No tiene obra social, prepaga ni plan estatal",9,361,368,729,Santa Cruz
8565,"No tiene obra social, prepaga ni plan estatal",10,363,385,748,Santa Cruz
8566,"No tiene obra social, prepaga ni plan estatal",11,385,383,768,Santa Cruz
8567,"No tiene obra social, prepaga ni plan estatal",12,354,357,711,Santa Cruz
8568,"No tiene obra social, prepaga ni plan estatal",13,377,359,736,Santa Cruz
8569,"No tiene obra social, prepaga ni plan estatal",14,365,369,734,Santa Cruz
8570,"No tiene obra social, prepaga ni plan estatal",15,374,357,731,Santa Cruz
8571,"No tiene obra social, prepaga ni plan estatal",16,335,386,721,Santa Cruz
8572,"No tiene obra social, prepaga ni plan estatal",17,364,414,778,Santa Cruz
8573,"No tiene obra social, prepaga ni plan estatal",18,486,536,1022,Santa Cruz
8574,"No tiene obra social, prepaga ni plan estatal",19,534,587,1121,Santa Cruz
8575,"No tiene obra social, prepaga ni plan estatal",20,601,735,1336,Santa Cruz
8576,"No tiene obra social, prepaga ni plan estatal",21,853,1046,1899,Santa Cruz
8577,"No tiene obra social, prepaga ni plan estatal",22,896,1100,1996,Santa Cruz
8578,"No tiene obra social, prepaga ni plan estatal",23,888,1054,1942,Santa Cruz
8579,"No tiene obra social, prepaga ni plan estatal",24,938,1183,2121,Santa Cruz
8580,"No tiene obra social, prepaga ni plan estatal",25,888,1103,1991,Santa Cruz
8581,"No tiene obra social, prepaga ni plan estatal",26,853,981,1834,Santa Cruz
8582,"No tiene obra social, prepaga ni plan estatal",27,861,1008,1869,Santa Cruz
8583,"No tiene obra social, prepaga ni plan estatal",28,686,871,1557,Santa Cruz
8584,"No tiene obra social, prepaga ni plan estatal",29,644,790,1434,Santa Cruz
8585,"No tiene obra social, prepaga ni plan estatal",30,666,788,1454,Santa Cruz
8586,"No tiene obra social, prepaga ni plan estatal",31,595,674,1269,Santa Cruz
8587,"No tiene obra social, prepaga ni plan estatal",32,504,649,1153,Santa Cruz
8588,"No tiene obra social, prepaga ni plan estatal",33,467,624,1091,Santa Cruz
8589,"No tiene obra social, prepaga ni plan estatal",34,478,579,1057,Santa Cruz
8590,"No tiene obra social, prepaga ni plan estatal",35,419,540,959,Santa Cruz
8591,"No tiene obra social, prepaga ni plan estatal",36,437,485,922,Santa Cruz
8592,"No tiene obra social, prepaga ni plan estatal",37,377,512,889,Santa Cruz
8593,"No tiene obra social, prepaga ni plan estatal",38,364,466,830,Santa Cruz
8594,"No tiene obra social, prepaga ni plan estatal",39,372,459,831,Santa Cruz
8595,"No tiene obra social, prepaga ni plan estatal",40,376,454,830,Santa Cruz
8596,"No tiene obra social, prepaga ni plan estatal",41,349,438,787,Santa Cruz
8597,"No tiene obra social, prepaga ni plan estatal",42,341,444,785,Santa Cruz
8598,"No tiene obra social, prepaga ni plan estatal",43,335,427,762,Santa Cruz
8599,"No tiene obra social, prepaga ni plan estatal",44,325,340,665,Santa Cruz
8600,"No tiene obra social, prepaga ni plan estatal",45,275,377,652,Santa Cruz
8601,"No tiene obra social, prepaga ni plan estatal",46,316,353,669,Santa Cruz
8602,"No tiene obra social, prepaga ni plan estatal",47,294,366,660,Santa Cruz
8603,"No tiene obra social, prepaga ni plan estatal",48,236,299,535,Santa Cruz
8604,"No tiene obra social, prepaga ni plan estatal",49,245,304,549,Santa Cruz
8605,"No tiene obra social, prepaga ni plan estatal",50,228,336,564,Santa Cruz
8606,"No tiene obra social, prepaga ni plan estatal",51,196,249,445,Santa Cruz
8607,"No tiene obra social, prepaga ni plan estatal",52,233,265,498,Santa Cruz
8608,"No tiene obra social, prepaga ni plan estatal",53,197,231,428,Santa Cruz
8609,"No tiene obra social, prepaga ni plan estatal",54,168,226,394,Santa Cruz
8610,"No tiene obra social, prepaga ni plan estatal",55,182,238,420,Santa Cruz
8611,"No tiene obra social, prepaga ni plan estatal",56,181,208,389,Santa Cruz
8612,"No tiene obra social, prepaga ni plan estatal",57,158,227,385,Santa Cruz
8613,"No tiene obra social, prepaga ni plan estatal",58,163,204,367,Santa Cruz
8614,"No tiene obra social, prepaga ni plan estatal",59,151,195,346,Santa Cruz
8615,"No tiene obra social, prepaga ni plan estatal",60,95,162,257,Santa Cruz
8616,"No tiene obra social, prepaga ni plan estatal",61,77,153,230,Santa Cruz
8617,"No tiene obra social, prepaga ni plan estatal",62,76,153,229,Santa Cruz
8618,"No tiene obra social, prepaga ni plan estatal",63,60,126,186,Santa Cruz
8619,"No tiene obra social, prepaga ni plan estatal",64,40,111,151,Santa Cruz
8620,"No tiene obra social, prepaga ni plan estatal",65,35,77,112,Santa Cruz
8621,"No tiene obra social, prepaga ni plan estatal",66,27,48,75,Santa Cruz
8622,"No tiene obra social, prepaga ni plan estatal",67,21,41,62,Santa Cruz
8623,"No tiene obra social, prepaga ni plan estatal",68,20,38,58,Santa Cruz
8624,"No tiene obra social, prepaga ni plan estatal",69,15,28,43,Santa Cruz
8625,"No tiene obra social, prepaga ni plan estatal",70,8,17,25,Santa Cruz
8626,"No tiene obra social, prepaga ni plan estatal",71,10,15,25,Santa Cruz
8627,"No tiene obra social, prepaga ni plan estatal",72,11,12,23,Santa Cruz
8628,"No tiene obra social, prepaga ni plan estatal",73,10,13,23,Santa Cruz
8629,"No tiene obra social, prepaga ni plan estatal",74,18,13,31,Santa Cruz
8630,"No tiene obra social, prepaga ni plan estatal",75,14,7,21,Santa Cruz
8631,"No tiene obra social, prepaga ni plan estatal",76,8,16,24,Santa Cruz
8632,"No tiene obra social, prepaga ni plan estatal",77,9,12,21,Santa Cruz
8633,"No tiene obra social, prepaga ni plan estatal",78,5,7,12,Santa Cruz
8634,"No tiene obra social, prepaga ni plan estatal",79,5,4,9,Santa Cruz
8635,"No tiene obra social, prepaga ni plan estatal",80,8,10,18,Santa Cruz
8636,"No tiene obra social, prepaga ni plan estatal",81,5,5,10,Santa Cruz
8637,"No tiene obra social, prepaga ni plan estatal",82,7,6,13,Santa Cruz
8638,"No tiene obra social, prepaga ni plan estatal",83,3,3,6,Santa Cruz
8639,"No tiene obra social, prepaga ni plan estatal",84,6,1,7,Santa Cruz
8640,"No tiene obra social, prepaga ni plan estatal",85,2,3,5,Santa Cruz
8641,"No tiene obra social, prepaga ni plan estatal",86,11,2,13,Santa Cruz
8642,"No tiene obra social, prepaga ni plan estatal",87,1,5,6,Santa Cruz
8643,"No tiene obra social, prepaga ni plan estatal",88,4,2,6,Santa Cruz
8644,"No tiene obra social, prepaga ni plan estatal",89,3,2,5,Santa Cruz
8645,"No tiene obra social, prepaga ni plan estatal",90,-,2,2,Santa Cruz
8646,"No tiene obra social, prepaga ni plan estatal",91,4,1,5,Santa Cruz
8647,"No tiene obra social, prepaga ni plan estatal",92,6,2,8,Santa Cruz
8648,"No tiene obra social, prepaga ni plan estatal",93,3,3,6,Santa Cruz
8649,"No tiene obra social, prepaga ni plan estatal",94,6,3,9,Santa Cruz
8650,"No tiene obra social, prepaga ni plan estatal",95,-,3,3,Santa Cruz
8651,"No tiene obra social, prepaga ni plan estatal",96,1,2,3,Santa Cruz
8652,"No tiene obra social, prepaga ni plan estatal",97,-,1,1,Santa Cruz
8653,"No tiene obra social, prepaga ni plan estatal",98,4,2,6,Santa Cruz
8654,"No tiene obra social, prepaga ni plan estatal",99,-,1,1,Santa Cruz
8655,"No tiene obra social, prepaga ni plan estatal",108,-,1,1,Santa Cruz
8765,AREA # 82,Santa Fe,,,,Santa Fe
8766,AREA # 82,,,,,Santa Fe
8767,Cobertura de salud,Edad,Sexo registrado al nacer,,,Santa Fe
8768,Obra social o prepaga (incluye PAMI),,Mujer/Femenino,Varón/Masculino,Total,Santa Fe
8769,Obra social o prepaga (incluye PAMI),0,10520,10826,21346,Santa Fe
8770,Obra social o prepaga (incluye PAMI),1,10736,10986,21722,Santa Fe
8771,Obra social o prepaga (incluye PAMI),2,11968,12418,24386,Santa Fe
8772,Obra social o prepaga (incluye PAMI),3,13280,13330,26610,Santa Fe
8773,Obra social o prepaga (incluye PAMI),4,14120,14534,28654,Santa Fe
8774,Obra social o prepaga (incluye PAMI),5,14838,15113,29951,Santa Fe
8775,Obra social o prepaga (incluye PAMI),6,14962,15543,30505,Santa Fe
8776,Obra social o prepaga (incluye PAMI),7,15793,16428,32221,Santa Fe
8777,Obra social o prepaga (incluye PAMI),8,15257,15752,31009,Santa Fe
8778,Obra social o prepaga (incluye PAMI),9,15240,15554,30794,Santa Fe
8779,Obra social o prepaga (incluye PAMI),10,14666,15389,30055,Santa Fe
8780,Obra social o prepaga (incluye PAMI),11,15270,15825,31095,Santa Fe
8781,Obra social o prepaga (incluye PAMI),12,15059,15708,30767,Santa Fe
8782,Obra social o prepaga (incluye PAMI),13,15079,15714,30793,Santa Fe
8783,Obra social o prepaga (incluye PAMI),14,14640,15253,29893,Santa Fe
8784,Obra social o prepaga (incluye PAMI),15,14667,15435,30102,Santa Fe
8785,Obra social o prepaga (incluye PAMI),16,14562,15035,29597,Santa Fe
8786,Obra social o prepaga (incluye PAMI),17,15228,15303,30531,Santa Fe
8787,Obra social o prepaga (incluye PAMI),18,14911,14861,29772,Santa Fe
8788,Obra social o prepaga (incluye PAMI),19,14887,15101,29988,Santa Fe
8789,Obra social o prepaga (incluye PAMI),20,13715,13882,27597,Santa Fe
8790,Obra social o prepaga (incluye PAMI),21,12399,12647,25046,Santa Fe
8791,Obra social o prepaga (incluye PAMI),22,12576,12854,25430,Santa Fe
8792,Obra social o prepaga (incluye PAMI),23,12543,12947,25490,Santa Fe
8793,Obra social o prepaga (incluye PAMI),24,12909,13333,26242,Santa Fe
8794,Obra social o prepaga (incluye PAMI),25,13426,13690,27116,Santa Fe
8795,Obra social o prepaga (incluye PAMI),26,13818,13781,27599,Santa Fe
8796,Obra social o prepaga (incluye PAMI),27,14610,14524,29134,Santa Fe
8797,Obra social o prepaga (incluye PAMI),28,15023,14624,29647,Santa Fe
8798,Obra social o prepaga (incluye PAMI),29,15663,14923,30586,Santa Fe
8799,Obra social o prepaga (incluye PAMI),30,17169,16239,33408,Santa Fe
8800,Obra social o prepaga (incluye PAMI),31,17371,16317,33688,Santa Fe
8801,Obra social o prepaga (incluye PAMI),32,16818,16079,32897,Santa Fe
8802,Obra social o prepaga (incluye PAMI),33,16900,15872,32772,Santa Fe
8803,Obra social o prepaga (incluye PAMI),34,17150,15994,33144,Santa Fe
8804,Obra social o prepaga (incluye PAMI),35,18151,17054,35205,Santa Fe
8805,Obra social o prepaga (incluye PAMI),36,17783,17021,34804,Santa Fe
8806,Obra social o prepaga (incluye PAMI),37,17923,16721,34644,Santa Fe
8807,Obra social o prepaga (incluye PAMI),38,17436,16890,34326,Santa Fe
8808,Obra social o prepaga (incluye PAMI),39,18134,17560,35694,Santa Fe
8809,Obra social o prepaga (incluye PAMI),40,18711,17987,36698,Santa Fe
8810,Obra social o prepaga (incluye PAMI),41,17970,17040,35010,Santa Fe
8811,Obra social o prepaga (incluye PAMI),42,19446,17992,37438,Santa Fe
8812,Obra social o prepaga (incluye PAMI),43,18391,17517,35908,Santa Fe
8813,Obra social o prepaga (incluye PAMI),44,17915,17001,34916,Santa Fe
8814,Obra social o prepaga (incluye PAMI),45,17628,16322,33950,Santa Fe
8815,Obra social o prepaga (incluye PAMI),46,15853,14993,30846,Santa Fe
8816,Obra social o prepaga (incluye PAMI),47,15600,14444,30044,Santa Fe
8817,Obra social o prepaga (incluye PAMI),48,14651,13539,28190,Santa Fe
8818,Obra social o prepaga (incluye PAMI),49,14678,13412,28090,Santa Fe
8819,Obra social o prepaga (incluye PAMI),50,14755,13175,27930,Santa Fe
8820,Obra social o prepaga (incluye PAMI),51,14079,12521,26600,Santa Fe
8821,Obra social o prepaga (incluye PAMI),52,13697,12161,25858,Santa Fe
8822,Obra social o prepaga (incluye PAMI),53,13147,11674,24821,Santa Fe
8823,Obra social o prepaga (incluye PAMI),54,13066,11164,24230,Santa Fe
8824,Obra social o prepaga (incluye PAMI),55,12942,11521,24463,Santa Fe
8825,Obra social o prepaga (incluye PAMI),56,13382,11717,25099,Santa Fe
8826,Obra social o prepaga (incluye PAMI),57,13760,11633,25393,Santa Fe
8827,Obra social o prepaga (incluye PAMI),58,13444,11587,25031,Santa Fe
8828,Obra social o prepaga (incluye PAMI),59,13604,11646,25250,Santa Fe
8829,Obra social o prepaga (incluye PAMI),60,14158,11469,25627,Santa Fe
8830,Obra social o prepaga (incluye PAMI),61,14321,10929,25250,Santa Fe
8831,Obra social o prepaga (incluye PAMI),62,15511,11139,26650,Santa Fe
8832,Obra social o prepaga (incluye PAMI),63,14924,10529,25453,Santa Fe
8833,Obra social o prepaga (incluye PAMI),64,15038,10636,25674,Santa Fe
8834,Obra social o prepaga (incluye PAMI),65,15546,11806,27352,Santa Fe
8835,Obra social o prepaga (incluye PAMI),66,14532,11794,26326,Santa Fe
8836,Obra social o prepaga (incluye PAMI),67,15036,12127,27163,Santa Fe
8837,Obra social o prepaga (incluye PAMI),68,14058,11497,25555,Santa Fe
8838,Obra social o prepaga (incluye PAMI),69,14055,11528,25583,Santa Fe
8839,Obra social o prepaga (incluye PAMI),70,13837,11163,25000,Santa Fe
8840,Obra social o prepaga (incluye PAMI),71,13264,10398,23662,Santa Fe
8841,Obra social o prepaga (incluye PAMI),72,13067,10261,23328,Santa Fe
8842,Obra social o prepaga (incluye PAMI),73,12233,9209,21442,Santa Fe
8843,Obra social o prepaga (incluye PAMI),74,11851,8571,20422,Santa Fe
8844,Obra social o prepaga (incluye PAMI),75,11296,8133,19429,Santa Fe
8845,Obra social o prepaga (incluye PAMI),76,10646,7446,18092,Santa Fe
8846,Obra social o prepaga (incluye PAMI),77,10122,6897,17019,Santa Fe
8847,Obra social o prepaga (incluye PAMI),78,9483,6168,15651,Santa Fe
8848,Obra social o prepaga (incluye PAMI),79,8505,5383,13888,Santa Fe
8849,Obra social o prepaga (incluye PAMI),80,8011,4894,12905,Santa Fe
8850,Obra social o prepaga (incluye PAMI),81,7592,4389,11981,Santa Fe
8851,Obra social o prepaga (incluye PAMI),82,7234,4174,11408,Santa Fe
8852,Obra social o prepaga (incluye PAMI),83,6293,3622,9915,Santa Fe
8853,Obra social o prepaga (incluye PAMI),84,5743,3128,8871,Santa Fe
8854,Obra social o prepaga (incluye PAMI),85,5166,2588,7754,Santa Fe
8855,Obra social o prepaga (incluye PAMI),86,4503,2230,6733,Santa Fe
8856,Obra social o prepaga (incluye PAMI),87,4012,1837,5849,Santa Fe
8857,Obra social o prepaga (incluye PAMI),88,3433,1547,4980,Santa Fe
8858,Obra social o prepaga (incluye PAMI),89,2880,1198,4078,Santa Fe
8859,Obra social o prepaga (incluye PAMI),90,2667,1025,3692,Santa Fe
8860,Obra social o prepaga (incluye PAMI),91,2095,851,2946,Santa Fe
8861,Obra social o prepaga (incluye PAMI),92,1789,629,2418,Santa Fe
8862,Obra social o prepaga (incluye PAMI),93,1377,463,1840,Santa Fe
8863,Obra social o prepaga (incluye PAMI),94,975,311,1286,Santa Fe
8864,Obra social o prepaga (incluye PAMI),95,752,238,990,Santa Fe
8865,Obra social o prepaga (incluye PAMI),96,532,157,689,Santa Fe
8866,Obra social o prepaga (incluye PAMI),97,411,143,554,Santa Fe
8867,Obra social o prepaga (incluye PAMI),98,299,79,378,Santa Fe
8868,Obra social o prepaga (incluye PAMI),99,235,57,292,Santa Fe
8869,Obra social o prepaga (incluye PAMI),100,86,23,109,Santa Fe
8870,Obra social o prepaga (incluye PAMI),101,56,12,68,Santa Fe
8871,Obra social o prepaga (incluye PAMI),102,51,14,65,Santa Fe
8872,Obra social o prepaga (incluye PAMI),103,35,10,45,Santa Fe
8873,Obra social o prepaga (incluye PAMI),104,9,3,12,Santa Fe
8874,Obra social o prepaga (incluye PAMI),105,2,5,7,Santa Fe
8875,Obra social o prepaga (incluye PAMI),106,7,1,8,Santa Fe
8876,Obra social o prepaga (incluye PAMI),107,3,1,4,Santa Fe
8877,Obra social o prepaga (incluye PAMI),108,4,1,5,Santa Fe
8878,Obra social o prepaga (incluye PAMI),109,7,2,9,Santa Fe
8879,Obra social o prepaga (incluye PAMI),110,5,1,6,Santa Fe
8881,Programas o planes estatales de salud,,Mujer/Femenino,Varón/Masculino,Total,Santa Fe
8882,Programas o planes estatales de salud,0,599,593,1192,Santa Fe
8883,Programas o planes estatales de salud,1,553,551,1104,Santa Fe
8884,Programas o planes estatales de salud,2,636,602,1238,Santa Fe
8885,Programas o planes estatales de salud,3,688,715,1403,Santa Fe
8886,Programas o planes estatales de salud,4,691,688,1379,Santa Fe
8887,Programas o planes estatales de salud,5,800,830,1630,Santa Fe
8888,Programas o planes estatales de salud,6,784,824,1608,Santa Fe
8889,Programas o planes estatales de salud,7,805,840,1645,Santa Fe
8890,Programas o planes estatales de salud,8,830,797,1627,Santa Fe
8891,Programas o planes estatales de salud,9,836,834,1670,Santa Fe
8892,Programas o planes estatales de salud,10,817,806,1623,Santa Fe
8893,Programas o planes estatales de salud,11,832,796,1628,Santa Fe
8894,Programas o planes estatales de salud,12,849,926,1775,Santa Fe
8895,Programas o planes estatales de salud,13,772,856,1628,Santa Fe
8896,Programas o planes estatales de salud,14,835,801,1636,Santa Fe
8897,Programas o planes estatales de salud,15,743,851,1594,Santa Fe
8898,Programas o planes estatales de salud,16,730,827,1557,Santa Fe
8899,Programas o planes estatales de salud,17,760,739,1499,Santa Fe
8900,Programas o planes estatales de salud,18,744,793,1537,Santa Fe
8901,Programas o planes estatales de salud,19,800,731,1531,Santa Fe
8902,Programas o planes estatales de salud,20,694,691,1385,Santa Fe
8903,Programas o planes estatales de salud,21,677,636,1313,Santa Fe
8904,Programas o planes estatales de salud,22,728,616,1344,Santa Fe
8905,Programas o planes estatales de salud,23,714,662,1376,Santa Fe
8906,Programas o planes estatales de salud,24,728,719,1447,Santa Fe
8907,Programas o planes estatales de salud,25,752,688,1440,Santa Fe
8908,Programas o planes estatales de salud,26,767,733,1500,Santa Fe
8909,Programas o planes estatales de salud,27,860,847,1707,Santa Fe
8910,Programas o planes estatales de salud,28,891,763,1654,Santa Fe
8911,Programas o planes estatales de salud,29,857,761,1618,Santa Fe
8912,Programas o planes estatales de salud,30,975,767,1742,Santa Fe
8913,Programas o planes estatales de salud,31,899,773,1672,Santa Fe
8914,Programas o planes estatales de salud,32,764,748,1512,Santa Fe
8915,Programas o planes estatales de salud,33,810,716,1526,Santa Fe
8916,Programas o planes estatales de salud,34,789,725,1514,Santa Fe
8917,Programas o planes estatales de salud,35,812,779,1591,Santa Fe
8918,Programas o planes estatales de salud,36,804,787,1591,Santa Fe
8919,Programas o planes estatales de salud,37,908,720,1628,Santa Fe
8920,Programas o planes estatales de salud,38,826,784,1610,Santa Fe
8921,Programas o planes estatales de salud,39,845,798,1643,Santa Fe
8922,Programas o planes estatales de salud,40,860,847,1707,Santa Fe
8923,Programas o planes estatales de salud,41,832,727,1559,Santa Fe
8924,Programas o planes estatales de salud,42,885,843,1728,Santa Fe
8925,Programas o planes estatales de salud,43,917,798,1715,Santa Fe
8926,Programas o planes estatales de salud,44,911,739,1650,Santa Fe
8927,Programas o planes estatales de salud,45,831,732,1563,Santa Fe
8928,Programas o planes estatales de salud,46,811,651,1462,Santa Fe
8929,Programas o planes estatales de salud,47,781,626,1407,Santa Fe
8930,Programas o planes estatales de salud,48,737,587,1324,Santa Fe
8931,Programas o planes estatales de salud,49,804,594,1398,Santa Fe
8932,Programas o planes estatales de salud,50,743,616,1359,Santa Fe
8933,Programas o planes estatales de salud,51,721,573,1294,Santa Fe
8934,Programas o planes estatales de salud,52,711,541,1252,Santa Fe
8935,Programas o planes estatales de salud,53,695,568,1263,Santa Fe
8936,Programas o planes estatales de salud,54,651,555,1206,Santa Fe
8937,Programas o planes estatales de salud,55,617,572,1189,Santa Fe
8938,Programas o planes estatales de salud,56,648,527,1175,Santa Fe
8939,Programas o planes estatales de salud,57,649,519,1168,Santa Fe
8940,Programas o planes estatales de salud,58,674,534,1208,Santa Fe
8941,Programas o planes estatales de salud,59,632,577,1209,Santa Fe
8942,Programas o planes estatales de salud,60,611,501,1112,Santa Fe
8943,Programas o planes estatales de salud,61,454,494,948,Santa Fe
8944,Programas o planes estatales de salud,62,446,472,918,Santa Fe
8945,Programas o planes estatales de salud,63,401,459,860,Santa Fe
8946,Programas o planes estatales de salud,64,282,400,682,Santa Fe
8947,Programas o planes estatales de salud,65,330,345,675,Santa Fe
8948,Programas o planes estatales de salud,66,232,245,477,Santa Fe
8949,Programas o planes estatales de salud,67,243,212,455,Santa Fe
8950,Programas o planes estatales de salud,68,193,184,377,Santa Fe
8951,Programas o planes estatales de salud,69,198,179,377,Santa Fe
8952,Programas o planes estatales de salud,70,235,165,400,Santa Fe
8953,Programas o planes estatales de salud,71,178,138,316,Santa Fe
8954,Programas o planes estatales de salud,72,184,134,318,Santa Fe
8955,Programas o planes estatales de salud,73,174,111,285,Santa Fe
8956,Programas o planes estatales de salud,74,127,109,236,Santa Fe
8957,Programas o planes estatales de salud,75,123,90,213,Santa Fe
8958,Programas o planes estatales de salud,76,85,75,160,Santa Fe
8959,Programas o planes estatales de salud,77,124,98,222,Santa Fe
8960,Programas o planes estatales de salud,78,99,65,164,Santa Fe
8961,Programas o planes estatales de salud,79,101,57,158,Santa Fe
8962,Programas o planes estatales de salud,80,89,72,161,Santa Fe
8963,Programas o planes estatales de salud,81,65,55,120,Santa Fe
8964,Programas o planes estatales de salud,82,75,39,114,Santa Fe
8965,Programas o planes estatales de salud,83,61,34,95,Santa Fe
8966,Programas o planes estatales de salud,84,49,33,82,Santa Fe
8967,Programas o planes estatales de salud,85,52,41,93,Santa Fe
8968,Programas o planes estatales de salud,86,43,24,67,Santa Fe
8969,Programas o planes estatales de salud,87,34,22,56,Santa Fe
8970,Programas o planes estatales de salud,88,35,11,46,Santa Fe
8971,Programas o planes estatales de salud,89,41,15,56,Santa Fe
8972,Programas o planes estatales de salud,90,25,8,33,Santa Fe
8973,Programas o planes estatales de salud,91,18,12,30,Santa Fe
8974,Programas o planes estatales de salud,92,14,8,22,Santa Fe
8975,Programas o planes estatales de salud,93,14,3,17,Santa Fe
8976,Programas o planes estatales de salud,94,4,10,14,Santa Fe
8977,Programas o planes estatales de salud,95,4,3,7,Santa Fe
8978,Programas o planes estatales de salud,96,4,3,7,Santa Fe
8979,Programas o planes estatales de salud,97,6,2,8,Santa Fe
8980,Programas o planes estatales de salud,98,7,1,8,Santa Fe
8981,Programas o planes estatales de salud,99,6,2,8,Santa Fe
8982,Programas o planes estatales de salud,100,-,1,1,Santa Fe
8983,Programas o planes estatales de salud,102,-,1,1,Santa Fe
8984,Programas o planes estatales de salud,105,2,-,2,Santa Fe
8985,Programas o planes estatales de salud,107,-,1,1,Santa Fe
8986,Programas o planes estatales de salud,108,1,-,1,Santa Fe
8987,Programas o planes estatales de salud,109,2,-,2,Santa Fe
8988,Programas o planes estatales de salud,110,-,1,1,Santa Fe
8990,"No tiene obra social, prepaga ni plan estatal",,Mujer/Femenino,Varón/Masculino,Total,Santa Fe
8991,"No tiene obra social, prepaga ni plan estatal",0,8536,8658,17194,Santa Fe
8992,"No tiene obra social, prepaga ni plan estatal",1,7770,8003,15773,Santa Fe
8993,"No tiene obra social, prepaga ni plan estatal",2,8576,8674,17250,Santa Fe
8994,"No tiene obra social, prepaga ni plan estatal",3,9360,9552,18912,Santa Fe
8995,"No tiene obra social, prepaga ni plan estatal",4,9525,10070,19595,Santa Fe
8996,"No tiene obra social, prepaga ni plan estatal",5,10114,10225,20339,Santa Fe
8997,"No tiene obra social, prepaga ni plan estatal",6,10245,10675,20920,Santa Fe
8998,"No tiene obra social, prepaga ni plan estatal",7,10970,11251,22221,Santa Fe
8999,"No tiene obra social, prepaga ni plan estatal",8,10380,10648,21028,Santa Fe
9000,"No tiene obra social, prepaga ni plan estatal",9,9972,10343,20315,Santa Fe
9001,"No tiene obra social, prepaga ni plan estatal",10,9699,9944,19643,Santa Fe
9002,"No tiene obra social, prepaga ni plan estatal",11,9876,10325,20201,Santa Fe
9003,"No tiene obra social, prepaga ni plan estatal",12,9927,10210,20137,Santa Fe
9004,"No tiene obra social, prepaga ni plan estatal",13,9978,10280,20258,Santa Fe
9005,"No tiene obra social, prepaga ni plan estatal",14,9556,10017,19573,Santa Fe
9006,"No tiene obra social, prepaga ni plan estatal",15,9326,9704,19030,Santa Fe
9007,"No tiene obra social, prepaga ni plan estatal",16,9339,9572,18911,Santa Fe
9008,"No tiene obra social, prepaga ni plan estatal",17,9660,10095,19755,Santa Fe
9009,"No tiene obra social, prepaga ni plan estatal",18,10805,11030,21835,Santa Fe
9010,"No tiene obra social, prepaga ni plan estatal",19,11612,11286,22898,Santa Fe
9011,"No tiene obra social, prepaga ni plan estatal",20,10281,9730,20011,Santa Fe
9012,"No tiene obra social, prepaga ni plan estatal",21,12189,11384,23573,Santa Fe
9013,"No tiene obra social, prepaga ni plan estatal",22,13639,12355,25994,Santa Fe
9014,"No tiene obra social, prepaga ni plan estatal",23,13443,12038,25481,Santa Fe
9015,"No tiene obra social, prepaga ni plan estatal",24,13066,11677,24743,Santa Fe
9016,"No tiene obra social, prepaga ni plan estatal",25,13218,11715,24933,Santa Fe
9017,"No tiene obra social, prepaga ni plan estatal",26,12709,11589,24298,Santa Fe
9018,"No tiene obra social, prepaga ni plan estatal",27,12808,11118,23926,Santa Fe
9019,"No tiene obra social, prepaga ni plan estatal",28,11834,10531,22365,Santa Fe
9020,"No tiene obra social, prepaga ni plan estatal",29,11352,10282,21634,Santa Fe
9021,"No tiene obra social, prepaga ni plan estatal",30,11474,10613,22087,Santa Fe
9022,"No tiene obra social, prepaga ni plan estatal",31,10855,10061,20916,Santa Fe
9023,"No tiene obra social, prepaga ni plan estatal",32,9896,9210,19106,Santa Fe
9024,"No tiene obra social, prepaga ni plan estatal",33,9239,8713,17952,Santa Fe
9025,"No tiene obra social, prepaga ni plan estatal",34,8520,8324,16844,Santa Fe
9026,"No tiene obra social, prepaga ni plan estatal",35,8749,8492,17241,Santa Fe
9027,"No tiene obra social, prepaga ni plan estatal",36,8386,8009,16395,Santa Fe
9028,"No tiene obra social, prepaga ni plan estatal",37,7700,7645,15345,Santa Fe
9029,"No tiene obra social, prepaga ni plan estatal",38,7677,7523,15200,Santa Fe
9030,"No tiene obra social, prepaga ni plan estatal",39,8042,7914,15956,Santa Fe
9031,"No tiene obra social, prepaga ni plan estatal",40,8187,7847,16034,Santa Fe
9032,"No tiene obra social, prepaga ni plan estatal",41,7530,7269,14799,Santa Fe
9033,"No tiene obra social, prepaga ni plan estatal",42,8146,7924,16070,Santa Fe
9034,"No tiene obra social, prepaga ni plan estatal",43,7640,7364,15004,Santa Fe
9035,"No tiene obra social, prepaga ni plan estatal",44,7092,6926,14018,Santa Fe
9036,"No tiene obra social, prepaga ni plan estatal",45,6668,6616,13284,Santa Fe
9037,"No tiene obra social, prepaga ni plan estatal",46,6062,5923,11985,Santa Fe
9038,"No tiene obra social, prepaga ni plan estatal",47,6154,5928,12082,Santa Fe
9039,"No tiene obra social, prepaga ni plan estatal",48,5721,5762,11483,Santa Fe
9040,"No tiene obra social, prepaga ni plan estatal",49,5668,5741,11409,Santa Fe
9041,"No tiene obra social, prepaga ni plan estatal",50,5613,5622,11235,Santa Fe
9042,"No tiene obra social, prepaga ni plan estatal",51,5228,5295,10523,Santa Fe
9043,"No tiene obra social, prepaga ni plan estatal",52,5083,5207,10290,Santa Fe
9044,"No tiene obra social, prepaga ni plan estatal",53,4604,4785,9389,Santa Fe
9045,"No tiene obra social, prepaga ni plan estatal",54,4519,4630,9149,Santa Fe
9046,"No tiene obra social, prepaga ni plan estatal",55,4523,4647,9170,Santa Fe
9047,"No tiene obra social, prepaga ni plan estatal",56,4459,4694,9153,Santa Fe
9048,"No tiene obra social, prepaga ni plan estatal",57,4359,4636,8995,Santa Fe
9049,"No tiene obra social, prepaga ni plan estatal",58,4181,4509,8690,Santa Fe
9050,"No tiene obra social, prepaga ni plan estatal",59,4202,4373,8575,Santa Fe
9051,"No tiene obra social, prepaga ni plan estatal",60,3255,4107,7362,Santa Fe
9052,"No tiene obra social, prepaga ni plan estatal",61,2328,3757,6085,Santa Fe
9053,"No tiene obra social, prepaga ni plan estatal",62,1631,3587,5218,Santa Fe
9054,"No tiene obra social, prepaga ni plan estatal",63,1164,3253,4417,Santa Fe
9055,"No tiene obra social, prepaga ni plan estatal",64,942,3112,4054,Santa Fe
9056,"No tiene obra social, prepaga ni plan estatal",65,676,2226,2902,Santa Fe
9057,"No tiene obra social, prepaga ni plan estatal",66,416,1063,1479,Santa Fe
9058,"No tiene obra social, prepaga ni plan estatal",67,368,805,1173,Santa Fe
9059,"No tiene obra social, prepaga ni plan estatal",68,335,600,935,Santa Fe
9060,"No tiene obra social, prepaga ni plan estatal",69,327,436,763,Santa Fe
9061,"No tiene obra social, prepaga ni plan estatal",70,326,301,627,Santa Fe
9062,"No tiene obra social, prepaga ni plan estatal",71,258,230,488,Santa Fe
9063,"No tiene obra social, prepaga ni plan estatal",72,244,208,452,Santa Fe
9064,"No tiene obra social, prepaga ni plan estatal",73,176,194,370,Santa Fe
9065,"No tiene obra social, prepaga ni plan estatal",74,189,170,359,Santa Fe
9066,"No tiene obra social, prepaga ni plan estatal",75,146,165,311,Santa Fe
9067,"No tiene obra social, prepaga ni plan estatal",76,140,131,271,Santa Fe
9068,"No tiene obra social, prepaga ni plan estatal",77,120,101,221,Santa Fe
9069,"No tiene obra social, prepaga ni plan estatal",78,127,93,220,Santa Fe
9070,"No tiene obra social, prepaga ni plan estatal",79,123,109,232,Santa Fe
9071,"No tiene obra social, prepaga ni plan estatal",80,114,94,208,Santa Fe
9072,"No tiene obra social, prepaga ni plan estatal",81,93,87,180,Santa Fe
9073,"No tiene obra social, prepaga ni plan estatal",82,94,64,158,Santa Fe
9074,"No tiene obra social, prepaga ni plan estatal",83,75,56,131,Santa Fe
9075,"No tiene obra social, prepaga ni plan estatal",84,69,41,110,Santa Fe
9076,"No tiene obra social, prepaga ni plan estatal",85,72,34,106,Santa Fe
9077,"No tiene obra social, prepaga ni plan estatal",86,62,43,105,Santa Fe
9078,"No tiene obra social, prepaga ni plan estatal",87,41,30,71,Santa Fe
9079,"No tiene obra social, prepaga ni plan estatal",88,34,36,70,Santa Fe
9080,"No tiene obra social, prepaga ni plan estatal",89,48,34,82,Santa Fe
9081,"No tiene obra social, prepaga ni plan estatal",90,52,46,98,Santa Fe
9082,"No tiene obra social, prepaga ni plan estatal",91,39,28,67,Santa Fe
9083,"No tiene obra social, prepaga ni plan estatal",92,45,44,89,Santa Fe
9084,"No tiene obra social, prepaga ni plan estatal",93,40,23,63,Santa Fe
9085,"No tiene obra social, prepaga ni plan estatal",94,34,34,68,Santa Fe
9086,"No tiene obra social, prepaga ni plan estatal",95,35,32,67,Santa Fe
9087,"No tiene obra social, prepaga ni plan estatal",96,36,32,68,Santa Fe
9088,"No tiene obra social, prepaga ni plan estatal",97,31,25,56,Santa Fe
9089,"No tiene obra social, prepaga ni plan estatal",98,31,30,61,Santa Fe
9090,"No tiene obra social, prepaga ni plan estatal",99,29,24,53,Santa Fe
9091,"No tiene obra social, prepaga ni plan estatal",100,2,2,4,Santa Fe
9092,"No tiene obra social, prepaga ni plan estatal",101,3,-,3,Santa Fe
9093,"No tiene obra social, prepaga ni plan estatal",102,7,5,12,Santa Fe
9094,"No tiene obra social, prepaga ni plan estatal",103,6,3,9,Santa Fe
9095,"No tiene obra social, prepaga ni plan estatal",104,1,-,1,Santa Fe
9096,"No tiene obra social, prepaga ni plan estatal",105,1,-,1,Santa Fe
9097,"No tiene obra social, prepaga ni plan estatal",106,2,-,2,Santa Fe
9098,"No tiene obra social, prepaga ni plan estatal",107,1,-,1,Santa Fe
9099,"No tiene obra social, prepaga ni plan estatal",109,3,-,3,Santa Fe
9100,"No tiene obra social, prepaga ni plan estatal",110,1,-,1,Santa Fe
9216,AREA # 86,Santiago del Estero,,,,Santiago del Estero
9217,AREA # 86,,,,,Santiago del Estero
9218,Cobertura de salud,Edad,Sexo registrado al nacer,,,Santiago del Estero
9219,Obra social o prepaga (incluye PAMI),,Mujer/Femenino,Varón/Masculino,Total,Santiago del Estero
9220,Obra social o prepaga (incluye PAMI),0,1570,1659,3229,Santiago del Estero
9221,Obra social o prepaga (incluye PAMI),1,1688,1766,3454,Santiago del Estero
9222,Obra social o prepaga (incluye PAMI),2,1976,2132,4108,Santiago del Estero
9223,Obra social o prepaga (incluye PAMI),3,2397,2515,4912,Santiago del Estero
9224,Obra social o prepaga (incluye PAMI),4,2508,2660,5168,Santiago del Estero
9225,Obra social o prepaga (incluye PAMI),5,2681,2768,5449,Santiago del Estero
9226,Obra social o prepaga (incluye PAMI),6,2777,2816,5593,Santiago del Estero
9227,Obra social o prepaga (incluye PAMI),7,3012,3133,6145,Santiago del Estero
9228,Obra social o prepaga (incluye PAMI),8,2822,2972,5794,Santiago del Estero
9229,Obra social o prepaga (incluye PAMI),9,2859,2970,5829,Santiago del Estero
9230,Obra social o prepaga (incluye PAMI),10,2988,3092,6080,Santiago del Estero
9231,Obra social o prepaga (incluye PAMI),11,3101,3302,6403,Santiago del Estero
9232,Obra social o prepaga (incluye PAMI),12,3052,3236,6288,Santiago del Estero
9233,Obra social o prepaga (incluye PAMI),13,3194,3208,6402,Santiago del Estero
9234,Obra social o prepaga (incluye PAMI),14,3053,2944,5997,Santiago del Estero
9235,Obra social o prepaga (incluye PAMI),15,2938,3004,5942,Santiago del Estero
9236,Obra social o prepaga (incluye PAMI),16,2993,3075,6068,Santiago del Estero
9237,Obra social o prepaga (incluye PAMI),17,3238,3285,6523,Santiago del Estero
9238,Obra social o prepaga (incluye PAMI),18,2486,2505,4991,Santiago del Estero
9239,Obra social o prepaga (incluye PAMI),19,2292,2209,4501,Santiago del Estero
9240,Obra social o prepaga (incluye PAMI),20,2119,2046,4165,Santiago del Estero
9241,Obra social o prepaga (incluye PAMI),21,1987,1734,3721,Santiago del Estero
9242,Obra social o prepaga (incluye PAMI),22,1940,1799,3739,Santiago del Estero
9243,Obra social o prepaga (incluye PAMI),23,1820,1948,3768,Santiago del Estero
9244,Obra social o prepaga (incluye PAMI),24,1778,1897,3675,Santiago del Estero
9245,Obra social o prepaga (incluye PAMI),25,1774,1945,3719,Santiago del Estero
9246,Obra social o prepaga (incluye PAMI),26,1885,1963,3848,Santiago del Estero
9247,Obra social o prepaga (incluye PAMI),27,2154,2200,4354,Santiago del Estero
9248,Obra social o prepaga (incluye PAMI),28,2080,2346,4426,Santiago del Estero
9249,Obra social o prepaga (incluye PAMI),29,2344,2470,4814,Santiago del Estero
9250,Obra social o prepaga (incluye PAMI),30,2837,2507,5344,Santiago del Estero
9251,Obra social o prepaga (incluye PAMI),31,2756,2543,5299,Santiago del Estero
9252,Obra social o prepaga (incluye PAMI),32,2662,2577,5239,Santiago del Estero
9253,Obra social o prepaga (incluye PAMI),33,2708,2592,5300,Santiago del Estero
9254,Obra social o prepaga (incluye PAMI),34,2765,2505,5270,Santiago del Estero
9255,Obra social o prepaga (incluye PAMI),35,2938,2784,5722,Santiago del Estero
9256,Obra social o prepaga (incluye PAMI),36,2991,2697,5688,Santiago del Estero
9257,Obra social o prepaga (incluye PAMI),37,2917,2648,5565,Santiago del Estero
9258,Obra social o prepaga (incluye PAMI),38,2908,2626,5534,Santiago del Estero
9259,Obra social o prepaga (incluye PAMI),39,3286,2741,6027,Santiago del Estero
9260,Obra social o prepaga (incluye PAMI),40,3460,3097,6557,Santiago del Estero
9261,Obra social o prepaga (incluye PAMI),41,3222,2928,6150,Santiago del Estero
9262,Obra social o prepaga (incluye PAMI),42,3429,3231,6660,Santiago del Estero
9263,Obra social o prepaga (incluye PAMI),43,3420,2992,6412,Santiago del Estero
9264,Obra social o prepaga (incluye PAMI),44,3412,2934,6346,Santiago del Estero
9265,Obra social o prepaga (incluye PAMI),45,3219,2820,6039,Santiago del Estero
9266,Obra social o prepaga (incluye PAMI),46,2974,2650,5624,Santiago del Estero
9267,Obra social o prepaga (incluye PAMI),47,3109,2684,5793,Santiago del Estero
9268,Obra social o prepaga (incluye PAMI),48,2768,2503,5271,Santiago del Estero
9269,Obra social o prepaga (incluye PAMI),49,2936,2304,5240,Santiago del Estero
9270,Obra social o prepaga (incluye PAMI),50,2861,2335,5196,Santiago del Estero
9271,Obra social o prepaga (incluye PAMI),51,2621,2202,4823,Santiago del Estero
9272,Obra social o prepaga (incluye PAMI),52,2494,2266,4760,Santiago del Estero
9273,Obra social o prepaga (incluye PAMI),53,2469,2158,4627,Santiago del Estero
9274,Obra social o prepaga (incluye PAMI),54,2541,2166,4707,Santiago del Estero
9275,Obra social o prepaga (incluye PAMI),55,2415,2011,4426,Santiago del Estero
9276,Obra social o prepaga (incluye PAMI),56,2396,2111,4507,Santiago del Estero
9277,Obra social o prepaga (incluye PAMI),57,2460,2035,4495,Santiago del Estero
9278,Obra social o prepaga (incluye PAMI),58,2427,2074,4501,Santiago del Estero
9279,Obra social o prepaga (incluye PAMI),59,2402,2135,4537,Santiago del Estero
9280,Obra social o prepaga (incluye PAMI),60,2480,2078,4558,Santiago del Estero
9281,Obra social o prepaga (incluye PAMI),61,2651,1899,4550,Santiago del Estero
9282,Obra social o prepaga (incluye PAMI),62,2861,1953,4814,Santiago del Estero
9283,Obra social o prepaga (incluye PAMI),63,2730,1979,4709,Santiago del Estero
9284,Obra social o prepaga (incluye PAMI),64,3147,2033,5180,Santiago del Estero
9285,Obra social o prepaga (incluye PAMI),65,3459,2204,5663,Santiago del Estero
9286,Obra social o prepaga (incluye PAMI),66,3275,2514,5789,Santiago del Estero
9287,Obra social o prepaga (incluye PAMI),67,3240,2661,5901,Santiago del Estero
9288,Obra social o prepaga (incluye PAMI),68,3103,2624,5727,Santiago del Estero
9289,Obra social o prepaga (incluye PAMI),69,2975,2611,5586,Santiago del Estero
9290,Obra social o prepaga (incluye PAMI),70,2816,2696,5512,Santiago del Estero
9291,Obra social o prepaga (incluye PAMI),71,2670,2457,5127,Santiago del Estero
9292,Obra social o prepaga (incluye PAMI),72,2554,2252,4806,Santiago del Estero
9293,Obra social o prepaga (incluye PAMI),73,2308,2081,4389,Santiago del Estero
9294,Obra social o prepaga (incluye PAMI),74,2194,1905,4099,Santiago del Estero
9295,Obra social o prepaga (incluye PAMI),75,2081,1664,3745,Santiago del Estero
9296,Obra social o prepaga (incluye PAMI),76,2074,1490,3564,Santiago del Estero
9297,Obra social o prepaga (incluye PAMI),77,1842,1354,3196,Santiago del Estero
9298,Obra social o prepaga (incluye PAMI),78,1807,1206,3013,Santiago del Estero
9299,Obra social o prepaga (incluye PAMI),79,1564,1160,2724,Santiago del Estero
9300,Obra social o prepaga (incluye PAMI),80,1447,965,2412,Santiago del Estero
9301,Obra social o prepaga (incluye PAMI),81,1374,871,2245,Santiago del Estero
9302,Obra social o prepaga (incluye PAMI),82,1397,852,2249,Santiago del Estero
9303,Obra social o prepaga (incluye PAMI),83,1069,617,1686,Santiago del Estero
9304,Obra social o prepaga (incluye PAMI),84,997,593,1590,Santiago del Estero
9305,Obra social o prepaga (incluye PAMI),85,920,449,1369,Santiago del Estero
9306,Obra social o prepaga (incluye PAMI),86,806,417,1223,Santiago del Estero
9307,Obra social o prepaga (incluye PAMI),87,660,378,1038,Santiago del Estero
9308,Obra social o prepaga (incluye PAMI),88,563,267,830,Santiago del Estero
9309,Obra social o prepaga (incluye PAMI),89,592,273,865,Santiago del Estero
9310,Obra social o prepaga (incluye PAMI),90,396,199,595,Santiago del Estero
9311,Obra social o prepaga (incluye PAMI),91,406,173,579,Santiago del Estero
9312,Obra social o prepaga (incluye PAMI),92,331,143,474,Santiago del Estero
9313,Obra social o prepaga (incluye PAMI),93,241,109,350,Santiago del Estero
9314,Obra social o prepaga (incluye PAMI),94,191,66,257,Santiago del Estero
9315,Obra social o prepaga (incluye PAMI),95,166,40,206,Santiago del Estero
9316,Obra social o prepaga (incluye PAMI),96,88,31,119,Santiago del Estero
9317,Obra social o prepaga (incluye PAMI),97,63,36,99,Santiago del Estero
9318,Obra social o prepaga (incluye PAMI),98,60,18,78,Santiago del Estero
9319,Obra social o prepaga (incluye PAMI),99,36,12,48,Santiago del Estero
9320,Obra social o prepaga (incluye PAMI),100,15,5,20,Santiago del Estero
9321,Obra social o prepaga (incluye PAMI),101,22,2,24,Santiago del Estero
9322,Obra social o prepaga (incluye PAMI),102,16,8,24,Santiago del Estero
9323,Obra social o prepaga (incluye PAMI),103,10,9,19,Santiago del Estero
9324,Obra social o prepaga (incluye PAMI),104,2,1,3,Santiago del Estero
9325,Obra social o prepaga (incluye PAMI),105,3,2,5,Santiago del Estero
9326,Obra social o prepaga (incluye PAMI),106,2,1,3,Santiago del Estero
9327,Obra social o prepaga (incluye PAMI),108,1,1,2,Santiago del Estero
9328,Obra social o prepaga (incluye PAMI),109,1,2,3,Santiago del Estero
9329,Obra social o prepaga (incluye PAMI),110,1,1,2,Santiago del Estero
9331,Programas o planes estatales de salud,,Mujer/Femenino,Varón/Masculino,Total,Santiago del Estero
9332,Programas o planes estatales de salud,0,176,155,331,Santiago del Estero
9333,Programas o planes estatales de salud,1,198,172,370,Santiago del Estero
9334,Programas o planes estatales de salud,2,193,206,399,Santiago del Estero
9335,Programas o planes estatales de salud,3,231,236,467,Santiago del Estero
9336,Programas o planes estatales de salud,4,232,283,515,Santiago del Estero
9337,Programas o planes estatales de salud,5,244,244,488,Santiago del Estero
9338,Programas o planes estatales de salud,6,229,272,501,Santiago del Estero
9339,Programas o planes estatales de salud,7,251,283,534,Santiago del Estero
9340,Programas o planes estatales de salud,8,251,275,526,Santiago del Estero
9341,Programas o planes estatales de salud,9,274,277,551,Santiago del Estero
9342,Programas o planes estatales de salud,10,255,278,533,Santiago del Estero
9343,Programas o planes estatales de salud,11,293,312,605,Santiago del Estero
9344,Programas o planes estatales de salud,12,297,329,626,Santiago del Estero
9345,Programas o planes estatales de salud,13,318,299,617,Santiago del Estero
9346,Programas o planes estatales de salud,14,276,287,563,Santiago del Estero
9347,Programas o planes estatales de salud,15,278,313,591,Santiago del Estero
9348,Programas o planes estatales de salud,16,271,318,589,Santiago del Estero
9349,Programas o planes estatales de salud,17,304,335,639,Santiago del Estero
9350,Programas o planes estatales de salud,18,233,235,468,Santiago del Estero
9351,Programas o planes estatales de salud,19,239,259,498,Santiago del Estero
9352,Programas o planes estatales de salud,20,234,241,475,Santiago del Estero
9353,Programas o planes estatales de salud,21,251,241,492,Santiago del Estero
9354,Programas o planes estatales de salud,22,232,240,472,Santiago del Estero
9355,Programas o planes estatales de salud,23,240,270,510,Santiago del Estero
9356,Programas o planes estatales de salud,24,258,260,518,Santiago del Estero
9357,Programas o planes estatales de salud,25,254,290,544,Santiago del Estero
9358,Programas o planes estatales de salud,26,266,248,514,Santiago del Estero
9359,Programas o planes estatales de salud,27,297,267,564,Santiago del Estero
9360,Programas o planes estatales de salud,28,294,294,588,Santiago del Estero
9361,Programas o planes estatales de salud,29,282,302,584,Santiago del Estero
9362,Programas o planes estatales de salud,30,350,302,652,Santiago del Estero
9363,Programas o planes estatales de salud,31,346,289,635,Santiago del Estero
9364,Programas o planes estatales de salud,32,384,288,672,Santiago del Estero
9365,Programas o planes estatales de salud,33,325,310,635,Santiago del Estero
9366,Programas o planes estatales de salud,34,349,325,674,Santiago del Estero
9367,Programas o planes estatales de salud,35,336,301,637,Santiago del Estero
9368,Programas o planes estatales de salud,36,388,308,696,Santiago del Estero
9369,Programas o planes estatales de salud,37,365,295,660,Santiago del Estero
9370,Programas o planes estatales de salud,38,386,320,706,Santiago del Estero
9371,Programas o planes estatales de salud,39,431,382,813,Santiago del Estero
9372,Programas o planes estatales de salud,40,475,340,815,Santiago del Estero
9373,Programas o planes estatales de salud,41,412,342,754,Santiago del Estero
9374,Programas o planes estatales de salud,42,516,335,851,Santiago del Estero
9375,Programas o planes estatales de salud,43,487,387,874,Santiago del Estero
9376,Programas o planes estatales de salud,44,479,370,849,Santiago del Estero
9377,Programas o planes estatales de salud,45,467,363,830,Santiago del Estero
9378,Programas o planes estatales de salud,46,459,315,774,Santiago del Estero
9379,Programas o planes estatales de salud,47,440,344,784,Santiago del Estero
9380,Programas o planes estatales de salud,48,495,291,786,Santiago del Estero
9381,Programas o planes estatales de salud,49,479,308,787,Santiago del Estero
9382,Programas o planes estatales de salud,50,449,335,784,Santiago del Estero
9383,Programas o planes estatales de salud,51,442,270,712,Santiago del Estero
9384,Programas o planes estatales de salud,52,417,288,705,Santiago del Estero
9385,Programas o planes estatales de salud,53,455,290,745,Santiago del Estero
9386,Programas o planes estatales de salud,54,405,285,690,Santiago del Estero
9387,Programas o planes estatales de salud,55,448,301,749,Santiago del Estero
9388,Programas o planes estatales de salud,56,430,321,751,Santiago del Estero
9389,Programas o planes estatales de salud,57,454,333,787,Santiago del Estero
9390,Programas o planes estatales de salud,58,413,274,687,Santiago del Estero
9391,Programas o planes estatales de salud,59,414,284,698,Santiago del Estero
9392,Programas o planes estatales de salud,60,388,335,723,Santiago del Estero
9393,Programas o planes estatales de salud,61,344,296,640,Santiago del Estero
9394,Programas o planes estatales de salud,62,283,311,594,Santiago del Estero
9395,Programas o planes estatales de salud,63,300,264,564,Santiago del Estero
9396,Programas o planes estatales de salud,64,260,299,559,Santiago del Estero
9397,Programas o planes estatales de salud,65,158,220,378,Santiago del Estero
9398,Programas o planes estatales de salud,66,83,161,244,Santiago del Estero
9399,Programas o planes estatales de salud,67,81,120,201,Santiago del Estero
9400,Programas o planes estatales de salud,68,56,125,181,Santiago del Estero
9401,Programas o planes estatales de salud,69,62,106,168,Santiago del Estero
9402,Programas o planes estatales de salud,70,57,76,133,Santiago del Estero
9403,Programas o planes estatales de salud,71,57,57,114,Santiago del Estero
9404,Programas o planes estatales de salud,72,44,44,88,Santiago del Estero
9405,Programas o planes estatales de salud,73,36,40,76,Santiago del Estero
9406,Programas o planes estatales de salud,74,47,40,87,Santiago del Estero
9407,Programas o planes estatales de salud,75,37,33,70,Santiago del Estero
9408,Programas o planes estatales de salud,76,36,27,63,Santiago del Estero
9409,Programas o planes estatales de salud,77,31,28,59,Santiago del Estero
9410,Programas o planes estatales de salud,78,21,28,49,Santiago del Estero
9411,Programas o planes estatales de salud,79,28,20,48,Santiago del Estero
9412,Programas o planes estatales de salud,80,16,13,29,Santiago del Estero
9413,Programas o planes estatales de salud,81,13,12,25,Santiago del Estero
9414,Programas o planes estatales de salud,82,12,15,27,Santiago del Estero
9415,Programas o planes estatales de salud,83,15,7,22,Santiago del Estero
9416,Programas o planes estatales de salud,84,6,5,11,Santiago del Estero
9417,Programas o planes estatales de salud,85,3,9,12,Santiago del Estero
9418,Programas o planes estatales de salud,86,11,7,18,Santiago del Estero
9419,Programas o planes estatales de salud,87,13,8,21,Santiago del Estero
9420,Programas o planes estatales de salud,88,7,3,10,Santiago del Estero
9421,Programas o planes estatales de salud,89,6,6,12,Santiago del Estero
9422,Programas o planes estatales de salud,90,5,3,8,Santiago del Estero
9423,Programas o planes estatales de salud,91,3,4,7,Santiago del Estero
9424,Programas o planes estatales de salud,92,5,8,13,Santiago del Estero
9425,Programas o planes estatales de salud,93,3,1,4,Santiago del Estero
9426,Programas o planes estatales de salud,94,6,1,7,Santiago del Estero
9427,Programas o planes estatales de salud,96,1,2,3,Santiago del Estero
9428,Programas o planes estatales de salud,97,5,3,8,Santiago del Estero
9429,Programas o planes estatales de salud,98,1,-,1,Santiago del Estero
9430,Programas o planes estatales de salud,99,2,1,3,Santiago del Estero
9431,Programas o planes estatales de salud,100,-,1,1,Santiago del Estero
9432,Programas o planes estatales de salud,101,2,1,3,Santiago del Estero
9433,Programas o planes estatales de salud,102,-,1,1,Santiago del Estero
9434,Programas o planes estatales de salud,103,2,1,3,Santiago del Estero
9435,Programas o planes estatales de salud,106,-,1,1,Santiago del Estero
9436,Programas o planes estatales de salud,107,1,-,1,Santiago del Estero
9437,Programas o planes estatales de salud,110,-,1,1,Santiago del Estero
9439,"No tiene obra social, prepaga ni plan estatal",,Mujer/Femenino,Varón/Masculino,Total,Santiago del Estero
9440,"No tiene obra social, prepaga ni plan estatal",0,5432,5535,10967,Santiago del Estero
9441,"No tiene obra social, prepaga ni plan estatal",1,4908,5124,10032,Santiago del Estero
9442,"No tiene obra social, prepaga ni plan estatal",2,5679,5696,11375,Santiago del Estero
9443,"No tiene obra social, prepaga ni plan estatal",3,6385,6559,12944,Santiago del Estero
9444,"No tiene obra social, prepaga ni plan estatal",4,6207,6214,12421,Santiago del Estero
9445,"No tiene obra social, prepaga ni plan estatal",5,5968,6181,12149,Santiago del Estero
9446,"No tiene obra social, prepaga ni plan estatal",6,6089,6120,12209,Santiago del Estero
9447,"No tiene obra social, prepaga ni plan estatal",7,6549,6803,13352,Santiago del Estero
9448,"No tiene obra social, prepaga ni plan estatal",8,6103,5984,12087,Santiago del Estero
9449,"No tiene obra social, prepaga ni plan estatal",9,5898,6142,12040,Santiago del Estero
9450,"No tiene obra social, prepaga ni plan estatal",10,5949,5985,11934,Santiago del Estero
9451,"No tiene obra social, prepaga ni plan estatal",11,6123,6374,12497,Santiago del Estero
9452,"No tiene obra social, prepaga ni plan estatal",12,6254,6314,12568,Santiago del Estero
9453,"No tiene obra social, prepaga ni plan estatal",13,6358,6494,12852,Santiago del Estero
9454,"No tiene obra social, prepaga ni plan estatal",14,5576,5555,11131,Santiago del Estero
9455,"No tiene obra social, prepaga ni plan estatal",15,5454,5674,11128,Santiago del Estero
9456,"No tiene obra social, prepaga ni plan estatal",16,5580,5790,11370,Santiago del Estero
9457,"No tiene obra social, prepaga ni plan estatal",17,6281,6331,12612,Santiago del Estero
9458,"No tiene obra social, prepaga ni plan estatal",18,6322,6514,12836,Santiago del Estero
9459,"No tiene obra social, prepaga ni plan estatal",19,6805,6825,13630,Santiago del Estero
9460,"No tiene obra social, prepaga ni plan estatal",20,6835,6527,13362,Santiago del Estero
9461,"No tiene obra social, prepaga ni plan estatal",21,7374,7264,14638,Santiago del Estero
9462,"No tiene obra social, prepaga ni plan estatal",22,7934,7633,15567,Santiago del Estero
9463,"No tiene obra social, prepaga ni plan estatal",23,7347,7034,14381,Santiago del Estero
9464,"No tiene obra social, prepaga ni plan estatal",24,7414,6859,14273,Santiago del Estero
9465,"No tiene obra social, prepaga ni plan estatal",25,7637,6987,14624,Santiago del Estero
9466,"No tiene obra social, prepaga ni plan estatal",26,7318,6554,13872,Santiago del Estero
9467,"No tiene obra social, prepaga ni plan estatal",27,7005,6424,13429,Santiago del Estero
9468,"No tiene obra social, prepaga ni plan estatal",28,6372,5806,12178,Santiago del Estero
9469,"No tiene obra social, prepaga ni plan estatal",29,6193,5966,12159,Santiago del Estero
9470,"No tiene obra social, prepaga ni plan estatal",30,6165,5631,11796,Santiago del Estero
9471,"No tiene obra social, prepaga ni plan estatal",31,5337,5087,10424,Santiago del Estero
9472,"No tiene obra social, prepaga ni plan estatal",32,4792,4615,9407,Santiago del Estero
9473,"No tiene obra social, prepaga ni plan estatal",33,4732,4363,9095,Santiago del Estero
9474,"No tiene obra social, prepaga ni plan estatal",34,4419,4137,8556,Santiago del Estero
9475,"No tiene obra social, prepaga ni plan estatal",35,4379,4367,8746,Santiago del Estero
9476,"No tiene obra social, prepaga ni plan estatal",36,4237,4243,8480,Santiago del Estero
9477,"No tiene obra social, prepaga ni plan estatal",37,4007,4031,8038,Santiago del Estero
9478,"No tiene obra social, prepaga ni plan estatal",38,3805,3902,7707,Santiago del Estero
9479,"No tiene obra social, prepaga ni plan estatal",39,4066,4077,8143,Santiago del Estero
9480,"No tiene obra social, prepaga ni plan estatal",40,4058,3975,8033,Santiago del Estero
9481,"No tiene obra social, prepaga ni plan estatal",41,3696,3728,7424,Santiago del Estero
9482,"No tiene obra social, prepaga ni plan estatal",42,3787,3958,7745,Santiago del Estero
9483,"No tiene obra social, prepaga ni plan estatal",43,3543,3702,7245,Santiago del Estero
9484,"No tiene obra social, prepaga ni plan estatal",44,3388,3515,6903,Santiago del Estero
9485,"No tiene obra social, prepaga ni plan estatal",45,3152,3327,6479,Santiago del Estero
9486,"No tiene obra social, prepaga ni plan estatal",46,2776,3177,5953,Santiago del Estero
9487,"No tiene obra social, prepaga ni plan estatal",47,2770,3184,5954,Santiago del Estero
9488,"No tiene obra social, prepaga ni plan estatal",48,2470,2836,5306,Santiago del Estero
9489,"No tiene obra social, prepaga ni plan estatal",49,2469,2804,5273,Santiago del Estero
9490,"No tiene obra social, prepaga ni plan estatal",50,2272,2687,4959,Santiago del Estero
9491,"No tiene obra social, prepaga ni plan estatal",51,2039,2341,4380,Santiago del Estero
9492,"No tiene obra social, prepaga ni plan estatal",52,1819,2219,4038,Santiago del Estero
9493,"No tiene obra social, prepaga ni plan estatal",53,1733,2145,3878,Santiago del Estero
9494,"No tiene obra social, prepaga ni plan estatal",54,1676,2170,3846,Santiago del Estero
9495,"No tiene obra social, prepaga ni plan estatal",55,1588,1895,3483,Santiago del Estero
9496,"No tiene obra social, prepaga ni plan estatal",56,1602,1968,3570,Santiago del Estero
9497,"No tiene obra social, prepaga ni plan estatal",57,1474,1965,3439,Santiago del Estero
9498,"No tiene obra social, prepaga ni plan estatal",58,1338,1788,3126,Santiago del Estero
9499,"No tiene obra social, prepaga ni plan estatal",59,1363,1684,3047,Santiago del Estero
9500,"No tiene obra social, prepaga ni plan estatal",60,1257,1629,2886,Santiago del Estero
9501,"No tiene obra social, prepaga ni plan estatal",61,977,1523,2500,Santiago del Estero
9502,"No tiene obra social, prepaga ni plan estatal",62,841,1530,2371,Santiago del Estero
9503,"No tiene obra social, prepaga ni plan estatal",63,656,1337,1993,Santiago del Estero
9504,"No tiene obra social, prepaga ni plan estatal",64,521,1355,1876,Santiago del Estero
9505,"No tiene obra social, prepaga ni plan estatal",65,350,1105,1455,Santiago del Estero
9506,"No tiene obra social, prepaga ni plan estatal",66,185,607,792,Santiago del Estero
9507,"No tiene obra social, prepaga ni plan estatal",67,148,443,591,Santiago del Estero
9508,"No tiene obra social, prepaga ni plan estatal",68,123,321,444,Santiago del Estero
9509,"No tiene obra social, prepaga ni plan estatal",69,121,256,377,Santiago del Estero
9510,"No tiene obra social, prepaga ni plan estatal",70,125,180,305,Santiago del Estero
9511,"No tiene obra social, prepaga ni plan estatal",71,107,121,228,Santiago del Estero
9512,"No tiene obra social, prepaga ni plan estatal",72,112,101,213,Santiago del Estero
9513,"No tiene obra social, prepaga ni plan estatal",73,72,85,157,Santiago del Estero
9514,"No tiene obra social, prepaga ni plan estatal",74,79,89,168,Santiago del Estero
9515,"No tiene obra social, prepaga ni plan estatal",75,69,66,135,Santiago del Estero
9516,"No tiene obra social, prepaga ni plan estatal",76,52,64,116,Santiago del Estero
9517,"No tiene obra social, prepaga ni plan estatal",77,54,53,107,Santiago del Estero
9518,"No tiene obra social, prepaga ni plan estatal",78,60,49,109,Santiago del Estero
9519,"No tiene obra social, prepaga ni plan estatal",79,46,46,92,Santiago del Estero
9520,"No tiene obra social, prepaga ni plan estatal",80,33,37,70,Santiago del Estero
9521,"No tiene obra social, prepaga ni plan estatal",81,37,33,70,Santiago del Estero
9522,"No tiene obra social, prepaga ni plan estatal",82,51,33,84,Santiago del Estero
9523,"No tiene obra social, prepaga ni plan estatal",83,23,19,42,Santiago del Estero
9524,"No tiene obra social, prepaga ni plan estatal",84,29,23,52,Santiago del Estero
9525,"No tiene obra social, prepaga ni plan estatal",85,28,16,44,Santiago del Estero
9526,"No tiene obra social, prepaga ni plan estatal",86,33,19,52,Santiago del Estero
9527,"No tiene obra social, prepaga ni plan estatal",87,19,13,32,Santiago del Estero
9528,"No tiene obra social, prepaga ni plan estatal",88,22,19,41,Santiago del Estero
9529,"No tiene obra social, prepaga ni plan estatal",89,16,16,32,Santiago del Estero
9530,"No tiene obra social, prepaga ni plan estatal",90,24,17,41,Santiago del Estero
9531,"No tiene obra social, prepaga ni plan estatal",91,15,9,24,Santiago del Estero
9532,"No tiene obra social, prepaga ni plan estatal",92,15,21,36,Santiago del Estero
9533,"No tiene obra social, prepaga ni plan estatal",93,14,9,23,Santiago del Estero
9534,"No tiene obra social, prepaga ni plan estatal",94,12,8,20,Santiago del Estero
9535,"No tiene obra social, prepaga ni plan estatal",95,16,12,28,Santiago del Estero
9536,"No tiene obra social, prepaga ni plan estatal",96,6,8,14,Santiago del Estero
9537,"No tiene obra social, prepaga ni plan estatal",97,6,2,8,Santiago del Estero
9538,"No tiene obra social, prepaga ni plan estatal",98,7,5,12,Santiago del Estero
9539,"No tiene obra social, prepaga ni plan estatal",99,8,5,13,Santiago del Estero
9540,"No tiene obra social, prepaga ni plan estatal",100,2,2,4,Santiago del Estero
9541,"No tiene obra social, prepaga ni plan estatal",101,4,1,5,Santiago del Estero
9542,"No tiene obra social, prepaga ni plan estatal",102,4,1,5,Santiago del Estero
9543,"No tiene obra social, prepaga ni plan estatal",103,1,2,3,Santiago del Estero
9544,"No tiene obra social, prepaga ni plan estatal",104,2,-,2,Santiago del Estero
9545,"No tiene obra social, prepaga ni plan estatal",105,-,1,1,Santiago del Estero
9546,"No tiene obra social, prepaga ni plan estatal",107,1,-,1,Santiago del Estero
9662,AREA # 90,Tucumán,,,,Tucumán
9663,AREA # 90,,,,,Tucumán
9664,Cobertura de salud,Edad,Sexo registrado al nacer,,,Tucumán
9665,Obra social o prepaga (incluye PAMI),,Mujer/Femenino,Varón/Masculino,Total,Tucumán
9666,Obra social o prepaga (incluye PAMI),0,4741,4679,9420,Tucumán
9667,Obra social o prepaga (incluye PAMI),1,4896,5019,9915,Tucumán
9668,Obra social o prepaga (incluye PAMI),2,5674,5687,11361,Tucumán
9669,Obra social o prepaga (incluye PAMI),3,6461,6444,12905,Tucumán
9670,Obra social o prepaga (incluye PAMI),4,6565,7046,13611,Tucumán
9671,Obra social o prepaga (incluye PAMI),5,7084,7565,14649,Tucumán
9672,Obra social o prepaga (incluye PAMI),6,7235,7536,14771,Tucumán
9673,Obra social o prepaga (incluye PAMI),7,8150,8278,16428,Tucumán
9674,Obra social o prepaga (incluye PAMI),8,7862,8048,15910,Tucumán
9675,Obra social o prepaga (incluye PAMI),9,8138,8153,16291,Tucumán
9676,Obra social o prepaga (incluye PAMI),10,7917,8229,16146,Tucumán
9677,Obra social o prepaga (incluye PAMI),11,8397,8640,17037,Tucumán
9678,Obra social o prepaga (incluye PAMI),12,8293,8331,16624,Tucumán
9679,Obra social o prepaga (incluye PAMI),13,8147,8416,16563,Tucumán
9680,Obra social o prepaga (incluye PAMI),14,8097,8267,16364,Tucumán
9681,Obra social o prepaga (incluye PAMI),15,7994,8161,16155,Tucumán
9682,Obra social o prepaga (incluye PAMI),16,8050,8110,16160,Tucumán
9683,Obra social o prepaga (incluye PAMI),17,8316,8662,16978,Tucumán
9684,Obra social o prepaga (incluye PAMI),18,8173,8191,16364,Tucumán
9685,Obra social o prepaga (incluye PAMI),19,8668,8579,17247,Tucumán
9686,Obra social o prepaga (incluye PAMI),20,8153,7753,15906,Tucumán
9687,Obra social o prepaga (incluye PAMI),21,7321,6997,14318,Tucumán
9688,Obra social o prepaga (incluye PAMI),22,7140,6761,13901,Tucumán
9689,Obra social o prepaga (incluye PAMI),23,6705,6541,13246,Tucumán
9690,Obra social o prepaga (incluye PAMI),24,6600,6505,13105,Tucumán
9691,Obra social o prepaga (incluye PAMI),25,7075,6675,13750,Tucumán
9692,Obra social o prepaga (incluye PAMI),26,6779,6640,13419,Tucumán
9693,Obra social o prepaga (incluye PAMI),27,7193,6781,13974,Tucumán
9694,Obra social o prepaga (incluye PAMI),28,7079,6484,13563,Tucumán
9695,Obra social o prepaga (incluye PAMI),29,7457,6894,14351,Tucumán
9696,Obra social o prepaga (incluye PAMI),30,7566,6926,14492,Tucumán
9697,Obra social o prepaga (incluye PAMI),31,7136,6685,13821,Tucumán
9698,Obra social o prepaga (incluye PAMI),32,6699,6211,12910,Tucumán
9699,Obra social o prepaga (incluye PAMI),33,7188,6468,13656,Tucumán
9700,Obra social o prepaga (incluye PAMI),34,7220,6516,13736,Tucumán
9701,Obra social o prepaga (incluye PAMI),35,7742,6884,14626,Tucumán
9702,Obra social o prepaga (incluye PAMI),36,7509,6690,14199,Tucumán
9703,Obra social o prepaga (incluye PAMI),37,6927,6176,13103,Tucumán
9704,Obra social o prepaga (incluye PAMI),38,6984,6364,13348,Tucumán
9705,Obra social o prepaga (incluye PAMI),39,7802,6909,14711,Tucumán
9706,Obra social o prepaga (incluye PAMI),40,8391,7519,15910,Tucumán
9707,Obra social o prepaga (incluye PAMI),41,7865,7203,15068,Tucumán
9708,Obra social o prepaga (incluye PAMI),42,8718,7754,16472,Tucumán
9709,Obra social o prepaga (incluye PAMI),43,8772,7621,16393,Tucumán
9710,Obra social o prepaga (incluye PAMI),44,8444,7392,15836,Tucumán
9711,Obra social o prepaga (incluye PAMI),45,7388,6708,14096,Tucumán
9712,Obra social o prepaga (incluye PAMI),46,6999,6316,13315,Tucumán
9713,Obra social o prepaga (incluye PAMI),47,6873,6117,12990,Tucumán
9714,Obra social o prepaga (incluye PAMI),48,6494,5547,12041,Tucumán
9715,Obra social o prepaga (incluye PAMI),49,6472,5312,11784,Tucumán
9716,Obra social o prepaga (incluye PAMI),50,6240,5344,11584,Tucumán
9717,Obra social o prepaga (incluye PAMI),51,6091,5237,11328,Tucumán
9718,Obra social o prepaga (incluye PAMI),52,5912,5068,10980,Tucumán
9719,Obra social o prepaga (incluye PAMI),53,5541,4804,10345,Tucumán
9720,Obra social o prepaga (incluye PAMI),54,5581,4614,10195,Tucumán
9721,Obra social o prepaga (incluye PAMI),55,5403,4623,10026,Tucumán
9722,Obra social o prepaga (incluye PAMI),56,5613,4673,10286,Tucumán
9723,Obra social o prepaga (incluye PAMI),57,5780,4764,10544,Tucumán
9724,Obra social o prepaga (incluye PAMI),58,5517,4697,10214,Tucumán
9725,Obra social o prepaga (incluye PAMI),59,5732,4757,10489,Tucumán
9726,Obra social o prepaga (incluye PAMI),60,5630,4706,10336,Tucumán
9727,Obra social o prepaga (incluye PAMI),61,5732,4247,9979,Tucumán
9728,Obra social o prepaga (incluye PAMI),62,6397,4641,11038,Tucumán
9729,Obra social o prepaga (incluye PAMI),63,6347,4445,10792,Tucumán
9730,Obra social o prepaga (incluye PAMI),64,6702,4493,11195,Tucumán
9731,Obra social o prepaga (incluye PAMI),65,7186,5069,12255,Tucumán
9732,Obra social o prepaga (incluye PAMI),66,6778,5231,12009,Tucumán
9733,Obra social o prepaga (incluye PAMI),67,6740,5408,12148,Tucumán
9734,Obra social o prepaga (incluye PAMI),68,6260,5128,11388,Tucumán
9735,Obra social o prepaga (incluye PAMI),69,5932,4874,10806,Tucumán
9736,Obra social o prepaga (incluye PAMI),70,5811,4861,10672,Tucumán
9737,Obra social o prepaga (incluye PAMI),71,5251,4580,9831,Tucumán
9738,Obra social o prepaga (incluye PAMI),72,5194,4189,9383,Tucumán
9739,Obra social o prepaga (incluye PAMI),73,4832,3907,8739,Tucumán
9740,Obra social o prepaga (incluye PAMI),74,4614,3516,8130,Tucumán
9741,Obra social o prepaga (incluye PAMI),75,4106,2995,7101,Tucumán
9742,Obra social o prepaga (incluye PAMI),76,3480,2531,6011,Tucumán
9743,Obra social o prepaga (incluye PAMI),77,3414,2347,5761,Tucumán
9744,Obra social o prepaga (incluye PAMI),78,3253,2160,5413,Tucumán
9745,Obra social o prepaga (incluye PAMI),79,2896,1946,4842,Tucumán
9746,Obra social o prepaga (incluye PAMI),80,2850,1810,4660,Tucumán
9747,Obra social o prepaga (incluye PAMI),81,2396,1574,3970,Tucumán
9748,Obra social o prepaga (incluye PAMI),82,2439,1490,3929,Tucumán
9749,Obra social o prepaga (incluye PAMI),83,2078,1118,3196,Tucumán
9750,Obra social o prepaga (incluye PAMI),84,1752,947,2699,Tucumán
9751,Obra social o prepaga (incluye PAMI),85,1698,847,2545,Tucumán
9752,Obra social o prepaga (incluye PAMI),86,1535,692,2227,Tucumán
9753,Obra social o prepaga (incluye PAMI),87,1401,605,2006,Tucumán
9754,Obra social o prepaga (incluye PAMI),88,1086,507,1593,Tucumán
9755,Obra social o prepaga (incluye PAMI),89,1145,476,1621,Tucumán
9756,Obra social o prepaga (incluye PAMI),90,959,412,1371,Tucumán
9757,Obra social o prepaga (incluye PAMI),91,754,283,1037,Tucumán
9758,Obra social o prepaga (incluye PAMI),92,575,210,785,Tucumán
9759,Obra social o prepaga (incluye PAMI),93,445,171,616,Tucumán
9760,Obra social o prepaga (incluye PAMI),94,373,102,475,Tucumán
9761,Obra social o prepaga (incluye PAMI),95,261,84,345,Tucumán
9762,Obra social o prepaga (incluye PAMI),96,198,49,247,Tucumán
9763,Obra social o prepaga (incluye PAMI),97,136,55,191,Tucumán
9764,Obra social o prepaga (incluye PAMI),98,101,30,131,Tucumán
9765,Obra social o prepaga (incluye PAMI),99,79,16,95,Tucumán
9766,Obra social o prepaga (incluye PAMI),100,35,10,45,Tucumán
9767,Obra social o prepaga (incluye PAMI),101,16,6,22,Tucumán
9768,Obra social o prepaga (incluye PAMI),102,23,8,31,Tucumán
9769,Obra social o prepaga (incluye PAMI),103,18,4,22,Tucumán
9770,Obra social o prepaga (incluye PAMI),104,10,2,12,Tucumán
9771,Obra social o prepaga (incluye PAMI),105,10,3,13,Tucumán
9772,Obra social o prepaga (incluye PAMI),106,3,1,4,Tucumán
9773,Obra social o prepaga (incluye PAMI),107,1,2,3,Tucumán
9774,Obra social o prepaga (incluye PAMI),109,-,1,1,Tucumán
9775,Obra social o prepaga (incluye PAMI),110,3,2,5,Tucumán
9777,Programas o planes estatales de salud,,Mujer/Femenino,Varón/Masculino,Total,Tucumán
9778,Programas o planes estatales de salud,0,333,411,744,Tucumán
9779,Programas o planes estatales de salud,1,364,357,721,Tucumán
9780,Programas o planes estatales de salud,2,438,459,897,Tucumán
9781,Programas o planes estatales de salud,3,505,506,1011,Tucumán
9782,Programas o planes estatales de salud,4,476,567,1043,Tucumán
9783,Programas o planes estatales de salud,5,561,549,1110,Tucumán
9784,Programas o planes estatales de salud,6,570,561,1131,Tucumán
9785,Programas o planes estatales de salud,7,640,636,1276,Tucumán
9786,Programas o planes estatales de salud,8,623,637,1260,Tucumán
9787,Programas o planes estatales de salud,9,670,648,1318,Tucumán
9788,Programas o planes estatales de salud,10,727,694,1421,Tucumán
9789,Programas o planes estatales de salud,11,780,750,1530,Tucumán
9790,Programas o planes estatales de salud,12,692,726,1418,Tucumán
9791,Programas o planes estatales de salud,13,759,729,1488,Tucumán
9792,Programas o planes estatales de salud,14,736,791,1527,Tucumán
9793,Programas o planes estatales de salud,15,710,746,1456,Tucumán
9794,Programas o planes estatales de salud,16,778,708,1486,Tucumán
9795,Programas o planes estatales de salud,17,773,803,1576,Tucumán
9796,Programas o planes estatales de salud,18,710,699,1409,Tucumán
9797,Programas o planes estatales de salud,19,775,744,1519,Tucumán
9798,Programas o planes estatales de salud,20,709,669,1378,Tucumán
9799,Programas o planes estatales de salud,21,616,633,1249,Tucumán
9800,Programas o planes estatales de salud,22,581,567,1148,Tucumán
9801,Programas o planes estatales de salud,23,532,454,986,Tucumán
9802,Programas o planes estatales de salud,24,567,494,1061,Tucumán
9803,Programas o planes estatales de salud,25,616,487,1103,Tucumán
9804,Programas o planes estatales de salud,26,589,519,1108,Tucumán
9805,Programas o planes estatales de salud,27,571,543,1114,Tucumán
9806,Programas o planes estatales de salud,28,579,527,1106,Tucumán
9807,Programas o planes estatales de salud,29,661,573,1234,Tucumán
9808,Programas o planes estatales de salud,30,711,568,1279,Tucumán
9809,Programas o planes estatales de salud,31,674,560,1234,Tucumán
9810,Programas o planes estatales de salud,32,572,512,1084,Tucumán
9811,Programas o planes estatales de salud,33,615,543,1158,Tucumán
9812,Programas o planes estatales de salud,34,672,530,1202,Tucumán
9813,Programas o planes estatales de salud,35,741,570,1311,Tucumán
9814,Programas o planes estatales de salud,36,697,512,1209,Tucumán
9815,Programas o planes estatales de salud,37,600,479,1079,Tucumán
9816,Programas o planes estatales de salud,38,682,547,1229,Tucumán
9817,Programas o planes estatales de salud,39,814,626,1440,Tucumán
9818,Programas o planes estatales de salud,40,833,631,1464,Tucumán
9819,Programas o planes estatales de salud,41,767,578,1345,Tucumán
9820,Programas o planes estatales de salud,42,824,661,1485,Tucumán
9821,Programas o planes estatales de salud,43,854,608,1462,Tucumán
9822,Programas o planes estatales de salud,44,875,582,1457,Tucumán
9823,Programas o planes estatales de salud,45,752,600,1352,Tucumán
9824,Programas o planes estatales de salud,46,807,520,1327,Tucumán
9825,Programas o planes estatales de salud,47,730,533,1263,Tucumán
9826,Programas o planes estatales de salud,48,709,467,1176,Tucumán
9827,Programas o planes estatales de salud,49,633,480,1113,Tucumán
9828,Programas o planes estatales de salud,50,613,456,1069,Tucumán
9829,Programas o planes estatales de salud,51,611,474,1085,Tucumán
9830,Programas o planes estatales de salud,52,585,383,968,Tucumán
9831,Programas o planes estatales de salud,53,522,398,920,Tucumán
9832,Programas o planes estatales de salud,54,561,391,952,Tucumán
9833,Programas o planes estatales de salud,55,545,389,934,Tucumán
9834,Programas o planes estatales de salud,56,526,422,948,Tucumán
9835,Programas o planes estatales de salud,57,573,430,1003,Tucumán
9836,Programas o planes estatales de salud,58,546,418,964,Tucumán
9837,Programas o planes estatales de salud,59,591,418,1009,Tucumán
9838,Programas o planes estatales de salud,60,519,395,914,Tucumán
9839,Programas o planes estatales de salud,61,404,385,789,Tucumán
9840,Programas o planes estatales de salud,62,409,410,819,Tucumán
9841,Programas o planes estatales de salud,63,360,385,745,Tucumán
9842,Programas o planes estatales de salud,64,367,381,748,Tucumán
9843,Programas o planes estatales de salud,65,274,367,641,Tucumán
9844,Programas o planes estatales de salud,66,205,254,459,Tucumán
9845,Programas o planes estatales de salud,67,192,222,414,Tucumán
9846,Programas o planes estatales de salud,68,192,207,399,Tucumán
9847,Programas o planes estatales de salud,69,170,163,333,Tucumán
9848,Programas o planes estatales de salud,70,157,148,305,Tucumán
9849,Programas o planes estatales de salud,71,123,146,269,Tucumán
9850,Programas o planes estatales de salud,72,105,124,229,Tucumán
9851,Programas o planes estatales de salud,73,117,115,232,Tucumán
9852,Programas o planes estatales de salud,74,99,82,181,Tucumán
9853,Programas o planes estatales de salud,75,106,94,200,Tucumán
9854,Programas o planes estatales de salud,76,82,76,158,Tucumán
9855,Programas o planes estatales de salud,77,62,65,127,Tucumán
9856,Programas o planes estatales de salud,78,65,48,113,Tucumán
9857,Programas o planes estatales de salud,79,65,52,117,Tucumán
9858,Programas o planes estatales de salud,80,48,46,94,Tucumán
9859,Programas o planes estatales de salud,81,38,33,71,Tucumán
9860,Programas o planes estatales de salud,82,49,47,96,Tucumán
9861,Programas o planes estatales de salud,83,48,24,72,Tucumán
9862,Programas o planes estatales de salud,84,39,23,62,Tucumán
9863,Programas o planes estatales de salud,85,35,18,53,Tucumán
9864,Programas o planes estatales de salud,86,33,16,49,Tucumán
9865,Programas o planes estatales de salud,87,34,15,49,Tucumán
9866,Programas o planes estatales de salud,88,22,18,40,Tucumán
9867,Programas o planes estatales de salud,89,20,15,35,Tucumán
9868,Programas o planes estatales de salud,90,11,10,21,Tucumán
9869,Programas o planes estatales de salud,91,9,5,14,Tucumán
9870,Programas o planes estatales de salud,92,8,8,16,Tucumán
9871,Programas o planes estatales de salud,93,10,3,13,Tucumán
9872,Programas o planes estatales de salud,94,9,4,13,Tucumán
9873,Programas o planes estatales de salud,95,9,1,10,Tucumán
9874,Programas o planes estatales de salud,96,4,2,6,Tucumán
9875,Programas o planes estatales de salud,97,6,3,9,Tucumán
9876,Programas o planes estatales de salud,98,2,4,6,Tucumán
9877,Programas o planes estatales de salud,99,4,3,7,Tucumán
9878,Programas o planes estatales de salud,101,2,-,2,Tucumán
9879,Programas o planes estatales de salud,102,1,1,2,Tucumán
9880,Programas o planes estatales de salud,103,1,-,1,Tucumán
9881,Programas o planes estatales de salud,108,-,1,1,Tucumán
9882,Programas o planes estatales de salud,109,1,-,1,Tucumán
9884,"No tiene obra social, prepaga ni plan estatal",,Mujer/Femenino,Varón/Masculino,Total,Tucumán
9885,"No tiene obra social, prepaga ni plan estatal",0,5377,5275,10652,Tucumán
9886,"No tiene obra social, prepaga ni plan estatal",1,4994,5063,10057,Tucumán
9887,"No tiene obra social, prepaga ni plan estatal",2,5460,5459,10919,Tucumán
9888,"No tiene obra social, prepaga ni plan estatal",3,5860,6036,11896,Tucumán
9889,"No tiene obra social, prepaga ni plan estatal",4,5973,5962,11935,Tucumán
9890,"No tiene obra social, prepaga ni plan estatal",5,5782,5873,11655,Tucumán
9891,"No tiene obra social, prepaga ni plan estatal",6,5811,5858,11669,Tucumán
9892,"No tiene obra social, prepaga ni plan estatal",7,6320,6522,12842,Tucumán
9893,"No tiene obra social, prepaga ni plan estatal",8,5879,5965,11844,Tucumán
9894,"No tiene obra social, prepaga ni plan estatal",9,5537,5607,11144,Tucumán
9895,"No tiene obra social, prepaga ni plan estatal",10,5070,5275,10345,Tucumán
9896,"No tiene obra social, prepaga ni plan estatal",11,5326,5483,10809,Tucumán
9897,"No tiene obra social, prepaga ni plan estatal",12,5177,5225,10402,Tucumán
9898,"No tiene obra social, prepaga ni plan estatal",13,4924,5176,10100,Tucumán
9899,"No tiene obra social, prepaga ni plan estatal",14,4761,4850,9611,Tucumán
9900,"No tiene obra social, prepaga ni plan estatal",15,4764,4675,9439,Tucumán
9901,"No tiene obra social, prepaga ni plan estatal",16,4724,4862,9586,Tucumán
9902,"No tiene obra social, prepaga ni plan estatal",17,5096,5335,10431,Tucumán
9903,"No tiene obra social, prepaga ni plan estatal",18,5379,5421,10800,Tucumán
9904,"No tiene obra social, prepaga ni plan estatal",19,5785,6030,11815,Tucumán
9905,"No tiene obra social, prepaga ni plan estatal",20,5895,6025,11920,Tucumán
9906,"No tiene obra social, prepaga ni plan estatal",21,7508,7428,14936,Tucumán
9907,"No tiene obra social, prepaga ni plan estatal",22,8028,7687,15715,Tucumán
9908,"No tiene obra social, prepaga ni plan estatal",23,7616,7385,15001,Tucumán
9909,"No tiene obra social, prepaga ni plan estatal",24,7646,7233,14879,Tucumán
9910,"No tiene obra social, prepaga ni plan estatal",25,7505,7315,14820,Tucumán
9911,"No tiene obra social, prepaga ni plan estatal",26,7501,7077,14578,Tucumán
9912,"No tiene obra social, prepaga ni plan estatal",27,7223,6793,14016,Tucumán
9913,"No tiene obra social, prepaga ni plan estatal",28,6808,6538,13346,Tucumán
9914,"No tiene obra social, prepaga ni plan estatal",29,6484,6456,12940,Tucumán
9915,"No tiene obra social, prepaga ni plan estatal",30,6764,6560,13324,Tucumán
9916,"No tiene obra social, prepaga ni plan estatal",31,5985,5858,11843,Tucumán
9917,"No tiene obra social, prepaga ni plan estatal",32,4925,5079,10004,Tucumán
9918,"No tiene obra social, prepaga ni plan estatal",33,4971,5057,10028,Tucumán
9919,"No tiene obra social, prepaga ni plan estatal",34,4528,4960,9488,Tucumán
9920,"No tiene obra social, prepaga ni plan estatal",35,4960,4920,9880,Tucumán
9921,"No tiene obra social, prepaga ni plan estatal",36,4237,4551,8788,Tucumán
9922,"No tiene obra social, prepaga ni plan estatal",37,3854,4165,8019,Tucumán
9923,"No tiene obra social, prepaga ni plan estatal",38,3668,3959,7627,Tucumán
9924,"No tiene obra social, prepaga ni plan estatal",39,4063,4216,8279,Tucumán
9925,"No tiene obra social, prepaga ni plan estatal",40,4197,4512,8709,Tucumán
9926,"No tiene obra social, prepaga ni plan estatal",41,3821,4132,7953,Tucumán
9927,"No tiene obra social, prepaga ni plan estatal",42,4086,4360,8446,Tucumán
9928,"No tiene obra social, prepaga ni plan estatal",43,3822,4264,8086,Tucumán
9929,"No tiene obra social, prepaga ni plan estatal",44,3552,4027,7579,Tucumán
9930,"No tiene obra social, prepaga ni plan estatal",45,3191,3652,6843,Tucumán
9931,"No tiene obra social, prepaga ni plan estatal",46,3131,3273,6404,Tucumán
9932,"No tiene obra social, prepaga ni plan estatal",47,3094,3435,6529,Tucumán
9933,"No tiene obra social, prepaga ni plan estatal",48,2741,3041,5782,Tucumán
9934,"No tiene obra social, prepaga ni plan estatal",49,2636,2969,5605,Tucumán
9935,"No tiene obra social, prepaga ni plan estatal",50,2575,2907,5482,Tucumán
9936,"No tiene obra social, prepaga ni plan estatal",51,2410,2774,5184,Tucumán
9937,"No tiene obra social, prepaga ni plan estatal",52,2257,2602,4859,Tucumán
9938,"No tiene obra social, prepaga ni plan estatal",53,2134,2434,4568,Tucumán
9939,"No tiene obra social, prepaga ni plan estatal",54,2045,2281,4326,Tucumán
9940,"No tiene obra social, prepaga ni plan estatal",55,1984,2190,4174,Tucumán
9941,"No tiene obra social, prepaga ni plan estatal",56,1998,2098,4096,Tucumán
9942,"No tiene obra social, prepaga ni plan estatal",57,1860,2208,4068,Tucumán
9943,"No tiene obra social, prepaga ni plan estatal",58,1755,1989,3744,Tucumán
9944,"No tiene obra social, prepaga ni plan estatal",59,1772,2021,3793,Tucumán
9945,"No tiene obra social, prepaga ni plan estatal",60,1554,1934,3488,Tucumán
9946,"No tiene obra social, prepaga ni plan estatal",61,1169,1687,2856,Tucumán
9947,"No tiene obra social, prepaga ni plan estatal",62,949,1729,2678,Tucumán
9948,"No tiene obra social, prepaga ni plan estatal",63,711,1568,2279,Tucumán
9949,"No tiene obra social, prepaga ni plan estatal",64,643,1652,2295,Tucumán
9950,"No tiene obra social, prepaga ni plan estatal",65,412,1383,1795,Tucumán
9951,"No tiene obra social, prepaga ni plan estatal",66,262,712,974,Tucumán
9952,"No tiene obra social, prepaga ni plan estatal",67,230,589,819,Tucumán
9953,"No tiene obra social, prepaga ni plan estatal",68,193,400,593,Tucumán
9954,"No tiene obra social, prepaga ni plan estatal",69,176,310,486,Tucumán
9955,"No tiene obra social, prepaga ni plan estatal",70,194,257,451,Tucumán
9956,"No tiene obra social, prepaga ni plan estatal",71,179,156,335,Tucumán
9957,"No tiene obra social, prepaga ni plan estatal",72,138,155,293,Tucumán
9958,"No tiene obra social, prepaga ni plan estatal",73,136,115,251,Tucumán
9959,"No tiene obra social, prepaga ni plan estatal",74,127,108,235,Tucumán
9960,"No tiene obra social, prepaga ni plan estatal",75,98,103,201,Tucumán
9961,"No tiene obra social, prepaga ni plan estatal",76,81,85,166,Tucumán
9962,"No tiene obra social, prepaga ni plan estatal",77,94,68,162,Tucumán
9963,"No tiene obra social, prepaga ni plan estatal",78,75,74,149,Tucumán
9964,"No tiene obra social, prepaga ni plan estatal",79,67,65,132,Tucumán
9965,"No tiene obra social, prepaga ni plan estatal",80,52,53,105,Tucumán
9966,"No tiene obra social, prepaga ni plan estatal",81,51,47,98,Tucumán
9967,"No tiene obra social, prepaga ni plan estatal",82,58,54,112,Tucumán
9968,"No tiene obra social, prepaga ni plan estatal",83,41,25,66,Tucumán
9969,"No tiene obra social, prepaga ni plan estatal",84,49,29,78,Tucumán
9970,"No tiene obra social, prepaga ni plan estatal",85,36,30,66,Tucumán
9971,"No tiene obra social, prepaga ni plan estatal",86,36,22,58,Tucumán
9972,"No tiene obra social, prepaga ni plan estatal",87,30,34,64,Tucumán
9973,"No tiene obra social, prepaga ni plan estatal",88,23,22,45,Tucumán
9974,"No tiene obra social, prepaga ni plan estatal",89,42,23,65,Tucumán
9975,"No tiene obra social, prepaga ni plan estatal",90,29,27,56,Tucumán
9976,"No tiene obra social, prepaga ni plan estatal",91,35,18,53,Tucumán
9977,"No tiene obra social, prepaga ni plan estatal",92,31,15,46,Tucumán
9978,"No tiene obra social, prepaga ni plan estatal",93,13,22,35,Tucumán
9979,"No tiene obra social, prepaga ni plan estatal",94,21,16,37,Tucumán
9980,"No tiene obra social, prepaga ni plan estatal",95,20,18,38,Tucumán
9981,"No tiene obra social, prepaga ni plan estatal",96,17,10,27,Tucumán
9982,"No tiene obra social, prepaga ni plan estatal",97,11,12,23,Tucumán
9983,"No tiene obra social, prepaga ni plan estatal",98,14,13,27,Tucumán
9984,"No tiene obra social, prepaga ni plan estatal",99,11,12,23,Tucumán
9985,"No tiene obra social, prepaga ni plan estatal",100,3,-,3,Tucumán
9986,"No tiene obra social, prepaga ni plan estatal",101,-,1,1,Tucumán
9987,"No tiene obra social, prepaga ni plan estatal",102,4,5,9,Tucumán
9988,"No tiene obra social, prepaga ni plan estatal",103,3,3,6,Tucumán
9989,"No tiene obra social, prepaga ni plan estatal",104,1,-,1,Tucumán
9990,"No tiene obra social, prepaga ni plan estatal",105,1,-,1,Tucumán
9991,"No tiene obra social, prepaga ni plan estatal",106,-,2,2,Tucumán
9992,"No tiene obra social, prepaga ni plan estatal",110,2,-,2,Tucumán
10108,AREA # 94,Tierra del Fuego,,,,Tierra del Fuego
10109,AREA # 94,,,,,Tierra del Fuego
10110,Cobertura de salud,Edad,Sexo registrado al nacer,,,Tierra del Fuego
10111,Obra social o prepaga (incluye PAMI),,Mujer/Femenino,Varón/Masculino,Total,Tierra del Fuego
10112,Obra social o prepaga (incluye PAMI),0,594,582,1176,Tierra del Fuego
10113,Obra social o prepaga (incluye PAMI),1,707,722,1429,Tierra del Fuego
10114,Obra social o prepaga (incluye PAMI),2,846,893,1739,Tierra del Fuego
10115,Obra social o prepaga (incluye PAMI),3,948,1016,1964,Tierra del Fuego
10116,Obra social o prepaga (incluye PAMI),4,1060,1066,2126,Tierra del Fuego
10117,Obra social o prepaga (incluye PAMI),5,1098,1105,2203,Tierra del Fuego
10118,Obra social o prepaga (incluye PAMI),6,1101,1048,2149,Tierra del Fuego
10119,Obra social o prepaga (incluye PAMI),7,1237,1255,2492,Tierra del Fuego
10120,Obra social o prepaga (incluye PAMI),8,1143,1210,2353,Tierra del Fuego
10121,Obra social o prepaga (incluye PAMI),9,1189,1086,2275,Tierra del Fuego
10122,Obra social o prepaga (incluye PAMI),10,1188,1132,2320,Tierra del Fuego
10123,Obra social o prepaga (incluye PAMI),11,1135,1180,2315,Tierra del Fuego
10124,Obra social o prepaga (incluye PAMI),12,1127,1255,2382,Tierra del Fuego
10125,Obra social o prepaga (incluye PAMI),13,1171,1215,2386,Tierra del Fuego
10126,Obra social o prepaga (incluye PAMI),14,1146,1184,2330,Tierra del Fuego
10127,Obra social o prepaga (incluye PAMI),15,1069,1134,2203,Tierra del Fuego
10128,Obra social o prepaga (incluye PAMI),16,1176,1145,2321,Tierra del Fuego
10129,Obra social o prepaga (incluye PAMI),17,1059,1141,2200,Tierra del Fuego
10130,Obra social o prepaga (incluye PAMI),18,842,967,1809,Tierra del Fuego
10131,Obra social o prepaga (incluye PAMI),19,812,929,1741,Tierra del Fuego
10132,Obra social o prepaga (incluye PAMI),20,741,807,1548,Tierra del Fuego
10133,Obra social o prepaga (incluye PAMI),21,663,696,1359,Tierra del Fuego
10134,Obra social o prepaga (incluye PAMI),22,617,695,1312,Tierra del Fuego
10135,Obra social o prepaga (incluye PAMI),23,640,708,1348,Tierra del Fuego
10136,Obra social o prepaga (incluye PAMI),24,700,821,1521,Tierra del Fuego
10137,Obra social o prepaga (incluye PAMI),25,764,814,1578,Tierra del Fuego
10138,Obra social o prepaga (incluye PAMI),26,886,819,1705,Tierra del Fuego
10139,Obra social o prepaga (incluye PAMI),27,1033,945,1978,Tierra del Fuego
10140,Obra social o prepaga (incluye PAMI),28,1044,1016,2060,Tierra del Fuego
10141,Obra social o prepaga (incluye PAMI),29,1080,971,2051,Tierra del Fuego
10142,Obra social o prepaga (incluye PAMI),30,1183,1148,2331,Tierra del Fuego
10143,Obra social o prepaga (incluye PAMI),31,1255,1174,2429,Tierra del Fuego
10144,Obra social o prepaga (incluye PAMI),32,1290,1209,2499,Tierra del Fuego
10145,Obra social o prepaga (incluye PAMI),33,1257,1223,2480,Tierra del Fuego
10146,Obra social o prepaga (incluye PAMI),34,1291,1279,2570,Tierra del Fuego
10147,Obra social o prepaga (incluye PAMI),35,1302,1271,2573,Tierra del Fuego
10148,Obra social o prepaga (incluye PAMI),36,1237,1232,2469,Tierra del Fuego
10149,Obra social o prepaga (incluye PAMI),37,1190,1140,2330,Tierra del Fuego
10150,Obra social o prepaga (incluye PAMI),38,1174,1094,2268,Tierra del Fuego
10151,Obra social o prepaga (incluye PAMI),39,1241,1113,2354,Tierra del Fuego
10152,Obra social o prepaga (incluye PAMI),40,1189,1189,2378,Tierra del Fuego
10153,Obra social o prepaga (incluye PAMI),41,1129,1136,2265,Tierra del Fuego
10154,Obra social o prepaga (incluye PAMI),42,1149,1033,2182,Tierra del Fuego
10155,Obra social o prepaga (incluye PAMI),43,1097,1077,2174,Tierra del Fuego
10156,Obra social o prepaga (incluye PAMI),44,1089,1141,2230,Tierra del Fuego
10157,Obra social o prepaga (incluye PAMI),45,963,993,1956,Tierra del Fuego
10158,Obra social o prepaga (incluye PAMI),46,951,974,1925,Tierra del Fuego
10159,Obra social o prepaga (incluye PAMI),47,891,833,1724,Tierra del Fuego
10160,Obra social o prepaga (incluye PAMI),48,852,804,1656,Tierra del Fuego
10161,Obra social o prepaga (incluye PAMI),49,849,768,1617,Tierra del Fuego
10162,Obra social o prepaga (incluye PAMI),50,880,735,1615,Tierra del Fuego
10163,Obra social o prepaga (incluye PAMI),51,769,754,1523,Tierra del Fuego
10164,Obra social o prepaga (incluye PAMI),52,769,690,1459,Tierra del Fuego
10165,Obra social o prepaga (incluye PAMI),53,703,585,1288,Tierra del Fuego
10166,Obra social o prepaga (incluye PAMI),54,749,645,1394,Tierra del Fuego
10167,Obra social o prepaga (incluye PAMI),55,742,606,1348,Tierra del Fuego
10168,Obra social o prepaga (incluye PAMI),56,750,656,1406,Tierra del Fuego
10169,Obra social o prepaga (incluye PAMI),57,759,676,1435,Tierra del Fuego
10170,Obra social o prepaga (incluye PAMI),58,731,720,1451,Tierra del Fuego
10171,Obra social o prepaga (incluye PAMI),59,727,715,1442,Tierra del Fuego
10172,Obra social o prepaga (incluye PAMI),60,770,726,1496,Tierra del Fuego
10173,Obra social o prepaga (incluye PAMI),61,710,636,1346,Tierra del Fuego
10174,Obra social o prepaga (incluye PAMI),62,671,679,1350,Tierra del Fuego
10175,Obra social o prepaga (incluye PAMI),63,684,596,1280,Tierra del Fuego
10176,Obra social o prepaga (incluye PAMI),64,570,512,1082,Tierra del Fuego
10177,Obra social o prepaga (incluye PAMI),65,607,515,1122,Tierra del Fuego
10178,Obra social o prepaga (incluye PAMI),66,544,459,1003,Tierra del Fuego
10179,Obra social o prepaga (incluye PAMI),67,520,447,967,Tierra del Fuego
10180,Obra social o prepaga (incluye PAMI),68,446,441,887,Tierra del Fuego
10181,Obra social o prepaga (incluye PAMI),69,398,409,807,Tierra del Fuego
10182,Obra social o prepaga (incluye PAMI),70,424,335,759,Tierra del Fuego
10183,Obra social o prepaga (incluye PAMI),71,337,319,656,Tierra del Fuego
10184,Obra social o prepaga (incluye PAMI),72,304,329,633,Tierra del Fuego
10185,Obra social o prepaga (incluye PAMI),73,292,293,585,Tierra del Fuego
10186,Obra social o prepaga (incluye PAMI),74,231,204,435,Tierra del Fuego
10187,Obra social o prepaga (incluye PAMI),75,233,189,422,Tierra del Fuego
10188,Obra social o prepaga (incluye PAMI),76,200,191,391,Tierra del Fuego
10189,Obra social o prepaga (incluye PAMI),77,209,142,351,Tierra del Fuego
10190,Obra social o prepaga (incluye PAMI),78,170,129,299,Tierra del Fuego
10191,Obra social o prepaga (incluye PAMI),79,144,122,266,Tierra del Fuego
10192,Obra social o prepaga (incluye PAMI),80,146,94,240,Tierra del Fuego
10193,Obra social o prepaga (incluye PAMI),81,102,94,196,Tierra del Fuego
10194,Obra social o prepaga (incluye PAMI),82,132,78,210,Tierra del Fuego
10195,Obra social o prepaga (incluye PAMI),83,120,73,193,Tierra del Fuego
10196,Obra social o prepaga (incluye PAMI),84,75,48,123,Tierra del Fuego
10197,Obra social o prepaga (incluye PAMI),85,92,50,142,Tierra del Fuego
10198,Obra social o prepaga (incluye PAMI),86,72,33,105,Tierra del Fuego
10199,Obra social o prepaga (incluye PAMI),87,50,31,81,Tierra del Fuego
10200,Obra social o prepaga (incluye PAMI),88,55,20,75,Tierra del Fuego
10201,Obra social o prepaga (incluye PAMI),89,39,19,58,Tierra del Fuego
10202,Obra social o prepaga (incluye PAMI),90,31,15,46,Tierra del Fuego
10203,Obra social o prepaga (incluye PAMI),91,36,17,53,Tierra del Fuego
10204,Obra social o prepaga (incluye PAMI),92,33,16,49,Tierra del Fuego
10205,Obra social o prepaga (incluye PAMI),93,24,12,36,Tierra del Fuego
10206,Obra social o prepaga (incluye PAMI),94,29,8,37,Tierra del Fuego
10207,Obra social o prepaga (incluye PAMI),95,18,9,27,Tierra del Fuego
10208,Obra social o prepaga (incluye PAMI),96,16,7,23,Tierra del Fuego
10209,Obra social o prepaga (incluye PAMI),97,13,3,16,Tierra del Fuego
10210,Obra social o prepaga (incluye PAMI),98,4,7,11,Tierra del Fuego
10211,Obra social o prepaga (incluye PAMI),99,7,2,9,Tierra del Fuego
10212,Obra social o prepaga (incluye PAMI),100,1,-,1,Tierra del Fuego
10213,Obra social o prepaga (incluye PAMI),101,2,-,2,Tierra del Fuego
10214,Obra social o prepaga (incluye PAMI),102,1,-,1,Tierra del Fuego
10215,Obra social o prepaga (incluye PAMI),103,1,-,1,Tierra del Fuego
10217,Programas o planes estatales de salud,,Mujer/Femenino,Varón/Masculino,Total,Tierra del Fuego
10218,Programas o planes estatales de salud,0,143,152,295,Tierra del Fuego
10219,Programas o planes estatales de salud,1,165,171,336,Tierra del Fuego
10220,Programas o planes estatales de salud,2,192,210,402,Tierra del Fuego
10221,Programas o planes estatales de salud,3,200,242,442,Tierra del Fuego
10222,Programas o planes estatales de salud,4,212,258,470,Tierra del Fuego
10223,Programas o planes estatales de salud,5,290,246,536,Tierra del Fuego
10224,Programas o planes estatales de salud,6,250,233,483,Tierra del Fuego
10225,Programas o planes estatales de salud,7,246,233,479,Tierra del Fuego
10226,Programas o planes estatales de salud,8,244,220,464,Tierra del Fuego
10227,Programas o planes estatales de salud,9,253,219,472,Tierra del Fuego
10228,Programas o planes estatales de salud,10,193,215,408,Tierra del Fuego
10229,Programas o planes estatales de salud,11,188,217,405,Tierra del Fuego
10230,Programas o planes estatales de salud,12,198,205,403,Tierra del Fuego
10231,Programas o planes estatales de salud,13,200,220,420,Tierra del Fuego
10232,Programas o planes estatales de salud,14,215,207,422,Tierra del Fuego
10233,Programas o planes estatales de salud,15,197,207,404,Tierra del Fuego
10234,Programas o planes estatales de salud,16,224,166,390,Tierra del Fuego
10235,Programas o planes estatales de salud,17,165,188,353,Tierra del Fuego
10236,Programas o planes estatales de salud,18,147,153,300,Tierra del Fuego
10237,Programas o planes estatales de salud,19,140,137,277,Tierra del Fuego
10238,Programas o planes estatales de salud,20,138,122,260,Tierra del Fuego
10239,Programas o planes estatales de salud,21,171,117,288,Tierra del Fuego
10240,Programas o planes estatales de salud,22,218,129,347,Tierra del Fuego
10241,Programas o planes estatales de salud,23,240,125,365,Tierra del Fuego
10242,Programas o planes estatales de salud,24,267,131,398,Tierra del Fuego
10243,Programas o planes estatales de salud,25,269,130,399,Tierra del Fuego
10244,Programas o planes estatales de salud,26,304,167,471,Tierra del Fuego
10245,Programas o planes estatales de salud,27,332,153,485,Tierra del Fuego
10246,Programas o planes estatales de salud,28,307,142,449,Tierra del Fuego
10247,Programas o planes estatales de salud,29,290,162,452,Tierra del Fuego
10248,Programas o planes estatales de salud,30,304,166,470,Tierra del Fuego
10249,Programas o planes estatales de salud,31,267,155,422,Tierra del Fuego
10250,Programas o planes estatales de salud,32,264,148,412,Tierra del Fuego
10251,Programas o planes estatales de salud,33,220,137,357,Tierra del Fuego
10252,Programas o planes estatales de salud,34,246,137,383,Tierra del Fuego
10253,Programas o planes estatales de salud,35,223,141,364,Tierra del Fuego
10254,Programas o planes estatales de salud,36,183,122,305,Tierra del Fuego
10255,Programas o planes estatales de salud,37,201,128,329,Tierra del Fuego
10256,Programas o planes estatales de salud,38,176,116,292,Tierra del Fuego
10257,Programas o planes estatales de salud,39,178,105,283,Tierra del Fuego
10258,Programas o planes estatales de salud,40,193,125,318,Tierra del Fuego
10259,Programas o planes estatales de salud,41,161,105,266,Tierra del Fuego
10260,Programas o planes estatales de salud,42,200,123,323,Tierra del Fuego
10261,Programas o planes estatales de salud,43,161,127,288,Tierra del Fuego
10262,Programas o planes estatales de salud,44,140,114,254,Tierra del Fuego
10263,Programas o planes estatales de salud,45,146,107,253,Tierra del Fuego
10264,Programas o planes estatales de salud,46,139,91,230,Tierra del Fuego
10265,Programas o planes estatales de salud,47,132,81,213,Tierra del Fuego
10266,Programas o planes estatales de salud,48,132,77,209,Tierra del Fuego
10267,Programas o planes estatales de salud,49,148,90,238,Tierra del Fuego
10268,Programas o planes estatales de salud,50,131,90,221,Tierra del Fuego
10269,Programas o planes estatales de salud,51,100,86,186,Tierra del Fuego
10270,Programas o planes estatales de salud,52,115,78,193,Tierra del Fuego
10271,Programas o planes estatales de salud,53,119,74,193,Tierra del Fuego
10272,Programas o planes estatales de salud,54,111,76,187,Tierra del Fuego
10273,Programas o planes estatales de salud,55,115,81,196,Tierra del Fuego
10274,Programas o planes estatales de salud,56,120,74,194,Tierra del Fuego
10275,Programas o planes estatales de salud,57,121,97,218,Tierra del Fuego
10276,Programas o planes estatales de salud,58,135,90,225,Tierra del Fuego
10277,Programas o planes estatales de salud,59,114,113,227,Tierra del Fuego
10278,Programas o planes estatales de salud,60,99,70,169,Tierra del Fuego
10279,Programas o planes estatales de salud,61,64,79,143,Tierra del Fuego
10280,Programas o planes estatales de salud,62,43,80,123,Tierra del Fuego
10281,Programas o planes estatales de salud,63,60,75,135,Tierra del Fuego
10282,Programas o planes estatales de salud,64,35,60,95,Tierra del Fuego
10283,Programas o planes estatales de salud,65,46,51,97,Tierra del Fuego
10284,Programas o planes estatales de salud,66,25,26,51,Tierra del Fuego
10285,Programas o planes estatales de salud,67,21,36,57,Tierra del Fuego
10286,Programas o planes estatales de salud,68,24,23,47,Tierra del Fuego
10287,Programas o planes estatales de salud,69,21,12,33,Tierra del Fuego
10288,Programas o planes estatales de salud,70,15,13,28,Tierra del Fuego
10289,Programas o planes estatales de salud,71,22,15,37,Tierra del Fuego
10290,Programas o planes estatales de salud,72,9,17,26,Tierra del Fuego
10291,Programas o planes estatales de salud,73,14,13,27,Tierra del Fuego
10292,Programas o planes estatales de salud,74,16,3,19,Tierra del Fuego
10293,Programas o planes estatales de salud,75,10,3,13,Tierra del Fuego
10294,Programas o planes estatales de salud,76,9,9,18,Tierra del Fuego
10295,Programas o planes estatales de salud,77,6,5,11,Tierra del Fuego
10296,Programas o planes estatales de salud,78,4,3,7,Tierra del Fuego
10297,Programas o planes estatales de salud,79,6,5,11,Tierra del Fuego
10298,Programas o planes estatales de salud,80,5,7,12,Tierra del Fuego
10299,Programas o planes estatales de salud,81,15,10,25,Tierra del Fuego
10300,Programas o planes estatales de salud,82,6,2,8,Tierra del Fuego
10301,Programas o planes estatales de salud,83,3,1,4,Tierra del Fuego
10302,Programas o planes estatales de salud,84,1,3,4,Tierra del Fuego
10303,Programas o planes estatales de salud,85,3,1,4,Tierra del Fuego
10304,Programas o planes estatales de salud,86,1,6,7,Tierra del Fuego
10305,Programas o planes estatales de salud,87,2,1,3,Tierra del Fuego
10306,Programas o planes estatales de salud,88,2,-,2,Tierra del Fuego
10307,Programas o planes estatales de salud,89,2,1,3,Tierra del Fuego
10308,Programas o planes estatales de salud,90,1,2,3,Tierra del Fuego
10309,Programas o planes estatales de salud,91,3,2,5,Tierra del Fuego
10310,Programas o planes estatales de salud,92,1,2,3,Tierra del Fuego
10311,Programas o planes estatales de salud,93,2,1,3,Tierra del Fuego
10312,Programas o planes estatales de salud,94,3,1,4,Tierra del Fuego
10313,Programas o planes estatales de salud,95,3,1,4,Tierra del Fuego
10314,Programas o planes estatales de salud,96,1,-,1,Tierra del Fuego
10315,Programas o planes estatales de salud,97,1,-,1,Tierra del Fuego
10316,Programas o planes estatales de salud,99,1,-,1,Tierra del Fuego
10317,Programas o planes estatales de salud,103,1,-,1,Tierra del Fuego
10319,"No tiene obra social, prepaga ni plan estatal",,Mujer/Femenino,Varón/Masculino,Total,Tierra del Fuego
10320,"No tiene obra social, prepaga ni plan estatal",0,125,125,250,Tierra del Fuego
10321,"No tiene obra social, prepaga ni plan estatal",1,121,105,226,Tierra del Fuego
10322,"No tiene obra social, prepaga ni plan estatal",2,116,165,281,Tierra del Fuego
10323,"No tiene obra social, prepaga ni plan estatal",3,139,136,275,Tierra del Fuego
10324,"No tiene obra social, prepaga ni plan estatal",4,169,144,313,Tierra del Fuego
10325,"No tiene obra social, prepaga ni plan estatal",5,178,162,340,Tierra del Fuego
10326,"No tiene obra social, prepaga ni plan estatal",6,156,166,322,Tierra del Fuego
10327,"No tiene obra social, prepaga ni plan estatal",7,158,147,305,Tierra del Fuego
10328,"No tiene obra social, prepaga ni plan estatal",8,156,185,341,Tierra del Fuego
10329,"No tiene obra social, prepaga ni plan estatal",9,151,145,296,Tierra del Fuego
10330,"No tiene obra social, prepaga ni plan estatal",10,129,162,291,Tierra del Fuego
10331,"No tiene obra social, prepaga ni plan estatal",11,167,149,316,Tierra del Fuego
10332,"No tiene obra social, prepaga ni plan estatal",12,128,147,275,Tierra del Fuego
10333,"No tiene obra social, prepaga ni plan estatal",13,168,146,314,Tierra del Fuego
10334,"No tiene obra social, prepaga ni plan estatal",14,173,155,328,Tierra del Fuego
10335,"No tiene obra social, prepaga ni plan estatal",15,152,150,302,Tierra del Fuego
10336,"No tiene obra social, prepaga ni plan estatal",16,158,175,333,Tierra del Fuego
10337,"No tiene obra social, prepaga ni plan estatal",17,179,188,367,Tierra del Fuego
10338,"No tiene obra social, prepaga ni plan estatal",18,253,216,469,Tierra del Fuego
10339,"No tiene obra social, prepaga ni plan estatal",19,257,311,568,Tierra del Fuego
10340,"No tiene obra social, prepaga ni plan estatal",20,255,319,574,Tierra del Fuego
10341,"No tiene obra social, prepaga ni plan estatal",21,435,506,941,Tierra del Fuego
10342,"No tiene obra social, prepaga ni plan estatal",22,432,515,947,Tierra del Fuego
10343,"No tiene obra social, prepaga ni plan estatal",23,370,501,871,Tierra del Fuego
10344,"No tiene obra social, prepaga ni plan estatal",24,415,532,947,Tierra del Fuego
10345,"No tiene obra social, prepaga ni plan estatal",25,416,483,899,Tierra del Fuego
10346,"No tiene obra social, prepaga ni plan estatal",26,449,518,967,Tierra del Fuego
10347,"No tiene obra social, prepaga ni plan estatal",27,397,547,944,Tierra del Fuego
10348,"No tiene obra social, prepaga ni plan estatal",28,355,520,875,Tierra del Fuego
10349,"No tiene obra social, prepaga ni plan estatal",29,309,475,784,Tierra del Fuego
10350,"No tiene obra social, prepaga ni plan estatal",30,310,478,788,Tierra del Fuego
10351,"No tiene obra social, prepaga ni plan estatal",31,278,458,736,Tierra del Fuego
10352,"No tiene obra social, prepaga ni plan estatal",32,255,425,680,Tierra del Fuego
10353,"No tiene obra social, prepaga ni plan estatal",33,291,383,674,Tierra del Fuego
10354,"No tiene obra social, prepaga ni plan estatal",34,225,350,575,Tierra del Fuego
10355,"No tiene obra social, prepaga ni plan estatal",35,236,348,584,Tierra del Fuego
10356,"No tiene obra social, prepaga ni plan estatal",36,203,321,524,Tierra del Fuego
10357,"No tiene obra social, prepaga ni plan estatal",37,209,260,469,Tierra del Fuego
10358,"No tiene obra social, prepaga ni plan estatal",38,188,265,453,Tierra del Fuego
10359,"No tiene obra social, prepaga ni plan estatal",39,178,295,473,Tierra del Fuego
10360,"No tiene obra social, prepaga ni plan estatal",40,215,259,474,Tierra del Fuego
10361,"No tiene obra social, prepaga ni plan estatal",41,173,251,424,Tierra del Fuego
10362,"No tiene obra social, prepaga ni plan estatal",42,208,236,444,Tierra del Fuego
10363,"No tiene obra social, prepaga ni plan estatal",43,171,244,415,Tierra del Fuego
10364,"No tiene obra social, prepaga ni plan estatal",44,145,225,370,Tierra del Fuego
10365,"No tiene obra social, prepaga ni plan estatal",45,122,204,326,Tierra del Fuego
10366,"No tiene obra social, prepaga ni plan estatal",46,149,198,347,Tierra del Fuego
10367,"No tiene obra social, prepaga ni plan estatal",47,175,189,364,Tierra del Fuego
10368,"No tiene obra social, prepaga ni plan estatal",48,127,175,302,Tierra del Fuego
10369,"No tiene obra social, prepaga ni plan estatal",49,131,158,289,Tierra del Fuego
10370,"No tiene obra social, prepaga ni plan estatal",50,113,151,264,Tierra del Fuego
10371,"No tiene obra social, prepaga ni plan estatal",51,110,122,232,Tierra del Fuego
10372,"No tiene obra social, prepaga ni plan estatal",52,115,109,224,Tierra del Fuego
10373,"No tiene obra social, prepaga ni plan estatal",53,118,112,230,Tierra del Fuego
10374,"No tiene obra social, prepaga ni plan estatal",54,113,119,232,Tierra del Fuego
10375,"No tiene obra social, prepaga ni plan estatal",55,102,135,237,Tierra del Fuego
10376,"No tiene obra social, prepaga ni plan estatal",56,93,108,201,Tierra del Fuego
10377,"No tiene obra social, prepaga ni plan estatal",57,88,114,202,Tierra del Fuego
10378,"No tiene obra social, prepaga ni plan estatal",58,100,125,225,Tierra del Fuego
10379,"No tiene obra social, prepaga ni plan estatal",59,84,137,221,Tierra del Fuego
10380,"No tiene obra social, prepaga ni plan estatal",60,99,129,228,Tierra del Fuego
10381,"No tiene obra social, prepaga ni plan estatal",61,55,97,152,Tierra del Fuego
10382,"No tiene obra social, prepaga ni plan estatal",62,40,112,152,Tierra del Fuego
10383,"No tiene obra social, prepaga ni plan estatal",63,35,92,127,Tierra del Fuego
10384,"No tiene obra social, prepaga ni plan estatal",64,20,79,99,Tierra del Fuego
10385,"No tiene obra social, prepaga ni plan estatal",65,21,63,84,Tierra del Fuego
10386,"No tiene obra social, prepaga ni plan estatal",66,11,32,43,Tierra del Fuego
10387,"No tiene obra social, prepaga ni plan estatal",67,13,25,38,Tierra del Fuego
10388,"No tiene obra social, prepaga ni plan estatal",68,9,22,31,Tierra del Fuego
10389,"No tiene obra social, prepaga ni plan estatal",69,5,16,21,Tierra del Fuego
10390,"No tiene obra social, prepaga ni plan estatal",70,4,5,9,Tierra del Fuego
10391,"No tiene obra social, prepaga ni plan estatal",71,6,6,12,Tierra del Fuego
10392,"No tiene obra social, prepaga ni plan estatal",72,7,5,12,Tierra del Fuego
10393,"No tiene obra social, prepaga ni plan estatal",73,5,6,11,Tierra del Fuego
10394,"No tiene obra social, prepaga ni plan estatal",74,5,-,5,Tierra del Fuego
10395,"No tiene obra social, prepaga ni plan estatal",75,2,6,8,Tierra del Fuego
10396,"No tiene obra social, prepaga ni plan estatal",76,3,6,9,Tierra del Fuego
10397,"No tiene obra social, prepaga ni plan estatal",77,3,4,7,Tierra del Fuego
10398,"No tiene obra social, prepaga ni plan estatal",78,2,3,5,Tierra del Fuego
10399,"No tiene obra social, prepaga ni plan estatal",79,3,2,5,Tierra del Fuego
10400,"No tiene obra social, prepaga ni plan estatal",80,4,6,10,Tierra del Fuego
10401,"No tiene obra social, prepaga ni plan estatal",81,1,3,4,Tierra del Fuego
10402,"No tiene obra social, prepaga ni plan estatal",82,5,5,10,Tierra del Fuego
10403,"No tiene obra social, prepaga ni plan estatal",83,3,1,4,Tierra del Fuego
10404,"No tiene obra social, prepaga ni plan estatal",84,3,2,5,Tierra del Fuego
10405,"No tiene obra social, prepaga ni plan estatal",85,-,1,1,Tierra del Fuego
10406,"No tiene obra social, prepaga ni plan estatal",86,3,-,3,Tierra del Fuego
10407,"No tiene obra social, prepaga ni plan estatal",87,-,1,1,Tierra del Fuego
10408,"No tiene obra social, prepaga ni plan estatal",88,2,-,2,Tierra del Fuego
10409,"No tiene obra social, prepaga ni plan estatal",89,5,4,9,Tierra del Fuego
10410,"No tiene obra social, prepaga ni plan estatal",90,2,-,2,Tierra del Fuego
10411,"No tiene obra social, prepaga ni plan estatal",91,2,1,3,Tierra del Fuego
10412,"No tiene obra social, prepaga ni plan estatal",92,2,-,2,Tierra del Fuego
10413,"No tiene obra social, prepaga ni plan estatal",93,2,4,6,Tierra del Fuego
10414,"No tiene obra social, prepaga ni plan estatal",94,2,1,3,Tierra del Fuego
10415,"No tiene obra social, prepaga ni plan estatal",95,-,1,1,Tierra del Fuego
10416,"No tiene obra social, prepaga ni plan estatal",96,1,3,4,Tierra del Fuego
10417,"No tiene obra social, prepaga ni plan estatal",97,-,1,1,Tierra del Fuego
10418,"No tiene obra social, prepaga ni plan estatal",98,1,-,1,Tierra del Fuego
10419,"No tiene obra social, prepaga ni plan estatal",99,3,-,3,Tierra del Fuego
10528,RESUMEN,,,,,Tierra del Fuego
10529,RESUMEN,,,,,Tierra del Fuego
10530,Cobertura de salud,Edad,Sexo registrado al nacer,,,Tierra del Fuego
10531,Obra social o prepaga (incluye PAMI),,Mujer/Femenino,Varón/Masculino,Total,Tierra del Fuego
10532,Obra social o prepaga (incluye PAMI),0,113167,116483,229650,Tierra del Fuego
10533,Obra social o prepaga (incluye PAMI),1,120471,123444,243915,Tierra del Fuego
10534,Obra social o prepaga (incluye PAMI),2,137310,141790,279100,Tierra del Fuego
10535,Obra social o prepaga (incluye PAMI),3,154101,158615,312716,Tierra del Fuego
10536,Obra social o prepaga (incluye PAMI),4,165139,170789,335928,Tierra del Fuego
10537,Obra social o prepaga (incluye PAMI),5,175518,181911,357429,Tierra del Fuego
10538,Obra social o prepaga (incluye PAMI),6,181800,188051,369851,Tierra del Fuego
10539,Obra social o prepaga (incluye PAMI),7,193425,200590,394015,Tierra del Fuego
10540,Obra social o prepaga (incluye PAMI),8,190400,197440,387840,Tierra del Fuego
10541,Obra social o prepaga (incluye PAMI),9,192172,198970,391142,Tierra del Fuego
10542,Obra social o prepaga (incluye PAMI),10,190943,197494,388437,Tierra del Fuego
10543,Obra social o prepaga (incluye PAMI),11,198298,206184,404482,Tierra del Fuego
10544,Obra social o prepaga (incluye PAMI),12,198224,205286,403510,Tierra del Fuego
10545,Obra social o prepaga (incluye PAMI),13,197529,204518,402047,Tierra del Fuego
10546,Obra social o prepaga (incluye PAMI),14,192833,199661,392494,Tierra del Fuego
10547,Obra social o prepaga (incluye PAMI),15,193336,200022,393358,Tierra del Fuego
10548,Obra social o prepaga (incluye PAMI),16,195109,198998,394107,Tierra del Fuego
10549,Obra social o prepaga (incluye PAMI),17,200687,204225,404912,Tierra del Fuego
10550,Obra social o prepaga (incluye PAMI),18,188187,189785,377972,Tierra del Fuego
10551,Obra social o prepaga (incluye PAMI),19,182800,181063,363863,Tierra del Fuego
10552,Obra social o prepaga (incluye PAMI),20,174494,170634,345128,Tierra del Fuego
10553,Obra social o prepaga (incluye PAMI),21,151224,150313,301537,Tierra del Fuego
10554,Obra social o prepaga (incluye PAMI),22,149384,148135,297519,Tierra del Fuego
10555,Obra social o prepaga (incluye PAMI),23,144979,145508,290487,Tierra del Fuego
10556,Obra social o prepaga (incluye PAMI),24,147574,147789,295363,Tierra del Fuego
10557,Obra social o prepaga (incluye PAMI),25,154574,152919,307493,Tierra del Fuego
10558,Obra social o prepaga (incluye PAMI),26,156424,153999,310423,Tierra del Fuego
10559,Obra social o prepaga (incluye PAMI),27,165961,160976,326937,Tierra del Fuego
10560,Obra social o prepaga (incluye PAMI),28,169289,161804,331093,Tierra del Fuego
10561,Obra social o prepaga (incluye PAMI),29,179230,169286,348516,Tierra del Fuego
10562,Obra social o prepaga (incluye PAMI),30,196907,183247,380154,Tierra del Fuego
10563,Obra social o prepaga (incluye PAMI),31,198010,182263,380273,Tierra del Fuego
10564,Obra social o prepaga (incluye PAMI),32,194167,181200,375367,Tierra del Fuego
10565,Obra social o prepaga (incluye PAMI),33,198149,183979,382128,Tierra del Fuego
10566,Obra social o prepaga (incluye PAMI),34,198430,183657,382087,Tierra del Fuego
10567,Obra social o prepaga (incluye PAMI),35,210008,194634,404642,Tierra del Fuego
10568,Obra social o prepaga (incluye PAMI),36,206852,190432,397284,Tierra del Fuego
10569,Obra social o prepaga (incluye PAMI),37,201787,185684,387471,Tierra del Fuego
10570,Obra social o prepaga (incluye PAMI),38,202089,186900,388989,Tierra del Fuego
10571,Obra social o prepaga (incluye PAMI),39,211536,194350,405886,Tierra del Fuego
10572,Obra social o prepaga (incluye PAMI),40,222751,203724,426475,Tierra del Fuego
10573,Obra social o prepaga (incluye PAMI),41,211862,193964,405826,Tierra del Fuego
10574,Obra social o prepaga (incluye PAMI),42,225279,204550,429829,Tierra del Fuego
10575,Obra social o prepaga (incluye PAMI),43,218769,198261,417030,Tierra del Fuego
10576,Obra social o prepaga (incluye PAMI),44,213642,191797,405439,Tierra del Fuego
10577,Obra social o prepaga (incluye PAMI),45,208901,187414,396315,Tierra del Fuego
10578,Obra social o prepaga (incluye PAMI),46,199828,178145,377973,Tierra del Fuego
10579,Obra social o prepaga (incluye PAMI),47,196320,174616,370936,Tierra del Fuego
10580,Obra social o prepaga (incluye PAMI),48,183410,162386,345796,Tierra del Fuego
10581,Obra social o prepaga (incluye PAMI),49,184667,161761,346428,Tierra del Fuego
10582,Obra social o prepaga (incluye PAMI),50,186693,163845,350538,Tierra del Fuego
10583,Obra social o prepaga (incluye PAMI),51,174168,152703,326871,Tierra del Fuego
10584,Obra social o prepaga (incluye PAMI),52,169834,147459,317293,Tierra del Fuego
10585,Obra social o prepaga (incluye PAMI),53,160997,140007,301004,Tierra del Fuego
10586,Obra social o prepaga (incluye PAMI),54,159560,136045,295605,Tierra del Fuego
10587,Obra social o prepaga (incluye PAMI),55,156719,132963,289682,Tierra del Fuego
10588,Obra social o prepaga (incluye PAMI),56,157661,134295,291956,Tierra del Fuego
10589,Obra social o prepaga (incluye PAMI),57,159643,134591,294234,Tierra del Fuego
10590,Obra social o prepaga (incluye PAMI),58,156716,132139,288855,Tierra del Fuego
10591,Obra social o prepaga (incluye PAMI),59,159541,135265,294806,Tierra del Fuego
10592,Obra social o prepaga (incluye PAMI),60,165666,132881,298547,Tierra del Fuego
10593,Obra social o prepaga (incluye PAMI),61,167022,125227,292249,Tierra del Fuego
10594,Obra social o prepaga (incluye PAMI),62,176762,126336,303098,Tierra del Fuego
10595,Obra social o prepaga (incluye PAMI),63,177576,122185,299761,Tierra del Fuego
10596,Obra social o prepaga (incluye PAMI),64,178162,119632,297794,Tierra del Fuego
10597,Obra social o prepaga (incluye PAMI),65,188289,135879,324168,Tierra del Fuego
10598,Obra social o prepaga (incluye PAMI),66,177954,137452,315406,Tierra del Fuego
10599,Obra social o prepaga (incluye PAMI),67,178363,141310,319673,Tierra del Fuego
10600,Obra social o prepaga (incluye PAMI),68,169812,135674,305486,Tierra del Fuego
10601,Obra social o prepaga (incluye PAMI),69,168321,134467,302788,Tierra del Fuego
10602,Obra social o prepaga (incluye PAMI),70,166482,132799,299281,Tierra del Fuego
10603,Obra social o prepaga (incluye PAMI),71,155704,124356,280060,Tierra del Fuego
10604,Obra social o prepaga (incluye PAMI),72,154253,120947,275200,Tierra del Fuego
10605,Obra social o prepaga (incluye PAMI),73,144341,110871,255212,Tierra del Fuego
10606,Obra social o prepaga (incluye PAMI),74,138662,103594,242256,Tierra del Fuego
10607,Obra social o prepaga (incluye PAMI),75,131956,95771,227727,Tierra del Fuego
10608,Obra social o prepaga (incluye PAMI),76,125300,88919,214219,Tierra del Fuego
10609,Obra social o prepaga (incluye PAMI),77,117239,81466,198705,Tierra del Fuego
10610,Obra social o prepaga (incluye PAMI),78,108184,72083,180267,Tierra del Fuego
10611,Obra social o prepaga (incluye PAMI),79,98952,64545,163497,Tierra del Fuego
10612,Obra social o prepaga (incluye PAMI),80,92027,58154,150181,Tierra del Fuego
10613,Obra social o prepaga (incluye PAMI),81,83580,51505,135085,Tierra del Fuego
10614,Obra social o prepaga (incluye PAMI),82,81688,47865,129553,Tierra del Fuego
10615,Obra social o prepaga (incluye PAMI),83,70732,39796,110528,Tierra del Fuego
10616,Obra social o prepaga (incluye PAMI),84,63450,34785,98235,Tierra del Fuego
10617,Obra social o prepaga (incluye PAMI),85,57758,29990,87748,Tierra del Fuego
10618,Obra social o prepaga (incluye PAMI),86,51996,25748,77744,Tierra del Fuego
10619,Obra social o prepaga (incluye PAMI),87,45556,22295,67851,Tierra del Fuego
10620,Obra social o prepaga (incluye PAMI),88,38666,17870,56536,Tierra del Fuego
10621,Obra social o prepaga (incluye PAMI),89,35324,15400,50724,Tierra del Fuego
10622,Obra social o prepaga (incluye PAMI),90,30461,12842,43303,Tierra del Fuego
10623,Obra social o prepaga (incluye PAMI),91,25421,10357,35778,Tierra del Fuego
10624,Obra social o prepaga (incluye PAMI),92,21102,7868,28970,Tierra del Fuego
10625,Obra social o prepaga (incluye PAMI),93,16293,5859,22152,Tierra del Fuego
10626,Obra social o prepaga (incluye PAMI),94,12527,4367,16894,Tierra del Fuego
10627,Obra social o prepaga (incluye PAMI),95,9458,3197,12655,Tierra del Fuego
10628,Obra social o prepaga (incluye PAMI),96,6917,2367,9284,Tierra del Fuego
10629,Obra social o prepaga (incluye PAMI),97,5239,1750,6989,Tierra del Fuego
10630,Obra social o prepaga (incluye PAMI),98,3542,1133,4675,Tierra del Fuego
10631,Obra social o prepaga (incluye PAMI),99,2651,898,3549,Tierra del Fuego
10632,Obra social o prepaga (incluye PAMI),100,1190,283,1473,Tierra del Fuego
10633,Obra social o prepaga (incluye PAMI),101,747,175,922,Tierra del Fuego
10634,Obra social o prepaga (incluye PAMI),102,724,247,971,Tierra del Fuego
10635,Obra social o prepaga (incluye PAMI),103,414,175,589,Tierra del Fuego
10636,Obra social o prepaga (incluye PAMI),104,198,53,251,Tierra del Fuego
10637,Obra social o prepaga (incluye PAMI),105,131,47,178,Tierra del Fuego
10638,Obra social o prepaga (incluye PAMI),106,88,23,111,Tierra del Fuego
10639,Obra social o prepaga (incluye PAMI),107,66,27,93,Tierra del Fuego
10640,Obra social o prepaga (incluye PAMI),108,77,32,109,Tierra del Fuego
10641,Obra social o prepaga (incluye PAMI),109,61,26,87,Tierra del Fuego
10642,Obra social o prepaga (incluye PAMI),110,55,21,76,Tierra del Fuego
10644,Programas o planes estatales de salud,,Mujer/Femenino,Varón/Masculino,Total,Tierra del Fuego
10645,Programas o planes estatales de salud,0,9254,9723,18977,Tierra del Fuego
10646,Programas o planes estatales de salud,1,9441,9799,19240,Tierra del Fuego
10647,Programas o planes estatales de salud,2,10352,10868,21220,Tierra del Fuego
10648,Programas o planes estatales de salud,3,11647,11752,23399,Tierra del Fuego
10649,Programas o planes estatales de salud,4,11913,12489,24402,Tierra del Fuego
10650,Programas o planes estatales de salud,5,12573,12800,25373,Tierra del Fuego
10651,Programas o planes estatales de salud,6,12702,13204,25906,Tierra del Fuego
10652,Programas o planes estatales de salud,7,13442,14187,27629,Tierra del Fuego
10653,Programas o planes estatales de salud,8,13105,13395,26500,Tierra del Fuego
10654,Programas o planes estatales de salud,9,13469,13893,27362,Tierra del Fuego
10655,Programas o planes estatales de salud,10,13302,13365,26667,Tierra del Fuego
10656,Programas o planes estatales de salud,11,13403,13966,27369,Tierra del Fuego
10657,Programas o planes estatales de salud,12,13458,14264,27722,Tierra del Fuego
10658,Programas o planes estatales de salud,13,12972,13711,26683,Tierra del Fuego
10659,Programas o planes estatales de salud,14,12921,13370,26291,Tierra del Fuego
10660,Programas o planes estatales de salud,15,12278,12867,25145,Tierra del Fuego
10661,Programas o planes estatales de salud,16,12302,12546,24848,Tierra del Fuego
10662,Programas o planes estatales de salud,17,12364,12630,24994,Tierra del Fuego
10663,Programas o planes estatales de salud,18,11229,11248,22477,Tierra del Fuego
10664,Programas o planes estatales de salud,19,11249,10835,22084,Tierra del Fuego
10665,Programas o planes estatales de salud,20,10743,9964,20707,Tierra del Fuego
10666,Programas o planes estatales de salud,21,10441,9184,19625,Tierra del Fuego
10667,Programas o planes estatales de salud,22,11053,9665,20718,Tierra del Fuego
10668,Programas o planes estatales de salud,23,11117,9181,20298,Tierra del Fuego
10669,Programas o planes estatales de salud,24,11611,9306,20917,Tierra del Fuego
10670,Programas o planes estatales de salud,25,12123,9582,21705,Tierra del Fuego
10671,Programas o planes estatales de salud,26,12271,9745,22016,Tierra del Fuego
10672,Programas o planes estatales de salud,27,12889,10096,22985,Tierra del Fuego
10673,Programas o planes estatales de salud,28,12981,9665,22646,Tierra del Fuego
10674,Programas o planes estatales de salud,29,13609,10258,23867,Tierra del Fuego
10675,Programas o planes estatales de salud,30,14352,10796,25148,Tierra del Fuego
10676,Programas o planes estatales de salud,31,13844,10345,24189,Tierra del Fuego
10677,Programas o planes estatales de salud,32,13196,9901,23097,Tierra del Fuego
10678,Programas o planes estatales de salud,33,13165,9947,23112,Tierra del Fuego
10679,Programas o planes estatales de salud,34,13177,10021,23198,Tierra del Fuego
10680,Programas o planes estatales de salud,35,13496,10306,23802,Tierra del Fuego
10681,Programas o planes estatales de salud,36,13084,10078,23162,Tierra del Fuego
10682,Programas o planes estatales de salud,37,12634,9547,22181,Tierra del Fuego
10683,Programas o planes estatales de salud,38,12746,9977,22723,Tierra del Fuego
10684,Programas o planes estatales de salud,39,13478,10480,23958,Tierra del Fuego
10685,Programas o planes estatales de salud,40,14179,11010,25189,Tierra del Fuego
10686,Programas o planes estatales de salud,41,13442,10188,23630,Tierra del Fuego
10687,Programas o planes estatales de salud,42,14160,10980,25140,Tierra del Fuego
10688,Programas o planes estatales de salud,43,13889,10423,24312,Tierra del Fuego
10689,Programas o planes estatales de salud,44,13433,10166,23599,Tierra del Fuego
10690,Programas o planes estatales de salud,45,13085,10033,23118,Tierra del Fuego
10691,Programas o planes estatales de salud,46,12699,9250,21949,Tierra del Fuego
10692,Programas o planes estatales de salud,47,12491,9090,21581,Tierra del Fuego
10693,Programas o planes estatales de salud,48,11953,8578,20531,Tierra del Fuego
10694,Programas o planes estatales de salud,49,12247,8707,20954,Tierra del Fuego
10695,Programas o planes estatales de salud,50,12338,9087,21425,Tierra del Fuego
10696,Programas o planes estatales de salud,51,11512,8341,19853,Tierra del Fuego
10697,Programas o planes estatales de salud,52,11499,8141,19640,Tierra del Fuego
10698,Programas o planes estatales de salud,53,10934,7649,18583,Tierra del Fuego
10699,Programas o planes estatales de salud,54,10946,7693,18639,Tierra del Fuego
10700,Programas o planes estatales de salud,55,10742,7524,18266,Tierra del Fuego
10701,Programas o planes estatales de salud,56,10674,7787,18461,Tierra del Fuego
10702,Programas o planes estatales de salud,57,10816,7821,18637,Tierra del Fuego
10703,Programas o planes estatales de salud,58,10742,7459,18201,Tierra del Fuego
10704,Programas o planes estatales de salud,59,10829,7593,18422,Tierra del Fuego
10705,Programas o planes estatales de salud,60,9416,7505,16921,Tierra del Fuego
10706,Programas o planes estatales de salud,61,7585,6886,14471,Tierra del Fuego
10707,Programas o planes estatales de salud,62,7050,6972,14022,Tierra del Fuego
10708,Programas o planes estatales de salud,63,5901,6541,12442,Tierra del Fuego
10709,Programas o planes estatales de salud,64,5160,6420,11580,Tierra del Fuego
10710,Programas o planes estatales de salud,65,4471,5234,9705,Tierra del Fuego
10711,Programas o planes estatales de salud,66,3431,3697,7128,Tierra del Fuego
10712,Programas o planes estatales de salud,67,3240,3293,6533,Tierra del Fuego
10713,Programas o planes estatales de salud,68,2949,2828,5777,Tierra del Fuego
10714,Programas o planes estatales de salud,69,2810,2548,5358,Tierra del Fuego
10715,Programas o planes estatales de salud,70,2676,2162,4838,Tierra del Fuego
10716,Programas o planes estatales de salud,71,2429,1805,4234,Tierra del Fuego
10717,Programas o planes estatales de salud,72,2298,1743,4041,Tierra del Fuego
10718,Programas o planes estatales de salud,73,2010,1501,3511,Tierra del Fuego
10719,Programas o planes estatales de salud,74,1869,1454,3323,Tierra del Fuego
10720,Programas o planes estatales de salud,75,1652,1194,2846,Tierra del Fuego
10721,Programas o planes estatales de salud,76,1561,1102,2663,Tierra del Fuego
10722,Programas o planes estatales de salud,77,1453,1099,2552,Tierra del Fuego
10723,Programas o planes estatales de salud,78,1301,894,2195,Tierra del Fuego
10724,Programas o planes estatales de salud,79,1226,794,2020,Tierra del Fuego
10725,Programas o planes estatales de salud,80,1072,701,1773,Tierra del Fuego
10726,Programas o planes estatales de salud,81,932,592,1524,Tierra del Fuego
10727,Programas o planes estatales de salud,82,896,588,1484,Tierra del Fuego
10728,Programas o planes estatales de salud,83,746,452,1198,Tierra del Fuego
10729,Programas o planes estatales de salud,84,674,416,1090,Tierra del Fuego
10730,Programas o planes estatales de salud,85,565,343,908,Tierra del Fuego
10731,Programas o planes estatales de salud,86,557,299,856,Tierra del Fuego
10732,Programas o planes estatales de salud,87,519,284,803,Tierra del Fuego
10733,Programas o planes estatales de salud,88,426,212,638,Tierra del Fuego
10734,Programas o planes estatales de salud,89,435,187,622,Tierra del Fuego
10735,Programas o planes estatales de salud,90,347,155,502,Tierra del Fuego
10736,Programas o planes estatales de salud,91,254,171,425,Tierra del Fuego
10737,Programas o planes estatales de salud,92,272,112,384,Tierra del Fuego
10738,Programas o planes estatales de salud,93,204,108,312,Tierra del Fuego
10739,Programas o planes estatales de salud,94,154,82,236,Tierra del Fuego
10740,Programas o planes estatales de salud,95,133,68,201,Tierra del Fuego
10741,Programas o planes estatales de salud,96,111,66,177,Tierra del Fuego
10742,Programas o planes estatales de salud,97,100,37,137,Tierra del Fuego
10743,Programas o planes estatales de salud,98,71,35,106,Tierra del Fuego
10744,Programas o planes estatales de salud,99,79,29,108,Tierra del Fuego
10745,Programas o planes estatales de salud,100,18,6,24,Tierra del Fuego
10746,Programas o planes estatales de salud,101,15,2,17,Tierra del Fuego
10747,Programas o planes estatales de salud,102,17,9,26,Tierra del Fuego
10748,Programas o planes estatales de salud,103,12,5,17,Tierra del Fuego
10749,Programas o planes estatales de salud,104,2,1,3,Tierra del Fuego
10750,Programas o planes estatales de salud,105,7,1,8,Tierra del Fuego
10751,Programas o planes estatales de salud,106,-,1,1,Tierra del Fuego
10752,Programas o planes estatales de salud,107,3,1,4,Tierra del Fuego
10753,Programas o planes estatales de salud,108,1,1,2,Tierra del Fuego
10754,Programas o planes estatales de salud,109,5,-,5,Tierra del Fuego
10755,Programas o planes estatales de salud,110,4,4,8,Tierra del Fuego
10757,"No tiene obra social, prepaga ni plan estatal",,Mujer/Femenino,Varón/Masculino,Total,Tierra del Fuego
10758,"No tiene obra social, prepaga ni plan estatal",0,118773,121794,240567,Tierra del Fuego
10759,"No tiene obra social, prepaga ni plan estatal",1,116573,120327,236900,Tierra del Fuego
10760,"No tiene obra social, prepaga ni plan estatal",2,133449,135133,268582,Tierra del Fuego
10761,"No tiene obra social, prepaga ni plan estatal",3,143449,147804,291253,Tierra del Fuego
10762,"No tiene obra social, prepaga ni plan estatal",4,147818,150083,297901,Tierra del Fuego
10763,"No tiene obra social, prepaga ni plan estatal",5,148927,152118,301045,Tierra del Fuego
10764,"No tiene obra social, prepaga ni plan estatal",6,153511,156502,310013,Tierra del Fuego
10765,"No tiene obra social, prepaga ni plan estatal",7,162616,166542,329158,Tierra del Fuego
10766,"No tiene obra social, prepaga ni plan estatal",8,155345,158350,313695,Tierra del Fuego
10767,"No tiene obra social, prepaga ni plan estatal",9,153178,156281,309459,Tierra del Fuego
10768,"No tiene obra social, prepaga ni plan estatal",10,148481,152860,301341,Tierra del Fuego
10769,"No tiene obra social, prepaga ni plan estatal",11,150934,154656,305590,Tierra del Fuego
10770,"No tiene obra social, prepaga ni plan estatal",12,151094,154289,305383,Tierra del Fuego
10771,"No tiene obra social, prepaga ni plan estatal",13,148153,151860,300013,Tierra del Fuego
10772,"No tiene obra social, prepaga ni plan estatal",14,143656,147221,290877,Tierra del Fuego
10773,"No tiene obra social, prepaga ni plan estatal",15,140604,142830,283434,Tierra del Fuego
10774,"No tiene obra social, prepaga ni plan estatal",16,140176,143592,283768,Tierra del Fuego
10775,"No tiene obra social, prepaga ni plan estatal",17,148371,151896,300267,Tierra del Fuego
10776,"No tiene obra social, prepaga ni plan estatal",18,155964,160332,316296,Tierra del Fuego
10777,"No tiene obra social, prepaga ni plan estatal",19,159946,161548,321494,Tierra del Fuego
10778,"No tiene obra social, prepaga ni plan estatal",20,158579,158848,317427,Tierra del Fuego
10779,"No tiene obra social, prepaga ni plan estatal",21,191567,188458,380025,Tierra del Fuego
10780,"No tiene obra social, prepaga ni plan estatal",22,206547,200121,406668,Tierra del Fuego
10781,"No tiene obra social, prepaga ni plan estatal",23,198496,190581,389077,Tierra del Fuego
10782,"No tiene obra social, prepaga ni plan estatal",24,197627,187338,384965,Tierra del Fuego
10783,"No tiene obra social, prepaga ni plan estatal",25,200027,187672,387699,Tierra del Fuego
10784,"No tiene obra social, prepaga ni plan estatal",26,194593,182178,376771,Tierra del Fuego
10785,"No tiene obra social, prepaga ni plan estatal",27,191048,180197,371245,Tierra del Fuego
10786,"No tiene obra social, prepaga ni plan estatal",28,175397,166993,342390,Tierra del Fuego
10787,"No tiene obra social, prepaga ni plan estatal",29,170436,164169,334605,Tierra del Fuego
10788,"No tiene obra social, prepaga ni plan estatal",30,171305,165917,337222,Tierra del Fuego
10789,"No tiene obra social, prepaga ni plan estatal",31,154614,151056,305670,Tierra del Fuego
10790,"No tiene obra social, prepaga ni plan estatal",32,141644,140270,281914,Tierra del Fuego
10791,"No tiene obra social, prepaga ni plan estatal",33,134711,133467,268178,Tierra del Fuego
10792,"No tiene obra social, prepaga ni plan estatal",34,129217,128580,257797,Tierra del Fuego
10793,"No tiene obra social, prepaga ni plan estatal",35,130484,130005,260489,Tierra del Fuego
10794,"No tiene obra social, prepaga ni plan estatal",36,121200,122033,243233,Tierra del Fuego
10795,"No tiene obra social, prepaga ni plan estatal",37,112621,114085,226706,Tierra del Fuego
10796,"No tiene obra social, prepaga ni plan estatal",38,111611,112449,224060,Tierra del Fuego
10797,"No tiene obra social, prepaga ni plan estatal",39,116280,117903,234183,Tierra del Fuego
10798,"No tiene obra social, prepaga ni plan estatal",40,118565,119352,237917,Tierra del Fuego
10799,"No tiene obra social, prepaga ni plan estatal",41,108410,109237,217647,Tierra del Fuego
10800,"No tiene obra social, prepaga ni plan estatal",42,114488,116233,230721,Tierra del Fuego
10801,"No tiene obra social, prepaga ni plan estatal",43,107078,109633,216711,Tierra del Fuego
10802,"No tiene obra social, prepaga ni plan estatal",44,101586,104104,205690,Tierra del Fuego
10803,"No tiene obra social, prepaga ni plan estatal",45,97318,100520,197838,Tierra del Fuego
10804,"No tiene obra social, prepaga ni plan estatal",46,92484,94632,187116,Tierra del Fuego
10805,"No tiene obra social, prepaga ni plan estatal",47,90934,94757,185691,Tierra del Fuego
10806,"No tiene obra social, prepaga ni plan estatal",48,84831,87901,172732,Tierra del Fuego
10807,"No tiene obra social, prepaga ni plan estatal",49,85065,88928,173993,Tierra del Fuego
10808,"No tiene obra social, prepaga ni plan estatal",50,83743,88275,172018,Tierra del Fuego
10809,"No tiene obra social, prepaga ni plan estatal",51,76365,79677,156042,Tierra del Fuego
10810,"No tiene obra social, prepaga ni plan estatal",52,74377,78399,152776,Tierra del Fuego
10811,"No tiene obra social, prepaga ni plan estatal",53,69070,72107,141177,Tierra del Fuego
10812,"No tiene obra social, prepaga ni plan estatal",54,66525,70185,136710,Tierra del Fuego
10813,"No tiene obra social, prepaga ni plan estatal",55,64700,68100,132800,Tierra del Fuego
10814,"No tiene obra social, prepaga ni plan estatal",56,64162,68394,132556,Tierra del Fuego
10815,"No tiene obra social, prepaga ni plan estatal",57,62082,67188,129270,Tierra del Fuego
10816,"No tiene obra social, prepaga ni plan estatal",58,60340,64461,124801,Tierra del Fuego
10817,"No tiene obra social, prepaga ni plan estatal",59,60082,63102,123184,Tierra del Fuego
10818,"No tiene obra social, prepaga ni plan estatal",60,50944,59218,110162,Tierra del Fuego
10819,"No tiene obra social, prepaga ni plan estatal",61,36143,54627,90770,Tierra del Fuego
10820,"No tiene obra social, prepaga ni plan estatal",62,29270,53103,82373,Tierra del Fuego
10821,"No tiene obra social, prepaga ni plan estatal",63,21229,49012,70241,Tierra del Fuego
10822,"No tiene obra social, prepaga ni plan estatal",64,16576,46699,63275,Tierra del Fuego
10823,"No tiene obra social, prepaga ni plan estatal",65,12980,36505,49485,Tierra del Fuego
10824,"No tiene obra social, prepaga ni plan estatal",66,8643,18572,27215,Tierra del Fuego
10825,"No tiene obra social, prepaga ni plan estatal",67,7670,14571,22241,Tierra del Fuego
10826,"No tiene obra social, prepaga ni plan estatal",68,6610,10483,17093,Tierra del Fuego
10827,"No tiene obra social, prepaga ni plan estatal",69,6115,8383,14498,Tierra del Fuego
10828,"No tiene obra social, prepaga ni plan estatal",70,5558,6345,11903,Tierra del Fuego
10829,"No tiene obra social, prepaga ni plan estatal",71,4754,4407,9161,Tierra del Fuego
10830,"No tiene obra social, prepaga ni plan estatal",72,4513,4007,8520,Tierra del Fuego
10831,"No tiene obra social, prepaga ni plan estatal",73,3848,3319,7167,Tierra del Fuego
10832,"No tiene obra social, prepaga ni plan estatal",74,3638,3219,6857,Tierra del Fuego
10833,"No tiene obra social, prepaga ni plan estatal",75,3260,2734,5994,Tierra del Fuego
10834,"No tiene obra social, prepaga ni plan estatal",76,2872,2574,5446,Tierra del Fuego
10835,"No tiene obra social, prepaga ni plan estatal",77,2772,2315,5087,Tierra del Fuego
10836,"No tiene obra social, prepaga ni plan estatal",78,2461,1977,4438,Tierra del Fuego
10837,"No tiene obra social, prepaga ni plan estatal",79,2313,1941,4254,Tierra del Fuego
10838,"No tiene obra social, prepaga ni plan estatal",80,2074,1724,3798,Tierra del Fuego
10839,"No tiene obra social, prepaga ni plan estatal",81,1819,1427,3246,Tierra del Fuego
10840,"No tiene obra social, prepaga ni plan estatal",82,1789,1352,3141,Tierra del Fuego
10841,"No tiene obra social, prepaga ni plan estatal",83,1417,1019,2436,Tierra del Fuego
10842,"No tiene obra social, prepaga ni plan estatal",84,1279,954,2233,Tierra del Fuego
10843,"No tiene obra social, prepaga ni plan estatal",85,1237,871,2108,Tierra del Fuego
10844,"No tiene obra social, prepaga ni plan estatal",86,1185,765,1950,Tierra del Fuego
10845,"No tiene obra social, prepaga ni plan estatal",87,1017,703,1720,Tierra del Fuego
10846,"No tiene obra social, prepaga ni plan estatal",88,989,685,1674,Tierra del Fuego
10847,"No tiene obra social, prepaga ni plan estatal",89,1011,726,1737,Tierra del Fuego
10848,"No tiene obra social, prepaga ni plan estatal",90,1029,800,1829,Tierra del Fuego
10849,"No tiene obra social, prepaga ni plan estatal",91,821,590,1411,Tierra del Fuego
10850,"No tiene obra social, prepaga ni plan estatal",92,833,657,1490,Tierra del Fuego
10851,"No tiene obra social, prepaga ni plan estatal",93,683,565,1248,Tierra del Fuego
10852,"No tiene obra social, prepaga ni plan estatal",94,679,543,1222,Tierra del Fuego
10853,"No tiene obra social, prepaga ni plan estatal",95,597,516,1113,Tierra del Fuego
10854,"No tiene obra social, prepaga ni plan estatal",96,559,401,960,Tierra del Fuego
10855,"No tiene obra social, prepaga ni plan estatal",97,492,451,943,Tierra del Fuego
10856,"No tiene obra social, prepaga ni plan estatal",98,468,419,887,Tierra del Fuego
10857,"No tiene obra social, prepaga ni plan estatal",99,435,362,797,Tierra del Fuego
10858,"No tiene obra social, prepaga ni plan estatal",100,51,25,76,Tierra del Fuego
10859,"No tiene obra social, prepaga ni plan estatal",101,43,19,62,Tierra del Fuego
10860,"No tiene obra social, prepaga ni plan estatal",102,106,57,163,Tierra del Fuego
10861,"No tiene obra social, prepaga ni plan estatal",103,57,38,95,Tierra del Fuego
10862,"No tiene obra social, prepaga ni plan estatal",104,21,15,36,Tierra del Fuego
10863,"No tiene obra social, prepaga ni plan estatal",105,20,7,27,Tierra del Fuego
10864,"No tiene obra social, prepaga ni plan estatal",106,15,12,27,Tierra del Fuego
10865,"No tiene obra social, prepaga ni plan estatal",107,13,6,19,Tierra del Fuego
10866,"No tiene obra social, prepaga ni plan estatal",108,6,7,13,Tierra del Fuego
10867,"No tiene obra social, prepaga ni plan estatal",109,15,3,18,Tierra del Fuego
10868,"No tiene obra social, prepaga ni plan estatal",110,18,5,23,Tierra del Fuego
