,cobertura,edad,provincia_id,año,cantidad_mujeres,cantidad_hombres
0,Con cobertura,0,2,2010,12588.0,13612.0
1,Con cobertura,0,2,2022,8648.0,9037.0
2,Con cobertura,0,6,2010,69696.0,73295.0
3,Con cobertura,0,6,2022,45085.0,46373.0
4,Con cobertura,0,10,2010,1550.0,1372.0
5,Con cobertura,0,10,2022,947.0,1026.0
6,Con cobertura,0,14,2010,15409.0,16663.0
7,Con cobertura,0,14,2022,10989.0,11234.0
8,Con cobertura,0,18,2010,4025.0,4181.0
9,Con cobertura,0,18,2022,3656.0,3840.0
10,Con cobertura,0,22,2010,2841.0,2767.0
11,Con cobertura,0,22,2022,2111.0,2156.0
12,Con cobertura,0,26,2010,3130.0,3508.0
13,Con cobertura,0,26,2022,1998.0,2104.0
14,Con cobertura,0,30,2010,5154.0,5785.0
15,Con cobertura,0,30,2022,4046.0,4089.0
16,Con cobertura,0,34,2010,1325.0,1482.0
17,Con cobertura,0,34,2022,1149.0,1041.0
18,Con cobertura,0,38,2010,2794.0,2917.0
19,Con cobertura,0,38,2022,1653.0,1771.0
20,Con cobertura,0,42,2010,1444.0,1609.0
21,Con cobertura,0,42,2022,983.0,1028.0
22,Con cobertura,0,46,2010,1272.0,1449.0
23,Con cobertura,0,46,2022,875.0,902.0
24,Con cobertura,0,50,2010,8786.0,8587.0
25,Con cobertura,0,50,2022,5418.0,5556.0
26,Con cobertura,0,54,2010,5935.0,5749.0
27,Con cobertura,0,54,2022,3728.0,3904.0
28,Con cobertura,0,58,2010,2836.0,2775.0
29,Con cobertura,0,58,2022,2123.0,2262.0
30,Con cobertura,0,62,2010,3166.0,3133.0
31,Con cobertura,0,62,2022,2133.0,2167.0
32,Con cobertura,0,66,2010,5386.0,5335.0
33,Con cobertura,0,66,2022,3227.0,3292.0
34,Con cobertura,0,70,2010,2649.0,2995.0
35,Con cobertura,0,70,2022,2118.0,2317.0
36,Con cobertura,0,74,2010,1954.0,2020.0
37,Con cobertura,0,74,2022,1479.0,1574.0
38,Con cobertura,0,78,2010,2160.0,2281.0
39,Con cobertura,0,78,2022,1379.0,1476.0
40,Con cobertura,0,82,2010,13987.0,14549.0
41,Con cobertura,0,82,2022,11119.0,11419.0
42,Con cobertura,0,86,2010,2593.0,2595.0
43,Con cobertura,0,86,2022,1746.0,1814.0
44,Con cobertura,0,90,2010,6803.0,7114.0
45,Con cobertura,0,90,2022,5074.0,5090.0
46,Con cobertura,0,94,2010,901.0,988.0
47,Con cobertura,0,94,2022,737.0,734.0
48,Con cobertura,1,2,2010,12670.0,12059.0
49,Con cobertura,1,2,2022,8606.0,8801.0
50,Con cobertura,1,6,2010,70532.0,73633.0
51,Con cobertura,1,6,2022,48729.0,50112.0
52,Con cobertura,1,10,2010,1649.0,1760.0
53,Con cobertura,1,10,2022,1133.0,1147.0
54,Con cobertura,1,14,2010,16017.0,15785.0
55,Con cobertura,1,14,2022,11674.0,11846.0
56,Con cobertura,1,18,2010,4323.0,4289.0
57,Con cobertura,1,18,2022,3854.0,4065.0
58,Con cobertura,1,22,2010,2640.0,2863.0
59,Con cobertura,1,22,2022,2397.0,2392.0
60,Con cobertura,1,26,2010,2996.0,3218.0
61,Con cobertura,1,26,2022,2073.0,2168.0
62,Con cobertura,1,30,2010,5666.0,5649.0
63,Con cobertura,1,30,2022,4170.0,4425.0
64,Con cobertura,1,34,2010,1502.0,1618.0
65,Con cobertura,1,34,2022,1127.0,1227.0
66,Con cobertura,1,38,2010,2925.0,3107.0
67,Con cobertura,1,38,2022,1840.0,1811.0
68,Con cobertura,1,42,2010,1466.0,1548.0
69,Con cobertura,1,42,2022,1021.0,1118.0
70,Con cobertura,1,46,2010,1500.0,1539.0
71,Con cobertura,1,46,2022,908.0,945.0
72,Con cobertura,1,50,2010,8357.0,8666.0
73,Con cobertura,1,50,2022,5765.0,5933.0
74,Con cobertura,1,54,2010,5627.0,5762.0
75,Con cobertura,1,54,2022,3848.0,3875.0
76,Con cobertura,1,58,2010,3026.0,3208.0
77,Con cobertura,1,58,2022,2225.0,2329.0
78,Con cobertura,1,62,2010,3197.0,3411.0
79,Con cobertura,1,62,2022,2220.0,2172.0
80,Con cobertura,1,66,2010,5187.0,5514.0
81,Con cobertura,1,66,2022,3448.0,3643.0
82,Con cobertura,1,70,2010,2807.0,3201.0
83,Con cobertura,1,70,2022,2302.0,2300.0
84,Con cobertura,1,74,2010,2040.0,2099.0
85,Con cobertura,1,74,2022,1666.0,1650.0
86,Con cobertura,1,78,2010,2029.0,2361.0
87,Con cobertura,1,78,2022,1599.0,1540.0
88,Con cobertura,1,82,2010,14477.0,14828.0
89,Con cobertura,1,82,2022,11289.0,11537.0
90,Con cobertura,1,86,2010,2741.0,2647.0
91,Con cobertura,1,86,2022,1886.0,1938.0
92,Con cobertura,1,90,2010,7095.0,7150.0
93,Con cobertura,1,90,2022,5260.0,5376.0
94,Con cobertura,1,94,2010,1076.0,1163.0
95,Con cobertura,1,94,2022,872.0,893.0
96,Con cobertura,2,2,2010,12298.0,13241.0
97,Con cobertura,2,2,2022,9709.0,9865.0
98,Con cobertura,2,6,2010,72205.0,75050.0
99,Con cobertura,2,6,2022,55424.0,57672.0
100,Con cobertura,2,10,2010,1757.0,1796.0
101,Con cobertura,2,10,2022,1245.0,1280.0
102,Con cobertura,2,14,2010,16474.0,16627.0
103,Con cobertura,2,14,2022,12893.0,13235.0
104,Con cobertura,2,18,2010,4115.0,4290.0
105,Con cobertura,2,18,2022,4368.0,4584.0
106,Con cobertura,2,22,2010,2892.0,2866.0
107,Con cobertura,2,22,2022,2747.0,2885.0
108,Con cobertura,2,26,2010,3253.0,3318.0
109,Con cobertura,2,26,2022,2396.0,2460.0
110,Con cobertura,2,30,2010,5752.0,5770.0
111,Con cobertura,2,30,2022,4673.0,4876.0
112,Con cobertura,2,34,2010,1529.0,1669.0
113,Con cobertura,2,34,2022,1401.0,1386.0
114,Con cobertura,2,38,2010,3256.0,2992.0
115,Con cobertura,2,38,2022,2167.0,2395.0
116,Con cobertura,2,42,2010,1530.0,1645.0
117,Con cobertura,2,42,2022,1180.0,1286.0
118,Con cobertura,2,46,2010,1636.0,1673.0
119,Con cobertura,2,46,2022,1062.0,1061.0
120,Con cobertura,2,50,2010,8398.0,9209.0
121,Con cobertura,2,50,2022,6658.0,6621.0
122,Con cobertura,2,54,2010,5504.0,6028.0
123,Con cobertura,2,54,2022,4050.0,4323.0
124,Con cobertura,2,58,2010,3138.0,3139.0
125,Con cobertura,2,58,2022,2719.0,2753.0
126,Con cobertura,2,62,2010,3243.0,3185.0
127,Con cobertura,2,62,2022,2493.0,2597.0
128,Con cobertura,2,66,2010,5206.0,5664.0
129,Con cobertura,2,66,2022,4165.0,4326.0
130,Con cobertura,2,70,2010,3010.0,3240.0
131,Con cobertura,2,70,2022,2634.0,2683.0
132,Con cobertura,2,74,2010,1900.0,2300.0
133,Con cobertura,2,74,2022,1862.0,1882.0
134,Con cobertura,2,78,2010,2131.0,2294.0
135,Con cobertura,2,78,2022,1893.0,1881.0
136,Con cobertura,2,82,2010,14782.0,14694.0
137,Con cobertura,2,82,2022,12604.0,13020.0
138,Con cobertura,2,86,2010,2727.0,2935.0
139,Con cobertura,2,86,2022,2169.0,2338.0
140,Con cobertura,2,90,2010,7223.0,7513.0
141,Con cobertura,2,90,2022,6112.0,6146.0
142,Con cobertura,2,94,2010,890.0,987.0
143,Con cobertura,2,94,2022,1038.0,1103.0
144,Con cobertura,3,2,2010,11518.0,12201.0
145,Con cobertura,3,2,2022,10452.0,10974.0
146,Con cobertura,3,6,2010,69586.0,72566.0
147,Con cobertura,3,6,2022,62688.0,64829.0
148,Con cobertura,3,10,2010,1760.0,1773.0
149,Con cobertura,3,10,2022,1513.0,1493.0
150,Con cobertura,3,14,2010,15096.0,16178.0
151,Con cobertura,3,14,2022,14167.0,14782.0
152,Con cobertura,3,18,2010,3886.0,4241.0
153,Con cobertura,3,18,2022,4759.0,4845.0
154,Con cobertura,3,22,2010,2671.0,2939.0
155,Con cobertura,3,22,2022,3216.0,3135.0
156,Con cobertura,3,26,2010,3456.0,3269.0
157,Con cobertura,3,26,2022,2693.0,2694.0
158,Con cobertura,3,30,2010,5377.0,5766.0
159,Con cobertura,3,30,2022,5398.0,5454.0
160,Con cobertura,3,34,2010,1405.0,1544.0
161,Con cobertura,3,34,2022,1557.0,1617.0
162,Con cobertura,3,38,2010,3080.0,2844.0
163,Con cobertura,3,38,2022,2598.0,2682.0
164,Con cobertura,3,42,2010,1376.0,1490.0
165,Con cobertura,3,42,2022,1311.0,1367.0
166,Con cobertura,3,46,2010,1386.0,1569.0
167,Con cobertura,3,46,2022,1183.0,1212.0
168,Con cobertura,3,50,2010,8411.0,8707.0
169,Con cobertura,3,50,2022,7530.0,7548.0
170,Con cobertura,3,54,2010,5647.0,5724.0
171,Con cobertura,3,54,2022,4756.0,4700.0
172,Con cobertura,3,58,2010,2821.0,3134.0
173,Con cobertura,3,58,2022,2958.0,3082.0
174,Con cobertura,3,62,2010,3287.0,3272.0
175,Con cobertura,3,62,2022,2772.0,2904.0
176,Con cobertura,3,66,2010,5122.0,5057.0
177,Con cobertura,3,66,2022,4718.0,4781.0
178,Con cobertura,3,70,2010,3176.0,3440.0
179,Con cobertura,3,70,2022,2873.0,3057.0
180,Con cobertura,3,74,2010,1977.0,2092.0
181,Con cobertura,3,74,2022,1956.0,2042.0
182,Con cobertura,3,78,2010,2081.0,2219.0
183,Con cobertura,3,78,2022,1940.0,2165.0
184,Con cobertura,3,82,2010,13750.0,14235.0
185,Con cobertura,3,82,2022,13968.0,14045.0
186,Con cobertura,3,86,2010,2643.0,2751.0
187,Con cobertura,3,86,2022,2628.0,2751.0
188,Con cobertura,3,90,2010,7080.0,7089.0
189,Con cobertura,3,90,2022,6966.0,6950.0
190,Con cobertura,3,94,2010,915.0,980.0
191,Con cobertura,3,94,2022,1148.0,1258.0
192,Con cobertura,4,2,2010,12385.0,12562.0
193,Con cobertura,4,2,2022,11506.0,11739.0
194,Con cobertura,4,6,2010,74947.0,77328.0
195,Con cobertura,4,6,2022,67213.0,69417.0
196,Con cobertura,4,10,2010,1853.0,1710.0
197,Con cobertura,4,10,2022,1574.0,1559.0
198,Con cobertura,4,14,2010,15442.0,16496.0
199,Con cobertura,4,14,2022,14882.0,15563.0
200,Con cobertura,4,18,2010,4132.0,4276.0
201,Con cobertura,4,18,2022,4983.0,5160.0
202,Con cobertura,4,22,2010,3171.0,3177.0
203,Con cobertura,4,22,2022,3304.0,3399.0
204,Con cobertura,4,26,2010,3249.0,3249.0
205,Con cobertura,4,26,2022,2945.0,2880.0
206,Con cobertura,4,30,2010,5716.0,5948.0
207,Con cobertura,4,30,2022,5621.0,6035.0
208,Con cobertura,4,34,2010,1571.0,1631.0
209,Con cobertura,4,34,2022,1667.0,1652.0
210,Con cobertura,4,38,2010,3101.0,3036.0
211,Con cobertura,4,38,2022,2831.0,2914.0
212,Con cobertura,4,42,2010,1698.0,1593.0
213,Con cobertura,4,42,2022,1499.0,1594.0
214,Con cobertura,4,46,2010,1658.0,1722.0
215,Con cobertura,4,46,2022,1272.0,1348.0
216,Con cobertura,4,50,2010,8144.0,8485.0
217,Con cobertura,4,50,2022,7851.0,8200.0
218,Con cobertura,4,54,2010,5486.0,5984.0
219,Con cobertura,4,54,2022,5001.0,5261.0
220,Con cobertura,4,58,2010,3104.0,3094.0
221,Con cobertura,4,58,2022,3363.0,3274.0
222,Con cobertura,4,62,2010,3202.0,3622.0
223,Con cobertura,4,62,2022,3266.0,3274.0
224,Con cobertura,4,66,2010,5320.0,5299.0
225,Con cobertura,4,66,2022,4964.0,5220.0
226,Con cobertura,4,70,2010,3156.0,3343.0
227,Con cobertura,4,70,2022,2985.0,3196.0
228,Con cobertura,4,74,2010,2153.0,2032.0
229,Con cobertura,4,74,2022,2177.0,2153.0
230,Con cobertura,4,78,2010,2191.0,2372.0
231,Con cobertura,4,78,2022,2284.0,2338.0
232,Con cobertura,4,82,2010,14315.0,15076.0
233,Con cobertura,4,82,2022,14811.0,15222.0
234,Con cobertura,4,86,2010,2980.0,2815.0
235,Con cobertura,4,86,2022,2740.0,2943.0
236,Con cobertura,4,90,2010,7168.0,7165.0
237,Con cobertura,4,90,2022,7041.0,7613.0
238,Con cobertura,4,94,2010,961.0,1001.0
239,Con cobertura,4,94,2022,1272.0,1324.0
240,Con cobertura,5,2,2010,12231.0,12599.0
241,Con cobertura,5,2,2022,12355.0,12818.0
242,Con cobertura,5,6,2010,76715.0,75933.0
243,Con cobertura,5,6,2022,71336.0,74289.0
244,Con cobertura,5,10,2010,1867.0,1687.0
245,Con cobertura,5,10,2022,1715.0,1769.0
246,Con cobertura,5,14,2010,15911.0,16194.0
247,Con cobertura,5,14,2022,15731.0,16179.0
248,Con cobertura,5,18,2010,4340.0,4623.0
249,Con cobertura,5,18,2022,5287.0,5408.0
250,Con cobertura,5,22,2010,3004.0,3529.0
251,Con cobertura,5,22,2022,3445.0,3566.0
252,Con cobertura,5,26,2010,3281.0,3163.0
253,Con cobertura,5,26,2022,3003.0,3238.0
254,Con cobertura,5,30,2010,5844.0,6215.0
255,Con cobertura,5,30,2022,6042.0,6381.0
256,Con cobertura,5,34,2010,1515.0,1852.0
257,Con cobertura,5,34,2022,1779.0,1734.0
258,Con cobertura,5,38,2010,3138.0,3219.0
259,Con cobertura,5,38,2022,3127.0,3134.0
260,Con cobertura,5,42,2010,1550.0,1598.0
261,Con cobertura,5,42,2022,1543.0,1592.0
262,Con cobertura,5,46,2010,1692.0,1612.0
263,Con cobertura,5,46,2022,1402.0,1382.0
264,Con cobertura,5,50,2010,8477.0,8844.0
265,Con cobertura,5,50,2022,8480.0,8869.0
266,Con cobertura,5,54,2010,5648.0,5669.0
267,Con cobertura,5,54,2022,4931.0,5198.0
268,Con cobertura,5,58,2010,3005.0,3181.0
269,Con cobertura,5,58,2022,3481.0,3575.0
270,Con cobertura,5,62,2010,3277.0,3638.0
271,Con cobertura,5,62,2022,3425.0,3596.0
272,Con cobertura,5,66,2010,5461.0,5900.0
273,Con cobertura,5,66,2022,5407.0,5412.0
274,Con cobertura,5,70,2010,3206.0,3287.0
275,Con cobertura,5,70,2022,3200.0,3309.0
276,Con cobertura,5,74,2010,2189.0,2119.0
277,Con cobertura,5,74,2022,2300.0,2298.0
278,Con cobertura,5,78,2010,2346.0,2231.0
279,Con cobertura,5,78,2022,2506.0,2544.0
280,Con cobertura,5,82,2010,14525.0,14754.0
281,Con cobertura,5,82,2022,15638.0,15943.0
282,Con cobertura,5,86,2010,3254.0,3421.0
283,Con cobertura,5,86,2022,2925.0,3012.0
284,Con cobertura,5,90,2010,7712.0,7365.0
285,Con cobertura,5,90,2022,7645.0,8114.0
286,Con cobertura,5,94,2010,894.0,995.0
287,Con cobertura,5,94,2022,1388.0,1351.0
288,Con cobertura,6,2,2010,12590.0,12511.0
289,Con cobertura,6,2,2022,12664.0,13260.0
290,Con cobertura,6,6,2010,76121.0,79843.0
291,Con cobertura,6,6,2022,74446.0,77192.0
292,Con cobertura,6,10,2010,1866.0,1737.0
293,Con cobertura,6,10,2022,1767.0,1784.0
294,Con cobertura,6,14,2010,15152.0,16535.0
295,Con cobertura,6,14,2022,15980.0,16544.0
296,Con cobertura,6,18,2010,4351.0,4475.0
297,Con cobertura,6,18,2022,5187.0,5330.0
298,Con cobertura,6,22,2010,3262.0,3455.0
299,Con cobertura,6,22,2022,3537.0,3584.0
300,Con cobertura,6,26,2010,3019.0,3051.0
301,Con cobertura,6,26,2022,3204.0,3341.0
302,Con cobertura,6,30,2010,6150.0,6328.0
303,Con cobertura,6,30,2022,6193.0,6418.0
304,Con cobertura,6,34,2010,1831.0,1894.0
305,Con cobertura,6,34,2022,1799.0,1952.0
306,Con cobertura,6,38,2010,3431.0,3534.0
307,Con cobertura,6,38,2022,3204.0,3269.0
308,Con cobertura,6,42,2010,1595.0,1665.0
309,Con cobertura,6,42,2022,1624.0,1714.0
310,Con cobertura,6,46,2010,1680.0,1791.0
311,Con cobertura,6,46,2022,1469.0,1509.0
312,Con cobertura,6,50,2010,7876.0,8283.0
313,Con cobertura,6,50,2022,8808.0,9109.0
314,Con cobertura,6,54,2010,5789.0,5970.0
315,Con cobertura,6,54,2022,5324.0,5462.0
316,Con cobertura,6,58,2010,2782.0,3020.0
317,Con cobertura,6,58,2022,3721.0,3787.0
318,Con cobertura,6,62,2010,3144.0,3471.0
319,Con cobertura,6,62,2022,3632.0,3712.0
320,Con cobertura,6,66,2010,5728.0,5488.0
321,Con cobertura,6,66,2022,5866.0,5785.0
322,Con cobertura,6,70,2010,3364.0,3460.0
323,Con cobertura,6,70,2022,3282.0,3431.0
324,Con cobertura,6,74,2010,2019.0,2153.0
325,Con cobertura,6,74,2022,2357.0,2569.0
326,Con cobertura,6,78,2010,2170.0,2099.0
327,Con cobertura,6,78,2022,2530.0,2670.0
328,Con cobertura,6,82,2010,15179.0,15030.0
329,Con cobertura,6,82,2022,15746.0,16367.0
330,Con cobertura,6,86,2010,2869.0,3199.0
331,Con cobertura,6,86,2022,3006.0,3088.0
332,Con cobertura,6,90,2010,7273.0,7689.0
333,Con cobertura,6,90,2022,7805.0,8097.0
334,Con cobertura,6,94,2010,885.0,914.0
335,Con cobertura,6,94,2022,1351.0,1281.0
336,Con cobertura,7,2,2010,11458.0,11979.0
337,Con cobertura,7,2,2022,13339.0,13817.0
338,Con cobertura,7,6,2010,73270.0,77281.0
339,Con cobertura,7,6,2022,79017.0,82388.0
340,Con cobertura,7,10,2010,2000.0,1977.0
341,Con cobertura,7,10,2022,1816.0,1919.0
342,Con cobertura,7,14,2010,16186.0,16908.0
343,Con cobertura,7,14,2022,16787.0,17586.0
344,Con cobertura,7,18,2010,4365.0,4583.0
345,Con cobertura,7,18,2022,5406.0,5816.0
346,Con cobertura,7,22,2010,3267.0,3469.0
347,Con cobertura,7,22,2022,3963.0,4001.0
348,Con cobertura,7,26,2010,3260.0,3241.0
349,Con cobertura,7,26,2022,3460.0,3503.0
350,Con cobertura,7,30,2010,6209.0,6271.0
351,Con cobertura,7,30,2022,6651.0,6984.0
352,Con cobertura,7,34,2010,1835.0,1845.0
353,Con cobertura,7,34,2022,1956.0,1990.0
354,Con cobertura,7,38,2010,3183.0,3266.0
355,Con cobertura,7,38,2022,3638.0,3828.0
356,Con cobertura,7,42,2010,1766.0,1539.0
357,Con cobertura,7,42,2022,1633.0,1735.0
358,Con cobertura,7,46,2010,1699.0,1767.0
359,Con cobertura,7,46,2022,1679.0,1602.0
360,Con cobertura,7,50,2010,8064.0,8134.0
361,Con cobertura,7,50,2022,9387.0,9881.0
362,Con cobertura,7,54,2010,5902.0,6230.0
363,Con cobertura,7,54,2022,5599.0,5940.0
364,Con cobertura,7,58,2010,2862.0,2674.0
365,Con cobertura,7,58,2022,3887.0,3893.0
366,Con cobertura,7,62,2010,3441.0,3395.0
367,Con cobertura,7,62,2022,3780.0,3891.0
368,Con cobertura,7,66,2010,5841.0,6147.0
369,Con cobertura,7,66,2022,6171.0,6137.0
370,Con cobertura,7,70,2010,3003.0,3465.0
371,Con cobertura,7,70,2022,3537.0,3647.0
372,Con cobertura,7,74,2010,2271.0,2188.0
373,Con cobertura,7,74,2022,2419.0,2552.0
374,Con cobertura,7,78,2010,2301.0,2251.0
375,Con cobertura,7,78,2022,2608.0,2581.0
376,Con cobertura,7,82,2010,14783.0,15381.0
377,Con cobertura,7,82,2022,16598.0,17268.0
378,Con cobertura,7,86,2010,3074.0,3072.0
379,Con cobertura,7,86,2022,3263.0,3416.0
380,Con cobertura,7,90,2010,7529.0,8161.0
381,Con cobertura,7,90,2022,8790.0,8914.0
382,Con cobertura,7,94,2010,886.0,961.0
383,Con cobertura,7,94,2022,1483.0,1488.0
384,Con cobertura,8,2,2010,11552.0,12110.0
385,Con cobertura,8,2,2022,13363.0,13599.0
386,Con cobertura,8,6,2010,71817.0,76048.0
387,Con cobertura,8,6,2022,78873.0,82282.0
388,Con cobertura,8,10,2010,1907.0,2097.0
389,Con cobertura,8,10,2022,1842.0,1795.0
390,Con cobertura,8,14,2010,15193.0,15496.0
391,Con cobertura,8,14,2022,16459.0,17120.0
392,Con cobertura,8,18,2010,4141.0,4488.0
393,Con cobertura,8,18,2022,5228.0,5332.0
394,Con cobertura,8,22,2010,3495.0,3483.0
395,Con cobertura,8,22,2022,3697.0,3660.0
396,Con cobertura,8,26,2010,3401.0,3294.0
397,Con cobertura,8,26,2022,3446.0,3637.0
398,Con cobertura,8,30,2010,6166.0,6189.0
399,Con cobertura,8,30,2022,6346.0,6673.0
400,Con cobertura,8,34,2010,1935.0,1682.0
401,Con cobertura,8,34,2022,1884.0,1883.0
402,Con cobertura,8,38,2010,3438.0,3637.0
403,Con cobertura,8,38,2022,3512.0,3629.0
404,Con cobertura,8,42,2010,1494.0,1646.0
405,Con cobertura,8,42,2022,1718.0,1780.0
406,Con cobertura,8,46,2010,1655.0,1699.0
407,Con cobertura,8,46,2022,1481.0,1643.0
408,Con cobertura,8,50,2010,7731.0,7899.0
409,Con cobertura,8,50,2022,9052.0,9383.0
410,Con cobertura,8,54,2010,5534.0,6387.0
411,Con cobertura,8,54,2022,5516.0,5549.0
412,Con cobertura,8,58,2010,2942.0,3153.0
413,Con cobertura,8,58,2022,3797.0,3946.0
414,Con cobertura,8,62,2010,3486.0,3425.0
415,Con cobertura,8,62,2022,3747.0,3830.0
416,Con cobertura,8,66,2010,6100.0,6086.0
417,Con cobertura,8,66,2022,6015.0,6154.0
418,Con cobertura,8,70,2010,3347.0,3305.0
419,Con cobertura,8,70,2022,3462.0,3664.0
420,Con cobertura,8,74,2010,2236.0,1999.0
421,Con cobertura,8,74,2022,2515.0,2662.0
422,Con cobertura,8,78,2010,2045.0,2115.0
423,Con cobertura,8,78,2022,2520.0,2703.0
424,Con cobertura,8,82,2010,14150.0,14765.0
425,Con cobertura,8,82,2022,16087.0,16549.0
426,Con cobertura,8,86,2010,3422.0,3367.0
427,Con cobertura,8,86,2022,3073.0,3247.0
428,Con cobertura,8,90,2010,7915.0,8224.0
429,Con cobertura,8,90,2022,8485.0,8685.0
430,Con cobertura,8,94,2010,945.0,928.0
431,Con cobertura,8,94,2022,1387.0,1430.0
432,Con cobertura,9,2,2010,11666.0,11766.0
433,Con cobertura,9,2,2022,13118.0,13912.0
434,Con cobertura,9,6,2010,74225.0,76799.0
435,Con cobertura,9,6,2022,80145.0,83245.0
436,Con cobertura,9,10,2010,2265.0,2138.0
437,Con cobertura,9,10,2022,1856.0,1857.0
438,Con cobertura,9,14,2010,15772.0,16540.0
439,Con cobertura,9,14,2022,16471.0,16928.0
440,Con cobertura,9,18,2010,4488.0,4292.0
441,Con cobertura,9,18,2022,5178.0,5632.0
442,Con cobertura,9,22,2010,3477.0,3596.0
443,Con cobertura,9,22,2022,3664.0,3979.0
444,Con cobertura,9,26,2010,3184.0,3545.0
445,Con cobertura,9,26,2022,3490.0,3602.0
446,Con cobertura,9,30,2010,6015.0,6245.0
447,Con cobertura,9,30,2022,6491.0,6798.0
448,Con cobertura,9,34,2010,2040.0,2067.0
449,Con cobertura,9,34,2022,1892.0,1917.0
450,Con cobertura,9,38,2010,3444.0,3517.0
451,Con cobertura,9,38,2022,3567.0,3505.0
452,Con cobertura,9,42,2010,1598.0,1619.0
453,Con cobertura,9,42,2022,1743.0,1822.0
454,Con cobertura,9,46,2010,1680.0,1765.0
455,Con cobertura,9,46,2022,1659.0,1732.0
456,Con cobertura,9,50,2010,8454.0,8226.0
457,Con cobertura,9,50,2022,9050.0,9386.0
458,Con cobertura,9,54,2010,6156.0,6043.0
459,Con cobertura,9,54,2022,5469.0,5682.0
460,Con cobertura,9,58,2010,2717.0,3228.0
461,Con cobertura,9,58,2022,3770.0,3924.0
462,Con cobertura,9,62,2010,3493.0,3629.0
463,Con cobertura,9,62,2022,3801.0,4014.0
464,Con cobertura,9,66,2010,6135.0,6221.0
465,Con cobertura,9,66,2022,6188.0,6319.0
466,Con cobertura,9,70,2010,3218.0,3178.0
467,Con cobertura,9,70,2022,3526.0,3652.0
468,Con cobertura,9,74,2010,2266.0,2298.0
469,Con cobertura,9,74,2022,2553.0,2653.0
470,Con cobertura,9,78,2010,2031.0,2245.0
471,Con cobertura,9,78,2022,2551.0,2563.0
472,Con cobertura,9,82,2010,14302.0,14558.0
473,Con cobertura,9,82,2022,16076.0,16388.0
474,Con cobertura,9,86,2010,3538.0,3349.0
475,Con cobertura,9,86,2022,3133.0,3247.0
476,Con cobertura,9,90,2010,8179.0,7754.0
477,Con cobertura,9,90,2022,8808.0,8801.0
478,Con cobertura,9,94,2010,901.0,844.0
479,Con cobertura,9,94,2022,1442.0,1305.0
480,Con cobertura,10,2,2010,11673.0,11971.0
481,Con cobertura,10,2,2022,13127.0,13467.0
482,Con cobertura,10,6,2010,75238.0,77681.0
483,Con cobertura,10,6,2022,80025.0,83262.0
484,Con cobertura,10,10,2010,2153.0,2236.0
485,Con cobertura,10,10,2022,1858.0,1824.0
486,Con cobertura,10,14,2010,15604.0,16998.0
487,Con cobertura,10,14,2022,16363.0,16715.0
488,Con cobertura,10,18,2010,4726.0,4831.0
489,Con cobertura,10,18,2022,5154.0,5357.0
490,Con cobertura,10,22,2010,3708.0,3690.0
491,Con cobertura,10,22,2022,3675.0,3784.0
492,Con cobertura,10,26,2010,3299.0,3299.0
493,Con cobertura,10,26,2022,3434.0,3425.0
494,Con cobertura,10,30,2010,6667.0,6609.0
495,Con cobertura,10,30,2022,6288.0,6612.0
496,Con cobertura,10,34,2010,1979.0,2055.0
497,Con cobertura,10,34,2022,1806.0,1877.0
498,Con cobertura,10,38,2010,3607.0,3577.0
499,Con cobertura,10,38,2022,3628.0,3673.0
500,Con cobertura,10,42,2010,1584.0,1598.0
501,Con cobertura,10,42,2022,1599.0,1625.0
502,Con cobertura,10,46,2010,1906.0,2050.0
503,Con cobertura,10,46,2022,1625.0,1633.0
504,Con cobertura,10,50,2010,8185.0,8941.0
505,Con cobertura,10,50,2022,9155.0,9219.0
506,Con cobertura,10,54,2010,6520.0,6445.0
507,Con cobertura,10,54,2022,5591.0,5698.0
508,Con cobertura,10,58,2010,2949.0,3428.0
509,Con cobertura,10,58,2022,3796.0,3846.0
510,Con cobertura,10,62,2010,3423.0,3916.0
511,Con cobertura,10,62,2022,3737.0,3828.0
512,Con cobertura,10,66,2010,6175.0,6489.0
513,Con cobertura,10,66,2022,6015.0,6217.0
514,Con cobertura,10,70,2010,3594.0,3276.0
515,Con cobertura,10,70,2022,3412.0,3675.0
516,Con cobertura,10,74,2010,2083.0,2241.0
517,Con cobertura,10,74,2022,2645.0,2677.0
518,Con cobertura,10,78,2010,2147.0,2127.0
519,Con cobertura,10,78,2022,2561.0,2610.0
520,Con cobertura,10,82,2010,14548.0,15138.0
521,Con cobertura,10,82,2022,15483.0,16195.0
522,Con cobertura,10,86,2010,3500.0,3812.0
523,Con cobertura,10,86,2022,3243.0,3370.0
524,Con cobertura,10,90,2010,8425.0,8584.0
525,Con cobertura,10,90,2022,8644.0,8923.0
526,Con cobertura,10,94,2010,1065.0,908.0
527,Con cobertura,10,94,2022,1381.0,1347.0
528,Con cobertura,11,2,2010,10677.0,11028.0
529,Con cobertura,11,2,2022,13643.0,14339.0
530,Con cobertura,11,6,2010,70665.0,74924.0
531,Con cobertura,11,6,2022,82246.0,85712.0
532,Con cobertura,11,10,2010,2102.0,2290.0
533,Con cobertura,11,10,2022,1936.0,2080.0
534,Con cobertura,11,14,2010,16466.0,16547.0
535,Con cobertura,11,14,2022,16798.0,17559.0
536,Con cobertura,11,18,2010,4713.0,4897.0
537,Con cobertura,11,18,2022,5488.0,5827.0
538,Con cobertura,11,22,2010,3749.0,4067.0
539,Con cobertura,11,22,2022,3992.0,3897.0
540,Con cobertura,11,26,2010,3037.0,3348.0
541,Con cobertura,11,26,2022,3535.0,3607.0
542,Con cobertura,11,30,2010,6258.0,6575.0
543,Con cobertura,11,30,2022,6489.0,6983.0
544,Con cobertura,11,34,2010,1951.0,2331.0
545,Con cobertura,11,34,2022,1886.0,2002.0
546,Con cobertura,11,38,2010,3762.0,3678.0
547,Con cobertura,11,38,2022,3838.0,4006.0
548,Con cobertura,11,42,2010,1529.0,1566.0
549,Con cobertura,11,42,2022,1777.0,1779.0
550,Con cobertura,11,46,2010,1772.0,1877.0
551,Con cobertura,11,46,2022,1620.0,1685.0
552,Con cobertura,11,50,2010,8067.0,8863.0
553,Con cobertura,11,50,2022,9245.0,9645.0
554,Con cobertura,11,54,2010,6402.0,6610.0
555,Con cobertura,11,54,2022,5930.0,6149.0
556,Con cobertura,11,58,2010,3003.0,3600.0
557,Con cobertura,11,58,2022,4104.0,4136.0
558,Con cobertura,11,62,2010,3650.0,3677.0
559,Con cobertura,11,62,2022,3862.0,4053.0
560,Con cobertura,11,66,2010,6022.0,6607.0
561,Con cobertura,11,66,2022,6355.0,6553.0
562,Con cobertura,11,70,2010,3159.0,3304.0
563,Con cobertura,11,70,2022,3662.0,3716.0
564,Con cobertura,11,74,2010,2092.0,2361.0
565,Con cobertura,11,74,2022,2646.0,2741.0
566,Con cobertura,11,78,2010,2086.0,2186.0
567,Con cobertura,11,78,2022,2653.0,2659.0
568,Con cobertura,11,82,2010,14744.0,14497.0
569,Con cobertura,11,82,2022,16102.0,16621.0
570,Con cobertura,11,86,2010,3765.0,3647.0
571,Con cobertura,11,86,2022,3394.0,3614.0
572,Con cobertura,11,90,2010,8270.0,8409.0
573,Con cobertura,11,90,2022,9177.0,9390.0
574,Con cobertura,11,94,2010,891.0,765.0
575,Con cobertura,11,94,2022,1323.0,1397.0
576,Con cobertura,12,2,2010,11171.0,11810.0
577,Con cobertura,12,2,2022,13731.0,14239.0
578,Con cobertura,12,6,2010,72157.0,75184.0
579,Con cobertura,12,6,2022,82871.0,86160.0
580,Con cobertura,12,10,2010,2238.0,2448.0
581,Con cobertura,12,10,2022,1955.0,2091.0
582,Con cobertura,12,14,2010,16390.0,16442.0
583,Con cobertura,12,14,2022,16857.0,17393.0
584,Con cobertura,12,18,2010,4587.0,4644.0
585,Con cobertura,12,18,2022,5401.0,5627.0
586,Con cobertura,12,22,2010,3987.0,3957.0
587,Con cobertura,12,22,2022,3910.0,3893.0
588,Con cobertura,12,26,2010,3175.0,3244.0
589,Con cobertura,12,26,2022,3673.0,3652.0
590,Con cobertura,12,30,2010,6574.0,6502.0
591,Con cobertura,12,30,2022,6510.0,6776.0
592,Con cobertura,12,34,2010,1979.0,2145.0
593,Con cobertura,12,34,2022,1848.0,1941.0
594,Con cobertura,12,38,2010,3479.0,3957.0
595,Con cobertura,12,38,2022,3684.0,3890.0
596,Con cobertura,12,42,2010,1699.0,1665.0
597,Con cobertura,12,42,2022,1693.0,1852.0
598,Con cobertura,12,46,2010,1543.0,1909.0
599,Con cobertura,12,46,2022,1790.0,1755.0
600,Con cobertura,12,50,2010,8024.0,8650.0
601,Con cobertura,12,50,2022,9230.0,9733.0
602,Con cobertura,12,54,2010,5914.0,6494.0
603,Con cobertura,12,54,2022,5856.0,5882.0
604,Con cobertura,12,58,2010,2864.0,3184.0
605,Con cobertura,12,58,2022,4078.0,4246.0
606,Con cobertura,12,62,2010,3511.0,3872.0
607,Con cobertura,12,62,2022,3873.0,3936.0
608,Con cobertura,12,66,2010,5959.0,6532.0
609,Con cobertura,12,66,2022,6270.0,6548.0
610,Con cobertura,12,70,2010,3491.0,3030.0
611,Con cobertura,12,70,2022,3558.0,3731.0
612,Con cobertura,12,74,2010,2015.0,2151.0
613,Con cobertura,12,74,2022,2617.0,2764.0
614,Con cobertura,12,78,2010,2048.0,2128.0
615,Con cobertura,12,78,2022,2710.0,2725.0
616,Con cobertura,12,82,2010,14067.0,15088.0
617,Con cobertura,12,82,2022,15908.0,16634.0
618,Con cobertura,12,86,2010,3947.0,3746.0
619,Con cobertura,12,86,2022,3349.0,3565.0
620,Con cobertura,12,90,2010,7760.0,8072.0
621,Con cobertura,12,90,2022,8985.0,9057.0
622,Con cobertura,12,94,2010,964.0,936.0
623,Con cobertura,12,94,2022,1325.0,1460.0
624,Con cobertura,13,2,2010,11050.0,10954.0
625,Con cobertura,13,2,2022,13597.0,13882.0
626,Con cobertura,13,6,2010,71816.0,71878.0
627,Con cobertura,13,6,2022,82253.0,85457.0
628,Con cobertura,13,10,2010,2379.0,2195.0
629,Con cobertura,13,10,2022,2149.0,2094.0
630,Con cobertura,13,14,2010,15827.0,16173.0
631,Con cobertura,13,14,2022,16766.0,17591.0
632,Con cobertura,13,18,2010,4452.0,4684.0
633,Con cobertura,13,18,2022,5445.0,5350.0
634,Con cobertura,13,22,2010,3923.0,3788.0
635,Con cobertura,13,22,2022,3633.0,3860.0
636,Con cobertura,13,26,2010,3291.0,3226.0
637,Con cobertura,13,26,2022,3604.0,3604.0
638,Con cobertura,13,30,2010,6688.0,6406.0
639,Con cobertura,13,30,2022,6432.0,6662.0
640,Con cobertura,13,34,2010,2171.0,2193.0
641,Con cobertura,13,34,2022,1956.0,2042.0
642,Con cobertura,13,38,2010,3807.0,3554.0
643,Con cobertura,13,38,2022,3773.0,3930.0
644,Con cobertura,13,42,2010,1753.0,1774.0
645,Con cobertura,13,42,2022,1661.0,1857.0
646,Con cobertura,13,46,2010,2198.0,1959.0
647,Con cobertura,13,46,2022,1760.0,1851.0
648,Con cobertura,13,50,2010,8103.0,8438.0
649,Con cobertura,13,50,2022,9409.0,9763.0
650,Con cobertura,13,54,2010,6369.0,6522.0
651,Con cobertura,13,54,2022,5477.0,5759.0
652,Con cobertura,13,58,2010,3219.0,3431.0
653,Con cobertura,13,58,2022,4164.0,4136.0
654,Con cobertura,13,62,2010,3851.0,3641.0
655,Con cobertura,13,62,2022,3720.0,4015.0
656,Con cobertura,13,66,2010,5953.0,6665.0
657,Con cobertura,13,66,2022,6196.0,6222.0
658,Con cobertura,13,70,2010,2884.0,3224.0
659,Con cobertura,13,70,2022,3548.0,3690.0
660,Con cobertura,13,74,2010,2010.0,2041.0
661,Con cobertura,13,74,2022,2773.0,2996.0
662,Con cobertura,13,78,2010,2181.0,2179.0
663,Con cobertura,13,78,2022,2545.0,2811.0
664,Con cobertura,13,82,2010,14466.0,14937.0
665,Con cobertura,13,82,2022,15851.0,16570.0
666,Con cobertura,13,86,2010,3987.0,3821.0
667,Con cobertura,13,86,2022,3512.0,3507.0
668,Con cobertura,13,90,2010,7610.0,8224.0
669,Con cobertura,13,90,2022,8906.0,9145.0
670,Con cobertura,13,94,2010,927.0,891.0
671,Con cobertura,13,94,2022,1371.0,1435.0
672,Con cobertura,14,2,2010,11229.0,12279.0
673,Con cobertura,14,2,2022,13001.0,13683.0
674,Con cobertura,14,6,2010,74702.0,79372.0
675,Con cobertura,14,6,2022,80988.0,83813.0
676,Con cobertura,14,10,2010,2348.0,2381.0
677,Con cobertura,14,10,2022,2113.0,2132.0
678,Con cobertura,14,14,2010,16184.0,16710.0
679,Con cobertura,14,14,2022,16485.0,16963.0
680,Con cobertura,14,18,2010,4652.0,5240.0
681,Con cobertura,14,18,2022,4978.0,5304.0
682,Con cobertura,14,22,2010,4156.0,4710.0
683,Con cobertura,14,22,2022,3513.0,3693.0
684,Con cobertura,14,26,2010,3452.0,3543.0
685,Con cobertura,14,26,2022,3519.0,3525.0
686,Con cobertura,14,30,2010,6730.0,6848.0
687,Con cobertura,14,30,2022,6436.0,6674.0
688,Con cobertura,14,34,2010,2316.0,2486.0
689,Con cobertura,14,34,2022,1845.0,2016.0
690,Con cobertura,14,38,2010,4050.0,4104.0
691,Con cobertura,14,38,2022,3667.0,3615.0
692,Con cobertura,14,42,2010,1626.0,1971.0
693,Con cobertura,14,42,2022,1723.0,1810.0
694,Con cobertura,14,46,2010,2096.0,2386.0
695,Con cobertura,14,46,2022,1729.0,1849.0
696,Con cobertura,14,50,2010,8710.0,9175.0
697,Con cobertura,14,50,2022,9314.0,9385.0
698,Con cobertura,14,54,2010,7053.0,7130.0
699,Con cobertura,14,54,2022,5290.0,5448.0
700,Con cobertura,14,58,2010,3106.0,3392.0
701,Con cobertura,14,58,2022,3774.0,4044.0
702,Con cobertura,14,62,2010,3880.0,4095.0
703,Con cobertura,14,62,2022,3697.0,3955.0
704,Con cobertura,14,66,2010,6544.0,6628.0
705,Con cobertura,14,66,2022,6048.0,6171.0
706,Con cobertura,14,70,2010,3418.0,3429.0
707,Con cobertura,14,70,2022,3396.0,3702.0
708,Con cobertura,14,74,2010,2106.0,2504.0
709,Con cobertura,14,74,2022,2683.0,2933.0
710,Con cobertura,14,78,2010,2346.0,2153.0
711,Con cobertura,14,78,2022,2557.0,2582.0
712,Con cobertura,14,82,2010,15181.0,16235.0
713,Con cobertura,14,82,2022,15475.0,16054.0
714,Con cobertura,14,86,2010,4086.0,4004.0
715,Con cobertura,14,86,2022,3329.0,3231.0
716,Con cobertura,14,90,2010,8840.0,9054.0
717,Con cobertura,14,90,2022,8833.0,9058.0
718,Con cobertura,14,94,2010,964.0,989.0
719,Con cobertura,14,94,2022,1361.0,1391.0
720,Con cobertura,15,2,2010,11571.0,12206.0
721,Con cobertura,15,2,2022,13357.0,13827.0
722,Con cobertura,15,6,2010,73657.0,75737.0
723,Con cobertura,15,6,2022,81346.0,83929.0
724,Con cobertura,15,10,2010,2352.0,2586.0
725,Con cobertura,15,10,2022,2033.0,2168.0
726,Con cobertura,15,14,2010,15700.0,16572.0
727,Con cobertura,15,14,2022,16185.0,16925.0
728,Con cobertura,15,18,2010,5071.0,4993.0
729,Con cobertura,15,18,2022,4880.0,5039.0
730,Con cobertura,15,22,2010,4155.0,4419.0
731,Con cobertura,15,22,2022,3693.0,3806.0
732,Con cobertura,15,26,2010,3393.0,3715.0
733,Con cobertura,15,26,2022,3500.0,3593.0
734,Con cobertura,15,30,2010,6630.0,6516.0
735,Con cobertura,15,30,2022,6434.0,6534.0
736,Con cobertura,15,34,2010,2748.0,2383.0
737,Con cobertura,15,34,2022,1842.0,1934.0
738,Con cobertura,15,38,2010,4024.0,4404.0
739,Con cobertura,15,38,2022,3529.0,3528.0
740,Con cobertura,15,42,2010,1964.0,1655.0
741,Con cobertura,15,42,2022,1764.0,1763.0
742,Con cobertura,15,46,2010,2223.0,2220.0
743,Con cobertura,15,46,2022,1771.0,1793.0
744,Con cobertura,15,50,2010,9063.0,8614.0
745,Con cobertura,15,50,2022,9119.0,9530.0
746,Con cobertura,15,54,2010,6708.0,6877.0
747,Con cobertura,15,54,2022,5287.0,5567.0
748,Con cobertura,15,58,2010,3346.0,3444.0
749,Con cobertura,15,58,2022,3937.0,3950.0
750,Con cobertura,15,62,2010,3809.0,4088.0
751,Con cobertura,15,62,2022,3678.0,3877.0
752,Con cobertura,15,66,2010,6848.0,6566.0
753,Con cobertura,15,66,2022,5767.0,6099.0
754,Con cobertura,15,70,2010,3555.0,3298.0
755,Con cobertura,15,70,2022,3500.0,3653.0
756,Con cobertura,15,74,2010,1935.0,2137.0
757,Con cobertura,15,74,2022,2874.0,2909.0
758,Con cobertura,15,78,2010,2222.0,2307.0
759,Con cobertura,15,78,2022,2522.0,2614.0
760,Con cobertura,15,82,2010,15171.0,15518.0
761,Con cobertura,15,82,2022,15410.0,16286.0
762,Con cobertura,15,86,2010,3933.0,3879.0
763,Con cobertura,15,86,2022,3216.0,3317.0
764,Con cobertura,15,90,2010,8966.0,8628.0
765,Con cobertura,15,90,2022,8704.0,8907.0
766,Con cobertura,15,94,2010,1104.0,954.0
767,Con cobertura,15,94,2022,1266.0,1341.0
768,Con cobertura,16,2,2010,11297.0,11456.0
769,Con cobertura,16,2,2022,13847.0,13774.0
770,Con cobertura,16,6,2010,71373.0,72781.0
771,Con cobertura,16,6,2022,81966.0,83842.0
772,Con cobertura,16,10,2010,2244.0,2418.0
773,Con cobertura,16,10,2022,2131.0,2080.0
774,Con cobertura,16,14,2010,15436.0,16237.0
775,Con cobertura,16,14,2022,16720.0,16866.0
776,Con cobertura,16,18,2010,4699.0,4898.0
777,Con cobertura,16,18,2022,4898.0,4980.0
778,Con cobertura,16,22,2010,4155.0,4104.0
779,Con cobertura,16,22,2022,3688.0,3747.0
780,Con cobertura,16,26,2010,3377.0,3478.0
781,Con cobertura,16,26,2022,3416.0,3479.0
782,Con cobertura,16,30,2010,6288.0,6528.0
783,Con cobertura,16,30,2022,6482.0,6676.0
784,Con cobertura,16,34,2010,2282.0,2435.0
785,Con cobertura,16,34,2022,1840.0,1864.0
786,Con cobertura,16,38,2010,4064.0,3996.0
787,Con cobertura,16,38,2022,3607.0,3665.0
788,Con cobertura,16,42,2010,1734.0,1726.0
789,Con cobertura,16,42,2022,1729.0,1858.0
790,Con cobertura,16,46,2010,2155.0,2217.0
791,Con cobertura,16,46,2022,1832.0,1822.0
792,Con cobertura,16,50,2010,8110.0,8639.0
793,Con cobertura,16,50,2022,9101.0,9136.0
794,Con cobertura,16,54,2010,6526.0,6407.0
795,Con cobertura,16,54,2022,5126.0,5222.0
796,Con cobertura,16,58,2010,3525.0,3426.0
797,Con cobertura,16,58,2022,3699.0,3896.0
798,Con cobertura,16,62,2010,3613.0,3759.0
799,Con cobertura,16,62,2022,3729.0,3910.0
800,Con cobertura,16,66,2010,6746.0,6572.0
801,Con cobertura,16,66,2022,5950.0,6210.0
802,Con cobertura,16,70,2010,3093.0,3625.0
803,Con cobertura,16,70,2022,3544.0,3770.0
804,Con cobertura,16,74,2010,2034.0,1947.0
805,Con cobertura,16,74,2022,2737.0,2793.0
806,Con cobertura,16,78,2010,2063.0,2210.0
807,Con cobertura,16,78,2022,2585.0,2570.0
808,Con cobertura,16,82,2010,15015.0,15843.0
809,Con cobertura,16,82,2022,15292.0,15862.0
810,Con cobertura,16,86,2010,3915.0,3880.0
811,Con cobertura,16,86,2022,3264.0,3393.0
812,Con cobertura,16,90,2010,8052.0,7950.0
813,Con cobertura,16,90,2022,8828.0,8818.0
814,Con cobertura,16,94,2010,979.0,950.0
815,Con cobertura,16,94,2022,1400.0,1311.0
816,Con cobertura,17,2,2010,11772.0,11404.0
817,Con cobertura,17,2,2022,14276.0,14446.0
818,Con cobertura,17,6,2010,70727.0,70890.0
819,Con cobertura,17,6,2022,84128.0,85726.0
820,Con cobertura,17,10,2010,2261.0,2461.0
821,Con cobertura,17,10,2022,2149.0,2161.0
822,Con cobertura,17,14,2010,15949.0,16118.0
823,Con cobertura,17,14,2022,17095.0,17448.0
824,Con cobertura,17,18,2010,4847.0,4538.0
825,Con cobertura,17,18,2022,5250.0,5241.0
826,Con cobertura,17,22,2010,4085.0,4003.0
827,Con cobertura,17,22,2022,3931.0,3962.0
828,Con cobertura,17,26,2010,3308.0,3052.0
829,Con cobertura,17,26,2022,3388.0,3461.0
830,Con cobertura,17,30,2010,6348.0,6470.0
831,Con cobertura,17,30,2022,6800.0,6917.0
832,Con cobertura,17,34,2010,2228.0,2319.0
833,Con cobertura,17,34,2022,1950.0,2059.0
834,Con cobertura,17,38,2010,4058.0,4169.0
835,Con cobertura,17,38,2022,3842.0,3684.0
836,Con cobertura,17,42,2010,1807.0,1883.0
837,Con cobertura,17,42,2022,1734.0,1829.0
838,Con cobertura,17,46,2010,2247.0,2187.0
839,Con cobertura,17,46,2022,1933.0,1862.0
840,Con cobertura,17,50,2010,8482.0,8844.0
841,Con cobertura,17,50,2022,9187.0,9282.0
842,Con cobertura,17,54,2010,6582.0,6053.0
843,Con cobertura,17,54,2022,5270.0,5475.0
844,Con cobertura,17,58,2010,3397.0,3517.0
845,Con cobertura,17,58,2022,3513.0,3677.0
846,Con cobertura,17,62,2010,3768.0,3917.0
847,Con cobertura,17,62,2022,3633.0,3875.0
848,Con cobertura,17,66,2010,6407.0,6515.0
849,Con cobertura,17,66,2022,6156.0,6345.0
850,Con cobertura,17,70,2010,3196.0,3308.0
851,Con cobertura,17,70,2022,3682.0,3636.0
852,Con cobertura,17,74,2010,1850.0,1893.0
853,Con cobertura,17,74,2022,2842.0,2923.0
854,Con cobertura,17,78,2010,2063.0,2035.0
855,Con cobertura,17,78,2022,2449.0,2390.0
856,Con cobertura,17,82,2010,15762.0,15251.0
857,Con cobertura,17,82,2022,15988.0,16042.0
858,Con cobertura,17,86,2010,3689.0,3754.0
859,Con cobertura,17,86,2022,3542.0,3620.0
860,Con cobertura,17,90,2010,8430.0,8512.0
861,Con cobertura,17,90,2022,9089.0,9465.0
862,Con cobertura,17,94,2010,927.0,972.0
863,Con cobertura,17,94,2022,1224.0,1329.0
864,Con cobertura,18,2,2010,13170.0,12896.0
865,Con cobertura,18,2,2022,15551.0,15274.0
866,Con cobertura,18,6,2010,70082.0,70770.0
867,Con cobertura,18,6,2022,78476.0,79903.0
868,Con cobertura,18,10,2010,2163.0,1965.0
869,Con cobertura,18,10,2022,2080.0,2000.0
870,Con cobertura,18,14,2010,16534.0,16463.0
871,Con cobertura,18,14,2022,17812.0,17674.0
872,Con cobertura,18,18,2010,4603.0,4352.0
873,Con cobertura,18,18,2022,4916.0,4759.0
874,Con cobertura,18,22,2010,3579.0,3312.0
875,Con cobertura,18,22,2022,3407.0,3430.0
876,Con cobertura,18,26,2010,2931.0,2939.0
877,Con cobertura,18,26,2022,2772.0,2871.0
878,Con cobertura,18,30,2010,5842.0,6090.0
879,Con cobertura,18,30,2022,6137.0,6255.0
880,Con cobertura,18,34,2010,2289.0,2003.0
881,Con cobertura,18,34,2022,1607.0,1623.0
882,Con cobertura,18,38,2010,3619.0,3706.0
883,Con cobertura,18,38,2022,3119.0,3273.0
884,Con cobertura,18,42,2010,1496.0,1741.0
885,Con cobertura,18,42,2022,1406.0,1574.0
886,Con cobertura,18,46,2010,2108.0,2177.0
887,Con cobertura,18,46,2022,1871.0,1766.0
888,Con cobertura,18,50,2010,8811.0,8540.0
889,Con cobertura,18,50,2022,8300.0,8066.0
890,Con cobertura,18,54,2010,5412.0,5454.0
891,Con cobertura,18,54,2022,4669.0,4715.0
892,Con cobertura,18,58,2010,3201.0,2886.0
893,Con cobertura,18,58,2022,2947.0,3078.0
894,Con cobertura,18,62,2010,3475.0,3403.0
895,Con cobertura,18,62,2022,3059.0,3159.0
896,Con cobertura,18,66,2010,6301.0,5630.0
897,Con cobertura,18,66,2022,5534.0,5477.0
898,Con cobertura,18,70,2010,3333.0,3374.0
899,Con cobertura,18,70,2022,3154.0,3338.0
900,Con cobertura,18,74,2010,1659.0,1894.0
901,Con cobertura,18,74,2022,2398.0,2253.0
902,Con cobertura,18,78,2010,1566.0,1775.0
903,Con cobertura,18,78,2022,1955.0,2141.0
904,Con cobertura,18,82,2010,16109.0,15268.0
905,Con cobertura,18,82,2022,15655.0,15654.0
906,Con cobertura,18,86,2010,3108.0,3151.0
907,Con cobertura,18,86,2022,2719.0,2740.0
908,Con cobertura,18,90,2010,8603.0,7864.0
909,Con cobertura,18,90,2022,8883.0,8890.0
910,Con cobertura,18,94,2010,830.0,683.0
911,Con cobertura,18,94,2022,989.0,1120.0
912,Con cobertura,19,2,2010,14779.0,14218.0
913,Con cobertura,19,2,2022,15601.0,14888.0
914,Con cobertura,19,6,2010,72583.0,71172.0
915,Con cobertura,19,6,2022,74328.0,74228.0
916,Con cobertura,19,10,2010,2022.0,1863.0
917,Con cobertura,19,10,2022,1894.0,1851.0
918,Con cobertura,19,14,2010,16661.0,16914.0
919,Con cobertura,19,14,2022,18189.0,17768.0
920,Con cobertura,19,18,2010,4678.0,4134.0
921,Con cobertura,19,18,2022,4852.0,4497.0
922,Con cobertura,19,22,2010,3367.0,3073.0
923,Con cobertura,19,22,2022,3248.0,3085.0
924,Con cobertura,19,26,2010,2553.0,2745.0
925,Con cobertura,19,26,2022,2591.0,2625.0
926,Con cobertura,19,30,2010,5895.0,6053.0
927,Con cobertura,19,30,2022,6025.0,5948.0
928,Con cobertura,19,34,2010,1897.0,1844.0
929,Con cobertura,19,34,2022,1575.0,1668.0
930,Con cobertura,19,38,2010,3246.0,3108.0
931,Con cobertura,19,38,2022,2940.0,3017.0
932,Con cobertura,19,42,2010,1409.0,1648.0
933,Con cobertura,19,42,2022,1349.0,1474.0
934,Con cobertura,19,46,2010,2163.0,2002.0
935,Con cobertura,19,46,2022,1918.0,1672.0
936,Con cobertura,19,50,2010,9005.0,8244.0
937,Con cobertura,19,50,2022,8061.0,7819.0
938,Con cobertura,19,54,2010,5492.0,5455.0
939,Con cobertura,19,54,2022,4583.0,4523.0
940,Con cobertura,19,58,2010,2863.0,2643.0
941,Con cobertura,19,58,2022,2821.0,2831.0
942,Con cobertura,19,62,2010,3330.0,3234.0
943,Con cobertura,19,62,2022,2809.0,2974.0
944,Con cobertura,19,66,2010,5733.0,5100.0
945,Con cobertura,19,66,2022,5748.0,5536.0
946,Con cobertura,19,70,2010,3165.0,2614.0
947,Con cobertura,19,70,2022,3026.0,3079.0
948,Con cobertura,19,74,2010,1883.0,1575.0
949,Con cobertura,19,74,2022,2232.0,1952.0
950,Con cobertura,19,78,2010,1540.0,1742.0
951,Con cobertura,19,78,2022,1646.0,1774.0
952,Con cobertura,19,82,2010,16592.0,16331.0
953,Con cobertura,19,82,2022,15687.0,15832.0
954,Con cobertura,19,86,2010,3262.0,2451.0
955,Con cobertura,19,86,2022,2531.0,2468.0
956,Con cobertura,19,90,2010,8420.0,7705.0
957,Con cobertura,19,90,2022,9443.0,9323.0
958,Con cobertura,19,94,2010,697.0,798.0
959,Con cobertura,19,94,2022,952.0,1066.0
960,Con cobertura,20,2,2010,15186.0,15398.0
961,Con cobertura,20,2,2022,15902.0,15018.0
962,Con cobertura,20,6,2010,71833.0,71714.0
963,Con cobertura,20,6,2022,70820.0,70196.0
964,Con cobertura,20,10,2010,1712.0,1650.0
965,Con cobertura,20,10,2022,1878.0,1747.0
966,Con cobertura,20,14,2010,17272.0,16588.0
967,Con cobertura,20,14,2022,17669.0,17025.0
968,Con cobertura,20,18,2010,4279.0,4015.0
969,Con cobertura,20,18,2022,4522.0,3888.0
970,Con cobertura,20,22,2010,2936.0,2827.0
971,Con cobertura,20,22,2022,3137.0,2777.0
972,Con cobertura,20,26,2010,2792.0,2734.0
973,Con cobertura,20,26,2022,2497.0,2598.0
974,Con cobertura,20,30,2010,5663.0,5612.0
975,Con cobertura,20,30,2022,5691.0,5420.0
976,Con cobertura,20,34,2010,1681.0,1636.0
977,Con cobertura,20,34,2022,1378.0,1393.0
978,Con cobertura,20,38,2010,2714.0,2660.0
979,Con cobertura,20,38,2022,2657.0,2655.0
980,Con cobertura,20,42,2010,1486.0,1596.0
981,Con cobertura,20,42,2022,1290.0,1325.0
982,Con cobertura,20,46,2010,1813.0,1744.0
983,Con cobertura,20,46,2022,1731.0,1638.0
984,Con cobertura,20,50,2010,7881.0,8365.0
985,Con cobertura,20,50,2022,7811.0,7616.0
986,Con cobertura,20,54,2010,5175.0,4229.0
987,Con cobertura,20,54,2022,4305.0,4292.0
988,Con cobertura,20,58,2010,2328.0,2431.0
989,Con cobertura,20,58,2022,2759.0,2739.0
990,Con cobertura,20,62,2010,2895.0,2827.0
991,Con cobertura,20,62,2022,2730.0,2725.0
992,Con cobertura,20,66,2010,4593.0,4601.0
993,Con cobertura,20,66,2022,5282.0,5193.0
994,Con cobertura,20,70,2010,2717.0,2636.0
995,Con cobertura,20,70,2022,2997.0,2926.0
996,Con cobertura,20,74,2010,1716.0,1343.0
997,Con cobertura,20,74,2022,2047.0,1717.0
998,Con cobertura,20,78,2010,1527.0,1528.0
999,Con cobertura,20,78,2022,1631.0,1499.0
1000,Con cobertura,20,82,2010,16537.0,16246.0
1001,Con cobertura,20,82,2022,14409.0,14573.0
1002,Con cobertura,20,86,2010,2823.0,2314.0
1003,Con cobertura,20,86,2022,2353.0,2287.0
1004,Con cobertura,20,90,2010,7706.0,7170.0
1005,Con cobertura,20,90,2022,8862.0,8422.0
1006,Con cobertura,20,94,2010,755.0,826.0
1007,Con cobertura,20,94,2022,879.0,929.0
1008,Con cobertura,21,2,2010,16096.0,15385.0
1009,Con cobertura,21,2,2022,15884.0,14449.0
1010,Con cobertura,21,6,2010,58500.0,63822.0
1011,Con cobertura,21,6,2022,60319.0,61216.0
1012,Con cobertura,21,10,2010,785.0,1085.0
1013,Con cobertura,21,10,2022,1007.0,1086.0
1014,Con cobertura,21,14,2010,14753.0,14439.0
1015,Con cobertura,21,14,2022,16509.0,16115.0
1016,Con cobertura,21,18,2010,3152.0,2663.0
1017,Con cobertura,21,18,2022,3760.0,3389.0
1018,Con cobertura,21,22,2010,2669.0,2394.0
1019,Con cobertura,21,22,2022,2736.0,2641.0
1020,Con cobertura,21,26,2010,1964.0,2267.0
1021,Con cobertura,21,26,2022,2126.0,2094.0
1022,Con cobertura,21,30,2010,4815.0,4929.0
1023,Con cobertura,21,30,2022,5093.0,5089.0
1024,Con cobertura,21,34,2010,1092.0,1071.0
1025,Con cobertura,21,34,2022,1061.0,1063.0
1026,Con cobertura,21,38,2010,1714.0,1609.0
1027,Con cobertura,21,38,2022,2102.0,2080.0
1028,Con cobertura,21,42,2010,1220.0,1149.0
1029,Con cobertura,21,42,2022,1136.0,1166.0
1030,Con cobertura,21,46,2010,1397.0,1398.0
1031,Con cobertura,21,46,2022,1472.0,1336.0
1032,Con cobertura,21,50,2010,6956.0,6781.0
1033,Con cobertura,21,50,2022,6475.0,6358.0
1034,Con cobertura,21,54,2010,4045.0,3487.0
1035,Con cobertura,21,54,2022,3792.0,3758.0
1036,Con cobertura,21,58,2010,1999.0,2147.0
1037,Con cobertura,21,58,2022,2345.0,2445.0
1038,Con cobertura,21,62,2010,2201.0,2222.0
1039,Con cobertura,21,62,2022,2192.0,2217.0
1040,Con cobertura,21,66,2010,3934.0,3666.0
1041,Con cobertura,21,66,2022,4316.0,4284.0
1042,Con cobertura,21,70,2010,1915.0,1835.0
1043,Con cobertura,21,70,2022,2109.0,2145.0
1044,Con cobertura,21,74,2010,1433.0,1271.0
1045,Con cobertura,21,74,2022,1758.0,1558.0
1046,Con cobertura,21,78,2010,1520.0,1573.0
1047,Con cobertura,21,78,2022,1388.0,1307.0
1048,Con cobertura,21,82,2010,14081.0,14235.0
1049,Con cobertura,21,82,2022,13076.0,13283.0
1050,Con cobertura,21,86,2010,1946.0,1762.0
1051,Con cobertura,21,86,2022,2238.0,1975.0
1052,Con cobertura,21,90,2010,6093.0,5923.0
1053,Con cobertura,21,90,2022,7937.0,7630.0
1054,Con cobertura,21,94,2010,612.0,586.0
1055,Con cobertura,21,94,2022,834.0,813.0
1056,Con cobertura,22,2,2010,16487.0,15444.0
1057,Con cobertura,22,2,2022,16178.0,14836.0
1058,Con cobertura,22,6,2010,60796.0,64209.0
1059,Con cobertura,22,6,2022,59225.0,60739.0
1060,Con cobertura,22,10,2010,865.0,1022.0
1061,Con cobertura,22,10,2022,929.0,962.0
1062,Con cobertura,22,14,2010,15269.0,14943.0
1063,Con cobertura,22,14,2022,16807.0,15999.0
1064,Con cobertura,22,18,2010,2953.0,2602.0
1065,Con cobertura,22,18,2022,3841.0,3450.0
1066,Con cobertura,22,22,2010,2341.0,2134.0
1067,Con cobertura,22,22,2022,2890.0,2573.0
1068,Con cobertura,22,26,2010,2219.0,2211.0
1069,Con cobertura,22,26,2022,2078.0,1985.0
1070,Con cobertura,22,30,2010,4537.0,4439.0
1071,Con cobertura,22,30,2022,4754.0,4599.0
1072,Con cobertura,22,34,2010,1094.0,1024.0
1073,Con cobertura,22,34,2022,1037.0,1064.0
1074,Con cobertura,22,38,2010,1697.0,1838.0
1075,Con cobertura,22,38,2022,1921.0,1855.0
1076,Con cobertura,22,42,2010,1219.0,1266.0
1077,Con cobertura,22,42,2022,1075.0,1178.0
1078,Con cobertura,22,46,2010,1375.0,1070.0
1079,Con cobertura,22,46,2022,1281.0,1262.0
1080,Con cobertura,22,50,2010,6490.0,6961.0
1081,Con cobertura,22,50,2022,6507.0,6404.0
1082,Con cobertura,22,54,2010,3643.0,3468.0
1083,Con cobertura,22,54,2022,3707.0,3605.0
1084,Con cobertura,22,58,2010,2105.0,2226.0
1085,Con cobertura,22,58,2022,2567.0,2567.0
1086,Con cobertura,22,62,2010,2151.0,2054.0
1087,Con cobertura,22,62,2022,2156.0,2132.0
1088,Con cobertura,22,66,2010,3648.0,3384.0
1089,Con cobertura,22,66,2022,4190.0,4049.0
1090,Con cobertura,22,70,2010,2227.0,1890.0
1091,Con cobertura,22,70,2022,2145.0,1977.0
1092,Con cobertura,22,74,2010,1433.0,1382.0
1093,Con cobertura,22,74,2022,1645.0,1617.0
1094,Con cobertura,22,78,2010,1336.0,1578.0
1095,Con cobertura,22,78,2022,1472.0,1286.0
1096,Con cobertura,22,82,2010,14773.0,14405.0
1097,Con cobertura,22,82,2022,13304.0,13470.0
1098,Con cobertura,22,86,2010,1788.0,1759.0
1099,Con cobertura,22,86,2022,2172.0,2039.0
1100,Con cobertura,22,90,2010,6521.0,5978.0
1101,Con cobertura,22,90,2022,7721.0,7328.0
1102,Con cobertura,22,94,2010,627.0,780.0
1103,Con cobertura,22,94,2022,835.0,824.0
1104,Con cobertura,23,2,2010,17777.0,16410.0
1105,Con cobertura,23,2,2022,16133.0,14332.0
1106,Con cobertura,23,6,2010,65144.0,67681.0
1107,Con cobertura,23,6,2022,58234.0,59652.0
1108,Con cobertura,23,10,2010,1016.0,980.0
1109,Con cobertura,23,10,2022,897.0,945.0
1110,Con cobertura,23,14,2010,16005.0,15422.0
1111,Con cobertura,23,14,2022,16332.0,15595.0
1112,Con cobertura,23,18,2010,3137.0,2904.0
1113,Con cobertura,23,18,2022,3594.0,3216.0
1114,Con cobertura,23,22,2010,2790.0,2683.0
1115,Con cobertura,23,22,2022,2722.0,2525.0
1116,Con cobertura,23,26,2010,2538.0,2440.0
1117,Con cobertura,23,26,2022,1969.0,1927.0
1118,Con cobertura,23,30,2010,4571.0,4720.0
1119,Con cobertura,23,30,2022,4134.0,4292.0
1120,Con cobertura,23,34,2010,1161.0,966.0
1121,Con cobertura,23,34,2022,979.0,1057.0
1122,Con cobertura,23,38,2010,1880.0,1896.0
1123,Con cobertura,23,38,2022,1796.0,1802.0
1124,Con cobertura,23,42,2010,1127.0,1136.0
1125,Con cobertura,23,42,2022,1113.0,1199.0
1126,Con cobertura,23,46,2010,1400.0,1027.0
1127,Con cobertura,23,46,2022,1179.0,1119.0
1128,Con cobertura,23,50,2010,7332.0,7427.0
1129,Con cobertura,23,50,2022,6240.0,6252.0
1130,Con cobertura,23,54,2010,4146.0,3398.0
1131,Con cobertura,23,54,2022,3688.0,3485.0
1132,Con cobertura,23,58,2010,2161.0,2341.0
1133,Con cobertura,23,58,2022,2343.0,2475.0
1134,Con cobertura,23,62,2010,2431.0,2402.0
1135,Con cobertura,23,62,2022,2119.0,2275.0
1136,Con cobertura,23,66,2010,3782.0,3408.0
1137,Con cobertura,23,66,2022,3838.0,3899.0
1138,Con cobertura,23,70,2010,2128.0,1911.0
1139,Con cobertura,23,70,2022,1998.0,1989.0
1140,Con cobertura,23,74,2010,1502.0,1539.0
1141,Con cobertura,23,74,2022,1859.0,1651.0
1142,Con cobertura,23,78,2010,1515.0,1593.0
1143,Con cobertura,23,78,2022,1495.0,1347.0
1144,Con cobertura,23,82,2010,15083.0,15674.0
1145,Con cobertura,23,82,2022,13257.0,13609.0
1146,Con cobertura,23,86,2010,1805.0,1668.0
1147,Con cobertura,23,86,2022,2060.0,2218.0
1148,Con cobertura,23,90,2010,6615.0,6125.0
1149,Con cobertura,23,90,2022,7237.0,6995.0
1150,Con cobertura,23,94,2010,809.0,611.0
1151,Con cobertura,23,94,2022,880.0,833.0
1152,Con cobertura,24,2,2010,18798.0,17687.0
1153,Con cobertura,24,2,2022,16382.0,14598.0
1154,Con cobertura,24,6,2010,65485.0,70202.0
1155,Con cobertura,24,6,2022,58695.0,60211.0
1156,Con cobertura,24,10,2010,1120.0,1168.0
1157,Con cobertura,24,10,2022,995.0,1059.0
1158,Con cobertura,24,14,2010,16392.0,15744.0
1159,Con cobertura,24,14,2022,15914.0,15435.0
1160,Con cobertura,24,18,2010,2933.0,2893.0
1161,Con cobertura,24,18,2022,3818.0,3093.0
1162,Con cobertura,24,22,2010,2805.0,2575.0
1163,Con cobertura,24,22,2022,2798.0,2638.0
1164,Con cobertura,24,26,2010,2781.0,2669.0
1165,Con cobertura,24,26,2022,2156.0,2035.0
1166,Con cobertura,24,30,2010,5041.0,4650.0
1167,Con cobertura,24,30,2022,4402.0,4325.0
1168,Con cobertura,24,34,2010,1294.0,1029.0
1169,Con cobertura,24,34,2022,1165.0,1118.0
1170,Con cobertura,24,38,2010,1843.0,1970.0
1171,Con cobertura,24,38,2022,1877.0,1819.0
1172,Con cobertura,24,42,2010,1352.0,1317.0
1173,Con cobertura,24,42,2022,1180.0,1251.0
1174,Con cobertura,24,46,2010,1141.0,1200.0
1175,Con cobertura,24,46,2022,1190.0,1118.0
1176,Con cobertura,24,50,2010,7629.0,7286.0
1177,Con cobertura,24,50,2022,6402.0,6325.0
1178,Con cobertura,24,54,2010,4517.0,3788.0
1179,Con cobertura,24,54,2022,3989.0,3717.0
1180,Con cobertura,24,58,2010,2580.0,2249.0
1181,Con cobertura,24,58,2022,2604.0,2699.0
1182,Con cobertura,24,62,2010,2780.0,2596.0
1183,Con cobertura,24,62,2022,2303.0,2346.0
1184,Con cobertura,24,66,2010,3782.0,3346.0
1185,Con cobertura,24,66,2022,3962.0,3874.0
1186,Con cobertura,24,70,2010,2169.0,1986.0
1187,Con cobertura,24,70,2022,2151.0,2159.0
1188,Con cobertura,24,74,2010,1679.0,1537.0
1189,Con cobertura,24,74,2022,1804.0,1698.0
1190,Con cobertura,24,78,2010,1670.0,1953.0
1191,Con cobertura,24,78,2022,1591.0,1417.0
1192,Con cobertura,24,82,2010,15903.0,15838.0
1193,Con cobertura,24,82,2022,13637.0,14052.0
1194,Con cobertura,24,86,2010,2076.0,1786.0
1195,Con cobertura,24,86,2022,2036.0,2157.0
1196,Con cobertura,24,90,2010,6729.0,6229.0
1197,Con cobertura,24,90,2022,7167.0,6999.0
1198,Con cobertura,24,94,2010,719.0,788.0
1199,Con cobertura,24,94,2022,967.0,952.0
1200,Con cobertura,25,2,2010,18948.0,17491.0
1201,Con cobertura,25,2,2022,17188.0,15249.0
1202,Con cobertura,25,6,2010,66545.0,68208.0
1203,Con cobertura,25,6,2022,61895.0,62371.0
1204,Con cobertura,25,10,2010,1289.0,1145.0
1205,Con cobertura,25,10,2022,1158.0,1103.0
1206,Con cobertura,25,14,2010,16082.0,15977.0
1207,Con cobertura,25,14,2022,16186.0,15598.0
1208,Con cobertura,25,18,2010,3174.0,2847.0
1209,Con cobertura,25,18,2022,3850.0,3356.0
1210,Con cobertura,25,22,2010,2756.0,2406.0
1211,Con cobertura,25,22,2022,2927.0,2612.0
1212,Con cobertura,25,26,2010,2542.0,3020.0
1213,Con cobertura,25,26,2022,2354.0,2209.0
1214,Con cobertura,25,30,2010,4872.0,5152.0
1215,Con cobertura,25,30,2022,4479.0,4560.0
1216,Con cobertura,25,34,2010,1318.0,1165.0
1217,Con cobertura,25,34,2022,1225.0,1341.0
1218,Con cobertura,25,38,2010,1913.0,2230.0
1219,Con cobertura,25,38,2022,1896.0,1916.0
1220,Con cobertura,25,42,2010,1297.0,1276.0
1221,Con cobertura,25,42,2022,1205.0,1367.0
1222,Con cobertura,25,46,2010,1346.0,1022.0
1223,Con cobertura,25,46,2022,1223.0,1236.0
1224,Con cobertura,25,50,2010,7113.0,6668.0
1225,Con cobertura,25,50,2022,6658.0,6342.0
1226,Con cobertura,25,54,2010,4469.0,3794.0
1227,Con cobertura,25,54,2022,4047.0,3821.0
1228,Con cobertura,25,58,2010,2459.0,2601.0
1229,Con cobertura,25,58,2022,2759.0,2739.0
1230,Con cobertura,25,62,2010,2558.0,2422.0
1231,Con cobertura,25,62,2022,2477.0,2519.0
1232,Con cobertura,25,66,2010,4062.0,3520.0
1233,Con cobertura,25,66,2022,4196.0,3918.0
1234,Con cobertura,25,70,2010,2366.0,1871.0
1235,Con cobertura,25,70,2022,2250.0,2106.0
1236,Con cobertura,25,74,2010,1702.0,1386.0
1237,Con cobertura,25,74,2022,1976.0,1882.0
1238,Con cobertura,25,78,2010,1813.0,1997.0
1239,Con cobertura,25,78,2022,1818.0,1537.0
1240,Con cobertura,25,82,2010,15838.0,16080.0
1241,Con cobertura,25,82,2022,14178.0,14378.0
1242,Con cobertura,25,86,2010,1675.0,1643.0
1243,Con cobertura,25,86,2022,2028.0,2235.0
1244,Con cobertura,25,90,2010,6681.0,5745.0
1245,Con cobertura,25,90,2022,7691.0,7162.0
1246,Con cobertura,25,94,2010,741.0,826.0
1247,Con cobertura,25,94,2022,1033.0,944.0
1248,Con cobertura,26,2,2010,19143.0,18167.0
1249,Con cobertura,26,2,2022,17450.0,15595.0
1250,Con cobertura,26,6,2010,65018.0,68396.0
1251,Con cobertura,26,6,2022,62843.0,63052.0
1252,Con cobertura,26,10,2010,1107.0,1243.0
1253,Con cobertura,26,10,2022,1199.0,1180.0
1254,Con cobertura,26,14,2010,15505.0,14580.0
1255,Con cobertura,26,14,2022,15840.0,15116.0
1256,Con cobertura,26,18,2010,2819.0,2741.0
1257,Con cobertura,26,18,2022,3816.0,3241.0
1258,Con cobertura,26,22,2010,2562.0,2298.0
1259,Con cobertura,26,22,2022,2880.0,2681.0
1260,Con cobertura,26,26,2010,2612.0,2652.0
1261,Con cobertura,26,26,2022,2343.0,2192.0
1262,Con cobertura,26,30,2010,4783.0,4701.0
1263,Con cobertura,26,30,2022,4476.0,4307.0
1264,Con cobertura,26,34,2010,1092.0,1090.0
1265,Con cobertura,26,34,2022,1382.0,1350.0
1266,Con cobertura,26,38,2010,1770.0,2033.0
1267,Con cobertura,26,38,2022,1997.0,2077.0
1268,Con cobertura,26,42,2010,1268.0,1256.0
1269,Con cobertura,26,42,2022,1258.0,1290.0
1270,Con cobertura,26,46,2010,1064.0,1057.0
1271,Con cobertura,26,46,2022,1331.0,1275.0
1272,Con cobertura,26,50,2010,7404.0,6666.0
1273,Con cobertura,26,50,2022,6947.0,6763.0
1274,Con cobertura,26,54,2010,4093.0,3877.0
1275,Con cobertura,26,54,2022,4297.0,3876.0
1276,Con cobertura,26,58,2010,2500.0,2328.0
1277,Con cobertura,26,58,2022,2813.0,2891.0
1278,Con cobertura,26,62,2010,2673.0,2756.0
1279,Con cobertura,26,62,2022,2599.0,2549.0
1280,Con cobertura,26,66,2010,3820.0,3672.0
1281,Con cobertura,26,66,2022,4034.0,3944.0
1282,Con cobertura,26,70,2010,2011.0,2074.0
1283,Con cobertura,26,70,2022,2154.0,2037.0
1284,Con cobertura,26,74,2010,1607.0,1635.0
1285,Con cobertura,26,74,2022,1862.0,1773.0
1286,Con cobertura,26,78,2010,1805.0,1861.0
1287,Con cobertura,26,78,2022,1880.0,1685.0
1288,Con cobertura,26,82,2010,15664.0,16157.0
1289,Con cobertura,26,82,2022,14585.0,14514.0
1290,Con cobertura,26,86,2010,1776.0,1902.0
1291,Con cobertura,26,86,2022,2151.0,2211.0
1292,Con cobertura,26,90,2010,6208.0,5617.0
1293,Con cobertura,26,90,2022,7368.0,7159.0
1294,Con cobertura,26,94,2010,761.0,878.0
1295,Con cobertura,26,94,2022,1190.0,986.0
1296,Con cobertura,27,2,2010,18995.0,17827.0
1297,Con cobertura,27,2,2022,18467.0,16289.0
1298,Con cobertura,27,6,2010,69817.0,68208.0
1299,Con cobertura,27,6,2022,65781.0,64933.0
1300,Con cobertura,27,10,2010,1242.0,1347.0
1301,Con cobertura,27,10,2022,1295.0,1342.0
1302,Con cobertura,27,14,2010,16067.0,15525.0
1303,Con cobertura,27,14,2022,16221.0,15333.0
1304,Con cobertura,27,18,2010,2945.0,3087.0
1305,Con cobertura,27,18,2022,4064.0,3486.0
1306,Con cobertura,27,22,2010,2886.0,2355.0
1307,Con cobertura,27,22,2022,3273.0,3028.0
1308,Con cobertura,27,26,2010,2967.0,3130.0
1309,Con cobertura,27,26,2022,2637.0,2362.0
1310,Con cobertura,27,30,2010,5344.0,4718.0
1311,Con cobertura,27,30,2022,4897.0,4790.0
1312,Con cobertura,27,34,2010,1316.0,1129.0
1313,Con cobertura,27,34,2022,1532.0,1476.0
1314,Con cobertura,27,38,2010,2036.0,1995.0
1315,Con cobertura,27,38,2022,2103.0,2222.0
1316,Con cobertura,27,42,2010,1430.0,1223.0
1317,Con cobertura,27,42,2022,1373.0,1391.0
1318,Con cobertura,27,46,2010,1363.0,1317.0
1319,Con cobertura,27,46,2022,1463.0,1336.0
1320,Con cobertura,27,50,2010,7342.0,7149.0
1321,Con cobertura,27,50,2022,7277.0,7020.0
1322,Con cobertura,27,54,2010,4460.0,3911.0
1323,Con cobertura,27,54,2022,4571.0,3916.0
1324,Con cobertura,27,58,2010,2751.0,2525.0
1325,Con cobertura,27,58,2022,3141.0,3162.0
1326,Con cobertura,27,62,2010,2911.0,2672.0
1327,Con cobertura,27,62,2022,2791.0,2757.0
1328,Con cobertura,27,66,2010,3795.0,3741.0
1329,Con cobertura,27,66,2022,4461.0,4070.0
1330,Con cobertura,27,70,2010,2371.0,2230.0
1331,Con cobertura,27,70,2022,2517.0,2286.0
1332,Con cobertura,27,74,2010,1943.0,1809.0
1333,Con cobertura,27,74,2022,1888.0,1809.0
1334,Con cobertura,27,78,2010,1968.0,2003.0
1335,Con cobertura,27,78,2022,2048.0,1804.0
1336,Con cobertura,27,82,2010,15917.0,16285.0
1337,Con cobertura,27,82,2022,15470.0,15371.0
1338,Con cobertura,27,86,2010,2001.0,1850.0
1339,Con cobertura,27,86,2022,2451.0,2467.0
1340,Con cobertura,27,90,2010,6386.0,6065.0
1341,Con cobertura,27,90,2022,7764.0,7324.0
1342,Con cobertura,27,94,2010,884.0,748.0
1343,Con cobertura,27,94,2022,1365.0,1098.0
1344,Con cobertura,28,2,2010,20307.0,18337.0
1345,Con cobertura,28,2,2022,18401.0,16333.0
1346,Con cobertura,28,6,2010,74836.0,74142.0
1347,Con cobertura,28,6,2022,67197.0,64546.0
1348,Con cobertura,28,10,2010,1322.0,1504.0
1349,Con cobertura,28,10,2022,1439.0,1335.0
1350,Con cobertura,28,14,2010,17294.0,16659.0
1351,Con cobertura,28,14,2022,16231.0,15316.0
1352,Con cobertura,28,18,2010,3215.0,3284.0
1353,Con cobertura,28,18,2022,4177.0,3477.0
1354,Con cobertura,28,22,2010,3096.0,2878.0
1355,Con cobertura,28,22,2022,3351.0,2906.0
1356,Con cobertura,28,26,2010,3155.0,3165.0
1357,Con cobertura,28,26,2022,2709.0,2531.0
1358,Con cobertura,28,30,2010,5702.0,5395.0
1359,Con cobertura,28,30,2022,5168.0,5068.0
1360,Con cobertura,28,34,2010,1239.0,1303.0
1361,Con cobertura,28,34,2022,1532.0,1485.0
1362,Con cobertura,28,38,2010,2210.0,2299.0
1363,Con cobertura,28,38,2022,2330.0,2215.0
1364,Con cobertura,28,42,2010,1386.0,1433.0
1365,Con cobertura,28,42,2022,1450.0,1394.0
1366,Con cobertura,28,46,2010,1546.0,1329.0
1367,Con cobertura,28,46,2022,1371.0,1297.0
1368,Con cobertura,28,50,2010,8252.0,7664.0
1369,Con cobertura,28,50,2022,7499.0,6893.0
1370,Con cobertura,28,54,2010,4493.0,4102.0
1371,Con cobertura,28,54,2022,4656.0,3988.0
1372,Con cobertura,28,58,2010,3106.0,2875.0
1373,Con cobertura,28,58,2022,3327.0,3143.0
1374,Con cobertura,28,62,2010,3161.0,3099.0
1375,Con cobertura,28,62,2022,2799.0,2911.0
1376,Con cobertura,28,66,2010,4065.0,3885.0
1377,Con cobertura,28,66,2022,4552.0,4133.0
1378,Con cobertura,28,70,2010,2631.0,2327.0
1379,Con cobertura,28,70,2022,2661.0,2454.0
1380,Con cobertura,28,74,2010,2347.0,1848.0
1381,Con cobertura,28,74,2022,2028.0,1916.0
1382,Con cobertura,28,78,2010,1854.0,2240.0
1383,Con cobertura,28,78,2022,2095.0,1932.0
1384,Con cobertura,28,82,2010,16930.0,16862.0
1385,Con cobertura,28,82,2022,15914.0,15387.0
1386,Con cobertura,28,86,2010,2246.0,2173.0
1387,Con cobertura,28,86,2022,2374.0,2640.0
1388,Con cobertura,28,90,2010,7336.0,6461.0
1389,Con cobertura,28,90,2022,7658.0,7011.0
1390,Con cobertura,28,94,2010,791.0,838.0
1391,Con cobertura,28,94,2022,1351.0,1158.0
1392,Con cobertura,29,2,2010,19954.0,18641.0
1393,Con cobertura,29,2,2022,19661.0,17116.0
1394,Con cobertura,29,6,2010,74514.0,74121.0
1395,Con cobertura,29,6,2022,69943.0,67078.0
1396,Con cobertura,29,10,2010,1515.0,1311.0
1397,Con cobertura,29,10,2022,1557.0,1524.0
1398,Con cobertura,29,14,2010,17428.0,16468.0
1399,Con cobertura,29,14,2022,16562.0,15563.0
1400,Con cobertura,29,18,2010,3525.0,3012.0
1401,Con cobertura,29,18,2022,4475.0,3746.0
1402,Con cobertura,29,22,2010,3067.0,2993.0
1403,Con cobertura,29,22,2022,3873.0,3184.0
1404,Con cobertura,29,26,2010,3149.0,3095.0
1405,Con cobertura,29,26,2022,2839.0,2663.0
1406,Con cobertura,29,30,2010,5693.0,5287.0
1407,Con cobertura,29,30,2022,5597.0,5300.0
1408,Con cobertura,29,34,2010,1402.0,1294.0
1409,Con cobertura,29,34,2022,1836.0,1551.0
1410,Con cobertura,29,38,2010,2421.0,2525.0
1411,Con cobertura,29,38,2022,2472.0,2411.0
1412,Con cobertura,29,42,2010,1292.0,1563.0
1413,Con cobertura,29,42,2022,1565.0,1483.0
1414,Con cobertura,29,46,2010,1359.0,1474.0
1415,Con cobertura,29,46,2022,1511.0,1456.0
1416,Con cobertura,29,50,2010,8254.0,7633.0
1417,Con cobertura,29,50,2022,8064.0,7606.0
1418,Con cobertura,29,54,2010,4208.0,4209.0
1419,Con cobertura,29,54,2022,5030.0,4144.0
1420,Con cobertura,29,58,2010,3089.0,2816.0
1421,Con cobertura,29,58,2022,3725.0,3535.0
1422,Con cobertura,29,62,2010,3285.0,3118.0
1423,Con cobertura,29,62,2022,3227.0,2893.0
1424,Con cobertura,29,66,2010,4330.0,3981.0
1425,Con cobertura,29,66,2022,4904.0,4532.0
1426,Con cobertura,29,70,2010,2391.0,2550.0
1427,Con cobertura,29,70,2022,2877.0,2702.0
1428,Con cobertura,29,74,2010,2021.0,2188.0
1429,Con cobertura,29,74,2022,2211.0,2006.0
1430,Con cobertura,29,78,2010,1998.0,2086.0
1431,Con cobertura,29,78,2022,2276.0,1995.0
1432,Con cobertura,29,82,2010,17154.0,16693.0
1433,Con cobertura,29,82,2022,16520.0,15684.0
1434,Con cobertura,29,86,2010,2261.0,2226.0
1435,Con cobertura,29,86,2022,2626.0,2772.0
1436,Con cobertura,29,90,2010,7053.0,6704.0
1437,Con cobertura,29,90,2022,8118.0,7467.0
1438,Con cobertura,29,94,2010,794.0,783.0
1439,Con cobertura,29,94,2022,1370.0,1133.0
1440,Con cobertura,30,2,2010,21893.0,20462.0
1441,Con cobertura,30,2,2022,21005.0,18542.0
1442,Con cobertura,30,6,2010,78593.0,78164.0
1443,Con cobertura,30,6,2022,77837.0,72935.0
1444,Con cobertura,30,10,2010,1528.0,1488.0
1445,Con cobertura,30,10,2022,1675.0,1615.0
1446,Con cobertura,30,14,2010,18587.0,16997.0
1447,Con cobertura,30,14,2022,17767.0,16183.0
1448,Con cobertura,30,18,2010,3655.0,3469.0
1449,Con cobertura,30,18,2022,5067.0,4337.0
1450,Con cobertura,30,22,2010,3231.0,3101.0
1451,Con cobertura,30,22,2022,4195.0,3637.0
1452,Con cobertura,30,26,2010,3120.0,3246.0
1453,Con cobertura,30,26,2022,3239.0,2936.0
1454,Con cobertura,30,30,2010,6046.0,5602.0
1455,Con cobertura,30,30,2022,6316.0,5793.0
1456,Con cobertura,30,34,2010,1770.0,1359.0
1457,Con cobertura,30,34,2022,1956.0,1751.0
1458,Con cobertura,30,38,2010,2426.0,2544.0
1459,Con cobertura,30,38,2022,2768.0,2733.0
1460,Con cobertura,30,42,2010,1672.0,1347.0
1461,Con cobertura,30,42,2022,1737.0,1684.0
1462,Con cobertura,30,46,2010,1730.0,1518.0
1463,Con cobertura,30,46,2022,1564.0,1456.0
1464,Con cobertura,30,50,2010,8803.0,8075.0
1465,Con cobertura,30,50,2022,8705.0,8110.0
1466,Con cobertura,30,54,2010,4974.0,4326.0
1467,Con cobertura,30,54,2022,5600.0,4650.0
1468,Con cobertura,30,58,2010,3304.0,3076.0
1469,Con cobertura,30,58,2022,4112.0,3818.0
1470,Con cobertura,30,62,2010,3529.0,3127.0
1471,Con cobertura,30,62,2022,3517.0,3209.0
1472,Con cobertura,30,66,2010,4721.0,4509.0
1473,Con cobertura,30,66,2022,5278.0,4812.0
1474,Con cobertura,30,70,2010,2856.0,2613.0
1475,Con cobertura,30,70,2022,3027.0,2863.0
1476,Con cobertura,30,74,2010,2032.0,2186.0
1477,Con cobertura,30,74,2022,2370.0,2178.0
1478,Con cobertura,30,78,2010,2160.0,2349.0
1479,Con cobertura,30,78,2022,2429.0,2178.0
1480,Con cobertura,30,82,2010,18195.0,17632.0
1481,Con cobertura,30,82,2022,18144.0,17006.0
1482,Con cobertura,30,86,2010,2622.0,2580.0
1483,Con cobertura,30,86,2022,3187.0,2809.0
1484,Con cobertura,30,90,2010,7012.0,7107.0
1485,Con cobertura,30,90,2022,8277.0,7494.0
1486,Con cobertura,30,94,2010,949.0,812.0
1487,Con cobertura,30,94,2022,1487.0,1314.0
1488,Con cobertura,31,2,2010,21056.0,19685.0
1489,Con cobertura,31,2,2022,21284.0,18863.0
1490,Con cobertura,31,6,2010,78476.0,77262.0
1491,Con cobertura,31,6,2022,78136.0,72367.0
1492,Con cobertura,31,10,2010,1588.0,1603.0
1493,Con cobertura,31,10,2022,1601.0,1614.0
1494,Con cobertura,31,14,2010,17640.0,17333.0
1495,Con cobertura,31,14,2022,17826.0,16053.0
1496,Con cobertura,31,18,2010,3727.0,3359.0
1497,Con cobertura,31,18,2022,5180.0,4214.0
1498,Con cobertura,31,22,2010,3358.0,3147.0
1499,Con cobertura,31,22,2022,4347.0,3719.0
1500,Con cobertura,31,26,2010,3214.0,3276.0
1501,Con cobertura,31,26,2022,3251.0,3003.0
1502,Con cobertura,31,30,2010,5931.0,5544.0
1503,Con cobertura,31,30,2022,6534.0,5895.0
1504,Con cobertura,31,34,2010,1647.0,1426.0
1505,Con cobertura,31,34,2022,1898.0,1766.0
1506,Con cobertura,31,38,2010,2571.0,2625.0
1507,Con cobertura,31,38,2022,2522.0,2354.0
1508,Con cobertura,31,42,2010,1510.0,1691.0
1509,Con cobertura,31,42,2022,1716.0,1641.0
1510,Con cobertura,31,46,2010,1642.0,1529.0
1511,Con cobertura,31,46,2022,1503.0,1441.0
1512,Con cobertura,31,50,2010,8666.0,8208.0
1513,Con cobertura,31,50,2022,8837.0,7859.0
1514,Con cobertura,31,54,2010,5068.0,4431.0
1515,Con cobertura,31,54,2022,5553.0,4576.0
1516,Con cobertura,31,58,2010,3282.0,3055.0
1517,Con cobertura,31,58,2022,4200.0,3932.0
1518,Con cobertura,31,62,2010,3507.0,3205.0
1519,Con cobertura,31,62,2022,3669.0,3244.0
1520,Con cobertura,31,66,2010,4774.0,4279.0
1521,Con cobertura,31,66,2022,5134.0,4531.0
1522,Con cobertura,31,70,2010,2756.0,2809.0
1523,Con cobertura,31,70,2022,3013.0,2743.0
1524,Con cobertura,31,74,2010,2140.0,2191.0
1525,Con cobertura,31,74,2022,2399.0,2109.0
1526,Con cobertura,31,78,2010,2055.0,2279.0
1527,Con cobertura,31,78,2022,2547.0,2188.0
1528,Con cobertura,31,82,2010,17966.0,16965.0
1529,Con cobertura,31,82,2022,18270.0,17090.0
1530,Con cobertura,31,86,2010,2733.0,2667.0
1531,Con cobertura,31,86,2022,3102.0,2832.0
1532,Con cobertura,31,90,2010,7421.0,6998.0
1533,Con cobertura,31,90,2022,7810.0,7245.0
1534,Con cobertura,31,94,2010,878.0,1046.0
1535,Con cobertura,31,94,2022,1522.0,1329.0
1536,Con cobertura,32,2,2010,20761.0,18546.0
1537,Con cobertura,32,2,2022,21102.0,18948.0
1538,Con cobertura,32,6,2010,78362.0,74728.0
1539,Con cobertura,32,6,2022,77689.0,72245.0
1540,Con cobertura,32,10,2010,1671.0,1572.0
1541,Con cobertura,32,10,2022,1577.0,1568.0
1542,Con cobertura,32,14,2010,17386.0,16149.0
1543,Con cobertura,32,14,2022,17509.0,16090.0
1544,Con cobertura,32,18,2010,3477.0,2990.0
1545,Con cobertura,32,18,2022,4904.0,4183.0
1546,Con cobertura,32,22,2010,3251.0,2809.0
1547,Con cobertura,32,22,2022,4011.0,3581.0
1548,Con cobertura,32,26,2010,3430.0,3273.0
1549,Con cobertura,32,26,2022,3311.0,2924.0
1550,Con cobertura,32,30,2010,5772.0,5653.0
1551,Con cobertura,32,30,2022,6466.0,5798.0
1552,Con cobertura,32,34,2010,1534.0,1330.0
1553,Con cobertura,32,34,2022,1841.0,1664.0
1554,Con cobertura,32,38,2010,2564.0,2317.0
1555,Con cobertura,32,38,2022,2563.0,2447.0
1556,Con cobertura,32,42,2010,1544.0,1513.0
1557,Con cobertura,32,42,2022,1732.0,1568.0
1558,Con cobertura,32,46,2010,1459.0,1452.0
1559,Con cobertura,32,46,2022,1546.0,1341.0
1560,Con cobertura,32,50,2010,8910.0,7667.0
1561,Con cobertura,32,50,2022,8361.0,7925.0
1562,Con cobertura,32,54,2010,4788.0,4170.0
1563,Con cobertura,32,54,2022,5139.0,4592.0
1564,Con cobertura,32,58,2010,3164.0,2933.0
1565,Con cobertura,32,58,2022,3967.0,3755.0
1566,Con cobertura,32,62,2010,3590.0,3247.0
1567,Con cobertura,32,62,2022,3583.0,3257.0
1568,Con cobertura,32,66,2010,4561.0,4281.0
1569,Con cobertura,32,66,2022,4767.0,4427.0
1570,Con cobertura,32,70,2010,2841.0,2576.0
1571,Con cobertura,32,70,2022,2960.0,2725.0
1572,Con cobertura,32,74,2010,2412.0,2264.0
1573,Con cobertura,32,74,2022,2352.0,2120.0
1574,Con cobertura,32,78,2010,2025.0,2157.0
1575,Con cobertura,32,78,2022,2530.0,2171.0
1576,Con cobertura,32,82,2010,17388.0,16653.0
1577,Con cobertura,32,82,2022,17582.0,16827.0
1578,Con cobertura,32,86,2010,2686.0,2398.0
1579,Con cobertura,32,86,2022,3046.0,2865.0
1580,Con cobertura,32,90,2010,7946.0,7221.0
1581,Con cobertura,32,90,2022,7271.0,6723.0
1582,Con cobertura,32,94,2010,852.0,961.0
1583,Con cobertura,32,94,2022,1554.0,1357.0
1584,Con cobertura,33,2,2010,21055.0,18424.0
1585,Con cobertura,33,2,2022,21669.0,19215.0
1586,Con cobertura,33,6,2010,79089.0,75720.0
1587,Con cobertura,33,6,2022,79333.0,73703.0
1588,Con cobertura,33,10,2010,1656.0,1782.0
1589,Con cobertura,33,10,2022,1656.0,1659.0
1590,Con cobertura,33,14,2010,17069.0,15988.0
1591,Con cobertura,33,14,2022,17154.0,15916.0
1592,Con cobertura,33,18,2010,3228.0,3092.0
1593,Con cobertura,33,18,2022,4877.0,4158.0
1594,Con cobertura,33,22,2010,3430.0,2864.0
1595,Con cobertura,33,22,2022,4046.0,3581.0
1596,Con cobertura,33,26,2010,3265.0,2969.0
1597,Con cobertura,33,26,2022,3292.0,2935.0
1598,Con cobertura,33,30,2010,6001.0,5590.0
1599,Con cobertura,33,30,2022,6403.0,5861.0
1600,Con cobertura,33,34,2010,1556.0,1389.0
1601,Con cobertura,33,34,2022,1910.0,1753.0
1602,Con cobertura,33,38,2010,2556.0,2530.0
1603,Con cobertura,33,38,2022,2614.0,2541.0
1604,Con cobertura,33,42,2010,1793.0,1352.0
1605,Con cobertura,33,42,2022,1757.0,1672.0
1606,Con cobertura,33,46,2010,1706.0,1325.0
1607,Con cobertura,33,46,2022,1573.0,1466.0
1608,Con cobertura,33,50,2010,8542.0,7367.0
1609,Con cobertura,33,50,2022,8793.0,8028.0
1610,Con cobertura,33,54,2010,4394.0,4245.0
1611,Con cobertura,33,54,2022,5219.0,4641.0
1612,Con cobertura,33,58,2010,3430.0,2982.0
1613,Con cobertura,33,58,2022,4067.0,3857.0
1614,Con cobertura,33,62,2010,3508.0,3087.0
1615,Con cobertura,33,62,2022,3795.0,3323.0
1616,Con cobertura,33,66,2010,4543.0,4355.0
1617,Con cobertura,33,66,2022,5204.0,4541.0
1618,Con cobertura,33,70,2010,2416.0,2640.0
1619,Con cobertura,33,70,2022,3066.0,2775.0
1620,Con cobertura,33,74,2010,2085.0,2104.0
1621,Con cobertura,33,74,2022,2442.0,2153.0
1622,Con cobertura,33,78,2010,1873.0,1956.0
1623,Con cobertura,33,78,2022,2421.0,2287.0
1624,Con cobertura,33,82,2010,17056.0,17125.0
1625,Con cobertura,33,82,2022,17710.0,16588.0
1626,Con cobertura,33,86,2010,2684.0,2394.0
1627,Con cobertura,33,86,2022,3033.0,2902.0
1628,Con cobertura,33,90,2010,7179.0,6303.0
1629,Con cobertura,33,90,2022,7803.0,7011.0
1630,Con cobertura,33,94,2010,822.0,1008.0
1631,Con cobertura,33,94,2022,1477.0,1360.0
1632,Con cobertura,34,2,2010,21039.0,18375.0
1633,Con cobertura,34,2,2022,20989.0,18965.0
1634,Con cobertura,34,6,2010,75454.0,71237.0
1635,Con cobertura,34,6,2022,78681.0,72638.0
1636,Con cobertura,34,10,2010,1796.0,1598.0
1637,Con cobertura,34,10,2022,1736.0,1593.0
1638,Con cobertura,34,14,2010,15939.0,14731.0
1639,Con cobertura,34,14,2022,17404.0,15962.0
1640,Con cobertura,34,18,2010,3235.0,2945.0
1641,Con cobertura,34,18,2022,4927.0,4214.0
1642,Con cobertura,34,22,2010,3214.0,2718.0
1643,Con cobertura,34,22,2022,4167.0,3528.0
1644,Con cobertura,34,26,2010,3329.0,2999.0
1645,Con cobertura,34,26,2022,3339.0,3149.0
1646,Con cobertura,34,30,2010,5451.0,5015.0
1647,Con cobertura,34,30,2022,6448.0,5846.0
1648,Con cobertura,34,34,2010,1438.0,1328.0
1649,Con cobertura,34,34,2022,2029.0,1728.0
1650,Con cobertura,34,38,2010,2543.0,2634.0
1651,Con cobertura,34,38,2022,2863.0,2825.0
1652,Con cobertura,34,42,2010,1502.0,1349.0
1653,Con cobertura,34,42,2022,1705.0,1627.0
1654,Con cobertura,34,46,2010,1512.0,1409.0
1655,Con cobertura,34,46,2022,1528.0,1431.0
1656,Con cobertura,34,50,2010,7778.0,7469.0
1657,Con cobertura,34,50,2022,9073.0,8324.0
1658,Con cobertura,34,54,2010,4412.0,3838.0
1659,Con cobertura,34,54,2022,5140.0,4653.0
1660,Con cobertura,34,58,2010,2859.0,2771.0
1661,Con cobertura,34,58,2022,4100.0,3928.0
1662,Con cobertura,34,62,2010,3175.0,3202.0
1663,Con cobertura,34,62,2022,3755.0,3404.0
1664,Con cobertura,34,66,2010,4581.0,4421.0
1665,Con cobertura,34,66,2022,5412.0,4800.0
1666,Con cobertura,34,70,2010,2825.0,2492.0
1667,Con cobertura,34,70,2022,3047.0,2801.0
1668,Con cobertura,34,74,2010,2115.0,1882.0
1669,Con cobertura,34,74,2022,2384.0,2050.0
1670,Con cobertura,34,78,2010,1825.0,2006.0
1671,Con cobertura,34,78,2022,2398.0,2201.0
1672,Con cobertura,34,82,2010,16037.0,15571.0
1673,Con cobertura,34,82,2022,17939.0,16719.0
1674,Con cobertura,34,86,2010,2441.0,2532.0
1675,Con cobertura,34,86,2022,3114.0,2830.0
1676,Con cobertura,34,90,2010,6240.0,5999.0
1677,Con cobertura,34,90,2022,7892.0,7046.0
1678,Con cobertura,34,94,2010,679.0,986.0
1679,Con cobertura,34,94,2022,1537.0,1416.0
1680,Con cobertura,35,2,2010,20408.0,17699.0
1681,Con cobertura,35,2,2022,21933.0,19720.0
1682,Con cobertura,35,6,2010,75662.0,72125.0
1683,Con cobertura,35,6,2022,83868.0,77439.0
1684,Con cobertura,35,10,2010,1690.0,1728.0
1685,Con cobertura,35,10,2022,1978.0,1855.0
1686,Con cobertura,35,14,2010,16361.0,14818.0
1687,Con cobertura,35,14,2022,18209.0,16628.0
1688,Con cobertura,35,18,2010,3389.0,2825.0
1689,Con cobertura,35,18,2022,5187.0,4417.0
1690,Con cobertura,35,22,2010,3106.0,2603.0
1691,Con cobertura,35,22,2022,4313.0,3874.0
1692,Con cobertura,35,26,2010,3219.0,2785.0
1693,Con cobertura,35,26,2022,3642.0,3308.0
1694,Con cobertura,35,30,2010,5496.0,5239.0
1695,Con cobertura,35,30,2022,6805.0,6195.0
1696,Con cobertura,35,34,2010,1658.0,1256.0
1697,Con cobertura,35,34,2022,1942.0,1797.0
1698,Con cobertura,35,38,2010,2737.0,2581.0
1699,Con cobertura,35,38,2022,3052.0,3065.0
1700,Con cobertura,35,42,2010,1647.0,1393.0
1701,Con cobertura,35,42,2022,1903.0,1733.0
1702,Con cobertura,35,46,2010,1431.0,1380.0
1703,Con cobertura,35,46,2022,1612.0,1518.0
1704,Con cobertura,35,50,2010,8210.0,7017.0
1705,Con cobertura,35,50,2022,9487.0,8626.0
1706,Con cobertura,35,54,2010,4564.0,3998.0
1707,Con cobertura,35,54,2022,5313.0,4871.0
1708,Con cobertura,35,58,2010,3168.0,2925.0
1709,Con cobertura,35,58,2022,4148.0,3870.0
1710,Con cobertura,35,62,2010,3369.0,2988.0
1711,Con cobertura,35,62,2022,3964.0,3553.0
1712,Con cobertura,35,66,2010,4650.0,4432.0
1713,Con cobertura,35,66,2022,5668.0,5130.0
1714,Con cobertura,35,70,2010,3146.0,2721.0
1715,Con cobertura,35,70,2022,3186.0,3013.0
1716,Con cobertura,35,74,2010,2067.0,1942.0
1717,Con cobertura,35,74,2022,2463.0,2224.0
1718,Con cobertura,35,78,2010,1932.0,1985.0
1719,Con cobertura,35,78,2022,2586.0,2320.0
1720,Con cobertura,35,82,2010,15530.0,15158.0
1721,Con cobertura,35,82,2022,18963.0,17833.0
1722,Con cobertura,35,86,2010,2437.0,2365.0
1723,Con cobertura,35,86,2022,3274.0,3085.0
1724,Con cobertura,35,90,2010,6538.0,5694.0
1725,Con cobertura,35,90,2022,8483.0,7454.0
1726,Con cobertura,35,94,2010,849.0,822.0
1727,Con cobertura,35,94,2022,1525.0,1412.0
1728,Con cobertura,36,2,2010,19025.0,17618.0
1729,Con cobertura,36,2,2022,21386.0,19229.0
1730,Con cobertura,36,6,2010,69847.0,68188.0
1731,Con cobertura,36,6,2022,82219.0,75333.0
1732,Con cobertura,36,10,2010,1512.0,1510.0
1733,Con cobertura,36,10,2022,1833.0,1762.0
1734,Con cobertura,36,14,2010,14730.0,13849.0
1735,Con cobertura,36,14,2022,18098.0,16464.0
1736,Con cobertura,36,18,2010,3203.0,2863.0
1737,Con cobertura,36,18,2022,4901.0,4418.0
1738,Con cobertura,36,22,2010,3131.0,2653.0
1739,Con cobertura,36,22,2022,4415.0,3730.0
1740,Con cobertura,36,26,2010,2932.0,2613.0
1741,Con cobertura,36,26,2022,3472.0,3230.0
1742,Con cobertura,36,30,2010,5156.0,4839.0
1743,Con cobertura,36,30,2022,6860.0,6176.0
1744,Con cobertura,36,34,2010,1489.0,1173.0
1745,Con cobertura,36,34,2022,1883.0,1669.0
1746,Con cobertura,36,38,2010,2506.0,2373.0
1747,Con cobertura,36,38,2022,3136.0,3052.0
1748,Con cobertura,36,42,2010,1434.0,1339.0
1749,Con cobertura,36,42,2022,1937.0,1616.0
1750,Con cobertura,36,46,2010,1418.0,1371.0
1751,Con cobertura,36,46,2022,1625.0,1417.0
1752,Con cobertura,36,50,2010,8000.0,7119.0
1753,Con cobertura,36,50,2022,9247.0,8431.0
1754,Con cobertura,36,54,2010,4191.0,3761.0
1755,Con cobertura,36,54,2022,5446.0,4708.0
1756,Con cobertura,36,58,2010,2911.0,2598.0
1757,Con cobertura,36,58,2022,4079.0,3885.0
1758,Con cobertura,36,62,2010,3118.0,2820.0
1759,Con cobertura,36,62,2022,3974.0,3462.0
1760,Con cobertura,36,66,2010,4510.0,4003.0
1761,Con cobertura,36,66,2022,5724.0,5105.0
1762,Con cobertura,36,70,2010,2592.0,2443.0
1763,Con cobertura,36,70,2022,2944.0,2904.0
1764,Con cobertura,36,74,2010,1988.0,1769.0
1765,Con cobertura,36,74,2022,2648.0,2271.0
1766,Con cobertura,36,78,2010,1716.0,1804.0
1767,Con cobertura,36,78,2022,2517.0,2279.0
1768,Con cobertura,36,82,2010,15082.0,14011.0
1769,Con cobertura,36,82,2022,18587.0,17808.0
1770,Con cobertura,36,86,2010,2487.0,2243.0
1771,Con cobertura,36,86,2022,3379.0,3005.0
1772,Con cobertura,36,90,2010,6186.0,5205.0
1773,Con cobertura,36,90,2022,8206.0,7202.0
1774,Con cobertura,36,94,2010,711.0,762.0
1775,Con cobertura,36,94,2022,1420.0,1354.0
1776,Con cobertura,37,2,2010,18063.0,16582.0
1777,Con cobertura,37,2,2022,20929.0,19016.0
1778,Con cobertura,37,6,2010,70731.0,69575.0
1779,Con cobertura,37,6,2022,80358.0,73503.0
1780,Con cobertura,37,10,2010,1575.0,1539.0
1781,Con cobertura,37,10,2022,1754.0,1845.0
1782,Con cobertura,37,14,2010,14776.0,13956.0
1783,Con cobertura,37,14,2022,17577.0,16105.0
1784,Con cobertura,37,18,2010,3250.0,2886.0
1785,Con cobertura,37,18,2022,4610.0,4074.0
1786,Con cobertura,37,22,2010,3261.0,2721.0
1787,Con cobertura,37,22,2022,4163.0,3669.0
1788,Con cobertura,37,26,2010,2522.0,2641.0
1789,Con cobertura,37,26,2022,3472.0,3198.0
1790,Con cobertura,37,30,2010,5604.0,5123.0
1791,Con cobertura,37,30,2022,6468.0,5890.0
1792,Con cobertura,37,34,2010,1446.0,1264.0
1793,Con cobertura,37,34,2022,1831.0,1643.0
1794,Con cobertura,37,38,2010,2371.0,2217.0
1795,Con cobertura,37,38,2022,3034.0,2926.0
1796,Con cobertura,37,42,2010,1582.0,1442.0
1797,Con cobertura,37,42,2022,1836.0,1663.0
1798,Con cobertura,37,46,2010,1389.0,1283.0
1799,Con cobertura,37,46,2022,1652.0,1396.0
1800,Con cobertura,37,50,2010,7344.0,6771.0
1801,Con cobertura,37,50,2022,8931.0,7987.0
1802,Con cobertura,37,54,2010,4144.0,3695.0
1803,Con cobertura,37,54,2022,5341.0,4775.0
1804,Con cobertura,37,58,2010,2955.0,2650.0
1805,Con cobertura,37,58,2022,3909.0,3739.0
1806,Con cobertura,37,62,2010,3103.0,2937.0
1807,Con cobertura,37,62,2022,3871.0,3463.0
1808,Con cobertura,37,66,2010,4139.0,3775.0
1809,Con cobertura,37,66,2022,5612.0,4838.0
1810,Con cobertura,37,70,2010,2604.0,2199.0
1811,Con cobertura,37,70,2022,3037.0,2765.0
1812,Con cobertura,37,74,2010,1853.0,1814.0
1813,Con cobertura,37,74,2022,2653.0,2183.0
1814,Con cobertura,37,78,2010,1632.0,1670.0
1815,Con cobertura,37,78,2022,2352.0,2246.0
1816,Con cobertura,37,82,2010,14492.0,13635.0
1817,Con cobertura,37,82,2022,18831.0,17441.0
1818,Con cobertura,37,86,2010,2452.0,2161.0
1819,Con cobertura,37,86,2022,3282.0,2943.0
1820,Con cobertura,37,90,2010,5955.0,5462.0
1821,Con cobertura,37,90,2022,7527.0,6655.0
1822,Con cobertura,37,94,2010,683.0,815.0
1823,Con cobertura,37,94,2022,1391.0,1268.0
1824,Con cobertura,38,2,2010,17300.0,16075.0
1825,Con cobertura,38,2,2022,20619.0,18708.0
1826,Con cobertura,38,6,2010,69649.0,67788.0
1827,Con cobertura,38,6,2022,81886.0,75161.0
1828,Con cobertura,38,10,2010,1466.0,1423.0
1829,Con cobertura,38,10,2022,1786.0,1690.0
1830,Con cobertura,38,14,2010,14138.0,13815.0
1831,Con cobertura,38,14,2022,17694.0,16210.0
1832,Con cobertura,38,18,2010,3078.0,2602.0
1833,Con cobertura,38,18,2022,4585.0,4181.0
1834,Con cobertura,38,22,2010,3033.0,2471.0
1835,Con cobertura,38,22,2022,4172.0,3674.0
1836,Con cobertura,38,26,2010,2464.0,2629.0
1837,Con cobertura,38,26,2022,3454.0,3288.0
1838,Con cobertura,38,30,2010,5476.0,5122.0
1839,Con cobertura,38,30,2022,6527.0,5894.0
1840,Con cobertura,38,34,2010,1456.0,1337.0
1841,Con cobertura,38,34,2022,1855.0,1570.0
1842,Con cobertura,38,38,2010,2522.0,2205.0
1843,Con cobertura,38,38,2022,2983.0,2792.0
1844,Con cobertura,38,42,2010,1423.0,1356.0
1845,Con cobertura,38,42,2022,1807.0,1620.0
1846,Con cobertura,38,46,2010,1438.0,1034.0
1847,Con cobertura,38,46,2022,1540.0,1432.0
1848,Con cobertura,38,50,2010,7142.0,6915.0
1849,Con cobertura,38,50,2022,8670.0,7917.0
1850,Con cobertura,38,54,2010,4282.0,3734.0
1851,Con cobertura,38,54,2022,5035.0,4521.0
1852,Con cobertura,38,58,2010,2994.0,2745.0
1853,Con cobertura,38,58,2022,4048.0,3640.0
1854,Con cobertura,38,62,2010,3200.0,2864.0
1855,Con cobertura,38,62,2022,3982.0,3455.0
1856,Con cobertura,38,66,2010,4388.0,3649.0
1857,Con cobertura,38,66,2022,5400.0,4942.0
1858,Con cobertura,38,70,2010,2632.0,2456.0
1859,Con cobertura,38,70,2022,3177.0,2835.0
1860,Con cobertura,38,74,2010,1887.0,1802.0
1861,Con cobertura,38,74,2022,2678.0,2330.0
1862,Con cobertura,38,78,2010,1559.0,1925.0
1863,Con cobertura,38,78,2022,2365.0,2276.0
1864,Con cobertura,38,82,2010,13769.0,13465.0
1865,Con cobertura,38,82,2022,18262.0,17674.0
1866,Con cobertura,38,86,2010,2343.0,2229.0
1867,Con cobertura,38,86,2022,3294.0,2946.0
1868,Con cobertura,38,90,2010,5746.0,5219.0
1869,Con cobertura,38,90,2022,7666.0,6911.0
1870,Con cobertura,38,94,2010,812.0,710.0
1871,Con cobertura,38,94,2022,1350.0,1210.0
1872,Con cobertura,39,2,2010,17069.0,16176.0
1873,Con cobertura,39,2,2022,20359.0,18344.0
1874,Con cobertura,39,6,2010,70354.0,66659.0
1875,Con cobertura,39,6,2022,85994.0,77749.0
1876,Con cobertura,39,10,2010,1579.0,1531.0
1877,Con cobertura,39,10,2022,1904.0,1863.0
1878,Con cobertura,39,14,2010,13937.0,13679.0
1879,Con cobertura,39,14,2022,18647.0,17060.0
1880,Con cobertura,39,18,2010,3123.0,2590.0
1881,Con cobertura,39,18,2022,4997.0,4434.0
1882,Con cobertura,39,22,2010,2947.0,2614.0
1883,Con cobertura,39,22,2022,4430.0,3871.0
1884,Con cobertura,39,26,2010,2715.0,2469.0
1885,Con cobertura,39,26,2022,3667.0,3435.0
1886,Con cobertura,39,30,2010,5203.0,4787.0
1887,Con cobertura,39,30,2022,6955.0,6400.0
1888,Con cobertura,39,34,2010,1571.0,1261.0
1889,Con cobertura,39,34,2022,1983.0,1706.0
1890,Con cobertura,39,38,2010,2415.0,2336.0
1891,Con cobertura,39,38,2022,3260.0,3054.0
1892,Con cobertura,39,42,2010,1510.0,1168.0
1893,Con cobertura,39,42,2022,1840.0,1760.0
1894,Con cobertura,39,46,2010,1350.0,1419.0
1895,Con cobertura,39,46,2022,1774.0,1490.0
1896,Con cobertura,39,50,2010,7148.0,6744.0
1897,Con cobertura,39,50,2022,8947.0,8365.0
1898,Con cobertura,39,54,2010,3967.0,3519.0
1899,Con cobertura,39,54,2022,5259.0,4735.0
1900,Con cobertura,39,58,2010,2732.0,2385.0
1901,Con cobertura,39,58,2022,4023.0,3832.0
1902,Con cobertura,39,62,2010,2920.0,2741.0
1903,Con cobertura,39,62,2022,4037.0,3501.0
1904,Con cobertura,39,66,2010,4103.0,3609.0
1905,Con cobertura,39,66,2022,5610.0,5107.0
1906,Con cobertura,39,70,2010,2365.0,2343.0
1907,Con cobertura,39,70,2022,3180.0,3022.0
1908,Con cobertura,39,74,2010,1925.0,1666.0
1909,Con cobertura,39,74,2022,2955.0,2500.0
1910,Con cobertura,39,78,2010,1623.0,1646.0
1911,Con cobertura,39,78,2022,2462.0,2368.0
1912,Con cobertura,39,82,2010,14143.0,13426.0
1913,Con cobertura,39,82,2022,18979.0,18358.0
1914,Con cobertura,39,86,2010,2509.0,2052.0
1915,Con cobertura,39,86,2022,3717.0,3123.0
1916,Con cobertura,39,90,2010,6224.0,5429.0
1917,Con cobertura,39,90,2022,8616.0,7535.0
1918,Con cobertura,39,94,2010,676.0,771.0
1919,Con cobertura,39,94,2022,1419.0,1218.0
1920,Con cobertura,40,2,2010,17292.0,15212.0
1921,Con cobertura,40,2,2022,21683.0,19005.0
1922,Con cobertura,40,6,2010,69351.0,66249.0
1923,Con cobertura,40,6,2022,91253.0,82097.0
1924,Con cobertura,40,10,2010,1421.0,1502.0
1925,Con cobertura,40,10,2022,2003.0,1839.0
1926,Con cobertura,40,14,2010,13738.0,13565.0
1927,Con cobertura,40,14,2022,19841.0,18194.0
1928,Con cobertura,40,18,2010,3216.0,2930.0
1929,Con cobertura,40,18,2022,5080.0,4508.0
1930,Con cobertura,40,22,2010,2934.0,2498.0
1931,Con cobertura,40,22,2022,4481.0,3915.0
1932,Con cobertura,40,26,2010,2485.0,2439.0
1933,Con cobertura,40,26,2022,3767.0,3463.0
1934,Con cobertura,40,30,2010,5496.0,4972.0
1935,Con cobertura,40,30,2022,7178.0,6544.0
1936,Con cobertura,40,34,2010,1691.0,1221.0
1937,Con cobertura,40,34,2022,2097.0,1737.0
1938,Con cobertura,40,38,2010,2521.0,2304.0
1939,Con cobertura,40,38,2022,3446.0,3336.0
1940,Con cobertura,40,42,2010,1633.0,1392.0
1941,Con cobertura,40,42,2022,1981.0,1823.0
1942,Con cobertura,40,46,2010,1310.0,1321.0
1943,Con cobertura,40,46,2022,1804.0,1579.0
1944,Con cobertura,40,50,2010,7028.0,6671.0
1945,Con cobertura,40,50,2022,9621.0,9079.0
1946,Con cobertura,40,54,2010,3994.0,3600.0
1947,Con cobertura,40,54,2022,5201.0,4873.0
1948,Con cobertura,40,58,2010,2805.0,2564.0
1949,Con cobertura,40,58,2022,4295.0,3828.0
1950,Con cobertura,40,62,2010,2920.0,2684.0
1951,Con cobertura,40,62,2022,4107.0,3754.0
1952,Con cobertura,40,66,2010,4186.0,3841.0
1953,Con cobertura,40,66,2022,6048.0,5343.0
1954,Con cobertura,40,70,2010,2293.0,2278.0
1955,Con cobertura,40,70,2022,3529.0,3190.0
1956,Con cobertura,40,74,2010,1824.0,1533.0
1957,Con cobertura,40,74,2022,2949.0,2559.0
1958,Con cobertura,40,78,2010,1559.0,1525.0
1959,Con cobertura,40,78,2022,2454.0,2333.0
1960,Con cobertura,40,82,2010,14050.0,13291.0
1961,Con cobertura,40,82,2022,19571.0,18834.0
1962,Con cobertura,40,86,2010,2423.0,1884.0
1963,Con cobertura,40,86,2022,3935.0,3437.0
1964,Con cobertura,40,90,2010,5636.0,4951.0
1965,Con cobertura,40,90,2022,9224.0,8150.0
1966,Con cobertura,40,94,2010,652.0,796.0
1967,Con cobertura,40,94,2022,1382.0,1314.0
1968,Con cobertura,41,2,2010,15588.0,14500.0
1969,Con cobertura,41,2,2022,20440.0,18020.0
1970,Con cobertura,41,6,2010,65818.0,61023.0
1971,Con cobertura,41,6,2022,86099.0,78387.0
1972,Con cobertura,41,10,2010,1348.0,1452.0
1973,Con cobertura,41,10,2022,1966.0,1817.0
1974,Con cobertura,41,14,2010,13257.0,11977.0
1975,Con cobertura,41,14,2022,19149.0,17557.0
1976,Con cobertura,41,18,2010,3105.0,2684.0
1977,Con cobertura,41,18,2022,4985.0,4190.0
1978,Con cobertura,41,22,2010,2973.0,2587.0
1979,Con cobertura,41,22,2022,4292.0,3794.0
1980,Con cobertura,41,26,2010,2427.0,2295.0
1981,Con cobertura,41,26,2022,3625.0,3338.0
1982,Con cobertura,41,30,2010,4684.0,4171.0
1983,Con cobertura,41,30,2022,6845.0,6171.0
1984,Con cobertura,41,34,2010,1428.0,1248.0
1985,Con cobertura,41,34,2022,2018.0,1758.0
1986,Con cobertura,41,38,2010,2530.0,2136.0
1987,Con cobertura,41,38,2022,3525.0,3110.0
1988,Con cobertura,41,42,2010,1244.0,1190.0
1989,Con cobertura,41,42,2022,1843.0,1670.0
1990,Con cobertura,41,46,2010,1250.0,1264.0
1991,Con cobertura,41,46,2022,1767.0,1654.0
1992,Con cobertura,41,50,2010,6840.0,6021.0
1993,Con cobertura,41,50,2022,9372.0,8395.0
1994,Con cobertura,41,54,2010,3532.0,3438.0
1995,Con cobertura,41,54,2022,4940.0,4387.0
1996,Con cobertura,41,58,2010,2607.0,2347.0
1997,Con cobertura,41,58,2022,4171.0,3672.0
1998,Con cobertura,41,62,2010,2730.0,2374.0
1999,Con cobertura,41,62,2022,3937.0,3538.0
2000,Con cobertura,41,66,2010,4016.0,3445.0
2001,Con cobertura,41,66,2022,5602.0,5019.0
2002,Con cobertura,41,70,2010,2662.0,2118.0
2003,Con cobertura,41,70,2022,3189.0,2965.0
2004,Con cobertura,41,74,2010,1579.0,1439.0
2005,Con cobertura,41,74,2022,2855.0,2463.0
2006,Con cobertura,41,78,2010,1288.0,1438.0
2007,Con cobertura,41,78,2022,2326.0,2188.0
2008,Con cobertura,41,82,2010,13181.0,13160.0
2009,Con cobertura,41,82,2022,18802.0,17767.0
2010,Con cobertura,41,86,2010,2196.0,2001.0
2011,Con cobertura,41,86,2022,3634.0,3270.0
2012,Con cobertura,41,90,2010,5658.0,4629.0
2013,Con cobertura,41,90,2022,8632.0,7781.0
2014,Con cobertura,41,94,2010,612.0,520.0
2015,Con cobertura,41,94,2022,1290.0,1241.0
2016,Con cobertura,42,2,2010,15195.0,13736.0
2017,Con cobertura,42,2,2022,21348.0,18809.0
2018,Con cobertura,42,6,2010,62579.0,58504.0
2019,Con cobertura,42,6,2022,90626.0,82077.0
2020,Con cobertura,42,10,2010,1291.0,1296.0
2021,Con cobertura,42,10,2022,2146.0,2015.0
2022,Con cobertura,42,14,2010,13048.0,11611.0
2023,Con cobertura,42,14,2022,20349.0,18051.0
2024,Con cobertura,42,18,2010,3365.0,2556.0
2025,Con cobertura,42,18,2022,5419.0,4636.0
2026,Con cobertura,42,22,2010,3030.0,2461.0
2027,Con cobertura,42,22,2022,4740.0,3917.0
2028,Con cobertura,42,26,2010,2098.0,2282.0
2029,Con cobertura,42,26,2022,3800.0,3575.0
2030,Con cobertura,42,30,2010,4924.0,4480.0
2031,Con cobertura,42,30,2022,7438.0,6756.0
2032,Con cobertura,42,34,2010,1675.0,1205.0
2033,Con cobertura,42,34,2022,2218.0,1875.0
2034,Con cobertura,42,38,2010,2142.0,1988.0
2035,Con cobertura,42,38,2022,3727.0,3401.0
2036,Con cobertura,42,42,2010,1282.0,1189.0
2037,Con cobertura,42,42,2022,1884.0,1862.0
2038,Con cobertura,42,46,2010,1236.0,1257.0
2039,Con cobertura,42,46,2022,2034.0,1719.0
2040,Con cobertura,42,50,2010,6920.0,5723.0
2041,Con cobertura,42,50,2022,9784.0,8910.0
2042,Con cobertura,42,54,2010,3478.0,3226.0
2043,Con cobertura,42,54,2022,5268.0,4789.0
2044,Con cobertura,42,58,2010,2535.0,2093.0
2045,Con cobertura,42,58,2022,4236.0,4055.0
2046,Con cobertura,42,62,2010,2695.0,2637.0
2047,Con cobertura,42,62,2022,4246.0,3597.0
2048,Con cobertura,42,66,2010,4014.0,3473.0
2049,Con cobertura,42,66,2022,6028.0,5323.0
2050,Con cobertura,42,70,2010,2306.0,2153.0
2051,Con cobertura,42,70,2022,3569.0,3180.0
2052,Con cobertura,42,74,2010,1537.0,1471.0
2053,Con cobertura,42,74,2022,2937.0,2673.0
2054,Con cobertura,42,78,2010,1501.0,1405.0
2055,Con cobertura,42,78,2022,2475.0,2338.0
2056,Con cobertura,42,82,2010,12755.0,11922.0
2057,Con cobertura,42,82,2022,20331.0,18835.0
2058,Con cobertura,42,86,2010,2334.0,1936.0
2059,Con cobertura,42,86,2022,3945.0,3566.0
2060,Con cobertura,42,90,2010,5010.0,4354.0
2061,Con cobertura,42,90,2022,9542.0,8415.0
2062,Con cobertura,42,94,2010,738.0,682.0
2063,Con cobertura,42,94,2022,1349.0,1156.0
2064,Con cobertura,43,2,2010,15934.0,12695.0
2065,Con cobertura,43,2,2022,20872.0,18028.0
2066,Con cobertura,43,6,2010,59436.0,56404.0
2067,Con cobertura,43,6,2022,89014.0,80345.0
2068,Con cobertura,43,10,2010,1482.0,1199.0
2069,Con cobertura,43,10,2022,2171.0,1976.0
2070,Con cobertura,43,14,2010,12367.0,11285.0
2071,Con cobertura,43,14,2022,19546.0,17645.0
2072,Con cobertura,43,18,2010,3082.0,2465.0
2073,Con cobertura,43,18,2022,5020.0,4303.0
2074,Con cobertura,43,22,2010,3073.0,2434.0
2075,Con cobertura,43,22,2022,4361.0,3838.0
2076,Con cobertura,43,26,2010,2205.0,2257.0
2077,Con cobertura,43,26,2022,3727.0,3337.0
2078,Con cobertura,43,30,2010,4916.0,4218.0
2079,Con cobertura,43,30,2022,7241.0,6463.0
2080,Con cobertura,43,34,2010,1419.0,1382.0
2081,Con cobertura,43,34,2022,1991.0,1744.0
2082,Con cobertura,43,38,2010,2150.0,1867.0
2083,Con cobertura,43,38,2022,3598.0,3214.0
2084,Con cobertura,43,42,2010,1289.0,1298.0
2085,Con cobertura,43,42,2022,1842.0,1739.0
2086,Con cobertura,43,46,2010,1377.0,1149.0
2087,Con cobertura,43,46,2022,1973.0,1690.0
2088,Con cobertura,43,50,2010,6043.0,5808.0
2089,Con cobertura,43,50,2022,9581.0,8695.0
2090,Con cobertura,43,54,2010,3709.0,3252.0
2091,Con cobertura,43,54,2022,5052.0,4479.0
2092,Con cobertura,43,58,2010,2296.0,2071.0
2093,Con cobertura,43,58,2022,4010.0,3726.0
2094,Con cobertura,43,62,2010,2706.0,2256.0
2095,Con cobertura,43,62,2022,4191.0,3538.0
2096,Con cobertura,43,66,2010,3877.0,3388.0
2097,Con cobertura,43,66,2022,5714.0,5014.0
2098,Con cobertura,43,70,2010,2347.0,2039.0
2099,Con cobertura,43,70,2022,3229.0,3025.0
2100,Con cobertura,43,74,2010,1466.0,1369.0
2101,Con cobertura,43,74,2022,3086.0,2551.0
2102,Con cobertura,43,78,2010,1356.0,1322.0
2103,Con cobertura,43,78,2022,2340.0,2207.0
2104,Con cobertura,43,82,2010,12297.0,11685.0
2105,Con cobertura,43,82,2022,19308.0,18315.0
2106,Con cobertura,43,86,2010,2306.0,1771.0
2107,Con cobertura,43,86,2022,3907.0,3379.0
2108,Con cobertura,43,90,2010,5228.0,4441.0
2109,Con cobertura,43,90,2022,9626.0,8229.0
2110,Con cobertura,43,94,2010,533.0,644.0
2111,Con cobertura,43,94,2022,1258.0,1204.0
2112,Con cobertura,44,2,2010,15164.0,12396.0
2113,Con cobertura,44,2,2022,20718.0,17852.0
2114,Con cobertura,44,6,2010,59855.0,55211.0
2115,Con cobertura,44,6,2022,87865.0,77819.0
2116,Con cobertura,44,10,2010,1290.0,1181.0
2117,Con cobertura,44,10,2022,2159.0,1888.0
2118,Con cobertura,44,14,2010,12133.0,10979.0
2119,Con cobertura,44,14,2022,18551.0,16835.0
2120,Con cobertura,44,18,2010,3369.0,2498.0
2121,Con cobertura,44,18,2022,4698.0,3865.0
2122,Con cobertura,44,22,2010,2756.0,2620.0
2123,Con cobertura,44,22,2022,4097.0,3604.0
2124,Con cobertura,44,26,2010,2014.0,1974.0
2125,Con cobertura,44,26,2022,3617.0,3310.0
2126,Con cobertura,44,30,2010,4458.0,4280.0
2127,Con cobertura,44,30,2022,6929.0,6320.0
2128,Con cobertura,44,34,2010,1673.0,1559.0
2129,Con cobertura,44,34,2022,2004.0,1664.0
2130,Con cobertura,44,38,2010,2175.0,1806.0
2131,Con cobertura,44,38,2022,3346.0,3094.0
2132,Con cobertura,44,42,2010,1513.0,1299.0
2133,Con cobertura,44,42,2022,1829.0,1672.0
2134,Con cobertura,44,46,2010,1320.0,1247.0
2135,Con cobertura,44,46,2022,1900.0,1649.0
2136,Con cobertura,44,50,2010,5870.0,5181.0
2137,Con cobertura,44,50,2022,9288.0,8162.0
2138,Con cobertura,44,54,2010,3706.0,3339.0
2139,Con cobertura,44,54,2022,4812.0,4232.0
2140,Con cobertura,44,58,2010,2407.0,2208.0
2141,Con cobertura,44,58,2022,3887.0,3613.0
2142,Con cobertura,44,62,2010,2742.0,2340.0
2143,Con cobertura,44,62,2022,3988.0,3557.0
2144,Con cobertura,44,66,2010,3888.0,3212.0
2145,Con cobertura,44,66,2022,5727.0,4971.0
2146,Con cobertura,44,70,2010,2378.0,1929.0
2147,Con cobertura,44,70,2022,3310.0,2950.0
2148,Con cobertura,44,74,2010,1500.0,1534.0
2149,Con cobertura,44,74,2022,2933.0,2522.0
2150,Con cobertura,44,78,2010,1286.0,1290.0
2151,Con cobertura,44,78,2022,2152.0,2111.0
2152,Con cobertura,44,82,2010,12767.0,12544.0
2153,Con cobertura,44,82,2022,18826.0,17740.0
2154,Con cobertura,44,86,2010,2181.0,1852.0
2155,Con cobertura,44,86,2022,3891.0,3304.0
2156,Con cobertura,44,90,2010,5046.0,4436.0
2157,Con cobertura,44,90,2022,9319.0,7974.0
2158,Con cobertura,44,94,2010,732.0,634.0
2159,Con cobertura,44,94,2022,1229.0,1255.0
2160,Con cobertura,45,2,2010,14877.0,13427.0
2161,Con cobertura,45,2,2022,21242.0,18167.0
2162,Con cobertura,45,6,2010,60304.0,56760.0
2163,Con cobertura,45,6,2022,86621.0,77284.0
2164,Con cobertura,45,10,2010,1408.0,1290.0
2165,Con cobertura,45,10,2022,2049.0,1849.0
2166,Con cobertura,45,14,2010,13428.0,11632.0
2167,Con cobertura,45,14,2022,18267.0,16155.0
2168,Con cobertura,45,18,2010,3415.0,2904.0
2169,Con cobertura,45,18,2022,4647.0,3901.0
2170,Con cobertura,45,22,2010,3111.0,2545.0
2171,Con cobertura,45,22,2022,4014.0,3409.0
2172,Con cobertura,45,26,2010,2276.0,2054.0
2173,Con cobertura,45,26,2022,3455.0,3272.0
2174,Con cobertura,45,30,2010,5060.0,4751.0
2175,Con cobertura,45,30,2022,6487.0,6016.0
2176,Con cobertura,45,34,2010,1726.0,1297.0
2177,Con cobertura,45,34,2022,1916.0,1634.0
2178,Con cobertura,45,38,2010,2320.0,1998.0
2179,Con cobertura,45,38,2022,3297.0,3028.0
2180,Con cobertura,45,42,2010,1367.0,1477.0
2181,Con cobertura,45,42,2022,1870.0,1578.0
2182,Con cobertura,45,46,2010,1194.0,1323.0
2183,Con cobertura,45,46,2022,1831.0,1537.0
2184,Con cobertura,45,50,2010,6148.0,5463.0
2185,Con cobertura,45,50,2022,9158.0,7863.0
2186,Con cobertura,45,54,2010,3889.0,3427.0
2187,Con cobertura,45,54,2022,4653.0,4252.0
2188,Con cobertura,45,58,2010,2707.0,2068.0
2189,Con cobertura,45,58,2022,3776.0,3438.0
2190,Con cobertura,45,62,2010,2829.0,2413.0
2191,Con cobertura,45,62,2022,3803.0,3390.0
2192,Con cobertura,45,66,2010,3830.0,3543.0
2193,Con cobertura,45,66,2022,5628.0,4790.0
2194,Con cobertura,45,70,2010,2179.0,1914.0
2195,Con cobertura,45,70,2022,3125.0,2884.0
2196,Con cobertura,45,74,2010,1502.0,1676.0
2197,Con cobertura,45,74,2022,2677.0,2309.0
2198,Con cobertura,45,78,2010,1381.0,1412.0
2199,Con cobertura,45,78,2022,2076.0,2046.0
2200,Con cobertura,45,82,2010,13664.0,12302.0
2201,Con cobertura,45,82,2022,18459.0,17054.0
2202,Con cobertura,45,86,2010,2091.0,1814.0
2203,Con cobertura,45,86,2022,3686.0,3183.0
2204,Con cobertura,45,90,2010,5319.0,4830.0
2205,Con cobertura,45,90,2022,8140.0,7308.0
2206,Con cobertura,45,94,2010,697.0,735.0
2207,Con cobertura,45,94,2022,1109.0,1100.0
2208,Con cobertura,46,2,2010,15103.0,13464.0
2209,Con cobertura,46,2,2022,20743.0,17560.0
2210,Con cobertura,46,6,2010,60502.0,55167.0
2211,Con cobertura,46,6,2022,82840.0,73273.0
2212,Con cobertura,46,10,2010,1175.0,1316.0
2213,Con cobertura,46,10,2022,1887.0,1860.0
2214,Con cobertura,46,14,2010,13331.0,12078.0
2215,Con cobertura,46,14,2022,17433.0,15603.0
2216,Con cobertura,46,18,2010,3208.0,2802.0
2217,Con cobertura,46,18,2022,4553.0,3518.0
2218,Con cobertura,46,22,2010,3171.0,2552.0
2219,Con cobertura,46,22,2022,3866.0,3225.0
2220,Con cobertura,46,26,2010,2504.0,2058.0
2221,Con cobertura,46,26,2022,3365.0,2948.0
2222,Con cobertura,46,30,2010,5218.0,4579.0
2223,Con cobertura,46,30,2022,6399.0,5673.0
2224,Con cobertura,46,34,2010,1634.0,1436.0
2225,Con cobertura,46,34,2022,1875.0,1564.0
2226,Con cobertura,46,38,2010,2263.0,2176.0
2227,Con cobertura,46,38,2022,3320.0,2860.0
2228,Con cobertura,46,42,2010,1214.0,1230.0
2229,Con cobertura,46,42,2022,1722.0,1578.0
2230,Con cobertura,46,46,2010,1358.0,1251.0
2231,Con cobertura,46,46,2022,1723.0,1461.0
2232,Con cobertura,46,50,2010,6252.0,5778.0
2233,Con cobertura,46,50,2022,8813.0,7892.0
2234,Con cobertura,46,54,2010,3929.0,3270.0
2235,Con cobertura,46,54,2022,4566.0,3950.0
2236,Con cobertura,46,58,2010,2711.0,2352.0
2237,Con cobertura,46,58,2022,3658.0,3316.0
2238,Con cobertura,46,62,2010,2643.0,2308.0
2239,Con cobertura,46,62,2022,3605.0,3211.0
2240,Con cobertura,46,66,2010,3643.0,3191.0
2241,Con cobertura,46,66,2022,5410.0,4682.0
2242,Con cobertura,46,70,2010,2064.0,1889.0
2243,Con cobertura,46,70,2022,3186.0,2769.0
2244,Con cobertura,46,74,2010,1653.0,1366.0
2245,Con cobertura,46,74,2022,2548.0,2067.0
2246,Con cobertura,46,78,2010,1381.0,1372.0
2247,Con cobertura,46,78,2022,2022.0,1875.0
2248,Con cobertura,46,82,2010,13010.0,12096.0
2249,Con cobertura,46,82,2022,16664.0,15644.0
2250,Con cobertura,46,86,2010,2405.0,1898.0
2251,Con cobertura,46,86,2022,3433.0,2965.0
2252,Con cobertura,46,90,2010,5269.0,4459.0
2253,Con cobertura,46,90,2022,7806.0,6836.0
2254,Con cobertura,46,94,2010,645.0,651.0
2255,Con cobertura,46,94,2022,1090.0,1065.0
2256,Con cobertura,47,2,2010,15392.0,13562.0
2257,Con cobertura,47,2,2022,20271.0,17070.0
2258,Con cobertura,47,6,2010,60300.0,56676.0
2259,Con cobertura,47,6,2022,80967.0,72037.0
2260,Con cobertura,47,10,2010,1360.0,1215.0
2261,Con cobertura,47,10,2022,1906.0,1791.0
2262,Con cobertura,47,14,2010,12957.0,12342.0
2263,Con cobertura,47,14,2022,17186.0,15176.0
2264,Con cobertura,47,18,2010,3521.0,2946.0
2265,Con cobertura,47,18,2022,4362.0,3744.0
2266,Con cobertura,47,22,2010,2721.0,2543.0
2267,Con cobertura,47,22,2022,3824.0,3057.0
2268,Con cobertura,47,26,2010,2384.0,2372.0
2269,Con cobertura,47,26,2022,3095.0,2828.0
2270,Con cobertura,47,30,2010,5084.0,4467.0
2271,Con cobertura,47,30,2022,6300.0,5536.0
2272,Con cobertura,47,34,2010,1500.0,1458.0
2273,Con cobertura,47,34,2022,1926.0,1496.0
2274,Con cobertura,47,38,2010,2128.0,2101.0
2275,Con cobertura,47,38,2022,3357.0,2957.0
2276,Con cobertura,47,42,2010,1391.0,1264.0
2277,Con cobertura,47,42,2022,1785.0,1519.0
2278,Con cobertura,47,46,2010,1409.0,1032.0
2279,Con cobertura,47,46,2022,1784.0,1479.0
2280,Con cobertura,47,50,2010,6578.0,5402.0
2281,Con cobertura,47,50,2022,8786.0,7694.0
2282,Con cobertura,47,54,2010,3825.0,3633.0
2283,Con cobertura,47,54,2022,4408.0,3846.0
2284,Con cobertura,47,58,2010,2441.0,2242.0
2285,Con cobertura,47,58,2022,3583.0,3222.0
2286,Con cobertura,47,62,2010,2847.0,2547.0
2287,Con cobertura,47,62,2022,3552.0,3170.0
2288,Con cobertura,47,66,2010,3474.0,3189.0
2289,Con cobertura,47,66,2022,5436.0,4647.0
2290,Con cobertura,47,70,2010,2456.0,1948.0
2291,Con cobertura,47,70,2022,3241.0,2924.0
2292,Con cobertura,47,74,2010,1850.0,1538.0
2293,Con cobertura,47,74,2022,2427.0,2018.0
2294,Con cobertura,47,78,2010,1246.0,1338.0
2295,Con cobertura,47,78,2022,2059.0,1833.0
2296,Con cobertura,47,82,2010,13397.0,12255.0
2297,Con cobertura,47,82,2022,16381.0,15070.0
2298,Con cobertura,47,86,2010,2290.0,2081.0
2299,Con cobertura,47,86,2022,3549.0,3028.0
2300,Con cobertura,47,90,2010,5156.0,4807.0
2301,Con cobertura,47,90,2022,7603.0,6650.0
2302,Con cobertura,47,94,2010,718.0,867.0
2303,Con cobertura,47,94,2022,1023.0,914.0
2304,Con cobertura,48,2,2010,14994.0,13356.0
2305,Con cobertura,48,2,2022,18990.0,15946.0
2306,Con cobertura,48,6,2010,59681.0,55139.0
2307,Con cobertura,48,6,2022,76229.0,67201.0
2308,Con cobertura,48,10,2010,1461.0,1350.0
2309,Con cobertura,48,10,2022,1701.0,1646.0
2310,Con cobertura,48,14,2010,12706.0,11555.0
2311,Con cobertura,48,14,2022,15870.0,14179.0
2312,Con cobertura,48,18,2010,3291.0,2952.0
2313,Con cobertura,48,18,2022,4249.0,3286.0
2314,Con cobertura,48,22,2010,2644.0,3148.0
2315,Con cobertura,48,22,2022,3725.0,2898.0
2316,Con cobertura,48,26,2010,2379.0,2164.0
2317,Con cobertura,48,26,2022,2958.0,2668.0
2318,Con cobertura,48,30,2010,4734.0,4280.0
2319,Con cobertura,48,30,2022,5895.0,5323.0
2320,Con cobertura,48,34,2010,1679.0,1496.0
2321,Con cobertura,48,34,2022,1724.0,1432.0
2322,Con cobertura,48,38,2010,2091.0,1970.0
2323,Con cobertura,48,38,2022,2921.0,2596.0
2324,Con cobertura,48,42,2010,1396.0,1268.0
2325,Con cobertura,48,42,2022,1541.0,1514.0
2326,Con cobertura,48,46,2010,1308.0,1216.0
2327,Con cobertura,48,46,2022,1585.0,1322.0
2328,Con cobertura,48,50,2010,6034.0,5593.0
2329,Con cobertura,48,50,2022,8332.0,7156.0
2330,Con cobertura,48,54,2010,3726.0,3434.0
2331,Con cobertura,48,54,2022,4147.0,3552.0
2332,Con cobertura,48,58,2010,2247.0,2052.0
2333,Con cobertura,48,58,2022,3348.0,3069.0
2334,Con cobertura,48,62,2010,2583.0,2389.0
2335,Con cobertura,48,62,2022,3328.0,2943.0
2336,Con cobertura,48,66,2010,3643.0,3159.0
2337,Con cobertura,48,66,2022,4862.0,4138.0
2338,Con cobertura,48,70,2010,2262.0,1966.0
2339,Con cobertura,48,70,2022,3085.0,2650.0
2340,Con cobertura,48,74,2010,1641.0,1271.0
2341,Con cobertura,48,74,2022,2284.0,2003.0
2342,Con cobertura,48,78,2010,1337.0,1320.0
2343,Con cobertura,48,78,2022,1751.0,1627.0
2344,Con cobertura,48,82,2010,13180.0,12371.0
2345,Con cobertura,48,82,2022,15388.0,14126.0
2346,Con cobertura,48,86,2010,2032.0,2044.0
2347,Con cobertura,48,86,2022,3263.0,2794.0
2348,Con cobertura,48,90,2010,5208.0,5003.0
2349,Con cobertura,48,90,2022,7203.0,6014.0
2350,Con cobertura,48,94,2010,878.0,764.0
2351,Con cobertura,48,94,2022,984.0,881.0
2352,Con cobertura,49,2,2010,15535.0,12725.0
2353,Con cobertura,49,2,2022,18796.0,15704.0
2354,Con cobertura,49,6,2010,57767.0,53550.0
2355,Con cobertura,49,6,2022,78099.0,68341.0
2356,Con cobertura,49,10,2010,1327.0,1230.0
2357,Con cobertura,49,10,2022,1727.0,1564.0
2358,Con cobertura,49,14,2010,13143.0,11702.0
2359,Con cobertura,49,14,2022,15987.0,13929.0
2360,Con cobertura,49,18,2010,3080.0,2657.0
2361,Con cobertura,49,18,2022,4177.0,3366.0
2362,Con cobertura,49,22,2010,2771.0,2385.0
2363,Con cobertura,49,22,2022,3600.0,2937.0
2364,Con cobertura,49,26,2010,2259.0,2185.0
2365,Con cobertura,49,26,2022,2852.0,2673.0
2366,Con cobertura,49,30,2010,4913.0,4244.0
2367,Con cobertura,49,30,2022,5998.0,5433.0
2368,Con cobertura,49,34,2010,1441.0,1314.0
2369,Con cobertura,49,34,2022,1850.0,1423.0
2370,Con cobertura,49,38,2010,2154.0,1807.0
2371,Con cobertura,49,38,2022,2938.0,2529.0
2372,Con cobertura,49,42,2010,1263.0,1141.0
2373,Con cobertura,49,42,2022,1640.0,1465.0
2374,Con cobertura,49,46,2010,1364.0,1227.0
2375,Con cobertura,49,46,2022,1517.0,1309.0
2376,Con cobertura,49,50,2010,6210.0,5484.0
2377,Con cobertura,49,50,2022,8149.0,7066.0
2378,Con cobertura,49,54,2010,3422.0,3115.0
2379,Con cobertura,49,54,2022,4123.0,3564.0
2380,Con cobertura,49,58,2010,2000.0,1989.0
2381,Con cobertura,49,58,2022,3258.0,2897.0
2382,Con cobertura,49,62,2010,2386.0,2325.0
2383,Con cobertura,49,62,2022,3403.0,2950.0
2384,Con cobertura,49,66,2010,3552.0,3082.0
2385,Con cobertura,49,66,2022,4836.0,4010.0
2386,Con cobertura,49,70,2010,2075.0,2079.0
2387,Con cobertura,49,70,2022,2904.0,2419.0
2388,Con cobertura,49,74,2010,1529.0,1182.0
2389,Con cobertura,49,74,2022,2356.0,1954.0
2390,Con cobertura,49,78,2010,1256.0,1365.0
2391,Con cobertura,49,78,2022,1705.0,1667.0
2392,Con cobertura,49,82,2010,12889.0,11560.0
2393,Con cobertura,49,82,2022,15482.0,14006.0
2394,Con cobertura,49,86,2010,2239.0,1927.0
2395,Con cobertura,49,86,2022,3415.0,2612.0
2396,Con cobertura,49,90,2010,5056.0,4387.0
2397,Con cobertura,49,90,2022,7105.0,5792.0
2398,Con cobertura,49,94,2010,676.0,763.0
2399,Con cobertura,49,94,2022,997.0,858.0
2400,Con cobertura,50,2,2010,16500.0,13569.0
2401,Con cobertura,50,2,2022,19231.0,16152.0
2402,Con cobertura,50,6,2010,58405.0,55677.0
2403,Con cobertura,50,6,2022,79480.0,69858.0
2404,Con cobertura,50,10,2010,1136.0,1379.0
2405,Con cobertura,50,10,2022,1720.0,1627.0
2406,Con cobertura,50,14,2010,12901.0,11610.0
2407,Con cobertura,50,14,2022,15946.0,14169.0
2408,Con cobertura,50,18,2010,3181.0,2664.0
2409,Con cobertura,50,18,2022,4473.0,3529.0
2410,Con cobertura,50,22,2010,3011.0,2488.0
2411,Con cobertura,50,22,2022,3654.0,2954.0
2412,Con cobertura,50,26,2010,1992.0,1970.0
2413,Con cobertura,50,26,2022,2750.0,2592.0
2414,Con cobertura,50,30,2010,4761.0,4303.0
2415,Con cobertura,50,30,2022,6230.0,5359.0
2416,Con cobertura,50,34,2010,1664.0,1465.0
2417,Con cobertura,50,34,2022,1834.0,1479.0
2418,Con cobertura,50,38,2010,2291.0,1755.0
2419,Con cobertura,50,38,2022,2881.0,2401.0
2420,Con cobertura,50,42,2010,1325.0,1382.0
2421,Con cobertura,50,42,2022,1680.0,1435.0
2422,Con cobertura,50,46,2010,1294.0,1211.0
2423,Con cobertura,50,46,2022,1538.0,1319.0
2424,Con cobertura,50,50,2010,5886.0,5455.0
2425,Con cobertura,50,50,2022,8274.0,7245.0
2426,Con cobertura,50,54,2010,3692.0,3264.0
2427,Con cobertura,50,54,2022,4288.0,3597.0
2428,Con cobertura,50,58,2010,2049.0,1970.0
2429,Con cobertura,50,58,2022,3311.0,3027.0
2430,Con cobertura,50,62,2010,2483.0,2192.0
2431,Con cobertura,50,62,2022,3207.0,2868.0
2432,Con cobertura,50,66,2010,3542.0,3011.0
2433,Con cobertura,50,66,2022,4902.0,4015.0
2434,Con cobertura,50,70,2010,2338.0,1865.0
2435,Con cobertura,50,70,2022,2911.0,2567.0
2436,Con cobertura,50,74,2010,1538.0,1335.0
2437,Con cobertura,50,74,2022,2330.0,1985.0
2438,Con cobertura,50,78,2010,1128.0,1308.0
2439,Con cobertura,50,78,2022,1719.0,1668.0
2440,Con cobertura,50,82,2010,13391.0,11556.0
2441,Con cobertura,50,82,2022,15498.0,13791.0
2442,Con cobertura,50,86,2010,2506.0,1911.0
2443,Con cobertura,50,86,2022,3310.0,2670.0
2444,Con cobertura,50,90,2010,5209.0,4605.0
2445,Con cobertura,50,90,2022,6853.0,5800.0
2446,Con cobertura,50,94,2010,546.0,812.0
2447,Con cobertura,50,94,2022,1011.0,825.0
2448,Con cobertura,51,2,2010,15244.0,12377.0
2449,Con cobertura,51,2,2022,17622.0,14731.0
2450,Con cobertura,51,6,2010,56798.0,50698.0
2451,Con cobertura,51,6,2022,73591.0,64348.0
2452,Con cobertura,51,10,2010,1217.0,1210.0
2453,Con cobertura,51,10,2022,1713.0,1587.0
2454,Con cobertura,51,14,2010,11867.0,10200.0
2455,Con cobertura,51,14,2022,14877.0,13329.0
2456,Con cobertura,51,18,2010,3119.0,2469.0
2457,Con cobertura,51,18,2022,4049.0,3170.0
2458,Con cobertura,51,22,2010,2925.0,2400.0
2459,Con cobertura,51,22,2022,3427.0,2862.0
2460,Con cobertura,51,26,2010,1873.0,1888.0
2461,Con cobertura,51,26,2022,2599.0,2311.0
2462,Con cobertura,51,30,2010,4505.0,4081.0
2463,Con cobertura,51,30,2022,5677.0,5024.0
2464,Con cobertura,51,34,2010,1676.0,1218.0
2465,Con cobertura,51,34,2022,1723.0,1418.0
2466,Con cobertura,51,38,2010,2161.0,1688.0
2467,Con cobertura,51,38,2022,2771.0,2331.0
2468,Con cobertura,51,42,2010,1244.0,1225.0
2469,Con cobertura,51,42,2022,1550.0,1373.0
2470,Con cobertura,51,46,2010,1407.0,1189.0
2471,Con cobertura,51,46,2022,1473.0,1306.0
2472,Con cobertura,51,50,2010,5999.0,5014.0
2473,Con cobertura,51,50,2022,7876.0,6673.0
2474,Con cobertura,51,54,2010,3196.0,2934.0
2475,Con cobertura,51,54,2022,3947.0,3412.0
2476,Con cobertura,51,58,2010,2064.0,1751.0
2477,Con cobertura,51,58,2022,3103.0,2768.0
2478,Con cobertura,51,62,2010,2420.0,2209.0
2479,Con cobertura,51,62,2022,3030.0,2744.0
2480,Con cobertura,51,66,2010,3187.0,2856.0
2481,Con cobertura,51,66,2022,4659.0,3824.0
2482,Con cobertura,51,70,2010,2366.0,1788.0
2483,Con cobertura,51,70,2022,2768.0,2344.0
2484,Con cobertura,51,74,2010,1486.0,1176.0
2485,Con cobertura,51,74,2022,2160.0,1896.0
2486,Con cobertura,51,78,2010,1086.0,1263.0
2487,Con cobertura,51,78,2022,1631.0,1476.0
2488,Con cobertura,51,82,2010,12593.0,11311.0
2489,Con cobertura,51,82,2022,14800.0,13094.0
2490,Con cobertura,51,86,2010,2326.0,1836.0
2491,Con cobertura,51,86,2022,3063.0,2472.0
2492,Con cobertura,51,90,2010,5583.0,4481.0
2493,Con cobertura,51,90,2022,6702.0,5711.0
2494,Con cobertura,51,94,2010,471.0,609.0
2495,Con cobertura,51,94,2022,869.0,840.0
2496,Con cobertura,52,2,2010,15285.0,12725.0
2497,Con cobertura,52,2,2022,17192.0,14296.0
2498,Con cobertura,52,6,2010,55119.0,48292.0
2499,Con cobertura,52,6,2022,70950.0,61551.0
2500,Con cobertura,52,10,2010,1205.0,1119.0
2501,Con cobertura,52,10,2022,1712.0,1412.0
2502,Con cobertura,52,14,2010,12039.0,10230.0
2503,Con cobertura,52,14,2022,15049.0,13004.0
2504,Con cobertura,52,18,2010,3152.0,2344.0
2505,Con cobertura,52,18,2022,4164.0,3240.0
2506,Con cobertura,52,22,2010,2740.0,2126.0
2507,Con cobertura,52,22,2022,3517.0,2819.0
2508,Con cobertura,52,26,2010,1959.0,1784.0
2509,Con cobertura,52,26,2022,2500.0,2316.0
2510,Con cobertura,52,30,2010,4387.0,3993.0
2511,Con cobertura,52,30,2022,5585.0,4841.0
2512,Con cobertura,52,34,2010,1425.0,1462.0
2513,Con cobertura,52,34,2022,1789.0,1447.0
2514,Con cobertura,52,38,2010,2149.0,1647.0
2515,Con cobertura,52,38,2022,2807.0,2377.0
2516,Con cobertura,52,42,2010,1170.0,939.0
2517,Con cobertura,52,42,2022,1510.0,1314.0
2518,Con cobertura,52,46,2010,1070.0,1127.0
2519,Con cobertura,52,46,2022,1431.0,1297.0
2520,Con cobertura,52,50,2010,5764.0,5045.0
2521,Con cobertura,52,50,2022,7607.0,6551.0
2522,Con cobertura,52,54,2010,3119.0,3110.0
2523,Con cobertura,52,54,2022,4033.0,3279.0
2524,Con cobertura,52,58,2010,1835.0,1744.0
2525,Con cobertura,52,58,2022,2926.0,2536.0
2526,Con cobertura,52,62,2010,2412.0,2055.0
2527,Con cobertura,52,62,2022,2972.0,2500.0
2528,Con cobertura,52,66,2010,3423.0,2685.0
2529,Con cobertura,52,66,2022,4561.0,3813.0
2530,Con cobertura,52,70,2010,2058.0,1611.0
2531,Con cobertura,52,70,2022,2714.0,2326.0
2532,Con cobertura,52,74,2010,1498.0,1123.0
2533,Con cobertura,52,74,2022,2070.0,1806.0
2534,Con cobertura,52,78,2010,1146.0,1206.0
2535,Con cobertura,52,78,2022,1544.0,1400.0
2536,Con cobertura,52,82,2010,12388.0,10913.0
2537,Con cobertura,52,82,2022,14408.0,12702.0
2538,Con cobertura,52,86,2010,2438.0,1943.0
2539,Con cobertura,52,86,2022,2911.0,2554.0
2540,Con cobertura,52,90,2010,5265.0,4592.0
2541,Con cobertura,52,90,2022,6497.0,5451.0
2542,Con cobertura,52,94,2010,414.0,602.0
2543,Con cobertura,52,94,2022,884.0,768.0
2544,Con cobertura,53,2,2010,15643.0,13190.0
2545,Con cobertura,53,2,2022,16550.0,13824.0
2546,Con cobertura,53,6,2010,54657.0,49971.0
2547,Con cobertura,53,6,2022,66621.0,58079.0
2548,Con cobertura,53,10,2010,1087.0,1094.0
2549,Con cobertura,53,10,2022,1534.0,1427.0
2550,Con cobertura,53,14,2010,12577.0,10236.0
2551,Con cobertura,53,14,2022,14193.0,12178.0
2552,Con cobertura,53,18,2010,3082.0,2558.0
2553,Con cobertura,53,18,2022,4124.0,3131.0
2554,Con cobertura,53,22,2010,2685.0,2451.0
2555,Con cobertura,53,22,2022,3435.0,2705.0
2556,Con cobertura,53,26,2010,1825.0,1758.0
2557,Con cobertura,53,26,2022,2373.0,2110.0
2558,Con cobertura,53,30,2010,4744.0,4137.0
2559,Con cobertura,53,30,2022,5459.0,4718.0
2560,Con cobertura,53,34,2010,1632.0,1457.0
2561,Con cobertura,53,34,2022,1816.0,1441.0
2562,Con cobertura,53,38,2010,2108.0,1705.0
2563,Con cobertura,53,38,2022,2547.0,2095.0
2564,Con cobertura,53,42,2010,1248.0,1037.0
2565,Con cobertura,53,42,2022,1500.0,1303.0
2566,Con cobertura,53,46,2010,1246.0,1114.0
2567,Con cobertura,53,46,2022,1377.0,1303.0
2568,Con cobertura,53,50,2010,5931.0,5170.0
2569,Con cobertura,53,50,2022,7087.0,5971.0
2570,Con cobertura,53,54,2010,2996.0,3018.0
2571,Con cobertura,53,54,2022,3750.0,3161.0
2572,Con cobertura,53,58,2010,1827.0,1753.0
2573,Con cobertura,53,58,2022,2798.0,2452.0
2574,Con cobertura,53,62,2010,2360.0,2160.0
2575,Con cobertura,53,62,2022,2768.0,2415.0
2576,Con cobertura,53,66,2010,3398.0,2743.0
2577,Con cobertura,53,66,2022,4231.0,3538.0
2578,Con cobertura,53,70,2010,1998.0,1905.0
2579,Con cobertura,53,70,2022,2580.0,2139.0
2580,Con cobertura,53,74,2010,1447.0,1346.0
2581,Con cobertura,53,74,2022,1974.0,1732.0
2582,Con cobertura,53,78,2010,993.0,1071.0
2583,Con cobertura,53,78,2022,1563.0,1383.0
2584,Con cobertura,53,82,2010,12570.0,11339.0
2585,Con cobertura,53,82,2022,13842.0,12242.0
2586,Con cobertura,53,86,2010,2605.0,1824.0
2587,Con cobertura,53,86,2022,2924.0,2448.0
2588,Con cobertura,53,90,2010,5679.0,4628.0
2589,Con cobertura,53,90,2022,6063.0,5202.0
2590,Con cobertura,53,94,2010,478.0,536.0
2591,Con cobertura,53,94,2022,822.0,659.0
2592,Con cobertura,54,2,2010,16360.0,12141.0
2593,Con cobertura,54,2,2022,16547.0,13200.0
2594,Con cobertura,54,6,2010,55555.0,47404.0
2595,Con cobertura,54,6,2022,65485.0,56819.0
2596,Con cobertura,54,10,2010,1325.0,1056.0
2597,Con cobertura,54,10,2022,1495.0,1403.0
2598,Con cobertura,54,14,2010,12238.0,10144.0
2599,Con cobertura,54,14,2022,13853.0,11801.0
2600,Con cobertura,54,18,2010,2888.0,2358.0
2601,Con cobertura,54,18,2022,4127.0,3142.0
2602,Con cobertura,54,22,2010,2803.0,2201.0
2603,Con cobertura,54,22,2022,3448.0,2546.0
2604,Con cobertura,54,26,2010,2060.0,1777.0
2605,Con cobertura,54,26,2022,2340.0,1997.0
2606,Con cobertura,54,30,2010,4793.0,3771.0
2607,Con cobertura,54,30,2022,5345.0,4708.0
2608,Con cobertura,54,34,2010,1462.0,1241.0
2609,Con cobertura,54,34,2022,1913.0,1442.0
2610,Con cobertura,54,38,2010,2135.0,1643.0
2611,Con cobertura,54,38,2022,2558.0,2037.0
2612,Con cobertura,54,42,2010,1352.0,1034.0
2613,Con cobertura,54,42,2022,1481.0,1274.0
2614,Con cobertura,54,46,2010,1179.0,910.0
2615,Con cobertura,54,46,2022,1429.0,1172.0
2616,Con cobertura,54,50,2010,5859.0,4833.0
2617,Con cobertura,54,50,2022,7156.0,5908.0
2618,Con cobertura,54,54,2010,3121.0,2672.0
2619,Con cobertura,54,54,2022,3793.0,3157.0
2620,Con cobertura,54,58,2010,2183.0,1735.0
2621,Con cobertura,54,58,2022,2758.0,2369.0
2622,Con cobertura,54,62,2010,2077.0,2032.0
2623,Con cobertura,54,62,2022,2801.0,2329.0
2624,Con cobertura,54,66,2010,3477.0,2602.0
2625,Con cobertura,54,66,2022,4262.0,3443.0
2626,Con cobertura,54,70,2010,2210.0,1623.0
2627,Con cobertura,54,70,2022,2590.0,2158.0
2628,Con cobertura,54,74,2010,1437.0,1252.0
2629,Con cobertura,54,74,2022,1992.0,1703.0
2630,Con cobertura,54,78,2010,1054.0,1079.0
2631,Con cobertura,54,78,2022,1468.0,1234.0
2632,Con cobertura,54,82,2010,12379.0,11096.0
2633,Con cobertura,54,82,2022,13717.0,11719.0
2634,Con cobertura,54,86,2010,2373.0,1882.0
2635,Con cobertura,54,86,2022,2946.0,2451.0
2636,Con cobertura,54,90,2010,5472.0,4631.0
2637,Con cobertura,54,90,2022,6142.0,5005.0
2638,Con cobertura,54,94,2010,552.0,442.0
2639,Con cobertura,54,94,2022,860.0,721.0
2640,Con cobertura,55,2,2010,15961.0,12929.0
2641,Con cobertura,55,2,2022,16187.0,13251.0
2642,Con cobertura,55,6,2010,55474.0,46838.0
2643,Con cobertura,55,6,2022,64357.0,54218.0
2644,Con cobertura,55,10,2010,1260.0,1200.0
2645,Con cobertura,55,10,2022,1472.0,1335.0
2646,Con cobertura,55,14,2010,12239.0,10440.0
2647,Con cobertura,55,14,2022,13866.0,11485.0
2648,Con cobertura,55,18,2010,2940.0,2319.0
2649,Con cobertura,55,18,2022,3974.0,3129.0
2650,Con cobertura,55,22,2010,2616.0,2211.0
2651,Con cobertura,55,22,2022,3493.0,2617.0
2652,Con cobertura,55,26,2010,1661.0,1846.0
2653,Con cobertura,55,26,2022,2380.0,1956.0
2654,Con cobertura,55,30,2010,4652.0,4160.0
2655,Con cobertura,55,30,2022,5408.0,4572.0
2656,Con cobertura,55,34,2010,1344.0,1332.0
2657,Con cobertura,55,34,2022,1958.0,1484.0
2658,Con cobertura,55,38,2010,2171.0,1856.0
2659,Con cobertura,55,38,2022,2554.0,2041.0
2660,Con cobertura,55,42,2010,1176.0,1087.0
2661,Con cobertura,55,42,2022,1367.0,1253.0
2662,Con cobertura,55,46,2010,1107.0,995.0
2663,Con cobertura,55,46,2022,1389.0,1210.0
2664,Con cobertura,55,50,2010,6098.0,5292.0
2665,Con cobertura,55,50,2022,6745.0,5750.0
2666,Con cobertura,55,54,2010,3061.0,2727.0
2667,Con cobertura,55,54,2022,3762.0,2968.0
2668,Con cobertura,55,58,2010,1585.0,1624.0
2669,Con cobertura,55,58,2022,2621.0,2449.0
2670,Con cobertura,55,62,2010,2270.0,1945.0
2671,Con cobertura,55,62,2022,2810.0,2296.0
2672,Con cobertura,55,66,2010,3328.0,2590.0
2673,Con cobertura,55,66,2022,4270.0,3443.0
2674,Con cobertura,55,70,2010,2218.0,1921.0
2675,Con cobertura,55,70,2022,2417.0,2060.0
2676,Con cobertura,55,74,2010,1525.0,1271.0
2677,Con cobertura,55,74,2022,1861.0,1656.0
2678,Con cobertura,55,78,2010,923.0,1035.0
2679,Con cobertura,55,78,2022,1343.0,1210.0
2680,Con cobertura,55,82,2010,12395.0,11259.0
2681,Con cobertura,55,82,2022,13559.0,12093.0
2682,Con cobertura,55,86,2010,2154.0,1871.0
2683,Con cobertura,55,86,2022,2863.0,2312.0
2684,Con cobertura,55,90,2010,5181.0,4577.0
2685,Con cobertura,55,90,2022,5948.0,5012.0
2686,Con cobertura,55,94,2010,421.0,633.0
2687,Con cobertura,55,94,2022,857.0,687.0
2688,Con cobertura,56,2,2010,15104.0,11862.0
2689,Con cobertura,56,2,2022,16222.0,13055.0
2690,Con cobertura,56,6,2010,53198.0,44835.0
2691,Con cobertura,56,6,2022,63797.0,54637.0
2692,Con cobertura,56,10,2010,1345.0,1039.0
2693,Con cobertura,56,10,2022,1489.0,1422.0
2694,Con cobertura,56,14,2010,12275.0,10172.0
2695,Con cobertura,56,14,2022,14032.0,11756.0
2696,Con cobertura,56,18,2010,2494.0,2493.0
2697,Con cobertura,56,18,2022,4336.0,3303.0
2698,Con cobertura,56,22,2010,2679.0,2130.0
2699,Con cobertura,56,22,2022,3450.0,2609.0
2700,Con cobertura,56,26,2010,1877.0,1371.0
2701,Con cobertura,56,26,2022,2282.0,2000.0
2702,Con cobertura,56,30,2010,4310.0,3805.0
2703,Con cobertura,56,30,2022,5379.0,4799.0
2704,Con cobertura,56,34,2010,1237.0,1130.0
2705,Con cobertura,56,34,2022,1937.0,1526.0
2706,Con cobertura,56,38,2010,1984.0,1703.0
2707,Con cobertura,56,38,2022,2563.0,2041.0
2708,Con cobertura,56,42,2010,1061.0,1081.0
2709,Con cobertura,56,42,2022,1454.0,1336.0
2710,Con cobertura,56,46,2010,1095.0,1037.0
2711,Con cobertura,56,46,2022,1357.0,1203.0
2712,Con cobertura,56,50,2010,5586.0,4818.0
2713,Con cobertura,56,50,2022,6749.0,5698.0
2714,Con cobertura,56,54,2010,2596.0,2627.0
2715,Con cobertura,56,54,2022,3916.0,3257.0
2716,Con cobertura,56,58,2010,1694.0,1537.0
2717,Con cobertura,56,58,2022,2781.0,2303.0
2718,Con cobertura,56,62,2010,2189.0,2149.0
2719,Con cobertura,56,62,2022,2863.0,2396.0
2720,Con cobertura,56,66,2010,3411.0,2634.0
2721,Con cobertura,56,66,2022,4179.0,3468.0
2722,Con cobertura,56,70,2010,2189.0,1795.0
2723,Con cobertura,56,70,2022,2329.0,1896.0
2724,Con cobertura,56,74,2010,1544.0,1248.0
2725,Con cobertura,56,74,2022,2010.0,1642.0
2726,Con cobertura,56,78,2010,960.0,951.0
2727,Con cobertura,56,78,2022,1345.0,1234.0
2728,Con cobertura,56,82,2010,12140.0,10997.0
2729,Con cobertura,56,82,2022,14030.0,12244.0
2730,Con cobertura,56,86,2010,2474.0,1745.0
2731,Con cobertura,56,86,2022,2826.0,2432.0
2732,Con cobertura,56,90,2010,5169.0,4400.0
2733,Con cobertura,56,90,2022,6139.0,5095.0
2734,Con cobertura,56,94,2010,442.0,458.0
2735,Con cobertura,56,94,2022,870.0,730.0
2736,Con cobertura,57,2,2010,15108.0,12100.0
2737,Con cobertura,57,2,2022,16298.0,12907.0
2738,Con cobertura,57,6,2010,53748.0,45522.0
2739,Con cobertura,57,6,2022,63860.0,54280.0
2740,Con cobertura,57,10,2010,1132.0,1062.0
2741,Con cobertura,57,10,2022,1573.0,1364.0
2742,Con cobertura,57,14,2010,12194.0,9654.0
2743,Con cobertura,57,14,2022,14402.0,12043.0
2744,Con cobertura,57,18,2010,2682.0,2355.0
2745,Con cobertura,57,18,2022,4150.0,3308.0
2746,Con cobertura,57,22,2010,2595.0,2258.0
2747,Con cobertura,57,22,2022,3599.0,2805.0
2748,Con cobertura,57,26,2010,1768.0,1493.0
2749,Con cobertura,57,26,2022,2323.0,2107.0
2750,Con cobertura,57,30,2010,4457.0,3965.0
2751,Con cobertura,57,30,2022,5740.0,4878.0
2752,Con cobertura,57,34,2010,1424.0,1131.0
2753,Con cobertura,57,34,2022,1833.0,1521.0
2754,Con cobertura,57,38,2010,1925.0,1699.0
2755,Con cobertura,57,38,2022,2713.0,2105.0
2756,Con cobertura,57,42,2010,1146.0,942.0
2757,Con cobertura,57,42,2022,1555.0,1295.0
2758,Con cobertura,57,46,2010,1162.0,1003.0
2759,Con cobertura,57,46,2022,1345.0,1274.0
2760,Con cobertura,57,50,2010,6110.0,4873.0
2761,Con cobertura,57,50,2022,6798.0,5825.0
2762,Con cobertura,57,54,2010,2758.0,2470.0
2763,Con cobertura,57,54,2022,3930.0,3234.0
2764,Con cobertura,57,58,2010,1763.0,1558.0
2765,Con cobertura,57,58,2022,2680.0,2258.0
2766,Con cobertura,57,62,2010,2073.0,1822.0
2767,Con cobertura,57,62,2022,2920.0,2410.0
2768,Con cobertura,57,66,2010,3073.0,2576.0
2769,Con cobertura,57,66,2022,4283.0,3359.0
2770,Con cobertura,57,70,2010,2312.0,1954.0
2771,Con cobertura,57,70,2022,2459.0,2109.0
2772,Con cobertura,57,74,2010,1281.0,1042.0
2773,Con cobertura,57,74,2022,1981.0,1588.0
2774,Con cobertura,57,78,2010,854.0,881.0
2775,Con cobertura,57,78,2022,1461.0,1255.0
2776,Con cobertura,57,82,2010,12463.0,10666.0
2777,Con cobertura,57,82,2022,14409.0,12152.0
2778,Con cobertura,57,86,2010,2220.0,1725.0
2779,Con cobertura,57,86,2022,2914.0,2368.0
2780,Con cobertura,57,90,2010,4710.0,4204.0
2781,Con cobertura,57,90,2022,6353.0,5194.0
2782,Con cobertura,57,94,2010,283.0,470.0
2783,Con cobertura,57,94,2022,880.0,773.0
2784,Con cobertura,58,2,2010,14803.0,11217.0
2785,Con cobertura,58,2,2022,15895.0,12503.0
2786,Con cobertura,58,6,2010,54462.0,44030.0
2787,Con cobertura,58,6,2022,63160.0,53004.0
2788,Con cobertura,58,10,2010,1139.0,1100.0
2789,Con cobertura,58,10,2022,1459.0,1326.0
2790,Con cobertura,58,14,2010,11834.0,9865.0
2791,Con cobertura,58,14,2022,14358.0,12012.0
2792,Con cobertura,58,18,2010,2619.0,2163.0
2793,Con cobertura,58,18,2022,4266.0,3373.0
2794,Con cobertura,58,22,2010,2573.0,2024.0
2795,Con cobertura,58,22,2022,3400.0,2678.0
2796,Con cobertura,58,26,2010,1608.0,1590.0
2797,Con cobertura,58,26,2022,2240.0,2020.0
2798,Con cobertura,58,30,2010,4099.0,3575.0
2799,Con cobertura,58,30,2022,5562.0,4667.0
2800,Con cobertura,58,34,2010,1330.0,1007.0
2801,Con cobertura,58,34,2022,1814.0,1536.0
2802,Con cobertura,58,38,2010,1800.0,1497.0
2803,Con cobertura,58,38,2022,2561.0,2107.0
2804,Con cobertura,58,42,2010,1207.0,1047.0
2805,Con cobertura,58,42,2022,1395.0,1287.0
2806,Con cobertura,58,46,2010,950.0,1044.0
2807,Con cobertura,58,46,2022,1317.0,1129.0
2808,Con cobertura,58,50,2010,5791.0,4958.0
2809,Con cobertura,58,50,2022,6997.0,5487.0
2810,Con cobertura,58,54,2010,2670.0,2433.0
2811,Con cobertura,58,54,2022,3813.0,3256.0
2812,Con cobertura,58,58,2010,1748.0,1427.0
2813,Con cobertura,58,58,2022,2670.0,2211.0
2814,Con cobertura,58,62,2010,1977.0,1874.0
2815,Con cobertura,58,62,2022,2755.0,2295.0
2816,Con cobertura,58,66,2010,3014.0,2394.0
2817,Con cobertura,58,66,2022,4101.0,3331.0
2818,Con cobertura,58,70,2010,2170.0,1635.0
2819,Con cobertura,58,70,2022,2455.0,2103.0
2820,Con cobertura,58,74,2010,1255.0,1163.0
2821,Con cobertura,58,74,2022,2051.0,1675.0
2822,Con cobertura,58,78,2010,716.0,753.0
2823,Con cobertura,58,78,2022,1302.0,1204.0
2824,Con cobertura,58,82,2010,12520.0,10625.0
2825,Con cobertura,58,82,2022,14118.0,12121.0
2826,Con cobertura,58,86,2010,2300.0,1843.0
2827,Con cobertura,58,86,2022,2840.0,2348.0
2828,Con cobertura,58,90,2010,4843.0,4241.0
2829,Con cobertura,58,90,2022,6063.0,5115.0
2830,Con cobertura,58,94,2010,289.0,350.0
2831,Con cobertura,58,94,2022,866.0,810.0
2832,Con cobertura,59,2,2010,15136.0,11222.0
2833,Con cobertura,59,2,2022,16522.0,13122.0
2834,Con cobertura,59,6,2010,54423.0,42653.0
2835,Con cobertura,59,6,2022,64556.0,54466.0
2836,Con cobertura,59,10,2010,1099.0,983.0
2837,Con cobertura,59,10,2022,1434.0,1295.0
2838,Con cobertura,59,14,2010,11866.0,9527.0
2839,Con cobertura,59,14,2022,14528.0,12139.0
2840,Con cobertura,59,18,2010,2713.0,2113.0
2841,Con cobertura,59,18,2022,4215.0,3444.0
2842,Con cobertura,59,22,2010,2609.0,1913.0
2843,Con cobertura,59,22,2022,3420.0,3210.0
2844,Con cobertura,59,26,2010,1700.0,1411.0
2845,Con cobertura,59,26,2022,2299.0,2089.0
2846,Con cobertura,59,30,2010,4159.0,3505.0
2847,Con cobertura,59,30,2022,5635.0,4817.0
2848,Con cobertura,59,34,2010,1077.0,1257.0
2849,Con cobertura,59,34,2022,1821.0,1523.0
2850,Con cobertura,59,38,2010,1810.0,1605.0
2851,Con cobertura,59,38,2022,2575.0,2053.0
2852,Con cobertura,59,42,2010,1078.0,955.0
2853,Con cobertura,59,42,2022,1526.0,1247.0
2854,Con cobertura,59,46,2010,937.0,932.0
2855,Con cobertura,59,46,2022,1391.0,1168.0
2856,Con cobertura,59,50,2010,5823.0,4669.0
2857,Con cobertura,59,50,2022,7039.0,5682.0
2858,Con cobertura,59,54,2010,2590.0,2158.0
2859,Con cobertura,59,54,2022,3869.0,3239.0
2860,Con cobertura,59,58,2010,1697.0,1394.0
2861,Con cobertura,59,58,2022,2559.0,2205.0
2862,Con cobertura,59,62,2010,1991.0,1801.0
2863,Con cobertura,59,62,2022,2877.0,2266.0
2864,Con cobertura,59,66,2010,2940.0,2542.0
2865,Con cobertura,59,66,2022,4100.0,3309.0
2866,Con cobertura,59,70,2010,2026.0,1693.0
2867,Con cobertura,59,70,2022,2510.0,2124.0
2868,Con cobertura,59,74,2010,1241.0,1067.0
2869,Con cobertura,59,74,2022,1918.0,1569.0
2870,Con cobertura,59,78,2010,705.0,785.0
2871,Con cobertura,59,78,2022,1360.0,1246.0
2872,Con cobertura,59,82,2010,12072.0,10349.0
2873,Con cobertura,59,82,2022,14236.0,12223.0
2874,Con cobertura,59,86,2010,2116.0,1760.0
2875,Con cobertura,59,86,2022,2816.0,2419.0
2876,Con cobertura,59,90,2010,5277.0,4264.0
2877,Con cobertura,59,90,2022,6323.0,5175.0
2878,Con cobertura,59,94,2010,334.0,457.0
2879,Con cobertura,59,94,2022,841.0,828.0
2880,Con cobertura,60,2,2010,17158.0,12566.0
2881,Con cobertura,60,2,2022,16949.0,13049.0
2882,Con cobertura,60,6,2010,57992.0,45083.0
2883,Con cobertura,60,6,2022,66903.0,53545.0
2884,Con cobertura,60,10,2010,1053.0,1194.0
2885,Con cobertura,60,10,2022,1498.0,1327.0
2886,Con cobertura,60,14,2010,13672.0,10132.0
2887,Con cobertura,60,14,2022,15388.0,12058.0
2888,Con cobertura,60,18,2010,2679.0,2166.0
2889,Con cobertura,60,18,2022,4204.0,3462.0
2890,Con cobertura,60,22,2010,2307.0,2045.0
2891,Con cobertura,60,22,2022,3464.0,2982.0
2892,Con cobertura,60,26,2010,1615.0,1472.0
2893,Con cobertura,60,26,2022,2289.0,2022.0
2894,Con cobertura,60,30,2010,4439.0,3631.0
2895,Con cobertura,60,30,2022,5714.0,4503.0
2896,Con cobertura,60,34,2010,1294.0,964.0
2897,Con cobertura,60,34,2022,1846.0,1547.0
2898,Con cobertura,60,38,2010,1885.0,1460.0
2899,Con cobertura,60,38,2022,2463.0,1955.0
2900,Con cobertura,60,42,2010,1330.0,988.0
2901,Con cobertura,60,42,2022,1488.0,1307.0
2902,Con cobertura,60,46,2010,939.0,901.0
2903,Con cobertura,60,46,2022,1386.0,1173.0
2904,Con cobertura,60,50,2010,6422.0,5062.0
2905,Con cobertura,60,50,2022,7437.0,5720.0
2906,Con cobertura,60,54,2010,2729.0,2238.0
2907,Con cobertura,60,54,2022,3934.0,3072.0
2908,Con cobertura,60,58,2010,1629.0,1435.0
2909,Con cobertura,60,58,2022,2549.0,2097.0
2910,Con cobertura,60,62,2010,2067.0,1881.0
2911,Con cobertura,60,62,2022,2889.0,2344.0
2912,Con cobertura,60,66,2010,3154.0,2625.0
2913,Con cobertura,60,66,2022,4145.0,3150.0
2914,Con cobertura,60,70,2010,2331.0,1689.0
2915,Con cobertura,60,70,2022,2752.0,2025.0
2916,Con cobertura,60,74,2010,1570.0,1197.0
2917,Con cobertura,60,74,2022,1945.0,1622.0
2918,Con cobertura,60,78,2010,863.0,736.0
2919,Con cobertura,60,78,2022,1184.0,1146.0
2920,Con cobertura,60,82,2010,12619.0,10214.0
2921,Con cobertura,60,82,2022,14769.0,11970.0
2922,Con cobertura,60,86,2010,2298.0,1712.0
2923,Con cobertura,60,86,2022,2868.0,2413.0
2924,Con cobertura,60,90,2010,5185.0,4434.0
2925,Con cobertura,60,90,2022,6149.0,5101.0
2926,Con cobertura,60,94,2010,331.0,357.0
2927,Con cobertura,60,94,2022,869.0,796.0
2928,Con cobertura,61,2,2010,15928.0,10991.0
2929,Con cobertura,61,2,2022,16170.0,12302.0
2930,Con cobertura,61,6,2010,58278.0,41307.0
2931,Con cobertura,61,6,2022,66741.0,50561.0
2932,Con cobertura,61,10,2010,1122.0,905.0
2933,Con cobertura,61,10,2022,1452.0,1296.0
2934,Con cobertura,61,14,2010,13513.0,9334.0
2935,Con cobertura,61,14,2022,15591.0,11401.0
2936,Con cobertura,61,18,2010,2700.0,1922.0
2937,Con cobertura,61,18,2022,4236.0,3058.0
2938,Con cobertura,61,22,2010,2274.0,1952.0
2939,Con cobertura,61,22,2022,3579.0,2546.0
2940,Con cobertura,61,26,2010,1384.0,1392.0
2941,Con cobertura,61,26,2022,2223.0,1787.0
2942,Con cobertura,61,30,2010,4812.0,3408.0
2943,Con cobertura,61,30,2022,5637.0,4407.0
2944,Con cobertura,61,34,2010,1184.0,879.0
2945,Con cobertura,61,34,2022,1785.0,1375.0
2946,Con cobertura,61,38,2010,1839.0,1290.0
2947,Con cobertura,61,38,2022,2545.0,1891.0
2948,Con cobertura,61,42,2010,1264.0,1035.0
2949,Con cobertura,61,42,2022,1558.0,1226.0
2950,Con cobertura,61,46,2010,927.0,834.0
2951,Con cobertura,61,46,2022,1395.0,1075.0
2952,Con cobertura,61,50,2010,6787.0,4561.0
2953,Con cobertura,61,50,2022,7688.0,5535.0
2954,Con cobertura,61,54,2010,2458.0,2077.0
2955,Con cobertura,61,54,2022,3929.0,3064.0
2956,Con cobertura,61,58,2010,1516.0,1138.0
2957,Con cobertura,61,58,2022,2527.0,2055.0
2958,Con cobertura,61,62,2010,2157.0,1716.0
2959,Con cobertura,61,62,2022,2904.0,2078.0
2960,Con cobertura,61,66,2010,2794.0,2188.0
2961,Con cobertura,61,66,2022,4135.0,3121.0
2962,Con cobertura,61,70,2010,2017.0,1479.0
2963,Con cobertura,61,70,2022,2718.0,1783.0
2964,Con cobertura,61,74,2010,1392.0,991.0
2965,Con cobertura,61,74,2022,1934.0,1519.0
2966,Con cobertura,61,78,2010,696.0,682.0
2967,Con cobertura,61,78,2022,1180.0,1068.0
2968,Con cobertura,61,82,2010,13215.0,9280.0
2969,Con cobertura,61,82,2022,14775.0,11423.0
2970,Con cobertura,61,86,2010,2177.0,1595.0
2971,Con cobertura,61,86,2022,2995.0,2195.0
2972,Con cobertura,61,90,2010,4615.0,3923.0
2973,Con cobertura,61,90,2022,6136.0,4632.0
2974,Con cobertura,61,94,2010,278.0,259.0
2975,Con cobertura,61,94,2022,774.0,715.0
2976,Con cobertura,62,2,2010,16874.0,11348.0
2977,Con cobertura,62,2,2022,16723.0,12566.0
2978,Con cobertura,62,6,2010,62036.0,41588.0
2979,Con cobertura,62,6,2022,70775.0,50723.0
2980,Con cobertura,62,10,2010,1036.0,977.0
2981,Con cobertura,62,10,2022,1620.0,1265.0
2982,Con cobertura,62,14,2010,13727.0,9588.0
2983,Con cobertura,62,14,2022,16036.0,11464.0
2984,Con cobertura,62,18,2010,2789.0,1806.0
2985,Con cobertura,62,18,2022,4505.0,3187.0
2986,Con cobertura,62,22,2010,2672.0,1645.0
2987,Con cobertura,62,22,2022,3983.0,2509.0
2988,Con cobertura,62,26,2010,1630.0,1401.0
2989,Con cobertura,62,26,2022,2316.0,1807.0
2990,Con cobertura,62,30,2010,4677.0,3336.0
2991,Con cobertura,62,30,2022,5990.0,4356.0
2992,Con cobertura,62,34,2010,1001.0,951.0
2993,Con cobertura,62,34,2022,1933.0,1356.0
2994,Con cobertura,62,38,2010,1766.0,1481.0
2995,Con cobertura,62,38,2022,2631.0,1867.0
2996,Con cobertura,62,42,2010,1457.0,942.0
2997,Con cobertura,62,42,2022,1565.0,1172.0
2998,Con cobertura,62,46,2010,840.0,775.0
2999,Con cobertura,62,46,2022,1232.0,1104.0
3000,Con cobertura,62,50,2010,6743.0,4431.0
3001,Con cobertura,62,50,2022,8045.0,5606.0
3002,Con cobertura,62,54,2010,2440.0,1790.0
3003,Con cobertura,62,54,2022,4049.0,3007.0
3004,Con cobertura,62,58,2010,1596.0,1144.0
3005,Con cobertura,62,58,2022,2549.0,1907.0
3006,Con cobertura,62,62,2010,2261.0,1660.0
3007,Con cobertura,62,62,2022,2949.0,2179.0
3008,Con cobertura,62,66,2010,3217.0,2122.0
3009,Con cobertura,62,66,2022,4116.0,3041.0
3010,Con cobertura,62,70,2010,2239.0,1720.0
3011,Con cobertura,62,70,2022,2980.0,1877.0
3012,Con cobertura,62,74,2010,1426.0,980.0
3013,Con cobertura,62,74,2022,1988.0,1511.0
3014,Con cobertura,62,78,2010,555.0,672.0
3015,Con cobertura,62,78,2022,1206.0,1119.0
3016,Con cobertura,62,82,2010,13151.0,9203.0
3017,Con cobertura,62,82,2022,15957.0,11611.0
3018,Con cobertura,62,86,2010,2722.0,1424.0
3019,Con cobertura,62,86,2022,3144.0,2264.0
3020,Con cobertura,62,90,2010,4933.0,3580.0
3021,Con cobertura,62,90,2022,6806.0,5051.0
3022,Con cobertura,62,94,2010,337.0,260.0
3023,Con cobertura,62,94,2022,714.0,759.0
3024,Con cobertura,63,2,2010,15979.0,10968.0
3025,Con cobertura,63,2,2022,16540.0,12163.0
3026,Con cobertura,63,6,2010,60703.0,41067.0
3027,Con cobertura,63,6,2022,71476.0,48881.0
3028,Con cobertura,63,10,2010,1011.0,745.0
3029,Con cobertura,63,10,2022,1534.0,1268.0
3030,Con cobertura,63,14,2010,14083.0,8861.0
3031,Con cobertura,63,14,2022,15904.0,11054.0
3032,Con cobertura,63,18,2010,3019.0,1898.0
3033,Con cobertura,63,18,2022,4415.0,3114.0
3034,Con cobertura,63,22,2010,2724.0,1410.0
3035,Con cobertura,63,22,2022,3777.0,2428.0
3036,Con cobertura,63,26,2010,1466.0,1269.0
3037,Con cobertura,63,26,2022,2263.0,1722.0
3038,Con cobertura,63,30,2010,4872.0,3254.0
3039,Con cobertura,63,30,2022,5769.0,4253.0
3040,Con cobertura,63,34,2010,1112.0,875.0
3041,Con cobertura,63,34,2022,1981.0,1398.0
3042,Con cobertura,63,38,2010,1922.0,1293.0
3043,Con cobertura,63,38,2022,2768.0,1895.0
3044,Con cobertura,63,42,2010,1229.0,1024.0
3045,Con cobertura,63,42,2022,1476.0,1135.0
3046,Con cobertura,63,46,2010,918.0,686.0
3047,Con cobertura,63,46,2022,1333.0,1097.0
3048,Con cobertura,63,50,2010,6921.0,4356.0
3049,Con cobertura,63,50,2022,8237.0,5561.0
3050,Con cobertura,63,54,2010,2739.0,1778.0
3051,Con cobertura,63,54,2022,4116.0,2890.0
3052,Con cobertura,63,58,2010,1419.0,1133.0
3053,Con cobertura,63,58,2022,2501.0,1839.0
3054,Con cobertura,63,62,2010,2050.0,1618.0
3055,Con cobertura,63,62,2022,2932.0,2132.0
3056,Con cobertura,63,66,2010,3186.0,1932.0
3057,Con cobertura,63,66,2022,4378.0,2813.0
3058,Con cobertura,63,70,2010,2059.0,1470.0
3059,Con cobertura,63,70,2022,3058.0,1962.0
3060,Con cobertura,63,74,2010,1440.0,1116.0
3061,Con cobertura,63,74,2022,2074.0,1401.0
3062,Con cobertura,63,78,2010,517.0,568.0
3063,Con cobertura,63,78,2022,1139.0,988.0
3064,Con cobertura,63,82,2010,13109.0,8999.0
3065,Con cobertura,63,82,2022,15325.0,10988.0
3066,Con cobertura,63,86,2010,2372.0,1358.0
3067,Con cobertura,63,86,2022,3030.0,2243.0
3068,Con cobertura,63,90,2010,4773.0,3383.0
3069,Con cobertura,63,90,2022,6707.0,4830.0
3070,Con cobertura,63,94,2010,147.0,223.0
3071,Con cobertura,63,94,2022,744.0,671.0
3072,Con cobertura,64,2,2010,15969.0,10432.0
3073,Con cobertura,64,2,2022,16283.0,11794.0
3074,Con cobertura,64,6,2010,60486.0,39594.0
3075,Con cobertura,64,6,2022,71389.0,47742.0
3076,Con cobertura,64,10,2010,1125.0,790.0
3077,Con cobertura,64,10,2022,1525.0,1167.0
3078,Con cobertura,64,14,2010,14226.0,9207.0
3079,Con cobertura,64,14,2022,15786.0,10650.0
3080,Con cobertura,64,18,2010,2816.0,1654.0
3081,Con cobertura,64,18,2022,4370.0,3042.0
3082,Con cobertura,64,22,2010,2449.0,1429.0
3083,Con cobertura,64,22,2022,3805.0,2487.0
3084,Con cobertura,64,26,2010,1310.0,1097.0
3085,Con cobertura,64,26,2022,2193.0,1696.0
3086,Con cobertura,64,30,2010,4615.0,3094.0
3087,Con cobertura,64,30,2022,5862.0,4045.0
3088,Con cobertura,64,34,2010,1088.0,820.0
3089,Con cobertura,64,34,2022,1983.0,1365.0
3090,Con cobertura,64,38,2010,1698.0,1319.0
3091,Con cobertura,64,38,2022,2720.0,1822.0
3092,Con cobertura,64,42,2010,1324.0,933.0
3093,Con cobertura,64,42,2022,1543.0,1117.0
3094,Con cobertura,64,46,2010,894.0,606.0
3095,Con cobertura,64,46,2022,1264.0,980.0
3096,Con cobertura,64,50,2010,6810.0,4086.0
3097,Con cobertura,64,50,2022,8291.0,5417.0
3098,Con cobertura,64,54,2010,2461.0,1808.0
3099,Con cobertura,64,54,2022,4116.0,2953.0
3100,Con cobertura,64,58,2010,1416.0,1141.0
3101,Con cobertura,64,58,2022,2436.0,1842.0
3102,Con cobertura,64,62,2010,1961.0,1529.0
3103,Con cobertura,64,62,2022,2875.0,2068.0
3104,Con cobertura,64,66,2010,3021.0,2171.0
3105,Con cobertura,64,66,2022,4360.0,2950.0
3106,Con cobertura,64,70,2010,2383.0,1405.0
3107,Con cobertura,64,70,2022,2985.0,1831.0
3108,Con cobertura,64,74,2010,1545.0,949.0
3109,Con cobertura,64,74,2022,2081.0,1325.0
3110,Con cobertura,64,78,2010,602.0,506.0
3111,Con cobertura,64,78,2022,1054.0,945.0
3112,Con cobertura,64,82,2010,13094.0,8987.0
3113,Con cobertura,64,82,2022,15320.0,11036.0
3114,Con cobertura,64,86,2010,2365.0,1363.0
3115,Con cobertura,64,86,2022,3407.0,2332.0
3116,Con cobertura,64,90,2010,4135.0,3114.0
3117,Con cobertura,64,90,2022,7069.0,4874.0
3118,Con cobertura,64,94,2010,228.0,309.0
3119,Con cobertura,64,94,2022,605.0,572.0
3120,Con cobertura,65,2,2010,16723.0,11114.0
3121,Con cobertura,65,2,2022,17280.0,12368.0
3122,Con cobertura,65,6,2010,61939.0,43825.0
3123,Con cobertura,65,6,2022,74559.0,54371.0
3124,Con cobertura,65,10,2010,1074.0,859.0
3125,Con cobertura,65,10,2022,1584.0,1285.0
3126,Con cobertura,65,14,2010,13979.0,9996.0
3127,Con cobertura,65,14,2022,16633.0,11917.0
3128,Con cobertura,65,18,2010,3016.0,2130.0
3129,Con cobertura,65,18,2022,4795.0,3544.0
3130,Con cobertura,65,22,2010,2734.0,1777.0
3131,Con cobertura,65,22,2022,4158.0,2943.0
3132,Con cobertura,65,26,2010,1357.0,1065.0
3133,Con cobertura,65,26,2022,2305.0,1875.0
3134,Con cobertura,65,30,2010,4852.0,3584.0
3135,Con cobertura,65,30,2022,6303.0,4578.0
3136,Con cobertura,65,34,2010,1241.0,982.0
3137,Con cobertura,65,34,2022,2104.0,1514.0
3138,Con cobertura,65,38,2010,1827.0,1185.0
3139,Con cobertura,65,38,2022,2842.0,2046.0
3140,Con cobertura,65,42,2010,1379.0,1059.0
3141,Con cobertura,65,42,2022,1614.0,1284.0
3142,Con cobertura,65,46,2010,860.0,774.0
3143,Con cobertura,65,46,2022,1206.0,1016.0
3144,Con cobertura,65,50,2010,6681.0,4507.0
3145,Con cobertura,65,50,2022,8651.0,6112.0
3146,Con cobertura,65,54,2010,2413.0,1894.0
3147,Con cobertura,65,54,2022,4229.0,3063.0
3148,Con cobertura,65,58,2010,1492.0,1167.0
3149,Con cobertura,65,58,2022,2583.0,2084.0
3150,Con cobertura,65,62,2010,2111.0,1499.0
3151,Con cobertura,65,62,2022,3120.0,2350.0
3152,Con cobertura,65,66,2010,2990.0,2331.0
3153,Con cobertura,65,66,2022,4636.0,3333.0
3154,Con cobertura,65,70,2010,2592.0,1654.0
3155,Con cobertura,65,70,2022,3256.0,2284.0
3156,Con cobertura,65,74,2010,1610.0,1035.0
3157,Con cobertura,65,74,2022,2140.0,1621.0
3158,Con cobertura,65,78,2010,590.0,558.0
3159,Con cobertura,65,78,2022,1156.0,948.0
3160,Con cobertura,65,82,2010,13102.0,9615.0
3161,Con cobertura,65,82,2022,15876.0,12151.0
3162,Con cobertura,65,86,2010,2357.0,1510.0
3163,Con cobertura,65,86,2022,3617.0,2424.0
3164,Con cobertura,65,90,2010,4696.0,2938.0
3165,Con cobertura,65,90,2022,7460.0,5436.0
3166,Con cobertura,65,94,2010,256.0,196.0
3167,Con cobertura,65,94,2022,653.0,566.0
3168,Con cobertura,66,2,2010,14686.0,10862.0
3169,Con cobertura,66,2,2022,16379.0,11635.0
3170,Con cobertura,66,6,2010,56262.0,46100.0
3171,Con cobertura,66,6,2022,70494.0,54276.0
3172,Con cobertura,66,10,2010,958.0,773.0
3173,Con cobertura,66,10,2022,1484.0,1250.0
3174,Con cobertura,66,14,2010,12878.0,9692.0
3175,Con cobertura,66,14,2022,16108.0,12354.0
3176,Con cobertura,66,18,2010,2776.0,2091.0
3177,Con cobertura,66,18,2022,4271.0,3559.0
3178,Con cobertura,66,22,2010,2429.0,2070.0
3179,Con cobertura,66,22,2022,3631.0,2914.0
3180,Con cobertura,66,26,2010,1114.0,1100.0
3181,Con cobertura,66,26,2022,2124.0,1823.0
3182,Con cobertura,66,30,2010,4204.0,3501.0
3183,Con cobertura,66,30,2022,5758.0,4636.0
3184,Con cobertura,66,34,2010,1371.0,981.0
3185,Con cobertura,66,34,2022,1912.0,1475.0
3186,Con cobertura,66,38,2010,1625.0,1335.0
3187,Con cobertura,66,38,2022,2720.0,2025.0
3188,Con cobertura,66,42,2010,1151.0,995.0
3189,Con cobertura,66,42,2022,1500.0,1254.0
3190,Con cobertura,66,46,2010,934.0,793.0
3191,Con cobertura,66,46,2022,1342.0,1137.0
3192,Con cobertura,66,50,2010,6496.0,5172.0
3193,Con cobertura,66,50,2022,8406.0,6535.0
3194,Con cobertura,66,54,2010,2334.0,2005.0
3195,Con cobertura,66,54,2022,3892.0,3325.0
3196,Con cobertura,66,58,2010,1275.0,989.0
3197,Con cobertura,66,58,2022,2431.0,1935.0
3198,Con cobertura,66,62,2010,1945.0,1551.0
3199,Con cobertura,66,62,2022,2804.0,2316.0
3200,Con cobertura,66,66,2010,2977.0,2463.0
3201,Con cobertura,66,66,2022,4544.0,3267.0
3202,Con cobertura,66,70,2010,2422.0,1825.0
3203,Con cobertura,66,70,2022,2944.0,2240.0
3204,Con cobertura,66,74,2010,1762.0,1104.0
3205,Con cobertura,66,74,2022,1982.0,1629.0
3206,Con cobertura,66,78,2010,524.0,530.0
3207,Con cobertura,66,78,2022,985.0,880.0
3208,Con cobertura,66,82,2010,11914.0,9615.0
3209,Con cobertura,66,82,2022,14764.0,12039.0
3210,Con cobertura,66,86,2010,2157.0,1834.0
3211,Con cobertura,66,86,2022,3358.0,2675.0
3212,Con cobertura,66,90,2010,3917.0,3169.0
3213,Con cobertura,66,90,2022,6983.0,5485.0
3214,Con cobertura,66,94,2010,191.0,156.0
3215,Con cobertura,66,94,2022,569.0,485.0
3216,Con cobertura,67,2,2010,14003.0,9843.0
3217,Con cobertura,67,2,2022,16205.0,11453.0
3218,Con cobertura,67,6,2010,55121.0,43415.0
3219,Con cobertura,67,6,2022,70451.0,55248.0
3220,Con cobertura,67,10,2010,979.0,786.0
3221,Con cobertura,67,10,2022,1600.0,1323.0
3222,Con cobertura,67,14,2010,12073.0,9327.0
3223,Con cobertura,67,14,2022,16045.0,12740.0
3224,Con cobertura,67,18,2010,2548.0,2135.0
3225,Con cobertura,67,18,2022,4395.0,3898.0
3226,Con cobertura,67,22,2010,2480.0,1971.0
3227,Con cobertura,67,22,2022,3559.0,2949.0
3228,Con cobertura,67,26,2010,1365.0,1090.0
3229,Con cobertura,67,26,2022,2017.0,1767.0
3230,Con cobertura,67,30,2010,4019.0,3481.0
3231,Con cobertura,67,30,2022,5809.0,4895.0
3232,Con cobertura,67,34,2010,1120.0,965.0
3233,Con cobertura,67,34,2022,1836.0,1532.0
3234,Con cobertura,67,38,2010,1519.0,1471.0
3235,Con cobertura,67,38,2022,2793.0,2120.0
3236,Con cobertura,67,42,2010,1157.0,986.0
3237,Con cobertura,67,42,2022,1509.0,1328.0
3238,Con cobertura,67,46,2010,637.0,642.0
3239,Con cobertura,67,46,2022,1248.0,1082.0
3240,Con cobertura,67,50,2010,5794.0,5069.0
3241,Con cobertura,67,50,2022,8469.0,6896.0
3242,Con cobertura,67,54,2010,2341.0,1969.0
3243,Con cobertura,67,54,2022,3877.0,3334.0
3244,Con cobertura,67,58,2010,1073.0,1099.0
3245,Con cobertura,67,58,2022,2431.0,1914.0
3246,Con cobertura,67,62,2010,1822.0,1579.0
3247,Con cobertura,67,62,2022,2945.0,2468.0
3248,Con cobertura,67,66,2010,2821.0,2322.0
3249,Con cobertura,67,66,2022,4399.0,3516.0
3250,Con cobertura,67,70,2010,2044.0,1573.0
3251,Con cobertura,67,70,2022,3038.0,2349.0
3252,Con cobertura,67,74,2010,1330.0,1143.0
3253,Con cobertura,67,74,2022,1912.0,1696.0
3254,Con cobertura,67,78,2010,533.0,480.0
3255,Con cobertura,67,78,2022,992.0,862.0
3256,Con cobertura,67,82,2010,11706.0,9578.0
3257,Con cobertura,67,82,2022,15279.0,12339.0
3258,Con cobertura,67,86,2010,2192.0,1785.0
3259,Con cobertura,67,86,2022,3321.0,2781.0
3260,Con cobertura,67,90,2010,4106.0,3301.0
3261,Con cobertura,67,90,2022,6932.0,5630.0
3262,Con cobertura,67,94,2010,156.0,226.0
3263,Con cobertura,67,94,2022,541.0,483.0
3264,Con cobertura,68,2,2010,13153.0,9352.0
3265,Con cobertura,68,2,2022,15702.0,11042.0
3266,Con cobertura,68,6,2010,51527.0,40852.0
3267,Con cobertura,68,6,2022,67061.0,53184.0
3268,Con cobertura,68,10,2010,930.0,790.0
3269,Con cobertura,68,10,2022,1504.0,1231.0
3270,Con cobertura,68,14,2010,11694.0,9692.0
3271,Con cobertura,68,14,2022,15193.0,12239.0
3272,Con cobertura,68,18,2010,2470.0,2183.0
3273,Con cobertura,68,18,2022,4061.0,3544.0
3274,Con cobertura,68,22,2010,2435.0,1870.0
3275,Con cobertura,68,22,2022,3519.0,2880.0
3276,Con cobertura,68,26,2010,1277.0,852.0
3277,Con cobertura,68,26,2022,2041.0,1681.0
3278,Con cobertura,68,30,2010,4201.0,3342.0
3279,Con cobertura,68,30,2022,5483.0,4450.0
3280,Con cobertura,68,34,2010,1147.0,905.0
3281,Con cobertura,68,34,2022,1797.0,1500.0
3282,Con cobertura,68,38,2010,1720.0,1264.0
3283,Con cobertura,68,38,2022,2616.0,2105.0
3284,Con cobertura,68,42,2010,1099.0,1053.0
3285,Con cobertura,68,42,2022,1367.0,1262.0
3286,Con cobertura,68,46,2010,601.0,591.0
3287,Con cobertura,68,46,2022,1244.0,1034.0
3288,Con cobertura,68,50,2010,5260.0,4595.0
3289,Con cobertura,68,50,2022,7983.0,6546.0
3290,Con cobertura,68,54,2010,2083.0,1926.0
3291,Con cobertura,68,54,2022,3643.0,3097.0
3292,Con cobertura,68,58,2010,1109.0,995.0
3293,Con cobertura,68,58,2022,2274.0,1904.0
3294,Con cobertura,68,62,2010,1740.0,1724.0
3295,Con cobertura,68,62,2022,2690.0,2373.0
3296,Con cobertura,68,66,2010,2731.0,2393.0
3297,Con cobertura,68,66,2022,4339.0,3451.0
3298,Con cobertura,68,70,2010,1954.0,1629.0
3299,Con cobertura,68,70,2022,2975.0,2336.0
3300,Con cobertura,68,74,2010,1305.0,1013.0
3301,Con cobertura,68,74,2022,1961.0,1594.0
3302,Con cobertura,68,78,2010,445.0,458.0
3303,Con cobertura,68,78,2022,976.0,820.0
3304,Con cobertura,68,82,2010,11332.0,8821.0
3305,Con cobertura,68,82,2022,14251.0,11681.0
3306,Con cobertura,68,86,2010,1950.0,1795.0
3307,Con cobertura,68,86,2022,3159.0,2749.0
3308,Con cobertura,68,90,2010,3797.0,3253.0
3309,Con cobertura,68,90,2022,6452.0,5335.0
3310,Con cobertura,68,94,2010,181.0,119.0
3311,Con cobertura,68,94,2022,470.0,464.0
3312,Con cobertura,69,2,2010,12476.0,8573.0
3313,Con cobertura,69,2,2022,16197.0,11313.0
3314,Con cobertura,69,6,2010,49012.0,39071.0
3315,Con cobertura,69,6,2022,66781.0,53095.0
3316,Con cobertura,69,10,2010,825.0,734.0
3317,Con cobertura,69,10,2022,1357.0,1198.0
3318,Con cobertura,69,14,2010,11408.0,9002.0
3319,Con cobertura,69,14,2022,15380.0,11963.0
3320,Con cobertura,69,18,2010,2487.0,1946.0
3321,Con cobertura,69,18,2022,3984.0,3233.0
3322,Con cobertura,69,22,2010,1946.0,1715.0
3323,Con cobertura,69,22,2022,3261.0,2746.0
3324,Con cobertura,69,26,2010,1190.0,1147.0
3325,Con cobertura,69,26,2022,1919.0,1704.0
3326,Con cobertura,69,30,2010,3596.0,3218.0
3327,Con cobertura,69,30,2022,5288.0,4543.0
3328,Con cobertura,69,34,2010,856.0,953.0
3329,Con cobertura,69,34,2022,1791.0,1377.0
3330,Con cobertura,69,38,2010,1389.0,1382.0
3331,Con cobertura,69,38,2022,2561.0,2140.0
3332,Con cobertura,69,42,2010,1072.0,975.0
3333,Con cobertura,69,42,2022,1417.0,1257.0
3334,Con cobertura,69,46,2010,702.0,628.0
3335,Con cobertura,69,46,2022,1118.0,1061.0
3336,Con cobertura,69,50,2010,5304.0,4261.0
3337,Con cobertura,69,50,2022,8207.0,6458.0
3338,Con cobertura,69,54,2010,1963.0,1834.0
3339,Con cobertura,69,54,2022,3544.0,3047.0
3340,Con cobertura,69,58,2010,1112.0,951.0
3341,Con cobertura,69,58,2022,2244.0,1771.0
3342,Con cobertura,69,62,2010,1685.0,1273.0
3343,Con cobertura,69,62,2022,2626.0,2292.0
3344,Con cobertura,69,66,2010,2391.0,1997.0
3345,Con cobertura,69,66,2022,4094.0,3377.0
3346,Con cobertura,69,70,2010,1813.0,1495.0
3347,Con cobertura,69,70,2022,2851.0,2211.0
3348,Con cobertura,69,74,2010,1117.0,1074.0
3349,Con cobertura,69,74,2022,1815.0,1582.0
3350,Con cobertura,69,78,2010,498.0,405.0
3351,Con cobertura,69,78,2022,885.0,765.0
3352,Con cobertura,69,82,2010,10589.0,8409.0
3353,Con cobertura,69,82,2022,14253.0,11707.0
3354,Con cobertura,69,86,2010,1920.0,1626.0
3355,Con cobertura,69,86,2022,3037.0,2717.0
3356,Con cobertura,69,90,2010,3577.0,3153.0
3357,Con cobertura,69,90,2022,6102.0,5037.0
3358,Con cobertura,69,94,2010,163.0,168.0
3359,Con cobertura,69,94,2022,419.0,421.0
3360,Con cobertura,70,2,2010,15463.0,9247.0
3361,Con cobertura,70,2,2022,16225.0,11145.0
3362,Con cobertura,70,6,2010,52278.0,41569.0
3363,Con cobertura,70,6,2022,66829.0,52541.0
3364,Con cobertura,70,10,2010,902.0,654.0
3365,Con cobertura,70,10,2022,1370.0,1229.0
3366,Con cobertura,70,14,2010,11893.0,9025.0
3367,Con cobertura,70,14,2022,15168.0,11920.0
3368,Con cobertura,70,18,2010,2419.0,1849.0
3369,Con cobertura,70,18,2022,3685.0,3378.0
3370,Con cobertura,70,22,2010,2338.0,1734.0
3371,Con cobertura,70,22,2022,3195.0,2665.0
3372,Con cobertura,70,26,2010,1269.0,1018.0
3373,Con cobertura,70,26,2022,1868.0,1646.0
3374,Con cobertura,70,30,2010,4352.0,3229.0
3375,Con cobertura,70,30,2022,5280.0,4467.0
3376,Con cobertura,70,34,2010,1224.0,1129.0
3377,Con cobertura,70,34,2022,1730.0,1488.0
3378,Con cobertura,70,38,2010,1635.0,1231.0
3379,Con cobertura,70,38,2022,2464.0,1889.0
3380,Con cobertura,70,42,2010,1060.0,907.0
3381,Con cobertura,70,42,2022,1350.0,1142.0
3382,Con cobertura,70,46,2010,764.0,590.0
3383,Con cobertura,70,46,2022,1119.0,942.0
3384,Con cobertura,70,50,2010,5548.0,4241.0
3385,Con cobertura,70,50,2022,8010.0,6403.0
3386,Con cobertura,70,54,2010,2151.0,1872.0
3387,Con cobertura,70,54,2022,3301.0,3005.0
3388,Con cobertura,70,58,2010,1101.0,1030.0
3389,Con cobertura,70,58,2022,2080.0,1743.0
3390,Con cobertura,70,62,2010,1553.0,1407.0
3391,Con cobertura,70,62,2022,2565.0,2112.0
3392,Con cobertura,70,66,2010,2700.0,2195.0
3393,Con cobertura,70,66,2022,3997.0,3331.0
3394,Con cobertura,70,70,2010,1715.0,1348.0
3395,Con cobertura,70,70,2022,3016.0,2266.0
3396,Con cobertura,70,74,2010,1115.0,936.0
3397,Con cobertura,70,74,2022,1826.0,1520.0
3398,Con cobertura,70,78,2010,417.0,385.0
3399,Con cobertura,70,78,2022,728.0,672.0
3400,Con cobertura,70,82,2010,11467.0,8339.0
3401,Con cobertura,70,82,2022,14072.0,11328.0
3402,Con cobertura,70,86,2010,2284.0,1877.0
3403,Con cobertura,70,86,2022,2873.0,2772.0
3404,Con cobertura,70,90,2010,3919.0,2866.0
3405,Con cobertura,70,90,2022,5968.0,5009.0
3406,Con cobertura,70,94,2010,154.0,173.0
3407,Con cobertura,70,94,2022,439.0,348.0
3408,Con cobertura,71,2,2010,12207.0,8293.0
3409,Con cobertura,71,2,2022,15499.0,10696.0
3410,Con cobertura,71,6,2010,46251.0,36884.0
3411,Con cobertura,71,6,2022,62330.0,49354.0
3412,Con cobertura,71,10,2010,714.0,587.0
3413,Con cobertura,71,10,2022,1279.0,1140.0
3414,Con cobertura,71,14,2010,10216.0,8036.0
3415,Con cobertura,71,14,2022,14227.0,11166.0
3416,Con cobertura,71,18,2010,2062.0,1749.0
3417,Con cobertura,71,18,2022,3457.0,3075.0
3418,Con cobertura,71,22,2010,2107.0,1677.0
3419,Con cobertura,71,22,2022,2864.0,2473.0
3420,Con cobertura,71,26,2010,839.0,830.0
3421,Con cobertura,71,26,2022,1730.0,1404.0
3422,Con cobertura,71,30,2010,3877.0,2839.0
3423,Con cobertura,71,30,2022,5074.0,4091.0
3424,Con cobertura,71,34,2010,866.0,718.0
3425,Con cobertura,71,34,2022,1574.0,1377.0
3426,Con cobertura,71,38,2010,1381.0,1056.0
3427,Con cobertura,71,38,2022,2281.0,1824.0
3428,Con cobertura,71,42,2010,867.0,765.0
3429,Con cobertura,71,42,2022,1365.0,1135.0
3430,Con cobertura,71,46,2010,525.0,450.0
3431,Con cobertura,71,46,2022,1025.0,828.0
3432,Con cobertura,71,50,2010,5049.0,3943.0
3433,Con cobertura,71,50,2022,7654.0,5807.0
3434,Con cobertura,71,54,2010,1833.0,1729.0
3435,Con cobertura,71,54,2022,2859.0,2660.0
3436,Con cobertura,71,58,2010,921.0,768.0
3437,Con cobertura,71,58,2022,1949.0,1661.0
3438,Con cobertura,71,62,2010,1347.0,1223.0
3439,Con cobertura,71,62,2022,2326.0,1996.0
3440,Con cobertura,71,66,2010,2254.0,1787.0
3441,Con cobertura,71,66,2022,3707.0,3115.0
3442,Con cobertura,71,70,2010,1769.0,1191.0
3443,Con cobertura,71,70,2022,2653.0,2148.0
3444,Con cobertura,71,74,2010,919.0,984.0
3445,Con cobertura,71,74,2022,1680.0,1510.0
3446,Con cobertura,71,78,2010,433.0,361.0
3447,Con cobertura,71,78,2022,698.0,591.0
3448,Con cobertura,71,82,2010,10198.0,7640.0
3449,Con cobertura,71,82,2022,13442.0,10536.0
3450,Con cobertura,71,86,2010,1795.0,1628.0
3451,Con cobertura,71,86,2022,2727.0,2514.0
3452,Con cobertura,71,90,2010,3298.0,2599.0
3453,Con cobertura,71,90,2022,5374.0,4726.0
3454,Con cobertura,71,94,2010,104.0,87.0
3455,Con cobertura,71,94,2022,359.0,334.0
3456,Con cobertura,72,2,2010,12288.0,8172.0
3457,Con cobertura,72,2,2022,15575.0,10487.0
3458,Con cobertura,72,6,2010,43619.0,32817.0
3459,Con cobertura,72,6,2022,61737.0,47598.0
3460,Con cobertura,72,10,2010,775.0,592.0
3461,Con cobertura,72,10,2022,1203.0,1100.0
3462,Con cobertura,72,14,2010,9961.0,7450.0
3463,Con cobertura,72,14,2022,14655.0,11106.0
3464,Con cobertura,72,18,2010,2006.0,1605.0
3465,Con cobertura,72,18,2022,3365.0,3022.0
3466,Con cobertura,72,22,2010,1864.0,1538.0
3467,Con cobertura,72,22,2022,2598.0,2177.0
3468,Con cobertura,72,26,2010,946.0,803.0
3469,Con cobertura,72,26,2022,1625.0,1452.0
3470,Con cobertura,72,30,2010,3485.0,2648.0
3471,Con cobertura,72,30,2022,5047.0,3978.0
3472,Con cobertura,72,34,2010,890.0,768.0
3473,Con cobertura,72,34,2022,1415.0,1286.0
3474,Con cobertura,72,38,2010,1210.0,1066.0
3475,Con cobertura,72,38,2022,2265.0,1824.0
3476,Con cobertura,72,42,2010,1002.0,869.0
3477,Con cobertura,72,42,2022,1293.0,1076.0
3478,Con cobertura,72,46,2010,720.0,459.0
3479,Con cobertura,72,46,2022,976.0,866.0
3480,Con cobertura,72,50,2010,4711.0,3771.0
3481,Con cobertura,72,50,2022,7467.0,6178.0
3482,Con cobertura,72,54,2010,1870.0,1491.0
3483,Con cobertura,72,54,2022,2768.0,2522.0
3484,Con cobertura,72,58,2010,935.0,778.0
3485,Con cobertura,72,58,2022,1892.0,1658.0
3486,Con cobertura,72,62,2010,1278.0,1106.0
3487,Con cobertura,72,62,2022,2364.0,2000.0
3488,Con cobertura,72,66,2010,2243.0,1906.0
3489,Con cobertura,72,66,2022,3708.0,2944.0
3490,Con cobertura,72,70,2010,1753.0,1112.0
3491,Con cobertura,72,70,2022,2760.0,2133.0
3492,Con cobertura,72,74,2010,1027.0,830.0
3493,Con cobertura,72,74,2022,1663.0,1357.0
3494,Con cobertura,72,78,2010,317.0,368.0
3495,Con cobertura,72,78,2022,714.0,576.0
3496,Con cobertura,72,82,2010,10287.0,7642.0
3497,Con cobertura,72,82,2022,13251.0,10395.0
3498,Con cobertura,72,86,2010,1741.0,1502.0
3499,Con cobertura,72,86,2022,2598.0,2296.0
3500,Con cobertura,72,90,2010,3185.0,2294.0
3501,Con cobertura,72,90,2022,5299.0,4313.0
3502,Con cobertura,72,94,2010,98.0,69.0
3503,Con cobertura,72,94,2022,313.0,346.0
3504,Con cobertura,73,2,2010,11716.0,7334.0
3505,Con cobertura,73,2,2022,14633.0,10001.0
3506,Con cobertura,73,6,2010,43674.0,31557.0
3507,Con cobertura,73,6,2022,58205.0,43988.0
3508,Con cobertura,73,10,2010,629.0,467.0
3509,Con cobertura,73,10,2022,1061.0,964.0
3510,Con cobertura,73,14,2010,9614.0,6847.0
3511,Con cobertura,73,14,2022,13414.0,10252.0
3512,Con cobertura,73,18,2010,1958.0,1416.0
3513,Con cobertura,73,18,2022,3151.0,2470.0
3514,Con cobertura,73,22,2010,1809.0,1372.0
3515,Con cobertura,73,22,2022,2417.0,2052.0
3516,Con cobertura,73,26,2010,987.0,772.0
3517,Con cobertura,73,26,2022,1510.0,1298.0
3518,Con cobertura,73,30,2010,3494.0,2380.0
3519,Con cobertura,73,30,2022,4648.0,3598.0
3520,Con cobertura,73,34,2010,900.0,818.0
3521,Con cobertura,73,34,2022,1361.0,1110.0
3522,Con cobertura,73,38,2010,1120.0,916.0
3523,Con cobertura,73,38,2022,2067.0,1669.0
3524,Con cobertura,73,42,2010,1004.0,660.0
3525,Con cobertura,73,42,2022,1259.0,1028.0
3526,Con cobertura,73,46,2010,621.0,495.0
3527,Con cobertura,73,46,2022,915.0,704.0
3528,Con cobertura,73,50,2010,4437.0,3267.0
3529,Con cobertura,73,50,2022,7037.0,5516.0
3530,Con cobertura,73,54,2010,1723.0,1600.0
3531,Con cobertura,73,54,2022,2620.0,2288.0
3532,Con cobertura,73,58,2010,932.0,633.0
3533,Con cobertura,73,58,2022,1718.0,1452.0
3534,Con cobertura,73,62,2010,1409.0,1147.0
3535,Con cobertura,73,62,2022,2159.0,1839.0
3536,Con cobertura,73,66,2010,1997.0,1982.0
3537,Con cobertura,73,66,2022,3386.0,2638.0
3538,Con cobertura,73,70,2010,1613.0,1116.0
3539,Con cobertura,73,70,2022,2622.0,1947.0
3540,Con cobertura,73,74,2010,878.0,780.0
3541,Con cobertura,73,74,2022,1511.0,1272.0
3542,Con cobertura,73,78,2010,366.0,264.0
3543,Con cobertura,73,78,2022,651.0,517.0
3544,Con cobertura,73,82,2010,10151.0,7010.0
3545,Con cobertura,73,82,2022,12407.0,9320.0
3546,Con cobertura,73,86,2010,1597.0,1295.0
3547,Con cobertura,73,86,2022,2344.0,2121.0
3548,Con cobertura,73,90,2010,2764.0,2054.0
3549,Con cobertura,73,90,2022,4949.0,4022.0
3550,Con cobertura,73,94,2010,101.0,92.0
3551,Con cobertura,73,94,2022,306.0,306.0
3552,Con cobertura,74,2,2010,11538.0,7211.0
3553,Con cobertura,74,2,2022,14405.0,9547.0
3554,Con cobertura,74,6,2010,41205.0,29643.0
3555,Con cobertura,74,6,2022,56462.0,41742.0
3556,Con cobertura,74,10,2010,657.0,472.0
3557,Con cobertura,74,10,2022,1050.0,823.0
3558,Con cobertura,74,14,2010,9490.0,7001.0
3559,Con cobertura,74,14,2022,12733.0,9494.0
3560,Con cobertura,74,18,2010,2086.0,1638.0
3561,Con cobertura,74,18,2022,2937.0,2309.0
3562,Con cobertura,74,22,2010,1808.0,1398.0
3563,Con cobertura,74,22,2022,2443.0,1930.0
3564,Con cobertura,74,26,2010,722.0,629.0
3565,Con cobertura,74,26,2022,1365.0,1188.0
3566,Con cobertura,74,30,2010,3159.0,2449.0
3567,Con cobertura,74,30,2022,4467.0,3362.0
3568,Con cobertura,74,34,2010,741.0,800.0
3569,Con cobertura,74,34,2022,1223.0,1045.0
3570,Con cobertura,74,38,2010,1146.0,919.0
3571,Con cobertura,74,38,2022,1908.0,1605.0
3572,Con cobertura,74,42,2010,1009.0,822.0
3573,Con cobertura,74,42,2022,1204.0,1019.0
3574,Con cobertura,74,46,2010,615.0,446.0
3575,Con cobertura,74,46,2022,888.0,681.0
3576,Con cobertura,74,50,2010,4439.0,3218.0
3577,Con cobertura,74,50,2022,6695.0,5051.0
3578,Con cobertura,74,54,2010,1565.0,1444.0
3579,Con cobertura,74,54,2022,2391.0,2020.0
3580,Con cobertura,74,58,2010,770.0,663.0
3581,Con cobertura,74,58,2022,1649.0,1319.0
3582,Con cobertura,74,62,2010,1278.0,996.0
3583,Con cobertura,74,62,2022,2013.0,1690.0
3584,Con cobertura,74,66,2010,1812.0,1589.0
3585,Con cobertura,74,66,2022,3170.0,2423.0
3586,Con cobertura,74,70,2010,1407.0,1068.0
3587,Con cobertura,74,70,2022,2268.0,1742.0
3588,Con cobertura,74,74,2010,857.0,551.0
3589,Con cobertura,74,74,2022,1483.0,1168.0
3590,Con cobertura,74,78,2010,360.0,264.0
3591,Con cobertura,74,78,2022,598.0,460.0
3592,Con cobertura,74,82,2010,9634.0,6890.0
3593,Con cobertura,74,82,2022,11978.0,8680.0
3594,Con cobertura,74,86,2010,1548.0,1353.0
3595,Con cobertura,74,86,2022,2241.0,1945.0
3596,Con cobertura,74,90,2010,2745.0,1955.0
3597,Con cobertura,74,90,2022,4713.0,3598.0
3598,Con cobertura,74,94,2010,74.0,102.0
3599,Con cobertura,74,94,2022,247.0,207.0
3600,Con cobertura,75,2,2010,12561.0,7152.0
3601,Con cobertura,75,2,2022,14429.0,9106.0
3602,Con cobertura,75,6,2010,42018.0,29487.0
3603,Con cobertura,75,6,2022,53546.0,38848.0
3604,Con cobertura,75,10,2010,695.0,500.0
3605,Con cobertura,75,10,2022,964.0,713.0
3606,Con cobertura,75,14,2010,9576.0,6312.0
3607,Con cobertura,75,14,2022,12177.0,8726.0
3608,Con cobertura,75,18,2010,1980.0,1294.0
3609,Con cobertura,75,18,2022,2772.0,2083.0
3610,Con cobertura,75,22,2010,1770.0,1447.0
3611,Con cobertura,75,22,2022,2208.0,1658.0
3612,Con cobertura,75,26,2010,1099.0,732.0
3613,Con cobertura,75,26,2022,1315.0,1095.0
3614,Con cobertura,75,30,2010,3161.0,2146.0
3615,Con cobertura,75,30,2022,4175.0,3022.0
3616,Con cobertura,75,34,2010,821.0,605.0
3617,Con cobertura,75,34,2022,1102.0,940.0
3618,Con cobertura,75,38,2010,1078.0,816.0
3619,Con cobertura,75,38,2022,1871.0,1480.0
3620,Con cobertura,75,42,2010,884.0,694.0
3621,Con cobertura,75,42,2022,1143.0,878.0
3622,Con cobertura,75,46,2010,523.0,449.0
3623,Con cobertura,75,46,2022,769.0,618.0
3624,Con cobertura,75,50,2010,4469.0,3200.0
3625,Con cobertura,75,50,2022,6287.0,4586.0
3626,Con cobertura,75,54,2010,1551.0,1289.0
3627,Con cobertura,75,54,2022,2264.0,1827.0
3628,Con cobertura,75,58,2010,886.0,594.0
3629,Con cobertura,75,58,2022,1413.0,1186.0
3630,Con cobertura,75,62,2010,1296.0,997.0
3631,Con cobertura,75,62,2022,1936.0,1538.0
3632,Con cobertura,75,66,2010,1894.0,1741.0
3633,Con cobertura,75,66,2022,2957.0,2247.0
3634,Con cobertura,75,70,2010,1497.0,965.0
3635,Con cobertura,75,70,2022,2302.0,1695.0
3636,Con cobertura,75,74,2010,882.0,645.0
3637,Con cobertura,75,74,2022,1428.0,1091.0
3638,Con cobertura,75,78,2010,289.0,223.0
3639,Con cobertura,75,78,2022,558.0,427.0
3640,Con cobertura,75,82,2010,9509.0,6387.0
3641,Con cobertura,75,82,2022,11419.0,8223.0
3642,Con cobertura,75,86,2010,1489.0,1135.0
3643,Con cobertura,75,86,2022,2118.0,1697.0
3644,Con cobertura,75,90,2010,2775.0,1882.0
3645,Con cobertura,75,90,2022,4212.0,3089.0
3646,Con cobertura,75,94,2010,64.0,60.0
3647,Con cobertura,75,94,2022,243.0,192.0
3648,Con cobertura,76,2,2010,11568.0,6001.0
3649,Con cobertura,76,2,2022,14092.0,8732.0
3650,Con cobertura,76,6,2010,38165.0,25192.0
3651,Con cobertura,76,6,2022,51085.0,35999.0
3652,Con cobertura,76,10,2010,563.0,497.0
3653,Con cobertura,76,10,2022,918.0,733.0
3654,Con cobertura,76,14,2010,8485.0,5708.0
3655,Con cobertura,76,14,2022,11667.0,8230.0
3656,Con cobertura,76,18,2010,1621.0,1219.0
3657,Con cobertura,76,18,2022,2590.0,1995.0
3658,Con cobertura,76,22,2010,1440.0,1009.0
3659,Con cobertura,76,22,2022,2060.0,1422.0
3660,Con cobertura,76,26,2010,658.0,600.0
3661,Con cobertura,76,26,2022,1226.0,999.0
3662,Con cobertura,76,30,2010,2791.0,1967.0
3663,Con cobertura,76,30,2022,3883.0,2785.0
3664,Con cobertura,76,34,2010,731.0,591.0
3665,Con cobertura,76,34,2022,1094.0,893.0
3666,Con cobertura,76,38,2010,1027.0,738.0
3667,Con cobertura,76,38,2022,1659.0,1326.0
3668,Con cobertura,76,42,2010,793.0,673.0
3669,Con cobertura,76,42,2022,1130.0,807.0
3670,Con cobertura,76,46,2010,536.0,433.0
3671,Con cobertura,76,46,2022,769.0,575.0
3672,Con cobertura,76,50,2010,4086.0,2879.0
3673,Con cobertura,76,50,2022,5973.0,4381.0
3674,Con cobertura,76,54,2010,1360.0,1062.0
3675,Con cobertura,76,54,2022,2200.0,1678.0
3676,Con cobertura,76,58,2010,814.0,526.0
3677,Con cobertura,76,58,2022,1440.0,1141.0
3678,Con cobertura,76,62,2010,1142.0,815.0
3679,Con cobertura,76,62,2022,1863.0,1468.0
3680,Con cobertura,76,66,2010,1643.0,1401.0
3681,Con cobertura,76,66,2022,2698.0,2049.0
3682,Con cobertura,76,70,2010,1278.0,923.0
3683,Con cobertura,76,70,2022,2063.0,1480.0
3684,Con cobertura,76,74,2010,653.0,495.0
3685,Con cobertura,76,74,2022,1361.0,1123.0
3686,Con cobertura,76,78,2010,270.0,246.0
3687,Con cobertura,76,78,2022,478.0,360.0
3688,Con cobertura,76,82,2010,8747.0,5506.0
3689,Con cobertura,76,82,2022,10731.0,7521.0
3690,Con cobertura,76,86,2010,1375.0,987.0
3691,Con cobertura,76,86,2022,2110.0,1517.0
3692,Con cobertura,76,90,2010,2681.0,1610.0
3693,Con cobertura,76,90,2022,3562.0,2607.0
3694,Con cobertura,76,94,2010,116.0,63.0
3695,Con cobertura,76,94,2022,209.0,200.0
3696,Con cobertura,77,2,2010,10684.0,6766.0
3697,Con cobertura,77,2,2022,13357.0,8244.0
3698,Con cobertura,77,6,2010,38184.0,23891.0
3699,Con cobertura,77,6,2022,47292.0,32872.0
3700,Con cobertura,77,10,2010,648.0,449.0
3701,Con cobertura,77,10,2022,845.0,626.0
3702,Con cobertura,77,14,2010,8155.0,5312.0
3703,Con cobertura,77,14,2022,10900.0,7421.0
3704,Con cobertura,77,18,2010,1561.0,1166.0
3705,Con cobertura,77,18,2022,2571.0,1766.0
3706,Con cobertura,77,22,2010,1546.0,1025.0
3707,Con cobertura,77,22,2022,1848.0,1325.0
3708,Con cobertura,77,26,2010,776.0,647.0
3709,Con cobertura,77,26,2022,1147.0,849.0
3710,Con cobertura,77,30,2010,2883.0,1863.0
3711,Con cobertura,77,30,2022,3735.0,2602.0
3712,Con cobertura,77,34,2010,676.0,596.0
3713,Con cobertura,77,34,2022,1056.0,862.0
3714,Con cobertura,77,38,2010,884.0,659.0
3715,Con cobertura,77,38,2022,1559.0,1147.0
3716,Con cobertura,77,42,2010,737.0,549.0
3717,Con cobertura,77,42,2022,1026.0,808.0
3718,Con cobertura,77,46,2010,450.0,350.0
3719,Con cobertura,77,46,2022,667.0,526.0
3720,Con cobertura,77,50,2010,3810.0,2773.0
3721,Con cobertura,77,50,2022,5671.0,3992.0
3722,Con cobertura,77,54,2010,1182.0,1106.0
3723,Con cobertura,77,54,2022,1900.0,1566.0
3724,Con cobertura,77,58,2010,691.0,539.0
3725,Con cobertura,77,58,2022,1313.0,1019.0
3726,Con cobertura,77,62,2010,989.0,765.0
3727,Con cobertura,77,62,2022,1720.0,1342.0
3728,Con cobertura,77,66,2010,1992.0,1275.0
3729,Con cobertura,77,66,2022,2521.0,1944.0
3730,Con cobertura,77,70,2010,1159.0,887.0
3731,Con cobertura,77,70,2022,2073.0,1448.0
3732,Con cobertura,77,74,2010,735.0,603.0
3733,Con cobertura,77,74,2022,1185.0,904.0
3734,Con cobertura,77,78,2010,225.0,247.0
3735,Con cobertura,77,78,2022,496.0,366.0
3736,Con cobertura,77,82,2010,8771.0,5248.0
3737,Con cobertura,77,82,2022,10246.0,6995.0
3738,Con cobertura,77,86,2010,1119.0,869.0
3739,Con cobertura,77,86,2022,1873.0,1382.0
3740,Con cobertura,77,90,2010,2638.0,1918.0
3741,Con cobertura,77,90,2022,3476.0,2412.0
3742,Con cobertura,77,94,2010,74.0,75.0
3743,Con cobertura,77,94,2022,215.0,147.0
3744,Con cobertura,78,2,2010,11989.0,6871.0
3745,Con cobertura,78,2,2022,12524.0,7451.0
3746,Con cobertura,78,6,2010,36683.0,24018.0
3747,Con cobertura,78,6,2022,43595.0,29016.0
3748,Con cobertura,78,10,2010,584.0,391.0
3749,Con cobertura,78,10,2022,822.0,582.0
3750,Con cobertura,78,14,2010,8199.0,5191.0
3751,Con cobertura,78,14,2022,9729.0,6490.0
3752,Con cobertura,78,18,2010,1601.0,1014.0
3753,Con cobertura,78,18,2022,2210.0,1553.0
3754,Con cobertura,78,22,2010,1414.0,948.0
3755,Con cobertura,78,22,2022,1792.0,1165.0
3756,Con cobertura,78,26,2010,573.0,470.0
3757,Con cobertura,78,26,2022,1081.0,787.0
3758,Con cobertura,78,30,2010,3020.0,1714.0
3759,Con cobertura,78,30,2022,3487.0,2243.0
3760,Con cobertura,78,34,2010,589.0,561.0
3761,Con cobertura,78,34,2022,921.0,730.0
3762,Con cobertura,78,38,2010,858.0,758.0
3763,Con cobertura,78,38,2022,1371.0,1050.0
3764,Con cobertura,78,42,2010,704.0,503.0
3765,Con cobertura,78,42,2022,905.0,698.0
3766,Con cobertura,78,46,2010,438.0,288.0
3767,Con cobertura,78,46,2022,669.0,469.0
3768,Con cobertura,78,50,2010,3746.0,2734.0
3769,Con cobertura,78,50,2022,5277.0,3541.0
3770,Con cobertura,78,54,2010,1044.0,1006.0
3771,Con cobertura,78,54,2022,1858.0,1368.0
3772,Con cobertura,78,58,2010,711.0,452.0
3773,Con cobertura,78,58,2022,1125.0,830.0
3774,Con cobertura,78,62,2010,894.0,712.0
3775,Con cobertura,78,62,2022,1530.0,1169.0
3776,Con cobertura,78,66,2010,1577.0,1322.0
3777,Con cobertura,78,66,2022,2380.0,1655.0
3778,Con cobertura,78,70,2010,1262.0,751.0
3779,Con cobertura,78,70,2022,1767.0,1193.0
3780,Con cobertura,78,74,2010,747.0,494.0
3781,Con cobertura,78,74,2022,1127.0,843.0
3782,Con cobertura,78,78,2010,262.0,145.0
3783,Con cobertura,78,78,2022,413.0,337.0
3784,Con cobertura,78,82,2010,8287.0,5196.0
3785,Con cobertura,78,82,2022,9582.0,6233.0
3786,Con cobertura,78,86,2010,1427.0,959.0
3787,Con cobertura,78,86,2022,1828.0,1234.0
3788,Con cobertura,78,90,2010,2592.0,1745.0
3789,Con cobertura,78,90,2022,3318.0,2208.0
3790,Con cobertura,78,94,2010,80.0,85.0
3791,Con cobertura,78,94,2022,174.0,132.0
3792,Con cobertura,79,2,2010,11563.0,6546.0
3793,Con cobertura,79,2,2022,11409.0,6815.0
3794,Con cobertura,79,6,2010,35049.0,22521.0
3795,Con cobertura,79,6,2022,40059.0,25779.0
3796,Con cobertura,79,10,2010,593.0,385.0
3797,Con cobertura,79,10,2022,669.0,517.0
3798,Con cobertura,79,14,2010,7990.0,5084.0
3799,Con cobertura,79,14,2022,9118.0,5808.0
3800,Con cobertura,79,18,2010,1443.0,949.0
3801,Con cobertura,79,18,2022,2001.0,1392.0
3802,Con cobertura,79,22,2010,1216.0,853.0
3803,Con cobertura,79,22,2022,1695.0,1078.0
3804,Con cobertura,79,26,2010,626.0,348.0
3805,Con cobertura,79,26,2022,1044.0,693.0
3806,Con cobertura,79,30,2010,2571.0,1634.0
3807,Con cobertura,79,30,2022,3135.0,2103.0
3808,Con cobertura,79,34,2010,620.0,503.0
3809,Con cobertura,79,34,2022,844.0,617.0
3810,Con cobertura,79,38,2010,724.0,624.0
3811,Con cobertura,79,38,2022,1394.0,1026.0
3812,Con cobertura,79,42,2010,687.0,406.0
3813,Con cobertura,79,42,2022,817.0,650.0
3814,Con cobertura,79,46,2010,411.0,333.0
3815,Con cobertura,79,46,2022,569.0,404.0
3816,Con cobertura,79,50,2010,3783.0,2602.0
3817,Con cobertura,79,50,2022,4622.0,3207.0
3818,Con cobertura,79,54,2010,1129.0,785.0
3819,Con cobertura,79,54,2022,1612.0,1168.0
3820,Con cobertura,79,58,2010,500.0,461.0
3821,Con cobertura,79,58,2022,1096.0,835.0
3822,Con cobertura,79,62,2010,1011.0,712.0
3823,Con cobertura,79,62,2022,1479.0,1013.0
3824,Con cobertura,79,66,2010,1438.0,1208.0
3825,Con cobertura,79,66,2022,2217.0,1492.0
3826,Con cobertura,79,70,2010,1027.0,744.0
3827,Con cobertura,79,70,2022,1570.0,1025.0
3828,Con cobertura,79,74,2010,802.0,543.0
3829,Con cobertura,79,74,2022,1047.0,700.0
3830,Con cobertura,79,78,2010,226.0,169.0
3831,Con cobertura,79,78,2022,472.0,272.0
3832,Con cobertura,79,82,2010,8037.0,4711.0
3833,Con cobertura,79,82,2022,8606.0,5440.0
3834,Con cobertura,79,86,2010,1169.0,841.0
3835,Con cobertura,79,86,2022,1592.0,1180.0
3836,Con cobertura,79,90,2010,2376.0,1466.0
3837,Con cobertura,79,90,2022,2961.0,1998.0
3838,Con cobertura,79,94,2010,107.0,56.0
3839,Con cobertura,79,94,2022,150.0,127.0
3840,Con cobertura,80,2,2010,12304.0,6043.0
3841,Con cobertura,80,2,2022,10858.0,6109.0
3842,Con cobertura,80,6,2010,35642.0,20100.0
3843,Con cobertura,80,6,2022,36894.0,23116.0
3844,Con cobertura,80,10,2010,485.0,307.0
3845,Con cobertura,80,10,2022,707.0,482.0
3846,Con cobertura,80,14,2010,8064.0,4732.0
3847,Con cobertura,80,14,2022,8739.0,5422.0
3848,Con cobertura,80,18,2010,1368.0,861.0
3849,Con cobertura,80,18,2022,1890.0,1177.0
3850,Con cobertura,80,22,2010,1544.0,860.0
3851,Con cobertura,80,22,2022,1553.0,944.0
3852,Con cobertura,80,26,2010,505.0,361.0
3853,Con cobertura,80,26,2022,917.0,648.0
3854,Con cobertura,80,30,2010,2584.0,1485.0
3855,Con cobertura,80,30,2022,2912.0,1837.0
3856,Con cobertura,80,34,2010,593.0,329.0
3857,Con cobertura,80,34,2022,772.0,527.0
3858,Con cobertura,80,38,2010,870.0,661.0
3859,Con cobertura,80,38,2022,1264.0,912.0
3860,Con cobertura,80,42,2010,613.0,431.0
3861,Con cobertura,80,42,2022,850.0,621.0
3862,Con cobertura,80,46,2010,494.0,315.0
3863,Con cobertura,80,46,2022,482.0,344.0
3864,Con cobertura,80,50,2010,3537.0,2270.0
3865,Con cobertura,80,50,2022,4242.0,2837.0
3866,Con cobertura,80,54,2010,1271.0,883.0
3867,Con cobertura,80,54,2022,1396.0,1086.0
3868,Con cobertura,80,58,2010,674.0,409.0
3869,Con cobertura,80,58,2022,884.0,726.0
3870,Con cobertura,80,62,2010,924.0,704.0
3871,Con cobertura,80,62,2022,1299.0,947.0
3872,Con cobertura,80,66,2010,1638.0,1035.0
3873,Con cobertura,80,66,2022,2020.0,1389.0
3874,Con cobertura,80,70,2010,1223.0,706.0
3875,Con cobertura,80,70,2022,1485.0,942.0
3876,Con cobertura,80,74,2010,666.0,508.0
3877,Con cobertura,80,74,2022,930.0,635.0
3878,Con cobertura,80,78,2010,251.0,182.0
3879,Con cobertura,80,78,2022,393.0,253.0
3880,Con cobertura,80,82,2010,8567.0,4568.0
3881,Con cobertura,80,82,2022,8100.0,4966.0
3882,Con cobertura,80,86,2010,1277.0,892.0
3883,Con cobertura,80,86,2022,1463.0,978.0
3884,Con cobertura,80,90,2010,2200.0,1498.0
3885,Con cobertura,80,90,2022,2898.0,1856.0
3886,Con cobertura,80,94,2010,99.0,19.0
3887,Con cobertura,80,94,2022,151.0,101.0
3888,Con cobertura,81,2,2010,10723.0,5415.0
3889,Con cobertura,81,2,2022,9912.0,5643.0
3890,Con cobertura,81,6,2010,30916.0,17860.0
3891,Con cobertura,81,6,2022,33731.0,20443.0
3892,Con cobertura,81,10,2010,524.0,285.0
3893,Con cobertura,81,10,2022,627.0,357.0
3894,Con cobertura,81,14,2010,6785.0,3823.0
3895,Con cobertura,81,14,2022,7552.0,4593.0
3896,Con cobertura,81,18,2010,1158.0,723.0
3897,Con cobertura,81,18,2022,1710.0,1138.0
3898,Con cobertura,81,22,2010,1217.0,674.0
3899,Con cobertura,81,22,2022,1370.0,779.0
3900,Con cobertura,81,26,2010,661.0,318.0
3901,Con cobertura,81,26,2022,828.0,607.0
3902,Con cobertura,81,30,2010,2251.0,1121.0
3903,Con cobertura,81,30,2022,2814.0,1644.0
3904,Con cobertura,81,34,2010,389.0,314.0
3905,Con cobertura,81,34,2022,657.0,489.0
3906,Con cobertura,81,38,2010,626.0,393.0
3907,Con cobertura,81,38,2022,1075.0,772.0
3908,Con cobertura,81,42,2010,625.0,424.0
3909,Con cobertura,81,42,2022,767.0,494.0
3910,Con cobertura,81,46,2010,441.0,219.0
3911,Con cobertura,81,46,2022,475.0,310.0
3912,Con cobertura,81,50,2010,3393.0,1873.0
3913,Con cobertura,81,50,2022,3909.0,2547.0
3914,Con cobertura,81,54,2010,1032.0,734.0
3915,Con cobertura,81,54,2022,1342.0,1029.0
3916,Con cobertura,81,58,2010,457.0,293.0
3917,Con cobertura,81,58,2022,860.0,616.0
3918,Con cobertura,81,62,2010,733.0,515.0
3919,Con cobertura,81,62,2022,1241.0,822.0
3920,Con cobertura,81,66,2010,1062.0,812.0
3921,Con cobertura,81,66,2022,1669.0,1175.0
3922,Con cobertura,81,70,2010,900.0,524.0
3923,Con cobertura,81,70,2022,1286.0,822.0
3924,Con cobertura,81,74,2010,680.0,334.0
3925,Con cobertura,81,74,2022,774.0,537.0
3926,Con cobertura,81,78,2010,201.0,135.0
3927,Con cobertura,81,78,2022,318.0,242.0
3928,Con cobertura,81,82,2010,7145.0,3787.0
3929,Con cobertura,81,82,2022,7657.0,4444.0
3930,Con cobertura,81,86,2010,1016.0,689.0
3931,Con cobertura,81,86,2022,1387.0,883.0
3932,Con cobertura,81,90,2010,2038.0,1263.0
3933,Con cobertura,81,90,2022,2434.0,1607.0
3934,Con cobertura,81,94,2010,109.0,42.0
3935,Con cobertura,81,94,2022,117.0,104.0
3936,Con cobertura,82,2,2010,10465.0,5114.0
3937,Con cobertura,82,2,2022,9548.0,5123.0
3938,Con cobertura,82,6,2010,28457.0,15584.0
3939,Con cobertura,82,6,2022,33195.0,19087.0
3940,Con cobertura,82,10,2010,443.0,258.0
3941,Con cobertura,82,10,2022,588.0,413.0
3942,Con cobertura,82,14,2010,6193.0,3474.0
3943,Con cobertura,82,14,2022,7499.0,4489.0
3944,Con cobertura,82,18,2010,1129.0,622.0
3945,Con cobertura,82,18,2022,1705.0,977.0
3946,Con cobertura,82,22,2010,1020.0,573.0
3947,Con cobertura,82,22,2022,1379.0,767.0
3948,Con cobertura,82,26,2010,562.0,347.0
3949,Con cobertura,82,26,2022,796.0,521.0
3950,Con cobertura,82,30,2010,2241.0,1014.0
3951,Con cobertura,82,30,2022,2751.0,1485.0
3952,Con cobertura,82,34,2010,390.0,248.0
3953,Con cobertura,82,34,2022,668.0,437.0
3954,Con cobertura,82,38,2010,609.0,456.0
3955,Con cobertura,82,38,2022,1121.0,810.0
3956,Con cobertura,82,42,2010,560.0,374.0
3957,Con cobertura,82,42,2022,687.0,424.0
3958,Con cobertura,82,46,2010,390.0,235.0
3959,Con cobertura,82,46,2022,450.0,283.0
3960,Con cobertura,82,50,2010,2911.0,1712.0
3961,Con cobertura,82,50,2022,3691.0,2239.0
3962,Con cobertura,82,54,2010,806.0,607.0
3963,Con cobertura,82,54,2022,1267.0,888.0
3964,Con cobertura,82,58,2010,484.0,255.0
3965,Con cobertura,82,58,2022,801.0,567.0
3966,Con cobertura,82,62,2010,737.0,385.0
3967,Con cobertura,82,62,2022,1042.0,746.0
3968,Con cobertura,82,66,2010,956.0,566.0
3969,Con cobertura,82,66,2022,1772.0,1125.0
3970,Con cobertura,82,70,2010,921.0,530.0
3971,Con cobertura,82,70,2022,1177.0,692.0
3972,Con cobertura,82,74,2010,503.0,401.0
3973,Con cobertura,82,74,2022,773.0,467.0
3974,Con cobertura,82,78,2010,123.0,107.0
3975,Con cobertura,82,78,2022,330.0,216.0
3976,Con cobertura,82,82,2010,6601.0,3495.0
3977,Con cobertura,82,82,2022,7309.0,4213.0
3978,Con cobertura,82,86,2010,1020.0,650.0
3979,Con cobertura,82,86,2022,1409.0,867.0
3980,Con cobertura,82,90,2010,1798.0,1109.0
3981,Con cobertura,82,90,2022,2488.0,1537.0
3982,Con cobertura,82,94,2010,53.0,19.0
3983,Con cobertura,82,94,2022,138.0,80.0
3984,Con cobertura,83,2,2010,9695.0,4373.0
3985,Con cobertura,83,2,2022,8605.0,4489.0
3986,Con cobertura,83,6,2010,26194.0,13644.0
3987,Con cobertura,83,6,2022,28717.0,15903.0
3988,Con cobertura,83,10,2010,463.0,199.0
3989,Con cobertura,83,10,2022,472.0,291.0
3990,Con cobertura,83,14,2010,5591.0,3100.0
3991,Con cobertura,83,14,2022,6244.0,3616.0
3992,Con cobertura,83,18,2010,1064.0,622.0
3993,Con cobertura,83,18,2022,1390.0,790.0
3994,Con cobertura,83,22,2010,969.0,448.0
3995,Con cobertura,83,22,2022,1161.0,624.0
3996,Con cobertura,83,26,2010,515.0,292.0
3997,Con cobertura,83,26,2022,692.0,402.0
3998,Con cobertura,83,30,2010,2014.0,851.0
3999,Con cobertura,83,30,2022,2430.0,1239.0
4000,Con cobertura,83,34,2010,382.0,183.0
4001,Con cobertura,83,34,2022,592.0,400.0
4002,Con cobertura,83,38,2010,470.0,376.0
4003,Con cobertura,83,38,2022,934.0,553.0
4004,Con cobertura,83,42,2010,583.0,291.0
4005,Con cobertura,83,42,2022,637.0,362.0
4006,Con cobertura,83,46,2010,218.0,198.0
4007,Con cobertura,83,46,2022,373.0,243.0
4008,Con cobertura,83,50,2010,2774.0,1608.0
4009,Con cobertura,83,50,2022,3192.0,1867.0
4010,Con cobertura,83,54,2010,799.0,498.0
4011,Con cobertura,83,54,2022,1217.0,721.0
4012,Con cobertura,83,58,2010,398.0,202.0
4013,Con cobertura,83,58,2022,683.0,453.0
4014,Con cobertura,83,62,2010,628.0,373.0
4015,Con cobertura,83,62,2022,958.0,619.0
4016,Con cobertura,83,66,2010,919.0,738.0
4017,Con cobertura,83,66,2022,1480.0,978.0
4018,Con cobertura,83,70,2010,705.0,439.0
4019,Con cobertura,83,70,2022,1062.0,612.0
4020,Con cobertura,83,74,2010,493.0,228.0
4021,Con cobertura,83,74,2022,693.0,406.0
4022,Con cobertura,83,78,2010,125.0,107.0
4023,Con cobertura,83,78,2022,259.0,184.0
4024,Con cobertura,83,82,2010,6052.0,2964.0
4025,Con cobertura,83,82,2022,6354.0,3656.0
4026,Con cobertura,83,86,2010,892.0,485.0
4027,Con cobertura,83,86,2022,1084.0,624.0
4028,Con cobertura,83,90,2010,1817.0,867.0
4029,Con cobertura,83,90,2022,2126.0,1142.0
4030,Con cobertura,83,94,2010,43.0,38.0
4031,Con cobertura,83,94,2022,123.0,74.0
4032,Con cobertura,84,2,2010,9136.0,3490.0
4033,Con cobertura,84,2,2022,7778.0,4080.0
4034,Con cobertura,84,6,2010,24641.0,12218.0
4035,Con cobertura,84,6,2022,25793.0,13633.0
4036,Con cobertura,84,10,2010,358.0,228.0
4037,Con cobertura,84,10,2022,421.0,260.0
4038,Con cobertura,84,14,2010,5333.0,2509.0
4039,Con cobertura,84,14,2022,5809.0,3234.0
4040,Con cobertura,84,18,2010,882.0,504.0
4041,Con cobertura,84,18,2022,1326.0,726.0
4042,Con cobertura,84,22,2010,742.0,365.0
4043,Con cobertura,84,22,2022,1110.0,554.0
4044,Con cobertura,84,26,2010,485.0,256.0
4045,Con cobertura,84,26,2022,636.0,400.0
4046,Con cobertura,84,30,2010,1749.0,740.0
4047,Con cobertura,84,30,2022,1957.0,993.0
4048,Con cobertura,84,34,2010,387.0,282.0
4049,Con cobertura,84,34,2022,537.0,381.0
4050,Con cobertura,84,38,2010,498.0,276.0
4051,Con cobertura,84,38,2022,825.0,540.0
4052,Con cobertura,84,42,2010,555.0,196.0
4053,Con cobertura,84,42,2022,574.0,350.0
4054,Con cobertura,84,46,2010,282.0,142.0
4055,Con cobertura,84,46,2022,357.0,212.0
4056,Con cobertura,84,50,2010,2547.0,1395.0
4057,Con cobertura,84,50,2022,2727.0,1626.0
4058,Con cobertura,84,54,2010,584.0,540.0
4059,Con cobertura,84,54,2022,1011.0,639.0
4060,Con cobertura,84,58,2010,381.0,148.0
4061,Con cobertura,84,58,2022,680.0,352.0
4062,Con cobertura,84,62,2010,601.0,341.0
4063,Con cobertura,84,62,2022,832.0,539.0
4064,Con cobertura,84,66,2010,774.0,612.0
4065,Con cobertura,84,66,2022,1331.0,862.0
4066,Con cobertura,84,70,2010,635.0,451.0
4067,Con cobertura,84,70,2022,898.0,544.0
4068,Con cobertura,84,74,2010,334.0,242.0
4069,Con cobertura,84,74,2022,611.0,328.0
4070,Con cobertura,84,78,2010,127.0,85.0
4071,Con cobertura,84,78,2022,249.0,168.0
4072,Con cobertura,84,82,2010,5636.0,2593.0
4073,Con cobertura,84,82,2022,5792.0,3161.0
4074,Con cobertura,84,86,2010,675.0,420.0
4075,Con cobertura,84,86,2022,1003.0,598.0
4076,Con cobertura,84,90,2010,1235.0,742.0
4077,Con cobertura,84,90,2022,1791.0,970.0
4078,Con cobertura,84,94,2010,49.0,1.0
4079,Con cobertura,84,94,2022,76.0,51.0
4080,Con cobertura,85,2,2010,8881.0,4026.0
4081,Con cobertura,85,2,2022,7150.0,3563.0
4082,Con cobertura,85,6,2010,21414.0,10517.0
4083,Con cobertura,85,6,2022,23397.0,11978.0
4084,Con cobertura,85,10,2010,362.0,188.0
4085,Con cobertura,85,10,2022,403.0,250.0
4086,Con cobertura,85,14,2010,4766.0,2301.0
4087,Con cobertura,85,14,2022,5266.0,2664.0
4088,Con cobertura,85,18,2010,819.0,437.0
4089,Con cobertura,85,18,2022,1139.0,625.0
4090,Con cobertura,85,22,2010,641.0,340.0
4091,Con cobertura,85,22,2022,928.0,479.0
4092,Con cobertura,85,26,2010,386.0,170.0
4093,Con cobertura,85,26,2022,580.0,343.0
4094,Con cobertura,85,30,2010,1475.0,693.0
4095,Con cobertura,85,30,2022,1865.0,904.0
4096,Con cobertura,85,34,2010,256.0,141.0
4097,Con cobertura,85,34,2022,459.0,318.0
4098,Con cobertura,85,38,2010,325.0,283.0
4099,Con cobertura,85,38,2022,762.0,406.0
4100,Con cobertura,85,42,2010,466.0,233.0
4101,Con cobertura,85,42,2022,470.0,291.0
4102,Con cobertura,85,46,2010,295.0,96.0
4103,Con cobertura,85,46,2022,292.0,165.0
4104,Con cobertura,85,50,2010,2145.0,1004.0
4105,Con cobertura,85,50,2022,2573.0,1415.0
4106,Con cobertura,85,54,2010,595.0,350.0
4107,Con cobertura,85,54,2022,868.0,570.0
4108,Con cobertura,85,58,2010,328.0,171.0
4109,Con cobertura,85,58,2022,557.0,369.0
4110,Con cobertura,85,62,2010,492.0,286.0
4111,Con cobertura,85,62,2022,869.0,461.0
4112,Con cobertura,85,66,2010,855.0,520.0
4113,Con cobertura,85,66,2022,1180.0,704.0
4114,Con cobertura,85,70,2010,590.0,251.0
4115,Con cobertura,85,70,2022,851.0,425.0
4116,Con cobertura,85,74,2010,361.0,245.0
4117,Con cobertura,85,74,2022,536.0,283.0
4118,Con cobertura,85,78,2010,118.0,110.0
4119,Con cobertura,85,78,2022,209.0,117.0
4120,Con cobertura,85,82,2010,5273.0,2503.0
4121,Con cobertura,85,82,2022,5218.0,2629.0
4122,Con cobertura,85,86,2010,712.0,310.0
4123,Con cobertura,85,86,2022,923.0,458.0
4124,Con cobertura,85,90,2010,1108.0,687.0
4125,Con cobertura,85,90,2022,1733.0,865.0
4126,Con cobertura,85,94,2010,36.0,16.0
4127,Con cobertura,85,94,2022,95.0,51.0
4128,Con cobertura,86,2,2010,7632.0,3123.0
4129,Con cobertura,86,2,2022,6657.0,3193.0
4130,Con cobertura,86,6,2010,18956.0,8997.0
4131,Con cobertura,86,6,2022,21105.0,10363.0
4132,Con cobertura,86,10,2010,285.0,95.0
4133,Con cobertura,86,10,2022,374.0,188.0
4134,Con cobertura,86,14,2010,4048.0,1824.0
4135,Con cobertura,86,14,2022,4679.0,2309.0
4136,Con cobertura,86,18,2010,655.0,366.0
4137,Con cobertura,86,18,2022,1061.0,507.0
4138,Con cobertura,86,22,2010,650.0,283.0
4139,Con cobertura,86,22,2022,818.0,341.0
4140,Con cobertura,86,26,2010,360.0,158.0
4141,Con cobertura,86,26,2022,500.0,283.0
4142,Con cobertura,86,30,2010,1200.0,517.0
4143,Con cobertura,86,30,2022,1727.0,759.0
4144,Con cobertura,86,34,2010,189.0,180.0
4145,Con cobertura,86,34,2022,447.0,256.0
4146,Con cobertura,86,38,2010,340.0,239.0
4147,Con cobertura,86,38,2022,618.0,362.0
4148,Con cobertura,86,42,2010,343.0,218.0
4149,Con cobertura,86,42,2022,491.0,238.0
4150,Con cobertura,86,46,2010,201.0,115.0
4151,Con cobertura,86,46,2022,268.0,119.0
4152,Con cobertura,86,50,2010,1800.0,1057.0
4153,Con cobertura,86,50,2022,2326.0,1227.0
4154,Con cobertura,86,54,2010,457.0,283.0
4155,Con cobertura,86,54,2022,803.0,456.0
4156,Con cobertura,86,58,2010,273.0,150.0
4157,Con cobertura,86,58,2022,516.0,296.0
4158,Con cobertura,86,62,2010,562.0,257.0
4159,Con cobertura,86,62,2022,685.0,407.0
4160,Con cobertura,86,66,2010,716.0,388.0
4161,Con cobertura,86,66,2022,1043.0,584.0
4162,Con cobertura,86,70,2010,512.0,312.0
4163,Con cobertura,86,70,2022,759.0,356.0
4164,Con cobertura,86,74,2010,327.0,147.0
4165,Con cobertura,86,74,2022,480.0,272.0
4166,Con cobertura,86,78,2010,79.0,28.0
4167,Con cobertura,86,78,2022,192.0,106.0
4168,Con cobertura,86,82,2010,4534.0,2019.0
4169,Con cobertura,86,82,2022,4546.0,2254.0
4170,Con cobertura,86,86,2010,677.0,332.0
4171,Con cobertura,86,86,2022,817.0,424.0
4172,Con cobertura,86,90,2010,1094.0,498.0
4173,Con cobertura,86,90,2022,1568.0,708.0
4174,Con cobertura,86,94,2010,14.0,27.0
4175,Con cobertura,86,94,2022,73.0,39.0
4176,Con cobertura,87,2,2010,6494.0,2575.0
4177,Con cobertura,87,2,2022,6073.0,2867.0
4178,Con cobertura,87,6,2010,16708.0,7549.0
4179,Con cobertura,87,6,2022,18368.0,8946.0
4180,Con cobertura,87,10,2010,212.0,114.0
4181,Con cobertura,87,10,2022,349.0,198.0
4182,Con cobertura,87,14,2010,3494.0,1483.0
4183,Con cobertura,87,14,2022,4112.0,1908.0
4184,Con cobertura,87,18,2010,593.0,279.0
4185,Con cobertura,87,18,2022,927.0,420.0
4186,Con cobertura,87,22,2010,475.0,197.0
4187,Con cobertura,87,22,2022,716.0,333.0
4188,Con cobertura,87,26,2010,330.0,163.0
4189,Con cobertura,87,26,2022,433.0,244.0
4190,Con cobertura,87,30,2010,1106.0,417.0
4191,Con cobertura,87,30,2022,1490.0,662.0
4192,Con cobertura,87,34,2010,131.0,80.0
4193,Con cobertura,87,34,2022,393.0,198.0
4194,Con cobertura,87,38,2010,277.0,160.0
4195,Con cobertura,87,38,2022,519.0,313.0
4196,Con cobertura,87,42,2010,385.0,134.0
4197,Con cobertura,87,42,2022,358.0,199.0
4198,Con cobertura,87,46,2010,182.0,107.0
4199,Con cobertura,87,46,2022,237.0,132.0
4200,Con cobertura,87,50,2010,1518.0,803.0
4201,Con cobertura,87,50,2022,2020.0,1087.0
4202,Con cobertura,87,54,2010,392.0,272.0
4203,Con cobertura,87,54,2022,691.0,357.0
4204,Con cobertura,87,58,2010,282.0,151.0
4205,Con cobertura,87,58,2022,465.0,235.0
4206,Con cobertura,87,62,2010,460.0,208.0
4207,Con cobertura,87,62,2022,608.0,367.0
4208,Con cobertura,87,66,2010,499.0,264.0
4209,Con cobertura,87,66,2022,930.0,554.0
4210,Con cobertura,87,70,2010,412.0,159.0
4211,Con cobertura,87,70,2022,655.0,325.0
4212,Con cobertura,87,74,2010,317.0,133.0
4213,Con cobertura,87,74,2022,372.0,239.0
4214,Con cobertura,87,78,2010,79.0,45.0
4215,Con cobertura,87,78,2022,153.0,98.0
4216,Con cobertura,87,82,2010,4241.0,1634.0
4217,Con cobertura,87,82,2022,4046.0,1859.0
4218,Con cobertura,87,86,2010,473.0,225.0
4219,Con cobertura,87,86,2022,673.0,386.0
4220,Con cobertura,87,90,2010,1040.0,586.0
4221,Con cobertura,87,90,2022,1435.0,620.0
4222,Con cobertura,87,94,2010,50.0,27.0
4223,Con cobertura,87,94,2022,52.0,32.0
4224,Con cobertura,88,2,2010,6064.0,2199.0
4225,Con cobertura,88,2,2022,5313.0,2377.0
4226,Con cobertura,88,6,2010,14566.0,5551.0
4227,Con cobertura,88,6,2022,15938.0,7179.0
4228,Con cobertura,88,10,2010,209.0,110.0
4229,Con cobertura,88,10,2022,278.0,115.0
4230,Con cobertura,88,14,2010,2978.0,1200.0
4231,Con cobertura,88,14,2022,3438.0,1558.0
4232,Con cobertura,88,18,2010,499.0,289.0
4233,Con cobertura,88,18,2022,751.0,332.0
4234,Con cobertura,88,22,2010,332.0,177.0
4235,Con cobertura,88,22,2022,563.0,239.0
4236,Con cobertura,88,26,2010,206.0,117.0
4237,Con cobertura,88,26,2022,388.0,195.0
4238,Con cobertura,88,30,2010,895.0,398.0
4239,Con cobertura,88,30,2022,1184.0,511.0
4240,Con cobertura,88,34,2010,226.0,122.0
4241,Con cobertura,88,34,2022,279.0,166.0
4242,Con cobertura,88,38,2010,254.0,103.0
4243,Con cobertura,88,38,2022,507.0,264.0
4244,Con cobertura,88,42,2010,276.0,125.0
4245,Con cobertura,88,42,2022,297.0,155.0
4246,Con cobertura,88,46,2010,231.0,105.0
4247,Con cobertura,88,46,2022,202.0,124.0
4248,Con cobertura,88,50,2010,1456.0,535.0
4249,Con cobertura,88,50,2022,1610.0,841.0
4250,Con cobertura,88,54,2010,336.0,242.0
4251,Con cobertura,88,54,2022,533.0,306.0
4252,Con cobertura,88,58,2010,235.0,81.0
4253,Con cobertura,88,58,2022,335.0,193.0
4254,Con cobertura,88,62,2010,345.0,179.0
4255,Con cobertura,88,62,2022,506.0,255.0
4256,Con cobertura,88,66,2010,465.0,329.0
4257,Con cobertura,88,66,2022,757.0,420.0
4258,Con cobertura,88,70,2010,431.0,187.0
4259,Con cobertura,88,70,2022,517.0,248.0
4260,Con cobertura,88,74,2010,315.0,78.0
4261,Con cobertura,88,74,2022,363.0,158.0
4262,Con cobertura,88,78,2010,90.0,57.0
4263,Con cobertura,88,78,2022,130.0,73.0
4264,Con cobertura,88,82,2010,3325.0,1321.0
4265,Con cobertura,88,82,2022,3468.0,1558.0
4266,Con cobertura,88,86,2010,391.0,219.0
4267,Con cobertura,88,86,2022,570.0,270.0
4268,Con cobertura,88,90,2010,846.0,430.0
4269,Con cobertura,88,90,2022,1108.0,525.0
4270,Con cobertura,88,94,2010,34.0,0.0
4271,Con cobertura,88,94,2022,57.0,20.0
4272,Con cobertura,89,2,2010,4800.0,1733.0
4273,Con cobertura,89,2,2022,5138.0,2085.0
4274,Con cobertura,89,6,2010,11999.0,4506.0
4275,Con cobertura,89,6,2022,14301.0,6292.0
4276,Con cobertura,89,10,2010,183.0,76.0
4277,Con cobertura,89,10,2022,266.0,115.0
4278,Con cobertura,89,14,2010,2661.0,858.0
4279,Con cobertura,89,14,2022,3197.0,1350.0
4280,Con cobertura,89,18,2010,412.0,184.0
4281,Con cobertura,89,18,2022,676.0,278.0
4282,Con cobertura,89,22,2010,410.0,188.0
4283,Con cobertura,89,22,2022,501.0,189.0
4284,Con cobertura,89,26,2010,180.0,102.0
4285,Con cobertura,89,26,2022,341.0,145.0
4286,Con cobertura,89,30,2010,909.0,408.0
4287,Con cobertura,89,30,2022,1098.0,441.0
4288,Con cobertura,89,34,2010,120.0,66.0
4289,Con cobertura,89,34,2022,247.0,144.0
4290,Con cobertura,89,38,2010,190.0,137.0
4291,Con cobertura,89,38,2022,432.0,204.0
4292,Con cobertura,89,42,2010,225.0,107.0
4293,Con cobertura,89,42,2022,257.0,135.0
4294,Con cobertura,89,46,2010,125.0,65.0
4295,Con cobertura,89,46,2022,161.0,81.0
4296,Con cobertura,89,50,2010,974.0,526.0
4297,Con cobertura,89,50,2022,1435.0,716.0
4298,Con cobertura,89,54,2010,296.0,118.0
4299,Con cobertura,89,54,2022,525.0,272.0
4300,Con cobertura,89,58,2010,201.0,64.0
4301,Con cobertura,89,58,2022,322.0,147.0
4302,Con cobertura,89,62,2010,343.0,158.0
4303,Con cobertura,89,62,2022,490.0,222.0
4304,Con cobertura,89,66,2010,398.0,206.0
4305,Con cobertura,89,66,2022,751.0,368.0
4306,Con cobertura,89,70,2010,269.0,144.0
4307,Con cobertura,89,70,2022,482.0,221.0
4308,Con cobertura,89,74,2010,195.0,103.0
4309,Con cobertura,89,74,2022,301.0,118.0
4310,Con cobertura,89,78,2010,85.0,47.0
4311,Con cobertura,89,78,2022,113.0,61.0
4312,Con cobertura,89,82,2010,2712.0,936.0
4313,Con cobertura,89,82,2022,2921.0,1213.0
4314,Con cobertura,89,86,2010,352.0,206.0
4315,Con cobertura,89,86,2022,598.0,279.0
4316,Con cobertura,89,90,2010,746.0,286.0
4317,Con cobertura,89,90,2022,1165.0,491.0
4318,Con cobertura,89,94,2010,7.0,25.0
4319,Con cobertura,89,94,2022,41.0,20.0
4320,Con cobertura,90,2,2010,4146.0,1413.0
4321,Con cobertura,90,2,2022,4564.0,1806.0
4322,Con cobertura,90,6,2010,9456.0,3586.0
4323,Con cobertura,90,6,2022,12413.0,5136.0
4324,Con cobertura,90,10,2010,138.0,72.0
4325,Con cobertura,90,10,2022,215.0,102.0
4326,Con cobertura,90,14,2010,2278.0,757.0
4327,Con cobertura,90,14,2022,2590.0,1092.0
4328,Con cobertura,90,18,2010,358.0,187.0
4329,Con cobertura,90,18,2022,526.0,239.0
4330,Con cobertura,90,22,2010,328.0,103.0
4331,Con cobertura,90,22,2022,419.0,203.0
4332,Con cobertura,90,26,2010,161.0,67.0
4333,Con cobertura,90,26,2022,278.0,116.0
4334,Con cobertura,90,30,2010,763.0,240.0
4335,Con cobertura,90,30,2022,939.0,321.0
4336,Con cobertura,90,34,2010,102.0,68.0
4337,Con cobertura,90,34,2022,229.0,135.0
4338,Con cobertura,90,38,2010,151.0,71.0
4339,Con cobertura,90,38,2022,349.0,181.0
4340,Con cobertura,90,42,2010,192.0,41.0
4341,Con cobertura,90,42,2022,236.0,118.0
4342,Con cobertura,90,46,2010,112.0,68.0
4343,Con cobertura,90,46,2022,160.0,72.0
4344,Con cobertura,90,50,2010,775.0,379.0
4345,Con cobertura,90,50,2022,1347.0,627.0
4346,Con cobertura,90,54,2010,249.0,135.0
4347,Con cobertura,90,54,2022,379.0,193.0
4348,Con cobertura,90,58,2010,185.0,42.0
4349,Con cobertura,90,58,2022,258.0,130.0
4350,Con cobertura,90,62,2010,335.0,125.0
4351,Con cobertura,90,62,2022,389.0,174.0
4352,Con cobertura,90,66,2010,283.0,144.0
4353,Con cobertura,90,66,2022,628.0,311.0
4354,Con cobertura,90,70,2010,242.0,91.0
4355,Con cobertura,90,70,2022,410.0,193.0
4356,Con cobertura,90,74,2010,151.0,44.0
4357,Con cobertura,90,74,2022,275.0,121.0
4358,Con cobertura,90,78,2010,43.0,21.0
4359,Con cobertura,90,78,2022,109.0,53.0
4360,Con cobertura,90,82,2010,2202.0,857.0
4361,Con cobertura,90,82,2022,2692.0,1033.0
4362,Con cobertura,90,86,2010,409.0,137.0
4363,Con cobertura,90,86,2022,401.0,202.0
4364,Con cobertura,90,90,2010,596.0,212.0
4365,Con cobertura,90,90,2022,970.0,422.0
4366,Con cobertura,90,94,2010,44.0,0.0
4367,Con cobertura,90,94,2022,32.0,17.0
4368,Con cobertura,91,2,2010,2550.0,973.0
4369,Con cobertura,91,2,2022,3894.0,1547.0
4370,Con cobertura,91,6,2010,6566.0,2119.0
4371,Con cobertura,91,6,2022,10274.0,4190.0
4372,Con cobertura,91,10,2010,123.0,47.0
4373,Con cobertura,91,10,2022,190.0,64.0
4374,Con cobertura,91,14,2010,1578.0,561.0
4375,Con cobertura,91,14,2022,2201.0,819.0
4376,Con cobertura,91,18,2010,247.0,119.0
4377,Con cobertura,91,18,2022,482.0,217.0
4378,Con cobertura,91,22,2010,227.0,82.0
4379,Con cobertura,91,22,2022,358.0,125.0
4380,Con cobertura,91,26,2010,80.0,80.0
4381,Con cobertura,91,26,2022,214.0,104.0
4382,Con cobertura,91,30,2010,588.0,204.0
4383,Con cobertura,91,30,2022,826.0,266.0
4384,Con cobertura,91,34,2010,115.0,52.0
4385,Con cobertura,91,34,2022,184.0,96.0
4386,Con cobertura,91,38,2010,124.0,40.0
4387,Con cobertura,91,38,2022,282.0,135.0
4388,Con cobertura,91,42,2010,209.0,36.0
4389,Con cobertura,91,42,2022,194.0,84.0
4390,Con cobertura,91,46,2010,101.0,24.0
4391,Con cobertura,91,46,2022,139.0,84.0
4392,Con cobertura,91,50,2010,571.0,259.0
4393,Con cobertura,91,50,2022,1049.0,466.0
4394,Con cobertura,91,54,2010,152.0,95.0
4395,Con cobertura,91,54,2022,314.0,184.0
4396,Con cobertura,91,58,2010,140.0,42.0
4397,Con cobertura,91,58,2022,228.0,107.0
4398,Con cobertura,91,62,2010,252.0,78.0
4399,Con cobertura,91,62,2022,344.0,166.0
4400,Con cobertura,91,66,2010,224.0,75.0
4401,Con cobertura,91,66,2022,536.0,254.0
4402,Con cobertura,91,70,2010,131.0,74.0
4403,Con cobertura,91,70,2022,323.0,146.0
4404,Con cobertura,91,74,2010,110.0,56.0
4405,Con cobertura,91,74,2022,242.0,89.0
4406,Con cobertura,91,78,2010,11.0,8.0
4407,Con cobertura,91,78,2022,77.0,38.0
4408,Con cobertura,91,82,2010,1708.0,504.0
4409,Con cobertura,91,82,2022,2113.0,863.0
4410,Con cobertura,91,86,2010,199.0,84.0
4411,Con cobertura,91,86,2022,409.0,177.0
4412,Con cobertura,91,90,2010,429.0,152.0
4413,Con cobertura,91,90,2022,763.0,288.0
4414,Con cobertura,91,94,2010,11.0,1.0
4415,Con cobertura,91,94,2022,39.0,19.0
4416,Con cobertura,92,2,2010,2378.0,771.0
4417,Con cobertura,92,2,2022,3274.0,1167.0
4418,Con cobertura,92,6,2010,5507.0,1659.0
4419,Con cobertura,92,6,2022,8705.0,3142.0
4420,Con cobertura,92,10,2010,89.0,47.0
4421,Con cobertura,92,10,2022,133.0,59.0
4422,Con cobertura,92,14,2010,1162.0,353.0
4423,Con cobertura,92,14,2022,1811.0,681.0
4424,Con cobertura,92,18,2010,163.0,55.0
4425,Con cobertura,92,18,2022,395.0,159.0
4426,Con cobertura,92,22,2010,182.0,70.0
4427,Con cobertura,92,22,2022,298.0,104.0
4428,Con cobertura,92,26,2010,55.0,57.0
4429,Con cobertura,92,26,2022,208.0,80.0
4430,Con cobertura,92,30,2010,398.0,183.0
4431,Con cobertura,92,30,2022,625.0,208.0
4432,Con cobertura,92,34,2010,75.0,55.0
4433,Con cobertura,92,34,2022,145.0,72.0
4434,Con cobertura,92,38,2010,91.0,40.0
4435,Con cobertura,92,38,2022,208.0,100.0
4436,Con cobertura,92,42,2010,121.0,75.0
4437,Con cobertura,92,42,2022,162.0,60.0
4438,Con cobertura,92,46,2010,65.0,30.0
4439,Con cobertura,92,46,2022,112.0,42.0
4440,Con cobertura,92,50,2010,518.0,172.0
4441,Con cobertura,92,50,2022,905.0,366.0
4442,Con cobertura,92,54,2010,108.0,67.0
4443,Con cobertura,92,54,2022,271.0,117.0
4444,Con cobertura,92,58,2010,69.0,34.0
4445,Con cobertura,92,58,2022,188.0,92.0
4446,Con cobertura,92,62,2010,175.0,70.0
4447,Con cobertura,92,62,2022,276.0,127.0
4448,Con cobertura,92,66,2010,190.0,77.0
4449,Con cobertura,92,66,2022,420.0,172.0
4450,Con cobertura,92,70,2010,94.0,41.0
4451,Con cobertura,92,70,2022,256.0,110.0
4452,Con cobertura,92,74,2010,154.0,11.0
4453,Con cobertura,92,74,2022,167.0,78.0
4454,Con cobertura,92,78,2010,28.0,15.0
4455,Con cobertura,92,78,2022,59.0,20.0
4456,Con cobertura,92,82,2010,1334.0,357.0
4457,Con cobertura,92,82,2022,1803.0,637.0
4458,Con cobertura,92,86,2010,210.0,84.0
4459,Con cobertura,92,86,2022,336.0,151.0
4460,Con cobertura,92,90,2010,275.0,104.0
4461,Con cobertura,92,90,2022,583.0,218.0
4462,Con cobertura,92,94,2010,30.0,5.0
4463,Con cobertura,92,94,2022,34.0,18.0
4464,Con cobertura,93,2,2010,2178.0,350.0
4465,Con cobertura,93,2,2022,2728.0,891.0
4466,Con cobertura,93,6,2010,4151.0,1258.0
4467,Con cobertura,93,6,2022,6572.0,2403.0
4468,Con cobertura,93,10,2010,60.0,25.0
4469,Con cobertura,93,10,2022,143.0,51.0
4470,Con cobertura,93,14,2010,991.0,297.0
4471,Con cobertura,93,14,2022,1333.0,482.0
4472,Con cobertura,93,18,2010,173.0,80.0
4473,Con cobertura,93,18,2022,305.0,96.0
4474,Con cobertura,93,22,2010,139.0,68.0
4475,Con cobertura,93,22,2022,232.0,87.0
4476,Con cobertura,93,26,2010,59.0,42.0
4477,Con cobertura,93,26,2022,148.0,65.0
4478,Con cobertura,93,30,2010,338.0,77.0
4479,Con cobertura,93,30,2022,474.0,145.0
4480,Con cobertura,93,34,2010,40.0,30.0
4481,Con cobertura,93,34,2022,118.0,42.0
4482,Con cobertura,93,38,2010,74.0,27.0
4483,Con cobertura,93,38,2022,209.0,92.0
4484,Con cobertura,93,42,2010,102.0,43.0
4485,Con cobertura,93,42,2022,121.0,43.0
4486,Con cobertura,93,46,2010,46.0,17.0
4487,Con cobertura,93,46,2022,82.0,27.0
4488,Con cobertura,93,50,2010,376.0,211.0
4489,Con cobertura,93,50,2022,665.0,216.0
4490,Con cobertura,93,54,2010,112.0,78.0
4491,Con cobertura,93,54,2022,199.0,94.0
4492,Con cobertura,93,58,2010,68.0,27.0
4493,Con cobertura,93,58,2022,140.0,62.0
4494,Con cobertura,93,62,2010,77.0,18.0
4495,Con cobertura,93,62,2022,211.0,112.0
4496,Con cobertura,93,66,2010,272.0,75.0
4497,Con cobertura,93,66,2022,323.0,126.0
4498,Con cobertura,93,70,2010,106.0,40.0
4499,Con cobertura,93,70,2022,201.0,101.0
4500,Con cobertura,93,74,2010,78.0,14.0
4501,Con cobertura,93,74,2022,133.0,46.0
4502,Con cobertura,93,78,2010,28.0,1.0
4503,Con cobertura,93,78,2022,44.0,23.0
4504,Con cobertura,93,82,2010,1177.0,323.0
4505,Con cobertura,93,82,2022,1391.0,466.0
4506,Con cobertura,93,86,2010,150.0,66.0
4507,Con cobertura,93,86,2022,244.0,110.0
4508,Con cobertura,93,90,2010,262.0,111.0
4509,Con cobertura,93,90,2022,455.0,174.0
4510,Con cobertura,93,94,2022,26.0,13.0
4511,Con cobertura,94,2,2010,1517.0,388.0
4512,Con cobertura,94,2,2022,2183.0,679.0
4513,Con cobertura,94,6,2010,3252.0,866.0
4514,Con cobertura,94,6,2022,5030.0,1818.0
4515,Con cobertura,94,10,2010,79.0,19.0
4516,Con cobertura,94,10,2022,92.0,30.0
4517,Con cobertura,94,14,2010,732.0,231.0
4518,Con cobertura,94,14,2022,997.0,356.0
4519,Con cobertura,94,18,2010,145.0,67.0
4520,Con cobertura,94,18,2022,221.0,95.0
4521,Con cobertura,94,22,2010,117.0,48.0
4522,Con cobertura,94,22,2022,165.0,61.0
4523,Con cobertura,94,26,2010,74.0,20.0
4524,Con cobertura,94,26,2022,126.0,41.0
4525,Con cobertura,94,30,2010,195.0,73.0
4526,Con cobertura,94,30,2022,395.0,86.0
4527,Con cobertura,94,34,2010,18.0,29.0
4528,Con cobertura,94,34,2022,105.0,35.0
4529,Con cobertura,94,38,2010,43.0,26.0
4530,Con cobertura,94,38,2022,116.0,68.0
4531,Con cobertura,94,42,2010,37.0,23.0
4532,Con cobertura,94,42,2022,95.0,49.0
4533,Con cobertura,94,46,2010,31.0,10.0
4534,Con cobertura,94,46,2022,61.0,21.0
4535,Con cobertura,94,50,2010,298.0,66.0
4536,Con cobertura,94,50,2022,502.0,184.0
4537,Con cobertura,94,54,2010,59.0,52.0
4538,Con cobertura,94,54,2022,167.0,87.0
4539,Con cobertura,94,58,2010,46.0,23.0
4540,Con cobertura,94,58,2022,117.0,45.0
4541,Con cobertura,94,62,2010,69.0,62.0
4542,Con cobertura,94,62,2022,168.0,77.0
4543,Con cobertura,94,66,2010,170.0,52.0
4544,Con cobertura,94,66,2022,264.0,112.0
4545,Con cobertura,94,70,2010,76.0,26.0
4546,Con cobertura,94,70,2022,141.0,42.0
4547,Con cobertura,94,74,2010,63.0,24.0
4548,Con cobertura,94,74,2022,105.0,39.0
4549,Con cobertura,94,78,2010,27.0,6.0
4550,Con cobertura,94,78,2022,41.0,21.0
4551,Con cobertura,94,82,2010,883.0,269.0
4552,Con cobertura,94,82,2022,979.0,321.0
4553,Con cobertura,94,86,2010,137.0,50.0
4554,Con cobertura,94,86,2022,197.0,67.0
4555,Con cobertura,94,90,2010,148.0,52.0
4556,Con cobertura,94,90,2022,382.0,106.0
4557,Con cobertura,94,94,2022,32.0,9.0
4558,Con cobertura,95,2,2010,1247.0,221.0
4559,Con cobertura,95,2,2022,1512.0,513.0
4560,Con cobertura,95,6,2010,2516.0,577.0
4561,Con cobertura,95,6,2022,3925.0,1303.0
4562,Con cobertura,95,10,2010,28.0,28.0
4563,Con cobertura,95,10,2022,63.0,24.0
4564,Con cobertura,95,14,2010,553.0,103.0
4565,Con cobertura,95,14,2022,791.0,251.0
4566,Con cobertura,95,18,2010,122.0,40.0
4567,Con cobertura,95,18,2022,190.0,84.0
4568,Con cobertura,95,22,2010,67.0,30.0
4569,Con cobertura,95,22,2022,109.0,47.0
4570,Con cobertura,95,26,2010,24.0,18.0
4571,Con cobertura,95,26,2022,93.0,36.0
4572,Con cobertura,95,30,2010,185.0,43.0
4573,Con cobertura,95,30,2022,279.0,85.0
4574,Con cobertura,95,34,2010,22.0,22.0
4575,Con cobertura,95,34,2022,58.0,49.0
4576,Con cobertura,95,38,2010,42.0,14.0
4577,Con cobertura,95,38,2022,127.0,55.0
4578,Con cobertura,95,42,2010,55.0,19.0
4579,Con cobertura,95,42,2022,60.0,16.0
4580,Con cobertura,95,46,2010,33.0,6.0
4581,Con cobertura,95,46,2022,53.0,15.0
4582,Con cobertura,95,50,2010,176.0,89.0
4583,Con cobertura,95,50,2022,377.0,128.0
4584,Con cobertura,95,54,2010,78.0,28.0
4585,Con cobertura,95,54,2022,114.0,70.0
4586,Con cobertura,95,58,2010,33.0,32.0
4587,Con cobertura,95,58,2022,85.0,33.0
4588,Con cobertura,95,62,2010,66.0,26.0
4589,Con cobertura,95,62,2022,122.0,40.0
4590,Con cobertura,95,66,2010,84.0,28.0
4591,Con cobertura,95,66,2022,191.0,78.0
4592,Con cobertura,95,70,2010,60.0,49.0
4593,Con cobertura,95,70,2022,123.0,29.0
4594,Con cobertura,95,74,2010,21.0,19.0
4595,Con cobertura,95,74,2022,81.0,18.0
4596,Con cobertura,95,78,2010,5.0,4.0
4597,Con cobertura,95,78,2022,25.0,15.0
4598,Con cobertura,95,82,2010,589.0,162.0
4599,Con cobertura,95,82,2022,756.0,241.0
4600,Con cobertura,95,86,2010,93.0,30.0
4601,Con cobertura,95,86,2022,166.0,40.0
4602,Con cobertura,95,90,2010,155.0,47.0
4603,Con cobertura,95,90,2022,270.0,85.0
4604,Con cobertura,95,94,2022,21.0,10.0
4605,Con cobertura,96,2,2010,853.0,217.0
4606,Con cobertura,96,2,2022,1223.0,363.0
4607,Con cobertura,96,6,2010,1626.0,435.0
4608,Con cobertura,96,6,2022,2784.0,998.0
4609,Con cobertura,96,10,2010,23.0,3.0
4610,Con cobertura,96,10,2022,58.0,26.0
4611,Con cobertura,96,14,2010,429.0,85.0
4612,Con cobertura,96,14,2022,605.0,184.0
4613,Con cobertura,96,18,2010,73.0,32.0
4614,Con cobertura,96,18,2022,119.0,45.0
4615,Con cobertura,96,22,2010,40.0,15.0
4616,Con cobertura,96,22,2022,90.0,34.0
4617,Con cobertura,96,26,2010,9.0,13.0
4618,Con cobertura,96,26,2022,77.0,34.0
4619,Con cobertura,96,30,2010,159.0,34.0
4620,Con cobertura,96,30,2022,189.0,56.0
4621,Con cobertura,96,34,2010,27.0,6.0
4622,Con cobertura,96,34,2022,43.0,31.0
4623,Con cobertura,96,38,2010,39.0,15.0
4624,Con cobertura,96,38,2022,59.0,31.0
4625,Con cobertura,96,42,2010,38.0,9.0
4626,Con cobertura,96,42,2022,49.0,9.0
4627,Con cobertura,96,46,2010,13.0,3.0
4628,Con cobertura,96,46,2022,38.0,13.0
4629,Con cobertura,96,50,2010,160.0,34.0
4630,Con cobertura,96,50,2022,278.0,106.0
4631,Con cobertura,96,54,2010,39.0,16.0
4632,Con cobertura,96,54,2022,74.0,49.0
4633,Con cobertura,96,58,2010,28.0,9.0
4634,Con cobertura,96,58,2022,90.0,24.0
4635,Con cobertura,96,62,2010,48.0,17.0
4636,Con cobertura,96,62,2022,91.0,51.0
4637,Con cobertura,96,66,2010,78.0,17.0
4638,Con cobertura,96,66,2022,155.0,69.0
4639,Con cobertura,96,70,2010,51.0,5.0
4640,Con cobertura,96,70,2022,77.0,26.0
4641,Con cobertura,96,74,2010,48.0,2.0
4642,Con cobertura,96,74,2022,67.0,21.0
4643,Con cobertura,96,78,2010,2.0,1.0
4644,Con cobertura,96,78,2022,18.0,12.0
4645,Con cobertura,96,82,2010,430.0,86.0
4646,Con cobertura,96,82,2022,536.0,160.0
4647,Con cobertura,96,86,2010,49.0,23.0
4648,Con cobertura,96,86,2022,89.0,33.0
4649,Con cobertura,96,90,2010,117.0,48.0
4650,Con cobertura,96,90,2022,202.0,51.0
4651,Con cobertura,96,94,2022,17.0,7.0
4652,Con cobertura,97,2,2010,542.0,70.0
4653,Con cobertura,97,2,2022,930.0,263.0
4654,Con cobertura,97,6,2010,1274.0,315.0
4655,Con cobertura,97,6,2022,2143.0,694.0
4656,Con cobertura,97,10,2010,19.0,5.0
4657,Con cobertura,97,10,2022,38.0,12.0
4658,Con cobertura,97,14,2010,262.0,50.0
4659,Con cobertura,97,14,2022,449.0,134.0
4660,Con cobertura,97,18,2010,53.0,11.0
4661,Con cobertura,97,18,2022,119.0,38.0
4662,Con cobertura,97,22,2010,50.0,6.0
4663,Con cobertura,97,22,2022,61.0,18.0
4664,Con cobertura,97,26,2010,24.0,5.0
4665,Con cobertura,97,26,2022,66.0,18.0
4666,Con cobertura,97,30,2010,101.0,19.0
4667,Con cobertura,97,30,2022,147.0,50.0
4668,Con cobertura,97,34,2010,3.0,7.0
4669,Con cobertura,97,34,2022,36.0,18.0
4670,Con cobertura,97,38,2010,7.0,6.0
4671,Con cobertura,97,38,2022,44.0,21.0
4672,Con cobertura,97,42,2010,33.0,2.0
4673,Con cobertura,97,42,2022,31.0,14.0
4674,Con cobertura,97,46,2010,18.0,7.0
4675,Con cobertura,97,46,2022,21.0,2.0
4676,Con cobertura,97,50,2010,131.0,23.0
4677,Con cobertura,97,50,2022,186.0,84.0
4678,Con cobertura,97,54,2010,26.0,9.0
4679,Con cobertura,97,54,2022,55.0,32.0
4680,Con cobertura,97,58,2010,18.0,2.0
4681,Con cobertura,97,58,2022,61.0,13.0
4682,Con cobertura,97,62,2010,44.0,15.0
4683,Con cobertura,97,62,2022,74.0,40.0
4684,Con cobertura,97,66,2010,54.0,36.0
4685,Con cobertura,97,66,2022,100.0,44.0
4686,Con cobertura,97,70,2010,19.0,2.0
4687,Con cobertura,97,70,2022,69.0,29.0
4688,Con cobertura,97,74,2010,10.0,5.0
4689,Con cobertura,97,74,2022,48.0,14.0
4690,Con cobertura,97,78,2010,6.0,0.0
4691,Con cobertura,97,78,2022,20.0,4.0
4692,Con cobertura,97,82,2010,363.0,50.0
4693,Con cobertura,97,82,2022,417.0,145.0
4694,Con cobertura,97,86,2010,27.0,11.0
4695,Con cobertura,97,86,2022,68.0,39.0
4696,Con cobertura,97,90,2010,98.0,21.0
4697,Con cobertura,97,90,2022,142.0,58.0
4698,Con cobertura,97,94,2022,14.0,3.0
4699,Con cobertura,98,2,2010,427.0,84.0
4700,Con cobertura,98,2,2022,575.0,147.0
4701,Con cobertura,98,6,2010,880.0,165.0
4702,Con cobertura,98,6,2022,1500.0,495.0
4703,Con cobertura,98,10,2010,10.0,4.0
4704,Con cobertura,98,10,2022,29.0,9.0
4705,Con cobertura,98,14,2010,174.0,41.0
4706,Con cobertura,98,14,2022,283.0,85.0
4707,Con cobertura,98,18,2010,22.0,4.0
4708,Con cobertura,98,18,2022,54.0,22.0
4709,Con cobertura,98,22,2010,34.0,9.0
4710,Con cobertura,98,22,2022,48.0,13.0
4711,Con cobertura,98,26,2010,8.0,2.0
4712,Con cobertura,98,26,2022,43.0,15.0
4713,Con cobertura,98,30,2010,56.0,13.0
4714,Con cobertura,98,30,2022,101.0,21.0
4715,Con cobertura,98,34,2010,7.0,1.0
4716,Con cobertura,98,34,2022,26.0,13.0
4717,Con cobertura,98,38,2010,4.0,1.0
4718,Con cobertura,98,38,2022,29.0,20.0
4719,Con cobertura,98,42,2010,8.0,4.0
4720,Con cobertura,98,42,2022,14.0,3.0
4721,Con cobertura,98,46,2010,13.0,13.0
4722,Con cobertura,98,46,2022,26.0,7.0
4723,Con cobertura,98,50,2010,74.0,4.0
4724,Con cobertura,98,50,2022,114.0,45.0
4725,Con cobertura,98,54,2010,23.0,4.0
4726,Con cobertura,98,54,2022,38.0,23.0
4727,Con cobertura,98,58,2010,17.0,3.0
4728,Con cobertura,98,58,2022,24.0,16.0
4729,Con cobertura,98,62,2010,9.0,12.0
4730,Con cobertura,98,62,2022,54.0,31.0
4731,Con cobertura,98,66,2010,61.0,11.0
4732,Con cobertura,98,66,2022,97.0,32.0
4733,Con cobertura,98,70,2010,6.0,1.0
4734,Con cobertura,98,70,2022,38.0,14.0
4735,Con cobertura,98,74,2010,24.0,3.0
4736,Con cobertura,98,74,2022,40.0,9.0
4737,Con cobertura,98,78,2010,3.0,10.0
4738,Con cobertura,98,78,2022,6.0,9.0
4739,Con cobertura,98,82,2010,208.0,80.0
4740,Con cobertura,98,82,2022,306.0,80.0
4741,Con cobertura,98,86,2010,28.0,3.0
4742,Con cobertura,98,86,2022,61.0,18.0
4743,Con cobertura,98,90,2010,27.0,12.0
4744,Con cobertura,98,90,2022,103.0,34.0
4745,Con cobertura,98,94,2022,4.0,7.0
4746,Con cobertura,99,2,2010,229.0,41.0
4747,Con cobertura,99,2,2022,424.0,104.0
4748,Con cobertura,99,6,2010,489.0,81.0
4749,Con cobertura,99,6,2022,1134.0,420.0
4750,Con cobertura,99,10,2010,6.0,5.0
4751,Con cobertura,99,10,2022,16.0,6.0
4752,Con cobertura,99,14,2010,84.0,9.0
4753,Con cobertura,99,14,2022,207.0,79.0
4754,Con cobertura,99,18,2010,35.0,16.0
4755,Con cobertura,99,18,2022,64.0,24.0
4756,Con cobertura,99,22,2010,28.0,5.0
4757,Con cobertura,99,22,2022,26.0,19.0
4758,Con cobertura,99,26,2010,35.0,10.0
4759,Con cobertura,99,26,2022,39.0,12.0
4760,Con cobertura,99,30,2010,51.0,8.0
4761,Con cobertura,99,30,2022,71.0,15.0
4762,Con cobertura,99,34,2010,28.0,0.0
4763,Con cobertura,99,34,2022,22.0,4.0
4764,Con cobertura,99,38,2010,7.0,2.0
4765,Con cobertura,99,38,2022,29.0,14.0
4766,Con cobertura,99,42,2010,23.0,3.0
4767,Con cobertura,99,42,2022,18.0,3.0
4768,Con cobertura,99,46,2010,22.0,3.0
4769,Con cobertura,99,46,2022,15.0,10.0
4770,Con cobertura,99,50,2010,38.0,31.0
4771,Con cobertura,99,50,2022,100.0,40.0
4772,Con cobertura,99,54,2010,23.0,1.0
4773,Con cobertura,99,54,2022,24.0,7.0
4774,Con cobertura,99,58,2010,15.0,2.0
4775,Con cobertura,99,58,2022,31.0,8.0
4776,Con cobertura,99,62,2010,4.0,6.0
4777,Con cobertura,99,62,2022,24.0,21.0
4778,Con cobertura,99,66,2010,17.0,4.0
4779,Con cobertura,99,66,2022,54.0,27.0
4780,Con cobertura,99,70,2010,30.0,1.0
4781,Con cobertura,99,70,2022,20.0,9.0
4782,Con cobertura,99,74,2010,16.0,10.0
4783,Con cobertura,99,74,2022,34.0,5.0
4784,Con cobertura,99,78,2010,1.0,0.0
4785,Con cobertura,99,78,2022,8.0,7.0
4786,Con cobertura,99,82,2010,160.0,15.0
4787,Con cobertura,99,82,2022,241.0,59.0
4788,Con cobertura,99,86,2010,18.0,3.0
4789,Con cobertura,99,86,2022,38.0,13.0
4790,Con cobertura,99,90,2010,27.0,18.0
4791,Con cobertura,99,90,2022,83.0,19.0
4792,Con cobertura,99,94,2010,0.0,1.0
4793,Con cobertura,99,94,2022,8.0,2.0
4794,Con cobertura,100,2,2010,244.0,40.0
4795,Con cobertura,100,2,2022,224.0,49.0
4796,Con cobertura,100,6,2010,442.0,64.0
4797,Con cobertura,100,6,2022,467.0,99.0
4798,Con cobertura,100,10,2010,14.0,1.0
4799,Con cobertura,100,10,2022,7.0,4.0
4800,Con cobertura,100,14,2010,86.0,7.0
4801,Con cobertura,100,14,2022,105.0,17.0
4802,Con cobertura,100,18,2010,38.0,1.0
4803,Con cobertura,100,18,2022,19.0,8.0
4804,Con cobertura,100,22,2010,27.0,4.0
4805,Con cobertura,100,22,2022,13.0,4.0
4806,Con cobertura,100,26,2010,4.0,1.0
4807,Con cobertura,100,26,2022,21.0,6.0
4808,Con cobertura,100,30,2010,45.0,6.0
4809,Con cobertura,100,30,2022,52.0,9.0
4810,Con cobertura,100,34,2010,4.0,4.0
4811,Con cobertura,100,34,2022,8.0,2.0
4812,Con cobertura,100,38,2010,7.0,1.0
4813,Con cobertura,100,38,2022,8.0,4.0
4814,Con cobertura,100,42,2010,7.0,0.0
4815,Con cobertura,100,42,2022,7.0,1.0
4816,Con cobertura,100,46,2010,22.0,11.0
4817,Con cobertura,100,46,2022,9.0,2.0
4818,Con cobertura,100,50,2010,32.0,3.0
4819,Con cobertura,100,50,2022,42.0,4.0
4820,Con cobertura,100,54,2010,16.0,1.0
4821,Con cobertura,100,54,2022,12.0,5.0
4822,Con cobertura,100,58,2010,5.0,1.0
4823,Con cobertura,100,58,2022,7.0,13.0
4824,Con cobertura,100,62,2010,12.0,2.0
4825,Con cobertura,100,62,2022,16.0,9.0
4826,Con cobertura,100,66,2010,10.0,6.0
4827,Con cobertura,100,66,2022,24.0,6.0
4828,Con cobertura,100,70,2010,2.0,2.0
4829,Con cobertura,100,70,2022,13.0,6.0
4830,Con cobertura,100,74,2010,4.0,0.0
4831,Con cobertura,100,74,2022,13.0,1.0
4832,Con cobertura,100,78,2010,0.0,1.0
4833,Con cobertura,100,78,2022,4.0,0.0
4834,Con cobertura,100,82,2010,114.0,36.0
4835,Con cobertura,100,82,2022,86.0,24.0
4836,Con cobertura,100,86,2010,9.0,14.0
4837,Con cobertura,100,86,2022,15.0,6.0
4838,Con cobertura,100,90,2010,22.0,1.0
4839,Con cobertura,100,90,2022,35.0,10.0
4840,Con cobertura,100,94,2022,1.0,0.0
4841,Con cobertura,101,2,2010,102.0,2.0
4842,Con cobertura,101,2,2022,135.0,21.0
4843,Con cobertura,101,6,2010,233.0,45.0
4844,Con cobertura,101,6,2022,262.0,75.0
4845,Con cobertura,101,10,2010,1.0,9.0
4846,Con cobertura,101,10,2022,4.0,1.0
4847,Con cobertura,101,14,2010,49.0,6.0
4848,Con cobertura,101,14,2022,60.0,17.0
4849,Con cobertura,101,18,2010,16.0,4.0
4850,Con cobertura,101,18,2022,17.0,7.0
4851,Con cobertura,101,22,2010,5.0,3.0
4852,Con cobertura,101,22,2022,15.0,4.0
4853,Con cobertura,101,26,2010,2.0,0.0
4854,Con cobertura,101,26,2022,11.0,2.0
4855,Con cobertura,101,30,2010,23.0,7.0
4856,Con cobertura,101,30,2022,31.0,4.0
4857,Con cobertura,101,34,2022,8.0,1.0
4858,Con cobertura,101,38,2010,9.0,0.0
4859,Con cobertura,101,38,2022,11.0,1.0
4860,Con cobertura,101,42,2010,3.0,1.0
4861,Con cobertura,101,42,2022,5.0,0.0
4862,Con cobertura,101,46,2010,8.0,10.0
4863,Con cobertura,101,46,2022,5.0,0.0
4864,Con cobertura,101,50,2010,5.0,0.0
4865,Con cobertura,101,50,2022,23.0,4.0
4866,Con cobertura,101,54,2010,4.0,3.0
4867,Con cobertura,101,54,2022,9.0,4.0
4868,Con cobertura,101,58,2010,5.0,0.0
4869,Con cobertura,101,58,2022,12.0,1.0
4870,Con cobertura,101,62,2010,3.0,2.0
4871,Con cobertura,101,62,2022,13.0,3.0
4872,Con cobertura,101,66,2010,4.0,12.0
4873,Con cobertura,101,66,2022,21.0,3.0
4874,Con cobertura,101,70,2010,2.0,1.0
4875,Con cobertura,101,70,2022,9.0,3.0
4876,Con cobertura,101,74,2010,2.0,10.0
4877,Con cobertura,101,74,2022,9.0,4.0
4878,Con cobertura,101,78,2022,2.0,1.0
4879,Con cobertura,101,82,2010,39.0,21.0
4880,Con cobertura,101,82,2022,56.0,12.0
4881,Con cobertura,101,86,2010,24.0,1.0
4882,Con cobertura,101,86,2022,24.0,3.0
4883,Con cobertura,101,90,2010,4.0,12.0
4884,Con cobertura,101,90,2022,18.0,6.0
4885,Con cobertura,101,94,2022,2.0,0.0
4886,Con cobertura,102,2,2010,77.0,11.0
4887,Con cobertura,102,2,2022,89.0,16.0
4888,Con cobertura,102,6,2010,112.0,20.0
4889,Con cobertura,102,6,2022,292.0,89.0
4890,Con cobertura,102,10,2010,0.0,3.0
4891,Con cobertura,102,10,2022,8.0,2.0
4892,Con cobertura,102,14,2010,46.0,2.0
4893,Con cobertura,102,14,2022,63.0,22.0
4894,Con cobertura,102,18,2010,3.0,1.0
4895,Con cobertura,102,18,2022,14.0,17.0
4896,Con cobertura,102,22,2010,4.0,1.0
4897,Con cobertura,102,22,2022,18.0,8.0
4898,Con cobertura,102,26,2010,1.0,0.0
4899,Con cobertura,102,26,2022,2.0,1.0
4900,Con cobertura,102,30,2010,4.0,2.0
4901,Con cobertura,102,30,2022,30.0,8.0
4902,Con cobertura,102,34,2010,1.0,0.0
4903,Con cobertura,102,34,2022,6.0,4.0
4904,Con cobertura,102,38,2022,8.0,5.0
4905,Con cobertura,102,42,2010,1.0,0.0
4906,Con cobertura,102,42,2022,4.0,3.0
4907,Con cobertura,102,46,2010,4.0,0.0
4908,Con cobertura,102,46,2022,5.0,1.0
4909,Con cobertura,102,50,2010,2.0,1.0
4910,Con cobertura,102,50,2022,23.0,16.0
4911,Con cobertura,102,54,2010,0.0,1.0
4912,Con cobertura,102,54,2022,12.0,11.0
4913,Con cobertura,102,58,2010,1.0,0.0
4914,Con cobertura,102,58,2022,6.0,1.0
4915,Con cobertura,102,62,2010,1.0,0.0
4916,Con cobertura,102,62,2022,20.0,5.0
4917,Con cobertura,102,66,2010,5.0,21.0
4918,Con cobertura,102,66,2022,25.0,9.0
4919,Con cobertura,102,70,2010,0.0,9.0
4920,Con cobertura,102,70,2022,16.0,2.0
4921,Con cobertura,102,74,2010,2.0,0.0
4922,Con cobertura,102,74,2022,5.0,2.0
4923,Con cobertura,102,78,2022,3.0,1.0
4924,Con cobertura,102,82,2010,32.0,13.0
4925,Con cobertura,102,82,2022,51.0,15.0
4926,Con cobertura,102,86,2010,3.0,1.0
4927,Con cobertura,102,86,2022,16.0,9.0
4928,Con cobertura,102,90,2010,6.0,2.0
4929,Con cobertura,102,90,2022,24.0,9.0
4930,Con cobertura,102,94,2022,1.0,0.0
4931,Con cobertura,103,2,2010,33.0,1.0
4932,Con cobertura,103,2,2022,56.0,12.0
4933,Con cobertura,103,6,2010,54.0,12.0
4934,Con cobertura,103,6,2022,152.0,76.0
4935,Con cobertura,103,10,2010,2.0,0.0
4936,Con cobertura,103,10,2022,6.0,2.0
4937,Con cobertura,103,14,2010,14.0,3.0
4938,Con cobertura,103,14,2022,36.0,13.0
4939,Con cobertura,103,18,2010,5.0,1.0
4940,Con cobertura,103,18,2022,14.0,8.0
4941,Con cobertura,103,22,2022,9.0,5.0
4942,Con cobertura,103,26,2022,3.0,1.0
4943,Con cobertura,103,30,2022,10.0,2.0
4944,Con cobertura,103,34,2022,5.0,1.0
4945,Con cobertura,103,38,2022,3.0,2.0
4946,Con cobertura,103,42,2010,1.0,1.0
4947,Con cobertura,103,42,2022,1.0,0.0
4948,Con cobertura,103,46,2010,13.0,1.0
4949,Con cobertura,103,46,2022,6.0,1.0
4950,Con cobertura,103,50,2010,4.0,0.0
4951,Con cobertura,103,50,2022,19.0,11.0
4952,Con cobertura,103,54,2010,4.0,1.0
4953,Con cobertura,103,54,2022,9.0,5.0
4954,Con cobertura,103,58,2010,0.0,1.0
4955,Con cobertura,103,58,2022,2.0,1.0
4956,Con cobertura,103,62,2010,1.0,0.0
4957,Con cobertura,103,62,2022,8.0,7.0
4958,Con cobertura,103,66,2022,14.0,6.0
4959,Con cobertura,103,70,2010,0.0,2.0
4960,Con cobertura,103,70,2022,2.0,1.0
4961,Con cobertura,103,74,2010,2.0,1.0
4962,Con cobertura,103,74,2022,3.0,1.0
4963,Con cobertura,103,78,2022,0.0,1.0
4964,Con cobertura,103,82,2010,36.0,4.0
4965,Con cobertura,103,82,2022,35.0,10.0
4966,Con cobertura,103,86,2010,1.0,2.0
4967,Con cobertura,103,86,2022,12.0,10.0
4968,Con cobertura,103,90,2010,7.0,1.0
4969,Con cobertura,103,90,2022,19.0,4.0
4970,Con cobertura,103,94,2022,2.0,0.0
4971,Con cobertura,104,2,2010,28.0,10.0
4972,Con cobertura,104,2,2022,38.0,5.0
4973,Con cobertura,104,6,2010,21.0,3.0
4974,Con cobertura,104,6,2022,79.0,24.0
4975,Con cobertura,104,10,2022,2.0,2.0
4976,Con cobertura,104,14,2010,6.0,2.0
4977,Con cobertura,104,14,2022,17.0,5.0
4978,Con cobertura,104,18,2022,6.0,3.0
4979,Con cobertura,104,22,2010,1.0,0.0
4980,Con cobertura,104,22,2022,9.0,1.0
4981,Con cobertura,104,30,2010,5.0,0.0
4982,Con cobertura,104,30,2022,1.0,3.0
4983,Con cobertura,104,34,2022,2.0,0.0
4984,Con cobertura,104,38,2022,1.0,1.0
4985,Con cobertura,104,42,2010,1.0,0.0
4986,Con cobertura,104,42,2022,1.0,0.0
4987,Con cobertura,104,46,2022,1.0,1.0
4988,Con cobertura,104,50,2010,2.0,0.0
4989,Con cobertura,104,50,2022,5.0,1.0
4990,Con cobertura,104,54,2010,1.0,0.0
4991,Con cobertura,104,54,2022,3.0,1.0
4992,Con cobertura,104,58,2010,2.0,0.0
4993,Con cobertura,104,58,2022,3.0,0.0
4994,Con cobertura,104,62,2010,1.0,0.0
4995,Con cobertura,104,62,2022,2.0,1.0
4996,Con cobertura,104,66,2010,2.0,0.0
4997,Con cobertura,104,66,2022,7.0,0.0
4998,Con cobertura,104,70,2010,1.0,0.0
4999,Con cobertura,104,74,2022,2.0,0.0
5000,Con cobertura,104,78,2010,0.0,1.0
5001,Con cobertura,104,82,2010,2.0,0.0
5002,Con cobertura,104,82,2022,9.0,3.0
5003,Con cobertura,104,86,2010,1.0,3.0
5004,Con cobertura,104,86,2022,2.0,1.0
5005,Con cobertura,104,90,2010,2.0,0.0
5006,Con cobertura,104,90,2022,10.0,2.0
5007,Con cobertura,104,94,2010,0.0,1.0
5008,Con cobertura,105,2,2010,9.0,3.0
5009,Con cobertura,105,2,2022,15.0,5.0
5010,Con cobertura,105,6,2010,21.0,2.0
5011,Con cobertura,105,6,2022,66.0,18.0
5012,Con cobertura,105,10,2022,2.0,0.0
5013,Con cobertura,105,14,2010,3.0,0.0
5014,Con cobertura,105,14,2022,14.0,6.0
5015,Con cobertura,105,18,2022,4.0,2.0
5016,Con cobertura,105,22,2010,2.0,0.0
5017,Con cobertura,105,22,2022,2.0,0.0
5018,Con cobertura,105,26,2022,1.0,1.0
5019,Con cobertura,105,30,2010,2.0,0.0
5020,Con cobertura,105,30,2022,3.0,1.0
5021,Con cobertura,105,34,2022,1.0,1.0
5022,Con cobertura,105,38,2010,1.0,0.0
5023,Con cobertura,105,38,2022,2.0,1.0
5024,Con cobertura,105,50,2010,3.0,0.0
5025,Con cobertura,105,50,2022,2.0,0.0
5026,Con cobertura,105,54,2010,2.0,1.0
5027,Con cobertura,105,54,2022,1.0,0.0
5028,Con cobertura,105,58,2010,1.0,0.0
5029,Con cobertura,105,58,2022,4.0,0.0
5030,Con cobertura,105,62,2022,0.0,1.0
5031,Con cobertura,105,66,2010,1.0,0.0
5032,Con cobertura,105,66,2022,3.0,1.0
5033,Con cobertura,105,70,2010,0.0,1.0
5034,Con cobertura,105,74,2022,1.0,1.0
5035,Con cobertura,105,82,2010,14.0,11.0
5036,Con cobertura,105,82,2022,4.0,5.0
5037,Con cobertura,105,86,2010,2.0,1.0
5038,Con cobertura,105,86,2022,3.0,2.0
5039,Con cobertura,105,90,2022,10.0,3.0
5040,Con cobertura,106,2,2010,16.0,1.0
5041,Con cobertura,106,2,2022,11.0,1.0
5042,Con cobertura,106,6,2010,29.0,4.0
5043,Con cobertura,106,6,2022,35.0,9.0
5044,Con cobertura,106,10,2022,1.0,0.0
5045,Con cobertura,106,14,2022,8.0,3.0
5046,Con cobertura,106,18,2010,1.0,0.0
5047,Con cobertura,106,18,2022,2.0,2.0
5048,Con cobertura,106,22,2022,0.0,1.0
5049,Con cobertura,106,30,2022,2.0,0.0
5050,Con cobertura,106,34,2022,1.0,0.0
5051,Con cobertura,106,38,2022,4.0,1.0
5052,Con cobertura,106,42,2022,1.0,0.0
5053,Con cobertura,106,46,2022,1.0,0.0
5054,Con cobertura,106,50,2010,1.0,0.0
5055,Con cobertura,106,50,2022,0.0,1.0
5056,Con cobertura,106,54,2010,2.0,0.0
5057,Con cobertura,106,54,2022,0.0,1.0
5058,Con cobertura,106,58,2022,1.0,0.0
5059,Con cobertura,106,62,2022,2.0,0.0
5060,Con cobertura,106,66,2022,5.0,1.0
5061,Con cobertura,106,70,2022,1.0,0.0
5062,Con cobertura,106,74,2010,11.0,0.0
5063,Con cobertura,106,74,2022,1.0,0.0
5064,Con cobertura,106,82,2010,0.0,1.0
5065,Con cobertura,106,82,2022,7.0,1.0
5066,Con cobertura,106,86,2010,0.0,1.0
5067,Con cobertura,106,86,2022,2.0,2.0
5068,Con cobertura,106,90,2022,3.0,1.0
5069,Con cobertura,107,2,2010,5.0,0.0
5070,Con cobertura,107,2,2022,10.0,2.0
5071,Con cobertura,107,6,2010,8.0,2.0
5072,Con cobertura,107,6,2022,26.0,16.0
5073,Con cobertura,107,10,2010,7.0,0.0
5074,Con cobertura,107,14,2010,1.0,1.0
5075,Con cobertura,107,14,2022,6.0,1.0
5076,Con cobertura,107,18,2010,1.0,0.0
5077,Con cobertura,107,18,2022,2.0,0.0
5078,Con cobertura,107,22,2022,2.0,1.0
5079,Con cobertura,107,26,2010,11.0,1.0
5080,Con cobertura,107,30,2022,1.0,0.0
5081,Con cobertura,107,38,2022,4.0,2.0
5082,Con cobertura,107,42,2022,1.0,0.0
5083,Con cobertura,107,46,2022,2.0,0.0
5084,Con cobertura,107,50,2010,1.0,0.0
5085,Con cobertura,107,50,2022,2.0,0.0
5086,Con cobertura,107,54,2010,1.0,1.0
5087,Con cobertura,107,54,2022,1.0,0.0
5088,Con cobertura,107,58,2022,2.0,0.0
5089,Con cobertura,107,66,2022,4.0,1.0
5090,Con cobertura,107,70,2022,1.0,1.0
5091,Con cobertura,107,82,2010,2.0,1.0
5092,Con cobertura,107,82,2022,3.0,2.0
5093,Con cobertura,107,86,2010,0.0,2.0
5094,Con cobertura,107,86,2022,1.0,0.0
5095,Con cobertura,107,90,2022,1.0,2.0
5096,Con cobertura,108,2,2010,2.0,0.0
5097,Con cobertura,108,2,2022,6.0,3.0
5098,Con cobertura,108,6,2010,0.0,10.0
5099,Con cobertura,108,6,2022,34.0,11.0
5100,Con cobertura,108,10,2022,2.0,0.0
5101,Con cobertura,108,14,2010,1.0,0.0
5102,Con cobertura,108,14,2022,8.0,5.0
5103,Con cobertura,108,18,2022,4.0,0.0
5104,Con cobertura,108,22,2010,0.0,1.0
5105,Con cobertura,108,22,2022,0.0,1.0
5106,Con cobertura,108,26,2010,0.0,1.0
5107,Con cobertura,108,30,2022,2.0,2.0
5108,Con cobertura,108,38,2022,3.0,1.0
5109,Con cobertura,108,42,2022,1.0,0.0
5110,Con cobertura,108,46,2010,0.0,1.0
5111,Con cobertura,108,50,2022,3.0,0.0
5112,Con cobertura,108,54,2022,3.0,1.0
5113,Con cobertura,108,58,2010,1.0,0.0
5114,Con cobertura,108,58,2022,0.0,1.0
5115,Con cobertura,108,62,2022,1.0,3.0
5116,Con cobertura,108,66,2022,4.0,1.0
5117,Con cobertura,108,70,2010,1.0,0.0
5118,Con cobertura,108,70,2022,1.0,1.0
5119,Con cobertura,108,82,2010,0.0,1.0
5120,Con cobertura,108,82,2022,5.0,1.0
5121,Con cobertura,108,86,2010,1.0,0.0
5122,Con cobertura,108,86,2022,1.0,1.0
5123,Con cobertura,108,90,2022,0.0,1.0
5124,Con cobertura,109,2,2010,2.0,1.0
5125,Con cobertura,109,2,2022,8.0,3.0
5126,Con cobertura,109,6,2010,2.0,3.0
5127,Con cobertura,109,6,2022,25.0,12.0
5128,Con cobertura,109,10,2010,0.0,1.0
5129,Con cobertura,109,14,2010,1.0,0.0
5130,Con cobertura,109,14,2022,5.0,0.0
5131,Con cobertura,109,18,2010,1.0,0.0
5132,Con cobertura,109,18,2022,2.0,1.0
5133,Con cobertura,109,22,2022,2.0,1.0
5134,Con cobertura,109,30,2022,5.0,0.0
5135,Con cobertura,109,38,2010,10.0,0.0
5136,Con cobertura,109,42,2022,1.0,1.0
5137,Con cobertura,109,46,2010,1.0,0.0
5138,Con cobertura,109,50,2022,1.0,1.0
5139,Con cobertura,109,54,2022,1.0,1.0
5140,Con cobertura,109,58,2010,1.0,0.0
5141,Con cobertura,109,62,2010,2.0,0.0
5142,Con cobertura,109,66,2022,4.0,0.0
5143,Con cobertura,109,70,2010,1.0,0.0
5144,Con cobertura,109,70,2022,1.0,0.0
5145,Con cobertura,109,74,2022,0.0,1.0
5146,Con cobertura,109,82,2010,1.0,0.0
5147,Con cobertura,109,82,2022,9.0,2.0
5148,Con cobertura,109,86,2010,1.0,0.0
5149,Con cobertura,109,86,2022,1.0,2.0
5150,Con cobertura,109,90,2010,1.0,0.0
5151,Con cobertura,109,90,2022,1.0,1.0
5152,Con cobertura,110,2,2010,10.0,0.0
5153,Con cobertura,110,2,2022,4.0,1.0
5154,Con cobertura,110,6,2010,56.0,19.0
5155,Con cobertura,110,6,2022,22.0,8.0
5156,Con cobertura,110,10,2010,2.0,2.0
5157,Con cobertura,110,10,2022,1.0,0.0
5158,Con cobertura,110,14,2010,0.0,9.0
5159,Con cobertura,110,14,2022,8.0,3.0
5160,Con cobertura,110,18,2010,1.0,1.0
5161,Con cobertura,110,18,2022,2.0,1.0
5162,Con cobertura,110,22,2010,1.0,1.0
5163,Con cobertura,110,22,2022,3.0,1.0
5164,Con cobertura,110,30,2010,1.0,0.0
5165,Con cobertura,110,30,2022,2.0,1.0
5166,Con cobertura,110,34,2010,1.0,0.0
5167,Con cobertura,110,38,2022,1.0,0.0
5168,Con cobertura,110,46,2010,1.0,0.0
5169,Con cobertura,110,46,2022,1.0,0.0
5170,Con cobertura,110,54,2010,2.0,1.0
5171,Con cobertura,110,54,2022,2.0,0.0
5172,Con cobertura,110,58,2010,1.0,0.0
5173,Con cobertura,110,58,2022,1.0,0.0
5174,Con cobertura,110,62,2010,1.0,0.0
5175,Con cobertura,110,62,2022,1.0,0.0
5176,Con cobertura,110,66,2010,4.0,0.0
5177,Con cobertura,110,66,2022,1.0,3.0
5178,Con cobertura,110,70,2022,1.0,0.0
5179,Con cobertura,110,74,2010,1.0,1.0
5180,Con cobertura,110,74,2022,0.0,1.0
5181,Con cobertura,110,82,2010,2.0,2.0
5182,Con cobertura,110,82,2022,5.0,2.0
5183,Con cobertura,110,86,2010,3.0,0.0
5184,Con cobertura,110,86,2022,1.0,2.0
5185,Con cobertura,110,90,2010,1.0,5.0
5186,Con cobertura,110,90,2022,3.0,2.0
5187,Sin cobertura,0,2,2010,4539.0,4612.0
5188,Sin cobertura,0,2,2022,1979.0,2017.0
5189,Sin cobertura,0,6,2010,58994.0,62059.0
5190,Sin cobertura,0,6,2022,41636.0,42783.0
5191,Sin cobertura,0,10,2010,1625.0,1723.0
5192,Sin cobertura,0,10,2022,1309.0,1359.0
5193,Sin cobertura,0,14,2010,10006.0,10574.0
5194,Sin cobertura,0,14,2022,8930.0,9260.0
5195,Sin cobertura,0,18,2010,4861.0,5357.0
5196,Sin cobertura,0,18,2022,3888.0,3975.0
5197,Sin cobertura,0,22,2010,6936.0,7221.0
5198,Sin cobertura,0,22,2022,4792.0,5220.0
5199,Sin cobertura,0,26,2010,1452.0,1294.0
5200,Sin cobertura,0,26,2022,1100.0,1018.0
5201,Sin cobertura,0,30,2010,4398.0,4818.0
5202,Sin cobertura,0,30,2022,3551.0,3694.0
5203,Sin cobertura,0,34,2010,3442.0,3697.0
5204,Sin cobertura,0,34,2022,2561.0,2629.0
5205,Sin cobertura,0,38,2010,3324.0,3113.0
5206,Sin cobertura,0,38,2022,2589.0,2684.0
5207,Sin cobertura,0,42,2010,1099.0,1075.0
5208,Sin cobertura,0,42,2022,780.0,746.0
5209,Sin cobertura,0,46,2010,1496.0,1478.0
5210,Sin cobertura,0,46,2022,1232.0,1241.0
5211,Sin cobertura,0,50,2010,6915.0,7216.0
5212,Sin cobertura,0,50,2022,5534.0,5502.0
5213,Sin cobertura,0,54,2010,6234.0,6516.0
5214,Sin cobertura,0,54,2022,5424.0,5789.0
5215,Sin cobertura,0,58,2010,2193.0,2259.0
5216,Sin cobertura,0,58,2022,1391.0,1367.0
5217,Sin cobertura,0,62,2010,2132.0,2397.0
5218,Sin cobertura,0,62,2022,1827.0,1823.0
5219,Sin cobertura,0,66,2010,7278.0,7850.0
5220,Sin cobertura,0,66,2022,5946.0,6149.0
5221,Sin cobertura,0,70,2010,3446.0,3688.0
5222,Sin cobertura,0,70,2022,3039.0,3185.0
5223,Sin cobertura,0,74,2010,1705.0,1684.0
5224,Sin cobertura,0,74,2022,1446.0,1471.0
5225,Sin cobertura,0,78,2010,476.0,488.0
5226,Sin cobertura,0,78,2022,349.0,289.0
5227,Sin cobertura,0,82,2010,10163.0,10663.0
5228,Sin cobertura,0,82,2022,8536.0,8658.0
5229,Sin cobertura,0,86,2010,6195.0,6149.0
5230,Sin cobertura,0,86,2022,5432.0,5535.0
5231,Sin cobertura,0,90,2010,6054.0,6380.0
5232,Sin cobertura,0,90,2022,5377.0,5275.0
5233,Sin cobertura,0,94,2010,111.0,152.0
5234,Sin cobertura,0,94,2022,125.0,125.0
5235,Sin cobertura,1,2,2010,4083.0,4442.0
5236,Sin cobertura,1,2,2022,1948.0,2162.0
5237,Sin cobertura,1,6,2010,58317.0,58452.0
5238,Sin cobertura,1,6,2022,42776.0,44167.0
5239,Sin cobertura,1,10,2010,1516.0,1552.0
5240,Sin cobertura,1,10,2022,1308.0,1321.0
5241,Sin cobertura,1,14,2010,10099.0,10552.0
5242,Sin cobertura,1,14,2022,9011.0,9275.0
5243,Sin cobertura,1,18,2010,4802.0,4834.0
5244,Sin cobertura,1,18,2022,3792.0,3857.0
5245,Sin cobertura,1,22,2010,6610.0,6792.0
5246,Sin cobertura,1,22,2022,4528.0,4853.0
5247,Sin cobertura,1,26,2010,1282.0,1311.0
5248,Sin cobertura,1,26,2022,1030.0,1024.0
5249,Sin cobertura,1,30,2010,4241.0,4425.0
5250,Sin cobertura,1,30,2022,3590.0,3759.0
5251,Sin cobertura,1,34,2010,3762.0,3647.0
5252,Sin cobertura,1,34,2022,2696.0,2775.0
5253,Sin cobertura,1,38,2010,3158.0,3262.0
5254,Sin cobertura,1,38,2022,2501.0,2445.0
5255,Sin cobertura,1,42,2010,984.0,1074.0
5256,Sin cobertura,1,42,2022,773.0,787.0
5257,Sin cobertura,1,46,2010,1412.0,1471.0
5258,Sin cobertura,1,46,2022,1122.0,1134.0
5259,Sin cobertura,1,50,2010,6842.0,7229.0
5260,Sin cobertura,1,50,2022,5488.0,5633.0
5261,Sin cobertura,1,54,2010,5467.0,5745.0
5262,Sin cobertura,1,54,2022,5156.0,5261.0
5263,Sin cobertura,1,58,2010,1958.0,2093.0
5264,Sin cobertura,1,58,2022,1299.0,1384.0
5265,Sin cobertura,1,62,2010,2124.0,2183.0
5266,Sin cobertura,1,62,2022,1693.0,1756.0
5267,Sin cobertura,1,66,2010,6657.0,6767.0
5268,Sin cobertura,1,66,2022,5457.0,5634.0
5269,Sin cobertura,1,70,2010,3436.0,3504.0
5270,Sin cobertura,1,70,2022,2896.0,3000.0
5271,Sin cobertura,1,74,2010,1611.0,1765.0
5272,Sin cobertura,1,74,2022,1394.0,1480.0
5273,Sin cobertura,1,78,2010,479.0,431.0
5274,Sin cobertura,1,78,2022,322.0,325.0
5275,Sin cobertura,1,82,2010,10212.0,10200.0
5276,Sin cobertura,1,82,2022,7770.0,8003.0
5277,Sin cobertura,1,86,2010,6266.0,6297.0
5278,Sin cobertura,1,86,2022,4908.0,5124.0
5279,Sin cobertura,1,90,2010,5520.0,6102.0
5280,Sin cobertura,1,90,2022,4994.0,5063.0
5281,Sin cobertura,1,94,2010,121.0,182.0
5282,Sin cobertura,1,94,2022,121.0,105.0
5283,Sin cobertura,2,2,2010,3974.0,4084.0
5284,Sin cobertura,2,2,2022,2360.0,2647.0
5285,Sin cobertura,2,6,2010,55492.0,56715.0
5286,Sin cobertura,2,6,2022,49565.0,49819.0
5287,Sin cobertura,2,10,2010,1563.0,1545.0
5288,Sin cobertura,2,10,2022,1465.0,1417.0
5289,Sin cobertura,2,14,2010,10228.0,10318.0
5290,Sin cobertura,2,14,2022,10400.0,10320.0
5291,Sin cobertura,2,18,2010,4539.0,4857.0
5292,Sin cobertura,2,18,2022,4234.0,4447.0
5293,Sin cobertura,2,22,2010,6844.0,6676.0
5294,Sin cobertura,2,22,2022,5359.0,5590.0
5295,Sin cobertura,2,26,2010,1315.0,1391.0
5296,Sin cobertura,2,26,2022,1185.0,1222.0
5297,Sin cobertura,2,30,2010,4294.0,4651.0
5298,Sin cobertura,2,30,2022,4156.0,4122.0
5299,Sin cobertura,2,34,2010,3217.0,3698.0
5300,Sin cobertura,2,34,2022,3005.0,2912.0
5301,Sin cobertura,2,38,2010,3169.0,3081.0
5302,Sin cobertura,2,38,2022,2858.0,2952.0
5303,Sin cobertura,2,42,2010,1022.0,965.0
5304,Sin cobertura,2,42,2022,812.0,891.0
5305,Sin cobertura,2,46,2010,1262.0,1486.0
5306,Sin cobertura,2,46,2022,1250.0,1336.0
5307,Sin cobertura,2,50,2010,6689.0,7141.0
5308,Sin cobertura,2,50,2022,6281.0,6608.0
5309,Sin cobertura,2,54,2010,5409.0,5515.0
5310,Sin cobertura,2,54,2022,5912.0,5872.0
5311,Sin cobertura,2,58,2010,1768.0,2438.0
5312,Sin cobertura,2,58,2022,1590.0,1645.0
5313,Sin cobertura,2,62,2010,2095.0,2285.0
5314,Sin cobertura,2,62,2022,1872.0,1891.0
5315,Sin cobertura,2,66,2010,6484.0,6805.0
5316,Sin cobertura,2,66,2022,6192.0,6278.0
5317,Sin cobertura,2,70,2010,3411.0,3648.0
5318,Sin cobertura,2,70,2022,3313.0,3333.0
5319,Sin cobertura,2,74,2010,1631.0,1935.0
5320,Sin cobertura,2,74,2022,1442.0,1479.0
5321,Sin cobertura,2,78,2010,502.0,362.0
5322,Sin cobertura,2,78,2022,367.0,358.0
5323,Sin cobertura,2,82,2010,9815.0,10612.0
5324,Sin cobertura,2,82,2022,8576.0,8674.0
5325,Sin cobertura,2,86,2010,5510.0,5760.0
5326,Sin cobertura,2,86,2022,5679.0,5696.0
5327,Sin cobertura,2,90,2010,5686.0,5628.0
5328,Sin cobertura,2,90,2022,5460.0,5459.0
5329,Sin cobertura,2,94,2010,192.0,137.0
5330,Sin cobertura,2,94,2022,116.0,165.0
5331,Sin cobertura,3,2,2010,3848.0,4056.0
5332,Sin cobertura,3,2,2022,2647.0,2730.0
5333,Sin cobertura,3,6,2010,54241.0,54916.0
5334,Sin cobertura,3,6,2022,52266.0,53989.0
5335,Sin cobertura,3,10,2010,1574.0,1562.0
5336,Sin cobertura,3,10,2022,1622.0,1645.0
5337,Sin cobertura,3,14,2010,9808.0,9701.0
5338,Sin cobertura,3,14,2022,10910.0,11299.0
5339,Sin cobertura,3,18,2010,4440.0,4423.0
5340,Sin cobertura,3,18,2022,4722.0,4793.0
5341,Sin cobertura,3,22,2010,6317.0,6254.0
5342,Sin cobertura,3,22,2022,5999.0,6098.0
5343,Sin cobertura,3,26,2010,1175.0,1197.0
5344,Sin cobertura,3,26,2022,1199.0,1262.0
5345,Sin cobertura,3,30,2010,3929.0,4152.0
5346,Sin cobertura,3,30,2022,4464.0,4661.0
5347,Sin cobertura,3,34,2010,3176.0,3138.0
5348,Sin cobertura,3,34,2022,3348.0,3656.0
5349,Sin cobertura,3,38,2010,2791.0,2966.0
5350,Sin cobertura,3,38,2022,3152.0,3214.0
5351,Sin cobertura,3,42,2010,974.0,1008.0
5352,Sin cobertura,3,42,2022,983.0,959.0
5353,Sin cobertura,3,46,2010,1372.0,1377.0
5354,Sin cobertura,3,46,2022,1347.0,1406.0
5355,Sin cobertura,3,50,2010,6657.0,6560.0
5356,Sin cobertura,3,50,2022,6849.0,7222.0
5357,Sin cobertura,3,54,2010,5220.0,5060.0
5358,Sin cobertura,3,54,2022,6300.0,6344.0
5359,Sin cobertura,3,58,2010,1880.0,1912.0
5360,Sin cobertura,3,58,2022,1762.0,1841.0
5361,Sin cobertura,3,62,2010,1965.0,1934.0
5362,Sin cobertura,3,62,2022,1975.0,2043.0
5363,Sin cobertura,3,66,2010,6215.0,6472.0
5364,Sin cobertura,3,66,2022,6723.0,6715.0
5365,Sin cobertura,3,70,2010,3469.0,3488.0
5366,Sin cobertura,3,70,2022,3509.0,3627.0
5367,Sin cobertura,3,74,2010,1718.0,1706.0
5368,Sin cobertura,3,74,2022,1577.0,1633.0
5369,Sin cobertura,3,78,2010,384.0,440.0
5370,Sin cobertura,3,78,2022,351.0,384.0
5371,Sin cobertura,3,82,2010,9848.0,10257.0
5372,Sin cobertura,3,82,2022,9360.0,9552.0
5373,Sin cobertura,3,86,2010,5238.0,5457.0
5374,Sin cobertura,3,86,2022,6385.0,6559.0
5375,Sin cobertura,3,90,2010,5431.0,5421.0
5376,Sin cobertura,3,90,2022,5860.0,6036.0
5377,Sin cobertura,3,94,2010,170.0,178.0
5378,Sin cobertura,3,94,2022,139.0,136.0
5379,Sin cobertura,4,2,2010,3828.0,4108.0
5380,Sin cobertura,4,2,2022,3032.0,2951.0
5381,Sin cobertura,4,6,2010,51650.0,53271.0
5382,Sin cobertura,4,6,2022,54306.0,54557.0
5383,Sin cobertura,4,10,2010,1581.0,1561.0
5384,Sin cobertura,4,10,2022,1549.0,1520.0
5385,Sin cobertura,4,14,2010,9591.0,9760.0
5386,Sin cobertura,4,14,2022,11240.0,11527.0
5387,Sin cobertura,4,18,2010,4324.0,4410.0
5388,Sin cobertura,4,18,2022,4854.0,4786.0
5389,Sin cobertura,4,22,2010,6649.0,6694.0
5390,Sin cobertura,4,22,2022,5857.0,6121.0
5391,Sin cobertura,4,26,2010,1286.0,1206.0
5392,Sin cobertura,4,26,2022,1289.0,1333.0
5393,Sin cobertura,4,30,2010,4069.0,4407.0
5394,Sin cobertura,4,30,2022,4751.0,4812.0
5395,Sin cobertura,4,34,2010,3216.0,3322.0
5396,Sin cobertura,4,34,2022,3361.0,3560.0
5397,Sin cobertura,4,38,2010,2737.0,3062.0
5398,Sin cobertura,4,38,2022,3296.0,3301.0
5399,Sin cobertura,4,42,2010,1101.0,1082.0
5400,Sin cobertura,4,42,2022,1067.0,1074.0
5401,Sin cobertura,4,46,2010,1326.0,1299.0
5402,Sin cobertura,4,46,2022,1439.0,1380.0
5403,Sin cobertura,4,50,2010,6244.0,6337.0
5404,Sin cobertura,4,50,2022,7243.0,7484.0
5405,Sin cobertura,4,54,2010,5247.0,5424.0
5406,Sin cobertura,4,54,2022,6291.0,6557.0
5407,Sin cobertura,4,58,2010,1693.0,1806.0
5408,Sin cobertura,4,58,2022,1889.0,1898.0
5409,Sin cobertura,4,62,2010,1763.0,1982.0
5410,Sin cobertura,4,62,2022,2104.0,2128.0
5411,Sin cobertura,4,66,2010,6299.0,6624.0
5412,Sin cobertura,4,66,2022,6734.0,6951.0
5413,Sin cobertura,4,70,2010,3251.0,3262.0
5414,Sin cobertura,4,70,2022,3564.0,3633.0
5415,Sin cobertura,4,74,2010,2046.0,1631.0
5416,Sin cobertura,4,74,2022,1663.0,1717.0
5417,Sin cobertura,4,78,2010,421.0,384.0
5418,Sin cobertura,4,78,2022,415.0,403.0
5419,Sin cobertura,4,82,2010,9230.0,10197.0
5420,Sin cobertura,4,82,2022,9525.0,10070.0
5421,Sin cobertura,4,86,2010,5304.0,5459.0
5422,Sin cobertura,4,86,2022,6207.0,6214.0
5423,Sin cobertura,4,90,2010,5385.0,5542.0
5424,Sin cobertura,4,90,2022,5973.0,5962.0
5425,Sin cobertura,4,94,2010,250.0,194.0
5426,Sin cobertura,4,94,2022,169.0,144.0
5427,Sin cobertura,5,2,2010,3623.0,3478.0
5428,Sin cobertura,5,2,2022,3186.0,3145.0
5429,Sin cobertura,5,6,2010,52342.0,54355.0
5430,Sin cobertura,5,6,2022,55061.0,56153.0
5431,Sin cobertura,5,10,2010,1619.0,1389.0
5432,Sin cobertura,5,10,2022,1521.0,1568.0
5433,Sin cobertura,5,14,2010,9915.0,10149.0
5434,Sin cobertura,5,14,2022,11473.0,11855.0
5435,Sin cobertura,5,18,2010,4758.0,5123.0
5436,Sin cobertura,5,18,2022,4801.0,4822.0
5437,Sin cobertura,5,22,2010,7010.0,7044.0
5438,Sin cobertura,5,22,2022,5740.0,5669.0
5439,Sin cobertura,5,26,2010,1098.0,1231.0
5440,Sin cobertura,5,26,2022,1308.0,1375.0
5441,Sin cobertura,5,30,2010,4596.0,4218.0
5442,Sin cobertura,5,30,2022,4731.0,4872.0
5443,Sin cobertura,5,34,2010,3413.0,3788.0
5444,Sin cobertura,5,34,2022,3356.0,3456.0
5445,Sin cobertura,5,38,2010,2899.0,2968.0
5446,Sin cobertura,5,38,2022,3293.0,3418.0
5447,Sin cobertura,5,42,2010,902.0,962.0
5448,Sin cobertura,5,42,2022,1035.0,1096.0
5449,Sin cobertura,5,46,2010,1387.0,1517.0
5450,Sin cobertura,5,46,2022,1392.0,1472.0
5451,Sin cobertura,5,50,2010,6479.0,6810.0
5452,Sin cobertura,5,50,2022,7357.0,7605.0
5453,Sin cobertura,5,54,2010,4928.0,5440.0
5454,Sin cobertura,5,54,2022,6087.0,6414.0
5455,Sin cobertura,5,58,2010,1623.0,1752.0
5456,Sin cobertura,5,58,2022,1997.0,1914.0
5457,Sin cobertura,5,62,2010,1808.0,2040.0
5458,Sin cobertura,5,62,2022,2085.0,2169.0
5459,Sin cobertura,5,66,2010,6313.0,6617.0
5460,Sin cobertura,5,66,2022,6833.0,6868.0
5461,Sin cobertura,5,70,2010,3327.0,3273.0
5462,Sin cobertura,5,70,2022,3682.0,3673.0
5463,Sin cobertura,5,74,2010,1725.0,1773.0
5464,Sin cobertura,5,74,2022,1527.0,1743.0
5465,Sin cobertura,5,78,2010,311.0,397.0
5466,Sin cobertura,5,78,2022,420.0,390.0
5467,Sin cobertura,5,82,2010,9834.0,10059.0
5468,Sin cobertura,5,82,2022,10114.0,10225.0
5469,Sin cobertura,5,86,2010,5917.0,5697.0
5470,Sin cobertura,5,86,2022,5968.0,6181.0
5471,Sin cobertura,5,90,2010,5475.0,5916.0
5472,Sin cobertura,5,90,2022,5782.0,5873.0
5473,Sin cobertura,5,94,2010,221.0,173.0
5474,Sin cobertura,5,94,2022,178.0,162.0
5475,Sin cobertura,6,2,2010,3356.0,3480.0
5476,Sin cobertura,6,2,2022,3359.0,3149.0
5477,Sin cobertura,6,6,2010,53609.0,54421.0
5478,Sin cobertura,6,6,2022,56731.0,58184.0
5479,Sin cobertura,6,10,2010,1542.0,1673.0
5480,Sin cobertura,6,10,2022,1552.0,1571.0
5481,Sin cobertura,6,14,2010,10705.0,11006.0
5482,Sin cobertura,6,14,2022,11731.0,11995.0
5483,Sin cobertura,6,18,2010,5158.0,5508.0
5484,Sin cobertura,6,18,2022,4660.0,4937.0
5485,Sin cobertura,6,22,2010,7426.0,7022.0
5486,Sin cobertura,6,22,2022,6010.0,5782.0
5487,Sin cobertura,6,26,2010,1126.0,1187.0
5488,Sin cobertura,6,26,2022,1412.0,1403.0
5489,Sin cobertura,6,30,2010,4818.0,4723.0
5490,Sin cobertura,6,30,2022,4809.0,4960.0
5491,Sin cobertura,6,34,2010,3870.0,3775.0
5492,Sin cobertura,6,34,2022,3553.0,3683.0
5493,Sin cobertura,6,38,2010,3052.0,3114.0
5494,Sin cobertura,6,38,2022,3337.0,3325.0
5495,Sin cobertura,6,42,2010,990.0,1033.0
5496,Sin cobertura,6,42,2022,1126.0,1143.0
5497,Sin cobertura,6,46,2010,1437.0,1482.0
5498,Sin cobertura,6,46,2022,1468.0,1496.0
5499,Sin cobertura,6,50,2010,6032.0,6074.0
5500,Sin cobertura,6,50,2022,8040.0,8197.0
5501,Sin cobertura,6,54,2010,5609.0,5699.0
5502,Sin cobertura,6,54,2022,6294.0,6671.0
5503,Sin cobertura,6,58,2010,1689.0,1651.0
5504,Sin cobertura,6,58,2022,2020.0,1949.0
5505,Sin cobertura,6,62,2010,1696.0,1967.0
5506,Sin cobertura,6,62,2022,2290.0,2332.0
5507,Sin cobertura,6,66,2010,6270.0,6856.0
5508,Sin cobertura,6,66,2022,6981.0,7069.0
5509,Sin cobertura,6,70,2010,3406.0,3674.0
5510,Sin cobertura,6,70,2022,3707.0,3663.0
5511,Sin cobertura,6,74,2010,1973.0,1694.0
5512,Sin cobertura,6,74,2022,1737.0,1788.0
5513,Sin cobertura,6,78,2010,335.0,381.0
5514,Sin cobertura,6,78,2022,393.0,386.0
5515,Sin cobertura,6,82,2010,10493.0,10765.0
5516,Sin cobertura,6,82,2022,10245.0,10675.0
5517,Sin cobertura,6,86,2010,5770.0,6045.0
5518,Sin cobertura,6,86,2022,6089.0,6120.0
5519,Sin cobertura,6,90,2010,5648.0,5839.0
5520,Sin cobertura,6,90,2022,5811.0,5858.0
5521,Sin cobertura,6,94,2010,243.0,244.0
5522,Sin cobertura,6,94,2022,156.0,166.0
5523,Sin cobertura,7,2,2010,3422.0,3748.0
5524,Sin cobertura,7,2,2022,3445.0,3341.0
5525,Sin cobertura,7,6,2010,52080.0,52923.0
5526,Sin cobertura,7,6,2022,60080.0,61691.0
5527,Sin cobertura,7,10,2010,1647.0,1551.0
5528,Sin cobertura,7,10,2022,1688.0,1642.0
5529,Sin cobertura,7,14,2010,11089.0,10800.0
5530,Sin cobertura,7,14,2022,12451.0,12298.0
5531,Sin cobertura,7,18,2010,5376.0,5477.0
5532,Sin cobertura,7,18,2022,5005.0,5231.0
5533,Sin cobertura,7,22,2010,7262.0,7532.0
5534,Sin cobertura,7,22,2022,6322.0,6475.0
5535,Sin cobertura,7,26,2010,1140.0,1137.0
5536,Sin cobertura,7,26,2022,1376.0,1383.0
5537,Sin cobertura,7,30,2010,4997.0,4701.0
5538,Sin cobertura,7,30,2022,5064.0,5244.0
5539,Sin cobertura,7,34,2010,3568.0,3588.0
5540,Sin cobertura,7,34,2022,3832.0,3782.0
5541,Sin cobertura,7,38,2010,3025.0,3101.0
5542,Sin cobertura,7,38,2022,3608.0,3703.0
5543,Sin cobertura,7,42,2010,1152.0,1117.0
5544,Sin cobertura,7,42,2022,1208.0,1293.0
5545,Sin cobertura,7,46,2010,1402.0,1387.0
5546,Sin cobertura,7,46,2022,1494.0,1637.0
5547,Sin cobertura,7,50,2010,5922.0,5696.0
5548,Sin cobertura,7,50,2022,8459.0,8504.0
5549,Sin cobertura,7,54,2010,5647.0,6050.0
5550,Sin cobertura,7,54,2022,6729.0,7143.0
5551,Sin cobertura,7,58,2010,1544.0,1556.0
5552,Sin cobertura,7,58,2022,2120.0,2131.0
5553,Sin cobertura,7,62,2010,1988.0,1806.0
5554,Sin cobertura,7,62,2022,2326.0,2380.0
5555,Sin cobertura,7,66,2010,6229.0,6657.0
5556,Sin cobertura,7,66,2022,7411.0,7594.0
5557,Sin cobertura,7,70,2010,2985.0,3215.0
5558,Sin cobertura,7,70,2022,3864.0,4110.0
5559,Sin cobertura,7,74,2010,1807.0,1882.0
5560,Sin cobertura,7,74,2022,1716.0,1810.0
5561,Sin cobertura,7,78,2010,369.0,328.0
5562,Sin cobertura,7,78,2022,421.0,427.0
5563,Sin cobertura,7,82,2010,10673.0,11391.0
5564,Sin cobertura,7,82,2022,10970.0,11251.0
5565,Sin cobertura,7,86,2010,5917.0,6002.0
5566,Sin cobertura,7,86,2022,6549.0,6803.0
5567,Sin cobertura,7,90,2010,5705.0,5805.0
5568,Sin cobertura,7,90,2022,6320.0,6522.0
5569,Sin cobertura,7,94,2010,238.0,225.0
5570,Sin cobertura,7,94,2022,158.0,147.0
5571,Sin cobertura,8,2,2010,3347.0,3672.0
5572,Sin cobertura,8,2,2022,3324.0,3390.0
5573,Sin cobertura,8,6,2010,51280.0,52715.0
5574,Sin cobertura,8,6,2022,58875.0,60096.0
5575,Sin cobertura,8,10,2010,1545.0,1738.0
5576,Sin cobertura,8,10,2022,1500.0,1505.0
5577,Sin cobertura,8,14,2010,10409.0,10776.0
5578,Sin cobertura,8,14,2022,11861.0,12015.0
5579,Sin cobertura,8,18,2010,5432.0,5757.0
5580,Sin cobertura,8,18,2022,4791.0,4797.0
5581,Sin cobertura,8,22,2010,7627.0,7827.0
5582,Sin cobertura,8,22,2022,5771.0,6068.0
5583,Sin cobertura,8,26,2010,1267.0,1141.0
5584,Sin cobertura,8,26,2022,1319.0,1382.0
5585,Sin cobertura,8,30,2010,4517.0,4638.0
5586,Sin cobertura,8,30,2022,4769.0,4776.0
5587,Sin cobertura,8,34,2010,3727.0,3980.0
5588,Sin cobertura,8,34,2022,3446.0,3640.0
5589,Sin cobertura,8,38,2010,2929.0,3338.0
5590,Sin cobertura,8,38,2022,3305.0,3327.0
5591,Sin cobertura,8,42,2010,939.0,908.0
5592,Sin cobertura,8,42,2022,1164.0,1203.0
5593,Sin cobertura,8,46,2010,1322.0,1202.0
5594,Sin cobertura,8,46,2022,1525.0,1508.0
5595,Sin cobertura,8,50,2010,5620.0,6004.0
5596,Sin cobertura,8,50,2022,7778.0,8000.0
5597,Sin cobertura,8,54,2010,5897.0,6085.0
5598,Sin cobertura,8,54,2022,6279.0,6558.0
5599,Sin cobertura,8,58,2010,1623.0,1605.0
5600,Sin cobertura,8,58,2022,1937.0,1953.0
5601,Sin cobertura,8,62,2010,1992.0,1998.0
5602,Sin cobertura,8,62,2022,2223.0,2154.0
5603,Sin cobertura,8,66,2010,6790.0,7056.0
5604,Sin cobertura,8,66,2022,7090.0,7138.0
5605,Sin cobertura,8,70,2010,3307.0,3245.0
5606,Sin cobertura,8,70,2022,3822.0,3847.0
5607,Sin cobertura,8,74,2010,2014.0,1812.0
5608,Sin cobertura,8,74,2022,1661.0,1787.0
5609,Sin cobertura,8,78,2010,321.0,296.0
5610,Sin cobertura,8,78,2022,387.0,424.0
5611,Sin cobertura,8,82,2010,10213.0,10821.0
5612,Sin cobertura,8,82,2022,10380.0,10648.0
5613,Sin cobertura,8,86,2010,5769.0,6072.0
5614,Sin cobertura,8,86,2022,6103.0,5984.0
5615,Sin cobertura,8,90,2010,6082.0,6011.0
5616,Sin cobertura,8,90,2022,5879.0,5965.0
5617,Sin cobertura,8,94,2010,254.0,210.0
5618,Sin cobertura,8,94,2022,156.0,185.0
5619,Sin cobertura,9,2,2010,3464.0,3801.0
5620,Sin cobertura,9,2,2022,3349.0,3434.0
5621,Sin cobertura,9,6,2010,51386.0,54318.0
5622,Sin cobertura,9,6,2022,58599.0,59530.0
5623,Sin cobertura,9,10,2010,1649.0,1739.0
5624,Sin cobertura,9,10,2022,1424.0,1398.0
5625,Sin cobertura,9,14,2010,10602.0,10856.0
5626,Sin cobertura,9,14,2022,11795.0,12092.0
5627,Sin cobertura,9,18,2010,5456.0,5430.0
5628,Sin cobertura,9,18,2022,4638.0,4815.0
5629,Sin cobertura,9,22,2010,6749.0,7267.0
5630,Sin cobertura,9,22,2022,5860.0,5966.0
5631,Sin cobertura,9,26,2010,1095.0,1274.0
5632,Sin cobertura,9,26,2022,1398.0,1457.0
5633,Sin cobertura,9,30,2010,4967.0,4980.0
5634,Sin cobertura,9,30,2022,4674.0,4855.0
5635,Sin cobertura,9,34,2010,3753.0,3811.0
5636,Sin cobertura,9,34,2022,3570.0,3532.0
5637,Sin cobertura,9,38,2010,3201.0,3117.0
5638,Sin cobertura,9,38,2022,3363.0,3266.0
5639,Sin cobertura,9,42,2010,989.0,985.0
5640,Sin cobertura,9,42,2022,1058.0,1096.0
5641,Sin cobertura,9,46,2010,1492.0,1185.0
5642,Sin cobertura,9,46,2022,1472.0,1479.0
5643,Sin cobertura,9,50,2010,5716.0,5895.0
5644,Sin cobertura,9,50,2022,7679.0,7735.0
5645,Sin cobertura,9,54,2010,6076.0,6203.0
5646,Sin cobertura,9,54,2022,6249.0,6545.0
5647,Sin cobertura,9,58,2010,1629.0,1803.0
5648,Sin cobertura,9,58,2022,1914.0,1935.0
5649,Sin cobertura,9,62,2010,2141.0,2037.0
5650,Sin cobertura,9,62,2022,2138.0,2200.0
5651,Sin cobertura,9,66,2010,6298.0,6816.0
5652,Sin cobertura,9,66,2022,6827.0,7008.0
5653,Sin cobertura,9,70,2010,2945.0,3240.0
5654,Sin cobertura,9,70,2022,3650.0,3615.0
5655,Sin cobertura,9,74,2010,1741.0,2041.0
5656,Sin cobertura,9,74,2022,1602.0,1718.0
5657,Sin cobertura,9,78,2010,312.0,336.0
5658,Sin cobertura,9,78,2022,361.0,368.0
5659,Sin cobertura,9,82,2010,10268.0,10854.0
5660,Sin cobertura,9,82,2022,9972.0,10343.0
5661,Sin cobertura,9,86,2010,5808.0,5955.0
5662,Sin cobertura,9,86,2022,5898.0,6142.0
5663,Sin cobertura,9,90,2010,5947.0,5882.0
5664,Sin cobertura,9,90,2022,5537.0,5607.0
5665,Sin cobertura,9,94,2010,237.0,274.0
5666,Sin cobertura,9,94,2022,151.0,145.0
5667,Sin cobertura,10,2,2010,3325.0,3874.0
5668,Sin cobertura,10,2,2022,3468.0,3255.0
5669,Sin cobertura,10,6,2010,54978.0,55835.0
5670,Sin cobertura,10,6,2022,57417.0,58969.0
5671,Sin cobertura,10,10,2010,1629.0,1852.0
5672,Sin cobertura,10,10,2022,1410.0,1431.0
5673,Sin cobertura,10,14,2010,11559.0,11038.0
5674,Sin cobertura,10,14,2022,11138.0,11871.0
5675,Sin cobertura,10,18,2010,5760.0,6124.0
5676,Sin cobertura,10,18,2022,4495.0,4749.0
5677,Sin cobertura,10,22,2010,7278.0,7699.0
5678,Sin cobertura,10,22,2022,5604.0,5738.0
5679,Sin cobertura,10,26,2010,1420.0,1381.0
5680,Sin cobertura,10,26,2022,1245.0,1282.0
5681,Sin cobertura,10,30,2010,5371.0,5174.0
5682,Sin cobertura,10,30,2022,4396.0,4694.0
5683,Sin cobertura,10,34,2010,3947.0,4017.0
5684,Sin cobertura,10,34,2022,3401.0,3520.0
5685,Sin cobertura,10,38,2010,3354.0,3675.0
5686,Sin cobertura,10,38,2022,3255.0,3310.0
5687,Sin cobertura,10,42,2010,996.0,1123.0
5688,Sin cobertura,10,42,2022,1096.0,1147.0
5689,Sin cobertura,10,46,2010,1545.0,1341.0
5690,Sin cobertura,10,46,2022,1276.0,1434.0
5691,Sin cobertura,10,50,2010,6434.0,6299.0
5692,Sin cobertura,10,50,2022,7167.0,7482.0
5693,Sin cobertura,10,54,2010,6384.0,6680.0
5694,Sin cobertura,10,54,2022,6233.0,6379.0
5695,Sin cobertura,10,58,2010,1830.0,1702.0
5696,Sin cobertura,10,58,2022,1826.0,1824.0
5697,Sin cobertura,10,62,2010,2194.0,2068.0
5698,Sin cobertura,10,62,2022,2157.0,2193.0
5699,Sin cobertura,10,66,2010,6816.0,7131.0
5700,Sin cobertura,10,66,2022,6527.0,6645.0
5701,Sin cobertura,10,70,2010,3348.0,3212.0
5702,Sin cobertura,10,70,2022,3517.0,3511.0
5703,Sin cobertura,10,74,2010,1836.0,2225.0
5704,Sin cobertura,10,74,2022,1643.0,1675.0
5705,Sin cobertura,10,78,2010,304.0,323.0
5706,Sin cobertura,10,78,2022,363.0,385.0
5707,Sin cobertura,10,82,2010,11187.0,11371.0
5708,Sin cobertura,10,82,2022,9699.0,9944.0
5709,Sin cobertura,10,86,2010,6184.0,6739.0
5710,Sin cobertura,10,86,2022,5949.0,5985.0
5711,Sin cobertura,10,90,2010,6176.0,6348.0
5712,Sin cobertura,10,90,2022,5070.0,5275.0
5713,Sin cobertura,10,94,2010,256.0,214.0
5714,Sin cobertura,10,94,2022,129.0,162.0
5715,Sin cobertura,11,2,2010,3425.0,3509.0
5716,Sin cobertura,11,2,2022,3347.0,3480.0
5717,Sin cobertura,11,6,2010,51794.0,53281.0
5718,Sin cobertura,11,6,2022,56827.0,57966.0
5719,Sin cobertura,11,10,2010,1641.0,1602.0
5720,Sin cobertura,11,10,2022,1500.0,1555.0
5721,Sin cobertura,11,14,2010,11270.0,11260.0
5722,Sin cobertura,11,14,2022,11719.0,11900.0
5723,Sin cobertura,11,18,2010,5723.0,5871.0
5724,Sin cobertura,11,18,2022,4779.0,5032.0
5725,Sin cobertura,11,22,2010,7707.0,8331.0
5726,Sin cobertura,11,22,2022,5892.0,6060.0
5727,Sin cobertura,11,26,2010,1090.0,1106.0
5728,Sin cobertura,11,26,2022,1316.0,1328.0
5729,Sin cobertura,11,30,2010,4915.0,5027.0
5730,Sin cobertura,11,30,2022,4532.0,4529.0
5731,Sin cobertura,11,34,2010,4016.0,3950.0
5732,Sin cobertura,11,34,2022,3579.0,3652.0
5733,Sin cobertura,11,38,2010,3344.0,3341.0
5734,Sin cobertura,11,38,2022,3147.0,3347.0
5735,Sin cobertura,11,42,2010,1090.0,1144.0
5736,Sin cobertura,11,42,2022,1110.0,1080.0
5737,Sin cobertura,11,46,2010,1311.0,1358.0
5738,Sin cobertura,11,46,2022,1337.0,1402.0
5739,Sin cobertura,11,50,2010,6268.0,6338.0
5740,Sin cobertura,11,50,2022,7442.0,7709.0
5741,Sin cobertura,11,54,2010,6258.0,6341.0
5742,Sin cobertura,11,54,2022,6514.0,6624.0
5743,Sin cobertura,11,58,2010,1632.0,1917.0
5744,Sin cobertura,11,58,2022,1931.0,1963.0
5745,Sin cobertura,11,62,2010,1874.0,2157.0
5746,Sin cobertura,11,62,2022,2065.0,2244.0
5747,Sin cobertura,11,66,2010,7007.0,7001.0
5748,Sin cobertura,11,66,2022,6889.0,6903.0
5749,Sin cobertura,11,70,2010,3166.0,3204.0
5750,Sin cobertura,11,70,2022,3393.0,3433.0
5751,Sin cobertura,11,74,2010,2161.0,2000.0
5752,Sin cobertura,11,74,2022,1738.0,1735.0
5753,Sin cobertura,11,78,2010,308.0,312.0
5754,Sin cobertura,11,78,2022,385.0,383.0
5755,Sin cobertura,11,82,2010,10909.0,11030.0
5756,Sin cobertura,11,82,2022,9876.0,10325.0
5757,Sin cobertura,11,86,2010,6100.0,6345.0
5758,Sin cobertura,11,86,2022,6123.0,6374.0
5759,Sin cobertura,11,90,2010,6032.0,6222.0
5760,Sin cobertura,11,90,2022,5326.0,5483.0
5761,Sin cobertura,11,94,2010,273.0,208.0
5762,Sin cobertura,11,94,2022,167.0,149.0
5763,Sin cobertura,12,2,2010,3599.0,3733.0
5764,Sin cobertura,12,2,2022,3413.0,3619.0
5765,Sin cobertura,12,6,2010,53606.0,54997.0
5766,Sin cobertura,12,6,2022,57841.0,58940.0
5767,Sin cobertura,12,10,2010,1652.0,1624.0
5768,Sin cobertura,12,10,2022,1396.0,1414.0
5769,Sin cobertura,12,14,2010,11076.0,10974.0
5770,Sin cobertura,12,14,2022,11987.0,12246.0
5771,Sin cobertura,12,18,2010,5880.0,5538.0
5772,Sin cobertura,12,18,2022,4797.0,5135.0
5773,Sin cobertura,12,22,2010,7761.0,7975.0
5774,Sin cobertura,12,22,2022,5627.0,5685.0
5775,Sin cobertura,12,26,2010,1383.0,1347.0
5776,Sin cobertura,12,26,2022,1287.0,1362.0
5777,Sin cobertura,12,30,2010,4736.0,5156.0
5778,Sin cobertura,12,30,2022,4415.0,4594.0
5779,Sin cobertura,12,34,2010,4109.0,3937.0
5780,Sin cobertura,12,34,2022,3386.0,3506.0
5781,Sin cobertura,12,38,2010,3129.0,3291.0
5782,Sin cobertura,12,38,2022,3244.0,3255.0
5783,Sin cobertura,12,42,2010,992.0,1074.0
5784,Sin cobertura,12,42,2022,1134.0,1061.0
5785,Sin cobertura,12,46,2010,1235.0,1213.0
5786,Sin cobertura,12,46,2022,1271.0,1314.0
5787,Sin cobertura,12,50,2010,6322.0,6745.0
5788,Sin cobertura,12,50,2022,7469.0,7618.0
5789,Sin cobertura,12,54,2010,6095.0,6300.0
5790,Sin cobertura,12,54,2022,6250.0,6447.0
5791,Sin cobertura,12,58,2010,1731.0,1682.0
5792,Sin cobertura,12,58,2022,1791.0,1814.0
5793,Sin cobertura,12,62,2010,2070.0,2141.0
5794,Sin cobertura,12,62,2022,2073.0,2173.0
5795,Sin cobertura,12,66,2010,6422.0,6916.0
5796,Sin cobertura,12,66,2022,6727.0,6705.0
5797,Sin cobertura,12,70,2010,3191.0,3330.0
5798,Sin cobertura,12,70,2022,3340.0,3498.0
5799,Sin cobertura,12,74,2010,1901.0,2043.0
5800,Sin cobertura,12,74,2022,1806.0,1650.0
5801,Sin cobertura,12,78,2010,319.0,290.0
5802,Sin cobertura,12,78,2022,354.0,357.0
5803,Sin cobertura,12,82,2010,10762.0,11032.0
5804,Sin cobertura,12,82,2022,9927.0,10210.0
5805,Sin cobertura,12,86,2010,5833.0,6241.0
5806,Sin cobertura,12,86,2022,6254.0,6314.0
5807,Sin cobertura,12,90,2010,5581.0,6029.0
5808,Sin cobertura,12,90,2022,5177.0,5225.0
5809,Sin cobertura,12,94,2010,269.0,273.0
5810,Sin cobertura,12,94,2022,128.0,147.0
5811,Sin cobertura,13,2,2010,3439.0,3281.0
5812,Sin cobertura,13,2,2022,3305.0,3441.0
5813,Sin cobertura,13,6,2010,53288.0,54002.0
5814,Sin cobertura,13,6,2022,56127.0,57815.0
5815,Sin cobertura,13,10,2010,1450.0,1481.0
5816,Sin cobertura,13,10,2022,1326.0,1381.0
5817,Sin cobertura,13,14,2010,10833.0,10858.0
5818,Sin cobertura,13,14,2022,12085.0,12145.0
5819,Sin cobertura,13,18,2010,5448.0,5380.0
5820,Sin cobertura,13,18,2022,4848.0,4786.0
5821,Sin cobertura,13,22,2010,7364.0,7635.0
5822,Sin cobertura,13,22,2022,5454.0,5562.0
5823,Sin cobertura,13,26,2010,1329.0,1419.0
5824,Sin cobertura,13,26,2022,1326.0,1337.0
5825,Sin cobertura,13,30,2010,4721.0,4895.0
5826,Sin cobertura,13,30,2022,4360.0,4590.0
5827,Sin cobertura,13,34,2010,3805.0,3778.0
5828,Sin cobertura,13,34,2022,3620.0,3637.0
5829,Sin cobertura,13,38,2010,3083.0,3053.0
5830,Sin cobertura,13,38,2022,3096.0,3054.0
5831,Sin cobertura,13,42,2010,1007.0,1150.0
5832,Sin cobertura,13,42,2022,1095.0,1036.0
5833,Sin cobertura,13,46,2010,1304.0,1215.0
5834,Sin cobertura,13,46,2022,1310.0,1335.0
5835,Sin cobertura,13,50,2010,6259.0,6462.0
5836,Sin cobertura,13,50,2022,7202.0,7404.0
5837,Sin cobertura,13,54,2010,5854.0,5821.0
5838,Sin cobertura,13,54,2022,5935.0,6115.0
5839,Sin cobertura,13,58,2010,1746.0,1659.0
5840,Sin cobertura,13,58,2022,1843.0,1899.0
5841,Sin cobertura,13,62,2010,2013.0,2068.0
5842,Sin cobertura,13,62,2022,2035.0,2172.0
5843,Sin cobertura,13,66,2010,6451.0,6432.0
5844,Sin cobertura,13,66,2022,6200.0,6382.0
5845,Sin cobertura,13,70,2010,2851.0,3012.0
5846,Sin cobertura,13,70,2022,3393.0,3482.0
5847,Sin cobertura,13,74,2010,2038.0,2079.0
5848,Sin cobertura,13,74,2022,1788.0,1832.0
5849,Sin cobertura,13,78,2010,313.0,310.0
5850,Sin cobertura,13,78,2022,377.0,359.0
5851,Sin cobertura,13,82,2010,10524.0,10955.0
5852,Sin cobertura,13,82,2022,9978.0,10280.0
5853,Sin cobertura,13,86,2010,5519.0,5920.0
5854,Sin cobertura,13,86,2022,6358.0,6494.0
5855,Sin cobertura,13,90,2010,5604.0,5676.0
5856,Sin cobertura,13,90,2022,4924.0,5176.0
5857,Sin cobertura,13,94,2010,251.0,215.0
5858,Sin cobertura,13,94,2022,168.0,146.0
5859,Sin cobertura,14,2,2010,3751.0,3800.0
5860,Sin cobertura,14,2,2022,3308.0,3354.0
5861,Sin cobertura,14,6,2010,57528.0,60223.0
5862,Sin cobertura,14,6,2022,55601.0,56761.0
5863,Sin cobertura,14,10,2010,1595.0,1665.0
5864,Sin cobertura,14,10,2022,1430.0,1439.0
5865,Sin cobertura,14,14,2010,12419.0,12196.0
5866,Sin cobertura,14,14,2022,11512.0,11729.0
5867,Sin cobertura,14,18,2010,6010.0,6292.0
5868,Sin cobertura,14,18,2022,4555.0,4712.0
5869,Sin cobertura,14,22,2010,7987.0,8328.0
5870,Sin cobertura,14,22,2022,5173.0,5244.0
5871,Sin cobertura,14,26,2010,1250.0,1303.0
5872,Sin cobertura,14,26,2022,1240.0,1368.0
5873,Sin cobertura,14,30,2010,5073.0,5646.0
5874,Sin cobertura,14,30,2022,4257.0,4398.0
5875,Sin cobertura,14,34,2010,4225.0,4549.0
5876,Sin cobertura,14,34,2022,3185.0,3257.0
5877,Sin cobertura,14,38,2010,3643.0,3600.0
5878,Sin cobertura,14,38,2022,3087.0,2989.0
5879,Sin cobertura,14,42,2010,956.0,1147.0
5880,Sin cobertura,14,42,2022,1087.0,1045.0
5881,Sin cobertura,14,46,2010,1299.0,1665.0
5882,Sin cobertura,14,46,2022,1261.0,1324.0
5883,Sin cobertura,14,50,2010,6918.0,7066.0
5884,Sin cobertura,14,50,2022,6963.0,7227.0
5885,Sin cobertura,14,54,2010,6466.0,6720.0
5886,Sin cobertura,14,54,2022,5595.0,5798.0
5887,Sin cobertura,14,58,2010,1794.0,1885.0
5888,Sin cobertura,14,58,2022,1744.0,1870.0
5889,Sin cobertura,14,62,2010,2166.0,2261.0
5890,Sin cobertura,14,62,2022,2005.0,2174.0
5891,Sin cobertura,14,66,2010,7038.0,7087.0
5892,Sin cobertura,14,66,2022,6137.0,6317.0
5893,Sin cobertura,14,70,2010,3160.0,3019.0
5894,Sin cobertura,14,70,2022,3390.0,3476.0
5895,Sin cobertura,14,74,2010,2333.0,2289.0
5896,Sin cobertura,14,74,2022,1695.0,1793.0
5897,Sin cobertura,14,78,2010,345.0,324.0
5898,Sin cobertura,14,78,2022,365.0,369.0
5899,Sin cobertura,14,82,2010,11645.0,11855.0
5900,Sin cobertura,14,82,2022,9556.0,10017.0
5901,Sin cobertura,14,86,2010,6206.0,6582.0
5902,Sin cobertura,14,86,2022,5576.0,5555.0
5903,Sin cobertura,14,90,2010,5880.0,6411.0
5904,Sin cobertura,14,90,2022,4761.0,4850.0
5905,Sin cobertura,14,94,2010,267.0,260.0
5906,Sin cobertura,14,94,2022,173.0,155.0
5907,Sin cobertura,15,2,2010,3715.0,3845.0
5908,Sin cobertura,15,2,2022,3187.0,3286.0
5909,Sin cobertura,15,6,2010,58983.0,59671.0
5910,Sin cobertura,15,6,2022,53624.0,54424.0
5911,Sin cobertura,15,10,2010,1539.0,1563.0
5912,Sin cobertura,15,10,2022,1383.0,1381.0
5913,Sin cobertura,15,14,2010,11415.0,11761.0
5914,Sin cobertura,15,14,2022,11171.0,11635.0
5915,Sin cobertura,15,18,2010,6001.0,5919.0
5916,Sin cobertura,15,18,2022,4584.0,4587.0
5917,Sin cobertura,15,22,2010,7928.0,7847.0
5918,Sin cobertura,15,22,2022,5271.0,5144.0
5919,Sin cobertura,15,26,2010,1356.0,1243.0
5920,Sin cobertura,15,26,2022,1237.0,1226.0
5921,Sin cobertura,15,30,2010,4942.0,4991.0
5922,Sin cobertura,15,30,2022,4303.0,4221.0
5923,Sin cobertura,15,34,2010,4120.0,3943.0
5924,Sin cobertura,15,34,2022,3206.0,3281.0
5925,Sin cobertura,15,38,2010,3334.0,3489.0
5926,Sin cobertura,15,38,2022,2896.0,2966.0
5927,Sin cobertura,15,42,2010,1020.0,1089.0
5928,Sin cobertura,15,42,2022,1022.0,1090.0
5929,Sin cobertura,15,46,2010,1413.0,1517.0
5930,Sin cobertura,15,46,2022,1232.0,1281.0
5931,Sin cobertura,15,50,2010,7224.0,7174.0
5932,Sin cobertura,15,50,2022,6887.0,7052.0
5933,Sin cobertura,15,54,2010,6121.0,6336.0
5934,Sin cobertura,15,54,2022,5584.0,5771.0
5935,Sin cobertura,15,58,2010,1744.0,1757.0
5936,Sin cobertura,15,58,2022,1741.0,1638.0
5937,Sin cobertura,15,62,2010,2104.0,2361.0
5938,Sin cobertura,15,62,2022,1967.0,1988.0
5939,Sin cobertura,15,66,2010,6560.0,6999.0
5940,Sin cobertura,15,66,2022,6008.0,6084.0
5941,Sin cobertura,15,70,2010,3201.0,3299.0
5942,Sin cobertura,15,70,2022,3451.0,3451.0
5943,Sin cobertura,15,74,2010,2148.0,2351.0
5944,Sin cobertura,15,74,2022,1780.0,1764.0
5945,Sin cobertura,15,78,2010,273.0,323.0
5946,Sin cobertura,15,78,2022,374.0,357.0
5947,Sin cobertura,15,82,2010,11836.0,11511.0
5948,Sin cobertura,15,82,2022,9326.0,9704.0
5949,Sin cobertura,15,86,2010,5799.0,5848.0
5950,Sin cobertura,15,86,2022,5454.0,5674.0
5951,Sin cobertura,15,90,2010,5662.0,6000.0
5952,Sin cobertura,15,90,2022,4764.0,4675.0
5953,Sin cobertura,15,94,2010,230.0,275.0
5954,Sin cobertura,15,94,2022,152.0,150.0
5955,Sin cobertura,16,2,2010,3702.0,3718.0
5956,Sin cobertura,16,2,2022,3306.0,3439.0
5957,Sin cobertura,16,6,2010,56530.0,58222.0
5958,Sin cobertura,16,6,2022,52961.0,53576.0
5959,Sin cobertura,16,10,2010,1348.0,1398.0
5960,Sin cobertura,16,10,2022,1354.0,1384.0
5961,Sin cobertura,16,14,2010,11486.0,12304.0
5962,Sin cobertura,16,14,2022,11121.0,11555.0
5963,Sin cobertura,16,18,2010,5577.0,5540.0
5964,Sin cobertura,16,18,2022,4687.0,4814.0
5965,Sin cobertura,16,22,2010,7326.0,7464.0
5966,Sin cobertura,16,22,2022,5521.0,5627.0
5967,Sin cobertura,16,26,2010,1348.0,1321.0
5968,Sin cobertura,16,26,2022,1220.0,1208.0
5969,Sin cobertura,16,30,2010,4818.0,4866.0
5970,Sin cobertura,16,30,2022,4171.0,4278.0
5971,Sin cobertura,16,34,2010,3622.0,3830.0
5972,Sin cobertura,16,34,2022,3099.0,3288.0
5973,Sin cobertura,16,38,2010,3058.0,3314.0
5974,Sin cobertura,16,38,2022,2995.0,3048.0
5975,Sin cobertura,16,42,2010,1100.0,994.0
5976,Sin cobertura,16,42,2022,1047.0,1035.0
5977,Sin cobertura,16,46,2010,1383.0,1353.0
5978,Sin cobertura,16,46,2022,1343.0,1351.0
5979,Sin cobertura,16,50,2010,7120.0,7134.0
5980,Sin cobertura,16,50,2022,6901.0,7034.0
5981,Sin cobertura,16,54,2010,5578.0,5870.0
5982,Sin cobertura,16,54,2022,5455.0,5770.0
5983,Sin cobertura,16,58,2010,1693.0,1737.0
5984,Sin cobertura,16,58,2022,1625.0,1744.0
5985,Sin cobertura,16,62,2010,2153.0,2110.0
5986,Sin cobertura,16,62,2022,1923.0,1986.0
5987,Sin cobertura,16,66,2010,6812.0,6808.0
5988,Sin cobertura,16,66,2022,6151.0,6277.0
5989,Sin cobertura,16,70,2010,3063.0,2986.0
5990,Sin cobertura,16,70,2022,3427.0,3649.0
5991,Sin cobertura,16,74,2010,1872.0,1944.0
5992,Sin cobertura,16,74,2022,1733.0,1744.0
5993,Sin cobertura,16,78,2010,353.0,440.0
5994,Sin cobertura,16,78,2022,335.0,386.0
5995,Sin cobertura,16,82,2010,11298.0,11519.0
5996,Sin cobertura,16,82,2022,9339.0,9572.0
5997,Sin cobertura,16,86,2010,5393.0,5417.0
5998,Sin cobertura,16,86,2022,5580.0,5790.0
5999,Sin cobertura,16,90,2010,5689.0,5405.0
6000,Sin cobertura,16,90,2022,4724.0,4862.0
6001,Sin cobertura,16,94,2010,199.0,148.0
6002,Sin cobertura,16,94,2022,158.0,175.0
6003,Sin cobertura,17,2,2010,4054.0,3955.0
6004,Sin cobertura,17,2,2022,3647.0,3459.0
6005,Sin cobertura,17,6,2010,54387.0,57871.0
6006,Sin cobertura,17,6,2022,55660.0,56297.0
6007,Sin cobertura,17,10,2010,1506.0,1521.0
6008,Sin cobertura,17,10,2022,1408.0,1561.0
6009,Sin cobertura,17,14,2010,11415.0,12130.0
6010,Sin cobertura,17,14,2022,11999.0,12156.0
6011,Sin cobertura,17,18,2010,5437.0,5445.0
6012,Sin cobertura,17,18,2022,5258.0,5555.0
6013,Sin cobertura,17,22,2010,7073.0,6960.0
6014,Sin cobertura,17,22,2022,5943.0,6079.0
6015,Sin cobertura,17,26,2010,1348.0,1438.0
6016,Sin cobertura,17,26,2022,1196.0,1346.0
6017,Sin cobertura,17,30,2010,4787.0,4954.0
6018,Sin cobertura,17,30,2022,4640.0,4727.0
6019,Sin cobertura,17,34,2010,3490.0,3565.0
6020,Sin cobertura,17,34,2022,3424.0,3579.0
6021,Sin cobertura,17,38,2010,3174.0,3074.0
6022,Sin cobertura,17,38,2022,3201.0,3355.0
6023,Sin cobertura,17,42,2010,930.0,1098.0
6024,Sin cobertura,17,42,2022,997.0,1121.0
6025,Sin cobertura,17,46,2010,1241.0,1417.0
6026,Sin cobertura,17,46,2022,1360.0,1369.0
6027,Sin cobertura,17,50,2010,6582.0,6962.0
6028,Sin cobertura,17,50,2022,6874.0,6920.0
6029,Sin cobertura,17,54,2010,5699.0,5818.0
6030,Sin cobertura,17,54,2022,5702.0,5989.0
6031,Sin cobertura,17,58,2010,2074.0,1708.0
6032,Sin cobertura,17,58,2022,1621.0,1783.0
6033,Sin cobertura,17,62,2010,2214.0,2436.0
6034,Sin cobertura,17,62,2022,1962.0,2067.0
6035,Sin cobertura,17,66,2010,6080.0,6487.0
6036,Sin cobertura,17,66,2022,6484.0,6612.0
6037,Sin cobertura,17,70,2010,2839.0,3009.0
6038,Sin cobertura,17,70,2022,3550.0,3689.0
6039,Sin cobertura,17,74,2010,1861.0,1992.0
6040,Sin cobertura,17,74,2022,1865.0,1869.0
6041,Sin cobertura,17,78,2010,287.0,397.0
6042,Sin cobertura,17,78,2022,364.0,414.0
6043,Sin cobertura,17,82,2010,11150.0,11409.0
6044,Sin cobertura,17,82,2022,9660.0,10095.0
6045,Sin cobertura,17,86,2010,5153.0,5328.0
6046,Sin cobertura,17,86,2022,6281.0,6331.0
6047,Sin cobertura,17,90,2010,5272.0,5910.0
6048,Sin cobertura,17,90,2022,5096.0,5335.0
6049,Sin cobertura,17,94,2010,282.0,253.0
6050,Sin cobertura,17,94,2022,179.0,188.0
6051,Sin cobertura,18,2,2010,4764.0,4730.0
6052,Sin cobertura,18,2,2022,4356.0,4060.0
6053,Sin cobertura,18,6,2010,61816.0,64480.0
6054,Sin cobertura,18,6,2022,58228.0,59670.0
6055,Sin cobertura,18,10,2010,1333.0,1617.0
6056,Sin cobertura,18,10,2022,1476.0,1579.0
6057,Sin cobertura,18,14,2010,12378.0,12915.0
6058,Sin cobertura,18,14,2022,12864.0,13068.0
6059,Sin cobertura,18,18,2010,5932.0,6318.0
6060,Sin cobertura,18,18,2022,5634.0,6106.0
6061,Sin cobertura,18,22,2010,7635.0,8506.0
6062,Sin cobertura,18,22,2022,6366.0,6452.0
6063,Sin cobertura,18,26,2010,1254.0,1543.0
6064,Sin cobertura,18,26,2022,1322.0,1389.0
6065,Sin cobertura,18,30,2010,4724.0,5102.0
6066,Sin cobertura,18,30,2022,4816.0,5001.0
6067,Sin cobertura,18,34,2010,3733.0,4034.0
6068,Sin cobertura,18,34,2022,3551.0,3747.0
6069,Sin cobertura,18,38,2010,3310.0,3628.0
6070,Sin cobertura,18,38,2022,3133.0,3287.0
6071,Sin cobertura,18,42,2010,1141.0,1144.0
6072,Sin cobertura,18,42,2022,1004.0,1041.0
6073,Sin cobertura,18,46,2010,1557.0,1269.0
6074,Sin cobertura,18,46,2022,1476.0,1438.0
6075,Sin cobertura,18,50,2010,7327.0,7709.0
6076,Sin cobertura,18,50,2022,6457.0,6579.0
6077,Sin cobertura,18,54,2010,5692.0,5948.0
6078,Sin cobertura,18,54,2022,6175.0,6202.0
6079,Sin cobertura,18,58,2010,2107.0,2279.0
6080,Sin cobertura,18,58,2022,1677.0,1848.0
6081,Sin cobertura,18,62,2010,2481.0,2524.0
6082,Sin cobertura,18,62,2022,2097.0,2292.0
6083,Sin cobertura,18,66,2010,6532.0,7295.0
6084,Sin cobertura,18,66,2022,6441.0,6697.0
6085,Sin cobertura,18,70,2010,3277.0,3263.0
6086,Sin cobertura,18,70,2022,3461.0,3658.0
6087,Sin cobertura,18,74,2010,2059.0,2187.0
6088,Sin cobertura,18,74,2022,2185.0,2501.0
6089,Sin cobertura,18,78,2010,573.0,552.0
6090,Sin cobertura,18,78,2022,486.0,536.0
6091,Sin cobertura,18,82,2010,11823.0,11730.0
6092,Sin cobertura,18,82,2022,10805.0,11030.0
6093,Sin cobertura,18,86,2010,5688.0,5788.0
6094,Sin cobertura,18,86,2022,6322.0,6514.0
6095,Sin cobertura,18,90,2010,5611.0,5981.0
6096,Sin cobertura,18,90,2022,5379.0,5421.0
6097,Sin cobertura,18,94,2010,326.0,382.0
6098,Sin cobertura,18,94,2022,253.0,216.0
6099,Sin cobertura,19,2,2010,5512.0,4850.0
6100,Sin cobertura,19,2,2022,4673.0,4407.0
6101,Sin cobertura,19,6,2010,63893.0,64876.0
6102,Sin cobertura,19,6,2022,57314.0,57912.0
6103,Sin cobertura,19,10,2010,1448.0,1633.0
6104,Sin cobertura,19,10,2022,1615.0,1666.0
6105,Sin cobertura,19,14,2010,12530.0,12797.0
6106,Sin cobertura,19,14,2022,13372.0,13316.0
6107,Sin cobertura,19,18,2010,5993.0,6114.0
6108,Sin cobertura,19,18,2022,5941.0,5908.0
6109,Sin cobertura,19,22,2010,7714.0,7894.0
6110,Sin cobertura,19,22,2022,6287.0,6574.0
6111,Sin cobertura,19,26,2010,1587.0,1825.0
6112,Sin cobertura,19,26,2022,1378.0,1507.0
6113,Sin cobertura,19,30,2010,5142.0,5388.0
6114,Sin cobertura,19,30,2022,5036.0,5288.0
6115,Sin cobertura,19,34,2010,3343.0,3516.0
6116,Sin cobertura,19,34,2022,3541.0,3491.0
6117,Sin cobertura,19,38,2010,3020.0,3201.0
6118,Sin cobertura,19,38,2022,3395.0,3530.0
6119,Sin cobertura,19,42,2010,1168.0,1107.0
6120,Sin cobertura,19,42,2022,1069.0,1123.0
6121,Sin cobertura,19,46,2010,1293.0,1427.0
6122,Sin cobertura,19,46,2022,1627.0,1644.0
6123,Sin cobertura,19,50,2010,7399.0,7780.0
6124,Sin cobertura,19,50,2022,6511.0,6543.0
6125,Sin cobertura,19,54,2010,6142.0,5810.0
6126,Sin cobertura,19,54,2022,6212.0,6184.0
6127,Sin cobertura,19,58,2010,2404.0,2746.0
6128,Sin cobertura,19,58,2022,1876.0,1915.0
6129,Sin cobertura,19,62,2010,2237.0,2773.0
6130,Sin cobertura,19,62,2022,2184.0,2379.0
6131,Sin cobertura,19,66,2010,6565.0,6622.0
6132,Sin cobertura,19,66,2022,6971.0,7021.0
6133,Sin cobertura,19,70,2010,3139.0,3478.0
6134,Sin cobertura,19,70,2022,3602.0,3668.0
6135,Sin cobertura,19,74,2010,1913.0,2179.0
6136,Sin cobertura,19,74,2022,2349.0,2433.0
6137,Sin cobertura,19,78,2010,656.0,895.0
6138,Sin cobertura,19,78,2022,534.0,587.0
6139,Sin cobertura,19,82,2010,12227.0,12411.0
6140,Sin cobertura,19,82,2022,11612.0,11286.0
6141,Sin cobertura,19,86,2010,5338.0,5876.0
6142,Sin cobertura,19,86,2022,6805.0,6825.0
6143,Sin cobertura,19,90,2010,5842.0,6208.0
6144,Sin cobertura,19,90,2022,5785.0,6030.0
6145,Sin cobertura,19,94,2010,227.0,387.0
6146,Sin cobertura,19,94,2022,257.0,311.0
6147,Sin cobertura,20,2,2010,6217.0,5709.0
6148,Sin cobertura,20,2,2022,4990.0,4745.0
6149,Sin cobertura,20,6,2010,63338.0,64957.0
6150,Sin cobertura,20,6,2022,57383.0,56939.0
6151,Sin cobertura,20,10,2010,1340.0,1584.0
6152,Sin cobertura,20,10,2022,1721.0,1900.0
6153,Sin cobertura,20,14,2010,11655.0,12398.0
6154,Sin cobertura,20,14,2022,12653.0,12652.0
6155,Sin cobertura,20,18,2010,5479.0,5417.0
6156,Sin cobertura,20,18,2022,5825.0,5916.0
6157,Sin cobertura,20,22,2010,6744.0,7439.0
6158,Sin cobertura,20,22,2022,6466.0,6702.0
6159,Sin cobertura,20,26,2010,1449.0,1631.0
6160,Sin cobertura,20,26,2022,1459.0,1521.0
6161,Sin cobertura,20,30,2010,4953.0,5032.0
6162,Sin cobertura,20,30,2022,4954.0,5133.0
6163,Sin cobertura,20,34,2010,2946.0,3172.0
6164,Sin cobertura,20,34,2022,3423.0,3321.0
6165,Sin cobertura,20,38,2010,2833.0,2931.0
6166,Sin cobertura,20,38,2022,3476.0,3619.0
6167,Sin cobertura,20,42,2010,999.0,1009.0
6168,Sin cobertura,20,42,2022,1038.0,1008.0
6169,Sin cobertura,20,46,2010,1326.0,1467.0
6170,Sin cobertura,20,46,2022,1656.0,1551.0
6171,Sin cobertura,20,50,2010,6851.0,7535.0
6172,Sin cobertura,20,50,2022,6631.0,6760.0
6173,Sin cobertura,20,54,2010,5147.0,5302.0
6174,Sin cobertura,20,54,2022,6153.0,6022.0
6175,Sin cobertura,20,58,2010,2568.0,2592.0
6176,Sin cobertura,20,58,2022,2027.0,2065.0
6177,Sin cobertura,20,62,2010,2323.0,2707.0
6178,Sin cobertura,20,62,2022,2241.0,2455.0
6179,Sin cobertura,20,66,2010,5980.0,5980.0
6180,Sin cobertura,20,66,2022,6857.0,6972.0
6181,Sin cobertura,20,70,2010,2887.0,3201.0
6182,Sin cobertura,20,70,2022,3564.0,3688.0
6183,Sin cobertura,20,74,2010,1991.0,2082.0
6184,Sin cobertura,20,74,2022,2195.0,2543.0
6185,Sin cobertura,20,78,2010,607.0,839.0
6186,Sin cobertura,20,78,2022,601.0,735.0
6187,Sin cobertura,20,82,2010,11482.0,11597.0
6188,Sin cobertura,20,82,2022,10281.0,9730.0
6189,Sin cobertura,20,86,2010,4654.0,5461.0
6190,Sin cobertura,20,86,2022,6835.0,6527.0
6191,Sin cobertura,20,90,2010,5133.0,5505.0
6192,Sin cobertura,20,90,2022,5895.0,6025.0
6193,Sin cobertura,20,94,2010,321.0,250.0
6194,Sin cobertura,20,94,2022,255.0,319.0
6195,Sin cobertura,21,2,2010,6666.0,6084.0
6196,Sin cobertura,21,2,2022,6285.0,5721.0
6197,Sin cobertura,21,6,2010,66242.0,64889.0
6198,Sin cobertura,21,6,2022,69269.0,67829.0
6199,Sin cobertura,21,10,2010,1815.0,2002.0
6200,Sin cobertura,21,10,2022,2624.0,2634.0
6201,Sin cobertura,21,14,2010,12019.0,12169.0
6202,Sin cobertura,21,14,2022,15001.0,14932.0
6203,Sin cobertura,21,18,2010,5645.0,5382.0
6204,Sin cobertura,21,18,2022,6741.0,6762.0
6205,Sin cobertura,21,22,2010,6393.0,6553.0
6206,Sin cobertura,21,22,2022,6468.0,6369.0
6207,Sin cobertura,21,26,2010,1616.0,2054.0
6208,Sin cobertura,21,26,2022,2070.0,2203.0
6209,Sin cobertura,21,30,2010,4970.0,4972.0
6210,Sin cobertura,21,30,2022,5944.0,5962.0
6211,Sin cobertura,21,34,2010,3169.0,3312.0
6212,Sin cobertura,21,34,2022,3965.0,3616.0
6213,Sin cobertura,21,38,2010,3598.0,3567.0
6214,Sin cobertura,21,38,2022,4413.0,4631.0
6215,Sin cobertura,21,42,2010,1219.0,1221.0
6216,Sin cobertura,21,42,2022,1299.0,1279.0
6217,Sin cobertura,21,46,2010,1426.0,1540.0
6218,Sin cobertura,21,46,2022,2004.0,2007.0
6219,Sin cobertura,21,50,2010,8007.0,8255.0
6220,Sin cobertura,21,50,2022,8682.0,8693.0
6221,Sin cobertura,21,54,2010,5156.0,5378.0
6222,Sin cobertura,21,54,2022,7476.0,6988.0
6223,Sin cobertura,21,58,2010,2362.0,2626.0
6224,Sin cobertura,21,58,2022,2412.0,2577.0
6225,Sin cobertura,21,62,2010,3112.0,2859.0
6226,Sin cobertura,21,62,2022,3174.0,3114.0
6227,Sin cobertura,21,66,2010,6233.0,6255.0
6228,Sin cobertura,21,66,2022,8081.0,8058.0
6229,Sin cobertura,21,70,2010,3368.0,3784.0
6230,Sin cobertura,21,70,2022,4672.0,4580.0
6231,Sin cobertura,21,74,2010,2030.0,2226.0
6232,Sin cobertura,21,74,2022,2628.0,2875.0
6233,Sin cobertura,21,78,2010,786.0,898.0
6234,Sin cobertura,21,78,2022,853.0,1046.0
6235,Sin cobertura,21,82,2010,12438.0,12126.0
6236,Sin cobertura,21,82,2022,12189.0,11384.0
6237,Sin cobertura,21,86,2010,5061.0,5246.0
6238,Sin cobertura,21,86,2022,7374.0,7264.0
6239,Sin cobertura,21,90,2010,5840.0,6259.0
6240,Sin cobertura,21,90,2022,7508.0,7428.0
6241,Sin cobertura,21,94,2010,384.0,397.0
6242,Sin cobertura,21,94,2022,435.0,506.0
6243,Sin cobertura,22,2,2010,6448.0,6652.0
6244,Sin cobertura,22,2,2022,6466.0,6251.0
6245,Sin cobertura,22,6,2010,63919.0,61607.0
6246,Sin cobertura,22,6,2022,74408.0,71440.0
6247,Sin cobertura,22,10,2010,1871.0,1919.0
6248,Sin cobertura,22,10,2022,2837.0,2766.0
6249,Sin cobertura,22,14,2010,11583.0,11680.0
6250,Sin cobertura,22,14,2022,15875.0,15001.0
6251,Sin cobertura,22,18,2010,5597.0,5499.0
6252,Sin cobertura,22,18,2022,7630.0,7397.0
6253,Sin cobertura,22,22,2010,6582.0,6041.0
6254,Sin cobertura,22,22,2022,7289.0,7319.0
6255,Sin cobertura,22,26,2010,1830.0,1923.0
6256,Sin cobertura,22,26,2022,2214.0,2376.0
6257,Sin cobertura,22,30,2010,4920.0,4929.0
6258,Sin cobertura,22,30,2022,6827.0,6624.0
6259,Sin cobertura,22,34,2010,2936.0,2793.0
6260,Sin cobertura,22,34,2022,4468.0,4022.0
6261,Sin cobertura,22,38,2010,3690.0,3713.0
6262,Sin cobertura,22,38,2022,4876.0,4940.0
6263,Sin cobertura,22,42,2010,1182.0,1170.0
6264,Sin cobertura,22,42,2022,1281.0,1357.0
6265,Sin cobertura,22,46,2010,1744.0,1843.0
6266,Sin cobertura,22,46,2022,2146.0,2103.0
6267,Sin cobertura,22,50,2010,7846.0,7934.0
6268,Sin cobertura,22,50,2022,9418.0,9379.0
6269,Sin cobertura,22,54,2010,5354.0,5304.0
6270,Sin cobertura,22,54,2022,7893.0,7233.0
6271,Sin cobertura,22,58,2010,2240.0,2610.0
6272,Sin cobertura,22,58,2022,2694.0,2791.0
6273,Sin cobertura,22,62,2010,2735.0,2970.0
6274,Sin cobertura,22,62,2022,3331.0,3503.0
6275,Sin cobertura,22,66,2010,7075.0,6545.0
6276,Sin cobertura,22,66,2022,8454.0,8576.0
6277,Sin cobertura,22,70,2010,3360.0,3416.0
6278,Sin cobertura,22,70,2022,4764.0,4810.0
6279,Sin cobertura,22,74,2010,1927.0,1840.0
6280,Sin cobertura,22,74,2022,2747.0,2943.0
6281,Sin cobertura,22,78,2010,707.0,789.0
6282,Sin cobertura,22,78,2022,896.0,1100.0
6283,Sin cobertura,22,82,2010,11855.0,11599.0
6284,Sin cobertura,22,82,2022,13639.0,12355.0
6285,Sin cobertura,22,86,2010,4814.0,5339.0
6286,Sin cobertura,22,86,2022,7934.0,7633.0
6287,Sin cobertura,22,90,2010,6259.0,6282.0
6288,Sin cobertura,22,90,2022,8028.0,7687.0
6289,Sin cobertura,22,94,2010,407.0,320.0
6290,Sin cobertura,22,94,2022,432.0,515.0
6291,Sin cobertura,23,2,2010,6257.0,6400.0
6292,Sin cobertura,23,2,2022,6188.0,5861.0
6293,Sin cobertura,23,6,2010,62870.0,57991.0
6294,Sin cobertura,23,6,2022,71351.0,68002.0
6295,Sin cobertura,23,10,2010,2058.0,1798.0
6296,Sin cobertura,23,10,2022,2639.0,2677.0
6297,Sin cobertura,23,14,2010,11266.0,11453.0
6298,Sin cobertura,23,14,2022,15129.0,14515.0
6299,Sin cobertura,23,18,2010,5279.0,4665.0
6300,Sin cobertura,23,18,2022,7236.0,6800.0
6301,Sin cobertura,23,22,2010,6239.0,6219.0
6302,Sin cobertura,23,22,2022,7228.0,7161.0
6303,Sin cobertura,23,26,2010,1749.0,1801.0
6304,Sin cobertura,23,26,2022,2213.0,2337.0
6305,Sin cobertura,23,30,2010,4570.0,4707.0
6306,Sin cobertura,23,30,2022,6878.0,6483.0
6307,Sin cobertura,23,34,2010,2868.0,2842.0
6308,Sin cobertura,23,34,2022,4122.0,3850.0
6309,Sin cobertura,23,38,2010,3744.0,3455.0
6310,Sin cobertura,23,38,2022,4847.0,4654.0
6311,Sin cobertura,23,42,2010,1142.0,1122.0
6312,Sin cobertura,23,42,2022,1258.0,1183.0
6313,Sin cobertura,23,46,2010,1659.0,1535.0
6314,Sin cobertura,23,46,2022,2131.0,2118.0
6315,Sin cobertura,23,50,2010,7745.0,7979.0
6316,Sin cobertura,23,50,2022,9304.0,9117.0
6317,Sin cobertura,23,54,2010,4588.0,5299.0
6318,Sin cobertura,23,54,2022,7080.0,6688.0
6319,Sin cobertura,23,58,2010,2221.0,2255.0
6320,Sin cobertura,23,58,2022,2657.0,2825.0
6321,Sin cobertura,23,62,2010,2595.0,2497.0
6322,Sin cobertura,23,62,2022,3328.0,3213.0
6323,Sin cobertura,23,66,2010,6515.0,6274.0
6324,Sin cobertura,23,66,2022,8261.0,8063.0
6325,Sin cobertura,23,70,2010,3224.0,3440.0
6326,Sin cobertura,23,70,2022,4381.0,4443.0
6327,Sin cobertura,23,74,2010,1864.0,1847.0
6328,Sin cobertura,23,74,2022,2601.0,2579.0
6329,Sin cobertura,23,78,2010,650.0,901.0
6330,Sin cobertura,23,78,2022,888.0,1054.0
6331,Sin cobertura,23,82,2010,11276.0,10856.0
6332,Sin cobertura,23,82,2022,13443.0,12038.0
6333,Sin cobertura,23,86,2010,4968.0,4699.0
6334,Sin cobertura,23,86,2022,7347.0,7034.0
6335,Sin cobertura,23,90,2010,5673.0,6157.0
6336,Sin cobertura,23,90,2022,7616.0,7385.0
6337,Sin cobertura,23,94,2010,321.0,427.0
6338,Sin cobertura,23,94,2022,370.0,501.0
6339,Sin cobertura,24,2,2010,6418.0,6497.0
6340,Sin cobertura,24,2,2022,6203.0,6102.0
6341,Sin cobertura,24,6,2010,59123.0,56685.0
6342,Sin cobertura,24,6,2022,70743.0,66691.0
6343,Sin cobertura,24,10,2010,1827.0,1702.0
6344,Sin cobertura,24,10,2022,2750.0,2608.0
6345,Sin cobertura,24,14,2010,10919.0,11122.0
6346,Sin cobertura,24,14,2022,14566.0,14051.0
6347,Sin cobertura,24,18,2010,5242.0,4720.0
6348,Sin cobertura,24,18,2022,7038.0,6796.0
6349,Sin cobertura,24,22,2010,6156.0,5733.0
6350,Sin cobertura,24,22,2022,7438.0,6822.0
6351,Sin cobertura,24,26,2010,1759.0,1732.0
6352,Sin cobertura,24,26,2022,2129.0,2268.0
6353,Sin cobertura,24,30,2010,4759.0,4567.0
6354,Sin cobertura,24,30,2022,6839.0,6361.0
6355,Sin cobertura,24,34,2010,2932.0,2929.0
6356,Sin cobertura,24,34,2022,4214.0,3793.0
6357,Sin cobertura,24,38,2010,3881.0,3506.0
6358,Sin cobertura,24,38,2022,4831.0,4680.0
6359,Sin cobertura,24,42,2010,985.0,1171.0
6360,Sin cobertura,24,42,2022,1359.0,1317.0
6361,Sin cobertura,24,46,2010,1540.0,1674.0
6362,Sin cobertura,24,46,2022,2343.0,2112.0
6363,Sin cobertura,24,50,2010,7078.0,7274.0
6364,Sin cobertura,24,50,2022,8879.0,8790.0
6365,Sin cobertura,24,54,2010,4692.0,4877.0
6366,Sin cobertura,24,54,2022,7373.0,6553.0
6367,Sin cobertura,24,58,2010,2155.0,2241.0
6368,Sin cobertura,24,58,2022,2713.0,2743.0
6369,Sin cobertura,24,62,2010,2552.0,2381.0
6370,Sin cobertura,24,62,2022,3287.0,3101.0
6371,Sin cobertura,24,66,2010,6133.0,6308.0
6372,Sin cobertura,24,66,2022,8534.0,8136.0
6373,Sin cobertura,24,70,2010,3162.0,3384.0
6374,Sin cobertura,24,70,2022,4337.0,4276.0
6375,Sin cobertura,24,74,2010,1710.0,1471.0
6376,Sin cobertura,24,74,2022,2572.0,2654.0
6377,Sin cobertura,24,78,2010,578.0,595.0
6378,Sin cobertura,24,78,2022,938.0,1183.0
6379,Sin cobertura,24,82,2010,10745.0,10786.0
6380,Sin cobertura,24,82,2022,13066.0,11677.0
6381,Sin cobertura,24,86,2010,4761.0,4934.0
6382,Sin cobertura,24,86,2022,7414.0,6859.0
6383,Sin cobertura,24,90,2010,6103.0,6172.0
6384,Sin cobertura,24,90,2022,7646.0,7233.0
6385,Sin cobertura,24,94,2010,350.0,297.0
6386,Sin cobertura,24,94,2022,415.0,532.0
6387,Sin cobertura,25,2,2010,6379.0,6536.0
6388,Sin cobertura,25,2,2022,6431.0,6175.0
6389,Sin cobertura,25,6,2010,52719.0,49666.0
6390,Sin cobertura,25,6,2022,72519.0,66625.0
6391,Sin cobertura,25,10,2010,1517.0,1699.0
6392,Sin cobertura,25,10,2022,2655.0,2521.0
6393,Sin cobertura,25,14,2010,10029.0,10424.0
6394,Sin cobertura,25,14,2022,14759.0,14313.0
6395,Sin cobertura,25,18,2010,4820.0,4447.0
6396,Sin cobertura,25,18,2022,6931.0,6596.0
6397,Sin cobertura,25,22,2010,5815.0,5288.0
6398,Sin cobertura,25,22,2022,7318.0,6917.0
6399,Sin cobertura,25,26,2010,1538.0,1520.0
6400,Sin cobertura,25,26,2022,2268.0,2368.0
6401,Sin cobertura,25,30,2010,4298.0,4435.0
6402,Sin cobertura,25,30,2022,6835.0,6632.0
6403,Sin cobertura,25,34,2010,2656.0,2484.0
6404,Sin cobertura,25,34,2022,4232.0,3730.0
6405,Sin cobertura,25,38,2010,3586.0,3428.0
6406,Sin cobertura,25,38,2022,5017.0,4598.0
6407,Sin cobertura,25,42,2010,1072.0,1172.0
6408,Sin cobertura,25,42,2022,1371.0,1350.0
6409,Sin cobertura,25,46,2010,1618.0,1526.0
6410,Sin cobertura,25,46,2022,2427.0,2202.0
6411,Sin cobertura,25,50,2010,6249.0,6787.0
6412,Sin cobertura,25,50,2022,9144.0,8621.0
6413,Sin cobertura,25,54,2010,4125.0,4527.0
6414,Sin cobertura,25,54,2022,7099.0,6550.0
6415,Sin cobertura,25,58,2010,1920.0,2101.0
6416,Sin cobertura,25,58,2022,2920.0,2810.0
6417,Sin cobertura,25,62,2010,2192.0,2579.0
6418,Sin cobertura,25,62,2022,3396.0,3137.0
6419,Sin cobertura,25,66,2010,5852.0,5732.0
6420,Sin cobertura,25,66,2022,8352.0,8132.0
6421,Sin cobertura,25,70,2010,2776.0,3074.0
6422,Sin cobertura,25,70,2022,4081.0,4203.0
6423,Sin cobertura,25,74,2010,1446.0,1502.0
6424,Sin cobertura,25,74,2022,2608.0,2589.0
6425,Sin cobertura,25,78,2010,507.0,563.0
6426,Sin cobertura,25,78,2022,888.0,1103.0
6427,Sin cobertura,25,82,2010,10540.0,10163.0
6428,Sin cobertura,25,82,2022,13218.0,11715.0
6429,Sin cobertura,25,86,2010,4929.0,4520.0
6430,Sin cobertura,25,86,2022,7637.0,6987.0
6431,Sin cobertura,25,90,2010,5206.0,5642.0
6432,Sin cobertura,25,90,2022,7505.0,7315.0
6433,Sin cobertura,25,94,2010,305.0,278.0
6434,Sin cobertura,25,94,2022,416.0,483.0
6435,Sin cobertura,26,2,2010,5861.0,6294.0
6436,Sin cobertura,26,2,2022,6358.0,6119.0
6437,Sin cobertura,26,6,2010,50551.0,47284.0
6438,Sin cobertura,26,6,2022,69836.0,64096.0
6439,Sin cobertura,26,10,2010,1720.0,1395.0
6440,Sin cobertura,26,10,2022,2427.0,2464.0
6441,Sin cobertura,26,14,2010,9791.0,9994.0
6442,Sin cobertura,26,14,2022,14571.0,13938.0
6443,Sin cobertura,26,18,2010,4374.0,4364.0
6444,Sin cobertura,26,18,2022,6488.0,6444.0
6445,Sin cobertura,26,22,2010,5653.0,5323.0
6446,Sin cobertura,26,22,2022,7139.0,6729.0
6447,Sin cobertura,26,26,2010,1306.0,1485.0
6448,Sin cobertura,26,26,2022,2175.0,2332.0
6449,Sin cobertura,26,30,2010,3936.0,4466.0
6450,Sin cobertura,26,30,2022,6314.0,6184.0
6451,Sin cobertura,26,34,2010,2689.0,2275.0
6452,Sin cobertura,26,34,2022,4109.0,3690.0
6453,Sin cobertura,26,38,2010,3554.0,2910.0
6454,Sin cobertura,26,38,2022,4887.0,4544.0
6455,Sin cobertura,26,42,2010,965.0,1001.0
6456,Sin cobertura,26,42,2022,1375.0,1232.0
6457,Sin cobertura,26,46,2010,1434.0,1373.0
6458,Sin cobertura,26,46,2022,2402.0,2312.0
6459,Sin cobertura,26,50,2010,5632.0,6116.0
6460,Sin cobertura,26,50,2022,9317.0,8645.0
6461,Sin cobertura,26,54,2010,3911.0,4265.0
6462,Sin cobertura,26,54,2022,6822.0,6201.0
6463,Sin cobertura,26,58,2010,1787.0,1916.0
6464,Sin cobertura,26,58,2022,2874.0,2706.0
6465,Sin cobertura,26,62,2010,2229.0,2227.0
6466,Sin cobertura,26,62,2022,3278.0,3089.0
6467,Sin cobertura,26,66,2010,5509.0,5452.0
6468,Sin cobertura,26,66,2022,8312.0,7997.0
6469,Sin cobertura,26,70,2010,2728.0,3051.0
6470,Sin cobertura,26,70,2022,4459.0,4130.0
6471,Sin cobertura,26,74,2010,1512.0,1433.0
6472,Sin cobertura,26,74,2022,2620.0,2607.0
6473,Sin cobertura,26,78,2010,486.0,640.0
6474,Sin cobertura,26,78,2022,853.0,981.0
6475,Sin cobertura,26,82,2010,9910.0,9273.0
6476,Sin cobertura,26,82,2022,12709.0,11589.0
6477,Sin cobertura,26,86,2010,4568.0,4343.0
6478,Sin cobertura,26,86,2022,7318.0,6554.0
6479,Sin cobertura,26,90,2010,4985.0,5096.0
6480,Sin cobertura,26,90,2022,7501.0,7077.0
6481,Sin cobertura,26,94,2010,306.0,273.0
6482,Sin cobertura,26,94,2022,449.0,518.0
6483,Sin cobertura,27,2,2010,5621.0,5905.0
6484,Sin cobertura,27,2,2022,6158.0,6152.0
6485,Sin cobertura,27,6,2010,49543.0,48349.0
6486,Sin cobertura,27,6,2022,68460.0,63765.0
6487,Sin cobertura,27,10,2010,1431.0,1461.0
6488,Sin cobertura,27,10,2022,2508.0,2379.0
6489,Sin cobertura,27,14,2010,9678.0,10167.0
6490,Sin cobertura,27,14,2022,13807.0,13838.0
6491,Sin cobertura,27,18,2010,4268.0,4400.0
6492,Sin cobertura,27,18,2022,6613.0,6438.0
6493,Sin cobertura,27,22,2010,5365.0,5506.0
6494,Sin cobertura,27,22,2022,7255.0,6737.0
6495,Sin cobertura,27,26,2010,1217.0,1507.0
6496,Sin cobertura,27,26,2022,2196.0,2163.0
6497,Sin cobertura,27,30,2010,3920.0,4165.0
6498,Sin cobertura,27,30,2022,6158.0,6075.0
6499,Sin cobertura,27,34,2010,2639.0,2185.0
6500,Sin cobertura,27,34,2022,3897.0,3567.0
6501,Sin cobertura,27,38,2010,3286.0,2898.0
6502,Sin cobertura,27,38,2022,4918.0,4491.0
6503,Sin cobertura,27,42,2010,954.0,991.0
6504,Sin cobertura,27,42,2022,1279.0,1292.0
6505,Sin cobertura,27,46,2010,1293.0,1311.0
6506,Sin cobertura,27,46,2022,2304.0,2167.0
6507,Sin cobertura,27,50,2010,5292.0,5781.0
6508,Sin cobertura,27,50,2022,9108.0,8729.0
6509,Sin cobertura,27,54,2010,4076.0,3913.0
6510,Sin cobertura,27,54,2022,6780.0,6201.0
6511,Sin cobertura,27,58,2010,1852.0,1804.0
6512,Sin cobertura,27,58,2022,2683.0,2663.0
6513,Sin cobertura,27,62,2010,2031.0,1974.0
6514,Sin cobertura,27,62,2022,3218.0,2989.0
6515,Sin cobertura,27,66,2010,5210.0,5370.0
6516,Sin cobertura,27,66,2022,8666.0,8098.0
6517,Sin cobertura,27,70,2010,2717.0,2704.0
6518,Sin cobertura,27,70,2022,4166.0,4109.0
6519,Sin cobertura,27,74,2010,1247.0,1339.0
6520,Sin cobertura,27,74,2022,2580.0,2454.0
6521,Sin cobertura,27,78,2010,574.0,548.0
6522,Sin cobertura,27,78,2022,861.0,1008.0
6523,Sin cobertura,27,82,2010,9115.0,9026.0
6524,Sin cobertura,27,82,2022,12808.0,11118.0
6525,Sin cobertura,27,86,2010,4159.0,4416.0
6526,Sin cobertura,27,86,2022,7005.0,6424.0
6527,Sin cobertura,27,90,2010,4828.0,4883.0
6528,Sin cobertura,27,90,2022,7223.0,6793.0
6529,Sin cobertura,27,94,2010,282.0,249.0
6530,Sin cobertura,27,94,2022,397.0,547.0
6531,Sin cobertura,28,2,2010,5925.0,5846.0
6532,Sin cobertura,28,2,2022,5626.0,5824.0
6533,Sin cobertura,28,6,2010,51901.0,49203.0
6534,Sin cobertura,28,6,2022,63124.0,58948.0
6535,Sin cobertura,28,10,2010,1403.0,1469.0
6536,Sin cobertura,28,10,2022,2193.0,2118.0
6537,Sin cobertura,28,14,2010,9597.0,10518.0
6538,Sin cobertura,28,14,2022,13068.0,13099.0
6539,Sin cobertura,28,18,2010,4548.0,4122.0
6540,Sin cobertura,28,18,2022,6061.0,5913.0
6541,Sin cobertura,28,22,2010,5652.0,5370.0
6542,Sin cobertura,28,22,2022,6476.0,5972.0
6543,Sin cobertura,28,26,2010,1427.0,1499.0
6544,Sin cobertura,28,26,2022,1962.0,2058.0
6545,Sin cobertura,28,30,2010,4011.0,4319.0
6546,Sin cobertura,28,30,2022,5714.0,5574.0
6547,Sin cobertura,28,34,2010,2633.0,2523.0
6548,Sin cobertura,28,34,2022,3553.0,3313.0
6549,Sin cobertura,28,38,2010,3635.0,3036.0
6550,Sin cobertura,28,38,2022,4595.0,4166.0
6551,Sin cobertura,28,42,2010,891.0,1051.0
6552,Sin cobertura,28,42,2022,1230.0,1184.0
6553,Sin cobertura,28,46,2010,1315.0,1438.0
6554,Sin cobertura,28,46,2022,2188.0,2038.0
6555,Sin cobertura,28,50,2010,5950.0,6202.0
6556,Sin cobertura,28,50,2022,8094.0,8006.0
6557,Sin cobertura,28,54,2010,4014.0,4219.0
6558,Sin cobertura,28,54,2022,6053.0,5774.0
6559,Sin cobertura,28,58,2010,1634.0,1829.0
6560,Sin cobertura,28,58,2022,2604.0,2397.0
6561,Sin cobertura,28,62,2010,2089.0,2123.0
6562,Sin cobertura,28,62,2022,2986.0,2810.0
6563,Sin cobertura,28,66,2010,5847.0,5464.0
6564,Sin cobertura,28,66,2022,7824.0,7511.0
6565,Sin cobertura,28,70,2010,2940.0,2970.0
6566,Sin cobertura,28,70,2022,3790.0,3803.0
6567,Sin cobertura,28,74,2010,1412.0,1536.0
6568,Sin cobertura,28,74,2022,2201.0,2219.0
6569,Sin cobertura,28,78,2010,510.0,588.0
6570,Sin cobertura,28,78,2022,686.0,871.0
6571,Sin cobertura,28,82,2010,9331.0,9465.0
6572,Sin cobertura,28,82,2022,11834.0,10531.0
6573,Sin cobertura,28,86,2010,4941.0,4506.0
6574,Sin cobertura,28,86,2022,6372.0,5806.0
6575,Sin cobertura,28,90,2010,5170.0,5329.0
6576,Sin cobertura,28,90,2022,6808.0,6538.0
6577,Sin cobertura,28,94,2010,368.0,403.0
6578,Sin cobertura,28,94,2022,355.0,520.0
6579,Sin cobertura,29,2,2010,5326.0,5751.0
6580,Sin cobertura,29,2,2022,5569.0,5742.0
6581,Sin cobertura,29,6,2010,47599.0,46480.0
6582,Sin cobertura,29,6,2022,61641.0,58125.0
6583,Sin cobertura,29,10,2010,1372.0,1414.0
6584,Sin cobertura,29,10,2022,2165.0,2058.0
6585,Sin cobertura,29,14,2010,9546.0,9761.0
6586,Sin cobertura,29,14,2022,13208.0,13141.0
6587,Sin cobertura,29,18,2010,4205.0,3889.0
6588,Sin cobertura,29,18,2022,5802.0,5636.0
6589,Sin cobertura,29,22,2010,5208.0,5000.0
6590,Sin cobertura,29,22,2022,6338.0,5969.0
6591,Sin cobertura,29,26,2010,1173.0,1470.0
6592,Sin cobertura,29,26,2022,1880.0,1901.0
6593,Sin cobertura,29,30,2010,3628.0,4127.0
6594,Sin cobertura,29,30,2022,5276.0,5306.0
6595,Sin cobertura,29,34,2010,2277.0,2411.0
6596,Sin cobertura,29,34,2022,3373.0,3294.0
6597,Sin cobertura,29,38,2010,3324.0,2996.0
6598,Sin cobertura,29,38,2022,4388.0,4094.0
6599,Sin cobertura,29,42,2010,963.0,947.0
6600,Sin cobertura,29,42,2022,1211.0,1186.0
6601,Sin cobertura,29,46,2010,1298.0,1390.0
6602,Sin cobertura,29,46,2022,2039.0,1946.0
6603,Sin cobertura,29,50,2010,5545.0,5794.0
6604,Sin cobertura,29,50,2022,8033.0,8067.0
6605,Sin cobertura,29,54,2010,3611.0,3819.0
6606,Sin cobertura,29,54,2022,5762.0,5533.0
6607,Sin cobertura,29,58,2010,1779.0,1741.0
6608,Sin cobertura,29,58,2022,2469.0,2523.0
6609,Sin cobertura,29,62,2010,1753.0,2208.0
6610,Sin cobertura,29,62,2022,2972.0,2719.0
6611,Sin cobertura,29,66,2010,5301.0,5003.0
6612,Sin cobertura,29,66,2022,7515.0,7207.0
6613,Sin cobertura,29,70,2010,2717.0,2608.0
6614,Sin cobertura,29,70,2022,3663.0,3658.0
6615,Sin cobertura,29,74,2010,1314.0,1342.0
6616,Sin cobertura,29,74,2022,2150.0,2095.0
6617,Sin cobertura,29,78,2010,467.0,534.0
6618,Sin cobertura,29,78,2022,644.0,790.0
6619,Sin cobertura,29,82,2010,9135.0,8719.0
6620,Sin cobertura,29,82,2022,11352.0,10282.0
6621,Sin cobertura,29,86,2010,4493.0,4187.0
6622,Sin cobertura,29,86,2022,6193.0,5966.0
6623,Sin cobertura,29,90,2010,4928.0,5346.0
6624,Sin cobertura,29,90,2022,6484.0,6456.0
6625,Sin cobertura,29,94,2010,235.0,324.0
6626,Sin cobertura,29,94,2022,309.0,475.0
6627,Sin cobertura,30,2,2010,5133.0,5791.0
6628,Sin cobertura,30,2,2022,5588.0,5708.0
6629,Sin cobertura,30,6,2010,48654.0,48252.0
6630,Sin cobertura,30,6,2022,62552.0,59760.0
6631,Sin cobertura,30,10,2010,1386.0,1582.0
6632,Sin cobertura,30,10,2022,2129.0,1904.0
6633,Sin cobertura,30,14,2010,9841.0,9510.0
6634,Sin cobertura,30,14,2022,12977.0,13070.0
6635,Sin cobertura,30,18,2010,4410.0,4043.0
6636,Sin cobertura,30,18,2022,5627.0,5944.0
6637,Sin cobertura,30,22,2010,5513.0,5569.0
6638,Sin cobertura,30,22,2022,6370.0,5933.0
6639,Sin cobertura,30,26,2010,1272.0,1460.0
6640,Sin cobertura,30,26,2022,1882.0,1933.0
6641,Sin cobertura,30,30,2010,3738.0,4056.0
6642,Sin cobertura,30,30,2022,5219.0,5177.0
6643,Sin cobertura,30,34,2010,2707.0,2638.0
6644,Sin cobertura,30,34,2022,3429.0,3122.0
6645,Sin cobertura,30,38,2010,3543.0,3183.0
6646,Sin cobertura,30,38,2022,4438.0,4112.0
6647,Sin cobertura,30,42,2010,753.0,1045.0
6648,Sin cobertura,30,42,2022,1267.0,1253.0
6649,Sin cobertura,30,46,2010,1351.0,1412.0
6650,Sin cobertura,30,46,2022,1993.0,2000.0
6651,Sin cobertura,30,50,2010,5570.0,5855.0
6652,Sin cobertura,30,50,2022,8036.0,8054.0
6653,Sin cobertura,30,54,2010,3626.0,3997.0
6654,Sin cobertura,30,54,2022,5946.0,5654.0
6655,Sin cobertura,30,58,2010,1612.0,1748.0
6656,Sin cobertura,30,58,2022,2520.0,2491.0
6657,Sin cobertura,30,62,2010,1824.0,2026.0
6658,Sin cobertura,30,62,2022,2903.0,2872.0
6659,Sin cobertura,30,66,2010,5316.0,4826.0
6660,Sin cobertura,30,66,2022,7169.0,6928.0
6661,Sin cobertura,30,70,2010,2616.0,2802.0
6662,Sin cobertura,30,70,2022,3706.0,3775.0
6663,Sin cobertura,30,74,2010,1137.0,1235.0
6664,Sin cobertura,30,74,2022,2175.0,2157.0
6665,Sin cobertura,30,78,2010,419.0,505.0
6666,Sin cobertura,30,78,2022,666.0,788.0
6667,Sin cobertura,30,82,2010,9136.0,8995.0
6668,Sin cobertura,30,82,2022,11474.0,10613.0
6669,Sin cobertura,30,86,2010,4874.0,4649.0
6670,Sin cobertura,30,86,2022,6165.0,5631.0
6671,Sin cobertura,30,90,2010,5257.0,4995.0
6672,Sin cobertura,30,90,2022,6764.0,6560.0
6673,Sin cobertura,30,94,2010,277.0,341.0
6674,Sin cobertura,30,94,2022,310.0,478.0
6675,Sin cobertura,31,2,2010,4858.0,4710.0
6676,Sin cobertura,31,2,2022,4962.0,5454.0
6677,Sin cobertura,31,6,2010,44229.0,43742.0
6678,Sin cobertura,31,6,2022,57157.0,54993.0
6679,Sin cobertura,31,10,2010,1241.0,1153.0
6680,Sin cobertura,31,10,2022,1801.0,1718.0
6681,Sin cobertura,31,14,2010,8972.0,9144.0
6682,Sin cobertura,31,14,2022,11993.0,12169.0
6683,Sin cobertura,31,18,2010,3863.0,3736.0
6684,Sin cobertura,31,18,2022,5198.0,5162.0
6685,Sin cobertura,31,22,2010,4933.0,4704.0
6686,Sin cobertura,31,22,2022,5664.0,5363.0
6687,Sin cobertura,31,26,2010,1173.0,1383.0
6688,Sin cobertura,31,26,2022,1655.0,1658.0
6689,Sin cobertura,31,30,2010,3428.0,3697.0
6690,Sin cobertura,31,30,2022,4972.0,5004.0
6691,Sin cobertura,31,34,2010,2376.0,2174.0
6692,Sin cobertura,31,34,2022,3061.0,2821.0
6693,Sin cobertura,31,38,2010,2969.0,2954.0
6694,Sin cobertura,31,38,2022,3758.0,3306.0
6695,Sin cobertura,31,42,2010,771.0,971.0
6696,Sin cobertura,31,42,2022,1187.0,1143.0
6697,Sin cobertura,31,46,2010,1317.0,1350.0
6698,Sin cobertura,31,46,2022,1724.0,1681.0
6699,Sin cobertura,31,50,2010,5013.0,5452.0
6700,Sin cobertura,31,50,2022,7169.0,7202.0
6701,Sin cobertura,31,54,2010,3222.0,3153.0
6702,Sin cobertura,31,54,2022,5217.0,5025.0
6703,Sin cobertura,31,58,2010,1690.0,1627.0
6704,Sin cobertura,31,58,2022,2251.0,2409.0
6705,Sin cobertura,31,62,2010,1953.0,1803.0
6706,Sin cobertura,31,62,2022,2601.0,2684.0
6707,Sin cobertura,31,66,2010,5029.0,4382.0
6708,Sin cobertura,31,66,2022,6132.0,5993.0
6709,Sin cobertura,31,70,2010,2640.0,2620.0
6710,Sin cobertura,31,70,2022,3137.0,3213.0
6711,Sin cobertura,31,74,2010,1135.0,1305.0
6712,Sin cobertura,31,74,2022,1925.0,1920.0
6713,Sin cobertura,31,78,2010,324.0,473.0
6714,Sin cobertura,31,78,2022,595.0,674.0
6715,Sin cobertura,31,82,2010,8705.0,8429.0
6716,Sin cobertura,31,82,2022,10855.0,10061.0
6717,Sin cobertura,31,86,2010,4026.0,3802.0
6718,Sin cobertura,31,86,2022,5337.0,5087.0
6719,Sin cobertura,31,90,2010,5111.0,4866.0
6720,Sin cobertura,31,90,2022,5985.0,5858.0
6721,Sin cobertura,31,94,2010,239.0,314.0
6722,Sin cobertura,31,94,2022,278.0,458.0
6723,Sin cobertura,32,2,2010,4450.0,5053.0
6724,Sin cobertura,32,2,2022,4841.0,5218.0
6725,Sin cobertura,32,6,2010,43538.0,42112.0
6726,Sin cobertura,32,6,2022,53458.0,52156.0
6727,Sin cobertura,32,10,2010,1176.0,1217.0
6728,Sin cobertura,32,10,2022,1601.0,1568.0
6729,Sin cobertura,32,14,2010,8615.0,9022.0
6730,Sin cobertura,32,14,2022,11356.0,11424.0
6731,Sin cobertura,32,18,2010,3648.0,3466.0
6732,Sin cobertura,32,18,2022,4566.0,4598.0
6733,Sin cobertura,32,22,2010,4629.0,4415.0
6734,Sin cobertura,32,22,2022,5010.0,4889.0
6735,Sin cobertura,32,26,2010,1105.0,1091.0
6736,Sin cobertura,32,26,2022,1477.0,1665.0
6737,Sin cobertura,32,30,2010,3441.0,3488.0
6738,Sin cobertura,32,30,2022,4196.0,4413.0
6739,Sin cobertura,32,34,2010,2379.0,2112.0
6740,Sin cobertura,32,34,2022,2777.0,2542.0
6741,Sin cobertura,32,38,2010,2990.0,2674.0
6742,Sin cobertura,32,38,2022,3407.0,2981.0
6743,Sin cobertura,32,42,2010,905.0,714.0
6744,Sin cobertura,32,42,2022,1037.0,1118.0
6745,Sin cobertura,32,46,2010,1155.0,1135.0
6746,Sin cobertura,32,46,2022,1498.0,1514.0
6747,Sin cobertura,32,50,2010,4898.0,4887.0
6748,Sin cobertura,32,50,2022,6565.0,6822.0
6749,Sin cobertura,32,54,2010,3273.0,3414.0
6750,Sin cobertura,32,54,2022,4841.0,4632.0
6751,Sin cobertura,32,58,2010,1340.0,1556.0
6752,Sin cobertura,32,58,2022,2160.0,2195.0
6753,Sin cobertura,32,62,2010,1709.0,1857.0
6754,Sin cobertura,32,62,2022,2450.0,2469.0
6755,Sin cobertura,32,66,2010,4666.0,4395.0
6756,Sin cobertura,32,66,2022,5619.0,5400.0
6757,Sin cobertura,32,70,2010,2440.0,2257.0
6758,Sin cobertura,32,70,2022,2711.0,2895.0
6759,Sin cobertura,32,74,2010,1184.0,1222.0
6760,Sin cobertura,32,74,2022,1702.0,1793.0
6761,Sin cobertura,32,78,2010,375.0,450.0
6762,Sin cobertura,32,78,2022,504.0,649.0
6763,Sin cobertura,32,82,2010,8069.0,8251.0
6764,Sin cobertura,32,82,2022,9896.0,9210.0
6765,Sin cobertura,32,86,2010,3821.0,3825.0
6766,Sin cobertura,32,86,2022,4792.0,4615.0
6767,Sin cobertura,32,90,2010,4718.0,4824.0
6768,Sin cobertura,32,90,2022,4925.0,5079.0
6769,Sin cobertura,32,94,2010,225.0,284.0
6770,Sin cobertura,32,94,2022,255.0,425.0
6771,Sin cobertura,33,2,2010,4789.0,4703.0
6772,Sin cobertura,33,2,2022,4844.0,5102.0
6773,Sin cobertura,33,6,2010,42626.0,42194.0
6774,Sin cobertura,33,6,2022,50647.0,49949.0
6775,Sin cobertura,33,10,2010,1262.0,1173.0
6776,Sin cobertura,33,10,2022,1595.0,1360.0
6777,Sin cobertura,33,14,2010,8474.0,8400.0
6778,Sin cobertura,33,14,2022,10578.0,10724.0
6779,Sin cobertura,33,18,2010,3509.0,3281.0
6780,Sin cobertura,33,18,2022,4212.0,4415.0
6781,Sin cobertura,33,22,2010,4029.0,4000.0
6782,Sin cobertura,33,22,2022,4705.0,4488.0
6783,Sin cobertura,33,26,2010,1037.0,1386.0
6784,Sin cobertura,33,26,2022,1442.0,1544.0
6785,Sin cobertura,33,30,2010,3097.0,3424.0
6786,Sin cobertura,33,30,2022,3953.0,4086.0
6787,Sin cobertura,33,34,2010,2067.0,2049.0
6788,Sin cobertura,33,34,2022,2590.0,2406.0
6789,Sin cobertura,33,38,2010,2777.0,2643.0
6790,Sin cobertura,33,38,2022,3360.0,2860.0
6791,Sin cobertura,33,42,2010,802.0,798.0
6792,Sin cobertura,33,42,2022,980.0,1094.0
6793,Sin cobertura,33,46,2010,1124.0,1292.0
6794,Sin cobertura,33,46,2022,1429.0,1391.0
6795,Sin cobertura,33,50,2010,4546.0,5202.0
6796,Sin cobertura,33,50,2022,6446.0,6319.0
6797,Sin cobertura,33,54,2010,3187.0,3066.0
6798,Sin cobertura,33,54,2022,4496.0,4367.0
6799,Sin cobertura,33,58,2010,1418.0,1540.0
6800,Sin cobertura,33,58,2022,1889.0,2131.0
6801,Sin cobertura,33,62,2010,1744.0,1756.0
6802,Sin cobertura,33,62,2022,2136.0,2329.0
6803,Sin cobertura,33,66,2010,4512.0,3972.0
6804,Sin cobertura,33,66,2022,5328.0,5233.0
6805,Sin cobertura,33,70,2010,2356.0,2369.0
6806,Sin cobertura,33,70,2022,2784.0,2850.0
6807,Sin cobertura,33,74,2010,1166.0,1298.0
6808,Sin cobertura,33,74,2022,1597.0,1679.0
6809,Sin cobertura,33,78,2010,354.0,492.0
6810,Sin cobertura,33,78,2022,467.0,624.0
6811,Sin cobertura,33,82,2010,7973.0,7819.0
6812,Sin cobertura,33,82,2022,9239.0,8713.0
6813,Sin cobertura,33,86,2010,3764.0,3587.0
6814,Sin cobertura,33,86,2022,4732.0,4363.0
6815,Sin cobertura,33,90,2010,4013.0,4235.0
6816,Sin cobertura,33,90,2022,4971.0,5057.0
6817,Sin cobertura,33,94,2010,225.0,354.0
6818,Sin cobertura,33,94,2022,291.0,383.0
6819,Sin cobertura,34,2,2010,4221.0,4153.0
6820,Sin cobertura,34,2,2022,4425.0,4855.0
6821,Sin cobertura,34,6,2010,37408.0,37586.0
6822,Sin cobertura,34,6,2022,48960.0,47717.0
6823,Sin cobertura,34,10,2010,1128.0,1098.0
6824,Sin cobertura,34,10,2022,1504.0,1354.0
6825,Sin cobertura,34,14,2010,7649.0,7563.0
6826,Sin cobertura,34,14,2022,10315.0,10336.0
6827,Sin cobertura,34,18,2010,3183.0,3124.0
6828,Sin cobertura,34,18,2022,3865.0,4149.0
6829,Sin cobertura,34,22,2010,3955.0,4040.0
6830,Sin cobertura,34,22,2022,4496.0,4305.0
6831,Sin cobertura,34,26,2010,1022.0,1107.0
6832,Sin cobertura,34,26,2022,1364.0,1482.0
6833,Sin cobertura,34,30,2010,2807.0,3192.0
6834,Sin cobertura,34,30,2022,3828.0,3892.0
6835,Sin cobertura,34,34,2010,1796.0,1978.0
6836,Sin cobertura,34,34,2022,2654.0,2428.0
6837,Sin cobertura,34,38,2010,2497.0,2457.0
6838,Sin cobertura,34,38,2022,3198.0,2962.0
6839,Sin cobertura,34,42,2010,626.0,739.0
6840,Sin cobertura,34,42,2022,920.0,961.0
6841,Sin cobertura,34,46,2010,1097.0,1026.0
6842,Sin cobertura,34,46,2022,1352.0,1323.0
6843,Sin cobertura,34,50,2010,4259.0,4861.0
6844,Sin cobertura,34,50,2022,6300.0,6192.0
6845,Sin cobertura,34,54,2010,2753.0,2849.0
6846,Sin cobertura,34,54,2022,4325.0,4418.0
6847,Sin cobertura,34,58,2010,1466.0,1391.0
6848,Sin cobertura,34,58,2022,1899.0,2027.0
6849,Sin cobertura,34,62,2010,1382.0,1691.0
6850,Sin cobertura,34,62,2022,2188.0,2286.0
6851,Sin cobertura,34,66,2010,4185.0,3709.0
6852,Sin cobertura,34,66,2022,5270.0,5228.0
6853,Sin cobertura,34,70,2010,1972.0,2148.0
6854,Sin cobertura,34,70,2022,2669.0,2782.0
6855,Sin cobertura,34,74,2010,994.0,1004.0
6856,Sin cobertura,34,74,2022,1515.0,1533.0
6857,Sin cobertura,34,78,2010,289.0,374.0
6858,Sin cobertura,34,78,2022,478.0,579.0
6859,Sin cobertura,34,82,2010,6749.0,6993.0
6860,Sin cobertura,34,82,2022,8520.0,8324.0
6861,Sin cobertura,34,86,2010,3565.0,3413.0
6862,Sin cobertura,34,86,2022,4419.0,4137.0
6863,Sin cobertura,34,90,2010,4086.0,3955.0
6864,Sin cobertura,34,90,2022,4528.0,4960.0
6865,Sin cobertura,34,94,2010,195.0,278.0
6866,Sin cobertura,34,94,2022,225.0,350.0
6867,Sin cobertura,35,2,2010,4462.0,4466.0
6868,Sin cobertura,35,2,2022,4405.0,4943.0
6869,Sin cobertura,35,6,2010,38250.0,39035.0
6870,Sin cobertura,35,6,2022,49563.0,48519.0
6871,Sin cobertura,35,10,2010,971.0,1208.0
6872,Sin cobertura,35,10,2022,1488.0,1344.0
6873,Sin cobertura,35,14,2010,7457.0,7501.0
6874,Sin cobertura,35,14,2022,10608.0,10516.0
6875,Sin cobertura,35,18,2010,3398.0,3383.0
6876,Sin cobertura,35,18,2022,4024.0,4163.0
6877,Sin cobertura,35,22,2010,3906.0,4035.0
6878,Sin cobertura,35,22,2022,4680.0,4392.0
6879,Sin cobertura,35,26,2010,1113.0,1006.0
6880,Sin cobertura,35,26,2022,1430.0,1495.0
6881,Sin cobertura,35,30,2010,2970.0,3319.0
6882,Sin cobertura,35,30,2022,3833.0,3904.0
6883,Sin cobertura,35,34,2010,1924.0,1791.0
6884,Sin cobertura,35,34,2022,2535.0,2432.0
6885,Sin cobertura,35,38,2010,2614.0,2351.0
6886,Sin cobertura,35,38,2022,3368.0,2982.0
6887,Sin cobertura,35,42,2010,647.0,805.0
6888,Sin cobertura,35,42,2022,980.0,932.0
6889,Sin cobertura,35,46,2010,893.0,1152.0
6890,Sin cobertura,35,46,2022,1375.0,1245.0
6891,Sin cobertura,35,50,2010,4931.0,4327.0
6892,Sin cobertura,35,50,2022,6065.0,6455.0
6893,Sin cobertura,35,54,2010,2934.0,3033.0
6894,Sin cobertura,35,54,2022,4275.0,4259.0
6895,Sin cobertura,35,58,2010,1272.0,1448.0
6896,Sin cobertura,35,58,2022,1757.0,1964.0
6897,Sin cobertura,35,62,2010,1537.0,1592.0
6898,Sin cobertura,35,62,2022,2128.0,2234.0
6899,Sin cobertura,35,66,2010,4541.0,3897.0
6900,Sin cobertura,35,66,2022,5223.0,5159.0
6901,Sin cobertura,35,70,2010,2340.0,2237.0
6902,Sin cobertura,35,70,2022,2599.0,2857.0
6903,Sin cobertura,35,74,2010,1113.0,1134.0
6904,Sin cobertura,35,74,2022,1405.0,1543.0
6905,Sin cobertura,35,78,2010,311.0,408.0
6906,Sin cobertura,35,78,2022,419.0,540.0
6907,Sin cobertura,35,82,2010,6591.0,6903.0
6908,Sin cobertura,35,82,2022,8749.0,8492.0
6909,Sin cobertura,35,86,2010,3320.0,3661.0
6910,Sin cobertura,35,86,2022,4379.0,4367.0
6911,Sin cobertura,35,90,2010,3787.0,4031.0
6912,Sin cobertura,35,90,2022,4960.0,4920.0
6913,Sin cobertura,35,94,2010,163.0,181.0
6914,Sin cobertura,35,94,2022,236.0,348.0
6915,Sin cobertura,36,2,2010,4185.0,4267.0
6916,Sin cobertura,36,2,2022,4090.0,4535.0
6917,Sin cobertura,36,6,2010,36539.0,35230.0
6918,Sin cobertura,36,6,2022,45343.0,45596.0
6919,Sin cobertura,36,10,2010,900.0,970.0
6920,Sin cobertura,36,10,2022,1391.0,1326.0
6921,Sin cobertura,36,14,2010,7110.0,7143.0
6922,Sin cobertura,36,14,2022,9938.0,10031.0
6923,Sin cobertura,36,18,2010,3093.0,2895.0
6924,Sin cobertura,36,18,2022,3613.0,3786.0
6925,Sin cobertura,36,22,2010,3515.0,3786.0
6926,Sin cobertura,36,22,2022,4411.0,4149.0
6927,Sin cobertura,36,26,2010,923.0,1093.0
6928,Sin cobertura,36,26,2022,1268.0,1445.0
6929,Sin cobertura,36,30,2010,2882.0,3039.0
6930,Sin cobertura,36,30,2022,3643.0,3847.0
6931,Sin cobertura,36,34,2010,1946.0,1934.0
6932,Sin cobertura,36,34,2022,2365.0,2295.0
6933,Sin cobertura,36,38,2010,2296.0,2068.0
6934,Sin cobertura,36,38,2022,3114.0,2845.0
6935,Sin cobertura,36,42,2010,592.0,704.0
6936,Sin cobertura,36,42,2022,861.0,907.0
6937,Sin cobertura,36,46,2010,831.0,861.0
6938,Sin cobertura,36,46,2022,1298.0,1233.0
6939,Sin cobertura,36,50,2010,4206.0,4137.0
6940,Sin cobertura,36,50,2022,5701.0,5758.0
6941,Sin cobertura,36,54,2010,2643.0,2790.0
6942,Sin cobertura,36,54,2022,4251.0,4068.0
6943,Sin cobertura,36,58,2010,1199.0,1180.0
6944,Sin cobertura,36,58,2022,1668.0,1766.0
6945,Sin cobertura,36,62,2010,1407.0,1509.0
6946,Sin cobertura,36,62,2022,1982.0,2123.0
6947,Sin cobertura,36,66,2010,3917.0,3433.0
6948,Sin cobertura,36,66,2022,4856.0,4831.0
6949,Sin cobertura,36,70,2010,1964.0,2116.0
6950,Sin cobertura,36,70,2022,2622.0,2494.0
6951,Sin cobertura,36,74,2010,953.0,959.0
6952,Sin cobertura,36,74,2022,1285.0,1389.0
6953,Sin cobertura,36,78,2010,274.0,328.0
6954,Sin cobertura,36,78,2022,437.0,485.0
6955,Sin cobertura,36,82,2010,6250.0,6235.0
6956,Sin cobertura,36,82,2022,8386.0,8009.0
6957,Sin cobertura,36,86,2010,2946.0,3188.0
6958,Sin cobertura,36,86,2022,4237.0,4243.0
6959,Sin cobertura,36,90,2010,3687.0,3541.0
6960,Sin cobertura,36,90,2022,4237.0,4551.0
6961,Sin cobertura,36,94,2010,167.0,193.0
6962,Sin cobertura,36,94,2022,203.0,321.0
6963,Sin cobertura,37,2,2010,3821.0,4044.0
6964,Sin cobertura,37,2,2022,3872.0,4322.0
6965,Sin cobertura,37,6,2010,36461.0,36428.0
6966,Sin cobertura,37,6,2022,42404.0,42432.0
6967,Sin cobertura,37,10,2010,811.0,821.0
6968,Sin cobertura,37,10,2022,1229.0,1123.0
6969,Sin cobertura,37,14,2010,7036.0,7232.0
6970,Sin cobertura,37,14,2022,9181.0,9525.0
6971,Sin cobertura,37,18,2010,3028.0,2637.0
6972,Sin cobertura,37,18,2022,3448.0,3443.0
6973,Sin cobertura,37,22,2010,3354.0,3376.0
6974,Sin cobertura,37,22,2022,4048.0,3931.0
6975,Sin cobertura,37,26,2010,796.0,1047.0
6976,Sin cobertura,37,26,2022,1134.0,1341.0
6977,Sin cobertura,37,30,2010,2596.0,3059.0
6978,Sin cobertura,37,30,2022,3386.0,3648.0
6979,Sin cobertura,37,34,2010,1929.0,1833.0
6980,Sin cobertura,37,34,2022,2290.0,2128.0
6981,Sin cobertura,37,38,2010,1957.0,1964.0
6982,Sin cobertura,37,38,2022,2803.0,2699.0
6983,Sin cobertura,37,42,2010,641.0,757.0
6984,Sin cobertura,37,42,2022,809.0,901.0
6985,Sin cobertura,37,46,2010,755.0,851.0
6986,Sin cobertura,37,46,2022,1132.0,1097.0
6987,Sin cobertura,37,50,2010,3946.0,3831.0
6988,Sin cobertura,37,50,2022,5252.0,5331.0
6989,Sin cobertura,37,54,2010,2509.0,2515.0
6990,Sin cobertura,37,54,2022,3723.0,3754.0
6991,Sin cobertura,37,58,2010,1399.0,1398.0
6992,Sin cobertura,37,58,2022,1612.0,1702.0
6993,Sin cobertura,37,62,2010,1303.0,1548.0
6994,Sin cobertura,37,62,2022,1935.0,1997.0
6995,Sin cobertura,37,66,2010,3238.0,3414.0
6996,Sin cobertura,37,66,2022,4814.0,4496.0
6997,Sin cobertura,37,70,2010,1659.0,1733.0
6998,Sin cobertura,37,70,2022,2328.0,2341.0
6999,Sin cobertura,37,74,2010,894.0,1119.0
7000,Sin cobertura,37,74,2022,1074.0,1261.0
7001,Sin cobertura,37,78,2010,298.0,383.0
7002,Sin cobertura,37,78,2022,377.0,512.0
7003,Sin cobertura,37,82,2010,6273.0,6353.0
7004,Sin cobertura,37,82,2022,7700.0,7645.0
7005,Sin cobertura,37,86,2010,2865.0,3001.0
7006,Sin cobertura,37,86,2022,4007.0,4031.0
7007,Sin cobertura,37,90,2010,3072.0,3065.0
7008,Sin cobertura,37,90,2022,3854.0,4165.0
7009,Sin cobertura,37,94,2010,197.0,240.0
7010,Sin cobertura,37,94,2022,209.0,260.0
7011,Sin cobertura,38,2,2010,3681.0,3609.0
7012,Sin cobertura,38,2,2022,3767.0,4283.0
7013,Sin cobertura,38,6,2010,36587.0,35834.0
7014,Sin cobertura,38,6,2022,42538.0,42676.0
7015,Sin cobertura,38,10,2010,819.0,742.0
7016,Sin cobertura,38,10,2022,1212.0,1126.0
7017,Sin cobertura,38,14,2010,7136.0,7150.0
7018,Sin cobertura,38,14,2022,9185.0,9308.0
7019,Sin cobertura,38,18,2010,2880.0,2859.0
7020,Sin cobertura,38,18,2022,3457.0,3462.0
7021,Sin cobertura,38,22,2010,3195.0,3320.0
7022,Sin cobertura,38,22,2022,4085.0,3750.0
7023,Sin cobertura,38,26,2010,809.0,962.0
7024,Sin cobertura,38,26,2022,1193.0,1279.0
7025,Sin cobertura,38,30,2010,2679.0,2841.0
7026,Sin cobertura,38,30,2022,3474.0,3547.0
7027,Sin cobertura,38,34,2010,1732.0,1730.0
7028,Sin cobertura,38,34,2022,2190.0,2065.0
7029,Sin cobertura,38,38,2010,2173.0,1928.0
7030,Sin cobertura,38,38,2022,2759.0,2573.0
7031,Sin cobertura,38,42,2010,613.0,567.0
7032,Sin cobertura,38,42,2022,834.0,816.0
7033,Sin cobertura,38,46,2010,715.0,695.0
7034,Sin cobertura,38,46,2022,1035.0,1121.0
7035,Sin cobertura,38,50,2010,3756.0,3896.0
7036,Sin cobertura,38,50,2022,5062.0,5102.0
7037,Sin cobertura,38,54,2010,2562.0,2689.0
7038,Sin cobertura,38,54,2022,3687.0,3631.0
7039,Sin cobertura,38,58,2010,1182.0,1400.0
7040,Sin cobertura,38,58,2022,1501.0,1747.0
7041,Sin cobertura,38,62,2010,1380.0,1462.0
7042,Sin cobertura,38,62,2022,1832.0,1898.0
7043,Sin cobertura,38,66,2010,3305.0,3458.0
7044,Sin cobertura,38,66,2022,4497.0,4430.0
7045,Sin cobertura,38,70,2010,1727.0,1780.0
7046,Sin cobertura,38,70,2022,2423.0,2234.0
7047,Sin cobertura,38,74,2010,989.0,1074.0
7048,Sin cobertura,38,74,2022,1178.0,1286.0
7049,Sin cobertura,38,78,2010,273.0,294.0
7050,Sin cobertura,38,78,2022,364.0,466.0
7051,Sin cobertura,38,82,2010,6121.0,5935.0
7052,Sin cobertura,38,82,2022,7677.0,7523.0
7053,Sin cobertura,38,86,2010,2749.0,2892.0
7054,Sin cobertura,38,86,2022,3805.0,3902.0
7055,Sin cobertura,38,90,2010,2803.0,3038.0
7056,Sin cobertura,38,90,2022,3668.0,3959.0
7057,Sin cobertura,38,94,2010,162.0,150.0
7058,Sin cobertura,38,94,2022,188.0,265.0
7059,Sin cobertura,39,2,2010,3763.0,3292.0
7060,Sin cobertura,39,2,2022,3722.0,4155.0
7061,Sin cobertura,39,6,2010,34470.0,34761.0
7062,Sin cobertura,39,6,2022,44360.0,44735.0
7063,Sin cobertura,39,10,2010,758.0,836.0
7064,Sin cobertura,39,10,2022,1245.0,1189.0
7065,Sin cobertura,39,14,2010,6940.0,6770.0
7066,Sin cobertura,39,14,2022,9733.0,9981.0
7067,Sin cobertura,39,18,2010,2728.0,2712.0
7068,Sin cobertura,39,18,2022,3543.0,3730.0
7069,Sin cobertura,39,22,2010,3193.0,3188.0
7070,Sin cobertura,39,22,2022,4188.0,4106.0
7071,Sin cobertura,39,26,2010,785.0,960.0
7072,Sin cobertura,39,26,2022,1152.0,1299.0
7073,Sin cobertura,39,30,2010,2374.0,2626.0
7074,Sin cobertura,39,30,2022,3517.0,3653.0
7075,Sin cobertura,39,34,2010,1464.0,1487.0
7076,Sin cobertura,39,34,2022,2300.0,2266.0
7077,Sin cobertura,39,38,2010,1523.0,1911.0
7078,Sin cobertura,39,38,2022,2980.0,2702.0
7079,Sin cobertura,39,42,2010,616.0,749.0
7080,Sin cobertura,39,42,2022,878.0,830.0
7081,Sin cobertura,39,46,2010,634.0,786.0
7082,Sin cobertura,39,46,2022,1138.0,1127.0
7083,Sin cobertura,39,50,2010,3512.0,3614.0
7084,Sin cobertura,39,50,2022,5362.0,5230.0
7085,Sin cobertura,39,54,2010,2409.0,2409.0
7086,Sin cobertura,39,54,2022,3828.0,3846.0
7087,Sin cobertura,39,58,2010,1157.0,1144.0
7088,Sin cobertura,39,58,2022,1570.0,1707.0
7089,Sin cobertura,39,62,2010,1307.0,1396.0
7090,Sin cobertura,39,62,2022,1884.0,2020.0
7091,Sin cobertura,39,66,2010,3173.0,3051.0
7092,Sin cobertura,39,66,2022,4584.0,4528.0
7093,Sin cobertura,39,70,2010,1794.0,1769.0
7094,Sin cobertura,39,70,2022,2430.0,2426.0
7095,Sin cobertura,39,74,2010,999.0,1121.0
7096,Sin cobertura,39,74,2022,1145.0,1412.0
7097,Sin cobertura,39,78,2010,216.0,308.0
7098,Sin cobertura,39,78,2022,372.0,459.0
7099,Sin cobertura,39,82,2010,6229.0,5829.0
7100,Sin cobertura,39,82,2022,8042.0,7914.0
7101,Sin cobertura,39,86,2010,2467.0,2774.0
7102,Sin cobertura,39,86,2022,4066.0,4077.0
7103,Sin cobertura,39,90,2010,3035.0,3107.0
7104,Sin cobertura,39,90,2022,4063.0,4216.0
7105,Sin cobertura,39,94,2010,111.0,154.0
7106,Sin cobertura,39,94,2022,178.0,295.0
7107,Sin cobertura,40,2,2010,3841.0,3625.0
7108,Sin cobertura,40,2,2022,3813.0,4333.0
7109,Sin cobertura,40,6,2010,36033.0,36481.0
7110,Sin cobertura,40,6,2022,45819.0,45295.0
7111,Sin cobertura,40,10,2010,684.0,764.0
7112,Sin cobertura,40,10,2022,1207.0,1102.0
7113,Sin cobertura,40,14,2010,6832.0,7217.0
7114,Sin cobertura,40,14,2022,9963.0,10072.0
7115,Sin cobertura,40,18,2010,2565.0,2826.0
7116,Sin cobertura,40,18,2022,3597.0,3795.0
7117,Sin cobertura,40,22,2010,3088.0,3486.0
7118,Sin cobertura,40,22,2022,4109.0,3997.0
7119,Sin cobertura,40,26,2010,713.0,829.0
7120,Sin cobertura,40,26,2022,1152.0,1241.0
7121,Sin cobertura,40,30,2010,2363.0,2695.0
7122,Sin cobertura,40,30,2022,3492.0,3626.0
7123,Sin cobertura,40,34,2010,1454.0,1512.0
7124,Sin cobertura,40,34,2022,2298.0,2335.0
7125,Sin cobertura,40,38,2010,1866.0,1767.0
7126,Sin cobertura,40,38,2022,3074.0,2803.0
7127,Sin cobertura,40,42,2010,559.0,590.0
7128,Sin cobertura,40,42,2022,814.0,862.0
7129,Sin cobertura,40,46,2010,569.0,788.0
7130,Sin cobertura,40,46,2022,1110.0,1171.0
7131,Sin cobertura,40,50,2010,3840.0,3703.0
7132,Sin cobertura,40,50,2022,5498.0,5611.0
7133,Sin cobertura,40,54,2010,2436.0,2566.0
7134,Sin cobertura,40,54,2022,3768.0,3878.0
7135,Sin cobertura,40,58,2010,1119.0,1226.0
7136,Sin cobertura,40,58,2022,1557.0,1688.0
7137,Sin cobertura,40,62,2010,1220.0,1439.0
7138,Sin cobertura,40,62,2022,1895.0,1988.0
7139,Sin cobertura,40,66,2010,3010.0,3250.0
7140,Sin cobertura,40,66,2022,4612.0,4577.0
7141,Sin cobertura,40,70,2010,1883.0,1702.0
7142,Sin cobertura,40,70,2022,2545.0,2499.0
7143,Sin cobertura,40,74,2010,1029.0,1081.0
7144,Sin cobertura,40,74,2022,1209.0,1432.0
7145,Sin cobertura,40,78,2010,203.0,302.0
7146,Sin cobertura,40,78,2022,376.0,454.0
7147,Sin cobertura,40,82,2010,5813.0,6087.0
7148,Sin cobertura,40,82,2022,8187.0,7847.0
7149,Sin cobertura,40,86,2010,2405.0,2968.0
7150,Sin cobertura,40,86,2022,4058.0,3975.0
7151,Sin cobertura,40,90,2010,2808.0,2948.0
7152,Sin cobertura,40,90,2022,4197.0,4512.0
7153,Sin cobertura,40,94,2010,146.0,202.0
7154,Sin cobertura,40,94,2022,215.0,259.0
7155,Sin cobertura,41,2,2010,3515.0,3099.0
7156,Sin cobertura,41,2,2022,3523.0,3882.0
7157,Sin cobertura,41,6,2010,32861.0,31964.0
7158,Sin cobertura,41,6,2022,40785.0,41394.0
7159,Sin cobertura,41,10,2010,696.0,624.0
7160,Sin cobertura,41,10,2022,1129.0,1133.0
7161,Sin cobertura,41,14,2010,6126.0,6709.0
7162,Sin cobertura,41,14,2022,9525.0,9375.0
7163,Sin cobertura,41,18,2010,2373.0,2684.0
7164,Sin cobertura,41,18,2022,3244.0,3423.0
7165,Sin cobertura,41,22,2010,2745.0,2777.0
7166,Sin cobertura,41,22,2022,3800.0,3662.0
7167,Sin cobertura,41,26,2010,816.0,632.0
7168,Sin cobertura,41,26,2022,1090.0,1239.0
7169,Sin cobertura,41,30,2010,2190.0,2270.0
7170,Sin cobertura,41,30,2022,3208.0,3352.0
7171,Sin cobertura,41,34,2010,1328.0,1224.0
7172,Sin cobertura,41,34,2022,2038.0,2061.0
7173,Sin cobertura,41,38,2010,1592.0,1463.0
7174,Sin cobertura,41,38,2022,2846.0,2556.0
7175,Sin cobertura,41,42,2010,515.0,682.0
7176,Sin cobertura,41,42,2022,820.0,813.0
7177,Sin cobertura,41,46,2010,567.0,699.0
7178,Sin cobertura,41,46,2022,1058.0,1068.0
7179,Sin cobertura,41,50,2010,3232.0,3216.0
7180,Sin cobertura,41,50,2022,5089.0,5055.0
7181,Sin cobertura,41,54,2010,2035.0,2176.0
7182,Sin cobertura,41,54,2022,3526.0,3431.0
7183,Sin cobertura,41,58,2010,1010.0,1074.0
7184,Sin cobertura,41,58,2022,1530.0,1559.0
7185,Sin cobertura,41,62,2010,1081.0,1331.0
7186,Sin cobertura,41,62,2022,1771.0,1889.0
7187,Sin cobertura,41,66,2010,2639.0,2920.0
7188,Sin cobertura,41,66,2022,4319.0,4039.0
7189,Sin cobertura,41,70,2010,1337.0,1464.0
7190,Sin cobertura,41,70,2022,2331.0,2272.0
7191,Sin cobertura,41,74,2010,831.0,987.0
7192,Sin cobertura,41,74,2022,1209.0,1216.0
7193,Sin cobertura,41,78,2010,212.0,271.0
7194,Sin cobertura,41,78,2022,349.0,438.0
7195,Sin cobertura,41,82,2010,5234.0,5306.0
7196,Sin cobertura,41,82,2022,7530.0,7269.0
7197,Sin cobertura,41,86,2010,2045.0,2285.0
7198,Sin cobertura,41,86,2022,3696.0,3728.0
7199,Sin cobertura,41,90,2010,2442.0,2718.0
7200,Sin cobertura,41,90,2022,3821.0,4132.0
7201,Sin cobertura,41,94,2010,168.0,265.0
7202,Sin cobertura,41,94,2022,173.0,251.0
7203,Sin cobertura,42,2,2010,3428.0,3247.0
7204,Sin cobertura,42,2,2022,3623.0,3950.0
7205,Sin cobertura,42,6,2010,31374.0,30775.0
7206,Sin cobertura,42,6,2022,43286.0,43493.0
7207,Sin cobertura,42,10,2010,751.0,626.0
7208,Sin cobertura,42,10,2022,1215.0,1186.0
7209,Sin cobertura,42,14,2010,6032.0,6543.0
7210,Sin cobertura,42,14,2022,9795.0,9978.0
7211,Sin cobertura,42,18,2010,2352.0,2638.0
7212,Sin cobertura,42,18,2022,3590.0,3843.0
7213,Sin cobertura,42,22,2010,2692.0,3029.0
7214,Sin cobertura,42,22,2022,4004.0,3953.0
7215,Sin cobertura,42,26,2010,692.0,846.0
7216,Sin cobertura,42,26,2022,1156.0,1252.0
7217,Sin cobertura,42,30,2010,2158.0,2248.0
7218,Sin cobertura,42,30,2022,3415.0,3514.0
7219,Sin cobertura,42,34,2010,1314.0,1507.0
7220,Sin cobertura,42,34,2022,2204.0,2289.0
7221,Sin cobertura,42,38,2010,1530.0,1479.0
7222,Sin cobertura,42,38,2022,2878.0,2827.0
7223,Sin cobertura,42,42,2010,580.0,540.0
7224,Sin cobertura,42,42,2022,744.0,872.0
7225,Sin cobertura,42,46,2010,510.0,627.0
7226,Sin cobertura,42,46,2022,1122.0,1112.0
7227,Sin cobertura,42,50,2010,3580.0,3353.0
7228,Sin cobertura,42,50,2022,5282.0,5412.0
7229,Sin cobertura,42,54,2010,2045.0,2209.0
7230,Sin cobertura,42,54,2022,3877.0,3688.0
7231,Sin cobertura,42,58,2010,931.0,1009.0
7232,Sin cobertura,42,58,2022,1725.0,1692.0
7233,Sin cobertura,42,62,2010,1200.0,1293.0
7234,Sin cobertura,42,62,2022,1813.0,2012.0
7235,Sin cobertura,42,66,2010,2742.0,2847.0
7236,Sin cobertura,42,66,2022,4535.0,4371.0
7237,Sin cobertura,42,70,2010,1282.0,1510.0
7238,Sin cobertura,42,70,2022,2410.0,2535.0
7239,Sin cobertura,42,74,2010,844.0,1050.0
7240,Sin cobertura,42,74,2022,1246.0,1332.0
7241,Sin cobertura,42,78,2010,195.0,279.0
7242,Sin cobertura,42,78,2022,341.0,444.0
7243,Sin cobertura,42,82,2010,5332.0,5406.0
7244,Sin cobertura,42,82,2022,8146.0,7924.0
7245,Sin cobertura,42,86,2010,2206.0,2493.0
7246,Sin cobertura,42,86,2022,3787.0,3958.0
7247,Sin cobertura,42,90,2010,2546.0,2772.0
7248,Sin cobertura,42,90,2022,4086.0,4360.0
7249,Sin cobertura,42,94,2010,136.0,168.0
7250,Sin cobertura,42,94,2022,208.0,236.0
7251,Sin cobertura,43,2,2010,2990.0,3263.0
7252,Sin cobertura,43,2,2022,3395.0,3759.0
7253,Sin cobertura,43,6,2010,29550.0,29604.0
7254,Sin cobertura,43,6,2022,40832.0,41434.0
7255,Sin cobertura,43,10,2010,609.0,620.0
7256,Sin cobertura,43,10,2022,1063.0,1074.0
7257,Sin cobertura,43,14,2010,6143.0,5962.0
7258,Sin cobertura,43,14,2022,9179.0,9525.0
7259,Sin cobertura,43,18,2010,2275.0,2402.0
7260,Sin cobertura,43,18,2022,3354.0,3361.0
7261,Sin cobertura,43,22,2010,2731.0,2928.0
7262,Sin cobertura,43,22,2022,3609.0,3626.0
7263,Sin cobertura,43,26,2010,586.0,767.0
7264,Sin cobertura,43,26,2022,1074.0,1186.0
7265,Sin cobertura,43,30,2010,2162.0,2363.0
7266,Sin cobertura,43,30,2022,3212.0,3364.0
7267,Sin cobertura,43,34,2010,1312.0,1543.0
7268,Sin cobertura,43,34,2022,2024.0,2091.0
7269,Sin cobertura,43,38,2010,1440.0,1395.0
7270,Sin cobertura,43,38,2022,2732.0,2606.0
7271,Sin cobertura,43,42,2010,518.0,625.0
7272,Sin cobertura,43,42,2022,722.0,853.0
7273,Sin cobertura,43,46,2010,541.0,538.0
7274,Sin cobertura,43,46,2022,1027.0,1126.0
7275,Sin cobertura,43,50,2010,3265.0,3214.0
7276,Sin cobertura,43,50,2022,5030.0,5083.0
7277,Sin cobertura,43,54,2010,2079.0,2285.0
7278,Sin cobertura,43,54,2022,3411.0,3261.0
7279,Sin cobertura,43,58,2010,965.0,936.0
7280,Sin cobertura,43,58,2022,1475.0,1600.0
7281,Sin cobertura,43,62,2010,1145.0,1219.0
7282,Sin cobertura,43,62,2022,1674.0,1793.0
7283,Sin cobertura,43,66,2010,2444.0,2463.0
7284,Sin cobertura,43,66,2022,4323.0,3996.0
7285,Sin cobertura,43,70,2010,1531.0,1283.0
7286,Sin cobertura,43,70,2022,2219.0,2479.0
7287,Sin cobertura,43,74,2010,789.0,982.0
7288,Sin cobertura,43,74,2022,1212.0,1415.0
7289,Sin cobertura,43,78,2010,216.0,247.0
7290,Sin cobertura,43,78,2022,335.0,427.0
7291,Sin cobertura,43,82,2010,5529.0,5101.0
7292,Sin cobertura,43,82,2022,7640.0,7364.0
7293,Sin cobertura,43,86,2010,1964.0,2498.0
7294,Sin cobertura,43,86,2022,3543.0,3702.0
7295,Sin cobertura,43,90,2010,2252.0,2337.0
7296,Sin cobertura,43,90,2022,3822.0,4264.0
7297,Sin cobertura,43,94,2010,138.0,117.0
7298,Sin cobertura,43,94,2022,171.0,244.0
7299,Sin cobertura,44,2,2010,2856.0,2924.0
7300,Sin cobertura,44,2,2022,3379.0,3581.0
7301,Sin cobertura,44,6,2010,28827.0,29423.0
7302,Sin cobertura,44,6,2022,39388.0,39897.0
7303,Sin cobertura,44,10,2010,632.0,549.0
7304,Sin cobertura,44,10,2022,1098.0,1090.0
7305,Sin cobertura,44,14,2010,5780.0,6058.0
7306,Sin cobertura,44,14,2022,8678.0,8937.0
7307,Sin cobertura,44,18,2010,2087.0,2420.0
7308,Sin cobertura,44,18,2022,2993.0,3155.0
7309,Sin cobertura,44,22,2010,2662.0,2768.0
7310,Sin cobertura,44,22,2022,3308.0,3342.0
7311,Sin cobertura,44,26,2010,670.0,802.0
7312,Sin cobertura,44,26,2022,1011.0,1177.0
7313,Sin cobertura,44,30,2010,2198.0,2330.0
7314,Sin cobertura,44,30,2022,2993.0,3199.0
7315,Sin cobertura,44,34,2010,1415.0,1314.0
7316,Sin cobertura,44,34,2022,1917.0,1891.0
7317,Sin cobertura,44,38,2010,1332.0,1327.0
7318,Sin cobertura,44,38,2022,2416.0,2417.0
7319,Sin cobertura,44,42,2010,679.0,575.0
7320,Sin cobertura,44,42,2022,715.0,734.0
7321,Sin cobertura,44,46,2010,617.0,501.0
7322,Sin cobertura,44,46,2022,882.0,972.0
7323,Sin cobertura,44,50,2010,3117.0,2885.0
7324,Sin cobertura,44,50,2022,4683.0,4665.0
7325,Sin cobertura,44,54,2010,2127.0,2082.0
7326,Sin cobertura,44,54,2022,3203.0,3176.0
7327,Sin cobertura,44,58,2010,1022.0,1010.0
7328,Sin cobertura,44,58,2022,1517.0,1541.0
7329,Sin cobertura,44,62,2010,1188.0,1286.0
7330,Sin cobertura,44,62,2022,1667.0,1811.0
7331,Sin cobertura,44,66,2010,2544.0,2736.0
7332,Sin cobertura,44,66,2022,3948.0,3928.0
7333,Sin cobertura,44,70,2010,1253.0,1386.0
7334,Sin cobertura,44,70,2022,2160.0,2209.0
7335,Sin cobertura,44,74,2010,860.0,879.0
7336,Sin cobertura,44,74,2022,1128.0,1349.0
7337,Sin cobertura,44,78,2010,156.0,270.0
7338,Sin cobertura,44,78,2022,325.0,340.0
7339,Sin cobertura,44,82,2010,5080.0,5151.0
7340,Sin cobertura,44,82,2022,7092.0,6926.0
7341,Sin cobertura,44,86,2010,1942.0,2042.0
7342,Sin cobertura,44,86,2022,3388.0,3515.0
7343,Sin cobertura,44,90,2010,2240.0,2408.0
7344,Sin cobertura,44,90,2022,3552.0,4027.0
7345,Sin cobertura,44,94,2010,161.0,142.0
7346,Sin cobertura,44,94,2022,145.0,225.0
7347,Sin cobertura,45,2,2010,3067.0,2884.0
7348,Sin cobertura,45,2,2022,3353.0,3703.0
7349,Sin cobertura,45,6,2010,31154.0,30369.0
7350,Sin cobertura,45,6,2022,38552.0,38831.0
7351,Sin cobertura,45,10,2010,492.0,559.0
7352,Sin cobertura,45,10,2022,1054.0,991.0
7353,Sin cobertura,45,14,2010,6096.0,6315.0
7354,Sin cobertura,45,14,2022,8048.0,8428.0
7355,Sin cobertura,45,18,2010,2230.0,2380.0
7356,Sin cobertura,45,18,2022,2745.0,2976.0
7357,Sin cobertura,45,22,2010,2706.0,2944.0
7358,Sin cobertura,45,22,2022,3200.0,3288.0
7359,Sin cobertura,45,26,2010,616.0,794.0
7360,Sin cobertura,45,26,2022,935.0,1087.0
7361,Sin cobertura,45,30,2010,2126.0,2525.0
7362,Sin cobertura,45,30,2022,2844.0,3160.0
7363,Sin cobertura,45,34,2010,1313.0,1481.0
7364,Sin cobertura,45,34,2022,1796.0,1853.0
7365,Sin cobertura,45,38,2010,1439.0,1293.0
7366,Sin cobertura,45,38,2022,2374.0,2302.0
7367,Sin cobertura,45,42,2010,555.0,644.0
7368,Sin cobertura,45,42,2022,612.0,729.0
7369,Sin cobertura,45,46,2010,435.0,610.0
7370,Sin cobertura,45,46,2022,884.0,1007.0
7371,Sin cobertura,45,50,2010,3180.0,3278.0
7372,Sin cobertura,45,50,2022,4464.0,4494.0
7373,Sin cobertura,45,54,2010,2075.0,2421.0
7374,Sin cobertura,45,54,2022,2948.0,3101.0
7375,Sin cobertura,45,58,2010,857.0,1092.0
7376,Sin cobertura,45,58,2022,1364.0,1441.0
7377,Sin cobertura,45,62,2010,1185.0,1236.0
7378,Sin cobertura,45,62,2022,1660.0,1740.0
7379,Sin cobertura,45,66,2010,2565.0,2526.0
7380,Sin cobertura,45,66,2022,3809.0,3804.0
7381,Sin cobertura,45,70,2010,1322.0,1379.0
7382,Sin cobertura,45,70,2022,2146.0,2125.0
7383,Sin cobertura,45,74,2010,780.0,912.0
7384,Sin cobertura,45,74,2022,1122.0,1284.0
7385,Sin cobertura,45,78,2010,136.0,253.0
7386,Sin cobertura,45,78,2022,275.0,377.0
7387,Sin cobertura,45,82,2010,5184.0,5408.0
7388,Sin cobertura,45,82,2022,6668.0,6616.0
7389,Sin cobertura,45,86,2010,2149.0,2383.0
7390,Sin cobertura,45,86,2022,3152.0,3327.0
7391,Sin cobertura,45,90,2010,2369.0,2505.0
7392,Sin cobertura,45,90,2022,3191.0,3652.0
7393,Sin cobertura,45,94,2010,152.0,148.0
7394,Sin cobertura,45,94,2022,122.0,204.0
7395,Sin cobertura,46,2,2010,2993.0,2937.0
7396,Sin cobertura,46,2,2022,3410.0,3258.0
7397,Sin cobertura,46,6,2010,29736.0,30130.0
7398,Sin cobertura,46,6,2022,36330.0,35911.0
7399,Sin cobertura,46,10,2010,511.0,597.0
7400,Sin cobertura,46,10,2022,873.0,956.0
7401,Sin cobertura,46,14,2010,6065.0,6233.0
7402,Sin cobertura,46,14,2022,7730.0,8120.0
7403,Sin cobertura,46,18,2010,2253.0,2317.0
7404,Sin cobertura,46,18,2022,2733.0,2978.0
7405,Sin cobertura,46,22,2010,2432.0,2803.0
7406,Sin cobertura,46,22,2022,2955.0,3161.0
7407,Sin cobertura,46,26,2010,647.0,762.0
7408,Sin cobertura,46,26,2022,884.0,1019.0
7409,Sin cobertura,46,30,2010,2060.0,2477.0
7410,Sin cobertura,46,30,2022,2660.0,3054.0
7411,Sin cobertura,46,34,2010,1119.0,1436.0
7412,Sin cobertura,46,34,2022,1721.0,1826.0
7413,Sin cobertura,46,38,2010,1334.0,1437.0
7414,Sin cobertura,46,38,2022,2280.0,2251.0
7415,Sin cobertura,46,42,2010,491.0,651.0
7416,Sin cobertura,46,42,2022,641.0,718.0
7417,Sin cobertura,46,46,2010,410.0,531.0
7418,Sin cobertura,46,46,2022,789.0,888.0
7419,Sin cobertura,46,50,2010,3206.0,3097.0
7420,Sin cobertura,46,50,2022,4407.0,4512.0
7421,Sin cobertura,46,54,2010,1992.0,2216.0
7422,Sin cobertura,46,54,2022,2948.0,3021.0
7423,Sin cobertura,46,58,2010,935.0,1085.0
7424,Sin cobertura,46,58,2022,1295.0,1351.0
7425,Sin cobertura,46,62,2010,1096.0,1319.0
7426,Sin cobertura,46,62,2022,1469.0,1675.0
7427,Sin cobertura,46,66,2010,2321.0,2443.0
7428,Sin cobertura,46,66,2022,3796.0,3702.0
7429,Sin cobertura,46,70,2010,1336.0,1359.0
7430,Sin cobertura,46,70,2022,2120.0,2092.0
7431,Sin cobertura,46,74,2010,788.0,1021.0
7432,Sin cobertura,46,74,2022,1009.0,1215.0
7433,Sin cobertura,46,78,2010,170.0,249.0
7434,Sin cobertura,46,78,2022,316.0,353.0
7435,Sin cobertura,46,82,2010,5089.0,5415.0
7436,Sin cobertura,46,82,2022,6062.0,5923.0
7437,Sin cobertura,46,86,2010,1929.0,2170.0
7438,Sin cobertura,46,86,2022,2776.0,3177.0
7439,Sin cobertura,46,90,2010,2400.0,2407.0
7440,Sin cobertura,46,90,2022,3131.0,3273.0
7441,Sin cobertura,46,94,2010,150.0,158.0
7442,Sin cobertura,46,94,2022,149.0,198.0
7443,Sin cobertura,47,2,2010,2724.0,2929.0
7444,Sin cobertura,47,2,2022,3462.0,3373.0
7445,Sin cobertura,47,6,2010,31177.0,29600.0
7446,Sin cobertura,47,6,2022,35252.0,36282.0
7447,Sin cobertura,47,10,2010,475.0,635.0
7448,Sin cobertura,47,10,2022,869.0,926.0
7449,Sin cobertura,47,14,2010,5892.0,6218.0
7450,Sin cobertura,47,14,2022,7692.0,8085.0
7451,Sin cobertura,47,18,2010,2014.0,2150.0
7452,Sin cobertura,47,18,2022,2670.0,2944.0
7453,Sin cobertura,47,22,2010,2684.0,2686.0
7454,Sin cobertura,47,22,2022,2850.0,3098.0
7455,Sin cobertura,47,26,2010,647.0,618.0
7456,Sin cobertura,47,26,2022,860.0,1011.0
7457,Sin cobertura,47,30,2010,2056.0,2410.0
7458,Sin cobertura,47,30,2022,2566.0,2833.0
7459,Sin cobertura,47,34,2010,1247.0,1259.0
7460,Sin cobertura,47,34,2022,1678.0,1735.0
7461,Sin cobertura,47,38,2010,1257.0,1318.0
7462,Sin cobertura,47,38,2022,2325.0,2285.0
7463,Sin cobertura,47,42,2010,493.0,658.0
7464,Sin cobertura,47,42,2022,631.0,731.0
7465,Sin cobertura,47,46,2010,484.0,466.0
7466,Sin cobertura,47,46,2022,769.0,874.0
7467,Sin cobertura,47,50,2010,3243.0,3004.0
7468,Sin cobertura,47,50,2022,4362.0,4405.0
7469,Sin cobertura,47,54,2010,2107.0,2058.0
7470,Sin cobertura,47,54,2022,2865.0,3008.0
7471,Sin cobertura,47,58,2010,963.0,969.0
7472,Sin cobertura,47,58,2022,1311.0,1417.0
7473,Sin cobertura,47,62,2010,1150.0,1163.0
7474,Sin cobertura,47,62,2022,1512.0,1643.0
7475,Sin cobertura,47,66,2010,2430.0,2485.0
7476,Sin cobertura,47,66,2022,3683.0,3631.0
7477,Sin cobertura,47,70,2010,1360.0,1249.0
7478,Sin cobertura,47,70,2022,2104.0,2178.0
7479,Sin cobertura,47,74,2010,788.0,1018.0
7480,Sin cobertura,47,74,2022,986.0,1196.0
7481,Sin cobertura,47,78,2010,168.0,249.0
7482,Sin cobertura,47,78,2022,294.0,366.0
7483,Sin cobertura,47,82,2010,4962.0,5088.0
7484,Sin cobertura,47,82,2022,6154.0,5928.0
7485,Sin cobertura,47,86,2010,1717.0,1999.0
7486,Sin cobertura,47,86,2022,2770.0,3184.0
7487,Sin cobertura,47,90,2010,2149.0,2373.0
7488,Sin cobertura,47,90,2022,3094.0,3435.0
7489,Sin cobertura,47,94,2010,115.0,219.0
7490,Sin cobertura,47,94,2022,175.0,189.0
7491,Sin cobertura,48,2,2010,2882.0,2506.0
7492,Sin cobertura,48,2,2022,3319.0,3188.0
7493,Sin cobertura,48,6,2010,28617.0,28172.0
7494,Sin cobertura,48,6,2022,33404.0,33999.0
7495,Sin cobertura,48,10,2010,510.0,597.0
7496,Sin cobertura,48,10,2022,812.0,834.0
7497,Sin cobertura,48,14,2010,5933.0,6033.0
7498,Sin cobertura,48,14,2022,7282.0,7565.0
7499,Sin cobertura,48,18,2010,2107.0,2082.0
7500,Sin cobertura,48,18,2022,2421.0,2734.0
7501,Sin cobertura,48,22,2010,2382.0,2417.0
7502,Sin cobertura,48,22,2022,2658.0,2804.0
7503,Sin cobertura,48,26,2010,599.0,621.0
7504,Sin cobertura,48,26,2022,843.0,871.0
7505,Sin cobertura,48,30,2010,2021.0,2326.0
7506,Sin cobertura,48,30,2022,2464.0,2746.0
7507,Sin cobertura,48,34,2010,1247.0,1394.0
7508,Sin cobertura,48,34,2022,1582.0,1677.0
7509,Sin cobertura,48,38,2010,1065.0,1280.0
7510,Sin cobertura,48,38,2022,1925.0,1918.0
7511,Sin cobertura,48,42,2010,484.0,637.0
7512,Sin cobertura,48,42,2022,581.0,642.0
7513,Sin cobertura,48,46,2010,394.0,423.0
7514,Sin cobertura,48,46,2022,716.0,751.0
7515,Sin cobertura,48,50,2010,3144.0,3362.0
7516,Sin cobertura,48,50,2022,4064.0,4059.0
7517,Sin cobertura,48,54,2010,1995.0,2206.0
7518,Sin cobertura,48,54,2022,2647.0,2700.0
7519,Sin cobertura,48,58,2010,939.0,1079.0
7520,Sin cobertura,48,58,2022,1267.0,1347.0
7521,Sin cobertura,48,62,2010,1169.0,1255.0
7522,Sin cobertura,48,62,2022,1451.0,1490.0
7523,Sin cobertura,48,66,2010,2299.0,2640.0
7524,Sin cobertura,48,66,2022,3193.0,3344.0
7525,Sin cobertura,48,70,2010,1217.0,1296.0
7526,Sin cobertura,48,70,2022,1919.0,2029.0
7527,Sin cobertura,48,74,2010,739.0,894.0
7528,Sin cobertura,48,74,2022,988.0,1090.0
7529,Sin cobertura,48,78,2010,197.0,249.0
7530,Sin cobertura,48,78,2022,236.0,299.0
7531,Sin cobertura,48,82,2010,4920.0,4925.0
7532,Sin cobertura,48,82,2022,5721.0,5762.0
7533,Sin cobertura,48,86,2010,1887.0,2130.0
7534,Sin cobertura,48,86,2022,2470.0,2836.0
7535,Sin cobertura,48,90,2010,2193.0,2452.0
7536,Sin cobertura,48,90,2022,2741.0,3041.0
7537,Sin cobertura,48,94,2010,183.0,104.0
7538,Sin cobertura,48,94,2022,127.0,175.0
7539,Sin cobertura,49,2,2010,3085.0,2813.0
7540,Sin cobertura,49,2,2022,3394.0,3252.0
7541,Sin cobertura,49,6,2010,28256.0,28109.0
7542,Sin cobertura,49,6,2022,34381.0,35256.0
7543,Sin cobertura,49,10,2010,459.0,571.0
7544,Sin cobertura,49,10,2022,721.0,783.0
7545,Sin cobertura,49,14,2010,5776.0,6143.0
7546,Sin cobertura,49,14,2022,7343.0,7738.0
7547,Sin cobertura,49,18,2010,1923.0,2276.0
7548,Sin cobertura,49,18,2022,2449.0,2698.0
7549,Sin cobertura,49,22,2010,2387.0,2492.0
7550,Sin cobertura,49,22,2022,2555.0,2621.0
7551,Sin cobertura,49,26,2010,537.0,767.0
7552,Sin cobertura,49,26,2022,801.0,946.0
7553,Sin cobertura,49,30,2010,1968.0,2236.0
7554,Sin cobertura,49,30,2022,2443.0,2659.0
7555,Sin cobertura,49,34,2010,939.0,1143.0
7556,Sin cobertura,49,34,2022,1523.0,1627.0
7557,Sin cobertura,49,38,2010,1051.0,1073.0
7558,Sin cobertura,49,38,2022,1918.0,1979.0
7559,Sin cobertura,49,42,2010,462.0,605.0
7560,Sin cobertura,49,42,2022,565.0,619.0
7561,Sin cobertura,49,46,2010,373.0,473.0
7562,Sin cobertura,49,46,2022,621.0,773.0
7563,Sin cobertura,49,50,2010,3155.0,3117.0
7564,Sin cobertura,49,50,2022,4018.0,4125.0
7565,Sin cobertura,49,54,2010,1869.0,2046.0
7566,Sin cobertura,49,54,2022,2600.0,2759.0
7567,Sin cobertura,49,58,2010,897.0,884.0
7568,Sin cobertura,49,58,2022,1250.0,1302.0
7569,Sin cobertura,49,62,2010,1096.0,1278.0
7570,Sin cobertura,49,62,2022,1407.0,1472.0
7571,Sin cobertura,49,66,2010,2139.0,2362.0
7572,Sin cobertura,49,66,2022,3176.0,3329.0
7573,Sin cobertura,49,70,2010,1270.0,1343.0
7574,Sin cobertura,49,70,2022,1893.0,1850.0
7575,Sin cobertura,49,74,2010,715.0,1065.0
7576,Sin cobertura,49,74,2022,858.0,1164.0
7577,Sin cobertura,49,78,2010,142.0,187.0
7578,Sin cobertura,49,78,2022,245.0,304.0
7579,Sin cobertura,49,82,2010,4741.0,4978.0
7580,Sin cobertura,49,82,2022,5668.0,5741.0
7581,Sin cobertura,49,86,2010,1717.0,1979.0
7582,Sin cobertura,49,86,2022,2469.0,2804.0
7583,Sin cobertura,49,90,2010,1945.0,2099.0
7584,Sin cobertura,49,90,2022,2636.0,2969.0
7585,Sin cobertura,49,94,2010,127.0,177.0
7586,Sin cobertura,49,94,2022,131.0,158.0
7587,Sin cobertura,50,2,2010,3568.0,3030.0
7588,Sin cobertura,50,2,2022,3378.0,3198.0
7589,Sin cobertura,50,6,2010,29949.0,30478.0
7590,Sin cobertura,50,6,2022,34276.0,35685.0
7591,Sin cobertura,50,10,2010,560.0,603.0
7592,Sin cobertura,50,10,2022,764.0,782.0
7593,Sin cobertura,50,14,2010,5841.0,6502.0
7594,Sin cobertura,50,14,2022,7159.0,7728.0
7595,Sin cobertura,50,18,2010,2092.0,2171.0
7596,Sin cobertura,50,18,2022,2391.0,2652.0
7597,Sin cobertura,50,22,2010,2481.0,2934.0
7598,Sin cobertura,50,22,2022,2481.0,2650.0
7599,Sin cobertura,50,26,2010,633.0,882.0
7600,Sin cobertura,50,26,2022,754.0,880.0
7601,Sin cobertura,50,30,2010,1918.0,2392.0
7602,Sin cobertura,50,30,2022,2355.0,2766.0
7603,Sin cobertura,50,34,2010,1202.0,1319.0
7604,Sin cobertura,50,34,2022,1395.0,1629.0
7605,Sin cobertura,50,38,2010,1208.0,1142.0
7606,Sin cobertura,50,38,2022,1814.0,1812.0
7607,Sin cobertura,50,42,2010,480.0,531.0
7608,Sin cobertura,50,42,2022,569.0,630.0
7609,Sin cobertura,50,46,2010,421.0,570.0
7610,Sin cobertura,50,46,2022,619.0,718.0
7611,Sin cobertura,50,50,2010,3153.0,2933.0
7612,Sin cobertura,50,50,2022,3949.0,3877.0
7613,Sin cobertura,50,54,2010,1790.0,2317.0
7614,Sin cobertura,50,54,2022,2459.0,2738.0
7615,Sin cobertura,50,58,2010,965.0,952.0
7616,Sin cobertura,50,58,2022,1195.0,1283.0
7617,Sin cobertura,50,62,2010,1079.0,1349.0
7618,Sin cobertura,50,62,2022,1377.0,1526.0
7619,Sin cobertura,50,66,2010,2240.0,2210.0
7620,Sin cobertura,50,66,2022,3080.0,3077.0
7621,Sin cobertura,50,70,2010,1240.0,1340.0
7622,Sin cobertura,50,70,2022,1936.0,1760.0
7623,Sin cobertura,50,74,2010,677.0,802.0
7624,Sin cobertura,50,74,2022,991.0,1181.0
7625,Sin cobertura,50,78,2010,180.0,252.0
7626,Sin cobertura,50,78,2022,228.0,336.0
7627,Sin cobertura,50,82,2010,4971.0,4991.0
7628,Sin cobertura,50,82,2022,5613.0,5622.0
7629,Sin cobertura,50,86,2010,1809.0,2129.0
7630,Sin cobertura,50,86,2022,2272.0,2687.0
7631,Sin cobertura,50,90,2010,2036.0,2390.0
7632,Sin cobertura,50,90,2022,2575.0,2907.0
7633,Sin cobertura,50,94,2010,163.0,242.0
7634,Sin cobertura,50,94,2022,113.0,151.0
7635,Sin cobertura,51,2,2010,3275.0,2344.0
7636,Sin cobertura,51,2,2022,3121.0,2909.0
7637,Sin cobertura,51,6,2010,27117.0,27959.0
7638,Sin cobertura,51,6,2022,30883.0,31830.0
7639,Sin cobertura,51,10,2010,491.0,612.0
7640,Sin cobertura,51,10,2022,683.0,679.0
7641,Sin cobertura,51,14,2010,5078.0,5659.0
7642,Sin cobertura,51,14,2022,6643.0,6976.0
7643,Sin cobertura,51,18,2010,1826.0,2203.0
7644,Sin cobertura,51,18,2022,2072.0,2313.0
7645,Sin cobertura,51,22,2010,2159.0,2446.0
7646,Sin cobertura,51,22,2022,2255.0,2406.0
7647,Sin cobertura,51,26,2010,580.0,734.0
7648,Sin cobertura,51,26,2022,754.0,812.0
7649,Sin cobertura,51,30,2010,1771.0,1855.0
7650,Sin cobertura,51,30,2022,2200.0,2409.0
7651,Sin cobertura,51,34,2010,1096.0,932.0
7652,Sin cobertura,51,34,2022,1272.0,1429.0
7653,Sin cobertura,51,38,2010,1131.0,1137.0
7654,Sin cobertura,51,38,2022,1659.0,1828.0
7655,Sin cobertura,51,42,2010,370.0,560.0
7656,Sin cobertura,51,42,2022,506.0,621.0
7657,Sin cobertura,51,46,2010,346.0,439.0
7658,Sin cobertura,51,46,2022,578.0,651.0
7659,Sin cobertura,51,50,2010,2919.0,2897.0
7660,Sin cobertura,51,50,2022,3635.0,3522.0
7661,Sin cobertura,51,54,2010,1703.0,1947.0
7662,Sin cobertura,51,54,2022,2259.0,2461.0
7663,Sin cobertura,51,58,2010,846.0,907.0
7664,Sin cobertura,51,58,2022,1117.0,1165.0
7665,Sin cobertura,51,62,2010,848.0,1153.0
7666,Sin cobertura,51,62,2022,1265.0,1357.0
7667,Sin cobertura,51,66,2010,2020.0,2096.0
7668,Sin cobertura,51,66,2022,2873.0,2924.0
7669,Sin cobertura,51,70,2010,1178.0,1335.0
7670,Sin cobertura,51,70,2022,1688.0,1567.0
7671,Sin cobertura,51,74,2010,736.0,885.0
7672,Sin cobertura,51,74,2022,919.0,1037.0
7673,Sin cobertura,51,78,2010,133.0,212.0
7674,Sin cobertura,51,78,2022,196.0,249.0
7675,Sin cobertura,51,82,2010,4619.0,4967.0
7676,Sin cobertura,51,82,2022,5228.0,5295.0
7677,Sin cobertura,51,86,2010,1520.0,1838.0
7678,Sin cobertura,51,86,2022,2039.0,2341.0
7679,Sin cobertura,51,90,2010,1832.0,2164.0
7680,Sin cobertura,51,90,2022,2410.0,2774.0
7681,Sin cobertura,51,94,2010,115.0,188.0
7682,Sin cobertura,51,94,2022,110.0,122.0
7683,Sin cobertura,52,2,2010,2838.0,2714.0
7684,Sin cobertura,52,2,2022,3177.0,2883.0
7685,Sin cobertura,52,6,2010,27424.0,27202.0
7686,Sin cobertura,52,6,2022,30262.0,31028.0
7687,Sin cobertura,52,10,2010,509.0,471.0
7688,Sin cobertura,52,10,2022,669.0,666.0
7689,Sin cobertura,52,14,2010,4893.0,5317.0
7690,Sin cobertura,52,14,2022,6629.0,6893.0
7691,Sin cobertura,52,18,2010,1798.0,2059.0
7692,Sin cobertura,52,18,2022,2070.0,2480.0
7693,Sin cobertura,52,22,2010,2109.0,2619.0
7694,Sin cobertura,52,22,2022,2061.0,2445.0
7695,Sin cobertura,52,26,2010,531.0,607.0
7696,Sin cobertura,52,26,2022,742.0,801.0
7697,Sin cobertura,52,30,2010,1879.0,1833.0
7698,Sin cobertura,52,30,2022,1986.0,2358.0
7699,Sin cobertura,52,34,2010,971.0,1047.0
7700,Sin cobertura,52,34,2022,1213.0,1311.0
7701,Sin cobertura,52,38,2010,1027.0,1103.0
7702,Sin cobertura,52,38,2022,1675.0,1747.0
7703,Sin cobertura,52,42,2010,423.0,618.0
7704,Sin cobertura,52,42,2022,492.0,580.0
7705,Sin cobertura,52,46,2010,316.0,445.0
7706,Sin cobertura,52,46,2022,521.0,604.0
7707,Sin cobertura,52,50,2010,3289.0,2907.0
7708,Sin cobertura,52,50,2022,3606.0,3665.0
7709,Sin cobertura,52,54,2010,1680.0,1938.0
7710,Sin cobertura,52,54,2022,2198.0,2401.0
7711,Sin cobertura,52,58,2010,903.0,991.0
7712,Sin cobertura,52,58,2022,1068.0,1168.0
7713,Sin cobertura,52,62,2010,878.0,1000.0
7714,Sin cobertura,52,62,2022,1191.0,1381.0
7715,Sin cobertura,52,66,2010,2214.0,2052.0
7716,Sin cobertura,52,66,2022,2837.0,2953.0
7717,Sin cobertura,52,70,2010,1126.0,1233.0
7718,Sin cobertura,52,70,2022,1604.0,1656.0
7719,Sin cobertura,52,74,2010,762.0,878.0
7720,Sin cobertura,52,74,2022,869.0,977.0
7721,Sin cobertura,52,78,2010,154.0,207.0
7722,Sin cobertura,52,78,2022,233.0,265.0
7723,Sin cobertura,52,82,2010,4175.0,4680.0
7724,Sin cobertura,52,82,2022,5083.0,5207.0
7725,Sin cobertura,52,86,2010,1403.0,1815.0
7726,Sin cobertura,52,86,2022,1819.0,2219.0
7727,Sin cobertura,52,90,2010,2083.0,2231.0
7728,Sin cobertura,52,90,2022,2257.0,2602.0
7729,Sin cobertura,52,94,2010,105.0,162.0
7730,Sin cobertura,52,94,2022,115.0,109.0
7731,Sin cobertura,53,2,2010,2864.0,2192.0
7732,Sin cobertura,53,2,2022,2998.0,2768.0
7733,Sin cobertura,53,6,2010,27111.0,28329.0
7734,Sin cobertura,53,6,2022,28209.0,28296.0
7735,Sin cobertura,53,10,2010,540.0,501.0
7736,Sin cobertura,53,10,2022,642.0,561.0
7737,Sin cobertura,53,14,2010,4902.0,5796.0
7738,Sin cobertura,53,14,2022,5935.0,6513.0
7739,Sin cobertura,53,18,2010,1806.0,2035.0
7740,Sin cobertura,53,18,2022,1852.0,2194.0
7741,Sin cobertura,53,22,2010,2310.0,2722.0
7742,Sin cobertura,53,22,2022,2003.0,2142.0
7743,Sin cobertura,53,26,2010,646.0,784.0
7744,Sin cobertura,53,26,2022,662.0,758.0
7745,Sin cobertura,53,30,2010,1737.0,2189.0
7746,Sin cobertura,53,30,2022,1976.0,2193.0
7747,Sin cobertura,53,34,2010,1038.0,1278.0
7748,Sin cobertura,53,34,2022,1152.0,1299.0
7749,Sin cobertura,53,38,2010,1149.0,1089.0
7750,Sin cobertura,53,38,2022,1527.0,1513.0
7751,Sin cobertura,53,42,2010,363.0,537.0
7752,Sin cobertura,53,42,2022,482.0,523.0
7753,Sin cobertura,53,46,2010,358.0,435.0
7754,Sin cobertura,53,46,2022,513.0,562.0
7755,Sin cobertura,53,50,2010,2974.0,3042.0
7756,Sin cobertura,53,50,2022,3384.0,3344.0
7757,Sin cobertura,53,54,2010,1772.0,2125.0
7758,Sin cobertura,53,54,2022,2042.0,2248.0
7759,Sin cobertura,53,58,2010,784.0,1031.0
7760,Sin cobertura,53,58,2022,1063.0,1011.0
7761,Sin cobertura,53,62,2010,962.0,1179.0
7762,Sin cobertura,53,62,2022,1118.0,1273.0
7763,Sin cobertura,53,66,2010,2157.0,2225.0
7764,Sin cobertura,53,66,2022,2538.0,2789.0
7765,Sin cobertura,53,70,2010,1192.0,1053.0
7766,Sin cobertura,53,70,2022,1450.0,1445.0
7767,Sin cobertura,53,74,2010,657.0,873.0
7768,Sin cobertura,53,74,2022,738.0,968.0
7769,Sin cobertura,53,78,2010,178.0,213.0
7770,Sin cobertura,53,78,2022,197.0,231.0
7771,Sin cobertura,53,82,2010,4468.0,4672.0
7772,Sin cobertura,53,82,2022,4604.0,4785.0
7773,Sin cobertura,53,86,2010,1361.0,1963.0
7774,Sin cobertura,53,86,2022,1733.0,2145.0
7775,Sin cobertura,53,90,2010,1945.0,2408.0
7776,Sin cobertura,53,90,2022,2134.0,2434.0
7777,Sin cobertura,53,94,2010,99.0,153.0
7778,Sin cobertura,53,94,2022,118.0,112.0
7779,Sin cobertura,54,2,2010,2841.0,2413.0
7780,Sin cobertura,54,2,2022,2856.0,2652.0
7781,Sin cobertura,54,6,2010,26726.0,27079.0
7782,Sin cobertura,54,6,2022,26932.0,27715.0
7783,Sin cobertura,54,10,2010,422.0,502.0
7784,Sin cobertura,54,10,2022,557.0,559.0
7785,Sin cobertura,54,14,2010,5084.0,5581.0
7786,Sin cobertura,54,14,2022,5736.0,6236.0
7787,Sin cobertura,54,18,2010,1804.0,2149.0
7788,Sin cobertura,54,18,2022,1914.0,2227.0
7789,Sin cobertura,54,22,2010,1905.0,2462.0
7790,Sin cobertura,54,22,2022,2045.0,2258.0
7791,Sin cobertura,54,26,2010,538.0,685.0
7792,Sin cobertura,54,26,2022,663.0,699.0
7793,Sin cobertura,54,30,2010,1747.0,1998.0
7794,Sin cobertura,54,30,2022,1888.0,2136.0
7795,Sin cobertura,54,34,2010,955.0,1189.0
7796,Sin cobertura,54,34,2022,1125.0,1349.0
7797,Sin cobertura,54,38,2010,1011.0,1073.0
7798,Sin cobertura,54,38,2022,1357.0,1406.0
7799,Sin cobertura,54,42,2010,418.0,469.0
7800,Sin cobertura,54,42,2022,477.0,509.0
7801,Sin cobertura,54,46,2010,437.0,344.0
7802,Sin cobertura,54,46,2022,504.0,503.0
7803,Sin cobertura,54,50,2010,3163.0,2970.0
7804,Sin cobertura,54,50,2022,3219.0,3235.0
7805,Sin cobertura,54,54,2010,1423.0,1854.0
7806,Sin cobertura,54,54,2022,2047.0,2192.0
7807,Sin cobertura,54,58,2010,721.0,862.0
7808,Sin cobertura,54,58,2022,938.0,961.0
7809,Sin cobertura,54,62,2010,980.0,1033.0
7810,Sin cobertura,54,62,2022,1200.0,1251.0
7811,Sin cobertura,54,66,2010,1823.0,2406.0
7812,Sin cobertura,54,66,2022,2405.0,2580.0
7813,Sin cobertura,54,70,2010,1138.0,1226.0
7814,Sin cobertura,54,70,2022,1430.0,1377.0
7815,Sin cobertura,54,74,2010,602.0,845.0
7816,Sin cobertura,54,74,2022,711.0,914.0
7817,Sin cobertura,54,78,2010,127.0,222.0
7818,Sin cobertura,54,78,2022,168.0,226.0
7819,Sin cobertura,54,82,2010,4050.0,4501.0
7820,Sin cobertura,54,82,2022,4519.0,4630.0
7821,Sin cobertura,54,86,2010,1445.0,1693.0
7822,Sin cobertura,54,86,2022,1676.0,2170.0
7823,Sin cobertura,54,90,2010,2013.0,2155.0
7824,Sin cobertura,54,90,2022,2045.0,2281.0
7825,Sin cobertura,54,94,2010,71.0,121.0
7826,Sin cobertura,54,94,2022,113.0,119.0
7827,Sin cobertura,55,2,2010,2641.0,2488.0
7828,Sin cobertura,55,2,2022,2782.0,2554.0
7829,Sin cobertura,55,6,2010,25687.0,26705.0
7830,Sin cobertura,55,6,2022,26094.0,27082.0
7831,Sin cobertura,55,10,2010,359.0,498.0
7832,Sin cobertura,55,10,2022,536.0,565.0
7833,Sin cobertura,55,14,2010,4676.0,5312.0
7834,Sin cobertura,55,14,2022,5550.0,5940.0
7835,Sin cobertura,55,18,2010,1759.0,2183.0
7836,Sin cobertura,55,18,2022,1714.0,2129.0
7837,Sin cobertura,55,22,2010,1771.0,2188.0
7838,Sin cobertura,55,22,2022,2025.0,2115.0
7839,Sin cobertura,55,26,2010,511.0,767.0
7840,Sin cobertura,55,26,2022,610.0,715.0
7841,Sin cobertura,55,30,2010,1709.0,2079.0
7842,Sin cobertura,55,30,2022,1833.0,2150.0
7843,Sin cobertura,55,34,2010,821.0,955.0
7844,Sin cobertura,55,34,2022,1173.0,1293.0
7845,Sin cobertura,55,38,2010,1002.0,927.0
7846,Sin cobertura,55,38,2022,1295.0,1318.0
7847,Sin cobertura,55,42,2010,451.0,633.0
7848,Sin cobertura,55,42,2022,466.0,555.0
7849,Sin cobertura,55,46,2010,427.0,375.0
7850,Sin cobertura,55,46,2022,448.0,460.0
7851,Sin cobertura,55,50,2010,2878.0,3074.0
7852,Sin cobertura,55,50,2022,3142.0,2962.0
7853,Sin cobertura,55,54,2010,1417.0,2043.0
7854,Sin cobertura,55,54,2022,1960.0,2158.0
7855,Sin cobertura,55,58,2010,785.0,957.0
7856,Sin cobertura,55,58,2022,1041.0,960.0
7857,Sin cobertura,55,62,2010,932.0,965.0
7858,Sin cobertura,55,62,2022,1156.0,1237.0
7859,Sin cobertura,55,66,2010,1686.0,2132.0
7860,Sin cobertura,55,66,2022,2338.0,2476.0
7861,Sin cobertura,55,70,2010,1470.0,1170.0
7862,Sin cobertura,55,70,2022,1402.0,1394.0
7863,Sin cobertura,55,74,2010,568.0,785.0
7864,Sin cobertura,55,74,2022,756.0,932.0
7865,Sin cobertura,55,78,2010,119.0,176.0
7866,Sin cobertura,55,78,2022,182.0,238.0
7867,Sin cobertura,55,82,2010,3933.0,4612.0
7868,Sin cobertura,55,82,2022,4523.0,4647.0
7869,Sin cobertura,55,86,2010,1375.0,1941.0
7870,Sin cobertura,55,86,2022,1588.0,1895.0
7871,Sin cobertura,55,90,2010,1702.0,2224.0
7872,Sin cobertura,55,90,2022,1984.0,2190.0
7873,Sin cobertura,55,94,2010,90.0,122.0
7874,Sin cobertura,55,94,2022,102.0,135.0
7875,Sin cobertura,56,2,2010,2851.0,2359.0
7876,Sin cobertura,56,2,2022,2838.0,2552.0
7877,Sin cobertura,56,6,2010,24639.0,26074.0
7878,Sin cobertura,56,6,2022,26027.0,26889.0
7879,Sin cobertura,56,10,2010,411.0,401.0
7880,Sin cobertura,56,10,2022,528.0,559.0
7881,Sin cobertura,56,14,2010,4415.0,5135.0
7882,Sin cobertura,56,14,2022,5520.0,6126.0
7883,Sin cobertura,56,18,2010,1722.0,2081.0
7884,Sin cobertura,56,18,2022,1826.0,2179.0
7885,Sin cobertura,56,22,2010,1757.0,2248.0
7886,Sin cobertura,56,22,2022,1940.0,2108.0
7887,Sin cobertura,56,26,2010,541.0,650.0
7888,Sin cobertura,56,26,2022,632.0,717.0
7889,Sin cobertura,56,30,2010,1588.0,1839.0
7890,Sin cobertura,56,30,2022,1769.0,2152.0
7891,Sin cobertura,56,34,2010,971.0,1001.0
7892,Sin cobertura,56,34,2022,1110.0,1251.0
7893,Sin cobertura,56,38,2010,969.0,1059.0
7894,Sin cobertura,56,38,2022,1320.0,1290.0
7895,Sin cobertura,56,42,2010,421.0,671.0
7896,Sin cobertura,56,42,2022,428.0,605.0
7897,Sin cobertura,56,46,2010,367.0,412.0
7898,Sin cobertura,56,46,2022,405.0,484.0
7899,Sin cobertura,56,50,2010,3192.0,2837.0
7900,Sin cobertura,56,50,2022,2989.0,3038.0
7901,Sin cobertura,56,54,2010,1331.0,1840.0
7902,Sin cobertura,56,54,2022,1994.0,2243.0
7903,Sin cobertura,56,58,2010,744.0,878.0
7904,Sin cobertura,56,58,2022,908.0,1024.0
7905,Sin cobertura,56,62,2010,824.0,1011.0
7906,Sin cobertura,56,62,2022,1157.0,1299.0
7907,Sin cobertura,56,66,2010,1896.0,2052.0
7908,Sin cobertura,56,66,2022,2458.0,2544.0
7909,Sin cobertura,56,70,2010,935.0,1168.0
7910,Sin cobertura,56,70,2022,1282.0,1335.0
7911,Sin cobertura,56,74,2010,504.0,634.0
7912,Sin cobertura,56,74,2022,698.0,923.0
7913,Sin cobertura,56,78,2010,118.0,188.0
7914,Sin cobertura,56,78,2022,181.0,208.0
7915,Sin cobertura,56,82,2010,3898.0,4601.0
7916,Sin cobertura,56,82,2022,4459.0,4694.0
7917,Sin cobertura,56,86,2010,1303.0,1808.0
7918,Sin cobertura,56,86,2022,1602.0,1968.0
7919,Sin cobertura,56,90,2010,1934.0,2069.0
7920,Sin cobertura,56,90,2022,1998.0,2098.0
7921,Sin cobertura,56,94,2010,114.0,118.0
7922,Sin cobertura,56,94,2022,93.0,108.0
7923,Sin cobertura,57,2,2010,2468.0,2360.0
7924,Sin cobertura,57,2,2022,2670.0,2478.0
7925,Sin cobertura,57,6,2010,23508.0,24811.0
7926,Sin cobertura,57,6,2022,25312.0,26280.0
7927,Sin cobertura,57,10,2010,399.0,457.0
7928,Sin cobertura,57,10,2022,461.0,529.0
7929,Sin cobertura,57,14,2010,4618.0,4969.0
7930,Sin cobertura,57,14,2022,5368.0,6028.0
7931,Sin cobertura,57,18,2010,1427.0,2030.0
7932,Sin cobertura,57,18,2022,1660.0,2050.0
7933,Sin cobertura,57,22,2010,1728.0,2386.0
7934,Sin cobertura,57,22,2022,1851.0,2100.0
7935,Sin cobertura,57,26,2010,499.0,607.0
7936,Sin cobertura,57,26,2022,609.0,739.0
7937,Sin cobertura,57,30,2010,1575.0,1823.0
7938,Sin cobertura,57,30,2022,1788.0,2115.0
7939,Sin cobertura,57,34,2010,735.0,950.0
7940,Sin cobertura,57,34,2022,979.0,1217.0
7941,Sin cobertura,57,38,2010,977.0,1088.0
7942,Sin cobertura,57,38,2022,1367.0,1266.0
7943,Sin cobertura,57,42,2010,349.0,408.0
7944,Sin cobertura,57,42,2022,426.0,559.0
7945,Sin cobertura,57,46,2010,271.0,397.0
7946,Sin cobertura,57,46,2022,427.0,482.0
7947,Sin cobertura,57,50,2010,2668.0,3022.0
7948,Sin cobertura,57,50,2022,3098.0,3061.0
7949,Sin cobertura,57,54,2010,1378.0,1611.0
7950,Sin cobertura,57,54,2022,1901.0,2240.0
7951,Sin cobertura,57,58,2010,648.0,913.0
7952,Sin cobertura,57,58,2022,917.0,993.0
7953,Sin cobertura,57,62,2010,786.0,917.0
7954,Sin cobertura,57,62,2022,1062.0,1215.0
7955,Sin cobertura,57,66,2010,1751.0,1903.0
7956,Sin cobertura,57,66,2022,2241.0,2466.0
7957,Sin cobertura,57,70,2010,1073.0,1175.0
7958,Sin cobertura,57,70,2022,1281.0,1303.0
7959,Sin cobertura,57,74,2010,523.0,748.0
7960,Sin cobertura,57,74,2022,725.0,917.0
7961,Sin cobertura,57,78,2010,139.0,199.0
7962,Sin cobertura,57,78,2022,158.0,227.0
7963,Sin cobertura,57,82,2010,3549.0,4335.0
7964,Sin cobertura,57,82,2022,4359.0,4636.0
7965,Sin cobertura,57,86,2010,1075.0,1783.0
7966,Sin cobertura,57,86,2022,1474.0,1965.0
7967,Sin cobertura,57,90,2010,1797.0,2092.0
7968,Sin cobertura,57,90,2022,1860.0,2208.0
7969,Sin cobertura,57,94,2010,70.0,118.0
7970,Sin cobertura,57,94,2022,88.0,114.0
7971,Sin cobertura,58,2,2010,2630.0,2212.0
7972,Sin cobertura,58,2,2022,2765.0,2343.0
7973,Sin cobertura,58,6,2010,22808.0,25533.0
7974,Sin cobertura,58,6,2022,24798.0,25801.0
7975,Sin cobertura,58,10,2010,452.0,427.0
7976,Sin cobertura,58,10,2022,443.0,504.0
7977,Sin cobertura,58,14,2010,4311.0,5042.0
7978,Sin cobertura,58,14,2022,5211.0,5648.0
7979,Sin cobertura,58,18,2010,1540.0,1911.0
7980,Sin cobertura,58,18,2022,1631.0,1970.0
7981,Sin cobertura,58,22,2010,1703.0,2102.0
7982,Sin cobertura,58,22,2022,1821.0,1919.0
7983,Sin cobertura,58,26,2010,488.0,573.0
7984,Sin cobertura,58,26,2022,621.0,671.0
7985,Sin cobertura,58,30,2010,1515.0,1780.0
7986,Sin cobertura,58,30,2022,1672.0,1966.0
7987,Sin cobertura,58,34,2010,779.0,1050.0
7988,Sin cobertura,58,34,2022,917.0,1156.0
7989,Sin cobertura,58,38,2010,899.0,985.0
7990,Sin cobertura,58,38,2022,1276.0,1175.0
7991,Sin cobertura,58,42,2010,377.0,552.0
7992,Sin cobertura,58,42,2022,405.0,517.0
7993,Sin cobertura,58,46,2010,299.0,310.0
7994,Sin cobertura,58,46,2022,403.0,435.0
7995,Sin cobertura,58,50,2010,2957.0,2864.0
7996,Sin cobertura,58,50,2022,2974.0,2992.0
7997,Sin cobertura,58,54,2010,1273.0,1659.0
7998,Sin cobertura,58,54,2022,1845.0,2110.0
7999,Sin cobertura,58,58,2010,685.0,833.0
8000,Sin cobertura,58,58,2022,895.0,861.0
8001,Sin cobertura,58,62,2010,808.0,977.0
8002,Sin cobertura,58,62,2022,1053.0,1199.0
8003,Sin cobertura,58,66,2010,1660.0,1927.0
8004,Sin cobertura,58,66,2022,2122.0,2377.0
8005,Sin cobertura,58,70,2010,1102.0,1189.0
8006,Sin cobertura,58,70,2022,1246.0,1312.0
8007,Sin cobertura,58,74,2010,653.0,668.0
8008,Sin cobertura,58,74,2022,705.0,890.0
8009,Sin cobertura,58,78,2010,148.0,161.0
8010,Sin cobertura,58,78,2022,163.0,204.0
8011,Sin cobertura,58,82,2010,3644.0,4308.0
8012,Sin cobertura,58,82,2022,4181.0,4509.0
8013,Sin cobertura,58,86,2010,1088.0,1677.0
8014,Sin cobertura,58,86,2022,1338.0,1788.0
8015,Sin cobertura,58,90,2010,1536.0,1862.0
8016,Sin cobertura,58,90,2022,1755.0,1989.0
8017,Sin cobertura,58,94,2010,77.0,109.0
8018,Sin cobertura,58,94,2022,100.0,125.0
8019,Sin cobertura,59,2,2010,2286.0,1891.0
8020,Sin cobertura,59,2,2022,2775.0,2400.0
8021,Sin cobertura,59,6,2010,22189.0,23940.0
8022,Sin cobertura,59,6,2022,24860.0,25376.0
8023,Sin cobertura,59,10,2010,386.0,403.0
8024,Sin cobertura,59,10,2022,462.0,455.0
8025,Sin cobertura,59,14,2010,4332.0,4929.0
8026,Sin cobertura,59,14,2022,5115.0,5608.0
8027,Sin cobertura,59,18,2010,1392.0,1889.0
8028,Sin cobertura,59,18,2022,1561.0,1730.0
8029,Sin cobertura,59,22,2010,1588.0,1998.0
8030,Sin cobertura,59,22,2022,1732.0,1670.0
8031,Sin cobertura,59,26,2010,402.0,568.0
8032,Sin cobertura,59,26,2022,567.0,634.0
8033,Sin cobertura,59,30,2010,1386.0,1680.0
8034,Sin cobertura,59,30,2022,1634.0,1868.0
8035,Sin cobertura,59,34,2010,796.0,941.0
8036,Sin cobertura,59,34,2022,922.0,1119.0
8037,Sin cobertura,59,38,2010,724.0,777.0
8038,Sin cobertura,59,38,2022,1234.0,1199.0
8039,Sin cobertura,59,42,2010,358.0,461.0
8040,Sin cobertura,59,42,2022,404.0,504.0
8041,Sin cobertura,59,46,2010,209.0,293.0
8042,Sin cobertura,59,46,2022,418.0,430.0
8043,Sin cobertura,59,50,2010,2533.0,2618.0
8044,Sin cobertura,59,50,2022,2977.0,3060.0
8045,Sin cobertura,59,54,2010,1073.0,1476.0
8046,Sin cobertura,59,54,2022,1845.0,1968.0
8047,Sin cobertura,59,58,2010,538.0,721.0
8048,Sin cobertura,59,58,2022,897.0,940.0
8049,Sin cobertura,59,62,2010,623.0,960.0
8050,Sin cobertura,59,62,2022,979.0,1185.0
8051,Sin cobertura,59,66,2010,1405.0,1691.0
8052,Sin cobertura,59,66,2022,2166.0,2411.0
8053,Sin cobertura,59,70,2010,854.0,1014.0
8054,Sin cobertura,59,70,2022,1317.0,1320.0
8055,Sin cobertura,59,74,2010,480.0,873.0
8056,Sin cobertura,59,74,2022,645.0,815.0
8057,Sin cobertura,59,78,2010,104.0,165.0
8058,Sin cobertura,59,78,2022,151.0,195.0
8059,Sin cobertura,59,82,2010,3276.0,4138.0
8060,Sin cobertura,59,82,2022,4202.0,4373.0
8061,Sin cobertura,59,86,2010,1070.0,1560.0
8062,Sin cobertura,59,86,2022,1363.0,1684.0
8063,Sin cobertura,59,90,2010,1447.0,1907.0
8064,Sin cobertura,59,90,2022,1772.0,2021.0
8065,Sin cobertura,59,94,2010,78.0,89.0
8066,Sin cobertura,59,94,2022,84.0,137.0
8067,Sin cobertura,60,2,2010,2588.0,2204.0
8068,Sin cobertura,60,2,2022,2496.0,2397.0
8069,Sin cobertura,60,6,2010,21316.0,23642.0
8070,Sin cobertura,60,6,2022,20964.0,23435.0
8071,Sin cobertura,60,10,2010,349.0,419.0
8072,Sin cobertura,60,10,2022,432.0,461.0
8073,Sin cobertura,60,14,2010,3725.0,4886.0
8074,Sin cobertura,60,14,2022,4408.0,5206.0
8075,Sin cobertura,60,18,2010,1269.0,1794.0
8076,Sin cobertura,60,18,2022,1347.0,1709.0
8077,Sin cobertura,60,22,2010,1298.0,1801.0
8078,Sin cobertura,60,22,2022,1445.0,1609.0
8079,Sin cobertura,60,26,2010,447.0,610.0
8080,Sin cobertura,60,26,2022,464.0,633.0
8081,Sin cobertura,60,30,2010,1309.0,1739.0
8082,Sin cobertura,60,30,2022,1359.0,1796.0
8083,Sin cobertura,60,34,2010,732.0,907.0
8084,Sin cobertura,60,34,2022,812.0,1006.0
8085,Sin cobertura,60,38,2010,957.0,1019.0
8086,Sin cobertura,60,38,2022,1125.0,1163.0
8087,Sin cobertura,60,42,2010,276.0,474.0
8088,Sin cobertura,60,42,2022,313.0,480.0
8089,Sin cobertura,60,46,2010,322.0,286.0
8090,Sin cobertura,60,46,2022,369.0,423.0
8091,Sin cobertura,60,50,2010,2344.0,2847.0
8092,Sin cobertura,60,50,2022,2478.0,2870.0
8093,Sin cobertura,60,54,2010,1069.0,1512.0
8094,Sin cobertura,60,54,2022,1542.0,1922.0
8095,Sin cobertura,60,58,2010,660.0,674.0
8096,Sin cobertura,60,58,2022,791.0,920.0
8097,Sin cobertura,60,62,2010,790.0,1076.0
8098,Sin cobertura,60,62,2022,813.0,1076.0
8099,Sin cobertura,60,66,2010,1455.0,1667.0
8100,Sin cobertura,60,66,2022,1873.0,2167.0
8101,Sin cobertura,60,70,2010,972.0,1037.0
8102,Sin cobertura,60,70,2022,1051.0,1199.0
8103,Sin cobertura,60,74,2010,476.0,644.0
8104,Sin cobertura,60,74,2022,602.0,785.0
8105,Sin cobertura,60,78,2010,129.0,194.0
8106,Sin cobertura,60,78,2022,95.0,162.0
8107,Sin cobertura,60,82,2010,2847.0,3663.0
8108,Sin cobertura,60,82,2022,3255.0,4107.0
8109,Sin cobertura,60,86,2010,1299.0,1617.0
8110,Sin cobertura,60,86,2022,1257.0,1629.0
8111,Sin cobertura,60,90,2010,1603.0,1718.0
8112,Sin cobertura,60,90,2022,1554.0,1934.0
8113,Sin cobertura,60,94,2010,46.0,118.0
8114,Sin cobertura,60,94,2022,99.0,129.0
8115,Sin cobertura,61,2,2010,1463.0,1968.0
8116,Sin cobertura,61,2,2022,2040.0,2156.0
8117,Sin cobertura,61,6,2010,11328.0,20677.0
8118,Sin cobertura,61,6,2022,14735.0,21871.0
8119,Sin cobertura,61,10,2010,177.0,407.0
8120,Sin cobertura,61,10,2022,266.0,390.0
8121,Sin cobertura,61,14,2010,1828.0,4078.0
8122,Sin cobertura,61,14,2022,2638.0,4841.0
8123,Sin cobertura,61,18,2010,856.0,1590.0
8124,Sin cobertura,61,18,2022,973.0,1548.0
8125,Sin cobertura,61,22,2010,817.0,1518.0
8126,Sin cobertura,61,22,2022,1109.0,1643.0
8127,Sin cobertura,61,26,2010,372.0,491.0
8128,Sin cobertura,61,26,2022,310.0,577.0
8129,Sin cobertura,61,30,2010,786.0,1573.0
8130,Sin cobertura,61,30,2022,930.0,1619.0
8131,Sin cobertura,61,34,2010,488.0,750.0
8132,Sin cobertura,61,34,2022,660.0,872.0
8133,Sin cobertura,61,38,2010,591.0,745.0
8134,Sin cobertura,61,38,2022,813.0,1041.0
8135,Sin cobertura,61,42,2010,106.0,441.0
8136,Sin cobertura,61,42,2022,179.0,405.0
8137,Sin cobertura,61,46,2010,200.0,339.0
8138,Sin cobertura,61,46,2022,244.0,391.0
8139,Sin cobertura,61,50,2010,1156.0,2431.0
8140,Sin cobertura,61,50,2022,1671.0,2655.0
8141,Sin cobertura,61,54,2010,787.0,1155.0
8142,Sin cobertura,61,54,2022,1166.0,1812.0
8143,Sin cobertura,61,58,2010,433.0,667.0
8144,Sin cobertura,61,58,2022,536.0,827.0
8145,Sin cobertura,61,62,2010,459.0,887.0
8146,Sin cobertura,61,62,2022,574.0,972.0
8147,Sin cobertura,61,66,2010,1039.0,1416.0
8148,Sin cobertura,61,66,2022,1511.0,2031.0
8149,Sin cobertura,61,70,2010,668.0,1004.0
8150,Sin cobertura,61,70,2022,758.0,1062.0
8151,Sin cobertura,61,74,2010,242.0,510.0
8152,Sin cobertura,61,74,2022,424.0,697.0
8153,Sin cobertura,61,78,2010,84.0,162.0
8154,Sin cobertura,61,78,2022,77.0,153.0
8155,Sin cobertura,61,82,2010,1554.0,3207.0
8156,Sin cobertura,61,82,2022,2328.0,3757.0
8157,Sin cobertura,61,86,2010,590.0,1257.0
8158,Sin cobertura,61,86,2022,977.0,1523.0
8159,Sin cobertura,61,90,2010,778.0,1587.0
8160,Sin cobertura,61,90,2022,1169.0,1687.0
8161,Sin cobertura,61,94,2010,33.0,78.0
8162,Sin cobertura,61,94,2022,55.0,97.0
8163,Sin cobertura,62,2,2010,1308.0,1666.0
8164,Sin cobertura,62,2,2022,1757.0,2090.0
8165,Sin cobertura,62,6,2010,9438.0,20015.0
8166,Sin cobertura,62,6,2022,11863.0,21469.0
8167,Sin cobertura,62,10,2010,193.0,286.0
8168,Sin cobertura,62,10,2022,239.0,395.0
8169,Sin cobertura,62,14,2010,1320.0,3853.0
8170,Sin cobertura,62,14,2022,2025.0,4648.0
8171,Sin cobertura,62,18,2010,610.0,1531.0
8172,Sin cobertura,62,18,2022,800.0,1465.0
8173,Sin cobertura,62,22,2010,679.0,1491.0
8174,Sin cobertura,62,22,2022,919.0,1679.0
8175,Sin cobertura,62,26,2010,208.0,477.0
8176,Sin cobertura,62,26,2022,229.0,481.0
8177,Sin cobertura,62,30,2010,551.0,1489.0
8178,Sin cobertura,62,30,2022,766.0,1571.0
8179,Sin cobertura,62,34,2010,469.0,709.0
8180,Sin cobertura,62,34,2022,608.0,922.0
8181,Sin cobertura,62,38,2010,410.0,762.0
8182,Sin cobertura,62,38,2022,787.0,1018.0
8183,Sin cobertura,62,42,2010,100.0,412.0
8184,Sin cobertura,62,42,2022,104.0,395.0
8185,Sin cobertura,62,46,2010,193.0,282.0
8186,Sin cobertura,62,46,2022,216.0,415.0
8187,Sin cobertura,62,50,2010,766.0,2534.0
8188,Sin cobertura,62,50,2022,1259.0,2461.0
8189,Sin cobertura,62,54,2010,655.0,1211.0
8190,Sin cobertura,62,54,2022,977.0,1716.0
8191,Sin cobertura,62,58,2010,349.0,702.0
8192,Sin cobertura,62,58,2022,492.0,801.0
8193,Sin cobertura,62,62,2010,315.0,802.0
8194,Sin cobertura,62,62,2022,448.0,859.0
8195,Sin cobertura,62,66,2010,642.0,1508.0
8196,Sin cobertura,62,66,2022,1314.0,1877.0
8197,Sin cobertura,62,70,2010,553.0,876.0
8198,Sin cobertura,62,70,2022,574.0,1055.0
8199,Sin cobertura,62,74,2010,306.0,578.0
8200,Sin cobertura,62,74,2022,356.0,675.0
8201,Sin cobertura,62,78,2010,40.0,148.0
8202,Sin cobertura,62,78,2022,76.0,153.0
8203,Sin cobertura,62,82,2010,1173.0,3395.0
8204,Sin cobertura,62,82,2022,1631.0,3587.0
8205,Sin cobertura,62,86,2010,438.0,1198.0
8206,Sin cobertura,62,86,2022,841.0,1530.0
8207,Sin cobertura,62,90,2010,471.0,1430.0
8208,Sin cobertura,62,90,2022,949.0,1729.0
8209,Sin cobertura,62,94,2010,18.0,77.0
8210,Sin cobertura,62,94,2022,40.0,112.0
8211,Sin cobertura,63,2,2010,1151.0,1739.0
8212,Sin cobertura,63,2,2022,1449.0,2026.0
8213,Sin cobertura,63,6,2010,6065.0,19294.0
8214,Sin cobertura,63,6,2022,7981.0,19930.0
8215,Sin cobertura,63,10,2010,150.0,375.0
8216,Sin cobertura,63,10,2022,168.0,420.0
8217,Sin cobertura,63,14,2010,907.0,3952.0
8218,Sin cobertura,63,14,2022,1312.0,4126.0
8219,Sin cobertura,63,18,2010,369.0,1345.0
8220,Sin cobertura,63,18,2022,577.0,1360.0
8221,Sin cobertura,63,22,2010,499.0,1306.0
8222,Sin cobertura,63,22,2022,673.0,1545.0
8223,Sin cobertura,63,26,2010,170.0,385.0
8224,Sin cobertura,63,26,2022,195.0,444.0
8225,Sin cobertura,63,30,2010,441.0,1373.0
8226,Sin cobertura,63,30,2022,568.0,1376.0
8227,Sin cobertura,63,34,2010,458.0,669.0
8228,Sin cobertura,63,34,2022,574.0,856.0
8229,Sin cobertura,63,38,2010,366.0,768.0
8230,Sin cobertura,63,38,2022,652.0,967.0
8231,Sin cobertura,63,42,2010,83.0,434.0
8232,Sin cobertura,63,42,2022,87.0,375.0
8233,Sin cobertura,63,46,2010,88.0,230.0
8234,Sin cobertura,63,46,2022,168.0,349.0
8235,Sin cobertura,63,50,2010,597.0,2221.0
8236,Sin cobertura,63,50,2022,887.0,2331.0
8237,Sin cobertura,63,54,2010,452.0,1222.0
8238,Sin cobertura,63,54,2022,838.0,1594.0
8239,Sin cobertura,63,58,2010,221.0,491.0
8240,Sin cobertura,63,58,2022,397.0,663.0
8241,Sin cobertura,63,62,2010,264.0,763.0
8242,Sin cobertura,63,62,2022,323.0,835.0
8243,Sin cobertura,63,66,2010,480.0,1269.0
8244,Sin cobertura,63,66,2022,1047.0,1744.0
8245,Sin cobertura,63,70,2010,404.0,935.0
8246,Sin cobertura,63,70,2022,455.0,1038.0
8247,Sin cobertura,63,74,2010,130.0,518.0
8248,Sin cobertura,63,74,2022,252.0,657.0
8249,Sin cobertura,63,78,2010,78.0,115.0
8250,Sin cobertura,63,78,2022,60.0,126.0
8251,Sin cobertura,63,82,2010,714.0,2948.0
8252,Sin cobertura,63,82,2022,1164.0,3253.0
8253,Sin cobertura,63,86,2010,296.0,1142.0
8254,Sin cobertura,63,86,2022,656.0,1337.0
8255,Sin cobertura,63,90,2010,410.0,1339.0
8256,Sin cobertura,63,90,2022,711.0,1568.0
8257,Sin cobertura,63,94,2010,6.0,69.0
8258,Sin cobertura,63,94,2022,35.0,92.0
8259,Sin cobertura,64,2,2010,823.0,1718.0
8260,Sin cobertura,64,2,2022,1159.0,1843.0
8261,Sin cobertura,64,6,2010,3836.0,16395.0
8262,Sin cobertura,64,6,2022,6064.0,18790.0
8263,Sin cobertura,64,10,2010,93.0,282.0
8264,Sin cobertura,64,10,2022,157.0,405.0
8265,Sin cobertura,64,14,2010,567.0,3116.0
8266,Sin cobertura,64,14,2022,872.0,3915.0
8267,Sin cobertura,64,18,2010,229.0,1154.0
8268,Sin cobertura,64,18,2022,480.0,1419.0
8269,Sin cobertura,64,22,2010,371.0,1117.0
8270,Sin cobertura,64,22,2022,586.0,1539.0
8271,Sin cobertura,64,26,2010,159.0,381.0
8272,Sin cobertura,64,26,2022,144.0,417.0
8273,Sin cobertura,64,30,2010,257.0,1244.0
8274,Sin cobertura,64,30,2022,447.0,1337.0
8275,Sin cobertura,64,34,2010,236.0,612.0
8276,Sin cobertura,64,34,2022,468.0,901.0
8277,Sin cobertura,64,38,2010,275.0,639.0
8278,Sin cobertura,64,38,2022,579.0,887.0
8279,Sin cobertura,64,42,2010,43.0,317.0
8280,Sin cobertura,64,42,2022,63.0,344.0
8281,Sin cobertura,64,46,2010,47.0,227.0
8282,Sin cobertura,64,46,2022,154.0,307.0
8283,Sin cobertura,64,50,2010,500.0,1796.0
8284,Sin cobertura,64,50,2022,724.0,2222.0
8285,Sin cobertura,64,54,2010,331.0,1012.0
8286,Sin cobertura,64,54,2022,616.0,1538.0
8287,Sin cobertura,64,58,2010,222.0,585.0
8288,Sin cobertura,64,58,2022,320.0,706.0
8289,Sin cobertura,64,62,2010,166.0,666.0
8290,Sin cobertura,64,62,2022,259.0,705.0
8291,Sin cobertura,64,66,2010,358.0,1112.0
8292,Sin cobertura,64,66,2022,814.0,1652.0
8293,Sin cobertura,64,70,2010,173.0,755.0
8294,Sin cobertura,64,70,2022,344.0,841.0
8295,Sin cobertura,64,74,2010,88.0,322.0
8296,Sin cobertura,64,74,2022,160.0,622.0
8297,Sin cobertura,64,78,2010,37.0,105.0
8298,Sin cobertura,64,78,2022,40.0,111.0
8299,Sin cobertura,64,82,2010,481.0,2540.0
8300,Sin cobertura,64,82,2022,942.0,3112.0
8301,Sin cobertura,64,86,2010,200.0,1067.0
8302,Sin cobertura,64,86,2022,521.0,1355.0
8303,Sin cobertura,64,90,2010,304.0,967.0
8304,Sin cobertura,64,90,2022,643.0,1652.0
8305,Sin cobertura,64,94,2010,11.0,64.0
8306,Sin cobertura,64,94,2022,20.0,79.0
8307,Sin cobertura,65,2,2010,791.0,1512.0
8308,Sin cobertura,65,2,2022,1099.0,1668.0
8309,Sin cobertura,65,6,2010,3888.0,12268.0
8310,Sin cobertura,65,6,2022,4783.0,14027.0
8311,Sin cobertura,65,10,2010,66.0,256.0
8312,Sin cobertura,65,10,2022,127.0,301.0
8313,Sin cobertura,65,14,2010,463.0,2337.0
8314,Sin cobertura,65,14,2022,682.0,2939.0
8315,Sin cobertura,65,18,2010,224.0,897.0
8316,Sin cobertura,65,18,2022,342.0,1093.0
8317,Sin cobertura,65,22,2010,308.0,1017.0
8318,Sin cobertura,65,22,2022,422.0,1254.0
8319,Sin cobertura,65,26,2010,84.0,407.0
8320,Sin cobertura,65,26,2022,122.0,335.0
8321,Sin cobertura,65,30,2010,194.0,943.0
8322,Sin cobertura,65,30,2022,352.0,1017.0
8323,Sin cobertura,65,34,2010,243.0,567.0
8324,Sin cobertura,65,34,2022,419.0,853.0
8325,Sin cobertura,65,38,2010,289.0,464.0
8326,Sin cobertura,65,38,2022,486.0,814.0
8327,Sin cobertura,65,42,2010,39.0,230.0
8328,Sin cobertura,65,42,2022,51.0,235.0
8329,Sin cobertura,65,46,2010,47.0,174.0
8330,Sin cobertura,65,46,2022,90.0,266.0
8331,Sin cobertura,65,50,2010,371.0,1486.0
8332,Sin cobertura,65,50,2022,605.0,1707.0
8333,Sin cobertura,65,54,2010,300.0,898.0
8334,Sin cobertura,65,54,2022,471.0,1273.0
8335,Sin cobertura,65,58,2010,159.0,425.0
8336,Sin cobertura,65,58,2022,266.0,576.0
8337,Sin cobertura,65,62,2010,210.0,580.0
8338,Sin cobertura,65,62,2022,176.0,631.0
8339,Sin cobertura,65,66,2010,318.0,913.0
8340,Sin cobertura,65,66,2022,636.0,1461.0
8341,Sin cobertura,65,70,2010,152.0,648.0
8342,Sin cobertura,65,70,2022,241.0,733.0
8343,Sin cobertura,65,74,2010,103.0,436.0
8344,Sin cobertura,65,74,2022,116.0,468.0
8345,Sin cobertura,65,78,2010,68.0,62.0
8346,Sin cobertura,65,78,2022,35.0,77.0
8347,Sin cobertura,65,82,2010,423.0,1733.0
8348,Sin cobertura,65,82,2022,676.0,2226.0
8349,Sin cobertura,65,86,2010,172.0,879.0
8350,Sin cobertura,65,86,2022,350.0,1105.0
8351,Sin cobertura,65,90,2010,220.0,1019.0
8352,Sin cobertura,65,90,2022,412.0,1383.0
8353,Sin cobertura,65,94,2010,18.0,65.0
8354,Sin cobertura,65,94,2022,21.0,63.0
8355,Sin cobertura,66,2,2010,591.0,834.0
8356,Sin cobertura,66,2,2022,836.0,1029.0
8357,Sin cobertura,66,6,2010,2790.0,5385.0
8358,Sin cobertura,66,6,2022,3322.0,6962.0
8359,Sin cobertura,66,10,2010,62.0,106.0
8360,Sin cobertura,66,10,2022,73.0,162.0
8361,Sin cobertura,66,14,2010,413.0,966.0
8362,Sin cobertura,66,14,2022,446.0,1286.0
8363,Sin cobertura,66,18,2010,182.0,367.0
8364,Sin cobertura,66,18,2022,215.0,507.0
8365,Sin cobertura,66,22,2010,266.0,483.0
8366,Sin cobertura,66,22,2022,270.0,606.0
8367,Sin cobertura,66,26,2010,94.0,181.0
8368,Sin cobertura,66,26,2022,88.0,142.0
8369,Sin cobertura,66,30,2010,190.0,374.0
8370,Sin cobertura,66,30,2022,212.0,448.0
8371,Sin cobertura,66,34,2010,116.0,326.0
8372,Sin cobertura,66,34,2022,224.0,498.0
8373,Sin cobertura,66,38,2010,169.0,277.0
8374,Sin cobertura,66,38,2022,305.0,492.0
8375,Sin cobertura,66,42,2010,31.0,62.0
8376,Sin cobertura,66,42,2022,31.0,168.0
8377,Sin cobertura,66,46,2010,50.0,133.0
8378,Sin cobertura,66,46,2022,70.0,139.0
8379,Sin cobertura,66,50,2010,205.0,669.0
8380,Sin cobertura,66,50,2022,378.0,833.0
8381,Sin cobertura,66,54,2010,202.0,405.0
8382,Sin cobertura,66,54,2022,305.0,636.0
8383,Sin cobertura,66,58,2010,122.0,261.0
8384,Sin cobertura,66,58,2022,214.0,367.0
8385,Sin cobertura,66,62,2010,150.0,340.0
8386,Sin cobertura,66,62,2022,121.0,312.0
8387,Sin cobertura,66,66,2010,251.0,488.0
8388,Sin cobertura,66,66,2022,429.0,908.0
8389,Sin cobertura,66,70,2010,138.0,314.0
8390,Sin cobertura,66,70,2022,146.0,408.0
8391,Sin cobertura,66,74,2010,96.0,114.0
8392,Sin cobertura,66,74,2022,57.0,207.0
8393,Sin cobertura,66,78,2010,12.0,86.0
8394,Sin cobertura,66,78,2022,27.0,48.0
8395,Sin cobertura,66,82,2010,311.0,750.0
8396,Sin cobertura,66,82,2022,416.0,1063.0
8397,Sin cobertura,66,86,2010,211.0,450.0
8398,Sin cobertura,66,86,2022,185.0,607.0
8399,Sin cobertura,66,90,2010,204.0,490.0
8400,Sin cobertura,66,90,2022,262.0,712.0
8401,Sin cobertura,66,94,2010,7.0,78.0
8402,Sin cobertura,66,94,2022,11.0,32.0
8403,Sin cobertura,67,2,2010,551.0,648.0
8404,Sin cobertura,67,2,2022,778.0,834.0
8405,Sin cobertura,67,6,2010,2585.0,3688.0
8406,Sin cobertura,67,6,2022,2929.0,5404.0
8407,Sin cobertura,67,10,2010,64.0,113.0
8408,Sin cobertura,67,10,2022,57.0,129.0
8409,Sin cobertura,67,14,2010,454.0,757.0
8410,Sin cobertura,67,14,2022,422.0,964.0
8411,Sin cobertura,67,18,2010,156.0,259.0
8412,Sin cobertura,67,18,2022,207.0,412.0
8413,Sin cobertura,67,22,2010,309.0,330.0
8414,Sin cobertura,67,22,2022,246.0,445.0
8415,Sin cobertura,67,26,2010,95.0,160.0
8416,Sin cobertura,67,26,2022,74.0,131.0
8417,Sin cobertura,67,30,2010,113.0,266.0
8418,Sin cobertura,67,30,2022,165.0,401.0
8419,Sin cobertura,67,34,2010,166.0,253.0
8420,Sin cobertura,67,34,2022,222.0,434.0
8421,Sin cobertura,67,38,2010,179.0,246.0
8422,Sin cobertura,67,38,2022,268.0,436.0
8423,Sin cobertura,67,42,2010,17.0,91.0
8424,Sin cobertura,67,42,2022,29.0,119.0
8425,Sin cobertura,67,46,2010,64.0,68.0
8426,Sin cobertura,67,46,2022,58.0,106.0
8427,Sin cobertura,67,50,2010,199.0,448.0
8428,Sin cobertura,67,50,2022,319.0,663.0
8429,Sin cobertura,67,54,2010,213.0,287.0
8430,Sin cobertura,67,54,2022,264.0,525.0
8431,Sin cobertura,67,58,2010,111.0,168.0
8432,Sin cobertura,67,58,2022,147.0,271.0
8433,Sin cobertura,67,62,2010,136.0,200.0
8434,Sin cobertura,67,62,2022,107.0,212.0
8435,Sin cobertura,67,66,2010,267.0,347.0
8436,Sin cobertura,67,66,2022,397.0,674.0
8437,Sin cobertura,67,70,2010,80.0,177.0
8438,Sin cobertura,67,70,2022,148.0,327.0
8439,Sin cobertura,67,74,2010,65.0,97.0
8440,Sin cobertura,67,74,2022,53.0,181.0
8441,Sin cobertura,67,78,2010,28.0,43.0
8442,Sin cobertura,67,78,2022,21.0,41.0
8443,Sin cobertura,67,82,2010,300.0,522.0
8444,Sin cobertura,67,82,2022,368.0,805.0
8445,Sin cobertura,67,86,2010,161.0,289.0
8446,Sin cobertura,67,86,2022,148.0,443.0
8447,Sin cobertura,67,90,2010,201.0,314.0
8448,Sin cobertura,67,90,2022,230.0,589.0
8449,Sin cobertura,67,94,2010,6.0,18.0
8450,Sin cobertura,67,94,2022,13.0,25.0
8451,Sin cobertura,68,2,2010,516.0,521.0
8452,Sin cobertura,68,2,2022,603.0,630.0
8453,Sin cobertura,68,6,2010,2061.0,2874.0
8454,Sin cobertura,68,6,2022,2550.0,3853.0
8455,Sin cobertura,68,10,2010,73.0,82.0
8456,Sin cobertura,68,10,2022,55.0,73.0
8457,Sin cobertura,68,14,2010,379.0,586.0
8458,Sin cobertura,68,14,2022,363.0,660.0
8459,Sin cobertura,68,18,2010,174.0,237.0
8460,Sin cobertura,68,18,2022,190.0,316.0
8461,Sin cobertura,68,22,2010,243.0,284.0
8462,Sin cobertura,68,22,2022,237.0,352.0
8463,Sin cobertura,68,26,2010,97.0,176.0
8464,Sin cobertura,68,26,2022,70.0,101.0
8465,Sin cobertura,68,30,2010,104.0,237.0
8466,Sin cobertura,68,30,2022,168.0,258.0
8467,Sin cobertura,68,34,2010,215.0,198.0
8468,Sin cobertura,68,34,2022,173.0,336.0
8469,Sin cobertura,68,38,2010,158.0,160.0
8470,Sin cobertura,68,38,2022,233.0,296.0
8471,Sin cobertura,68,42,2010,50.0,62.0
8472,Sin cobertura,68,42,2022,22.0,90.0
8473,Sin cobertura,68,46,2010,37.0,69.0
8474,Sin cobertura,68,46,2022,50.0,93.0
8475,Sin cobertura,68,50,2010,234.0,357.0
8476,Sin cobertura,68,50,2022,282.0,443.0
8477,Sin cobertura,68,54,2010,162.0,266.0
8478,Sin cobertura,68,54,2022,199.0,396.0
8479,Sin cobertura,68,58,2010,96.0,150.0
8480,Sin cobertura,68,58,2022,124.0,205.0
8481,Sin cobertura,68,62,2010,168.0,177.0
8482,Sin cobertura,68,62,2022,79.0,150.0
8483,Sin cobertura,68,66,2010,224.0,288.0
8484,Sin cobertura,68,66,2022,355.0,528.0
8485,Sin cobertura,68,70,2010,106.0,193.0
8486,Sin cobertura,68,70,2022,126.0,209.0
8487,Sin cobertura,68,74,2010,34.0,110.0
8488,Sin cobertura,68,74,2022,51.0,113.0
8489,Sin cobertura,68,78,2010,48.0,47.0
8490,Sin cobertura,68,78,2022,20.0,38.0
8491,Sin cobertura,68,82,2010,346.0,433.0
8492,Sin cobertura,68,82,2022,335.0,600.0
8493,Sin cobertura,68,86,2010,131.0,201.0
8494,Sin cobertura,68,86,2022,123.0,321.0
8495,Sin cobertura,68,90,2010,155.0,253.0
8496,Sin cobertura,68,90,2022,193.0,400.0
8497,Sin cobertura,68,94,2010,8.0,13.0
8498,Sin cobertura,68,94,2022,9.0,22.0
8499,Sin cobertura,69,2,2010,376.0,342.0
8500,Sin cobertura,69,2,2022,589.0,523.0
8501,Sin cobertura,69,6,2010,1797.0,2010.0
8502,Sin cobertura,69,6,2022,2327.0,3067.0
8503,Sin cobertura,69,10,2010,50.0,45.0
8504,Sin cobertura,69,10,2022,50.0,78.0
8505,Sin cobertura,69,14,2010,323.0,455.0
8506,Sin cobertura,69,14,2022,349.0,531.0
8507,Sin cobertura,69,18,2010,110.0,144.0
8508,Sin cobertura,69,18,2022,170.0,267.0
8509,Sin cobertura,69,22,2010,195.0,221.0
8510,Sin cobertura,69,22,2022,203.0,299.0
8511,Sin cobertura,69,26,2010,53.0,81.0
8512,Sin cobertura,69,26,2022,59.0,76.0
8513,Sin cobertura,69,30,2010,112.0,173.0
8514,Sin cobertura,69,30,2022,170.0,201.0
8515,Sin cobertura,69,34,2010,176.0,130.0
8516,Sin cobertura,69,34,2022,184.0,282.0
8517,Sin cobertura,69,38,2010,142.0,131.0
8518,Sin cobertura,69,38,2022,222.0,259.0
8519,Sin cobertura,69,42,2010,29.0,34.0
8520,Sin cobertura,69,42,2022,23.0,42.0
8521,Sin cobertura,69,46,2010,35.0,48.0
8522,Sin cobertura,69,46,2022,44.0,63.0
8523,Sin cobertura,69,50,2010,178.0,267.0
8524,Sin cobertura,69,50,2022,239.0,338.0
8525,Sin cobertura,69,54,2010,141.0,202.0
8526,Sin cobertura,69,54,2022,182.0,320.0
8527,Sin cobertura,69,58,2010,112.0,181.0
8528,Sin cobertura,69,58,2022,118.0,161.0
8529,Sin cobertura,69,62,2010,114.0,153.0
8530,Sin cobertura,69,62,2022,84.0,127.0
8531,Sin cobertura,69,66,2010,202.0,204.0
8532,Sin cobertura,69,66,2022,301.0,442.0
8533,Sin cobertura,69,70,2010,100.0,103.0
8534,Sin cobertura,69,70,2022,125.0,165.0
8535,Sin cobertura,69,74,2010,77.0,64.0
8536,Sin cobertura,69,74,2022,32.0,96.0
8537,Sin cobertura,69,78,2010,12.0,34.0
8538,Sin cobertura,69,78,2022,15.0,28.0
8539,Sin cobertura,69,82,2010,279.0,340.0
8540,Sin cobertura,69,82,2022,327.0,436.0
8541,Sin cobertura,69,86,2010,155.0,195.0
8542,Sin cobertura,69,86,2022,121.0,256.0
8543,Sin cobertura,69,90,2010,118.0,133.0
8544,Sin cobertura,69,90,2022,176.0,310.0
8545,Sin cobertura,69,94,2010,21.0,20.0
8546,Sin cobertura,69,94,2022,5.0,16.0
8547,Sin cobertura,70,2,2010,530.0,397.0
8548,Sin cobertura,70,2,2022,531.0,442.0
8549,Sin cobertura,70,6,2010,2053.0,2409.0
8550,Sin cobertura,70,6,2022,2048.0,2295.0
8551,Sin cobertura,70,10,2010,93.0,67.0
8552,Sin cobertura,70,10,2022,41.0,55.0
8553,Sin cobertura,70,14,2010,418.0,482.0
8554,Sin cobertura,70,14,2022,337.0,375.0
8555,Sin cobertura,70,18,2010,155.0,170.0
8556,Sin cobertura,70,18,2022,117.0,208.0
8557,Sin cobertura,70,22,2010,213.0,244.0
8558,Sin cobertura,70,22,2022,182.0,217.0
8559,Sin cobertura,70,26,2010,115.0,128.0
8560,Sin cobertura,70,26,2022,46.0,73.0
8561,Sin cobertura,70,30,2010,167.0,186.0
8562,Sin cobertura,70,30,2022,118.0,180.0
8563,Sin cobertura,70,34,2010,200.0,211.0
8564,Sin cobertura,70,34,2022,193.0,231.0
8565,Sin cobertura,70,38,2010,181.0,162.0
8566,Sin cobertura,70,38,2022,181.0,177.0
8567,Sin cobertura,70,42,2010,22.0,36.0
8568,Sin cobertura,70,42,2022,35.0,23.0
8569,Sin cobertura,70,46,2010,18.0,47.0
8570,Sin cobertura,70,46,2022,40.0,51.0
8571,Sin cobertura,70,50,2010,184.0,305.0
8572,Sin cobertura,70,50,2022,267.0,266.0
8573,Sin cobertura,70,54,2010,283.0,247.0
8574,Sin cobertura,70,54,2022,172.0,245.0
8575,Sin cobertura,70,58,2010,128.0,111.0
8576,Sin cobertura,70,58,2022,105.0,114.0
8577,Sin cobertura,70,62,2010,67.0,168.0
8578,Sin cobertura,70,62,2022,72.0,77.0
8579,Sin cobertura,70,66,2010,264.0,332.0
8580,Sin cobertura,70,66,2022,284.0,378.0
8581,Sin cobertura,70,70,2010,93.0,152.0
8582,Sin cobertura,70,70,2022,95.0,115.0
8583,Sin cobertura,70,74,2010,72.0,56.0
8584,Sin cobertura,70,74,2022,37.0,63.0
8585,Sin cobertura,70,78,2010,19.0,47.0
8586,Sin cobertura,70,78,2022,8.0,17.0
8587,Sin cobertura,70,82,2010,275.0,410.0
8588,Sin cobertura,70,82,2022,326.0,301.0
8589,Sin cobertura,70,86,2010,221.0,209.0
8590,Sin cobertura,70,86,2022,125.0,180.0
8591,Sin cobertura,70,90,2010,178.0,199.0
8592,Sin cobertura,70,90,2022,194.0,257.0
8593,Sin cobertura,70,94,2010,18.0,13.0
8594,Sin cobertura,70,94,2022,4.0,5.0
8595,Sin cobertura,71,2,2010,318.0,196.0
8596,Sin cobertura,71,2,2022,462.0,339.0
8597,Sin cobertura,71,6,2010,1706.0,1496.0
8598,Sin cobertura,71,6,2022,1755.0,1567.0
8599,Sin cobertura,71,10,2010,42.0,43.0
8600,Sin cobertura,71,10,2022,39.0,42.0
8601,Sin cobertura,71,14,2010,269.0,273.0
8602,Sin cobertura,71,14,2022,257.0,256.0
8603,Sin cobertura,71,18,2010,142.0,114.0
8604,Sin cobertura,71,18,2022,159.0,139.0
8605,Sin cobertura,71,22,2010,147.0,164.0
8606,Sin cobertura,71,22,2022,152.0,151.0
8607,Sin cobertura,71,26,2010,62.0,55.0
8608,Sin cobertura,71,26,2022,35.0,40.0
8609,Sin cobertura,71,30,2010,148.0,98.0
8610,Sin cobertura,71,30,2022,120.0,113.0
8611,Sin cobertura,71,34,2010,71.0,129.0
8612,Sin cobertura,71,34,2022,161.0,164.0
8613,Sin cobertura,71,38,2010,146.0,131.0
8614,Sin cobertura,71,38,2022,139.0,146.0
8615,Sin cobertura,71,42,2010,33.0,30.0
8616,Sin cobertura,71,42,2022,17.0,23.0
8617,Sin cobertura,71,46,2010,47.0,55.0
8618,Sin cobertura,71,46,2022,40.0,41.0
8619,Sin cobertura,71,50,2010,152.0,133.0
8620,Sin cobertura,71,50,2022,199.0,181.0
8621,Sin cobertura,71,54,2010,150.0,156.0
8622,Sin cobertura,71,54,2022,138.0,184.0
8623,Sin cobertura,71,58,2010,74.0,132.0
8624,Sin cobertura,71,58,2022,78.0,68.0
8625,Sin cobertura,71,62,2010,132.0,124.0
8626,Sin cobertura,71,62,2022,60.0,68.0
8627,Sin cobertura,71,66,2010,199.0,188.0
8628,Sin cobertura,71,66,2022,261.0,223.0
8629,Sin cobertura,71,70,2010,135.0,86.0
8630,Sin cobertura,71,70,2022,94.0,98.0
8631,Sin cobertura,71,74,2010,37.0,58.0
8632,Sin cobertura,71,74,2022,28.0,36.0
8633,Sin cobertura,71,78,2010,7.0,16.0
8634,Sin cobertura,71,78,2022,10.0,15.0
8635,Sin cobertura,71,82,2010,200.0,171.0
8636,Sin cobertura,71,82,2022,258.0,230.0
8637,Sin cobertura,71,86,2010,113.0,131.0
8638,Sin cobertura,71,86,2022,107.0,121.0
8639,Sin cobertura,71,90,2010,129.0,147.0
8640,Sin cobertura,71,90,2022,179.0,156.0
8641,Sin cobertura,71,94,2010,6.0,16.0
8642,Sin cobertura,71,94,2022,6.0,6.0
8643,Sin cobertura,72,2,2010,271.0,268.0
8644,Sin cobertura,72,2,2022,450.0,295.0
8645,Sin cobertura,72,6,2010,1388.0,1139.0
8646,Sin cobertura,72,6,2022,1656.0,1470.0
8647,Sin cobertura,72,10,2010,42.0,41.0
8648,Sin cobertura,72,10,2022,39.0,45.0
8649,Sin cobertura,72,14,2010,196.0,247.0
8650,Sin cobertura,72,14,2022,270.0,261.0
8651,Sin cobertura,72,18,2010,142.0,111.0
8652,Sin cobertura,72,18,2022,109.0,110.0
8653,Sin cobertura,72,22,2010,153.0,241.0
8654,Sin cobertura,72,22,2022,112.0,131.0
8655,Sin cobertura,72,26,2010,57.0,61.0
8656,Sin cobertura,72,26,2022,55.0,48.0
8657,Sin cobertura,72,30,2010,117.0,89.0
8658,Sin cobertura,72,30,2022,104.0,94.0
8659,Sin cobertura,72,34,2010,92.0,137.0
8660,Sin cobertura,72,34,2022,149.0,152.0
8661,Sin cobertura,72,38,2010,147.0,98.0
8662,Sin cobertura,72,38,2022,165.0,110.0
8663,Sin cobertura,72,42,2010,30.0,21.0
8664,Sin cobertura,72,42,2022,21.0,12.0
8665,Sin cobertura,72,46,2010,24.0,44.0
8666,Sin cobertura,72,46,2022,34.0,47.0
8667,Sin cobertura,72,50,2010,122.0,129.0
8668,Sin cobertura,72,50,2022,190.0,166.0
8669,Sin cobertura,72,54,2010,153.0,165.0
8670,Sin cobertura,72,54,2022,138.0,114.0
8671,Sin cobertura,72,58,2010,58.0,60.0
8672,Sin cobertura,72,58,2022,84.0,62.0
8673,Sin cobertura,72,62,2010,73.0,89.0
8674,Sin cobertura,72,62,2022,68.0,57.0
8675,Sin cobertura,72,66,2010,165.0,148.0
8676,Sin cobertura,72,66,2022,226.0,221.0
8677,Sin cobertura,72,70,2010,66.0,100.0
8678,Sin cobertura,72,70,2022,94.0,85.0
8679,Sin cobertura,72,74,2010,31.0,29.0
8680,Sin cobertura,72,74,2022,37.0,46.0
8681,Sin cobertura,72,78,2010,14.0,23.0
8682,Sin cobertura,72,78,2022,11.0,12.0
8683,Sin cobertura,72,82,2010,180.0,149.0
8684,Sin cobertura,72,82,2022,244.0,208.0
8685,Sin cobertura,72,86,2010,126.0,123.0
8686,Sin cobertura,72,86,2022,112.0,101.0
8687,Sin cobertura,72,90,2010,112.0,112.0
8688,Sin cobertura,72,90,2022,138.0,155.0
8689,Sin cobertura,72,94,2010,15.0,18.0
8690,Sin cobertura,72,94,2022,7.0,5.0
8691,Sin cobertura,73,2,2010,229.0,232.0
8692,Sin cobertura,73,2,2022,376.0,225.0
8693,Sin cobertura,73,6,2010,1189.0,1204.0
8694,Sin cobertura,73,6,2022,1408.0,1182.0
8695,Sin cobertura,73,10,2010,40.0,38.0
8696,Sin cobertura,73,10,2022,25.0,33.0
8697,Sin cobertura,73,14,2010,226.0,243.0
8698,Sin cobertura,73,14,2022,230.0,215.0
8699,Sin cobertura,73,18,2010,115.0,128.0
8700,Sin cobertura,73,18,2022,130.0,100.0
8701,Sin cobertura,73,22,2010,187.0,179.0
8702,Sin cobertura,73,22,2022,103.0,112.0
8703,Sin cobertura,73,26,2010,61.0,100.0
8704,Sin cobertura,73,26,2022,42.0,37.0
8705,Sin cobertura,73,30,2010,79.0,76.0
8706,Sin cobertura,73,30,2022,74.0,91.0
8707,Sin cobertura,73,34,2010,121.0,201.0
8708,Sin cobertura,73,34,2022,110.0,94.0
8709,Sin cobertura,73,38,2010,150.0,117.0
8710,Sin cobertura,73,38,2022,130.0,95.0
8711,Sin cobertura,73,42,2010,19.0,23.0
8712,Sin cobertura,73,42,2022,19.0,18.0
8713,Sin cobertura,73,46,2010,54.0,37.0
8714,Sin cobertura,73,46,2022,23.0,30.0
8715,Sin cobertura,73,50,2010,114.0,161.0
8716,Sin cobertura,73,50,2022,183.0,146.0
8717,Sin cobertura,73,54,2010,138.0,147.0
8718,Sin cobertura,73,54,2022,135.0,115.0
8719,Sin cobertura,73,58,2010,130.0,88.0
8720,Sin cobertura,73,58,2022,59.0,71.0
8721,Sin cobertura,73,62,2010,48.0,115.0
8722,Sin cobertura,73,62,2022,53.0,45.0
8723,Sin cobertura,73,66,2010,189.0,175.0
8724,Sin cobertura,73,66,2022,237.0,194.0
8725,Sin cobertura,73,70,2010,44.0,77.0
8726,Sin cobertura,73,70,2022,74.0,75.0
8727,Sin cobertura,73,74,2010,46.0,31.0
8728,Sin cobertura,73,74,2022,38.0,28.0
8729,Sin cobertura,73,78,2010,7.0,13.0
8730,Sin cobertura,73,78,2022,10.0,13.0
8731,Sin cobertura,73,82,2010,153.0,164.0
8732,Sin cobertura,73,82,2022,176.0,194.0
8733,Sin cobertura,73,86,2010,117.0,106.0
8734,Sin cobertura,73,86,2022,72.0,85.0
8735,Sin cobertura,73,90,2010,82.0,129.0
8736,Sin cobertura,73,90,2022,136.0,115.0
8737,Sin cobertura,73,94,2010,1.0,0.0
8738,Sin cobertura,73,94,2022,5.0,6.0
8739,Sin cobertura,74,2,2010,277.0,204.0
8740,Sin cobertura,74,2,2022,329.0,233.0
8741,Sin cobertura,74,6,2010,1151.0,1087.0
8742,Sin cobertura,74,6,2022,1380.0,1188.0
8743,Sin cobertura,74,10,2010,47.0,34.0
8744,Sin cobertura,74,10,2022,37.0,32.0
8745,Sin cobertura,74,14,2010,248.0,267.0
8746,Sin cobertura,74,14,2022,214.0,189.0
8747,Sin cobertura,74,18,2010,124.0,72.0
8748,Sin cobertura,74,18,2022,90.0,103.0
8749,Sin cobertura,74,22,2010,143.0,171.0
8750,Sin cobertura,74,22,2022,97.0,97.0
8751,Sin cobertura,74,26,2010,30.0,86.0
8752,Sin cobertura,74,26,2022,41.0,43.0
8753,Sin cobertura,74,30,2010,157.0,103.0
8754,Sin cobertura,74,30,2022,75.0,103.0
8755,Sin cobertura,74,34,2010,92.0,94.0
8756,Sin cobertura,74,34,2022,109.0,110.0
8757,Sin cobertura,74,38,2010,121.0,73.0
8758,Sin cobertura,74,38,2022,123.0,89.0
8759,Sin cobertura,74,42,2010,20.0,25.0
8760,Sin cobertura,74,42,2022,9.0,16.0
8761,Sin cobertura,74,46,2010,18.0,24.0
8762,Sin cobertura,74,46,2022,30.0,25.0
8763,Sin cobertura,74,50,2010,96.0,197.0
8764,Sin cobertura,74,50,2022,170.0,116.0
8765,Sin cobertura,74,54,2010,138.0,161.0
8766,Sin cobertura,74,54,2022,99.0,98.0
8767,Sin cobertura,74,58,2010,61.0,72.0
8768,Sin cobertura,74,58,2022,67.0,65.0
8769,Sin cobertura,74,62,2010,83.0,85.0
8770,Sin cobertura,74,62,2022,54.0,69.0
8771,Sin cobertura,74,66,2010,125.0,174.0
8772,Sin cobertura,74,66,2022,185.0,174.0
8773,Sin cobertura,74,70,2010,69.0,65.0
8774,Sin cobertura,74,70,2022,74.0,59.0
8775,Sin cobertura,74,74,2010,39.0,48.0
8776,Sin cobertura,74,74,2022,37.0,30.0
8777,Sin cobertura,74,78,2010,14.0,14.0
8778,Sin cobertura,74,78,2022,18.0,13.0
8779,Sin cobertura,74,82,2010,186.0,178.0
8780,Sin cobertura,74,82,2022,189.0,170.0
8781,Sin cobertura,74,86,2010,120.0,107.0
8782,Sin cobertura,74,86,2022,79.0,89.0
8783,Sin cobertura,74,90,2010,86.0,138.0
8784,Sin cobertura,74,90,2022,127.0,108.0
8785,Sin cobertura,74,94,2022,5.0,0.0
8786,Sin cobertura,75,2,2010,245.0,159.0
8787,Sin cobertura,75,2,2022,336.0,213.0
8788,Sin cobertura,75,6,2010,1379.0,958.0
8789,Sin cobertura,75,6,2022,1274.0,961.0
8790,Sin cobertura,75,10,2010,61.0,42.0
8791,Sin cobertura,75,10,2022,26.0,26.0
8792,Sin cobertura,75,14,2010,336.0,253.0
8793,Sin cobertura,75,14,2022,190.0,191.0
8794,Sin cobertura,75,18,2010,135.0,107.0
8795,Sin cobertura,75,18,2022,92.0,95.0
8796,Sin cobertura,75,22,2010,202.0,143.0
8797,Sin cobertura,75,22,2022,73.0,60.0
8798,Sin cobertura,75,26,2010,61.0,57.0
8799,Sin cobertura,75,26,2022,39.0,23.0
8800,Sin cobertura,75,30,2010,167.0,84.0
8801,Sin cobertura,75,30,2022,67.0,57.0
8802,Sin cobertura,75,34,2010,125.0,83.0
8803,Sin cobertura,75,34,2022,85.0,106.0
8804,Sin cobertura,75,38,2010,134.0,83.0
8805,Sin cobertura,75,38,2022,123.0,63.0
8806,Sin cobertura,75,42,2010,5.0,26.0
8807,Sin cobertura,75,42,2022,13.0,16.0
8808,Sin cobertura,75,46,2010,36.0,55.0
8809,Sin cobertura,75,46,2022,21.0,33.0
8810,Sin cobertura,75,50,2010,143.0,148.0
8811,Sin cobertura,75,50,2022,136.0,121.0
8812,Sin cobertura,75,54,2010,171.0,136.0
8813,Sin cobertura,75,54,2022,103.0,93.0
8814,Sin cobertura,75,58,2010,41.0,73.0
8815,Sin cobertura,75,58,2022,45.0,40.0
8816,Sin cobertura,75,62,2010,79.0,88.0
8817,Sin cobertura,75,62,2022,54.0,51.0
8818,Sin cobertura,75,66,2010,197.0,142.0
8819,Sin cobertura,75,66,2022,155.0,163.0
8820,Sin cobertura,75,70,2010,95.0,136.0
8821,Sin cobertura,75,70,2022,76.0,51.0
8822,Sin cobertura,75,74,2010,49.0,34.0
8823,Sin cobertura,75,74,2022,23.0,24.0
8824,Sin cobertura,75,78,2010,11.0,23.0
8825,Sin cobertura,75,78,2022,14.0,7.0
8826,Sin cobertura,75,82,2010,213.0,212.0
8827,Sin cobertura,75,82,2022,146.0,165.0
8828,Sin cobertura,75,86,2010,110.0,126.0
8829,Sin cobertura,75,86,2022,69.0,66.0
8830,Sin cobertura,75,90,2010,184.0,151.0
8831,Sin cobertura,75,90,2022,98.0,103.0
8832,Sin cobertura,75,94,2010,0.0,2.0
8833,Sin cobertura,75,94,2022,2.0,6.0
8834,Sin cobertura,76,2,2010,187.0,206.0
8835,Sin cobertura,76,2,2022,276.0,208.0
8836,Sin cobertura,76,6,2010,1306.0,975.0
8837,Sin cobertura,76,6,2022,1116.0,924.0
8838,Sin cobertura,76,10,2010,33.0,41.0
8839,Sin cobertura,76,10,2022,20.0,24.0
8840,Sin cobertura,76,14,2010,280.0,213.0
8841,Sin cobertura,76,14,2022,164.0,174.0
8842,Sin cobertura,76,18,2010,101.0,88.0
8843,Sin cobertura,76,18,2022,105.0,104.0
8844,Sin cobertura,76,22,2010,141.0,158.0
8845,Sin cobertura,76,22,2022,78.0,72.0
8846,Sin cobertura,76,26,2010,52.0,44.0
8847,Sin cobertura,76,26,2022,33.0,28.0
8848,Sin cobertura,76,30,2010,78.0,59.0
8849,Sin cobertura,76,30,2022,56.0,56.0
8850,Sin cobertura,76,34,2010,107.0,85.0
8851,Sin cobertura,76,34,2022,83.0,90.0
8852,Sin cobertura,76,38,2010,109.0,81.0
8853,Sin cobertura,76,38,2022,116.0,80.0
8854,Sin cobertura,76,42,2010,10.0,24.0
8855,Sin cobertura,76,42,2022,12.0,12.0
8856,Sin cobertura,76,46,2010,26.0,20.0
8857,Sin cobertura,76,46,2022,26.0,20.0
8858,Sin cobertura,76,50,2010,66.0,89.0
8859,Sin cobertura,76,50,2022,137.0,126.0
8860,Sin cobertura,76,54,2010,102.0,90.0
8861,Sin cobertura,76,54,2022,67.0,67.0
8862,Sin cobertura,76,58,2010,132.0,75.0
8863,Sin cobertura,76,58,2022,61.0,37.0
8864,Sin cobertura,76,62,2010,62.0,69.0
8865,Sin cobertura,76,62,2022,34.0,37.0
8866,Sin cobertura,76,66,2010,137.0,137.0
8867,Sin cobertura,76,66,2022,136.0,157.0
8868,Sin cobertura,76,70,2010,73.0,74.0
8869,Sin cobertura,76,70,2022,45.0,34.0
8870,Sin cobertura,76,74,2010,52.0,19.0
8871,Sin cobertura,76,74,2022,23.0,22.0
8872,Sin cobertura,76,78,2010,14.0,17.0
8873,Sin cobertura,76,78,2022,8.0,16.0
8874,Sin cobertura,76,82,2010,114.0,134.0
8875,Sin cobertura,76,82,2022,140.0,131.0
8876,Sin cobertura,76,86,2010,108.0,108.0
8877,Sin cobertura,76,86,2022,52.0,64.0
8878,Sin cobertura,76,90,2010,162.0,89.0
8879,Sin cobertura,76,90,2022,81.0,85.0
8880,Sin cobertura,76,94,2010,15.0,0.0
8881,Sin cobertura,76,94,2022,3.0,6.0
8882,Sin cobertura,77,2,2010,152.0,103.0
8883,Sin cobertura,77,2,2022,273.0,186.0
8884,Sin cobertura,77,6,2010,1275.0,915.0
8885,Sin cobertura,77,6,2022,1087.0,888.0
8886,Sin cobertura,77,10,2010,37.0,41.0
8887,Sin cobertura,77,10,2022,25.0,23.0
8888,Sin cobertura,77,14,2010,248.0,257.0
8889,Sin cobertura,77,14,2022,153.0,144.0
8890,Sin cobertura,77,18,2010,111.0,87.0
8891,Sin cobertura,77,18,2022,87.0,90.0
8892,Sin cobertura,77,22,2010,135.0,151.0
8893,Sin cobertura,77,22,2022,77.0,58.0
8894,Sin cobertura,77,26,2010,40.0,57.0
8895,Sin cobertura,77,26,2022,32.0,22.0
8896,Sin cobertura,77,30,2010,89.0,49.0
8897,Sin cobertura,77,30,2022,51.0,49.0
8898,Sin cobertura,77,34,2010,76.0,123.0
8899,Sin cobertura,77,34,2022,76.0,78.0
8900,Sin cobertura,77,38,2010,153.0,71.0
8901,Sin cobertura,77,38,2022,86.0,55.0
8902,Sin cobertura,77,42,2010,17.0,13.0
8903,Sin cobertura,77,42,2022,8.0,4.0
8904,Sin cobertura,77,46,2010,42.0,22.0
8905,Sin cobertura,77,46,2022,26.0,21.0
8906,Sin cobertura,77,50,2010,124.0,105.0
8907,Sin cobertura,77,50,2022,131.0,113.0
8908,Sin cobertura,77,54,2010,155.0,100.0
8909,Sin cobertura,77,54,2022,87.0,67.0
8910,Sin cobertura,77,58,2010,105.0,45.0
8911,Sin cobertura,77,58,2022,54.0,41.0
8912,Sin cobertura,77,62,2010,78.0,75.0
8913,Sin cobertura,77,62,2022,42.0,38.0
8914,Sin cobertura,77,66,2010,118.0,113.0
8915,Sin cobertura,77,66,2022,135.0,128.0
8916,Sin cobertura,77,70,2010,43.0,72.0
8917,Sin cobertura,77,70,2022,52.0,44.0
8918,Sin cobertura,77,74,2010,37.0,50.0
8919,Sin cobertura,77,74,2022,10.0,28.0
8920,Sin cobertura,77,78,2010,7.0,9.0
8921,Sin cobertura,77,78,2022,9.0,12.0
8922,Sin cobertura,77,82,2010,128.0,123.0
8923,Sin cobertura,77,82,2022,120.0,101.0
8924,Sin cobertura,77,86,2010,99.0,87.0
8925,Sin cobertura,77,86,2022,54.0,53.0
8926,Sin cobertura,77,90,2010,115.0,84.0
8927,Sin cobertura,77,90,2022,94.0,68.0
8928,Sin cobertura,77,94,2022,3.0,4.0
8929,Sin cobertura,78,2,2010,239.0,146.0
8930,Sin cobertura,78,2,2022,197.0,140.0
8931,Sin cobertura,78,6,2010,1197.0,831.0
8932,Sin cobertura,78,6,2022,971.0,737.0
8933,Sin cobertura,78,10,2010,43.0,49.0
8934,Sin cobertura,78,10,2022,18.0,24.0
8935,Sin cobertura,78,14,2010,244.0,238.0
8936,Sin cobertura,78,14,2022,151.0,117.0
8937,Sin cobertura,78,18,2010,103.0,78.0
8938,Sin cobertura,78,18,2022,73.0,87.0
8939,Sin cobertura,78,22,2010,106.0,149.0
8940,Sin cobertura,78,22,2022,79.0,53.0
8941,Sin cobertura,78,26,2010,42.0,44.0
8942,Sin cobertura,78,26,2022,34.0,16.0
8943,Sin cobertura,78,30,2010,67.0,52.0
8944,Sin cobertura,78,30,2022,46.0,50.0
8945,Sin cobertura,78,34,2010,87.0,88.0
8946,Sin cobertura,78,34,2022,60.0,57.0
8947,Sin cobertura,78,38,2010,118.0,69.0
8948,Sin cobertura,78,38,2022,81.0,58.0
8949,Sin cobertura,78,42,2010,11.0,13.0
8950,Sin cobertura,78,42,2022,5.0,6.0
8951,Sin cobertura,78,46,2010,42.0,27.0
8952,Sin cobertura,78,46,2022,14.0,15.0
8953,Sin cobertura,78,50,2010,122.0,98.0
8954,Sin cobertura,78,50,2022,112.0,87.0
8955,Sin cobertura,78,54,2010,99.0,113.0
8956,Sin cobertura,78,54,2022,79.0,39.0
8957,Sin cobertura,78,58,2010,40.0,28.0
8958,Sin cobertura,78,58,2022,38.0,34.0
8959,Sin cobertura,78,62,2010,69.0,50.0
8960,Sin cobertura,78,62,2022,39.0,47.0
8961,Sin cobertura,78,66,2010,144.0,121.0
8962,Sin cobertura,78,66,2022,136.0,133.0
8963,Sin cobertura,78,70,2010,69.0,66.0
8964,Sin cobertura,78,70,2022,45.0,36.0
8965,Sin cobertura,78,74,2010,12.0,23.0
8966,Sin cobertura,78,74,2022,14.0,15.0
8967,Sin cobertura,78,78,2010,4.0,14.0
8968,Sin cobertura,78,78,2022,5.0,7.0
8969,Sin cobertura,78,82,2010,181.0,124.0
8970,Sin cobertura,78,82,2022,127.0,93.0
8971,Sin cobertura,78,86,2010,112.0,94.0
8972,Sin cobertura,78,86,2022,60.0,49.0
8973,Sin cobertura,78,90,2010,133.0,134.0
8974,Sin cobertura,78,90,2022,75.0,74.0
8975,Sin cobertura,78,94,2022,2.0,3.0
8976,Sin cobertura,79,2,2010,229.0,72.0
8977,Sin cobertura,79,2,2022,210.0,144.0
8978,Sin cobertura,79,6,2010,1017.0,892.0
8979,Sin cobertura,79,6,2022,905.0,754.0
8980,Sin cobertura,79,10,2010,35.0,31.0
8981,Sin cobertura,79,10,2022,15.0,13.0
8982,Sin cobertura,79,14,2010,230.0,171.0
8983,Sin cobertura,79,14,2022,154.0,120.0
8984,Sin cobertura,79,18,2010,93.0,67.0
8985,Sin cobertura,79,18,2022,93.0,70.0
8986,Sin cobertura,79,22,2010,99.0,104.0
8987,Sin cobertura,79,22,2022,72.0,61.0
8988,Sin cobertura,79,26,2010,78.0,40.0
8989,Sin cobertura,79,26,2022,21.0,36.0
8990,Sin cobertura,79,30,2010,102.0,46.0
8991,Sin cobertura,79,30,2022,46.0,37.0
8992,Sin cobertura,79,34,2010,53.0,78.0
8993,Sin cobertura,79,34,2022,80.0,56.0
8994,Sin cobertura,79,38,2010,89.0,74.0
8995,Sin cobertura,79,38,2022,71.0,49.0
8996,Sin cobertura,79,42,2010,9.0,10.0
8997,Sin cobertura,79,42,2022,8.0,6.0
8998,Sin cobertura,79,46,2010,34.0,24.0
8999,Sin cobertura,79,46,2022,18.0,19.0
9000,Sin cobertura,79,50,2010,121.0,107.0
9001,Sin cobertura,79,50,2022,83.0,71.0
9002,Sin cobertura,79,54,2010,97.0,83.0
9003,Sin cobertura,79,54,2022,70.0,49.0
9004,Sin cobertura,79,58,2010,39.0,29.0
9005,Sin cobertura,79,58,2022,31.0,30.0
9006,Sin cobertura,79,62,2010,58.0,59.0
9007,Sin cobertura,79,62,2022,41.0,49.0
9008,Sin cobertura,79,66,2010,111.0,97.0
9009,Sin cobertura,79,66,2022,101.0,110.0
9010,Sin cobertura,79,70,2010,89.0,61.0
9011,Sin cobertura,79,70,2022,37.0,30.0
9012,Sin cobertura,79,74,2010,28.0,14.0
9013,Sin cobertura,79,74,2022,13.0,11.0
9014,Sin cobertura,79,78,2010,12.0,16.0
9015,Sin cobertura,79,78,2022,5.0,4.0
9016,Sin cobertura,79,82,2010,119.0,103.0
9017,Sin cobertura,79,82,2022,123.0,109.0
9018,Sin cobertura,79,86,2010,85.0,94.0
9019,Sin cobertura,79,86,2022,46.0,46.0
9020,Sin cobertura,79,90,2010,93.0,73.0
9021,Sin cobertura,79,90,2022,67.0,65.0
9022,Sin cobertura,79,94,2022,3.0,2.0
9023,Sin cobertura,80,2,2010,255.0,67.0
9024,Sin cobertura,80,2,2022,188.0,119.0
9025,Sin cobertura,80,6,2010,1056.0,627.0
9026,Sin cobertura,80,6,2022,866.0,660.0
9027,Sin cobertura,80,10,2010,28.0,21.0
9028,Sin cobertura,80,10,2022,18.0,23.0
9029,Sin cobertura,80,14,2010,296.0,177.0
9030,Sin cobertura,80,14,2022,140.0,131.0
9031,Sin cobertura,80,18,2010,103.0,87.0
9032,Sin cobertura,80,18,2022,70.0,56.0
9033,Sin cobertura,80,22,2010,133.0,67.0
9034,Sin cobertura,80,22,2022,51.0,60.0
9035,Sin cobertura,80,26,2010,46.0,37.0
9036,Sin cobertura,80,26,2022,27.0,19.0
9037,Sin cobertura,80,30,2010,95.0,89.0
9038,Sin cobertura,80,30,2022,34.0,32.0
9039,Sin cobertura,80,34,2010,98.0,56.0
9040,Sin cobertura,80,34,2022,56.0,40.0
9041,Sin cobertura,80,38,2010,151.0,47.0
9042,Sin cobertura,80,38,2022,56.0,43.0
9043,Sin cobertura,80,42,2010,11.0,12.0
9044,Sin cobertura,80,42,2022,5.0,5.0
9045,Sin cobertura,80,46,2010,12.0,27.0
9046,Sin cobertura,80,46,2022,20.0,18.0
9047,Sin cobertura,80,50,2010,133.0,94.0
9048,Sin cobertura,80,50,2022,69.0,61.0
9049,Sin cobertura,80,54,2010,118.0,80.0
9050,Sin cobertura,80,54,2022,44.0,46.0
9051,Sin cobertura,80,58,2010,41.0,39.0
9052,Sin cobertura,80,58,2022,30.0,26.0
9053,Sin cobertura,80,62,2010,82.0,43.0
9054,Sin cobertura,80,62,2022,38.0,35.0
9055,Sin cobertura,80,66,2010,115.0,75.0
9056,Sin cobertura,80,66,2022,102.0,95.0
9057,Sin cobertura,80,70,2010,41.0,41.0
9058,Sin cobertura,80,70,2022,34.0,39.0
9059,Sin cobertura,80,74,2010,48.0,21.0
9060,Sin cobertura,80,74,2022,15.0,16.0
9061,Sin cobertura,80,78,2010,3.0,7.0
9062,Sin cobertura,80,78,2022,8.0,10.0
9063,Sin cobertura,80,82,2010,195.0,89.0
9064,Sin cobertura,80,82,2022,114.0,94.0
9065,Sin cobertura,80,86,2010,62.0,86.0
9066,Sin cobertura,80,86,2022,33.0,37.0
9067,Sin cobertura,80,90,2010,76.0,111.0
9068,Sin cobertura,80,90,2022,52.0,53.0
9069,Sin cobertura,80,94,2022,4.0,6.0
9070,Sin cobertura,81,2,2010,158.0,81.0
9071,Sin cobertura,81,2,2022,171.0,87.0
9072,Sin cobertura,81,6,2010,842.0,451.0
9073,Sin cobertura,81,6,2022,699.0,516.0
9074,Sin cobertura,81,10,2010,26.0,12.0
9075,Sin cobertura,81,10,2022,18.0,13.0
9076,Sin cobertura,81,14,2010,172.0,112.0
9077,Sin cobertura,81,14,2022,127.0,92.0
9078,Sin cobertura,81,18,2010,53.0,42.0
9079,Sin cobertura,81,18,2022,54.0,60.0
9080,Sin cobertura,81,22,2010,74.0,60.0
9081,Sin cobertura,81,22,2022,45.0,48.0
9082,Sin cobertura,81,26,2010,24.0,17.0
9083,Sin cobertura,81,26,2022,23.0,26.0
9084,Sin cobertura,81,30,2010,44.0,49.0
9085,Sin cobertura,81,30,2022,25.0,36.0
9086,Sin cobertura,81,34,2010,36.0,72.0
9087,Sin cobertura,81,34,2022,47.0,45.0
9088,Sin cobertura,81,38,2010,61.0,39.0
9089,Sin cobertura,81,38,2022,62.0,48.0
9090,Sin cobertura,81,42,2010,31.0,5.0
9091,Sin cobertura,81,42,2022,9.0,8.0
9092,Sin cobertura,81,46,2010,21.0,23.0
9093,Sin cobertura,81,46,2022,7.0,12.0
9094,Sin cobertura,81,50,2010,58.0,37.0
9095,Sin cobertura,81,50,2022,73.0,63.0
9096,Sin cobertura,81,54,2010,67.0,62.0
9097,Sin cobertura,81,54,2022,53.0,39.0
9098,Sin cobertura,81,58,2010,37.0,28.0
9099,Sin cobertura,81,58,2022,22.0,26.0
9100,Sin cobertura,81,62,2010,70.0,56.0
9101,Sin cobertura,81,62,2022,42.0,21.0
9102,Sin cobertura,81,66,2010,73.0,79.0
9103,Sin cobertura,81,66,2022,108.0,70.0
9104,Sin cobertura,81,70,2010,33.0,22.0
9105,Sin cobertura,81,70,2022,38.0,29.0
9106,Sin cobertura,81,74,2010,17.0,22.0
9107,Sin cobertura,81,74,2022,9.0,13.0
9108,Sin cobertura,81,78,2010,3.0,4.0
9109,Sin cobertura,81,78,2022,5.0,5.0
9110,Sin cobertura,81,82,2010,124.0,59.0
9111,Sin cobertura,81,82,2022,93.0,87.0
9112,Sin cobertura,81,86,2010,64.0,48.0
9113,Sin cobertura,81,86,2022,37.0,33.0
9114,Sin cobertura,81,90,2010,72.0,79.0
9115,Sin cobertura,81,90,2022,51.0,47.0
9116,Sin cobertura,81,94,2022,1.0,3.0
9117,Sin cobertura,82,2,2010,166.0,40.0
9118,Sin cobertura,82,2,2022,168.0,74.0
9119,Sin cobertura,82,6,2010,788.0,414.0
9120,Sin cobertura,82,6,2022,711.0,522.0
9121,Sin cobertura,82,10,2010,18.0,31.0
9122,Sin cobertura,82,10,2022,23.0,12.0
9123,Sin cobertura,82,14,2010,175.0,112.0
9124,Sin cobertura,82,14,2022,98.0,104.0
9125,Sin cobertura,82,18,2010,45.0,34.0
9126,Sin cobertura,82,18,2022,50.0,54.0
9127,Sin cobertura,82,22,2010,49.0,53.0
9128,Sin cobertura,82,22,2022,48.0,39.0
9129,Sin cobertura,82,26,2010,51.0,17.0
9130,Sin cobertura,82,26,2022,20.0,15.0
9131,Sin cobertura,82,30,2010,78.0,40.0
9132,Sin cobertura,82,30,2022,44.0,32.0
9133,Sin cobertura,82,34,2010,34.0,57.0
9134,Sin cobertura,82,34,2022,41.0,40.0
9135,Sin cobertura,82,38,2010,64.0,20.0
9136,Sin cobertura,82,38,2022,59.0,31.0
9137,Sin cobertura,82,42,2010,10.0,9.0
9138,Sin cobertura,82,42,2022,6.0,2.0
9139,Sin cobertura,82,46,2010,10.0,16.0
9140,Sin cobertura,82,46,2022,5.0,12.0
9141,Sin cobertura,82,50,2010,63.0,53.0
9142,Sin cobertura,82,50,2022,88.0,50.0
9143,Sin cobertura,82,54,2010,73.0,56.0
9144,Sin cobertura,82,54,2022,35.0,51.0
9145,Sin cobertura,82,58,2010,19.0,24.0
9146,Sin cobertura,82,58,2022,27.0,20.0
9147,Sin cobertura,82,62,2010,36.0,43.0
9148,Sin cobertura,82,62,2022,23.0,21.0
9149,Sin cobertura,82,66,2010,59.0,62.0
9150,Sin cobertura,82,66,2022,86.0,72.0
9151,Sin cobertura,82,70,2010,37.0,18.0
9152,Sin cobertura,82,70,2022,34.0,26.0
9153,Sin cobertura,82,74,2010,13.0,15.0
9154,Sin cobertura,82,74,2022,8.0,13.0
9155,Sin cobertura,82,78,2010,5.0,22.0
9156,Sin cobertura,82,78,2022,7.0,6.0
9157,Sin cobertura,82,82,2010,87.0,80.0
9158,Sin cobertura,82,82,2022,94.0,64.0
9159,Sin cobertura,82,86,2010,58.0,54.0
9160,Sin cobertura,82,86,2022,51.0,33.0
9161,Sin cobertura,82,90,2010,54.0,49.0
9162,Sin cobertura,82,90,2022,58.0,54.0
9163,Sin cobertura,82,94,2010,11.0,0.0
9164,Sin cobertura,82,94,2022,5.0,5.0
9165,Sin cobertura,83,2,2010,133.0,58.0
9166,Sin cobertura,83,2,2022,160.0,53.0
9167,Sin cobertura,83,6,2010,459.0,294.0
9168,Sin cobertura,83,6,2022,528.0,396.0
9169,Sin cobertura,83,10,2010,24.0,16.0
9170,Sin cobertura,83,10,2022,13.0,10.0
9171,Sin cobertura,83,14,2010,137.0,74.0
9172,Sin cobertura,83,14,2022,89.0,92.0
9173,Sin cobertura,83,18,2010,48.0,27.0
9174,Sin cobertura,83,18,2022,40.0,40.0
9175,Sin cobertura,83,22,2010,47.0,67.0
9176,Sin cobertura,83,22,2022,34.0,29.0
9177,Sin cobertura,83,26,2010,15.0,16.0
9178,Sin cobertura,83,26,2022,23.0,16.0
9179,Sin cobertura,83,30,2010,96.0,30.0
9180,Sin cobertura,83,30,2022,31.0,20.0
9181,Sin cobertura,83,34,2010,27.0,44.0
9182,Sin cobertura,83,34,2022,44.0,25.0
9183,Sin cobertura,83,38,2010,93.0,21.0
9184,Sin cobertura,83,38,2022,44.0,27.0
9185,Sin cobertura,83,42,2010,8.0,8.0
9186,Sin cobertura,83,42,2022,2.0,4.0
9187,Sin cobertura,83,46,2010,20.0,14.0
9188,Sin cobertura,83,46,2022,9.0,8.0
9189,Sin cobertura,83,50,2010,89.0,47.0
9190,Sin cobertura,83,50,2022,67.0,48.0
9191,Sin cobertura,83,54,2010,82.0,55.0
9192,Sin cobertura,83,54,2022,47.0,32.0
9193,Sin cobertura,83,58,2010,17.0,35.0
9194,Sin cobertura,83,58,2022,27.0,12.0
9195,Sin cobertura,83,62,2010,38.0,29.0
9196,Sin cobertura,83,62,2022,31.0,23.0
9197,Sin cobertura,83,66,2010,64.0,59.0
9198,Sin cobertura,83,66,2022,57.0,56.0
9199,Sin cobertura,83,70,2010,22.0,23.0
9200,Sin cobertura,83,70,2022,15.0,16.0
9201,Sin cobertura,83,74,2010,9.0,19.0
9202,Sin cobertura,83,74,2022,11.0,8.0
9203,Sin cobertura,83,78,2010,12.0,2.0
9204,Sin cobertura,83,78,2022,3.0,3.0
9205,Sin cobertura,83,82,2010,104.0,58.0
9206,Sin cobertura,83,82,2022,75.0,56.0
9207,Sin cobertura,83,86,2010,52.0,42.0
9208,Sin cobertura,83,86,2022,23.0,19.0
9209,Sin cobertura,83,90,2010,53.0,38.0
9210,Sin cobertura,83,90,2022,41.0,25.0
9211,Sin cobertura,83,94,2022,3.0,1.0
9212,Sin cobertura,84,2,2010,126.0,22.0
9213,Sin cobertura,84,2,2022,95.0,60.0
9214,Sin cobertura,84,6,2010,412.0,214.0
9215,Sin cobertura,84,6,2022,484.0,377.0
9216,Sin cobertura,84,10,2010,18.0,15.0
9217,Sin cobertura,84,10,2022,6.0,14.0
9218,Sin cobertura,84,14,2010,140.0,82.0
9219,Sin cobertura,84,14,2022,90.0,79.0
9220,Sin cobertura,84,18,2010,63.0,20.0
9221,Sin cobertura,84,18,2022,34.0,30.0
9222,Sin cobertura,84,22,2010,31.0,44.0
9223,Sin cobertura,84,22,2022,34.0,21.0
9224,Sin cobertura,84,26,2010,25.0,24.0
9225,Sin cobertura,84,26,2022,29.0,17.0
9226,Sin cobertura,84,30,2010,58.0,28.0
9227,Sin cobertura,84,30,2022,28.0,16.0
9228,Sin cobertura,84,34,2010,22.0,40.0
9229,Sin cobertura,84,34,2022,20.0,21.0
9230,Sin cobertura,84,38,2010,73.0,15.0
9231,Sin cobertura,84,38,2022,56.0,32.0
9232,Sin cobertura,84,42,2010,9.0,3.0
9233,Sin cobertura,84,42,2022,2.0,2.0
9234,Sin cobertura,84,46,2010,8.0,17.0
9235,Sin cobertura,84,46,2022,11.0,10.0
9236,Sin cobertura,84,50,2010,45.0,40.0
9237,Sin cobertura,84,50,2022,53.0,34.0
9238,Sin cobertura,84,54,2010,85.0,60.0
9239,Sin cobertura,84,54,2022,41.0,33.0
9240,Sin cobertura,84,58,2010,3.0,16.0
9241,Sin cobertura,84,58,2022,23.0,9.0
9242,Sin cobertura,84,62,2010,35.0,33.0
9243,Sin cobertura,84,62,2022,17.0,28.0
9244,Sin cobertura,84,66,2010,65.0,55.0
9245,Sin cobertura,84,66,2022,69.0,54.0
9246,Sin cobertura,84,70,2010,34.0,8.0
9247,Sin cobertura,84,70,2022,23.0,12.0
9248,Sin cobertura,84,74,2010,18.0,9.0
9249,Sin cobertura,84,74,2022,8.0,9.0
9250,Sin cobertura,84,78,2010,6.0,7.0
9251,Sin cobertura,84,78,2022,6.0,1.0
9252,Sin cobertura,84,82,2010,94.0,49.0
9253,Sin cobertura,84,82,2022,69.0,41.0
9254,Sin cobertura,84,86,2010,45.0,38.0
9255,Sin cobertura,84,86,2022,29.0,23.0
9256,Sin cobertura,84,90,2010,66.0,36.0
9257,Sin cobertura,84,90,2022,49.0,29.0
9258,Sin cobertura,84,94,2010,0.0,6.0
9259,Sin cobertura,84,94,2022,3.0,2.0
9260,Sin cobertura,85,2,2010,125.0,62.0
9261,Sin cobertura,85,2,2022,107.0,62.0
9262,Sin cobertura,85,6,2010,411.0,214.0
9263,Sin cobertura,85,6,2022,509.0,344.0
9264,Sin cobertura,85,10,2010,22.0,10.0
9265,Sin cobertura,85,10,2022,19.0,4.0
9266,Sin cobertura,85,14,2010,123.0,49.0
9267,Sin cobertura,85,14,2022,85.0,58.0
9268,Sin cobertura,85,18,2010,30.0,23.0
9269,Sin cobertura,85,18,2022,30.0,26.0
9270,Sin cobertura,85,22,2010,45.0,47.0
9271,Sin cobertura,85,22,2022,31.0,34.0
9272,Sin cobertura,85,26,2010,37.0,32.0
9273,Sin cobertura,85,26,2022,10.0,14.0
9274,Sin cobertura,85,30,2010,66.0,23.0
9275,Sin cobertura,85,30,2022,30.0,13.0
9276,Sin cobertura,85,34,2010,23.0,36.0
9277,Sin cobertura,85,34,2022,22.0,20.0
9278,Sin cobertura,85,38,2010,42.0,27.0
9279,Sin cobertura,85,38,2022,52.0,23.0
9280,Sin cobertura,85,42,2010,10.0,3.0
9281,Sin cobertura,85,42,2022,4.0,3.0
9282,Sin cobertura,85,46,2010,4.0,9.0
9283,Sin cobertura,85,46,2022,9.0,9.0
9284,Sin cobertura,85,50,2010,56.0,32.0
9285,Sin cobertura,85,50,2022,48.0,46.0
9286,Sin cobertura,85,54,2010,46.0,38.0
9287,Sin cobertura,85,54,2022,36.0,34.0
9288,Sin cobertura,85,58,2010,15.0,10.0
9289,Sin cobertura,85,58,2022,22.0,9.0
9290,Sin cobertura,85,62,2010,33.0,27.0
9291,Sin cobertura,85,62,2022,12.0,12.0
9292,Sin cobertura,85,66,2010,42.0,37.0
9293,Sin cobertura,85,66,2022,52.0,50.0
9294,Sin cobertura,85,70,2010,19.0,5.0
9295,Sin cobertura,85,70,2022,16.0,18.0
9296,Sin cobertura,85,74,2010,11.0,12.0
9297,Sin cobertura,85,74,2022,5.0,8.0
9298,Sin cobertura,85,78,2010,2.0,4.0
9299,Sin cobertura,85,78,2022,2.0,3.0
9300,Sin cobertura,85,82,2010,61.0,33.0
9301,Sin cobertura,85,82,2022,72.0,34.0
9302,Sin cobertura,85,86,2010,63.0,25.0
9303,Sin cobertura,85,86,2022,28.0,16.0
9304,Sin cobertura,85,90,2010,60.0,26.0
9305,Sin cobertura,85,90,2022,36.0,30.0
9306,Sin cobertura,85,94,2022,0.0,1.0
9307,Sin cobertura,86,2,2010,93.0,59.0
9308,Sin cobertura,86,2,2022,123.0,56.0
9309,Sin cobertura,86,6,2010,412.0,167.0
9310,Sin cobertura,86,6,2022,421.0,290.0
9311,Sin cobertura,86,10,2010,13.0,11.0
9312,Sin cobertura,86,10,2022,13.0,13.0
9313,Sin cobertura,86,14,2010,108.0,49.0
9314,Sin cobertura,86,14,2022,89.0,45.0
9315,Sin cobertura,86,18,2010,38.0,18.0
9316,Sin cobertura,86,18,2022,35.0,23.0
9317,Sin cobertura,86,22,2010,31.0,43.0
9318,Sin cobertura,86,22,2022,30.0,26.0
9319,Sin cobertura,86,26,2010,28.0,10.0
9320,Sin cobertura,86,26,2022,15.0,16.0
9321,Sin cobertura,86,30,2010,33.0,9.0
9322,Sin cobertura,86,30,2022,22.0,14.0
9323,Sin cobertura,86,34,2010,45.0,44.0
9324,Sin cobertura,86,34,2022,34.0,23.0
9325,Sin cobertura,86,38,2010,25.0,28.0
9326,Sin cobertura,86,38,2022,41.0,30.0
9327,Sin cobertura,86,42,2010,7.0,20.0
9328,Sin cobertura,86,42,2022,5.0,1.0
9329,Sin cobertura,86,46,2010,9.0,12.0
9330,Sin cobertura,86,46,2022,9.0,3.0
9331,Sin cobertura,86,50,2010,50.0,12.0
9332,Sin cobertura,86,50,2022,53.0,36.0
9333,Sin cobertura,86,54,2010,33.0,27.0
9334,Sin cobertura,86,54,2022,37.0,30.0
9335,Sin cobertura,86,58,2010,19.0,25.0
9336,Sin cobertura,86,58,2022,22.0,7.0
9337,Sin cobertura,86,62,2010,35.0,20.0
9338,Sin cobertura,86,62,2022,16.0,13.0
9339,Sin cobertura,86,66,2010,69.0,23.0
9340,Sin cobertura,86,66,2022,49.0,39.0
9341,Sin cobertura,86,70,2010,15.0,9.0
9342,Sin cobertura,86,70,2022,15.0,10.0
9343,Sin cobertura,86,74,2010,9.0,4.0
9344,Sin cobertura,86,74,2022,11.0,4.0
9345,Sin cobertura,86,78,2010,9.0,2.0
9346,Sin cobertura,86,78,2022,11.0,2.0
9347,Sin cobertura,86,82,2010,56.0,28.0
9348,Sin cobertura,86,82,2022,62.0,43.0
9349,Sin cobertura,86,86,2010,37.0,17.0
9350,Sin cobertura,86,86,2022,33.0,19.0
9351,Sin cobertura,86,90,2010,52.0,28.0
9352,Sin cobertura,86,90,2022,36.0,22.0
9353,Sin cobertura,86,94,2022,3.0,0.0
9354,Sin cobertura,87,2,2010,145.0,17.0
9355,Sin cobertura,87,2,2022,89.0,43.0
9356,Sin cobertura,87,6,2010,313.0,108.0
9357,Sin cobertura,87,6,2022,398.0,260.0
9358,Sin cobertura,87,10,2010,22.0,10.0
9359,Sin cobertura,87,10,2022,11.0,14.0
9360,Sin cobertura,87,14,2010,82.0,33.0
9361,Sin cobertura,87,14,2022,77.0,45.0
9362,Sin cobertura,87,18,2010,27.0,12.0
9363,Sin cobertura,87,18,2022,39.0,35.0
9364,Sin cobertura,87,22,2010,43.0,28.0
9365,Sin cobertura,87,22,2022,28.0,12.0
9366,Sin cobertura,87,26,2010,10.0,27.0
9367,Sin cobertura,87,26,2022,10.0,18.0
9368,Sin cobertura,87,30,2010,34.0,14.0
9369,Sin cobertura,87,30,2022,25.0,22.0
9370,Sin cobertura,87,34,2010,34.0,15.0
9371,Sin cobertura,87,34,2022,23.0,19.0
9372,Sin cobertura,87,38,2010,63.0,15.0
9373,Sin cobertura,87,38,2022,31.0,18.0
9374,Sin cobertura,87,42,2010,2.0,3.0
9375,Sin cobertura,87,42,2022,2.0,2.0
9376,Sin cobertura,87,46,2010,19.0,2.0
9377,Sin cobertura,87,46,2022,8.0,6.0
9378,Sin cobertura,87,50,2010,22.0,28.0
9379,Sin cobertura,87,50,2022,42.0,30.0
9380,Sin cobertura,87,54,2010,32.0,24.0
9381,Sin cobertura,87,54,2022,32.0,27.0
9382,Sin cobertura,87,58,2010,11.0,12.0
9383,Sin cobertura,87,58,2022,13.0,7.0
9384,Sin cobertura,87,62,2010,14.0,11.0
9385,Sin cobertura,87,62,2022,17.0,9.0
9386,Sin cobertura,87,66,2010,37.0,23.0
9387,Sin cobertura,87,66,2022,57.0,31.0
9388,Sin cobertura,87,70,2010,19.0,18.0
9389,Sin cobertura,87,70,2022,15.0,15.0
9390,Sin cobertura,87,74,2010,26.0,3.0
9391,Sin cobertura,87,74,2022,9.0,7.0
9392,Sin cobertura,87,78,2010,2.0,2.0
9393,Sin cobertura,87,78,2022,1.0,5.0
9394,Sin cobertura,87,82,2010,44.0,33.0
9395,Sin cobertura,87,82,2022,41.0,30.0
9396,Sin cobertura,87,86,2010,32.0,27.0
9397,Sin cobertura,87,86,2022,19.0,13.0
9398,Sin cobertura,87,90,2010,37.0,24.0
9399,Sin cobertura,87,90,2022,30.0,34.0
9400,Sin cobertura,87,94,2022,0.0,1.0
9401,Sin cobertura,88,2,2010,97.0,13.0
9402,Sin cobertura,88,2,2022,91.0,40.0
9403,Sin cobertura,88,6,2010,270.0,103.0
9404,Sin cobertura,88,6,2022,406.0,269.0
9405,Sin cobertura,88,10,2010,17.0,8.0
9406,Sin cobertura,88,10,2022,11.0,5.0
9407,Sin cobertura,88,14,2010,52.0,46.0
9408,Sin cobertura,88,14,2022,76.0,42.0
9409,Sin cobertura,88,18,2010,23.0,10.0
9410,Sin cobertura,88,18,2022,25.0,24.0
9411,Sin cobertura,88,22,2010,29.0,22.0
9412,Sin cobertura,88,22,2022,19.0,10.0
9413,Sin cobertura,88,26,2010,16.0,24.0
9414,Sin cobertura,88,26,2022,11.0,14.0
9415,Sin cobertura,88,30,2010,30.0,11.0
9416,Sin cobertura,88,30,2022,20.0,18.0
9417,Sin cobertura,88,34,2010,39.0,19.0
9418,Sin cobertura,88,34,2022,24.0,16.0
9419,Sin cobertura,88,38,2010,38.0,11.0
9420,Sin cobertura,88,38,2022,41.0,16.0
9421,Sin cobertura,88,42,2010,14.0,3.0
9422,Sin cobertura,88,42,2022,2.0,2.0
9423,Sin cobertura,88,46,2010,6.0,9.0
9424,Sin cobertura,88,46,2022,7.0,6.0
9425,Sin cobertura,88,50,2010,25.0,11.0
9426,Sin cobertura,88,50,2022,38.0,39.0
9427,Sin cobertura,88,54,2010,43.0,24.0
9428,Sin cobertura,88,54,2022,20.0,16.0
9429,Sin cobertura,88,58,2010,7.0,10.0
9430,Sin cobertura,88,58,2022,9.0,10.0
9431,Sin cobertura,88,62,2010,20.0,16.0
9432,Sin cobertura,88,62,2022,11.0,16.0
9433,Sin cobertura,88,66,2010,74.0,13.0
9434,Sin cobertura,88,66,2022,58.0,38.0
9435,Sin cobertura,88,70,2010,15.0,5.0
9436,Sin cobertura,88,70,2022,21.0,21.0
9437,Sin cobertura,88,74,2010,6.0,1.0
9438,Sin cobertura,88,74,2022,14.0,4.0
9439,Sin cobertura,88,78,2022,4.0,2.0
9440,Sin cobertura,88,82,2010,56.0,16.0
9441,Sin cobertura,88,82,2022,34.0,36.0
9442,Sin cobertura,88,86,2010,29.0,19.0
9443,Sin cobertura,88,86,2022,22.0,19.0
9444,Sin cobertura,88,90,2010,32.0,11.0
9445,Sin cobertura,88,90,2022,23.0,22.0
9446,Sin cobertura,88,94,2010,8.0,0.0
9447,Sin cobertura,88,94,2022,2.0,0.0
9448,Sin cobertura,89,2,2010,110.0,3.0
9449,Sin cobertura,89,2,2022,71.0,45.0
9450,Sin cobertura,89,6,2010,240.0,92.0
9451,Sin cobertura,89,6,2022,408.0,298.0
9452,Sin cobertura,89,10,2010,8.0,10.0
9453,Sin cobertura,89,10,2022,8.0,4.0
9454,Sin cobertura,89,14,2010,48.0,37.0
9455,Sin cobertura,89,14,2022,81.0,52.0
9456,Sin cobertura,89,18,2010,24.0,27.0
9457,Sin cobertura,89,18,2022,31.0,34.0
9458,Sin cobertura,89,22,2010,21.0,32.0
9459,Sin cobertura,89,22,2022,20.0,19.0
9460,Sin cobertura,89,26,2010,31.0,7.0
9461,Sin cobertura,89,26,2022,8.0,15.0
9462,Sin cobertura,89,30,2010,40.0,5.0
9463,Sin cobertura,89,30,2022,11.0,16.0
9464,Sin cobertura,89,34,2010,37.0,11.0
9465,Sin cobertura,89,34,2022,29.0,7.0
9466,Sin cobertura,89,38,2010,29.0,8.0
9467,Sin cobertura,89,38,2022,45.0,19.0
9468,Sin cobertura,89,42,2010,3.0,6.0
9469,Sin cobertura,89,42,2022,2.0,2.0
9470,Sin cobertura,89,46,2010,7.0,4.0
9471,Sin cobertura,89,46,2022,6.0,1.0
9472,Sin cobertura,89,50,2010,47.0,8.0
9473,Sin cobertura,89,50,2022,35.0,22.0
9474,Sin cobertura,89,54,2010,31.0,10.0
9475,Sin cobertura,89,54,2022,26.0,27.0
9476,Sin cobertura,89,58,2010,13.0,8.0
9477,Sin cobertura,89,58,2022,16.0,13.0
9478,Sin cobertura,89,62,2010,30.0,9.0
9479,Sin cobertura,89,62,2022,17.0,14.0
9480,Sin cobertura,89,66,2010,20.0,13.0
9481,Sin cobertura,89,66,2022,58.0,37.0
9482,Sin cobertura,89,70,2010,15.0,7.0
9483,Sin cobertura,89,70,2022,18.0,13.0
9484,Sin cobertura,89,74,2010,14.0,4.0
9485,Sin cobertura,89,74,2022,7.0,9.0
9486,Sin cobertura,89,78,2010,4.0,4.0
9487,Sin cobertura,89,78,2022,3.0,2.0
9488,Sin cobertura,89,82,2010,46.0,18.0
9489,Sin cobertura,89,82,2022,48.0,34.0
9490,Sin cobertura,89,86,2010,20.0,12.0
9491,Sin cobertura,89,86,2022,16.0,16.0
9492,Sin cobertura,89,90,2010,16.0,9.0
9493,Sin cobertura,89,90,2022,42.0,23.0
9494,Sin cobertura,89,94,2022,5.0,4.0
9495,Sin cobertura,90,2,2010,61.0,10.0
9496,Sin cobertura,90,2,2022,80.0,42.0
9497,Sin cobertura,90,6,2010,231.0,46.0
9498,Sin cobertura,90,6,2022,410.0,315.0
9499,Sin cobertura,90,10,2010,5.0,5.0
9500,Sin cobertura,90,10,2022,7.0,5.0
9501,Sin cobertura,90,14,2010,57.0,20.0
9502,Sin cobertura,90,14,2022,74.0,63.0
9503,Sin cobertura,90,18,2010,32.0,11.0
9504,Sin cobertura,90,18,2022,34.0,28.0
9505,Sin cobertura,90,22,2010,24.0,15.0
9506,Sin cobertura,90,22,2022,26.0,31.0
9507,Sin cobertura,90,26,2010,45.0,3.0
9508,Sin cobertura,90,26,2022,21.0,12.0
9509,Sin cobertura,90,30,2010,12.0,7.0
9510,Sin cobertura,90,30,2022,16.0,17.0
9511,Sin cobertura,90,34,2010,39.0,22.0
9512,Sin cobertura,90,34,2022,23.0,16.0
9513,Sin cobertura,90,38,2010,32.0,10.0
9514,Sin cobertura,90,38,2022,28.0,21.0
9515,Sin cobertura,90,42,2010,4.0,2.0
9516,Sin cobertura,90,42,2022,2.0,1.0
9517,Sin cobertura,90,46,2010,5.0,1.0
9518,Sin cobertura,90,46,2022,5.0,8.0
9519,Sin cobertura,90,50,2010,42.0,5.0
9520,Sin cobertura,90,50,2022,45.0,27.0
9521,Sin cobertura,90,54,2010,42.0,29.0
9522,Sin cobertura,90,54,2022,34.0,35.0
9523,Sin cobertura,90,58,2010,16.0,7.0
9524,Sin cobertura,90,58,2022,16.0,12.0
9525,Sin cobertura,90,62,2010,20.0,10.0
9526,Sin cobertura,90,62,2022,23.0,13.0
9527,Sin cobertura,90,66,2010,18.0,11.0
9528,Sin cobertura,90,66,2022,50.0,41.0
9529,Sin cobertura,90,70,2010,7.0,2.0
9530,Sin cobertura,90,70,2022,18.0,15.0
9531,Sin cobertura,90,74,2010,15.0,13.0
9532,Sin cobertura,90,74,2022,10.0,6.0
9533,Sin cobertura,90,78,2010,4.0,0.0
9534,Sin cobertura,90,78,2022,0.0,2.0
9535,Sin cobertura,90,82,2010,64.0,14.0
9536,Sin cobertura,90,82,2022,52.0,46.0
9537,Sin cobertura,90,86,2010,27.0,18.0
9538,Sin cobertura,90,86,2022,24.0,17.0
9539,Sin cobertura,90,90,2010,36.0,13.0
9540,Sin cobertura,90,90,2022,29.0,27.0
9541,Sin cobertura,90,94,2022,2.0,0.0
9542,Sin cobertura,91,2,2010,77.0,10.0
9543,Sin cobertura,91,2,2022,58.0,28.0
9544,Sin cobertura,91,6,2010,151.0,72.0
9545,Sin cobertura,91,6,2022,309.0,243.0
9546,Sin cobertura,91,10,2010,1.0,9.0
9547,Sin cobertura,91,10,2022,7.0,6.0
9548,Sin cobertura,91,14,2010,47.0,12.0
9549,Sin cobertura,91,14,2022,67.0,45.0
9550,Sin cobertura,91,18,2010,36.0,11.0
9551,Sin cobertura,91,18,2022,27.0,18.0
9552,Sin cobertura,91,22,2010,12.0,7.0
9553,Sin cobertura,91,22,2022,20.0,21.0
9554,Sin cobertura,91,26,2010,21.0,1.0
9555,Sin cobertura,91,26,2022,12.0,9.0
9556,Sin cobertura,91,30,2010,14.0,10.0
9557,Sin cobertura,91,30,2022,14.0,14.0
9558,Sin cobertura,91,34,2010,27.0,11.0
9559,Sin cobertura,91,34,2022,13.0,10.0
9560,Sin cobertura,91,38,2010,6.0,3.0
9561,Sin cobertura,91,38,2022,32.0,18.0
9562,Sin cobertura,91,42,2010,0.0,1.0
9563,Sin cobertura,91,42,2022,6.0,1.0
9564,Sin cobertura,91,46,2010,10.0,2.0
9565,Sin cobertura,91,46,2022,4.0,7.0
9566,Sin cobertura,91,50,2010,9.0,7.0
9567,Sin cobertura,91,50,2022,48.0,23.0
9568,Sin cobertura,91,54,2010,33.0,4.0
9569,Sin cobertura,91,54,2022,26.0,21.0
9570,Sin cobertura,91,58,2010,7.0,17.0
9571,Sin cobertura,91,58,2022,9.0,11.0
9572,Sin cobertura,91,62,2010,8.0,5.0
9573,Sin cobertura,91,62,2022,16.0,15.0
9574,Sin cobertura,91,66,2010,12.0,11.0
9575,Sin cobertura,91,66,2022,39.0,31.0
9576,Sin cobertura,91,70,2010,4.0,1.0
9577,Sin cobertura,91,70,2022,11.0,9.0
9578,Sin cobertura,91,74,2010,13.0,0.0
9579,Sin cobertura,91,74,2022,8.0,3.0
9580,Sin cobertura,91,78,2010,4.0,1.0
9581,Sin cobertura,91,78,2022,4.0,1.0
9582,Sin cobertura,91,82,2010,17.0,14.0
9583,Sin cobertura,91,82,2022,39.0,28.0
9584,Sin cobertura,91,86,2010,14.0,10.0
9585,Sin cobertura,91,86,2022,15.0,9.0
9586,Sin cobertura,91,90,2010,10.0,14.0
9587,Sin cobertura,91,90,2022,35.0,18.0
9588,Sin cobertura,91,94,2022,2.0,1.0
9589,Sin cobertura,92,2,2010,24.0,2.0
9590,Sin cobertura,92,2,2022,42.0,33.0
9591,Sin cobertura,92,6,2010,194.0,44.0
9592,Sin cobertura,92,6,2022,341.0,262.0
9593,Sin cobertura,92,10,2010,9.0,1.0
9594,Sin cobertura,92,10,2022,5.0,6.0
9595,Sin cobertura,92,14,2010,35.0,17.0
9596,Sin cobertura,92,14,2022,69.0,64.0
9597,Sin cobertura,92,18,2010,17.0,4.0
9598,Sin cobertura,92,18,2022,26.0,25.0
9599,Sin cobertura,92,22,2010,18.0,8.0
9600,Sin cobertura,92,22,2022,20.0,27.0
9601,Sin cobertura,92,26,2010,2.0,1.0
9602,Sin cobertura,92,26,2022,12.0,11.0
9603,Sin cobertura,92,30,2010,20.0,3.0
9604,Sin cobertura,92,30,2022,24.0,9.0
9605,Sin cobertura,92,34,2010,9.0,21.0
9606,Sin cobertura,92,34,2022,18.0,13.0
9607,Sin cobertura,92,38,2010,5.0,10.0
9608,Sin cobertura,92,38,2022,28.0,6.0
9609,Sin cobertura,92,42,2010,3.0,1.0
9610,Sin cobertura,92,42,2022,1.0,0.0
9611,Sin cobertura,92,46,2010,1.0,1.0
9612,Sin cobertura,92,46,2022,10.0,7.0
9613,Sin cobertura,92,50,2010,4.0,3.0
9614,Sin cobertura,92,50,2022,36.0,19.0
9615,Sin cobertura,92,54,2010,11.0,8.0
9616,Sin cobertura,92,54,2022,13.0,19.0
9617,Sin cobertura,92,58,2010,10.0,1.0
9618,Sin cobertura,92,58,2022,13.0,11.0
9619,Sin cobertura,92,62,2010,15.0,4.0
9620,Sin cobertura,92,62,2022,21.0,13.0
9621,Sin cobertura,92,66,2010,14.0,16.0
9622,Sin cobertura,92,66,2022,33.0,33.0
9623,Sin cobertura,92,70,2010,13.0,9.0
9624,Sin cobertura,92,70,2022,17.0,12.0
9625,Sin cobertura,92,74,2010,4.0,1.0
9626,Sin cobertura,92,74,2022,5.0,5.0
9627,Sin cobertura,92,78,2010,3.0,1.0
9628,Sin cobertura,92,78,2022,6.0,2.0
9629,Sin cobertura,92,82,2010,24.0,9.0
9630,Sin cobertura,92,82,2022,45.0,44.0
9631,Sin cobertura,92,86,2010,9.0,7.0
9632,Sin cobertura,92,86,2022,15.0,21.0
9633,Sin cobertura,92,90,2010,6.0,8.0
9634,Sin cobertura,92,90,2022,31.0,15.0
9635,Sin cobertura,92,94,2022,2.0,0.0
9636,Sin cobertura,93,2,2010,14.0,0.0
9637,Sin cobertura,93,2,2022,46.0,13.0
9638,Sin cobertura,93,6,2010,90.0,22.0
9639,Sin cobertura,93,6,2022,281.0,248.0
9640,Sin cobertura,93,10,2010,4.0,3.0
9641,Sin cobertura,93,10,2022,4.0,2.0
9642,Sin cobertura,93,14,2010,32.0,4.0
9643,Sin cobertura,93,14,2022,58.0,53.0
9644,Sin cobertura,93,18,2010,4.0,16.0
9645,Sin cobertura,93,18,2022,33.0,23.0
9646,Sin cobertura,93,22,2010,6.0,7.0
9647,Sin cobertura,93,22,2022,24.0,19.0
9648,Sin cobertura,93,26,2010,5.0,3.0
9649,Sin cobertura,93,26,2022,7.0,7.0
9650,Sin cobertura,93,30,2010,6.0,13.0
9651,Sin cobertura,93,30,2022,10.0,8.0
9652,Sin cobertura,93,34,2010,3.0,20.0
9653,Sin cobertura,93,34,2022,11.0,10.0
9654,Sin cobertura,93,38,2010,7.0,4.0
9655,Sin cobertura,93,38,2022,19.0,10.0
9656,Sin cobertura,93,42,2010,2.0,0.0
9657,Sin cobertura,93,42,2022,1.0,0.0
9658,Sin cobertura,93,46,2010,2.0,4.0
9659,Sin cobertura,93,46,2022,4.0,3.0
9660,Sin cobertura,93,50,2010,22.0,3.0
9661,Sin cobertura,93,50,2022,25.0,25.0
9662,Sin cobertura,93,54,2010,12.0,20.0
9663,Sin cobertura,93,54,2022,18.0,9.0
9664,Sin cobertura,93,58,2010,9.0,1.0
9665,Sin cobertura,93,58,2022,15.0,7.0
9666,Sin cobertura,93,62,2010,3.0,0.0
9667,Sin cobertura,93,62,2022,12.0,18.0
9668,Sin cobertura,93,66,2010,19.0,8.0
9669,Sin cobertura,93,66,2022,27.0,28.0
9670,Sin cobertura,93,70,2010,2.0,1.0
9671,Sin cobertura,93,70,2022,11.0,14.0
9672,Sin cobertura,93,74,2010,14.0,2.0
9673,Sin cobertura,93,74,2022,5.0,7.0
9674,Sin cobertura,93,78,2010,1.0,0.0
9675,Sin cobertura,93,78,2022,3.0,3.0
9676,Sin cobertura,93,82,2010,40.0,15.0
9677,Sin cobertura,93,82,2022,40.0,23.0
9678,Sin cobertura,93,86,2010,6.0,8.0
9679,Sin cobertura,93,86,2022,14.0,9.0
9680,Sin cobertura,93,90,2010,4.0,8.0
9681,Sin cobertura,93,90,2022,13.0,22.0
9682,Sin cobertura,93,94,2022,2.0,4.0
9683,Sin cobertura,94,2,2010,25.0,10.0
9684,Sin cobertura,94,2,2022,45.0,23.0
9685,Sin cobertura,94,6,2010,86.0,56.0
9686,Sin cobertura,94,6,2022,293.0,209.0
9687,Sin cobertura,94,10,2010,4.0,6.0
9688,Sin cobertura,94,10,2022,3.0,4.0
9689,Sin cobertura,94,14,2010,42.0,13.0
9690,Sin cobertura,94,14,2022,51.0,48.0
9691,Sin cobertura,94,18,2010,3.0,4.0
9692,Sin cobertura,94,18,2022,29.0,30.0
9693,Sin cobertura,94,22,2010,5.0,13.0
9694,Sin cobertura,94,22,2022,17.0,19.0
9695,Sin cobertura,94,26,2010,2.0,9.0
9696,Sin cobertura,94,26,2022,8.0,12.0
9697,Sin cobertura,94,30,2010,7.0,2.0
9698,Sin cobertura,94,30,2022,18.0,11.0
9699,Sin cobertura,94,34,2010,3.0,10.0
9700,Sin cobertura,94,34,2022,6.0,8.0
9701,Sin cobertura,94,38,2010,6.0,4.0
9702,Sin cobertura,94,38,2022,16.0,8.0
9703,Sin cobertura,94,42,2010,2.0,2.0
9704,Sin cobertura,94,42,2022,1.0,2.0
9705,Sin cobertura,94,46,2010,3.0,1.0
9706,Sin cobertura,94,46,2022,7.0,2.0
9707,Sin cobertura,94,50,2010,10.0,12.0
9708,Sin cobertura,94,50,2022,22.0,23.0
9709,Sin cobertura,94,54,2010,10.0,4.0
9710,Sin cobertura,94,54,2022,17.0,17.0
9711,Sin cobertura,94,58,2010,12.0,0.0
9712,Sin cobertura,94,58,2022,8.0,10.0
9713,Sin cobertura,94,62,2010,7.0,4.0
9714,Sin cobertura,94,62,2022,11.0,16.0
9715,Sin cobertura,94,66,2010,15.0,5.0
9716,Sin cobertura,94,66,2022,34.0,20.0
9717,Sin cobertura,94,70,2010,1.0,2.0
9718,Sin cobertura,94,70,2022,11.0,17.0
9719,Sin cobertura,94,74,2010,0.0,1.0
9720,Sin cobertura,94,74,2022,7.0,2.0
9721,Sin cobertura,94,78,2010,1.0,0.0
9722,Sin cobertura,94,78,2022,6.0,3.0
9723,Sin cobertura,94,82,2010,6.0,5.0
9724,Sin cobertura,94,82,2022,34.0,34.0
9725,Sin cobertura,94,86,2010,4.0,7.0
9726,Sin cobertura,94,86,2022,12.0,8.0
9727,Sin cobertura,94,90,2010,10.0,2.0
9728,Sin cobertura,94,90,2022,21.0,16.0
9729,Sin cobertura,94,94,2010,0.0,6.0
9730,Sin cobertura,94,94,2022,2.0,1.0
9731,Sin cobertura,95,2,2010,16.0,12.0
9732,Sin cobertura,95,2,2022,28.0,16.0
9733,Sin cobertura,95,6,2010,86.0,41.0
9734,Sin cobertura,95,6,2022,262.0,224.0
9735,Sin cobertura,95,10,2010,1.0,2.0
9736,Sin cobertura,95,10,2022,3.0,1.0
9737,Sin cobertura,95,14,2010,13.0,13.0
9738,Sin cobertura,95,14,2022,51.0,47.0
9739,Sin cobertura,95,18,2010,10.0,1.0
9740,Sin cobertura,95,18,2022,18.0,23.0
9741,Sin cobertura,95,22,2010,6.0,1.0
9742,Sin cobertura,95,22,2022,25.0,17.0
9743,Sin cobertura,95,26,2010,22.0,10.0
9744,Sin cobertura,95,26,2022,15.0,14.0
9745,Sin cobertura,95,30,2010,5.0,3.0
9746,Sin cobertura,95,30,2022,10.0,6.0
9747,Sin cobertura,95,34,2010,5.0,2.0
9748,Sin cobertura,95,34,2022,7.0,9.0
9749,Sin cobertura,95,38,2010,7.0,10.0
9750,Sin cobertura,95,38,2022,19.0,11.0
9751,Sin cobertura,95,42,2010,1.0,1.0
9752,Sin cobertura,95,42,2022,1.0,1.0
9753,Sin cobertura,95,46,2010,2.0,0.0
9754,Sin cobertura,95,46,2022,3.0,3.0
9755,Sin cobertura,95,50,2010,9.0,0.0
9756,Sin cobertura,95,50,2022,17.0,21.0
9757,Sin cobertura,95,54,2010,11.0,7.0
9758,Sin cobertura,95,54,2022,15.0,12.0
9759,Sin cobertura,95,58,2010,12.0,2.0
9760,Sin cobertura,95,58,2022,4.0,3.0
9761,Sin cobertura,95,62,2010,2.0,2.0
9762,Sin cobertura,95,62,2022,11.0,10.0
9763,Sin cobertura,95,66,2010,2.0,3.0
9764,Sin cobertura,95,66,2022,25.0,23.0
9765,Sin cobertura,95,70,2010,2.0,0.0
9766,Sin cobertura,95,70,2022,6.0,5.0
9767,Sin cobertura,95,74,2010,2.0,0.0
9768,Sin cobertura,95,74,2022,6.0,4.0
9769,Sin cobertura,95,78,2010,1.0,1.0
9770,Sin cobertura,95,78,2022,0.0,3.0
9771,Sin cobertura,95,82,2010,7.0,0.0
9772,Sin cobertura,95,82,2022,35.0,32.0
9773,Sin cobertura,95,86,2010,9.0,4.0
9774,Sin cobertura,95,86,2022,16.0,12.0
9775,Sin cobertura,95,90,2010,3.0,0.0
9776,Sin cobertura,95,90,2022,20.0,18.0
9777,Sin cobertura,95,94,2010,1.0,0.0
9778,Sin cobertura,95,94,2022,0.0,1.0
9779,Sin cobertura,96,2,2010,2.0,19.0
9780,Sin cobertura,96,2,2022,36.0,22.0
9781,Sin cobertura,96,6,2010,66.0,28.0
9782,Sin cobertura,96,6,2022,233.0,156.0
9783,Sin cobertura,96,10,2010,1.0,0.0
9784,Sin cobertura,96,10,2022,4.0,3.0
9785,Sin cobertura,96,14,2010,9.0,5.0
9786,Sin cobertura,96,14,2022,49.0,40.0
9787,Sin cobertura,96,18,2010,5.0,3.0
9788,Sin cobertura,96,18,2022,22.0,15.0
9789,Sin cobertura,96,22,2010,3.0,0.0
9790,Sin cobertura,96,22,2022,23.0,18.0
9791,Sin cobertura,96,26,2010,10.0,0.0
9792,Sin cobertura,96,26,2022,5.0,10.0
9793,Sin cobertura,96,30,2010,4.0,11.0
9794,Sin cobertura,96,30,2022,6.0,8.0
9795,Sin cobertura,96,34,2010,2.0,11.0
9796,Sin cobertura,96,34,2022,6.0,7.0
9797,Sin cobertura,96,38,2010,1.0,0.0
9798,Sin cobertura,96,38,2022,21.0,7.0
9799,Sin cobertura,96,42,2010,1.0,0.0
9800,Sin cobertura,96,46,2022,6.0,0.0
9801,Sin cobertura,96,50,2010,5.0,1.0
9802,Sin cobertura,96,50,2022,26.0,12.0
9803,Sin cobertura,96,54,2010,5.0,10.0
9804,Sin cobertura,96,54,2022,11.0,9.0
9805,Sin cobertura,96,58,2010,1.0,0.0
9806,Sin cobertura,96,58,2022,2.0,4.0
9807,Sin cobertura,96,62,2010,13.0,1.0
9808,Sin cobertura,96,62,2022,9.0,8.0
9809,Sin cobertura,96,66,2010,2.0,3.0
9810,Sin cobertura,96,66,2022,32.0,21.0
9811,Sin cobertura,96,70,2010,10.0,11.0
9812,Sin cobertura,96,70,2022,6.0,5.0
9813,Sin cobertura,96,74,2010,8.0,0.0
9814,Sin cobertura,96,74,2022,1.0,1.0
9815,Sin cobertura,96,78,2022,1.0,2.0
9816,Sin cobertura,96,82,2010,8.0,2.0
9817,Sin cobertura,96,82,2022,36.0,32.0
9818,Sin cobertura,96,86,2010,3.0,3.0
9819,Sin cobertura,96,86,2022,6.0,8.0
9820,Sin cobertura,96,90,2010,13.0,2.0
9821,Sin cobertura,96,90,2022,17.0,10.0
9822,Sin cobertura,96,94,2022,1.0,3.0
9823,Sin cobertura,97,2,2010,14.0,9.0
9824,Sin cobertura,97,2,2022,29.0,17.0
9825,Sin cobertura,97,6,2010,15.0,3.0
9826,Sin cobertura,97,6,2022,210.0,169.0
9827,Sin cobertura,97,10,2010,1.0,0.0
9828,Sin cobertura,97,10,2022,1.0,2.0
9829,Sin cobertura,97,14,2010,6.0,1.0
9830,Sin cobertura,97,14,2022,37.0,52.0
9831,Sin cobertura,97,18,2010,5.0,0.0
9832,Sin cobertura,97,18,2022,17.0,15.0
9833,Sin cobertura,97,22,2010,1.0,2.0
9834,Sin cobertura,97,22,2022,14.0,22.0
9835,Sin cobertura,97,26,2010,1.0,0.0
9836,Sin cobertura,97,26,2022,10.0,2.0
9837,Sin cobertura,97,30,2010,1.0,0.0
9838,Sin cobertura,97,30,2022,8.0,10.0
9839,Sin cobertura,97,34,2010,0.0,1.0
9840,Sin cobertura,97,34,2022,7.0,7.0
9841,Sin cobertura,97,38,2010,5.0,0.0
9842,Sin cobertura,97,38,2022,10.0,8.0
9843,Sin cobertura,97,46,2010,4.0,0.0
9844,Sin cobertura,97,46,2022,9.0,3.0
9845,Sin cobertura,97,50,2010,1.0,1.0
9846,Sin cobertura,97,50,2022,20.0,15.0
9847,Sin cobertura,97,54,2010,13.0,1.0
9848,Sin cobertura,97,54,2022,15.0,17.0
9849,Sin cobertura,97,58,2010,2.0,1.0
9850,Sin cobertura,97,58,2022,4.0,3.0
9851,Sin cobertura,97,62,2010,1.0,0.0
9852,Sin cobertura,97,62,2022,12.0,14.0
9853,Sin cobertura,97,66,2010,2.0,2.0
9854,Sin cobertura,97,66,2022,27.0,32.0
9855,Sin cobertura,97,70,2022,8.0,17.0
9856,Sin cobertura,97,74,2022,6.0,5.0
9857,Sin cobertura,97,78,2010,1.0,0.0
9858,Sin cobertura,97,78,2022,0.0,1.0
9859,Sin cobertura,97,82,2010,2.0,2.0
9860,Sin cobertura,97,82,2022,31.0,25.0
9861,Sin cobertura,97,86,2010,4.0,1.0
9862,Sin cobertura,97,86,2022,6.0,2.0
9863,Sin cobertura,97,90,2010,3.0,1.0
9864,Sin cobertura,97,90,2022,11.0,12.0
9865,Sin cobertura,97,94,2022,0.0,1.0
9866,Sin cobertura,98,2,2010,21.0,13.0
9867,Sin cobertura,98,2,2022,16.0,12.0
9868,Sin cobertura,98,6,2010,25.0,5.0
9869,Sin cobertura,98,6,2022,219.0,221.0
9870,Sin cobertura,98,10,2010,1.0,1.0
9871,Sin cobertura,98,10,2022,2.0,3.0
9872,Sin cobertura,98,14,2010,4.0,2.0
9873,Sin cobertura,98,14,2022,38.0,45.0
9874,Sin cobertura,98,18,2010,2.0,0.0
9875,Sin cobertura,98,18,2022,18.0,11.0
9876,Sin cobertura,98,22,2010,0.0,1.0
9877,Sin cobertura,98,22,2022,14.0,9.0
9878,Sin cobertura,98,26,2010,10.0,1.0
9879,Sin cobertura,98,26,2022,11.0,4.0
9880,Sin cobertura,98,30,2010,1.0,0.0
9881,Sin cobertura,98,30,2022,10.0,6.0
9882,Sin cobertura,98,34,2010,0.0,1.0
9883,Sin cobertura,98,34,2022,5.0,4.0
9884,Sin cobertura,98,38,2022,10.0,5.0
9885,Sin cobertura,98,42,2010,1.0,0.0
9886,Sin cobertura,98,42,2022,1.0,1.0
9887,Sin cobertura,98,46,2022,3.0,0.0
9888,Sin cobertura,98,50,2010,2.0,1.0
9889,Sin cobertura,98,50,2022,10.0,11.0
9890,Sin cobertura,98,54,2010,4.0,4.0
9891,Sin cobertura,98,54,2022,8.0,4.0
9892,Sin cobertura,98,58,2010,4.0,1.0
9893,Sin cobertura,98,58,2022,2.0,5.0
9894,Sin cobertura,98,62,2010,3.0,0.0
9895,Sin cobertura,98,62,2022,13.0,13.0
9896,Sin cobertura,98,66,2010,5.0,2.0
9897,Sin cobertura,98,66,2022,26.0,12.0
9898,Sin cobertura,98,70,2010,1.0,0.0
9899,Sin cobertura,98,70,2022,3.0,1.0
9900,Sin cobertura,98,74,2022,2.0,2.0
9901,Sin cobertura,98,78,2022,4.0,2.0
9902,Sin cobertura,98,82,2010,3.0,3.0
9903,Sin cobertura,98,82,2022,31.0,30.0
9904,Sin cobertura,98,86,2010,5.0,2.0
9905,Sin cobertura,98,86,2022,7.0,5.0
9906,Sin cobertura,98,90,2010,2.0,0.0
9907,Sin cobertura,98,90,2022,14.0,13.0
9908,Sin cobertura,98,94,2022,1.0,0.0
9909,Sin cobertura,99,2,2010,1.0,0.0
9910,Sin cobertura,99,2,2022,19.0,11.0
9911,Sin cobertura,99,6,2010,34.0,3.0
9912,Sin cobertura,99,6,2022,206.0,173.0
9913,Sin cobertura,99,10,2010,2.0,1.0
9914,Sin cobertura,99,10,2022,1.0,2.0
9915,Sin cobertura,99,14,2010,3.0,1.0
9916,Sin cobertura,99,14,2022,38.0,36.0
9917,Sin cobertura,99,18,2010,2.0,1.0
9918,Sin cobertura,99,18,2022,12.0,12.0
9919,Sin cobertura,99,22,2010,2.0,1.0
9920,Sin cobertura,99,22,2022,6.0,4.0
9921,Sin cobertura,99,26,2010,1.0,0.0
9922,Sin cobertura,99,26,2022,10.0,5.0
9923,Sin cobertura,99,30,2010,2.0,0.0
9924,Sin cobertura,99,30,2022,6.0,9.0
9925,Sin cobertura,99,34,2022,6.0,4.0
9926,Sin cobertura,99,38,2010,2.0,0.0
9927,Sin cobertura,99,38,2022,15.0,3.0
9928,Sin cobertura,99,42,2010,1.0,0.0
9929,Sin cobertura,99,42,2022,1.0,0.0
9930,Sin cobertura,99,46,2010,0.0,1.0
9931,Sin cobertura,99,46,2022,2.0,3.0
9932,Sin cobertura,99,50,2010,1.0,0.0
9933,Sin cobertura,99,50,2022,13.0,19.0
9934,Sin cobertura,99,54,2010,5.0,1.0
9935,Sin cobertura,99,54,2022,9.0,5.0
9936,Sin cobertura,99,58,2010,1.0,0.0
9937,Sin cobertura,99,58,2022,3.0,6.0
9938,Sin cobertura,99,62,2022,13.0,6.0
9939,Sin cobertura,99,66,2010,5.0,2.0
9940,Sin cobertura,99,66,2022,16.0,15.0
9941,Sin cobertura,99,70,2010,1.0,1.0
9942,Sin cobertura,99,70,2022,5.0,5.0
9943,Sin cobertura,99,74,2010,1.0,1.0
9944,Sin cobertura,99,74,2022,3.0,2.0
9945,Sin cobertura,99,78,2010,0.0,1.0
9946,Sin cobertura,99,78,2022,0.0,1.0
9947,Sin cobertura,99,82,2010,12.0,2.0
9948,Sin cobertura,99,82,2022,29.0,24.0
9949,Sin cobertura,99,86,2010,3.0,2.0
9950,Sin cobertura,99,86,2022,8.0,5.0
9951,Sin cobertura,99,90,2010,1.0,1.0
9952,Sin cobertura,99,90,2022,11.0,12.0
9953,Sin cobertura,99,94,2022,3.0,0.0
9954,Sin cobertura,100,2,2022,2.0,2.0
9955,Sin cobertura,100,6,2010,22.0,29.0
9956,Sin cobertura,100,6,2022,19.0,10.0
9957,Sin cobertura,100,10,2010,1.0,0.0
9958,Sin cobertura,100,14,2010,1.0,1.0
9959,Sin cobertura,100,14,2022,2.0,1.0
9960,Sin cobertura,100,18,2022,2.0,1.0
9961,Sin cobertura,100,22,2010,0.0,1.0
9962,Sin cobertura,100,22,2022,5.0,4.0
9963,Sin cobertura,100,26,2010,1.0,0.0
9964,Sin cobertura,100,26,2022,0.0,1.0
9965,Sin cobertura,100,30,2010,8.0,0.0
9966,Sin cobertura,100,30,2022,1.0,0.0
9967,Sin cobertura,100,34,2010,1.0,1.0
9968,Sin cobertura,100,34,2022,1.0,0.0
9969,Sin cobertura,100,38,2010,2.0,3.0
9970,Sin cobertura,100,38,2022,2.0,0.0
9971,Sin cobertura,100,42,2010,1.0,0.0
9972,Sin cobertura,100,46,2010,0.0,11.0
9973,Sin cobertura,100,46,2022,1.0,0.0
9974,Sin cobertura,100,50,2010,2.0,2.0
9975,Sin cobertura,100,50,2022,2.0,0.0
9976,Sin cobertura,100,54,2010,3.0,2.0
9977,Sin cobertura,100,54,2022,1.0,1.0
9978,Sin cobertura,100,58,2010,1.0,0.0
9979,Sin cobertura,100,62,2010,1.0,0.0
9980,Sin cobertura,100,62,2022,3.0,0.0
9981,Sin cobertura,100,66,2010,2.0,0.0
9982,Sin cobertura,100,66,2022,3.0,0.0
9983,Sin cobertura,100,70,2010,2.0,0.0
9984,Sin cobertura,100,70,2022,0.0,1.0
9985,Sin cobertura,100,82,2010,11.0,0.0
9986,Sin cobertura,100,82,2022,2.0,2.0
9987,Sin cobertura,100,86,2010,1.0,3.0
9988,Sin cobertura,100,86,2022,2.0,2.0
9989,Sin cobertura,100,90,2010,0.0,3.0
9990,Sin cobertura,100,90,2022,3.0,0.0
9991,Sin cobertura,101,2,2010,1.0,0.0
9992,Sin cobertura,101,6,2010,0.0,2.0
9993,Sin cobertura,101,6,2022,12.0,8.0
9994,Sin cobertura,101,10,2022,1.0,1.0
9995,Sin cobertura,101,14,2010,1.0,0.0
9996,Sin cobertura,101,14,2022,7.0,2.0
9997,Sin cobertura,101,18,2010,2.0,7.0
9998,Sin cobertura,101,18,2022,3.0,1.0
9999,Sin cobertura,101,22,2022,3.0,0.0
10000,Sin cobertura,101,30,2010,1.0,0.0
10001,Sin cobertura,101,30,2022,1.0,0.0
10002,Sin cobertura,101,34,2010,1.0,0.0
10003,Sin cobertura,101,34,2022,1.0,1.0
10004,Sin cobertura,101,38,2010,1.0,0.0
10005,Sin cobertura,101,38,2022,1.0,0.0
10006,Sin cobertura,101,54,2010,4.0,1.0
10007,Sin cobertura,101,54,2022,2.0,1.0
10008,Sin cobertura,101,62,2022,3.0,2.0
10009,Sin cobertura,101,66,2010,9.0,1.0
10010,Sin cobertura,101,70,2022,2.0,1.0
10011,Sin cobertura,101,82,2010,1.0,0.0
10012,Sin cobertura,101,82,2022,3.0,0.0
10013,Sin cobertura,101,86,2010,1.0,0.0
10014,Sin cobertura,101,86,2022,4.0,1.0
10015,Sin cobertura,101,90,2022,0.0,1.0
10016,Sin cobertura,102,2,2010,10.0,0.0
10017,Sin cobertura,102,2,2022,4.0,7.0
10018,Sin cobertura,102,6,2010,18.0,0.0
10019,Sin cobertura,102,6,2022,37.0,19.0
10020,Sin cobertura,102,10,2022,1.0,0.0
10021,Sin cobertura,102,14,2010,2.0,0.0
10022,Sin cobertura,102,14,2022,7.0,3.0
10023,Sin cobertura,102,18,2022,0.0,1.0
10024,Sin cobertura,102,22,2022,9.0,0.0
10025,Sin cobertura,102,30,2022,4.0,1.0
10026,Sin cobertura,102,34,2010,2.0,1.0
10027,Sin cobertura,102,34,2022,0.0,1.0
10028,Sin cobertura,102,38,2022,2.0,2.0
10029,Sin cobertura,102,42,2022,0.0,1.0
10030,Sin cobertura,102,46,2022,0.0,1.0
10031,Sin cobertura,102,50,2010,0.0,1.0
10032,Sin cobertura,102,50,2022,11.0,3.0
10033,Sin cobertura,102,54,2010,0.0,11.0
10034,Sin cobertura,102,54,2022,1.0,2.0
10035,Sin cobertura,102,58,2022,2.0,1.0
10036,Sin cobertura,102,62,2022,3.0,0.0
10037,Sin cobertura,102,66,2010,1.0,1.0
10038,Sin cobertura,102,66,2022,8.0,3.0
10039,Sin cobertura,102,70,2022,1.0,1.0
10040,Sin cobertura,102,74,2022,1.0,0.0
10041,Sin cobertura,102,82,2022,7.0,5.0
10042,Sin cobertura,102,86,2010,2.0,1.0
10043,Sin cobertura,102,86,2022,4.0,1.0
10044,Sin cobertura,102,90,2022,4.0,5.0
10045,Sin cobertura,103,2,2010,0.0,2.0
10046,Sin cobertura,103,2,2022,2.0,0.0
10047,Sin cobertura,103,6,2010,16.0,1.0
10048,Sin cobertura,103,6,2022,19.0,12.0
10049,Sin cobertura,103,10,2022,3.0,2.0
10050,Sin cobertura,103,14,2010,1.0,0.0
10051,Sin cobertura,103,14,2022,3.0,1.0
10052,Sin cobertura,103,18,2022,2.0,1.0
10053,Sin cobertura,103,22,2022,2.0,2.0
10054,Sin cobertura,103,26,2022,0.0,1.0
10055,Sin cobertura,103,34,2022,0.0,2.0
10056,Sin cobertura,103,38,2010,1.0,0.0
10057,Sin cobertura,103,38,2022,1.0,0.0
10058,Sin cobertura,103,46,2022,1.0,0.0
10059,Sin cobertura,103,50,2022,2.0,2.0
10060,Sin cobertura,103,54,2010,1.0,1.0
10061,Sin cobertura,103,54,2022,4.0,3.0
10062,Sin cobertura,103,62,2022,4.0,1.0
10063,Sin cobertura,103,66,2010,1.0,0.0
10064,Sin cobertura,103,66,2022,4.0,3.0
10065,Sin cobertura,103,82,2010,0.0,1.0
10066,Sin cobertura,103,82,2022,6.0,3.0
10067,Sin cobertura,103,86,2010,0.0,3.0
10068,Sin cobertura,103,86,2022,1.0,2.0
10069,Sin cobertura,103,90,2022,3.0,3.0
10070,Sin cobertura,104,2,2010,0.0,1.0
10071,Sin cobertura,104,6,2022,6.0,6.0
10072,Sin cobertura,104,10,2010,0.0,1.0
10073,Sin cobertura,104,14,2010,1.0,0.0
10074,Sin cobertura,104,14,2022,2.0,0.0
10075,Sin cobertura,104,18,2022,2.0,1.0
10076,Sin cobertura,104,22,2010,1.0,0.0
10077,Sin cobertura,104,22,2022,1.0,4.0
10078,Sin cobertura,104,30,2010,0.0,1.0
10079,Sin cobertura,104,30,2022,0.0,1.0
10080,Sin cobertura,104,34,2010,1.0,0.0
10081,Sin cobertura,104,34,2022,1.0,0.0
10082,Sin cobertura,104,46,2022,1.0,0.0
10083,Sin cobertura,104,54,2010,11.0,0.0
10084,Sin cobertura,104,62,2022,0.0,2.0
10085,Sin cobertura,104,66,2010,1.0,0.0
10086,Sin cobertura,104,66,2022,4.0,1.0
10087,Sin cobertura,104,82,2022,1.0,0.0
10088,Sin cobertura,104,86,2010,0.0,1.0
10089,Sin cobertura,104,86,2022,2.0,0.0
10090,Sin cobertura,104,90,2022,1.0,0.0
10091,Sin cobertura,105,6,2022,6.0,1.0
10092,Sin cobertura,105,10,2010,1.0,0.0
10093,Sin cobertura,105,14,2022,5.0,0.0
10094,Sin cobertura,105,18,2022,2.0,1.0
10095,Sin cobertura,105,22,2022,2.0,0.0
10096,Sin cobertura,105,30,2022,1.0,1.0
10097,Sin cobertura,105,34,2010,1.0,0.0
10098,Sin cobertura,105,46,2022,0.0,2.0
10099,Sin cobertura,105,54,2010,3.0,0.0
10100,Sin cobertura,105,54,2022,0.0,1.0
10101,Sin cobertura,105,58,2010,1.0,0.0
10102,Sin cobertura,105,62,2010,1.0,0.0
10103,Sin cobertura,105,66,2010,1.0,0.0
10104,Sin cobertura,105,66,2022,2.0,0.0
10105,Sin cobertura,105,82,2022,1.0,0.0
10106,Sin cobertura,105,86,2010,0.0,1.0
10107,Sin cobertura,105,86,2022,0.0,1.0
10108,Sin cobertura,105,90,2010,0.0,1.0
10109,Sin cobertura,105,90,2022,1.0,0.0
10110,Sin cobertura,106,2,2022,0.0,1.0
10111,Sin cobertura,106,6,2022,6.0,4.0
10112,Sin cobertura,106,14,2022,1.0,1.0
10113,Sin cobertura,106,18,2022,1.0,0.0
10114,Sin cobertura,106,22,2022,1.0,1.0
10115,Sin cobertura,106,30,2022,0.0,1.0
10116,Sin cobertura,106,34,2022,1.0,0.0
10117,Sin cobertura,106,42,2010,0.0,1.0
10118,Sin cobertura,106,46,2022,1.0,0.0
10119,Sin cobertura,106,50,2022,1.0,1.0
10120,Sin cobertura,106,54,2010,0.0,1.0
10121,Sin cobertura,106,54,2022,1.0,0.0
10122,Sin cobertura,106,66,2022,0.0,1.0
10123,Sin cobertura,106,82,2022,2.0,0.0
10124,Sin cobertura,106,86,2010,0.0,1.0
10125,Sin cobertura,106,90,2022,0.0,2.0
10126,Sin cobertura,107,2,2010,1.0,0.0
10127,Sin cobertura,107,2,2022,3.0,0.0
10128,Sin cobertura,107,6,2010,0.0,1.0
10129,Sin cobertura,107,6,2022,2.0,4.0
10130,Sin cobertura,107,18,2022,1.0,0.0
10131,Sin cobertura,107,30,2022,1.0,0.0
10132,Sin cobertura,107,34,2010,1.0,0.0
10133,Sin cobertura,107,50,2022,1.0,0.0
10134,Sin cobertura,107,54,2022,0.0,1.0
10135,Sin cobertura,107,58,2010,1.0,0.0
10136,Sin cobertura,107,58,2022,1.0,0.0
10137,Sin cobertura,107,62,2022,0.0,1.0
10138,Sin cobertura,107,66,2022,2.0,0.0
10139,Sin cobertura,107,82,2010,1.0,0.0
10140,Sin cobertura,107,82,2022,1.0,0.0
10141,Sin cobertura,107,86,2022,1.0,0.0
10142,Sin cobertura,108,6,2010,1.0,0.0
10143,Sin cobertura,108,6,2022,2.0,1.0
10144,Sin cobertura,108,14,2022,2.0,0.0
10145,Sin cobertura,108,18,2010,5.0,0.0
10146,Sin cobertura,108,18,2022,1.0,0.0
10147,Sin cobertura,108,22,2010,1.0,0.0
10148,Sin cobertura,108,34,2022,0.0,2.0
10149,Sin cobertura,108,38,2010,0.0,1.0
10150,Sin cobertura,108,38,2022,0.0,1.0
10151,Sin cobertura,108,50,2010,1.0,6.0
10152,Sin cobertura,108,54,2010,1.0,0.0
10153,Sin cobertura,108,54,2022,1.0,0.0
10154,Sin cobertura,108,62,2022,0.0,1.0
10155,Sin cobertura,108,66,2022,0.0,1.0
10156,Sin cobertura,108,78,2022,0.0,1.0
10157,Sin cobertura,108,82,2010,0.0,1.0
10158,Sin cobertura,108,86,2010,0.0,1.0
10159,Sin cobertura,109,2,2022,1.0,0.0
10160,Sin cobertura,109,6,2010,8.0,3.0
10161,Sin cobertura,109,6,2022,9.0,2.0
10162,Sin cobertura,109,14,2022,1.0,0.0
10163,Sin cobertura,109,18,2010,1.0,1.0
10164,Sin cobertura,109,30,2010,1.0,0.0
10165,Sin cobertura,109,46,2022,1.0,0.0
10166,Sin cobertura,109,62,2022,0.0,1.0
10167,Sin cobertura,109,66,2010,1.0,0.0
10168,Sin cobertura,109,82,2010,1.0,1.0
10169,Sin cobertura,109,82,2022,3.0,0.0
10170,Sin cobertura,109,86,2010,1.0,1.0
10171,Sin cobertura,110,2,2022,1.0,1.0
10172,Sin cobertura,110,6,2010,23.0,24.0
10173,Sin cobertura,110,6,2022,9.0,2.0
10174,Sin cobertura,110,10,2010,0.0,1.0
10175,Sin cobertura,110,18,2010,3.0,14.0
10176,Sin cobertura,110,18,2022,2.0,0.0
10177,Sin cobertura,110,22,2010,1.0,0.0
10178,Sin cobertura,110,38,2010,0.0,2.0
10179,Sin cobertura,110,46,2010,0.0,1.0
10180,Sin cobertura,110,50,2022,1.0,0.0
10181,Sin cobertura,110,54,2010,2.0,3.0
10182,Sin cobertura,110,54,2022,0.0,1.0
10183,Sin cobertura,110,58,2010,13.0,0.0
10184,Sin cobertura,110,62,2010,0.0,1.0
10185,Sin cobertura,110,66,2010,0.0,2.0
10186,Sin cobertura,110,66,2022,2.0,1.0
10187,Sin cobertura,110,82,2010,1.0,1.0
10188,Sin cobertura,110,82,2022,1.0,0.0
10189,Sin cobertura,110,86,2010,2.0,2.0
10190,Sin cobertura,110,90,2010,0.0,1.0
10191,Sin cobertura,110,90,2022,2.0,0.0
