,cobertura,edad,cantidad_hombres,cantidad_mujeres,total,provincia_id
0,,,,,,2
3,Con cobertura,0,5906.0,5544.0,11450,2
4,Con cobertura,1,5229.0,5830.0,11059,2
5,Con cobertura,2,5844.0,5608.0,11452,2
6,Con cobertura,3,5461.0,5130.0,10591,2
7,Con cobertura,4,5908.0,5811.0,11719,2
8,Con cobertura,5,5796.0,5610.0,11406,2
9,Con cobertura,6,6135.0,6314.0,12449,2
10,Con cobertura,7,5941.0,5633.0,11574,2
11,Con cobertura,8,5998.0,5551.0,11549,2
12,Con cobertura,9,5789.0,5625.0,11414,2
13,Con cobertura,10,6261.0,5994.0,12255,2
14,Con cobertura,11,5595.0,5642.0,11237,2
15,Con cobertura,12,6211.0,5734.0,11945,2
16,Con cobertura,13,5821.0,6132.0,11953,2
17,Con cobertura,14,6655.0,5955.0,12610,2
18,Con cobertura,15,6438.0,6188.0,12626,2
19,Con cobertura,16,6202.0,6136.0,12338,2
20,Con cobertura,17,6166.0,6320.0,12486,2
21,Con cobertura,18,7114.0,7354.0,14468,2
22,Con cobertura,19,7932.0,7979.0,15911,2
23,Con cobertura,20,8508.0,8607.0,17115,2
24,Con cobertura,21,8239.0,8198.0,16437,2
25,Con cobertura,22,8130.0,8331.0,16461,2
26,Con cobertura,23,8601.0,9613.0,18214,2
27,Con cobertura,24,9594.0,9398.0,18992,2
28,Con cobertura,25,9015.0,8950.0,17965,2
29,Con cobertura,26,9230.0,8657.0,17887,2
30,Con cobertura,27,9350.0,9056.0,18406,2
31,Con cobertura,28,9623.0,9762.0,19385,2
32,Con cobertura,29,9556.0,8913.0,18469,2
33,Con cobertura,30,10540.0,10351.0,20891,2
34,Con cobertura,31,9453.0,9489.0,18942,2
35,Con cobertura,32,8970.0,9301.0,18271,2
36,Con cobertura,33,8758.0,9452.0,18210,2
37,Con cobertura,34,8415.0,9308.0,17723,2
38,Con cobertura,35,8056.0,9041.0,17097,2
39,Con cobertura,36,8093.0,8705.0,16798,2
40,Con cobertura,37,7854.0,8106.0,15960,2
41,Con cobertura,38,7304.0,8053.0,15357,2
42,Con cobertura,39,7896.0,7932.0,15828,2
43,Con cobertura,40,7463.0,8034.0,15497,2
44,Con cobertura,41,7168.0,7625.0,14793,2
45,Con cobertura,42,6772.0,7368.0,14140,2
46,Con cobertura,43,6044.0,7591.0,13635,2
47,Con cobertura,44,6064.0,7128.0,13192,2
48,Con cobertura,45,6436.0,7518.0,13954,2
49,Con cobertura,46,6873.0,7728.0,14601,2
50,Con cobertura,47,7133.0,7480.0,14613,2
51,Con cobertura,48,6770.0,7861.0,14631,2
52,Con cobertura,49,6533.0,8133.0,14666,2
53,Con cobertura,50,6646.0,8379.0,15025,2
54,Con cobertura,51,6331.0,7841.0,14172,2
55,Con cobertura,52,6601.0,8152.0,14753,2
56,Con cobertura,53,6966.0,8523.0,15489,2
57,Con cobertura,54,6317.0,8502.0,14819,2
58,Con cobertura,55,6561.0,8020.0,14581,2
59,Con cobertura,56,6107.0,7863.0,13970,2
60,Con cobertura,57,6457.0,8000.0,14457,2
61,Con cobertura,58,5807.0,7672.0,13479,2
62,Con cobertura,59,5402.0,7579.0,12981,2
63,Con cobertura,60,6548.0,9304.0,15852,2
64,Con cobertura,61,5633.0,9525.0,15158,2
65,Con cobertura,62,5521.0,10849.0,16370,2
66,Con cobertura,63,5517.0,10409.0,15926,2
67,Con cobertura,64,5302.0,10239.0,15541,2
68,Con cobertura,65,6319.0,11145.0,17464,2
69,Con cobertura,66,6717.0,9766.0,16483,2
70,Con cobertura,67,6436.0,9520.0,15956,2
71,Con cobertura,68,6099.0,8886.0,14985,2
72,Con cobertura,69,5773.0,8805.0,14578,2
73,Con cobertura,70,6464.0,11378.0,17842,2
74,Con cobertura,71,5530.0,8739.0,14269,2
75,Con cobertura,72,5710.0,8853.0,14563,2
76,Con cobertura,73,5086.0,8477.0,13563,2
77,Con cobertura,74,5348.0,8354.0,13702,2
78,Con cobertura,75,5184.0,9243.0,14427,2
79,Con cobertura,76,4588.0,8740.0,13328,2
80,Con cobertura,77,4977.0,8015.0,12992,2
81,Con cobertura,78,5015.0,8987.0,14002,2
82,Con cobertura,79,4803.0,8512.0,13315,2
83,Con cobertura,80,4560.0,9129.0,13689,2
84,Con cobertura,81,3965.0,8101.0,12066,2
85,Con cobertura,82,3697.0,7970.0,11667,2
86,Con cobertura,83,3305.0,7460.0,10765,2
87,Con cobertura,84,2491.0,6981.0,9472,2
88,Con cobertura,85,2855.0,6684.0,9539,2
89,Con cobertura,86,2348.0,5968.0,8316,2
90,Con cobertura,87,1925.0,5018.0,6943,2
91,Con cobertura,88,1560.0,4710.0,6270,2
92,Con cobertura,89,1316.0,3781.0,5097,2
93,Con cobertura,90,1028.0,3234.0,4262,2
94,Con cobertura,91,725.0,2050.0,2775,2
95,Con cobertura,92,537.0,1823.0,2360,2
96,Con cobertura,93,232.0,1642.0,1874,2
97,Con cobertura,94,282.0,1221.0,1503,2
98,Con cobertura,95,193.0,931.0,1124,2
99,Con cobertura,96,122.0,634.0,756,2
100,Con cobertura,97,66.0,446.0,512,2
101,Con cobertura,98,61.0,362.0,423,2
102,Con cobertura,99,36.0,162.0,198,2
103,Con cobertura,100,26.0,199.0,225,2
104,Con cobertura,101,1.0,94.0,95,2
105,Con cobertura,102,11.0,64.0,75,2
106,Con cobertura,103,0.0,27.0,27,2
107,Con cobertura,104,10.0,17.0,27,2
108,Con cobertura,105,3.0,6.0,9,2
109,Con cobertura,106,0.0,4.0,4,2
110,Con cobertura,107,0.0,2.0,2,2
111,Con cobertura,108,0.0,1.0,1,2
112,Con cobertura,109,1.0,2.0,3,2
113,Con cobertura,110,0.0,10.0,10,2
116,Con cobertura,0,4954.0,4441.0,9395,2
117,Con cobertura,1,4285.0,4230.0,8515,2
118,Con cobertura,2,4576.0,4292.0,8868,2
119,Con cobertura,3,4255.0,3957.0,8212,2
120,Con cobertura,4,4149.0,4185.0,8334,2
121,Con cobertura,5,4468.0,4183.0,8651,2
122,Con cobertura,6,4009.0,3710.0,7719,2
123,Con cobertura,7,3654.0,3642.0,7296,2
124,Con cobertura,8,3728.0,3714.0,7442,2
125,Con cobertura,9,3743.0,3792.0,7535,2
126,Con cobertura,10,3608.0,3328.0,6936,2
127,Con cobertura,11,3208.0,3022.0,6230,2
128,Con cobertura,12,3436.0,3248.0,6684,2
129,Con cobertura,13,2800.0,2835.0,5635,2
130,Con cobertura,14,3285.0,2853.0,6138,2
131,Con cobertura,15,3220.0,3120.0,6340,2
132,Con cobertura,16,2929.0,2980.0,5909,2
133,Con cobertura,17,2787.0,3102.0,5889,2
134,Con cobertura,18,3251.0,3053.0,6304,2
135,Con cobertura,19,3323.0,3780.0,7103,2
136,Con cobertura,20,4117.0,3633.0,7750,2
137,Con cobertura,21,4039.0,4514.0,8553,2
138,Con cobertura,22,4347.0,4634.0,8981,2
139,Con cobertura,23,4544.0,4726.0,9270,2
140,Con cobertura,24,5220.0,5519.0,10739,2
141,Con cobertura,25,5196.0,6117.0,11313,2
142,Con cobertura,26,5516.0,6254.0,11770,2
143,Con cobertura,27,5350.0,6432.0,11782,2
144,Con cobertura,28,5646.0,6840.0,12486,2
145,Con cobertura,29,6292.0,7356.0,13648,2
146,Con cobertura,30,6815.0,7775.0,14590,2
147,Con cobertura,31,6933.0,7706.0,14639,2
148,Con cobertura,32,6408.0,7779.0,14187,2
149,Con cobertura,33,6373.0,7631.0,14004,2
150,Con cobertura,34,6647.0,7836.0,14483,2
151,Con cobertura,35,6312.0,7286.0,13598,2
152,Con cobertura,36,6067.0,7058.0,13125,2
153,Con cobertura,37,5686.0,6357.0,12043,2
154,Con cobertura,38,5988.0,5945.0,11933,2
155,Con cobertura,39,5338.0,5934.0,11272,2
156,Con cobertura,40,4840.0,6045.0,10885,2
157,Con cobertura,41,4580.0,5196.0,9776,2
158,Con cobertura,42,4430.0,4908.0,9338,2
159,Con cobertura,43,4074.0,4934.0,9008,2
160,Con cobertura,44,3837.0,4716.0,8553,2
161,Con cobertura,45,4259.0,4182.0,8441,2
162,Con cobertura,46,4038.0,4180.0,8218,2
163,Con cobertura,47,3804.0,4563.0,8367,2
164,Con cobertura,48,4022.0,4200.0,8222,2
165,Con cobertura,49,3523.0,4031.0,7554,2
166,Con cobertura,50,4009.0,4589.0,8598,2
167,Con cobertura,51,3301.0,4197.0,7498,2
168,Con cobertura,52,3564.0,3978.0,7542,2
169,Con cobertura,53,3392.0,3789.0,7181,2
170,Con cobertura,54,3179.0,4427.0,7606,2
171,Con cobertura,55,3408.0,4259.0,7667,2
172,Con cobertura,56,2978.0,4066.0,7044,2
173,Con cobertura,57,3132.0,3888.0,7020,2
174,Con cobertura,58,2910.0,3523.0,6433,2
175,Con cobertura,59,3049.0,3561.0,6610,2
176,Con cobertura,60,2850.0,3735.0,6585,2
177,Con cobertura,61,2657.0,2984.0,5641,2
178,Con cobertura,62,2737.0,2615.0,5352,2
179,Con cobertura,63,2692.0,2470.0,5162,2
180,Con cobertura,64,2339.0,2398.0,4737,2
181,Con cobertura,65,2269.0,2292.0,4561,2
182,Con cobertura,66,1804.0,1877.0,3681,2
183,Con cobertura,67,1303.0,1679.0,2982,2
184,Con cobertura,68,1298.0,1741.0,3039,2
185,Con cobertura,69,1190.0,1418.0,2608,2
186,Con cobertura,70,1053.0,1504.0,2557,2
187,Con cobertura,71,1068.0,1453.0,2521,2
188,Con cobertura,72,942.0,1457.0,2399,2
189,Con cobertura,73,841.0,1179.0,2020,2
190,Con cobertura,74,656.0,1126.0,1782,2
191,Con cobertura,75,692.0,1289.0,1981,2
192,Con cobertura,76,716.0,1076.0,1792,2
193,Con cobertura,77,578.0,1087.0,1665,2
194,Con cobertura,78,790.0,1186.0,1976,2
195,Con cobertura,79,625.0,1224.0,1849,2
196,Con cobertura,80,551.0,1171.0,1722,2
197,Con cobertura,81,631.0,1071.0,1702,2
198,Con cobertura,82,422.0,886.0,1308,2
199,Con cobertura,83,419.0,752.0,1171,2
200,Con cobertura,84,328.0,861.0,1189,2
201,Con cobertura,85,412.0,796.0,1208,2
202,Con cobertura,86,358.0,698.0,1056,2
203,Con cobertura,87,288.0,596.0,884,2
204,Con cobertura,88,248.0,488.0,736,2
205,Con cobertura,89,183.0,425.0,608,2
206,Con cobertura,90,180.0,316.0,496,2
207,Con cobertura,91,110.0,272.0,382,2
208,Con cobertura,92,87.0,238.0,325,2
209,Con cobertura,93,25.0,226.0,251,2
210,Con cobertura,94,52.0,137.0,189,2
211,Con cobertura,95,4.0,104.0,108,2
212,Con cobertura,96,45.0,92.0,137,2
213,Con cobertura,97,2.0,45.0,47,2
214,Con cobertura,98,3.0,36.0,39,2
215,Con cobertura,99,1.0,17.0,18,2
216,Con cobertura,100,12.0,17.0,29,2
217,Con cobertura,101,0.0,4.0,4,2
218,Con cobertura,102,0.0,2.0,2,2
219,Con cobertura,103,1.0,4.0,5,2
220,Con cobertura,105,0.0,1.0,1,2
221,Con cobertura,106,1.0,0.0,1,2
222,Con cobertura,108,0.0,1.0,1,2
225,Con cobertura,0,2467.0,2390.0,4857,2
226,Con cobertura,1,2150.0,2285.0,4435,2
227,Con cobertura,2,2434.0,2124.0,4558,2
228,Con cobertura,3,2208.0,2103.0,4311,2
229,Con cobertura,4,2133.0,2110.0,4243,2
230,Con cobertura,5,2039.0,2085.0,4124,2
231,Con cobertura,6,2094.0,2271.0,4365,2
232,Con cobertura,7,2101.0,1878.0,3979,2
233,Con cobertura,8,2136.0,1966.0,4102,2
234,Con cobertura,9,1848.0,1888.0,3736,2
235,Con cobertura,10,1795.0,2063.0,3858,2
236,Con cobertura,11,1803.0,1689.0,3492,2
237,Con cobertura,12,1761.0,1809.0,3570,2
238,Con cobertura,13,1945.0,1662.0,3607,2
239,Con cobertura,14,1932.0,2065.0,3997,2
240,Con cobertura,15,2130.0,1818.0,3948,2
241,Con cobertura,16,2019.0,1844.0,3863,2
242,Con cobertura,17,2075.0,1968.0,4043,2
243,Con cobertura,18,2085.0,2323.0,4408,2
244,Con cobertura,19,2588.0,2630.0,5218,2
245,Con cobertura,20,2502.0,2598.0,5100,2
246,Con cobertura,21,2699.0,2982.0,5681,2
247,Con cobertura,22,2581.0,3085.0,5666,2
248,Con cobertura,23,3016.0,3026.0,6042,2
249,Con cobertura,24,2582.0,3544.0,6126,2
250,Con cobertura,25,3053.0,3592.0,6645,2
251,Con cobertura,26,3143.0,3904.0,7047,2
252,Con cobertura,27,2808.0,3157.0,5965,2
253,Con cobertura,28,2791.0,3365.0,6156,2
254,Con cobertura,29,2614.0,3372.0,5986,2
255,Con cobertura,30,2874.0,3476.0,6350,2
256,Con cobertura,31,2927.0,3573.0,6500,2
257,Con cobertura,32,2963.0,3385.0,6348,2
258,Con cobertura,33,3110.0,3688.0,6798,2
259,Con cobertura,34,3119.0,3522.0,6641,2
260,Con cobertura,35,3151.0,3779.0,6930,2
261,Con cobertura,36,3161.0,2969.0,6130,2
262,Con cobertura,37,2885.0,3163.0,6048,2
263,Con cobertura,38,2526.0,3063.0,5589,2
264,Con cobertura,39,2684.0,3035.0,5719,2
265,Con cobertura,40,2677.0,2925.0,5602,2
266,Con cobertura,41,2613.0,2420.0,5033,2
267,Con cobertura,42,2365.0,2581.0,4946,2
268,Con cobertura,43,2403.0,3153.0,5556,2
269,Con cobertura,44,2312.0,2992.0,5304,2
270,Con cobertura,45,2503.0,2733.0,5236,2
271,Con cobertura,46,2285.0,2929.0,5214,2
272,Con cobertura,47,2418.0,2891.0,5309,2
273,Con cobertura,48,2362.0,2637.0,4999,2
274,Con cobertura,49,2490.0,2925.0,5415,2
275,Con cobertura,50,2654.0,3166.0,5820,2
276,Con cobertura,51,2537.0,2872.0,5409,2
277,Con cobertura,52,2333.0,2889.0,5222,2
278,Con cobertura,53,2610.0,2933.0,5543,2
279,Con cobertura,54,2416.0,3102.0,5518,2
280,Con cobertura,55,2771.0,3343.0,6114,2
281,Con cobertura,56,2623.0,2894.0,5517,2
282,Con cobertura,57,2299.0,2941.0,5240,2
283,Con cobertura,58,2268.0,3302.0,5570,2
284,Con cobertura,59,2511.0,3523.0,6034,2
285,Con cobertura,60,2906.0,3856.0,6762,2
286,Con cobertura,61,2503.0,3162.0,5665,2
287,Con cobertura,62,2832.0,3183.0,6015,2
288,Con cobertura,63,2516.0,2931.0,5447,2
289,Con cobertura,64,2616.0,3250.0,5866,2
290,Con cobertura,65,2347.0,3169.0,5516,2
291,Con cobertura,66,2222.0,2958.0,5180,2
292,Con cobertura,67,2036.0,2696.0,4732,2
293,Con cobertura,68,1888.0,2432.0,4320,2
294,Con cobertura,69,1559.0,2137.0,3696,2
295,Con cobertura,70,1687.0,2489.0,4176,2
296,Con cobertura,71,1599.0,1901.0,3500,2
297,Con cobertura,72,1433.0,1882.0,3315,2
298,Con cobertura,73,1357.0,1983.0,3340,2
299,Con cobertura,74,1154.0,1961.0,3115,2
300,Con cobertura,75,1270.0,1923.0,3193,2
301,Con cobertura,76,648.0,1614.0,2262,2
302,Con cobertura,77,1134.0,1444.0,2578,2
303,Con cobertura,78,1019.0,1602.0,2621,2
304,Con cobertura,79,1030.0,1778.0,2808,2
305,Con cobertura,80,877.0,1861.0,2738,2
306,Con cobertura,81,791.0,1459.0,2250,2
307,Con cobertura,82,950.0,1463.0,2413,2
308,Con cobertura,83,634.0,1400.0,2034,2
309,Con cobertura,84,648.0,1232.0,1880,2
310,Con cobertura,85,727.0,1349.0,2076,2
311,Con cobertura,86,395.0,947.0,1342,2
312,Con cobertura,87,350.0,842.0,1192,2
313,Con cobertura,88,350.0,812.0,1162,2
314,Con cobertura,89,222.0,574.0,796,2
315,Con cobertura,90,205.0,567.0,772,2
316,Con cobertura,91,116.0,218.0,334,2
317,Con cobertura,92,144.0,302.0,446,2
318,Con cobertura,93,83.0,304.0,387,2
319,Con cobertura,94,53.0,151.0,204,2
320,Con cobertura,95,14.0,197.0,211,2
321,Con cobertura,96,50.0,117.0,167,2
322,Con cobertura,97,1.0,50.0,51,2
323,Con cobertura,98,20.0,28.0,48,2
324,Con cobertura,99,3.0,50.0,53,2
325,Con cobertura,100,2.0,14.0,16,2
326,Con cobertura,101,1.0,3.0,4,2
327,Con cobertura,102,0.0,11.0,11,2
328,Con cobertura,103,0.0,2.0,2,2
329,Con cobertura,104,0.0,11.0,11,2
330,Con cobertura,105,0.0,2.0,2,2
331,Con cobertura,106,0.0,12.0,12,2
332,Con cobertura,107,0.0,3.0,3,2
335,Con cobertura,0,285.0,213.0,498,2
336,Con cobertura,1,395.0,325.0,720,2
337,Con cobertura,2,387.0,274.0,661,2
338,Con cobertura,3,277.0,328.0,605,2
339,Con cobertura,4,372.0,279.0,651,2
340,Con cobertura,5,296.0,353.0,649,2
341,Con cobertura,6,273.0,295.0,568,2
342,Con cobertura,7,283.0,305.0,588,2
343,Con cobertura,8,248.0,321.0,569,2
344,Con cobertura,9,386.0,361.0,747,2
345,Con cobertura,10,307.0,288.0,595,2
346,Con cobertura,11,422.0,324.0,746,2
347,Con cobertura,12,402.0,380.0,782,2
348,Con cobertura,13,388.0,421.0,809,2
349,Con cobertura,14,407.0,356.0,763,2
350,Con cobertura,15,418.0,445.0,863,2
351,Con cobertura,16,306.0,337.0,643,2
352,Con cobertura,17,376.0,382.0,758,2
353,Con cobertura,18,446.0,440.0,886,2
354,Con cobertura,19,375.0,390.0,765,2
355,Con cobertura,20,271.0,348.0,619,2
356,Con cobertura,21,408.0,402.0,810,2
357,Con cobertura,22,386.0,437.0,823,2
358,Con cobertura,23,249.0,412.0,661,2
359,Con cobertura,24,291.0,337.0,628,2
360,Con cobertura,25,227.0,289.0,516,2
361,Con cobertura,26,278.0,328.0,606,2
362,Con cobertura,27,319.0,350.0,669,2
363,Con cobertura,28,277.0,340.0,617,2
364,Con cobertura,29,179.0,313.0,492,2
365,Con cobertura,30,233.0,291.0,524,2
366,Con cobertura,31,372.0,288.0,660,2
367,Con cobertura,32,205.0,296.0,501,2
368,Con cobertura,33,183.0,284.0,467,2
369,Con cobertura,34,194.0,373.0,567,2
370,Con cobertura,35,180.0,302.0,482,2
371,Con cobertura,36,297.0,293.0,590,2
372,Con cobertura,37,157.0,437.0,594,2
373,Con cobertura,38,257.0,239.0,496,2
374,Con cobertura,39,258.0,168.0,426,2
375,Con cobertura,40,232.0,288.0,520,2
376,Con cobertura,41,139.0,347.0,486,2
377,Con cobertura,42,169.0,338.0,507,2
378,Con cobertura,43,174.0,256.0,430,2
379,Con cobertura,44,183.0,328.0,511,2
380,Con cobertura,45,229.0,444.0,673,2
381,Con cobertura,46,268.0,266.0,534,2
382,Con cobertura,47,207.0,458.0,665,2
383,Con cobertura,48,202.0,296.0,498,2
384,Con cobertura,49,179.0,446.0,625,2
385,Con cobertura,50,260.0,366.0,626,2
386,Con cobertura,51,208.0,334.0,542,2
387,Con cobertura,52,227.0,266.0,493,2
388,Con cobertura,53,222.0,398.0,620,2
389,Con cobertura,54,229.0,329.0,558,2
390,Con cobertura,55,189.0,339.0,528,2
391,Con cobertura,56,154.0,281.0,435,2
392,Con cobertura,57,212.0,279.0,491,2
393,Con cobertura,58,232.0,306.0,538,2
394,Con cobertura,59,260.0,473.0,733,2
395,Con cobertura,60,262.0,263.0,525,2
396,Con cobertura,61,198.0,257.0,455,2
397,Con cobertura,62,258.0,227.0,485,2
398,Con cobertura,63,243.0,169.0,412,2
399,Con cobertura,64,175.0,82.0,257,2
400,Con cobertura,65,179.0,117.0,296,2
401,Con cobertura,66,119.0,85.0,204,2
402,Con cobertura,67,68.0,108.0,176,2
403,Con cobertura,68,67.0,94.0,161,2
404,Con cobertura,69,51.0,116.0,167,2
405,Con cobertura,70,43.0,92.0,135,2
406,Con cobertura,71,96.0,114.0,210,2
407,Con cobertura,72,87.0,96.0,183,2
408,Con cobertura,73,50.0,77.0,127,2
409,Con cobertura,74,53.0,97.0,150,2
410,Con cobertura,75,6.0,106.0,112,2
411,Con cobertura,76,49.0,138.0,187,2
412,Con cobertura,77,77.0,138.0,215,2
413,Con cobertura,78,47.0,214.0,261,2
414,Con cobertura,79,88.0,49.0,137,2
415,Con cobertura,80,55.0,143.0,198,2
416,Con cobertura,81,28.0,92.0,120,2
417,Con cobertura,82,45.0,146.0,191,2
418,Con cobertura,83,15.0,83.0,98,2
419,Con cobertura,84,23.0,62.0,85,2
420,Con cobertura,85,32.0,52.0,84,2
421,Con cobertura,86,22.0,19.0,41,2
422,Con cobertura,87,12.0,38.0,50,2
423,Con cobertura,88,41.0,54.0,95,2
424,Con cobertura,89,12.0,20.0,32,2
425,Con cobertura,90,0.0,29.0,29,2
426,Con cobertura,91,22.0,10.0,32,2
427,Con cobertura,92,3.0,15.0,18,2
428,Con cobertura,93,10.0,6.0,16,2
429,Con cobertura,94,1.0,8.0,9,2
430,Con cobertura,95,10.0,15.0,25,2
431,Con cobertura,96,0.0,10.0,10,2
432,Con cobertura,97,1.0,1.0,2,2
433,Con cobertura,98,0.0,1.0,1,2
434,Con cobertura,99,1.0,0.0,1,2
435,Con cobertura,100,0.0,14.0,14,2
436,Con cobertura,101,0.0,1.0,1,2
439,Sin cobertura,0,4612.0,4539.0,9151,2
440,Sin cobertura,1,4442.0,4083.0,8525,2
441,Sin cobertura,2,4084.0,3974.0,8058,2
442,Sin cobertura,3,4056.0,3848.0,7904,2
443,Sin cobertura,4,4108.0,3828.0,7936,2
444,Sin cobertura,5,3478.0,3623.0,7101,2
445,Sin cobertura,6,3480.0,3356.0,6836,2
446,Sin cobertura,7,3748.0,3422.0,7170,2
447,Sin cobertura,8,3672.0,3347.0,7019,2
448,Sin cobertura,9,3801.0,3464.0,7265,2
449,Sin cobertura,10,3874.0,3325.0,7199,2
450,Sin cobertura,11,3509.0,3425.0,6934,2
451,Sin cobertura,12,3733.0,3599.0,7332,2
452,Sin cobertura,13,3281.0,3439.0,6720,2
453,Sin cobertura,14,3800.0,3751.0,7551,2
454,Sin cobertura,15,3845.0,3715.0,7560,2
455,Sin cobertura,16,3718.0,3702.0,7420,2
456,Sin cobertura,17,3955.0,4054.0,8009,2
457,Sin cobertura,18,4730.0,4764.0,9494,2
458,Sin cobertura,19,4850.0,5512.0,10362,2
459,Sin cobertura,20,5709.0,6217.0,11926,2
460,Sin cobertura,21,6084.0,6666.0,12750,2
461,Sin cobertura,22,6652.0,6448.0,13100,2
462,Sin cobertura,23,6400.0,6257.0,12657,2
463,Sin cobertura,24,6497.0,6418.0,12915,2
464,Sin cobertura,25,6536.0,6379.0,12915,2
465,Sin cobertura,26,6294.0,5861.0,12155,2
466,Sin cobertura,27,5905.0,5621.0,11526,2
467,Sin cobertura,28,5846.0,5925.0,11771,2
468,Sin cobertura,29,5751.0,5326.0,11077,2
469,Sin cobertura,30,5791.0,5133.0,10924,2
470,Sin cobertura,31,4710.0,4858.0,9568,2
471,Sin cobertura,32,5053.0,4450.0,9503,2
472,Sin cobertura,33,4703.0,4789.0,9492,2
473,Sin cobertura,34,4153.0,4221.0,8374,2
474,Sin cobertura,35,4466.0,4462.0,8928,2
475,Sin cobertura,36,4267.0,4185.0,8452,2
476,Sin cobertura,37,4044.0,3821.0,7865,2
477,Sin cobertura,38,3609.0,3681.0,7290,2
478,Sin cobertura,39,3292.0,3763.0,7055,2
479,Sin cobertura,40,3625.0,3841.0,7466,2
480,Sin cobertura,41,3099.0,3515.0,6614,2
481,Sin cobertura,42,3247.0,3428.0,6675,2
482,Sin cobertura,43,3263.0,2990.0,6253,2
483,Sin cobertura,44,2924.0,2856.0,5780,2
484,Sin cobertura,45,2884.0,3067.0,5951,2
485,Sin cobertura,46,2937.0,2993.0,5930,2
486,Sin cobertura,47,2929.0,2724.0,5653,2
487,Sin cobertura,48,2506.0,2882.0,5388,2
488,Sin cobertura,49,2813.0,3085.0,5898,2
489,Sin cobertura,50,3030.0,3568.0,6598,2
490,Sin cobertura,51,2344.0,3275.0,5619,2
491,Sin cobertura,52,2714.0,2838.0,5552,2
492,Sin cobertura,53,2192.0,2864.0,5056,2
493,Sin cobertura,54,2413.0,2841.0,5254,2
494,Sin cobertura,55,2488.0,2641.0,5129,2
495,Sin cobertura,56,2359.0,2851.0,5210,2
496,Sin cobertura,57,2360.0,2468.0,4828,2
497,Sin cobertura,58,2212.0,2630.0,4842,2
498,Sin cobertura,59,1891.0,2286.0,4177,2
499,Sin cobertura,60,2204.0,2588.0,4792,2
500,Sin cobertura,61,1968.0,1463.0,3431,2
501,Sin cobertura,62,1666.0,1308.0,2974,2
502,Sin cobertura,63,1739.0,1151.0,2890,2
503,Sin cobertura,64,1718.0,823.0,2541,2
504,Sin cobertura,65,1512.0,791.0,2303,2
505,Sin cobertura,66,834.0,591.0,1425,2
506,Sin cobertura,67,648.0,551.0,1199,2
507,Sin cobertura,68,521.0,516.0,1037,2
508,Sin cobertura,69,342.0,376.0,718,2
509,Sin cobertura,70,397.0,530.0,927,2
510,Sin cobertura,71,196.0,318.0,514,2
511,Sin cobertura,72,268.0,271.0,539,2
512,Sin cobertura,73,232.0,229.0,461,2
513,Sin cobertura,74,204.0,277.0,481,2
514,Sin cobertura,75,159.0,245.0,404,2
515,Sin cobertura,76,206.0,187.0,393,2
516,Sin cobertura,77,103.0,152.0,255,2
517,Sin cobertura,78,146.0,239.0,385,2
518,Sin cobertura,79,72.0,229.0,301,2
519,Sin cobertura,80,67.0,255.0,322,2
520,Sin cobertura,81,81.0,158.0,239,2
521,Sin cobertura,82,40.0,166.0,206,2
522,Sin cobertura,83,58.0,133.0,191,2
523,Sin cobertura,84,22.0,126.0,148,2
524,Sin cobertura,85,62.0,125.0,187,2
525,Sin cobertura,86,59.0,93.0,152,2
526,Sin cobertura,87,17.0,145.0,162,2
527,Sin cobertura,88,13.0,97.0,110,2
528,Sin cobertura,89,3.0,110.0,113,2
529,Sin cobertura,90,10.0,61.0,71,2
530,Sin cobertura,91,10.0,77.0,87,2
531,Sin cobertura,92,2.0,24.0,26,2
532,Sin cobertura,93,0.0,14.0,14,2
533,Sin cobertura,94,10.0,25.0,35,2
534,Sin cobertura,95,12.0,16.0,28,2
535,Sin cobertura,96,19.0,2.0,21,2
536,Sin cobertura,97,9.0,14.0,23,2
537,Sin cobertura,98,13.0,21.0,34,2
538,Sin cobertura,99,0.0,1.0,1,2
539,Sin cobertura,101,0.0,1.0,1,2
540,Sin cobertura,102,0.0,10.0,10,2
541,Sin cobertura,103,2.0,0.0,2,2
542,Sin cobertura,104,1.0,0.0,1,2
543,Sin cobertura,107,0.0,1.0,1,2
662,Con cobertura,0,50336.0,47844.0,98180,6
663,Con cobertura,1,50624.0,48760.0,99384,6
664,Con cobertura,2,52523.0,49981.0,102504,6
665,Con cobertura,3,51035.0,48063.0,99098,6
666,Con cobertura,4,53862.0,52669.0,106531,6
667,Con cobertura,5,53050.0,54447.0,107497,6
668,Con cobertura,6,56188.0,53305.0,109493,6
669,Con cobertura,7,54243.0,52130.0,106373,6
670,Con cobertura,8,54198.0,51571.0,105769,6
671,Con cobertura,9,55157.0,53619.0,108776,6
672,Con cobertura,10,55867.0,54342.0,110209,6
673,Con cobertura,11,54693.0,51239.0,105932,6
674,Con cobertura,12,54498.0,52252.0,106750,6
675,Con cobertura,13,52528.0,52326.0,104854,6
676,Con cobertura,14,58004.0,55351.0,113355,6
677,Con cobertura,15,54891.0,53985.0,108876,6
678,Con cobertura,16,53559.0,53108.0,106667,6
679,Con cobertura,17,53328.0,51586.0,104914,6
680,Con cobertura,18,52092.0,51556.0,103648,6
681,Con cobertura,19,52307.0,53953.0,106260,6
682,Con cobertura,20,52059.0,52338.0,104397,6
683,Con cobertura,21,45501.0,41184.0,86685,6
684,Con cobertura,22,45446.0,42454.0,87900,6
685,Con cobertura,23,48314.0,44515.0,92829,6
686,Con cobertura,24,48148.0,45572.0,93720,6
687,Con cobertura,25,47521.0,45637.0,93158,6
688,Con cobertura,26,47708.0,44212.0,91920,6
689,Con cobertura,27,47163.0,46997.0,94160,6
690,Con cobertura,28,51979.0,50424.0,102403,6
691,Con cobertura,29,51033.0,51191.0,102224,6
692,Con cobertura,30,54836.0,53303.0,108139,6
693,Con cobertura,31,53639.0,53670.0,107309,6
694,Con cobertura,32,51351.0,53410.0,104761,6
695,Con cobertura,33,52675.0,53803.0,106478,6
696,Con cobertura,34,48077.0,50938.0,99015,6
697,Con cobertura,35,49242.0,51138.0,100380,6
698,Con cobertura,36,46223.0,47144.0,93367,6
699,Con cobertura,37,47286.0,48282.0,95568,6
700,Con cobertura,38,46439.0,47123.0,93562,6
701,Con cobertura,39,45231.0,48147.0,93378,6
702,Con cobertura,40,45269.0,47581.0,92850,6
703,Con cobertura,41,40696.0,45730.0,86426,6
704,Con cobertura,42,39583.0,43847.0,83430,6
705,Con cobertura,43,38852.0,41238.0,80090,6
706,Con cobertura,44,38062.0,41656.0,79718,6
707,Con cobertura,45,39130.0,42074.0,81204,6
708,Con cobertura,46,38193.0,42941.0,81134,6
709,Con cobertura,47,39383.0,41734.0,81117,6
710,Con cobertura,48,38015.0,41907.0,79922,6
711,Con cobertura,49,36419.0,39908.0,76327,6
712,Con cobertura,50,37409.0,40289.0,77698,6
713,Con cobertura,51,34424.0,39764.0,74188,6
714,Con cobertura,52,33642.0,38595.0,72237,6
715,Con cobertura,53,34117.0,38251.0,72368,6
716,Con cobertura,54,32240.0,39054.0,71294,6
717,Con cobertura,55,31736.0,38448.0,70184,6
718,Con cobertura,56,30352.0,37865.0,68217,6
719,Con cobertura,57,30785.0,37845.0,68630,6
720,Con cobertura,58,29545.0,39166.0,68711,6
721,Con cobertura,59,29064.0,39884.0,68948,6
722,Con cobertura,60,31419.0,45268.0,76687,6
723,Con cobertura,61,28215.0,48874.0,77089,6
724,Con cobertura,62,29202.0,53472.0,82674,6
725,Con cobertura,63,29451.0,53249.0,82700,6
726,Con cobertura,64,28851.0,54003.0,82854,6
727,Con cobertura,65,36104.0,55419.0,91523,6
728,Con cobertura,66,40154.0,50931.0,91085,6
729,Con cobertura,67,38670.0,50365.0,89035,6
730,Con cobertura,68,36759.0,47019.0,83778,6
731,Con cobertura,69,35409.0,44918.0,80327,6
732,Con cobertura,70,37231.0,48074.0,85305,6
733,Con cobertura,71,33832.0,42348.0,76180,6
734,Con cobertura,72,29970.0,40021.0,69991,6
735,Con cobertura,73,28964.0,40570.0,69534,6
736,Con cobertura,74,27124.0,38030.0,65154,6
737,Con cobertura,75,27237.0,39029.0,66266,6
738,Con cobertura,76,23100.0,35367.0,58467,6
739,Con cobertura,77,21821.0,35783.0,57604,6
740,Con cobertura,78,22267.0,34177.0,56444,6
741,Con cobertura,79,20911.0,32686.0,53597,6
742,Con cobertura,80,18361.0,33258.0,51619,6
743,Con cobertura,81,16463.0,28803.0,45266,6
744,Con cobertura,82,14431.0,26626.0,41057,6
745,Con cobertura,83,12521.0,24646.0,37167,6
746,Con cobertura,84,11249.0,22881.0,34130,6
747,Con cobertura,85,9771.0,20026.0,29797,6
748,Con cobertura,86,8318.0,17779.0,26097,6
749,Con cobertura,87,7123.0,15682.0,22805,6
750,Con cobertura,88,5097.0,13654.0,18751,6
751,Con cobertura,89,4211.0,11221.0,15432,6
752,Con cobertura,90,3230.0,8920.0,12150,6
753,Con cobertura,91,1995.0,6174.0,8169,6
754,Con cobertura,92,1507.0,5106.0,6613,6
755,Con cobertura,93,1194.0,3846.0,5040,6
756,Con cobertura,94,815.0,2971.0,3786,6
757,Con cobertura,95,546.0,2318.0,2864,6
758,Con cobertura,96,407.0,1528.0,1935,6
759,Con cobertura,97,270.0,1199.0,1469,6
760,Con cobertura,98,142.0,839.0,981,6
761,Con cobertura,99,79.0,431.0,510,6
762,Con cobertura,100,61.0,409.0,470,6
763,Con cobertura,101,36.0,218.0,254,6
764,Con cobertura,102,20.0,109.0,129,6
765,Con cobertura,103,12.0,52.0,64,6
766,Con cobertura,104,1.0,21.0,22,6
767,Con cobertura,105,2.0,8.0,10,6
768,Con cobertura,106,3.0,17.0,20,6
769,Con cobertura,107,2.0,7.0,9,6
770,Con cobertura,108,10.0,0.0,10,6
771,Con cobertura,109,1.0,2.0,3,6
772,Con cobertura,110,6.0,45.0,51,6
775,Con cobertura,0,15193.0,14442.0,29635,6
776,Con cobertura,1,15039.0,14447.0,29486,6
777,Con cobertura,2,14906.0,14668.0,29574,6
778,Con cobertura,3,14153.0,14274.0,28427,6
779,Con cobertura,4,15585.0,15047.0,30632,6
780,Con cobertura,5,15256.0,15135.0,30391,6
781,Con cobertura,6,15937.0,15813.0,31750,6
782,Con cobertura,7,15612.0,14185.0,29797,6
783,Con cobertura,8,14558.0,13704.0,28262,6
784,Con cobertura,9,14647.0,13804.0,28451,6
785,Con cobertura,10,14337.0,14363.0,28700,6
786,Con cobertura,11,13590.0,13262.0,26852,6
787,Con cobertura,12,13723.0,13080.0,26803,6
788,Con cobertura,13,12661.0,12970.0,25631,6
789,Con cobertura,14,14097.0,12368.0,26465,6
790,Con cobertura,15,13927.0,12739.0,26666,6
791,Con cobertura,16,12885.0,12036.0,24921,6
792,Con cobertura,17,11634.0,12594.0,24228,6
793,Con cobertura,18,12684.0,11984.0,24668,6
794,Con cobertura,19,12401.0,12375.0,24776,6
795,Con cobertura,20,12905.0,12837.0,25742,6
796,Con cobertura,21,11869.0,10407.0,22276,6
797,Con cobertura,22,12530.0,11510.0,24040,6
798,Con cobertura,23,12495.0,13275.0,25770,6
799,Con cobertura,24,14957.0,13135.0,28092,6
800,Con cobertura,25,14167.0,13987.0,28154,6
801,Con cobertura,26,14268.0,13656.0,27924,6
802,Con cobertura,27,14222.0,15773.0,29995,6
803,Con cobertura,28,15231.0,15996.0,31227,6
804,Con cobertura,29,16461.0,15901.0,32362,6
805,Con cobertura,30,16593.0,17119.0,33712,6
806,Con cobertura,31,16913.0,16730.0,33643,6
807,Con cobertura,32,16456.0,17405.0,33861,6
808,Con cobertura,33,15842.0,17547.0,33389,6
809,Con cobertura,34,16125.0,16499.0,32624,6
810,Con cobertura,35,15424.0,16685.0,32109,6
811,Con cobertura,36,14962.0,15163.0,30125,6
812,Con cobertura,37,15633.0,14876.0,30509,6
813,Con cobertura,38,14804.0,15114.0,29918,6
814,Con cobertura,39,14790.0,14673.0,29463,6
815,Con cobertura,40,13780.0,14009.0,27789,6
816,Con cobertura,41,13415.0,12859.0,26274,6
817,Con cobertura,42,12622.0,12053.0,24675,6
818,Con cobertura,43,11538.0,11625.0,23163,6
819,Con cobertura,44,11284.0,11535.0,22819,6
820,Con cobertura,45,11181.0,11579.0,22760,6
821,Con cobertura,46,11152.0,11007.0,22159,6
822,Con cobertura,47,10975.0,11228.0,22203,6
823,Con cobertura,48,11040.0,10875.0,21915,6
824,Con cobertura,49,10542.0,10476.0,21018,6
825,Con cobertura,50,11325.0,10626.0,21951,6
826,Con cobertura,51,9816.0,9798.0,19614,6
827,Con cobertura,52,8839.0,9814.0,18653,6
828,Con cobertura,53,9293.0,9390.0,18683,6
829,Con cobertura,54,9030.0,9538.0,18568,6
830,Con cobertura,55,9008.0,9142.0,18150,6
831,Con cobertura,56,8234.0,8335.0,16569,6
832,Con cobertura,57,8287.0,8543.0,16830,6
833,Con cobertura,58,8110.0,8247.0,16357,6
834,Con cobertura,59,7154.0,7675.0,14829,6
835,Con cobertura,60,7792.0,6302.0,14094,6
836,Con cobertura,61,6652.0,4667.0,11319,6
837,Con cobertura,62,6256.0,4273.0,10529,6
838,Con cobertura,63,5860.0,3798.0,9658,6
839,Con cobertura,64,5673.0,3370.0,9043,6
840,Con cobertura,65,4177.0,3214.0,7391,6
841,Con cobertura,66,2965.0,2419.0,5384,6
842,Con cobertura,67,2328.0,2367.0,4695,6
843,Con cobertura,68,1913.0,1989.0,3902,6
844,Con cobertura,69,1568.0,2149.0,3717,6
845,Con cobertura,70,2462.0,1873.0,4335,6
846,Con cobertura,71,1623.0,1829.0,3452,6
847,Con cobertura,72,1340.0,1792.0,3132,6
848,Con cobertura,73,1249.0,1521.0,2770,6
849,Con cobertura,74,1234.0,1560.0,2794,6
850,Con cobertura,75,1132.0,1483.0,2615,6
851,Con cobertura,76,1102.0,1306.0,2408,6
852,Con cobertura,77,889.0,1222.0,2111,6
853,Con cobertura,78,854.0,1169.0,2023,6
854,Con cobertura,79,876.0,1122.0,1998,6
855,Con cobertura,80,752.0,1237.0,1989,6
856,Con cobertura,81,687.0,830.0,1517,6
857,Con cobertura,82,629.0,778.0,1407,6
858,Con cobertura,83,434.0,794.0,1228,6
859,Con cobertura,84,431.0,880.0,1311,6
860,Con cobertura,85,377.0,555.0,932,6
861,Con cobertura,86,298.0,485.0,783,6
862,Con cobertura,87,208.0,492.0,700,6
863,Con cobertura,88,229.0,454.0,683,6
864,Con cobertura,89,148.0,419.0,567,6
865,Con cobertura,90,120.0,263.0,383,6
866,Con cobertura,91,63.0,142.0,205,6
867,Con cobertura,92,66.0,206.0,272,6
868,Con cobertura,93,41.0,110.0,151,6
869,Con cobertura,94,13.0,107.0,120,6
870,Con cobertura,95,3.0,93.0,96,6
871,Con cobertura,96,15.0,45.0,60,6
872,Con cobertura,97,15.0,35.0,50,6
873,Con cobertura,98,23.0,20.0,43,6
874,Con cobertura,99,1.0,25.0,26,6
875,Con cobertura,100,2.0,15.0,17,6
876,Con cobertura,101,9.0,13.0,22,6
877,Con cobertura,102,0.0,1.0,1,6
878,Con cobertura,103,0.0,1.0,1,6
879,Con cobertura,106,1.0,11.0,12,6
880,Con cobertura,109,2.0,0.0,2,6
883,Con cobertura,0,5395.0,5183.0,10578,6
884,Con cobertura,1,5595.0,5111.0,10706,6
885,Con cobertura,2,5150.0,5184.0,10334,6
886,Con cobertura,3,4921.0,4831.0,9752,6
887,Con cobertura,4,5276.0,4959.0,10235,6
888,Con cobertura,5,5387.0,4898.0,10285,6
889,Con cobertura,6,5443.0,4988.0,10431,6
890,Con cobertura,7,5528.0,4950.0,10478,6
891,Con cobertura,8,5199.0,4765.0,9964,6
892,Con cobertura,9,4993.0,4681.0,9674,6
893,Con cobertura,10,5159.0,4639.0,9798,6
894,Con cobertura,11,4659.0,4228.0,8887,6
895,Con cobertura,12,4851.0,4399.0,9250,6
896,Con cobertura,13,4778.0,4587.0,9365,6
897,Con cobertura,14,4951.0,4939.0,9890,6
898,Con cobertura,15,4743.0,4861.0,9604,6
899,Con cobertura,16,4336.0,4325.0,8661,6
900,Con cobertura,17,4222.0,4772.0,8994,6
901,Con cobertura,18,4251.0,4944.0,9195,6
902,Con cobertura,19,4620.0,4565.0,9185,6
903,Con cobertura,20,4927.0,4990.0,9917,6
904,Con cobertura,21,4784.0,5356.0,10140,6
905,Con cobertura,22,4867.0,5083.0,9950,6
906,Con cobertura,23,5189.0,5699.0,10888,6
907,Con cobertura,24,5350.0,5388.0,10738,6
908,Con cobertura,25,5021.0,5699.0,10720,6
909,Con cobertura,26,5024.0,5759.0,10783,6
910,Con cobertura,27,5459.0,5587.0,11046,6
911,Con cobertura,28,5431.0,6736.0,12167,6
912,Con cobertura,29,5038.0,5885.0,10923,6
913,Con cobertura,30,5135.0,6467.0,11602,6
914,Con cobertura,31,5243.0,6430.0,11673,6
915,Con cobertura,32,5488.0,5954.0,11442,6
916,Con cobertura,33,5711.0,6405.0,12116,6
917,Con cobertura,34,5789.0,6508.0,12297,6
918,Con cobertura,35,5879.0,6465.0,12344,6
919,Con cobertura,36,5895.0,6245.0,12140,6
920,Con cobertura,37,5550.0,6162.0,11712,6
921,Con cobertura,38,5347.0,5937.0,11284,6
922,Con cobertura,39,5569.0,5945.0,11514,6
923,Con cobertura,40,5935.0,6048.0,11983,6
924,Con cobertura,41,5767.0,5726.0,11493,6
925,Con cobertura,42,5115.0,5321.0,10436,6
926,Con cobertura,43,5165.0,5165.0,10330,6
927,Con cobertura,44,4830.0,5246.0,10076,6
928,Con cobertura,45,5385.0,4979.0,10364,6
929,Con cobertura,46,4865.0,5195.0,10060,6
930,Con cobertura,47,5320.0,5675.0,10995,6
931,Con cobertura,48,5059.0,5617.0,10676,6
932,Con cobertura,49,5519.0,5938.0,11457,6
933,Con cobertura,50,5726.0,5963.0,11689,6
934,Con cobertura,51,5538.0,5791.0,11329,6
935,Con cobertura,52,4924.0,5211.0,10135,6
936,Con cobertura,53,5554.0,5637.0,11191,6
937,Con cobertura,54,5167.0,5536.0,10703,6
938,Con cobertura,55,5108.0,6392.0,11500,6
939,Con cobertura,56,5208.0,5678.0,10886,6
940,Con cobertura,57,5563.0,5698.0,11261,6
941,Con cobertura,58,5445.0,5633.0,11078,6
942,Con cobertura,59,5331.0,5436.0,10767,6
943,Con cobertura,60,4973.0,5365.0,10338,6
944,Con cobertura,61,5337.0,3876.0,9213,6
945,Con cobertura,62,5253.0,3470.0,8723,6
946,Con cobertura,63,4913.0,3025.0,7938,6
947,Con cobertura,64,4296.0,2619.0,6915,6
948,Con cobertura,65,3065.0,2742.0,5807,6
949,Con cobertura,66,2535.0,2556.0,5091,6
950,Con cobertura,67,2106.0,2024.0,4130,6
951,Con cobertura,68,1908.0,2133.0,4041,6
952,Con cobertura,69,1866.0,1735.0,3601,6
953,Con cobertura,70,1699.0,1999.0,3698,6
954,Con cobertura,71,1248.0,1758.0,3006,6
955,Con cobertura,72,1297.0,1549.0,2846,6
956,Con cobertura,73,1113.0,1352.0,2465,6
957,Con cobertura,74,1080.0,1292.0,2372,6
958,Con cobertura,75,981.0,1224.0,2205,6
959,Con cobertura,76,809.0,1119.0,1928,6
960,Con cobertura,77,999.0,945.0,1944,6
961,Con cobertura,78,772.0,1118.0,1890,6
962,Con cobertura,79,604.0,932.0,1536,6
963,Con cobertura,80,862.0,963.0,1825,6
964,Con cobertura,81,618.0,1024.0,1642,6
965,Con cobertura,82,398.0,851.0,1249,6
966,Con cobertura,83,571.0,559.0,1130,6
967,Con cobertura,84,438.0,665.0,1103,6
968,Con cobertura,85,312.0,724.0,1036,6
969,Con cobertura,86,308.0,564.0,872,6
970,Con cobertura,87,194.0,448.0,642,6
971,Con cobertura,88,201.0,280.0,481,6
972,Con cobertura,89,121.0,276.0,397,6
973,Con cobertura,90,210.0,194.0,404,6
974,Con cobertura,91,57.0,168.0,225,6
975,Con cobertura,92,85.0,135.0,220,6
976,Con cobertura,93,21.0,144.0,165,6
977,Con cobertura,94,34.0,123.0,157,6
978,Con cobertura,95,25.0,87.0,112,6
979,Con cobertura,96,10.0,51.0,61,6
980,Con cobertura,97,20.0,37.0,57,6
981,Con cobertura,98,0.0,11.0,11,6
982,Con cobertura,99,1.0,16.0,17,6
983,Con cobertura,100,0.0,18.0,18,6
984,Con cobertura,101,0.0,1.0,1,6
985,Con cobertura,102,0.0,1.0,1,6
986,Con cobertura,103,0.0,1.0,1,6
987,Con cobertura,104,1.0,0.0,1,6
988,Con cobertura,105,0.0,12.0,12,6
989,Con cobertura,106,0.0,1.0,1,6
990,Con cobertura,107,0.0,1.0,1,6
991,Con cobertura,110,12.0,1.0,13,6
994,Con cobertura,0,2371.0,2227.0,4598,6
995,Con cobertura,1,2375.0,2214.0,4589,6
996,Con cobertura,2,2471.0,2372.0,4843,6
997,Con cobertura,3,2457.0,2418.0,4875,6
998,Con cobertura,4,2605.0,2272.0,4877,6
999,Con cobertura,5,2240.0,2235.0,4475,6
1000,Con cobertura,6,2275.0,2015.0,4290,6
1001,Con cobertura,7,1898.0,2005.0,3903,6
1002,Con cobertura,8,2093.0,1777.0,3870,6
1003,Con cobertura,9,2002.0,2121.0,4123,6
1004,Con cobertura,10,2318.0,1894.0,4212,6
1005,Con cobertura,11,1982.0,1936.0,3918,6
1006,Con cobertura,12,2112.0,2426.0,4538,6
1007,Con cobertura,13,1911.0,1933.0,3844,6
1008,Con cobertura,14,2320.0,2044.0,4364,6
1009,Con cobertura,15,2176.0,2072.0,4248,6
1010,Con cobertura,16,2001.0,1904.0,3905,6
1011,Con cobertura,17,1706.0,1775.0,3481,6
1012,Con cobertura,18,1743.0,1598.0,3341,6
1013,Con cobertura,19,1844.0,1690.0,3534,6
1014,Con cobertura,20,1823.0,1668.0,3491,6
1015,Con cobertura,21,1668.0,1553.0,3221,6
1016,Con cobertura,22,1366.0,1749.0,3115,6
1017,Con cobertura,23,1683.0,1655.0,3338,6
1018,Con cobertura,24,1747.0,1390.0,3137,6
1019,Con cobertura,25,1499.0,1222.0,2721,6
1020,Con cobertura,26,1396.0,1391.0,2787,6
1021,Con cobertura,27,1364.0,1460.0,2824,6
1022,Con cobertura,28,1501.0,1680.0,3181,6
1023,Con cobertura,29,1589.0,1537.0,3126,6
1024,Con cobertura,30,1600.0,1704.0,3304,6
1025,Con cobertura,31,1467.0,1646.0,3113,6
1026,Con cobertura,32,1433.0,1593.0,3026,6
1027,Con cobertura,33,1492.0,1334.0,2826,6
1028,Con cobertura,34,1246.0,1509.0,2755,6
1029,Con cobertura,35,1580.0,1374.0,2954,6
1030,Con cobertura,36,1108.0,1295.0,2403,6
1031,Con cobertura,37,1106.0,1411.0,2517,6
1032,Con cobertura,38,1198.0,1475.0,2673,6
1033,Con cobertura,39,1069.0,1589.0,2658,6
1034,Con cobertura,40,1265.0,1713.0,2978,6
1035,Con cobertura,41,1145.0,1503.0,2648,6
1036,Con cobertura,42,1184.0,1358.0,2542,6
1037,Con cobertura,43,849.0,1408.0,2257,6
1038,Con cobertura,44,1035.0,1418.0,2453,6
1039,Con cobertura,45,1064.0,1672.0,2736,6
1040,Con cobertura,46,957.0,1359.0,2316,6
1041,Con cobertura,47,998.0,1663.0,2661,6
1042,Con cobertura,48,1025.0,1282.0,2307,6
1043,Con cobertura,49,1070.0,1445.0,2515,6
1044,Con cobertura,50,1217.0,1527.0,2744,6
1045,Con cobertura,51,920.0,1445.0,2365,6
1046,Con cobertura,52,887.0,1499.0,2386,6
1047,Con cobertura,53,1007.0,1379.0,2386,6
1048,Con cobertura,54,967.0,1427.0,2394,6
1049,Con cobertura,55,986.0,1492.0,2478,6
1050,Con cobertura,56,1041.0,1320.0,2361,6
1051,Con cobertura,57,887.0,1662.0,2549,6
1052,Con cobertura,58,930.0,1416.0,2346,6
1053,Con cobertura,59,1104.0,1428.0,2532,6
1054,Con cobertura,60,899.0,1057.0,1956,6
1055,Con cobertura,61,1103.0,861.0,1964,6
1056,Con cobertura,62,877.0,821.0,1698,6
1057,Con cobertura,63,843.0,631.0,1474,6
1058,Con cobertura,64,774.0,494.0,1268,6
1059,Con cobertura,65,479.0,564.0,1043,6
1060,Con cobertura,66,446.0,356.0,802,6
1061,Con cobertura,67,311.0,365.0,676,6
1062,Con cobertura,68,272.0,386.0,658,6
1063,Con cobertura,69,228.0,210.0,438,6
1064,Con cobertura,70,177.0,332.0,509,6
1065,Con cobertura,71,181.0,316.0,497,6
1066,Con cobertura,72,210.0,257.0,467,6
1067,Con cobertura,73,231.0,231.0,462,6
1068,Con cobertura,74,205.0,323.0,528,6
1069,Con cobertura,75,137.0,282.0,419,6
1070,Con cobertura,76,181.0,373.0,554,6
1071,Con cobertura,77,182.0,234.0,416,6
1072,Con cobertura,78,125.0,219.0,344,6
1073,Con cobertura,79,130.0,309.0,439,6
1074,Con cobertura,80,125.0,184.0,309,6
1075,Con cobertura,81,92.0,259.0,351,6
1076,Con cobertura,82,126.0,202.0,328,6
1077,Con cobertura,83,118.0,195.0,313,6
1078,Con cobertura,84,100.0,215.0,315,6
1079,Con cobertura,85,57.0,109.0,166,6
1080,Con cobertura,86,73.0,128.0,201,6
1081,Con cobertura,87,24.0,86.0,110,6
1082,Con cobertura,88,24.0,178.0,202,6
1083,Con cobertura,89,26.0,83.0,109,6
1084,Con cobertura,90,26.0,79.0,105,6
1085,Con cobertura,91,4.0,82.0,86,6
1086,Con cobertura,92,1.0,60.0,61,6
1087,Con cobertura,93,2.0,51.0,53,6
1088,Con cobertura,94,4.0,51.0,55,6
1089,Con cobertura,95,3.0,18.0,21,6
1090,Con cobertura,96,3.0,2.0,5,6
1091,Con cobertura,97,10.0,3.0,13,6
1092,Con cobertura,98,0.0,10.0,10,6
1093,Con cobertura,99,0.0,17.0,17,6
1094,Con cobertura,100,1.0,0.0,1,6
1095,Con cobertura,101,0.0,1.0,1,6
1096,Con cobertura,102,0.0,1.0,1,6
1097,Con cobertura,104,1.0,0.0,1,6
1098,Con cobertura,105,0.0,1.0,1,6
1099,Con cobertura,110,1.0,10.0,11,6
1102,Sin cobertura,0,62059.0,58994.0,121053,6
1103,Sin cobertura,1,58452.0,58317.0,116769,6
1104,Sin cobertura,2,56715.0,55492.0,112207,6
1105,Sin cobertura,3,54916.0,54241.0,109157,6
1106,Sin cobertura,4,53271.0,51650.0,104921,6
1107,Sin cobertura,5,54355.0,52342.0,106697,6
1108,Sin cobertura,6,54421.0,53609.0,108030,6
1109,Sin cobertura,7,52923.0,52080.0,105003,6
1110,Sin cobertura,8,52715.0,51280.0,103995,6
1111,Sin cobertura,9,54318.0,51386.0,105704,6
1112,Sin cobertura,10,55835.0,54978.0,110813,6
1113,Sin cobertura,11,53281.0,51794.0,105075,6
1114,Sin cobertura,12,54997.0,53606.0,108603,6
1115,Sin cobertura,13,54002.0,53288.0,107290,6
1116,Sin cobertura,14,60223.0,57528.0,117751,6
1117,Sin cobertura,15,59671.0,58983.0,118654,6
1118,Sin cobertura,16,58222.0,56530.0,114752,6
1119,Sin cobertura,17,57871.0,54387.0,112258,6
1120,Sin cobertura,18,64480.0,61816.0,126296,6
1121,Sin cobertura,19,64876.0,63893.0,128769,6
1122,Sin cobertura,20,64957.0,63338.0,128295,6
1123,Sin cobertura,21,64889.0,66242.0,131131,6
1124,Sin cobertura,22,61607.0,63919.0,125526,6
1125,Sin cobertura,23,57991.0,62870.0,120861,6
1126,Sin cobertura,24,56685.0,59123.0,115808,6
1127,Sin cobertura,25,49666.0,52719.0,102385,6
1128,Sin cobertura,26,47284.0,50551.0,97835,6
1129,Sin cobertura,27,48349.0,49543.0,97892,6
1130,Sin cobertura,28,49203.0,51901.0,101104,6
1131,Sin cobertura,29,46480.0,47599.0,94079,6
1132,Sin cobertura,30,48252.0,48654.0,96906,6
1133,Sin cobertura,31,43742.0,44229.0,87971,6
1134,Sin cobertura,32,42112.0,43538.0,85650,6
1135,Sin cobertura,33,42194.0,42626.0,84820,6
1136,Sin cobertura,34,37586.0,37408.0,74994,6
1137,Sin cobertura,35,39035.0,38250.0,77285,6
1138,Sin cobertura,36,35230.0,36539.0,71769,6
1139,Sin cobertura,37,36428.0,36461.0,72889,6
1140,Sin cobertura,38,35834.0,36587.0,72421,6
1141,Sin cobertura,39,34761.0,34470.0,69231,6
1142,Sin cobertura,40,36481.0,36033.0,72514,6
1143,Sin cobertura,41,31964.0,32861.0,64825,6
1144,Sin cobertura,42,30775.0,31374.0,62149,6
1145,Sin cobertura,43,29604.0,29550.0,59154,6
1146,Sin cobertura,44,29423.0,28827.0,58250,6
1147,Sin cobertura,45,30369.0,31154.0,61523,6
1148,Sin cobertura,46,30130.0,29736.0,59866,6
1149,Sin cobertura,47,29600.0,31177.0,60777,6
1150,Sin cobertura,48,28172.0,28617.0,56789,6
1151,Sin cobertura,49,28109.0,28256.0,56365,6
1152,Sin cobertura,50,30478.0,29949.0,60427,6
1153,Sin cobertura,51,27959.0,27117.0,55076,6
1154,Sin cobertura,52,27202.0,27424.0,54626,6
1155,Sin cobertura,53,28329.0,27111.0,55440,6
1156,Sin cobertura,54,27079.0,26726.0,53805,6
1157,Sin cobertura,55,26705.0,25687.0,52392,6
1158,Sin cobertura,56,26074.0,24639.0,50713,6
1159,Sin cobertura,57,24811.0,23508.0,48319,6
1160,Sin cobertura,58,25533.0,22808.0,48341,6
1161,Sin cobertura,59,23940.0,22189.0,46129,6
1162,Sin cobertura,60,23642.0,21316.0,44958,6
1163,Sin cobertura,61,20677.0,11328.0,32005,6
1164,Sin cobertura,62,20015.0,9438.0,29453,6
1165,Sin cobertura,63,19294.0,6065.0,25359,6
1166,Sin cobertura,64,16395.0,3836.0,20231,6
1167,Sin cobertura,65,12268.0,3888.0,16156,6
1168,Sin cobertura,66,5385.0,2790.0,8175,6
1169,Sin cobertura,67,3688.0,2585.0,6273,6
1170,Sin cobertura,68,2874.0,2061.0,4935,6
1171,Sin cobertura,69,2010.0,1797.0,3807,6
1172,Sin cobertura,70,2409.0,2053.0,4462,6
1173,Sin cobertura,71,1496.0,1706.0,3202,6
1174,Sin cobertura,72,1139.0,1388.0,2527,6
1175,Sin cobertura,73,1204.0,1189.0,2393,6
1176,Sin cobertura,74,1087.0,1151.0,2238,6
1177,Sin cobertura,75,958.0,1379.0,2337,6
1178,Sin cobertura,76,975.0,1306.0,2281,6
1179,Sin cobertura,77,915.0,1275.0,2190,6
1180,Sin cobertura,78,831.0,1197.0,2028,6
1181,Sin cobertura,79,892.0,1017.0,1909,6
1182,Sin cobertura,80,627.0,1056.0,1683,6
1183,Sin cobertura,81,451.0,842.0,1293,6
1184,Sin cobertura,82,414.0,788.0,1202,6
1185,Sin cobertura,83,294.0,459.0,753,6
1186,Sin cobertura,84,214.0,412.0,626,6
1187,Sin cobertura,85,214.0,411.0,625,6
1188,Sin cobertura,86,167.0,412.0,579,6
1189,Sin cobertura,87,108.0,313.0,421,6
1190,Sin cobertura,88,103.0,270.0,373,6
1191,Sin cobertura,89,92.0,240.0,332,6
1192,Sin cobertura,90,46.0,231.0,277,6
1193,Sin cobertura,91,72.0,151.0,223,6
1194,Sin cobertura,92,44.0,194.0,238,6
1195,Sin cobertura,93,22.0,90.0,112,6
1196,Sin cobertura,94,56.0,86.0,142,6
1197,Sin cobertura,95,41.0,86.0,127,6
1198,Sin cobertura,96,28.0,66.0,94,6
1199,Sin cobertura,97,3.0,15.0,18,6
1200,Sin cobertura,98,5.0,25.0,30,6
1201,Sin cobertura,99,3.0,34.0,37,6
1202,Sin cobertura,100,29.0,22.0,51,6
1203,Sin cobertura,101,2.0,0.0,2,6
1204,Sin cobertura,102,0.0,18.0,18,6
1205,Sin cobertura,103,1.0,16.0,17,6
1206,Sin cobertura,107,1.0,0.0,1,6
1207,Sin cobertura,108,0.0,1.0,1,6
1208,Sin cobertura,109,3.0,8.0,11,6
1209,Sin cobertura,110,24.0,23.0,47,6
1328,Con cobertura,0,1035.0,1181.0,2216,10
1329,Con cobertura,1,1407.0,1263.0,2670,10
1330,Con cobertura,2,1350.0,1362.0,2712,10
1331,Con cobertura,3,1351.0,1319.0,2670,10
1332,Con cobertura,4,1387.0,1523.0,2910,10
1333,Con cobertura,5,1333.0,1606.0,2939,10
1334,Con cobertura,6,1463.0,1537.0,3000,10
1335,Con cobertura,7,1643.0,1677.0,3320,10
1336,Con cobertura,8,1777.0,1687.0,3464,10
1337,Con cobertura,9,1782.0,1863.0,3645,10
1338,Con cobertura,10,1853.0,1848.0,3701,10
1339,Con cobertura,11,1946.0,1775.0,3721,10
1340,Con cobertura,12,2081.0,1866.0,3947,10
1341,Con cobertura,13,1904.0,2051.0,3955,10
1342,Con cobertura,14,2074.0,1981.0,4055,10
1343,Con cobertura,15,2201.0,2098.0,4299,10
1344,Con cobertura,16,2096.0,1945.0,4041,10
1345,Con cobertura,17,2083.0,1959.0,4042,10
1346,Con cobertura,18,1692.0,1821.0,3513,10
1347,Con cobertura,19,1624.0,1715.0,3339,10
1348,Con cobertura,20,1355.0,1424.0,2779,10
1349,Con cobertura,21,854.0,622.0,1476,10
1350,Con cobertura,22,720.0,659.0,1379,10
1351,Con cobertura,23,745.0,823.0,1568,10
1352,Con cobertura,24,912.0,855.0,1767,10
1353,Con cobertura,25,839.0,977.0,1816,10
1354,Con cobertura,26,918.0,844.0,1762,10
1355,Con cobertura,27,1094.0,1024.0,2118,10
1356,Con cobertura,28,1229.0,1040.0,2269,10
1357,Con cobertura,29,1030.0,1225.0,2255,10
1358,Con cobertura,30,1197.0,1213.0,2410,10
1359,Con cobertura,31,1244.0,1248.0,2492,10
1360,Con cobertura,32,1266.0,1338.0,2604,10
1361,Con cobertura,33,1504.0,1363.0,2867,10
1362,Con cobertura,34,1280.0,1483.0,2763,10
1363,Con cobertura,35,1348.0,1316.0,2664,10
1364,Con cobertura,36,1269.0,1274.0,2543,10
1365,Con cobertura,37,1281.0,1295.0,2576,10
1366,Con cobertura,38,1211.0,1194.0,2405,10
1367,Con cobertura,39,1277.0,1382.0,2659,10
1368,Con cobertura,40,1231.0,1185.0,2416,10
1369,Con cobertura,41,1276.0,1165.0,2441,10
1370,Con cobertura,42,1108.0,1104.0,2212,10
1371,Con cobertura,43,1020.0,1302.0,2322,10
1372,Con cobertura,44,982.0,1112.0,2094,10
1373,Con cobertura,45,1114.0,1195.0,2309,10
1374,Con cobertura,46,1080.0,1016.0,2096,10
1375,Con cobertura,47,1078.0,1157.0,2235,10
1376,Con cobertura,48,1136.0,1209.0,2345,10
1377,Con cobertura,49,1028.0,1125.0,2153,10
1378,Con cobertura,50,1145.0,938.0,2083,10
1379,Con cobertura,51,986.0,1031.0,2017,10
1380,Con cobertura,52,942.0,1047.0,1989,10
1381,Con cobertura,53,916.0,943.0,1859,10
1382,Con cobertura,54,875.0,1108.0,1983,10
1383,Con cobertura,55,1033.0,1092.0,2125,10
1384,Con cobertura,56,892.0,1139.0,2031,10
1385,Con cobertura,57,888.0,965.0,1853,10
1386,Con cobertura,58,964.0,965.0,1929,10
1387,Con cobertura,59,839.0,932.0,1771,10
1388,Con cobertura,60,1012.0,938.0,1950,10
1389,Con cobertura,61,770.0,930.0,1700,10
1390,Con cobertura,62,863.0,978.0,1841,10
1391,Con cobertura,63,655.0,933.0,1588,10
1392,Con cobertura,64,708.0,1078.0,1786,10
1393,Con cobertura,65,742.0,986.0,1728,10
1394,Con cobertura,66,713.0,900.0,1613,10
1395,Con cobertura,67,717.0,876.0,1593,10
1396,Con cobertura,68,749.0,915.0,1664,10
1397,Con cobertura,69,659.0,758.0,1417,10
1398,Con cobertura,70,621.0,858.0,1479,10
1399,Con cobertura,71,556.0,669.0,1225,10
1400,Con cobertura,72,562.0,744.0,1306,10
1401,Con cobertura,73,432.0,603.0,1035,10
1402,Con cobertura,74,451.0,624.0,1075,10
1403,Con cobertura,75,470.0,641.0,1111,10
1404,Con cobertura,76,457.0,514.0,971,10
1405,Con cobertura,77,419.0,619.0,1038,10
1406,Con cobertura,78,381.0,548.0,929,10
1407,Con cobertura,79,370.0,580.0,950,10
1408,Con cobertura,80,290.0,453.0,743,10
1409,Con cobertura,81,273.0,483.0,756,10
1410,Con cobertura,82,245.0,404.0,649,10
1411,Con cobertura,83,183.0,440.0,623,10
1412,Con cobertura,84,218.0,340.0,558,10
1413,Con cobertura,85,172.0,351.0,523,10
1414,Con cobertura,86,91.0,269.0,360,10
1415,Con cobertura,87,108.0,201.0,309,10
1416,Con cobertura,88,108.0,205.0,313,10
1417,Con cobertura,89,75.0,167.0,242,10
1418,Con cobertura,90,66.0,130.0,196,10
1419,Con cobertura,91,46.0,115.0,161,10
1420,Con cobertura,92,45.0,85.0,130,10
1421,Con cobertura,93,22.0,55.0,77,10
1422,Con cobertura,94,17.0,75.0,92,10
1423,Con cobertura,95,26.0,26.0,52,10
1424,Con cobertura,96,3.0,19.0,22,10
1425,Con cobertura,97,5.0,19.0,24,10
1426,Con cobertura,98,4.0,10.0,14,10
1427,Con cobertura,99,4.0,6.0,10,10
1428,Con cobertura,100,1.0,14.0,15,10
1429,Con cobertura,101,9.0,1.0,10,10
1430,Con cobertura,102,2.0,0.0,2,10
1431,Con cobertura,103,0.0,2.0,2,10
1432,Con cobertura,107,0.0,7.0,7,10
1433,Con cobertura,109,1.0,0.0,1,10
1434,Con cobertura,110,2.0,2.0,4,10
1437,Con cobertura,0,198.0,157.0,355,10
1438,Con cobertura,1,159.0,188.0,347,10
1439,Con cobertura,2,254.0,210.0,464,10
1440,Con cobertura,3,279.0,184.0,463,10
1441,Con cobertura,4,200.0,191.0,391,10
1442,Con cobertura,5,199.0,138.0,337,10
1443,Con cobertura,6,172.0,172.0,344,10
1444,Con cobertura,7,198.0,206.0,404,10
1445,Con cobertura,8,198.0,131.0,329,10
1446,Con cobertura,9,235.0,246.0,481,10
1447,Con cobertura,10,255.0,184.0,439,10
1448,Con cobertura,11,213.0,233.0,446,10
1449,Con cobertura,12,229.0,295.0,524,10
1450,Con cobertura,13,191.0,210.0,401,10
1451,Con cobertura,14,200.0,245.0,445,10
1452,Con cobertura,15,240.0,170.0,410,10
1453,Con cobertura,16,225.0,208.0,433,10
1454,Con cobertura,17,280.0,195.0,475,10
1455,Con cobertura,18,204.0,227.0,431,10
1456,Con cobertura,19,170.0,171.0,341,10
1457,Con cobertura,20,201.0,212.0,413,10
1458,Con cobertura,21,134.0,87.0,221,10
1459,Con cobertura,22,162.0,103.0,265,10
1460,Con cobertura,23,148.0,81.0,229,10
1461,Con cobertura,24,176.0,137.0,313,10
1462,Con cobertura,25,189.0,143.0,332,10
1463,Con cobertura,26,197.0,139.0,336,10
1464,Con cobertura,27,131.0,113.0,244,10
1465,Con cobertura,28,196.0,165.0,361,10
1466,Con cobertura,29,185.0,183.0,368,10
1467,Con cobertura,30,221.0,176.0,397,10
1468,Con cobertura,31,185.0,161.0,346,10
1469,Con cobertura,32,210.0,208.0,418,10
1470,Con cobertura,33,169.0,169.0,338,10
1471,Con cobertura,34,201.0,239.0,440,10
1472,Con cobertura,35,253.0,224.0,477,10
1473,Con cobertura,36,181.0,165.0,346,10
1474,Con cobertura,37,183.0,155.0,338,10
1475,Con cobertura,38,128.0,160.0,288,10
1476,Con cobertura,39,168.0,105.0,273,10
1477,Con cobertura,40,198.0,149.0,347,10
1478,Con cobertura,41,119.0,108.0,227,10
1479,Con cobertura,42,113.0,93.0,206,10
1480,Con cobertura,43,104.0,91.0,195,10
1481,Con cobertura,44,124.0,135.0,259,10
1482,Con cobertura,45,127.0,115.0,242,10
1483,Con cobertura,46,153.0,82.0,235,10
1484,Con cobertura,47,102.0,112.0,214,10
1485,Con cobertura,48,143.0,189.0,332,10
1486,Con cobertura,49,138.0,138.0,276,10
1487,Con cobertura,50,131.0,99.0,230,10
1488,Con cobertura,51,144.0,94.0,238,10
1489,Con cobertura,52,117.0,72.0,189,10
1490,Con cobertura,53,95.0,79.0,174,10
1491,Con cobertura,54,102.0,92.0,194,10
1492,Con cobertura,55,98.0,80.0,178,10
1493,Con cobertura,56,95.0,118.0,213,10
1494,Con cobertura,57,113.0,94.0,207,10
1495,Con cobertura,58,87.0,110.0,197,10
1496,Con cobertura,59,110.0,75.0,185,10
1497,Con cobertura,60,87.0,47.0,134,10
1498,Con cobertura,61,82.0,65.0,147,10
1499,Con cobertura,62,69.0,27.0,96,10
1500,Con cobertura,63,36.0,27.0,63,10
1501,Con cobertura,64,51.0,26.0,77,10
1502,Con cobertura,65,61.0,39.0,100,10
1503,Con cobertura,66,36.0,31.0,67,10
1504,Con cobertura,67,33.0,54.0,87,10
1505,Con cobertura,68,26.0,12.0,38,10
1506,Con cobertura,69,48.0,34.0,82,10
1507,Con cobertura,70,23.0,26.0,49,10
1508,Con cobertura,71,26.0,18.0,44,10
1509,Con cobertura,72,18.0,20.0,38,10
1510,Con cobertura,73,21.0,9.0,30,10
1511,Con cobertura,74,15.0,29.0,44,10
1512,Con cobertura,75,19.0,31.0,50,10
1513,Con cobertura,76,27.0,20.0,47,10
1514,Con cobertura,77,25.0,17.0,42,10
1515,Con cobertura,78,4.0,22.0,26,10
1516,Con cobertura,79,8.0,11.0,19,10
1517,Con cobertura,80,5.0,19.0,24,10
1518,Con cobertura,81,4.0,33.0,37,10
1519,Con cobertura,82,8.0,28.0,36,10
1520,Con cobertura,83,6.0,10.0,16,10
1521,Con cobertura,84,5.0,13.0,18,10
1522,Con cobertura,85,2.0,4.0,6,10
1523,Con cobertura,86,1.0,12.0,13,10
1524,Con cobertura,87,2.0,9.0,11,10
1525,Con cobertura,88,1.0,1.0,2,10
1526,Con cobertura,89,1.0,2.0,3,10
1527,Con cobertura,90,2.0,4.0,6,10
1528,Con cobertura,91,0.0,4.0,4,10
1529,Con cobertura,92,1.0,2.0,3,10
1530,Con cobertura,93,1.0,3.0,4,10
1531,Con cobertura,94,0.0,3.0,3,10
1532,Con cobertura,95,1.0,1.0,2,10
1533,Con cobertura,96,0.0,1.0,1,10
1536,Con cobertura,0,20.0,53.0,73,10
1537,Con cobertura,1,54.0,73.0,127,10
1538,Con cobertura,2,48.0,60.0,108,10
1539,Con cobertura,3,51.0,89.0,140,10
1540,Con cobertura,4,41.0,64.0,105,10
1541,Con cobertura,5,40.0,55.0,95,10
1542,Con cobertura,6,29.0,54.0,83,10
1543,Con cobertura,7,68.0,32.0,100,10
1544,Con cobertura,8,48.0,50.0,98,10
1545,Con cobertura,9,35.0,64.0,99,10
1546,Con cobertura,10,57.0,62.0,119,10
1547,Con cobertura,11,35.0,62.0,97,10
1548,Con cobertura,12,62.0,29.0,91,10
1549,Con cobertura,13,52.0,51.0,103,10
1550,Con cobertura,14,42.0,56.0,98,10
1551,Con cobertura,15,66.0,23.0,89,10
1552,Con cobertura,16,42.0,35.0,77,10
1553,Con cobertura,17,46.0,29.0,75,10
1554,Con cobertura,18,35.0,41.0,76,10
1555,Con cobertura,19,47.0,71.0,118,10
1556,Con cobertura,20,34.0,42.0,76,10
1557,Con cobertura,21,79.0,54.0,133,10
1558,Con cobertura,22,118.0,77.0,195,10
1559,Con cobertura,23,55.0,74.0,129,10
1560,Con cobertura,24,60.0,115.0,175,10
1561,Con cobertura,25,88.0,129.0,217,10
1562,Con cobertura,26,107.0,97.0,204,10
1563,Con cobertura,27,105.0,73.0,178,10
1564,Con cobertura,28,43.0,84.0,127,10
1565,Con cobertura,29,64.0,70.0,134,10
1566,Con cobertura,30,51.0,88.0,139,10
1567,Con cobertura,31,147.0,108.0,255,10
1568,Con cobertura,32,57.0,86.0,143,10
1569,Con cobertura,33,45.0,80.0,125,10
1570,Con cobertura,34,86.0,34.0,120,10
1571,Con cobertura,35,98.0,93.0,191,10
1572,Con cobertura,36,39.0,46.0,85,10
1573,Con cobertura,37,62.0,68.0,130,10
1574,Con cobertura,38,73.0,60.0,133,10
1575,Con cobertura,39,57.0,71.0,128,10
1576,Con cobertura,40,30.0,45.0,75,10
1577,Con cobertura,41,42.0,44.0,86,10
1578,Con cobertura,42,57.0,45.0,102,10
1579,Con cobertura,43,49.0,55.0,104,10
1580,Con cobertura,44,39.0,21.0,60,10
1581,Con cobertura,45,28.0,43.0,71,10
1582,Con cobertura,46,62.0,30.0,92,10
1583,Con cobertura,47,19.0,24.0,43,10
1584,Con cobertura,48,29.0,23.0,52,10
1585,Con cobertura,49,44.0,25.0,69,10
1586,Con cobertura,50,53.0,47.0,100,10
1587,Con cobertura,51,48.0,25.0,73,10
1588,Con cobertura,52,45.0,48.0,93,10
1589,Con cobertura,53,42.0,41.0,83,10
1590,Con cobertura,54,62.0,57.0,119,10
1591,Con cobertura,55,28.0,43.0,71,10
1592,Con cobertura,56,33.0,29.0,62,10
1593,Con cobertura,57,32.0,28.0,60,10
1594,Con cobertura,58,28.0,28.0,56,10
1595,Con cobertura,59,17.0,36.0,53,10
1596,Con cobertura,60,48.0,43.0,91,10
1597,Con cobertura,61,27.0,44.0,71,10
1598,Con cobertura,62,33.0,13.0,46,10
1599,Con cobertura,63,20.0,21.0,41,10
1600,Con cobertura,64,7.0,11.0,18,10
1601,Con cobertura,65,36.0,18.0,54,10
1602,Con cobertura,66,4.0,1.0,5,10
1603,Con cobertura,67,2.0,2.0,4,10
1604,Con cobertura,68,9.0,0.0,9,10
1605,Con cobertura,69,1.0,2.0,3,10
1606,Con cobertura,70,1.0,10.0,11,10
1607,Con cobertura,71,1.0,1.0,2,10
1608,Con cobertura,72,1.0,10.0,11,10
1609,Con cobertura,73,11.0,0.0,11,10
1610,Con cobertura,74,1.0,0.0,1,10
1611,Con cobertura,75,1.0,0.0,1,10
1612,Con cobertura,76,2.0,11.0,13,10
1613,Con cobertura,77,2.0,1.0,3,10
1614,Con cobertura,78,0.0,10.0,10,10
1615,Con cobertura,80,1.0,1.0,2,10
1616,Con cobertura,81,0.0,2.0,2,10
1617,Con cobertura,83,8.0,11.0,19,10
1618,Con cobertura,84,1.0,1.0,2,10
1619,Con cobertura,85,4.0,0.0,4,10
1620,Con cobertura,86,0.0,1.0,1,10
1621,Con cobertura,89,0.0,11.0,11,10
1622,Con cobertura,95,0.0,1.0,1,10
1623,Con cobertura,96,0.0,1.0,1,10
1624,Con cobertura,99,1.0,0.0,1,10
1627,Con cobertura,0,119.0,159.0,278,10
1628,Con cobertura,1,140.0,125.0,265,10
1629,Con cobertura,2,144.0,125.0,269,10
1630,Con cobertura,3,92.0,168.0,260,10
1631,Con cobertura,4,82.0,75.0,157,10
1632,Con cobertura,5,115.0,68.0,183,10
1633,Con cobertura,6,73.0,103.0,176,10
1634,Con cobertura,7,68.0,85.0,153,10
1635,Con cobertura,8,74.0,39.0,113,10
1636,Con cobertura,9,86.0,92.0,178,10
1637,Con cobertura,10,71.0,59.0,130,10
1638,Con cobertura,11,96.0,32.0,128,10
1639,Con cobertura,12,76.0,48.0,124,10
1640,Con cobertura,13,48.0,67.0,115,10
1641,Con cobertura,14,65.0,66.0,131,10
1642,Con cobertura,15,79.0,61.0,140,10
1643,Con cobertura,16,55.0,56.0,111,10
1644,Con cobertura,17,52.0,78.0,130,10
1645,Con cobertura,18,34.0,74.0,108,10
1646,Con cobertura,19,22.0,65.0,87,10
1647,Con cobertura,20,60.0,34.0,94,10
1648,Con cobertura,21,18.0,22.0,40,10
1649,Con cobertura,22,22.0,26.0,48,10
1650,Con cobertura,23,32.0,38.0,70,10
1651,Con cobertura,24,20.0,13.0,33,10
1652,Con cobertura,25,29.0,40.0,69,10
1653,Con cobertura,26,21.0,27.0,48,10
1654,Con cobertura,27,17.0,32.0,49,10
1655,Con cobertura,28,36.0,33.0,69,10
1656,Con cobertura,29,32.0,37.0,69,10
1657,Con cobertura,30,19.0,51.0,70,10
1658,Con cobertura,31,27.0,71.0,98,10
1659,Con cobertura,32,39.0,39.0,78,10
1660,Con cobertura,33,64.0,44.0,108,10
1661,Con cobertura,34,31.0,40.0,71,10
1662,Con cobertura,35,29.0,57.0,86,10
1663,Con cobertura,36,21.0,27.0,48,10
1664,Con cobertura,37,13.0,57.0,70,10
1665,Con cobertura,38,11.0,52.0,63,10
1666,Con cobertura,39,29.0,21.0,50,10
1667,Con cobertura,40,43.0,42.0,85,10
1668,Con cobertura,41,15.0,31.0,46,10
1669,Con cobertura,42,18.0,49.0,67,10
1670,Con cobertura,43,26.0,34.0,60,10
1671,Con cobertura,44,36.0,22.0,58,10
1672,Con cobertura,45,21.0,55.0,76,10
1673,Con cobertura,46,21.0,47.0,68,10
1674,Con cobertura,47,16.0,67.0,83,10
1675,Con cobertura,48,42.0,40.0,82,10
1676,Con cobertura,49,20.0,39.0,59,10
1677,Con cobertura,50,50.0,52.0,102,10
1678,Con cobertura,51,32.0,67.0,99,10
1679,Con cobertura,52,15.0,38.0,53,10
1680,Con cobertura,53,41.0,24.0,65,10
1681,Con cobertura,54,17.0,68.0,85,10
1682,Con cobertura,55,41.0,45.0,86,10
1683,Con cobertura,56,19.0,59.0,78,10
1684,Con cobertura,57,29.0,45.0,74,10
1685,Con cobertura,58,21.0,36.0,57,10
1686,Con cobertura,59,17.0,56.0,73,10
1687,Con cobertura,60,47.0,25.0,72,10
1688,Con cobertura,61,26.0,83.0,109,10
1689,Con cobertura,62,12.0,18.0,30,10
1690,Con cobertura,63,34.0,30.0,64,10
1691,Con cobertura,64,24.0,10.0,34,10
1692,Con cobertura,65,20.0,31.0,51,10
1693,Con cobertura,66,20.0,26.0,46,10
1694,Con cobertura,67,34.0,47.0,81,10
1695,Con cobertura,68,6.0,3.0,9,10
1696,Con cobertura,69,26.0,31.0,57,10
1697,Con cobertura,70,9.0,8.0,17,10
1698,Con cobertura,71,4.0,26.0,30,10
1699,Con cobertura,72,11.0,1.0,12,10
1700,Con cobertura,73,3.0,17.0,20,10
1701,Con cobertura,74,5.0,4.0,9,10
1702,Con cobertura,75,10.0,23.0,33,10
1703,Con cobertura,76,11.0,18.0,29,10
1704,Con cobertura,77,3.0,11.0,14,10
1705,Con cobertura,78,6.0,4.0,10,10
1706,Con cobertura,79,7.0,2.0,9,10
1707,Con cobertura,80,11.0,12.0,23,10
1708,Con cobertura,81,8.0,6.0,14,10
1709,Con cobertura,82,5.0,11.0,16,10
1710,Con cobertura,83,2.0,2.0,4,10
1711,Con cobertura,84,4.0,4.0,8,10
1712,Con cobertura,85,10.0,7.0,17,10
1713,Con cobertura,86,3.0,3.0,6,10
1714,Con cobertura,87,4.0,2.0,6,10
1715,Con cobertura,88,1.0,3.0,4,10
1716,Con cobertura,89,0.0,3.0,3,10
1717,Con cobertura,90,4.0,4.0,8,10
1718,Con cobertura,91,1.0,4.0,5,10
1719,Con cobertura,92,1.0,2.0,3,10
1720,Con cobertura,93,2.0,2.0,4,10
1721,Con cobertura,94,2.0,1.0,3,10
1722,Con cobertura,95,1.0,0.0,1,10
1723,Con cobertura,96,0.0,2.0,2,10
1724,Con cobertura,102,1.0,0.0,1,10
1727,Sin cobertura,0,1723.0,1625.0,3348,10
1728,Sin cobertura,1,1552.0,1516.0,3068,10
1729,Sin cobertura,2,1545.0,1563.0,3108,10
1730,Sin cobertura,3,1562.0,1574.0,3136,10
1731,Sin cobertura,4,1561.0,1581.0,3142,10
1732,Sin cobertura,5,1389.0,1619.0,3008,10
1733,Sin cobertura,6,1673.0,1542.0,3215,10
1734,Sin cobertura,7,1551.0,1647.0,3198,10
1735,Sin cobertura,8,1738.0,1545.0,3283,10
1736,Sin cobertura,9,1739.0,1649.0,3388,10
1737,Sin cobertura,10,1852.0,1629.0,3481,10
1738,Sin cobertura,11,1602.0,1641.0,3243,10
1739,Sin cobertura,12,1624.0,1652.0,3276,10
1740,Sin cobertura,13,1481.0,1450.0,2931,10
1741,Sin cobertura,14,1665.0,1595.0,3260,10
1742,Sin cobertura,15,1563.0,1539.0,3102,10
1743,Sin cobertura,16,1398.0,1348.0,2746,10
1744,Sin cobertura,17,1521.0,1506.0,3027,10
1745,Sin cobertura,18,1617.0,1333.0,2950,10
1746,Sin cobertura,19,1633.0,1448.0,3081,10
1747,Sin cobertura,20,1584.0,1340.0,2924,10
1748,Sin cobertura,21,2002.0,1815.0,3817,10
1749,Sin cobertura,22,1919.0,1871.0,3790,10
1750,Sin cobertura,23,1798.0,2058.0,3856,10
1751,Sin cobertura,24,1702.0,1827.0,3529,10
1752,Sin cobertura,25,1699.0,1517.0,3216,10
1753,Sin cobertura,26,1395.0,1720.0,3115,10
1754,Sin cobertura,27,1461.0,1431.0,2892,10
1755,Sin cobertura,28,1469.0,1403.0,2872,10
1756,Sin cobertura,29,1414.0,1372.0,2786,10
1757,Sin cobertura,30,1582.0,1386.0,2968,10
1758,Sin cobertura,31,1153.0,1241.0,2394,10
1759,Sin cobertura,32,1217.0,1176.0,2393,10
1760,Sin cobertura,33,1173.0,1262.0,2435,10
1761,Sin cobertura,34,1098.0,1128.0,2226,10
1762,Sin cobertura,35,1208.0,971.0,2179,10
1763,Sin cobertura,36,970.0,900.0,1870,10
1764,Sin cobertura,37,821.0,811.0,1632,10
1765,Sin cobertura,38,742.0,819.0,1561,10
1766,Sin cobertura,39,836.0,758.0,1594,10
1767,Sin cobertura,40,764.0,684.0,1448,10
1768,Sin cobertura,41,624.0,696.0,1320,10
1769,Sin cobertura,42,626.0,751.0,1377,10
1770,Sin cobertura,43,620.0,609.0,1229,10
1771,Sin cobertura,44,549.0,632.0,1181,10
1772,Sin cobertura,45,559.0,492.0,1051,10
1773,Sin cobertura,46,597.0,511.0,1108,10
1774,Sin cobertura,47,635.0,475.0,1110,10
1775,Sin cobertura,48,597.0,510.0,1107,10
1776,Sin cobertura,49,571.0,459.0,1030,10
1777,Sin cobertura,50,603.0,560.0,1163,10
1778,Sin cobertura,51,612.0,491.0,1103,10
1779,Sin cobertura,52,471.0,509.0,980,10
1780,Sin cobertura,53,501.0,540.0,1041,10
1781,Sin cobertura,54,502.0,422.0,924,10
1782,Sin cobertura,55,498.0,359.0,857,10
1783,Sin cobertura,56,401.0,411.0,812,10
1784,Sin cobertura,57,457.0,399.0,856,10
1785,Sin cobertura,58,427.0,452.0,879,10
1786,Sin cobertura,59,403.0,386.0,789,10
1787,Sin cobertura,60,419.0,349.0,768,10
1788,Sin cobertura,61,407.0,177.0,584,10
1789,Sin cobertura,62,286.0,193.0,479,10
1790,Sin cobertura,63,375.0,150.0,525,10
1791,Sin cobertura,64,282.0,93.0,375,10
1792,Sin cobertura,65,256.0,66.0,322,10
1793,Sin cobertura,66,106.0,62.0,168,10
1794,Sin cobertura,67,113.0,64.0,177,10
1795,Sin cobertura,68,82.0,73.0,155,10
1796,Sin cobertura,69,45.0,50.0,95,10
1797,Sin cobertura,70,67.0,93.0,160,10
1798,Sin cobertura,71,43.0,42.0,85,10
1799,Sin cobertura,72,41.0,42.0,83,10
1800,Sin cobertura,73,38.0,40.0,78,10
1801,Sin cobertura,74,34.0,47.0,81,10
1802,Sin cobertura,75,42.0,61.0,103,10
1803,Sin cobertura,76,41.0,33.0,74,10
1804,Sin cobertura,77,41.0,37.0,78,10
1805,Sin cobertura,78,49.0,43.0,92,10
1806,Sin cobertura,79,31.0,35.0,66,10
1807,Sin cobertura,80,21.0,28.0,49,10
1808,Sin cobertura,81,12.0,26.0,38,10
1809,Sin cobertura,82,31.0,18.0,49,10
1810,Sin cobertura,83,16.0,24.0,40,10
1811,Sin cobertura,84,15.0,18.0,33,10
1812,Sin cobertura,85,10.0,22.0,32,10
1813,Sin cobertura,86,11.0,13.0,24,10
1814,Sin cobertura,87,10.0,22.0,32,10
1815,Sin cobertura,88,8.0,17.0,25,10
1816,Sin cobertura,89,10.0,8.0,18,10
1817,Sin cobertura,90,5.0,5.0,10,10
1818,Sin cobertura,91,9.0,1.0,10,10
1819,Sin cobertura,92,1.0,9.0,10,10
1820,Sin cobertura,93,3.0,4.0,7,10
1821,Sin cobertura,94,6.0,4.0,10,10
1822,Sin cobertura,95,2.0,1.0,3,10
1823,Sin cobertura,96,0.0,1.0,1,10
1824,Sin cobertura,97,0.0,1.0,1,10
1825,Sin cobertura,98,1.0,1.0,2,10
1826,Sin cobertura,99,1.0,2.0,3,10
1827,Sin cobertura,100,0.0,1.0,1,10
1828,Sin cobertura,104,1.0,0.0,1,10
1829,Sin cobertura,105,0.0,1.0,1,10
1830,Sin cobertura,110,1.0,0.0,1,10
1947,Con cobertura,0,10273.0,9303.0,19576,14
1948,Con cobertura,1,9829.0,9656.0,19485,14
1949,Con cobertura,2,10555.0,10599.0,21154,14
1950,Con cobertura,3,10201.0,9389.0,19590,14
1951,Con cobertura,4,10726.0,9804.0,20530,14
1952,Con cobertura,5,10412.0,10206.0,20618,14
1953,Con cobertura,6,10951.0,9666.0,20617,14
1954,Con cobertura,7,11404.0,11018.0,22422,14
1955,Con cobertura,8,10322.0,10195.0,20517,14
1956,Con cobertura,9,11269.0,10549.0,21818,14
1957,Con cobertura,10,11693.0,10767.0,22460,14
1958,Con cobertura,11,11220.0,11437.0,22657,14
1959,Con cobertura,12,11220.0,11058.0,22278,14
1960,Con cobertura,13,11045.0,10921.0,21966,14
1961,Con cobertura,14,11538.0,11346.0,22884,14
1962,Con cobertura,15,11210.0,10966.0,22176,14
1963,Con cobertura,16,11255.0,10687.0,21942,14
1964,Con cobertura,17,11318.0,10990.0,22308,14
1965,Con cobertura,18,11188.0,11224.0,22412,14
1966,Con cobertura,19,11538.0,11349.0,22887,14
1967,Con cobertura,20,11365.0,11906.0,23271,14
1968,Con cobertura,21,9506.0,9650.0,19156,14
1969,Con cobertura,22,9960.0,9995.0,19955,14
1970,Con cobertura,23,10113.0,10235.0,20348,14
1971,Con cobertura,24,10060.0,10416.0,20476,14
1972,Con cobertura,25,10242.0,10192.0,20434,14
1973,Con cobertura,26,8998.0,9353.0,18351,14
1974,Con cobertura,27,9576.0,9485.0,19061,14
1975,Con cobertura,28,10435.0,10087.0,20522,14
1976,Con cobertura,29,10219.0,10827.0,21046,14
1977,Con cobertura,30,10443.0,11393.0,21836,14
1978,Con cobertura,31,11029.0,11183.0,22212,14
1979,Con cobertura,32,10176.0,10867.0,21043,14
1980,Con cobertura,33,9681.0,10880.0,20561,14
1981,Con cobertura,34,9232.0,10278.0,19510,14
1982,Con cobertura,35,9403.0,10801.0,20204,14
1983,Con cobertura,36,8904.0,9266.0,18170,14
1984,Con cobertura,37,8856.0,9612.0,18468,14
1985,Con cobertura,38,8855.0,9106.0,17961,14
1986,Con cobertura,39,8874.0,9102.0,17976,14
1987,Con cobertura,40,8538.0,9006.0,17544,14
1988,Con cobertura,41,7847.0,8949.0,16796,14
1989,Con cobertura,42,7513.0,8614.0,16127,14
1990,Con cobertura,43,7300.0,8249.0,15549,14
1991,Con cobertura,44,7306.0,8239.0,15545,14
1992,Con cobertura,45,7471.0,8875.0,16346,14
1993,Con cobertura,46,7905.0,9077.0,16982,14
1994,Con cobertura,47,8301.0,8617.0,16918,14
1995,Con cobertura,48,7869.0,8579.0,16448,14
1996,Con cobertura,49,7481.0,8911.0,16392,14
1997,Con cobertura,50,7797.0,8772.0,16569,14
1998,Con cobertura,51,6670.0,7634.0,14304,14
1999,Con cobertura,52,6631.0,8071.0,14702,14
2000,Con cobertura,53,6863.0,8321.0,15184,14
2001,Con cobertura,54,6536.0,8523.0,15059,14
2002,Con cobertura,55,6683.0,8433.0,15116,14
2003,Con cobertura,56,6512.0,8595.0,15107,14
2004,Con cobertura,57,6479.0,8439.0,14918,14
2005,Con cobertura,58,6533.0,8548.0,15081,14
2006,Con cobertura,59,6133.0,8481.0,14614,14
2007,Con cobertura,60,6806.0,10654.0,17460,14
2008,Con cobertura,61,6418.0,11710.0,18128,14
2009,Con cobertura,62,6652.0,12218.0,18870,14
2010,Con cobertura,63,6511.0,12705.0,19216,14
2011,Con cobertura,64,6806.0,12779.0,19585,14
2012,Con cobertura,65,8218.0,12803.0,21021,14
2013,Con cobertura,66,8501.0,11727.0,20228,14
2014,Con cobertura,67,8377.0,11053.0,19430,14
2015,Con cobertura,68,8658.0,10887.0,19545,14
2016,Con cobertura,69,8191.0,10601.0,18792,14
2017,Con cobertura,70,8368.0,11134.0,19502,14
2018,Con cobertura,71,7297.0,9554.0,16851,14
2019,Con cobertura,72,6837.0,9284.0,16121,14
2020,Con cobertura,73,6359.0,8994.0,15353,14
2021,Con cobertura,74,6502.0,8910.0,15412,14
2022,Con cobertura,75,5767.0,8969.0,14736,14
2023,Con cobertura,76,5269.0,7954.0,13223,14
2024,Con cobertura,77,4926.0,7720.0,12646,14
2025,Con cobertura,78,4784.0,7757.0,12541,14
2026,Con cobertura,79,4705.0,7583.0,12288,14
2027,Con cobertura,80,4440.0,7623.0,12063,14
2028,Con cobertura,81,3585.0,6443.0,10028,14
2029,Con cobertura,82,3250.0,5877.0,9127,14
2030,Con cobertura,83,2984.0,5254.0,8238,14
2031,Con cobertura,84,2325.0,5027.0,7352,14
2032,Con cobertura,85,2172.0,4504.0,6676,14
2033,Con cobertura,86,1706.0,3884.0,5590,14
2034,Con cobertura,87,1372.0,3338.0,4710,14
2035,Con cobertura,88,1149.0,2840.0,3989,14
2036,Con cobertura,89,782.0,2567.0,3349,14
2037,Con cobertura,90,746.0,2202.0,2948,14
2038,Con cobertura,91,522.0,1487.0,2009,14
2039,Con cobertura,92,333.0,1110.0,1443,14
2040,Con cobertura,93,289.0,957.0,1246,14
2041,Con cobertura,94,222.0,682.0,904,14
2042,Con cobertura,95,99.0,535.0,634,14
2043,Con cobertura,96,85.0,403.0,488,14
2044,Con cobertura,97,48.0,226.0,274,14
2045,Con cobertura,98,38.0,163.0,201,14
2046,Con cobertura,99,9.0,82.0,91,14
2047,Con cobertura,100,7.0,69.0,76,14
2048,Con cobertura,101,5.0,48.0,53,14
2049,Con cobertura,102,2.0,45.0,47,14
2050,Con cobertura,103,3.0,13.0,16,14
2051,Con cobertura,104,2.0,6.0,8,14
2052,Con cobertura,105,0.0,2.0,2,14
2053,Con cobertura,107,1.0,1.0,2,14
2054,Con cobertura,108,0.0,1.0,1,14
2055,Con cobertura,109,0.0,1.0,1,14
2056,Con cobertura,110,9.0,0.0,9,14
2059,Con cobertura,0,3510.0,3440.0,6950,14
2060,Con cobertura,1,3357.0,3547.0,6904,14
2061,Con cobertura,2,3576.0,3494.0,7070,14
2062,Con cobertura,3,3621.0,3233.0,6854,14
2063,Con cobertura,4,3410.0,3326.0,6736,14
2064,Con cobertura,5,3486.0,3368.0,6854,14
2065,Con cobertura,6,3652.0,3527.0,7179,14
2066,Con cobertura,7,3591.0,3229.0,6820,14
2067,Con cobertura,8,3368.0,3242.0,6610,14
2068,Con cobertura,9,3449.0,3398.0,6847,14
2069,Con cobertura,10,3496.0,3154.0,6650,14
2070,Con cobertura,11,3352.0,3215.0,6567,14
2071,Con cobertura,12,3257.0,3353.0,6610,14
2072,Con cobertura,13,3215.0,3234.0,6449,14
2073,Con cobertura,14,3237.0,3004.0,6241,14
2074,Con cobertura,15,3301.0,3044.0,6345,14
2075,Con cobertura,16,3126.0,3098.0,6224,14
2076,Con cobertura,17,2889.0,3033.0,5922,14
2077,Con cobertura,18,3184.0,3206.0,6390,14
2078,Con cobertura,19,3445.0,3238.0,6683,14
2079,Con cobertura,20,3260.0,3208.0,6468,14
2080,Con cobertura,21,2993.0,3131.0,6124,14
2081,Con cobertura,22,3303.0,3050.0,6353,14
2082,Con cobertura,23,3398.0,3495.0,6893,14
2083,Con cobertura,24,3790.0,3637.0,7427,14
2084,Con cobertura,25,3607.0,3527.0,7134,14
2085,Con cobertura,26,3569.0,3603.0,7172,14
2086,Con cobertura,27,3635.0,4138.0,7773,14
2087,Con cobertura,28,4027.0,4466.0,8493,14
2088,Con cobertura,29,3988.0,4024.0,8012,14
2089,Con cobertura,30,4299.0,4399.0,8698,14
2090,Con cobertura,31,4076.0,4059.0,8135,14
2091,Con cobertura,32,3841.0,4087.0,7928,14
2092,Con cobertura,33,3866.0,3960.0,7826,14
2093,Con cobertura,34,3537.0,3615.0,7152,14
2094,Con cobertura,35,3342.0,3537.0,6879,14
2095,Con cobertura,36,3165.0,3374.0,6539,14
2096,Con cobertura,37,3146.0,3221.0,6367,14
2097,Con cobertura,38,3352.0,3278.0,6630,14
2098,Con cobertura,39,3062.0,3018.0,6080,14
2099,Con cobertura,40,3184.0,2803.0,5987,14
2100,Con cobertura,41,2576.0,2617.0,5193,14
2101,Con cobertura,42,2507.0,2576.0,5083,14
2102,Con cobertura,43,2416.0,2407.0,4823,14
2103,Con cobertura,44,2254.0,2255.0,4509,14
2104,Con cobertura,45,2565.0,2798.0,5363,14
2105,Con cobertura,46,2521.0,2462.0,4983,14
2106,Con cobertura,47,2399.0,2496.0,4895,14
2107,Con cobertura,48,2182.0,2358.0,4540,14
2108,Con cobertura,49,2487.0,2391.0,4878,14
2109,Con cobertura,50,2277.0,2232.0,4509,14
2110,Con cobertura,51,2143.0,2171.0,4314,14
2111,Con cobertura,52,2102.0,2125.0,4227,14
2112,Con cobertura,53,1856.0,2398.0,4254,14
2113,Con cobertura,54,1876.0,1985.0,3861,14
2114,Con cobertura,55,2090.0,1986.0,4076,14
2115,Con cobertura,56,2005.0,1899.0,3904,14
2116,Con cobertura,57,1838.0,2001.0,3839,14
2117,Con cobertura,58,1779.0,1763.0,3542,14
2118,Con cobertura,59,1694.0,1642.0,3336,14
2119,Con cobertura,60,1652.0,1531.0,3183,14
2120,Con cobertura,61,1443.0,977.0,2420,14
2121,Con cobertura,62,1569.0,791.0,2360,14
2122,Con cobertura,63,1228.0,654.0,1882,14
2123,Con cobertura,64,1222.0,779.0,2001,14
2124,Con cobertura,65,914.0,581.0,1495,14
2125,Con cobertura,66,524.0,550.0,1074,14
2126,Con cobertura,67,442.0,406.0,848,14
2127,Con cobertura,68,481.0,398.0,879,14
2128,Con cobertura,69,415.0,441.0,856,14
2129,Con cobertura,70,322.0,421.0,743,14
2130,Con cobertura,71,340.0,330.0,670,14
2131,Con cobertura,72,251.0,347.0,598,14
2132,Con cobertura,73,265.0,279.0,544,14
2133,Con cobertura,74,252.0,362.0,614,14
2134,Con cobertura,75,269.0,371.0,640,14
2135,Con cobertura,76,218.0,272.0,490,14
2136,Con cobertura,77,203.0,157.0,360,14
2137,Con cobertura,78,177.0,227.0,404,14
2138,Con cobertura,79,223.0,212.0,435,14
2139,Con cobertura,80,146.0,193.0,339,14
2140,Con cobertura,81,119.0,157.0,276,14
2141,Con cobertura,82,88.0,202.0,290,14
2142,Con cobertura,83,57.0,163.0,220,14
2143,Con cobertura,84,86.0,112.0,198,14
2144,Con cobertura,85,59.0,124.0,183,14
2145,Con cobertura,86,59.0,78.0,137,14
2146,Con cobertura,87,53.0,43.0,96,14
2147,Con cobertura,88,40.0,78.0,118,14
2148,Con cobertura,89,60.0,25.0,85,14
2149,Con cobertura,90,3.0,33.0,36,14
2150,Con cobertura,91,13.0,53.0,66,14
2151,Con cobertura,92,13.0,29.0,42,14
2152,Con cobertura,93,3.0,18.0,21,14
2153,Con cobertura,94,5.0,23.0,28,14
2154,Con cobertura,95,2.0,11.0,13,14
2155,Con cobertura,96,0.0,4.0,4,14
2156,Con cobertura,97,1.0,12.0,13,14
2157,Con cobertura,98,1.0,1.0,2,14
2158,Con cobertura,100,0.0,11.0,11,14
2159,Con cobertura,101,1.0,0.0,1,14
2160,Con cobertura,102,0.0,1.0,1,14
2161,Con cobertura,103,0.0,1.0,1,14
2164,Con cobertura,0,1710.0,1457.0,3167,14
2165,Con cobertura,1,1436.0,1708.0,3144,14
2166,Con cobertura,2,1449.0,1368.0,2817,14
2167,Con cobertura,3,1444.0,1368.0,2812,14
2168,Con cobertura,4,1491.0,1467.0,2958,14
2169,Con cobertura,5,1576.0,1534.0,3110,14
2170,Con cobertura,6,1366.0,1393.0,2759,14
2171,Con cobertura,7,1428.0,1461.0,2889,14
2172,Con cobertura,8,1397.0,1256.0,2653,14
2173,Con cobertura,9,1384.0,1370.0,2754,14
2174,Con cobertura,10,1345.0,1298.0,2643,14
2175,Con cobertura,11,1473.0,1300.0,2773,14
2176,Con cobertura,12,1444.0,1420.0,2864,14
2177,Con cobertura,13,1431.0,1235.0,2666,14
2178,Con cobertura,14,1427.0,1363.0,2790,14
2179,Con cobertura,15,1565.0,1232.0,2797,14
2180,Con cobertura,16,1443.0,1223.0,2666,14
2181,Con cobertura,17,1479.0,1444.0,2923,14
2182,Con cobertura,18,1561.0,1632.0,3193,14
2183,Con cobertura,19,1444.0,1736.0,3180,14
2184,Con cobertura,20,1577.0,1702.0,3279,14
2185,Con cobertura,21,1507.0,1453.0,2960,14
2186,Con cobertura,22,1391.0,1782.0,3173,14
2187,Con cobertura,23,1592.0,1822.0,3414,14
2188,Con cobertura,24,1431.0,1856.0,3287,14
2189,Con cobertura,25,1729.0,1916.0,3645,14
2190,Con cobertura,26,1751.0,2178.0,3929,14
2191,Con cobertura,27,1987.0,2057.0,4044,14
2192,Con cobertura,28,1769.0,2309.0,4078,14
2193,Con cobertura,29,1844.0,2137.0,3981,14
2194,Con cobertura,30,1869.0,2259.0,4128,14
2195,Con cobertura,31,1836.0,2011.0,3847,14
2196,Con cobertura,32,1781.0,2076.0,3857,14
2197,Con cobertura,33,2004.0,1924.0,3928,14
2198,Con cobertura,34,1679.0,1671.0,3350,14
2199,Con cobertura,35,1783.0,1707.0,3490,14
2200,Con cobertura,36,1522.0,1713.0,3235,14
2201,Con cobertura,37,1740.0,1654.0,3394,14
2202,Con cobertura,38,1399.0,1481.0,2880,14
2203,Con cobertura,39,1538.0,1417.0,2955,14
2204,Con cobertura,40,1605.0,1632.0,3237,14
2205,Con cobertura,41,1335.0,1319.0,2654,14
2206,Con cobertura,42,1433.0,1522.0,2955,14
2207,Con cobertura,43,1279.0,1365.0,2644,14
2208,Con cobertura,44,1210.0,1322.0,2532,14
2209,Con cobertura,45,1343.0,1432.0,2775,14
2210,Con cobertura,46,1427.0,1413.0,2840,14
2211,Con cobertura,47,1417.0,1457.0,2874,14
2212,Con cobertura,48,1261.0,1362.0,2623,14
2213,Con cobertura,49,1490.0,1467.0,2957,14
2214,Con cobertura,50,1321.0,1548.0,2869,14
2215,Con cobertura,51,1180.0,1707.0,2887,14
2216,Con cobertura,52,1259.0,1440.0,2699,14
2217,Con cobertura,53,1259.0,1424.0,2683,14
2218,Con cobertura,54,1449.0,1414.0,2863,14
2219,Con cobertura,55,1433.0,1440.0,2873,14
2220,Con cobertura,56,1448.0,1392.0,2840,14
2221,Con cobertura,57,1123.0,1391.0,2514,14
2222,Con cobertura,58,1258.0,1210.0,2468,14
2223,Con cobertura,59,1477.0,1370.0,2847,14
2224,Con cobertura,60,1370.0,1132.0,2502,14
2225,Con cobertura,61,1221.0,620.0,1841,14
2226,Con cobertura,62,1100.0,568.0,1668,14
2227,Con cobertura,63,934.0,542.0,1476,14
2228,Con cobertura,64,966.0,528.0,1494,14
2229,Con cobertura,65,676.0,418.0,1094,14
2230,Con cobertura,66,523.0,445.0,968,14
2231,Con cobertura,67,437.0,451.0,888,14
2232,Con cobertura,68,421.0,325.0,746,14
2233,Con cobertura,69,334.0,232.0,566,14
2234,Con cobertura,70,251.0,232.0,483,14
2235,Con cobertura,71,302.0,237.0,539,14
2236,Con cobertura,72,276.0,253.0,529,14
2237,Con cobertura,73,153.0,281.0,434,14
2238,Con cobertura,74,132.0,130.0,262,14
2239,Con cobertura,75,177.0,137.0,314,14
2240,Con cobertura,76,124.0,150.0,274,14
2241,Con cobertura,77,135.0,165.0,300,14
2242,Con cobertura,78,144.0,114.0,258,14
2243,Con cobertura,79,95.0,115.0,210,14
2244,Con cobertura,80,89.0,173.0,262,14
2245,Con cobertura,81,75.0,110.0,185,14
2246,Con cobertura,82,82.0,77.0,159,14
2247,Con cobertura,83,28.0,116.0,144,14
2248,Con cobertura,84,73.0,124.0,197,14
2249,Con cobertura,85,38.0,89.0,127,14
2250,Con cobertura,86,27.0,44.0,71,14
2251,Con cobertura,87,46.0,64.0,110,14
2252,Con cobertura,88,3.0,33.0,36,14
2253,Con cobertura,89,16.0,11.0,27,14
2254,Con cobertura,90,2.0,30.0,32,14
2255,Con cobertura,91,21.0,27.0,48,14
2256,Con cobertura,92,4.0,17.0,21,14
2257,Con cobertura,93,2.0,12.0,14,14
2258,Con cobertura,94,4.0,23.0,27,14
2259,Con cobertura,95,0.0,4.0,4,14
2260,Con cobertura,96,0.0,7.0,7,14
2261,Con cobertura,97,0.0,1.0,1,14
2262,Con cobertura,98,0.0,9.0,9,14
2263,Con cobertura,100,0.0,3.0,3,14
2266,Con cobertura,0,1170.0,1209.0,2379,14
2267,Con cobertura,1,1163.0,1106.0,2269,14
2268,Con cobertura,2,1047.0,1013.0,2060,14
2269,Con cobertura,3,912.0,1106.0,2018,14
2270,Con cobertura,4,869.0,845.0,1714,14
2271,Con cobertura,5,720.0,803.0,1523,14
2272,Con cobertura,6,566.0,566.0,1132,14
2273,Con cobertura,7,485.0,478.0,963,14
2274,Con cobertura,8,409.0,500.0,909,14
2275,Con cobertura,9,438.0,455.0,893,14
2276,Con cobertura,10,464.0,385.0,849,14
2277,Con cobertura,11,502.0,514.0,1016,14
2278,Con cobertura,12,521.0,559.0,1080,14
2279,Con cobertura,13,482.0,437.0,919,14
2280,Con cobertura,14,508.0,471.0,979,14
2281,Con cobertura,15,496.0,458.0,954,14
2282,Con cobertura,16,413.0,428.0,841,14
2283,Con cobertura,17,432.0,482.0,914,14
2284,Con cobertura,18,530.0,472.0,1002,14
2285,Con cobertura,19,487.0,338.0,825,14
2286,Con cobertura,20,386.0,456.0,842,14
2287,Con cobertura,21,433.0,519.0,952,14
2288,Con cobertura,22,289.0,442.0,731,14
2289,Con cobertura,23,319.0,453.0,772,14
2290,Con cobertura,24,463.0,483.0,946,14
2291,Con cobertura,25,399.0,447.0,846,14
2292,Con cobertura,26,262.0,371.0,633,14
2293,Con cobertura,27,327.0,387.0,714,14
2294,Con cobertura,28,428.0,432.0,860,14
2295,Con cobertura,29,417.0,440.0,857,14
2296,Con cobertura,30,386.0,536.0,922,14
2297,Con cobertura,31,392.0,387.0,779,14
2298,Con cobertura,32,351.0,356.0,707,14
2299,Con cobertura,33,437.0,305.0,742,14
2300,Con cobertura,34,283.0,375.0,658,14
2301,Con cobertura,35,290.0,316.0,606,14
2302,Con cobertura,36,258.0,377.0,635,14
2303,Con cobertura,37,214.0,289.0,503,14
2304,Con cobertura,38,209.0,273.0,482,14
2305,Con cobertura,39,205.0,400.0,605,14
2306,Con cobertura,40,238.0,297.0,535,14
2307,Con cobertura,41,219.0,372.0,591,14
2308,Con cobertura,42,158.0,336.0,494,14
2309,Con cobertura,43,290.0,346.0,636,14
2310,Con cobertura,44,209.0,317.0,526,14
2311,Con cobertura,45,253.0,323.0,576,14
2312,Con cobertura,46,225.0,379.0,604,14
2313,Con cobertura,47,225.0,387.0,612,14
2314,Con cobertura,48,243.0,407.0,650,14
2315,Con cobertura,49,244.0,374.0,618,14
2316,Con cobertura,50,215.0,349.0,564,14
2317,Con cobertura,51,207.0,355.0,562,14
2318,Con cobertura,52,238.0,403.0,641,14
2319,Con cobertura,53,258.0,434.0,692,14
2320,Con cobertura,54,283.0,316.0,599,14
2321,Con cobertura,55,234.0,380.0,614,14
2322,Con cobertura,56,207.0,389.0,596,14
2323,Con cobertura,57,214.0,363.0,577,14
2324,Con cobertura,58,295.0,313.0,608,14
2325,Con cobertura,59,223.0,373.0,596,14
2326,Con cobertura,60,304.0,355.0,659,14
2327,Con cobertura,61,252.0,206.0,458,14
2328,Con cobertura,62,267.0,150.0,417,14
2329,Con cobertura,63,188.0,182.0,370,14
2330,Con cobertura,64,213.0,140.0,353,14
2331,Con cobertura,65,188.0,177.0,365,14
2332,Con cobertura,66,144.0,156.0,300,14
2333,Con cobertura,67,71.0,163.0,234,14
2334,Con cobertura,68,132.0,84.0,216,14
2335,Con cobertura,69,62.0,134.0,196,14
2336,Con cobertura,70,84.0,106.0,190,14
2337,Con cobertura,71,97.0,95.0,192,14
2338,Con cobertura,72,86.0,77.0,163,14
2339,Con cobertura,73,70.0,60.0,130,14
2340,Con cobertura,74,115.0,88.0,203,14
2341,Con cobertura,75,99.0,99.0,198,14
2342,Con cobertura,76,97.0,109.0,206,14
2343,Con cobertura,77,48.0,113.0,161,14
2344,Con cobertura,78,86.0,101.0,187,14
2345,Con cobertura,79,61.0,80.0,141,14
2346,Con cobertura,80,57.0,75.0,132,14
2347,Con cobertura,81,44.0,75.0,119,14
2348,Con cobertura,82,54.0,37.0,91,14
2349,Con cobertura,83,31.0,58.0,89,14
2350,Con cobertura,84,25.0,70.0,95,14
2351,Con cobertura,85,32.0,49.0,81,14
2352,Con cobertura,86,32.0,42.0,74,14
2353,Con cobertura,87,12.0,49.0,61,14
2354,Con cobertura,88,8.0,27.0,35,14
2355,Con cobertura,89,0.0,58.0,58,14
2356,Con cobertura,90,6.0,13.0,19,14
2357,Con cobertura,91,5.0,11.0,16,14
2358,Con cobertura,92,3.0,6.0,9,14
2359,Con cobertura,93,3.0,4.0,7,14
2360,Con cobertura,94,0.0,4.0,4,14
2361,Con cobertura,95,2.0,3.0,5,14
2362,Con cobertura,96,0.0,15.0,15,14
2363,Con cobertura,97,1.0,23.0,24,14
2364,Con cobertura,98,2.0,1.0,3,14
2365,Con cobertura,99,0.0,2.0,2,14
2366,Con cobertura,100,0.0,3.0,3,14
2367,Con cobertura,101,0.0,1.0,1,14
2368,Con cobertura,105,0.0,1.0,1,14
2371,Sin cobertura,0,10574.0,10006.0,20580,14
2372,Sin cobertura,1,10552.0,10099.0,20651,14
2373,Sin cobertura,2,10318.0,10228.0,20546,14
2374,Sin cobertura,3,9701.0,9808.0,19509,14
2375,Sin cobertura,4,9760.0,9591.0,19351,14
2376,Sin cobertura,5,10149.0,9915.0,20064,14
2377,Sin cobertura,6,11006.0,10705.0,21711,14
2378,Sin cobertura,7,10800.0,11089.0,21889,14
2379,Sin cobertura,8,10776.0,10409.0,21185,14
2380,Sin cobertura,9,10856.0,10602.0,21458,14
2381,Sin cobertura,10,11038.0,11559.0,22597,14
2382,Sin cobertura,11,11260.0,11270.0,22530,14
2383,Sin cobertura,12,10974.0,11076.0,22050,14
2384,Sin cobertura,13,10858.0,10833.0,21691,14
2385,Sin cobertura,14,12196.0,12419.0,24615,14
2386,Sin cobertura,15,11761.0,11415.0,23176,14
2387,Sin cobertura,16,12304.0,11486.0,23790,14
2388,Sin cobertura,17,12130.0,11415.0,23545,14
2389,Sin cobertura,18,12915.0,12378.0,25293,14
2390,Sin cobertura,19,12797.0,12530.0,25327,14
2391,Sin cobertura,20,12398.0,11655.0,24053,14
2392,Sin cobertura,21,12169.0,12019.0,24188,14
2393,Sin cobertura,22,11680.0,11583.0,23263,14
2394,Sin cobertura,23,11453.0,11266.0,22719,14
2395,Sin cobertura,24,11122.0,10919.0,22041,14
2396,Sin cobertura,25,10424.0,10029.0,20453,14
2397,Sin cobertura,26,9994.0,9791.0,19785,14
2398,Sin cobertura,27,10167.0,9678.0,19845,14
2399,Sin cobertura,28,10518.0,9597.0,20115,14
2400,Sin cobertura,29,9761.0,9546.0,19307,14
2401,Sin cobertura,30,9510.0,9841.0,19351,14
2402,Sin cobertura,31,9144.0,8972.0,18116,14
2403,Sin cobertura,32,9022.0,8615.0,17637,14
2404,Sin cobertura,33,8400.0,8474.0,16874,14
2405,Sin cobertura,34,7563.0,7649.0,15212,14
2406,Sin cobertura,35,7501.0,7457.0,14958,14
2407,Sin cobertura,36,7143.0,7110.0,14253,14
2408,Sin cobertura,37,7232.0,7036.0,14268,14
2409,Sin cobertura,38,7150.0,7136.0,14286,14
2410,Sin cobertura,39,6770.0,6940.0,13710,14
2411,Sin cobertura,40,7217.0,6832.0,14049,14
2412,Sin cobertura,41,6709.0,6126.0,12835,14
2413,Sin cobertura,42,6543.0,6032.0,12575,14
2414,Sin cobertura,43,5962.0,6143.0,12105,14
2415,Sin cobertura,44,6058.0,5780.0,11838,14
2416,Sin cobertura,45,6315.0,6096.0,12411,14
2417,Sin cobertura,46,6233.0,6065.0,12298,14
2418,Sin cobertura,47,6218.0,5892.0,12110,14
2419,Sin cobertura,48,6033.0,5933.0,11966,14
2420,Sin cobertura,49,6143.0,5776.0,11919,14
2421,Sin cobertura,50,6502.0,5841.0,12343,14
2422,Sin cobertura,51,5659.0,5078.0,10737,14
2423,Sin cobertura,52,5317.0,4893.0,10210,14
2424,Sin cobertura,53,5796.0,4902.0,10698,14
2425,Sin cobertura,54,5581.0,5084.0,10665,14
2426,Sin cobertura,55,5312.0,4676.0,9988,14
2427,Sin cobertura,56,5135.0,4415.0,9550,14
2428,Sin cobertura,57,4969.0,4618.0,9587,14
2429,Sin cobertura,58,5042.0,4311.0,9353,14
2430,Sin cobertura,59,4929.0,4332.0,9261,14
2431,Sin cobertura,60,4886.0,3725.0,8611,14
2432,Sin cobertura,61,4078.0,1828.0,5906,14
2433,Sin cobertura,62,3853.0,1320.0,5173,14
2434,Sin cobertura,63,3952.0,907.0,4859,14
2435,Sin cobertura,64,3116.0,567.0,3683,14
2436,Sin cobertura,65,2337.0,463.0,2800,14
2437,Sin cobertura,66,966.0,413.0,1379,14
2438,Sin cobertura,67,757.0,454.0,1211,14
2439,Sin cobertura,68,586.0,379.0,965,14
2440,Sin cobertura,69,455.0,323.0,778,14
2441,Sin cobertura,70,482.0,418.0,900,14
2442,Sin cobertura,71,273.0,269.0,542,14
2443,Sin cobertura,72,247.0,196.0,443,14
2444,Sin cobertura,73,243.0,226.0,469,14
2445,Sin cobertura,74,267.0,248.0,515,14
2446,Sin cobertura,75,253.0,336.0,589,14
2447,Sin cobertura,76,213.0,280.0,493,14
2448,Sin cobertura,77,257.0,248.0,505,14
2449,Sin cobertura,78,238.0,244.0,482,14
2450,Sin cobertura,79,171.0,230.0,401,14
2451,Sin cobertura,80,177.0,296.0,473,14
2452,Sin cobertura,81,112.0,172.0,284,14
2453,Sin cobertura,82,112.0,175.0,287,14
2454,Sin cobertura,83,74.0,137.0,211,14
2455,Sin cobertura,84,82.0,140.0,222,14
2456,Sin cobertura,85,49.0,123.0,172,14
2457,Sin cobertura,86,49.0,108.0,157,14
2458,Sin cobertura,87,33.0,82.0,115,14
2459,Sin cobertura,88,46.0,52.0,98,14
2460,Sin cobertura,89,37.0,48.0,85,14
2461,Sin cobertura,90,20.0,57.0,77,14
2462,Sin cobertura,91,12.0,47.0,59,14
2463,Sin cobertura,92,17.0,35.0,52,14
2464,Sin cobertura,93,4.0,32.0,36,14
2465,Sin cobertura,94,13.0,42.0,55,14
2466,Sin cobertura,95,13.0,13.0,26,14
2467,Sin cobertura,96,5.0,9.0,14,14
2468,Sin cobertura,97,1.0,6.0,7,14
2469,Sin cobertura,98,2.0,4.0,6,14
2470,Sin cobertura,99,1.0,3.0,4,14
2471,Sin cobertura,100,1.0,1.0,2,14
2472,Sin cobertura,101,0.0,1.0,1,14
2473,Sin cobertura,102,0.0,2.0,2,14
2474,Sin cobertura,103,0.0,1.0,1,14
2475,Sin cobertura,104,0.0,1.0,1,14
2593,Con cobertura,0,2447.0,2502.0,4949,18
2594,Con cobertura,1,2501.0,2510.0,5011,18
2595,Con cobertura,2,2655.0,2407.0,5062,18
2596,Con cobertura,3,2664.0,2386.0,5050,18
2597,Con cobertura,4,2627.0,2646.0,5273,18
2598,Con cobertura,5,2960.0,2919.0,5879,18
2599,Con cobertura,6,3065.0,3101.0,6166,18
2600,Con cobertura,7,3271.0,3131.0,6402,18
2601,Con cobertura,8,3332.0,3055.0,6387,18
2602,Con cobertura,9,3115.0,3232.0,6347,18
2603,Con cobertura,10,3530.0,3439.0,6969,18
2604,Con cobertura,11,3601.0,3441.0,7042,18
2605,Con cobertura,12,3476.0,3457.0,6933,18
2606,Con cobertura,13,3469.0,3339.0,6808,18
2607,Con cobertura,14,3867.0,3552.0,7419,18
2608,Con cobertura,15,3808.0,3788.0,7596,18
2609,Con cobertura,16,3794.0,3591.0,7385,18
2610,Con cobertura,17,3442.0,3726.0,7168,18
2611,Con cobertura,18,3507.0,3540.0,7047,18
2612,Con cobertura,19,3161.0,3663.0,6824,18
2613,Con cobertura,20,3144.0,3382.0,6526,18
2614,Con cobertura,21,1995.0,2406.0,4401,18
2615,Con cobertura,22,1939.0,2182.0,4121,18
2616,Con cobertura,23,2207.0,2157.0,4364,18
2617,Con cobertura,24,2155.0,2115.0,4270,18
2618,Con cobertura,25,2090.0,2402.0,4492,18
2619,Con cobertura,26,1969.0,2063.0,4032,18
2620,Con cobertura,27,2268.0,2108.0,4376,18
2621,Con cobertura,28,2263.0,2291.0,4554,18
2622,Con cobertura,29,2084.0,2546.0,4630,18
2623,Con cobertura,30,2488.0,2604.0,5092,18
2624,Con cobertura,31,2450.0,2779.0,5229,18
2625,Con cobertura,32,2119.0,2477.0,4596,18
2626,Con cobertura,33,2317.0,2272.0,4589,18
2627,Con cobertura,34,2223.0,2333.0,4556,18
2628,Con cobertura,35,1991.0,2500.0,4491,18
2629,Con cobertura,36,2050.0,2261.0,4311,18
2630,Con cobertura,37,2179.0,2326.0,4505,18
2631,Con cobertura,38,1889.0,2196.0,4085,18
2632,Con cobertura,39,1863.0,2358.0,4221,18
2633,Con cobertura,40,2181.0,2461.0,4642,18
2634,Con cobertura,41,1991.0,2359.0,4350,18
2635,Con cobertura,42,1786.0,2468.0,4254,18
2636,Con cobertura,43,1815.0,2344.0,4159,18
2637,Con cobertura,44,1862.0,2520.0,4382,18
2638,Con cobertura,45,2078.0,2632.0,4710,18
2639,Con cobertura,46,2170.0,2443.0,4613,18
2640,Con cobertura,47,2169.0,2668.0,4837,18
2641,Con cobertura,48,2284.0,2534.0,4818,18
2642,Con cobertura,49,2023.0,2262.0,4285,18
2643,Con cobertura,50,1941.0,2473.0,4414,18
2644,Con cobertura,51,1913.0,2374.0,4287,18
2645,Con cobertura,52,1707.0,2359.0,4066,18
2646,Con cobertura,53,1862.0,2343.0,4205,18
2647,Con cobertura,54,1783.0,2242.0,4025,18
2648,Con cobertura,55,1712.0,2199.0,3911,18
2649,Con cobertura,56,1834.0,1919.0,3753,18
2650,Con cobertura,57,1766.0,2154.0,3920,18
2651,Con cobertura,58,1654.0,2022.0,3676,18
2652,Con cobertura,59,1614.0,2023.0,3637,18
2653,Con cobertura,60,1605.0,2255.0,3860,18
2654,Con cobertura,61,1401.0,2320.0,3721,18
2655,Con cobertura,62,1419.0,2508.0,3927,18
2656,Con cobertura,63,1446.0,2696.0,4142,18
2657,Con cobertura,64,1313.0,2581.0,3894,18
2658,Con cobertura,65,1812.0,2825.0,4637,18
2659,Con cobertura,66,1944.0,2646.0,4590,18
2660,Con cobertura,67,1977.0,2402.0,4379,18
2661,Con cobertura,68,2040.0,2343.0,4383,18
2662,Con cobertura,69,1860.0,2395.0,4255,18
2663,Con cobertura,70,1739.0,2237.0,3976,18
2664,Con cobertura,71,1686.0,1966.0,3652,18
2665,Con cobertura,72,1546.0,1923.0,3469,18
2666,Con cobertura,73,1343.0,1903.0,3246,18
2667,Con cobertura,74,1563.0,2029.0,3592,18
2668,Con cobertura,75,1218.0,1864.0,3082,18
2669,Con cobertura,76,1172.0,1489.0,2661,18
2670,Con cobertura,77,1112.0,1489.0,2601,18
2671,Con cobertura,78,962.0,1511.0,2473,18
2672,Con cobertura,79,882.0,1364.0,2246,18
2673,Con cobertura,80,796.0,1305.0,2101,18
2674,Con cobertura,81,686.0,1100.0,1786,18
2675,Con cobertura,82,563.0,1065.0,1628,18
2676,Con cobertura,83,576.0,1034.0,1610,18
2677,Con cobertura,84,491.0,859.0,1350,18
2678,Con cobertura,85,420.0,748.0,1168,18
2679,Con cobertura,86,354.0,642.0,996,18
2680,Con cobertura,87,269.0,564.0,833,18
2681,Con cobertura,88,249.0,487.0,736,18
2682,Con cobertura,89,178.0,395.0,573,18
2683,Con cobertura,90,174.0,346.0,520,18
2684,Con cobertura,91,112.0,242.0,354,18
2685,Con cobertura,92,52.0,158.0,210,18
2686,Con cobertura,93,68.0,170.0,238,18
2687,Con cobertura,94,43.0,139.0,182,18
2688,Con cobertura,95,40.0,119.0,159,18
2689,Con cobertura,96,27.0,71.0,98,18
2690,Con cobertura,97,10.0,48.0,58,18
2691,Con cobertura,98,4.0,22.0,26,18
2692,Con cobertura,99,16.0,34.0,50,18
2693,Con cobertura,100,1.0,37.0,38,18
2694,Con cobertura,101,1.0,16.0,17,18
2695,Con cobertura,102,1.0,3.0,4,18
2696,Con cobertura,103,1.0,5.0,6,18
2697,Con cobertura,106,0.0,1.0,1,18
2698,Con cobertura,109,0.0,1.0,1,18
2701,Con cobertura,0,663.0,541.0,1204,18
2702,Con cobertura,1,592.0,659.0,1251,18
2703,Con cobertura,2,526.0,574.0,1100,18
2704,Con cobertura,3,541.0,553.0,1094,18
2705,Con cobertura,4,630.0,567.0,1197,18
2706,Con cobertura,5,645.0,615.0,1260,18
2707,Con cobertura,6,719.0,656.0,1375,18
2708,Con cobertura,7,754.0,679.0,1433,18
2709,Con cobertura,8,630.0,626.0,1256,18
2710,Con cobertura,9,696.0,772.0,1468,18
2711,Con cobertura,10,750.0,800.0,1550,18
2712,Con cobertura,11,824.0,770.0,1594,18
2713,Con cobertura,12,671.0,637.0,1308,18
2714,Con cobertura,13,715.0,628.0,1343,18
2715,Con cobertura,14,797.0,618.0,1415,18
2716,Con cobertura,15,643.0,788.0,1431,18
2717,Con cobertura,16,611.0,682.0,1293,18
2718,Con cobertura,17,648.0,695.0,1343,18
2719,Con cobertura,18,548.0,759.0,1307,18
2720,Con cobertura,19,644.0,669.0,1313,18
2721,Con cobertura,20,566.0,632.0,1198,18
2722,Con cobertura,21,427.0,417.0,844,18
2723,Con cobertura,22,480.0,470.0,950,18
2724,Con cobertura,23,410.0,503.0,913,18
2725,Con cobertura,24,442.0,499.0,941,18
2726,Con cobertura,25,483.0,427.0,910,18
2727,Con cobertura,26,485.0,416.0,901,18
2728,Con cobertura,27,536.0,481.0,1017,18
2729,Con cobertura,28,703.0,532.0,1235,18
2730,Con cobertura,29,614.0,582.0,1196,18
2731,Con cobertura,30,673.0,639.0,1312,18
2732,Con cobertura,31,619.0,605.0,1224,18
2733,Con cobertura,32,579.0,559.0,1138,18
2734,Con cobertura,33,491.0,592.0,1083,18
2735,Con cobertura,34,495.0,506.0,1001,18
2736,Con cobertura,35,573.0,512.0,1085,18
2737,Con cobertura,36,568.0,550.0,1118,18
2738,Con cobertura,37,459.0,552.0,1011,18
2739,Con cobertura,38,460.0,447.0,907,18
2740,Con cobertura,39,492.0,447.0,939,18
2741,Con cobertura,40,457.0,460.0,917,18
2742,Con cobertura,41,491.0,386.0,877,18
2743,Con cobertura,42,534.0,473.0,1007,18
2744,Con cobertura,43,380.0,422.0,802,18
2745,Con cobertura,44,378.0,472.0,850,18
2746,Con cobertura,45,515.0,391.0,906,18
2747,Con cobertura,46,405.0,446.0,851,18
2748,Con cobertura,47,447.0,494.0,941,18
2749,Con cobertura,48,404.0,408.0,812,18
2750,Con cobertura,49,414.0,438.0,852,18
2751,Con cobertura,50,466.0,377.0,843,18
2752,Con cobertura,51,394.0,403.0,797,18
2753,Con cobertura,52,340.0,400.0,740,18
2754,Con cobertura,53,426.0,374.0,800,18
2755,Con cobertura,54,349.0,308.0,657,18
2756,Con cobertura,55,362.0,343.0,705,18
2757,Con cobertura,56,401.0,305.0,706,18
2758,Con cobertura,57,333.0,242.0,575,18
2759,Con cobertura,58,276.0,271.0,547,18
2760,Con cobertura,59,258.0,366.0,624,18
2761,Con cobertura,60,345.0,208.0,553,18
2762,Con cobertura,61,269.0,124.0,393,18
2763,Con cobertura,62,219.0,126.0,345,18
2764,Con cobertura,63,214.0,172.0,386,18
2765,Con cobertura,64,193.0,140.0,333,18
2766,Con cobertura,65,178.0,111.0,289,18
2767,Con cobertura,66,76.0,71.0,147,18
2768,Con cobertura,67,72.0,54.0,126,18
2769,Con cobertura,68,98.0,60.0,158,18
2770,Con cobertura,69,50.0,49.0,99,18
2771,Con cobertura,70,61.0,86.0,147,18
2772,Con cobertura,71,38.0,54.0,92,18
2773,Con cobertura,72,38.0,39.0,77,18
2774,Con cobertura,73,52.0,29.0,81,18
2775,Con cobertura,74,41.0,23.0,64,18
2776,Con cobertura,75,33.0,86.0,119,18
2777,Con cobertura,76,25.0,79.0,104,18
2778,Con cobertura,77,28.0,22.0,50,18
2779,Con cobertura,78,28.0,46.0,74,18
2780,Con cobertura,79,52.0,51.0,103,18
2781,Con cobertura,80,39.0,41.0,80,18
2782,Con cobertura,81,28.0,31.0,59,18
2783,Con cobertura,82,25.0,46.0,71,18
2784,Con cobertura,83,26.0,16.0,42,18
2785,Con cobertura,84,6.0,13.0,19,18
2786,Con cobertura,85,6.0,22.0,28,18
2787,Con cobertura,86,9.0,6.0,15,18
2788,Con cobertura,87,0.0,15.0,15,18
2789,Con cobertura,88,25.0,5.0,30,18
2790,Con cobertura,89,3.0,14.0,17,18
2791,Con cobertura,90,3.0,3.0,6,18
2792,Con cobertura,91,6.0,2.0,8,18
2793,Con cobertura,93,0.0,1.0,1,18
2794,Con cobertura,94,1.0,1.0,2,18
2795,Con cobertura,95,0.0,1.0,1,18
2796,Con cobertura,96,2.0,1.0,3,18
2797,Con cobertura,97,0.0,2.0,2,18
2798,Con cobertura,110,1.0,0.0,1,18
2801,Con cobertura,0,118.0,95.0,213,18
2802,Con cobertura,1,125.0,111.0,236,18
2803,Con cobertura,2,168.0,154.0,322,18
2804,Con cobertura,3,95.0,141.0,236,18
2805,Con cobertura,4,114.0,128.0,242,18
2806,Con cobertura,5,95.0,103.0,198,18
2807,Con cobertura,6,136.0,118.0,254,18
2808,Con cobertura,7,113.0,172.0,285,18
2809,Con cobertura,8,129.0,108.0,237,18
2810,Con cobertura,9,124.0,109.0,233,18
2811,Con cobertura,10,123.0,148.0,271,18
2812,Con cobertura,11,95.0,125.0,220,18
2813,Con cobertura,12,129.0,92.0,221,18
2814,Con cobertura,13,117.0,150.0,267,18
2815,Con cobertura,14,105.0,99.0,204,18
2816,Con cobertura,15,82.0,96.0,178,18
2817,Con cobertura,16,120.0,144.0,264,18
2818,Con cobertura,17,106.0,91.0,197,18
2819,Con cobertura,18,114.0,117.0,231,18
2820,Con cobertura,19,122.0,112.0,234,18
2821,Con cobertura,20,141.0,78.0,219,18
2822,Con cobertura,21,147.0,126.0,273,18
2823,Con cobertura,22,101.0,115.0,216,18
2824,Con cobertura,23,138.0,228.0,366,18
2825,Con cobertura,24,140.0,183.0,323,18
2826,Con cobertura,25,187.0,162.0,349,18
2827,Con cobertura,26,161.0,170.0,331,18
2828,Con cobertura,27,169.0,189.0,358,18
2829,Con cobertura,28,225.0,187.0,412,18
2830,Con cobertura,29,199.0,203.0,402,18
2831,Con cobertura,30,161.0,216.0,377,18
2832,Con cobertura,31,171.0,125.0,296,18
2833,Con cobertura,32,177.0,153.0,330,18
2834,Con cobertura,33,160.0,129.0,289,18
2835,Con cobertura,34,149.0,190.0,339,18
2836,Con cobertura,35,195.0,179.0,374,18
2837,Con cobertura,36,164.0,166.0,330,18
2838,Con cobertura,37,173.0,152.0,325,18
2839,Con cobertura,38,156.0,132.0,288,18
2840,Con cobertura,39,150.0,114.0,264,18
2841,Con cobertura,40,138.0,89.0,227,18
2842,Con cobertura,41,102.0,125.0,227,18
2843,Con cobertura,42,120.0,110.0,230,18
2844,Con cobertura,43,137.0,115.0,252,18
2845,Con cobertura,44,144.0,166.0,310,18
2846,Con cobertura,45,148.0,123.0,271,18
2847,Con cobertura,46,128.0,102.0,230,18
2848,Con cobertura,47,175.0,98.0,273,18
2849,Con cobertura,48,132.0,111.0,243,18
2850,Con cobertura,49,126.0,158.0,284,18
2851,Con cobertura,50,137.0,123.0,260,18
2852,Con cobertura,51,83.0,105.0,188,18
2853,Con cobertura,52,152.0,99.0,251,18
2854,Con cobertura,53,159.0,81.0,240,18
2855,Con cobertura,54,125.0,119.0,244,18
2856,Con cobertura,55,126.0,123.0,249,18
2857,Con cobertura,56,110.0,87.0,197,18
2858,Con cobertura,57,104.0,93.0,197,18
2859,Con cobertura,58,124.0,95.0,219,18
2860,Con cobertura,59,110.0,105.0,215,18
2861,Con cobertura,60,101.0,62.0,163,18
2862,Con cobertura,61,131.0,65.0,196,18
2863,Con cobertura,62,61.0,32.0,93,18
2864,Con cobertura,63,143.0,33.0,176,18
2865,Con cobertura,64,63.0,10.0,73,18
2866,Con cobertura,65,74.0,23.0,97,18
2867,Con cobertura,66,26.0,10.0,36,18
2868,Con cobertura,67,36.0,33.0,69,18
2869,Con cobertura,68,10.0,25.0,35,18
2870,Con cobertura,69,19.0,6.0,25,18
2871,Con cobertura,70,9.0,18.0,27,18
2872,Con cobertura,71,18.0,6.0,24,18
2873,Con cobertura,72,4.0,13.0,17,18
2874,Con cobertura,73,4.0,6.0,10,18
2875,Con cobertura,74,11.0,4.0,15,18
2876,Con cobertura,75,7.0,13.0,20,18
2877,Con cobertura,76,9.0,4.0,13,18
2878,Con cobertura,77,15.0,14.0,29,18
2879,Con cobertura,78,3.0,6.0,9,18
2880,Con cobertura,79,2.0,7.0,9,18
2881,Con cobertura,80,5.0,0.0,5,18
2882,Con cobertura,81,3.0,3.0,6,18
2883,Con cobertura,82,22.0,1.0,23,18
2884,Con cobertura,83,2.0,1.0,3,18
2885,Con cobertura,84,0.0,1.0,1,18
2886,Con cobertura,86,1.0,0.0,1,18
2887,Con cobertura,87,2.0,3.0,5,18
2888,Con cobertura,88,0.0,1.0,1,18
2889,Con cobertura,90,10.0,2.0,12,18
2890,Con cobertura,93,12.0,0.0,12,18
2891,Con cobertura,95,0.0,1.0,1,18
2892,Con cobertura,96,1.0,0.0,1,18
2893,Con cobertura,97,1.0,1.0,2,18
2894,Con cobertura,110,0.0,1.0,1,18
2897,Con cobertura,0,953.0,887.0,1840,18
2898,Con cobertura,1,1071.0,1043.0,2114,18
2899,Con cobertura,2,941.0,980.0,1921,18
2900,Con cobertura,3,941.0,806.0,1747,18
2901,Con cobertura,4,905.0,791.0,1696,18
2902,Con cobertura,5,923.0,703.0,1626,18
2903,Con cobertura,6,555.0,476.0,1031,18
2904,Con cobertura,7,445.0,383.0,828,18
2905,Con cobertura,8,397.0,352.0,749,18
2906,Con cobertura,9,357.0,375.0,732,18
2907,Con cobertura,10,428.0,339.0,767,18
2908,Con cobertura,11,377.0,377.0,754,18
2909,Con cobertura,12,368.0,401.0,769,18
2910,Con cobertura,13,383.0,335.0,718,18
2911,Con cobertura,14,471.0,383.0,854,18
2912,Con cobertura,15,460.0,399.0,859,18
2913,Con cobertura,16,373.0,282.0,655,18
2914,Con cobertura,17,342.0,335.0,677,18
2915,Con cobertura,18,183.0,187.0,370,18
2916,Con cobertura,19,207.0,234.0,441,18
2917,Con cobertura,20,164.0,187.0,351,18
2918,Con cobertura,21,94.0,203.0,297,18
2919,Con cobertura,22,82.0,186.0,268,18
2920,Con cobertura,23,149.0,249.0,398,18
2921,Con cobertura,24,156.0,136.0,292,18
2922,Con cobertura,25,87.0,183.0,270,18
2923,Con cobertura,26,126.0,170.0,296,18
2924,Con cobertura,27,114.0,167.0,281,18
2925,Con cobertura,28,93.0,205.0,298,18
2926,Con cobertura,29,115.0,194.0,309,18
2927,Con cobertura,30,147.0,196.0,343,18
2928,Con cobertura,31,119.0,218.0,337,18
2929,Con cobertura,32,115.0,288.0,403,18
2930,Con cobertura,33,124.0,235.0,359,18
2931,Con cobertura,34,78.0,206.0,284,18
2932,Con cobertura,35,66.0,198.0,264,18
2933,Con cobertura,36,81.0,226.0,307,18
2934,Con cobertura,37,75.0,220.0,295,18
2935,Con cobertura,38,97.0,303.0,400,18
2936,Con cobertura,39,85.0,204.0,289,18
2937,Con cobertura,40,154.0,206.0,360,18
2938,Con cobertura,41,100.0,235.0,335,18
2939,Con cobertura,42,116.0,314.0,430,18
2940,Con cobertura,43,133.0,201.0,334,18
2941,Con cobertura,44,114.0,211.0,325,18
2942,Con cobertura,45,163.0,269.0,432,18
2943,Con cobertura,46,99.0,217.0,316,18
2944,Con cobertura,47,155.0,261.0,416,18
2945,Con cobertura,48,132.0,238.0,370,18
2946,Con cobertura,49,94.0,222.0,316,18
2947,Con cobertura,50,120.0,208.0,328,18
2948,Con cobertura,51,79.0,237.0,316,18
2949,Con cobertura,52,145.0,294.0,439,18
2950,Con cobertura,53,111.0,284.0,395,18
2951,Con cobertura,54,101.0,219.0,320,18
2952,Con cobertura,55,119.0,275.0,394,18
2953,Con cobertura,56,148.0,183.0,331,18
2954,Con cobertura,57,152.0,193.0,345,18
2955,Con cobertura,58,109.0,231.0,340,18
2956,Con cobertura,59,131.0,219.0,350,18
2957,Con cobertura,60,115.0,154.0,269,18
2958,Con cobertura,61,121.0,191.0,312,18
2959,Con cobertura,62,107.0,123.0,230,18
2960,Con cobertura,63,95.0,118.0,213,18
2961,Con cobertura,64,85.0,85.0,170,18
2962,Con cobertura,65,66.0,57.0,123,18
2963,Con cobertura,66,45.0,49.0,94,18
2964,Con cobertura,67,50.0,59.0,109,18
2965,Con cobertura,68,35.0,42.0,77,18
2966,Con cobertura,69,17.0,37.0,54,18
2967,Con cobertura,70,40.0,78.0,118,18
2968,Con cobertura,71,7.0,36.0,43,18
2969,Con cobertura,72,17.0,31.0,48,18
2970,Con cobertura,73,17.0,20.0,37,18
2971,Con cobertura,74,23.0,30.0,53,18
2972,Con cobertura,75,36.0,17.0,53,18
2973,Con cobertura,76,13.0,49.0,62,18
2974,Con cobertura,77,11.0,36.0,47,18
2975,Con cobertura,78,21.0,38.0,59,18
2976,Con cobertura,79,13.0,21.0,34,18
2977,Con cobertura,80,21.0,22.0,43,18
2978,Con cobertura,81,6.0,24.0,30,18
2979,Con cobertura,82,12.0,17.0,29,18
2980,Con cobertura,83,18.0,13.0,31,18
2981,Con cobertura,84,7.0,9.0,16,18
2982,Con cobertura,85,11.0,49.0,60,18
2983,Con cobertura,86,2.0,7.0,9,18
2984,Con cobertura,87,8.0,11.0,19,18
2985,Con cobertura,88,15.0,6.0,21,18
2986,Con cobertura,89,3.0,3.0,6,18
2987,Con cobertura,90,0.0,7.0,7,18
2988,Con cobertura,91,1.0,3.0,4,18
2989,Con cobertura,92,3.0,5.0,8,18
2990,Con cobertura,93,0.0,2.0,2,18
2991,Con cobertura,94,23.0,5.0,28,18
2992,Con cobertura,95,0.0,1.0,1,18
2993,Con cobertura,96,2.0,1.0,3,18
2994,Con cobertura,97,0.0,2.0,2,18
2995,Con cobertura,99,0.0,1.0,1,18
2996,Con cobertura,100,0.0,1.0,1,18
2997,Con cobertura,101,3.0,0.0,3,18
2998,Con cobertura,107,0.0,1.0,1,18
3001,Sin cobertura,0,5357.0,4861.0,10218,18
3002,Sin cobertura,1,4834.0,4802.0,9636,18
3003,Sin cobertura,2,4857.0,4539.0,9396,18
3004,Sin cobertura,3,4423.0,4440.0,8863,18
3005,Sin cobertura,4,4410.0,4324.0,8734,18
3006,Sin cobertura,5,5123.0,4758.0,9881,18
3007,Sin cobertura,6,5508.0,5158.0,10666,18
3008,Sin cobertura,7,5477.0,5376.0,10853,18
3009,Sin cobertura,8,5757.0,5432.0,11189,18
3010,Sin cobertura,9,5430.0,5456.0,10886,18
3011,Sin cobertura,10,6124.0,5760.0,11884,18
3012,Sin cobertura,11,5871.0,5723.0,11594,18
3013,Sin cobertura,12,5538.0,5880.0,11418,18
3014,Sin cobertura,13,5380.0,5448.0,10828,18
3015,Sin cobertura,14,6292.0,6010.0,12302,18
3016,Sin cobertura,15,5919.0,6001.0,11920,18
3017,Sin cobertura,16,5540.0,5577.0,11117,18
3018,Sin cobertura,17,5445.0,5437.0,10882,18
3019,Sin cobertura,18,6318.0,5932.0,12250,18
3020,Sin cobertura,19,6114.0,5993.0,12107,18
3021,Sin cobertura,20,5417.0,5479.0,10896,18
3022,Sin cobertura,21,5382.0,5645.0,11027,18
3023,Sin cobertura,22,5499.0,5597.0,11096,18
3024,Sin cobertura,23,4665.0,5279.0,9944,18
3025,Sin cobertura,24,4720.0,5242.0,9962,18
3026,Sin cobertura,25,4447.0,4820.0,9267,18
3027,Sin cobertura,26,4364.0,4374.0,8738,18
3028,Sin cobertura,27,4400.0,4268.0,8668,18
3029,Sin cobertura,28,4122.0,4548.0,8670,18
3030,Sin cobertura,29,3889.0,4205.0,8094,18
3031,Sin cobertura,30,4043.0,4410.0,8453,18
3032,Sin cobertura,31,3736.0,3863.0,7599,18
3033,Sin cobertura,32,3466.0,3648.0,7114,18
3034,Sin cobertura,33,3281.0,3509.0,6790,18
3035,Sin cobertura,34,3124.0,3183.0,6307,18
3036,Sin cobertura,35,3383.0,3398.0,6781,18
3037,Sin cobertura,36,2895.0,3093.0,5988,18
3038,Sin cobertura,37,2637.0,3028.0,5665,18
3039,Sin cobertura,38,2859.0,2880.0,5739,18
3040,Sin cobertura,39,2712.0,2728.0,5440,18
3041,Sin cobertura,40,2826.0,2565.0,5391,18
3042,Sin cobertura,41,2684.0,2373.0,5057,18
3043,Sin cobertura,42,2638.0,2352.0,4990,18
3044,Sin cobertura,43,2402.0,2275.0,4677,18
3045,Sin cobertura,44,2420.0,2087.0,4507,18
3046,Sin cobertura,45,2380.0,2230.0,4610,18
3047,Sin cobertura,46,2317.0,2253.0,4570,18
3048,Sin cobertura,47,2150.0,2014.0,4164,18
3049,Sin cobertura,48,2082.0,2107.0,4189,18
3050,Sin cobertura,49,2276.0,1923.0,4199,18
3051,Sin cobertura,50,2171.0,2092.0,4263,18
3052,Sin cobertura,51,2203.0,1826.0,4029,18
3053,Sin cobertura,52,2059.0,1798.0,3857,18
3054,Sin cobertura,53,2035.0,1806.0,3841,18
3055,Sin cobertura,54,2149.0,1804.0,3953,18
3056,Sin cobertura,55,2183.0,1759.0,3942,18
3057,Sin cobertura,56,2081.0,1722.0,3803,18
3058,Sin cobertura,57,2030.0,1427.0,3457,18
3059,Sin cobertura,58,1911.0,1540.0,3451,18
3060,Sin cobertura,59,1889.0,1392.0,3281,18
3061,Sin cobertura,60,1794.0,1269.0,3063,18
3062,Sin cobertura,61,1590.0,856.0,2446,18
3063,Sin cobertura,62,1531.0,610.0,2141,18
3064,Sin cobertura,63,1345.0,369.0,1714,18
3065,Sin cobertura,64,1154.0,229.0,1383,18
3066,Sin cobertura,65,897.0,224.0,1121,18
3067,Sin cobertura,66,367.0,182.0,549,18
3068,Sin cobertura,67,259.0,156.0,415,18
3069,Sin cobertura,68,237.0,174.0,411,18
3070,Sin cobertura,69,144.0,110.0,254,18
3071,Sin cobertura,70,170.0,155.0,325,18
3072,Sin cobertura,71,114.0,142.0,256,18
3073,Sin cobertura,72,111.0,142.0,253,18
3074,Sin cobertura,73,128.0,115.0,243,18
3075,Sin cobertura,74,72.0,124.0,196,18
3076,Sin cobertura,75,107.0,135.0,242,18
3077,Sin cobertura,76,88.0,101.0,189,18
3078,Sin cobertura,77,87.0,111.0,198,18
3079,Sin cobertura,78,78.0,103.0,181,18
3080,Sin cobertura,79,67.0,93.0,160,18
3081,Sin cobertura,80,87.0,103.0,190,18
3082,Sin cobertura,81,42.0,53.0,95,18
3083,Sin cobertura,82,34.0,45.0,79,18
3084,Sin cobertura,83,27.0,48.0,75,18
3085,Sin cobertura,84,20.0,63.0,83,18
3086,Sin cobertura,85,23.0,30.0,53,18
3087,Sin cobertura,86,18.0,38.0,56,18
3088,Sin cobertura,87,12.0,27.0,39,18
3089,Sin cobertura,88,10.0,23.0,33,18
3090,Sin cobertura,89,27.0,24.0,51,18
3091,Sin cobertura,90,11.0,32.0,43,18
3092,Sin cobertura,91,11.0,36.0,47,18
3093,Sin cobertura,92,4.0,17.0,21,18
3094,Sin cobertura,93,16.0,4.0,20,18
3095,Sin cobertura,94,4.0,3.0,7,18
3096,Sin cobertura,95,1.0,10.0,11,18
3097,Sin cobertura,96,3.0,5.0,8,18
3098,Sin cobertura,97,0.0,5.0,5,18
3099,Sin cobertura,98,0.0,2.0,2,18
3100,Sin cobertura,99,1.0,2.0,3,18
3101,Sin cobertura,101,7.0,2.0,9,18
3102,Sin cobertura,108,0.0,5.0,5,18
3103,Sin cobertura,109,1.0,1.0,2,18
3104,Sin cobertura,110,14.0,3.0,17,18
3221,Con cobertura,0,2056.0,2054.0,4110,22
3222,Con cobertura,1,2076.0,1871.0,3947,22
3223,Con cobertura,2,2117.0,1928.0,4045,22
3224,Con cobertura,3,2222.0,1882.0,4104,22
3225,Con cobertura,4,2242.0,2343.0,4585,22
3226,Con cobertura,5,2550.0,2130.0,4680,22
3227,Con cobertura,6,2610.0,2394.0,5004,22
3228,Con cobertura,7,2608.0,2482.0,5090,22
3229,Con cobertura,8,2647.0,2615.0,5262,22
3230,Con cobertura,9,2747.0,2636.0,5383,22
3231,Con cobertura,10,2781.0,2852.0,5633,22
3232,Con cobertura,11,2984.0,2841.0,5825,22
3233,Con cobertura,12,3020.0,3076.0,6096,22
3234,Con cobertura,13,2981.0,2993.0,5974,22
3235,Con cobertura,14,3605.0,3244.0,6849,22
3236,Con cobertura,15,3537.0,3295.0,6832,22
3237,Con cobertura,16,3188.0,3298.0,6486,22
3238,Con cobertura,17,3175.0,3260.0,6435,22
3239,Con cobertura,18,2595.0,2809.0,5404,22
3240,Con cobertura,19,2424.0,2691.0,5115,22
3241,Con cobertura,20,2184.0,2280.0,4464,22
3242,Con cobertura,21,1846.0,2029.0,3875,22
3243,Con cobertura,22,1680.0,1716.0,3396,22
3244,Con cobertura,23,1973.0,2121.0,4094,22
3245,Con cobertura,24,1877.0,2151.0,4028,22
3246,Con cobertura,25,1777.0,2140.0,3917,22
3247,Con cobertura,26,1648.0,1827.0,3475,22
3248,Con cobertura,27,1508.0,2026.0,3534,22
3249,Con cobertura,28,1998.0,2197.0,4195,22
3250,Con cobertura,29,2184.0,2176.0,4360,22
3251,Con cobertura,30,2234.0,2280.0,4514,22
3252,Con cobertura,31,2355.0,2482.0,4837,22
3253,Con cobertura,32,2140.0,2397.0,4537,22
3254,Con cobertura,33,2020.0,2465.0,4485,22
3255,Con cobertura,34,1914.0,2470.0,4384,22
3256,Con cobertura,35,1903.0,2272.0,4175,22
3257,Con cobertura,36,1912.0,2361.0,4273,22
3258,Con cobertura,37,2043.0,2526.0,4569,22
3259,Con cobertura,38,1782.0,2267.0,4049,22
3260,Con cobertura,39,1926.0,2172.0,4098,22
3261,Con cobertura,40,1807.0,2235.0,4042,22
3262,Con cobertura,41,2060.0,2302.0,4362,22
3263,Con cobertura,42,1843.0,2314.0,4157,22
3264,Con cobertura,43,1823.0,2375.0,4198,22
3265,Con cobertura,44,2007.0,2154.0,4161,22
3266,Con cobertura,45,2008.0,2439.0,4447,22
3267,Con cobertura,46,2016.0,2548.0,4564,22
3268,Con cobertura,47,1987.0,2120.0,4107,22
3269,Con cobertura,48,2447.0,2025.0,4472,22
3270,Con cobertura,49,1924.0,2190.0,4114,22
3271,Con cobertura,50,1947.0,2286.0,4233,22
3272,Con cobertura,51,1851.0,2188.0,4039,22
3273,Con cobertura,52,1521.0,2190.0,3711,22
3274,Con cobertura,53,1918.0,2109.0,4027,22
3275,Con cobertura,54,1634.0,2145.0,3779,22
3276,Con cobertura,55,1708.0,1916.0,3624,22
3277,Con cobertura,56,1697.0,2041.0,3738,22
3278,Con cobertura,57,1695.0,1992.0,3687,22
3279,Con cobertura,58,1507.0,2067.0,3574,22
3280,Con cobertura,59,1440.0,2096.0,3536,22
3281,Con cobertura,60,1567.0,1869.0,3436,22
3282,Con cobertura,61,1536.0,1963.0,3499,22
3283,Con cobertura,62,1200.0,2397.0,3597,22
3284,Con cobertura,63,1156.0,2539.0,3695,22
3285,Con cobertura,64,1197.0,2299.0,3496,22
3286,Con cobertura,65,1536.0,2585.0,4121,22
3287,Con cobertura,66,1880.0,2293.0,4173,22
3288,Con cobertura,67,1817.0,2343.0,4160,22
3289,Con cobertura,68,1716.0,2319.0,4035,22
3290,Con cobertura,69,1630.0,1834.0,3464,22
3291,Con cobertura,70,1692.0,2248.0,3940,22
3292,Con cobertura,71,1612.0,2010.0,3622,22
3293,Con cobertura,72,1480.0,1760.0,3240,22
3294,Con cobertura,73,1337.0,1727.0,3064,22
3295,Con cobertura,74,1344.0,1699.0,3043,22
3296,Con cobertura,75,1380.0,1698.0,3078,22
3297,Con cobertura,76,964.0,1356.0,2320,22
3298,Con cobertura,77,976.0,1465.0,2441,22
3299,Con cobertura,78,909.0,1328.0,2237,22
3300,Con cobertura,79,787.0,1162.0,1949,22
3301,Con cobertura,80,833.0,1498.0,2331,22
3302,Con cobertura,81,657.0,1180.0,1837,22
3303,Con cobertura,82,532.0,983.0,1515,22
3304,Con cobertura,83,420.0,955.0,1375,22
3305,Con cobertura,84,337.0,719.0,1056,22
3306,Con cobertura,85,330.0,602.0,932,22
3307,Con cobertura,86,277.0,609.0,886,22
3308,Con cobertura,87,185.0,457.0,642,22
3309,Con cobertura,88,175.0,325.0,500,22
3310,Con cobertura,89,162.0,395.0,557,22
3311,Con cobertura,90,99.0,304.0,403,22
3312,Con cobertura,91,80.0,223.0,303,22
3313,Con cobertura,92,59.0,178.0,237,22
3314,Con cobertura,93,68.0,137.0,205,22
3315,Con cobertura,94,48.0,114.0,162,22
3316,Con cobertura,95,30.0,67.0,97,22
3317,Con cobertura,96,15.0,29.0,44,22
3318,Con cobertura,97,6.0,50.0,56,22
3319,Con cobertura,98,9.0,32.0,41,22
3320,Con cobertura,99,5.0,27.0,32,22
3321,Con cobertura,100,4.0,27.0,31,22
3322,Con cobertura,101,3.0,5.0,8,22
3323,Con cobertura,102,1.0,4.0,5,22
3324,Con cobertura,104,0.0,1.0,1,22
3325,Con cobertura,105,0.0,2.0,2,22
3326,Con cobertura,108,1.0,0.0,1,22
3327,Con cobertura,110,1.0,1.0,2,22
3330,Con cobertura,0,332.0,398.0,730,22
3331,Con cobertura,1,387.0,444.0,831,22
3332,Con cobertura,2,341.0,444.0,785,22
3333,Con cobertura,3,346.0,378.0,724,22
3334,Con cobertura,4,439.0,462.0,901,22
3335,Con cobertura,5,599.0,510.0,1109,22
3336,Con cobertura,6,491.0,505.0,996,22
3337,Con cobertura,7,448.0,466.0,914,22
3338,Con cobertura,8,461.0,534.0,995,22
3339,Con cobertura,9,472.0,490.0,962,22
3340,Con cobertura,10,500.0,523.0,1023,22
3341,Con cobertura,11,624.0,593.0,1217,22
3342,Con cobertura,12,546.0,514.0,1060,22
3343,Con cobertura,13,470.0,518.0,988,22
3344,Con cobertura,14,595.0,550.0,1145,22
3345,Con cobertura,15,488.0,506.0,994,22
3346,Con cobertura,16,518.0,474.0,992,22
3347,Con cobertura,17,506.0,471.0,977,22
3348,Con cobertura,18,417.0,488.0,905,22
3349,Con cobertura,19,388.0,379.0,767,22
3350,Con cobertura,20,345.0,382.0,727,22
3351,Con cobertura,21,323.0,358.0,681,22
3352,Con cobertura,22,238.0,394.0,632,22
3353,Con cobertura,23,421.0,295.0,716,22
3354,Con cobertura,24,366.0,295.0,661,22
3355,Con cobertura,25,395.0,339.0,734,22
3356,Con cobertura,26,341.0,469.0,810,22
3357,Con cobertura,27,493.0,496.0,989,22
3358,Con cobertura,28,532.0,489.0,1021,22
3359,Con cobertura,29,502.0,552.0,1054,22
3360,Con cobertura,30,567.0,514.0,1081,22
3361,Con cobertura,31,491.0,475.0,966,22
3362,Con cobertura,32,442.0,491.0,933,22
3363,Con cobertura,33,497.0,573.0,1070,22
3364,Con cobertura,34,500.0,403.0,903,22
3365,Con cobertura,35,385.0,469.0,854,22
3366,Con cobertura,36,447.0,405.0,852,22
3367,Con cobertura,37,372.0,372.0,744,22
3368,Con cobertura,38,396.0,378.0,774,22
3369,Con cobertura,39,391.0,415.0,806,22
3370,Con cobertura,40,445.0,371.0,816,22
3371,Con cobertura,41,304.0,353.0,657,22
3372,Con cobertura,42,348.0,309.0,657,22
3373,Con cobertura,43,369.0,323.0,692,22
3374,Con cobertura,44,334.0,310.0,644,22
3375,Con cobertura,45,310.0,362.0,672,22
3376,Con cobertura,46,282.0,275.0,557,22
3377,Con cobertura,47,314.0,267.0,581,22
3378,Con cobertura,48,431.0,341.0,772,22
3379,Con cobertura,49,291.0,280.0,571,22
3380,Con cobertura,50,309.0,391.0,700,22
3381,Con cobertura,51,336.0,354.0,690,22
3382,Con cobertura,52,325.0,247.0,572,22
3383,Con cobertura,53,274.0,290.0,564,22
3384,Con cobertura,54,310.0,370.0,680,22
3385,Con cobertura,55,260.0,355.0,615,22
3386,Con cobertura,56,245.0,354.0,599,22
3387,Con cobertura,57,270.0,304.0,574,22
3388,Con cobertura,58,238.0,209.0,447,22
3389,Con cobertura,59,280.0,235.0,515,22
3390,Con cobertura,60,250.0,207.0,457,22
3391,Con cobertura,61,218.0,124.0,342,22
3392,Con cobertura,62,220.0,117.0,337,22
3393,Con cobertura,63,142.0,61.0,203,22
3394,Con cobertura,64,122.0,69.0,191,22
3395,Con cobertura,65,144.0,41.0,185,22
3396,Con cobertura,66,96.0,72.0,168,22
3397,Con cobertura,67,86.0,75.0,161,22
3398,Con cobertura,68,67.0,25.0,92,22
3399,Con cobertura,69,58.0,71.0,129,22
3400,Con cobertura,70,22.0,46.0,68,22
3401,Con cobertura,71,31.0,47.0,78,22
3402,Con cobertura,72,23.0,49.0,72,22
3403,Con cobertura,73,18.0,45.0,63,22
3404,Con cobertura,74,42.0,38.0,80,22
3405,Con cobertura,75,37.0,38.0,75,22
3406,Con cobertura,76,18.0,31.0,49,22
3407,Con cobertura,77,19.0,51.0,70,22
3408,Con cobertura,78,18.0,48.0,66,22
3409,Con cobertura,79,30.0,31.0,61,22
3410,Con cobertura,80,17.0,9.0,26,22
3411,Con cobertura,81,13.0,19.0,32,22
3412,Con cobertura,82,21.0,12.0,33,22
3413,Con cobertura,83,14.0,7.0,21,22
3414,Con cobertura,84,13.0,13.0,26,22
3415,Con cobertura,85,6.0,14.0,20,22
3416,Con cobertura,86,2.0,24.0,26,22
3417,Con cobertura,87,11.0,3.0,14,22
3418,Con cobertura,88,1.0,2.0,3,22
3419,Con cobertura,89,13.0,10.0,23,22
3420,Con cobertura,90,1.0,4.0,5,22
3421,Con cobertura,91,1.0,0.0,1,22
3422,Con cobertura,92,0.0,1.0,1,22
3423,Con cobertura,94,0.0,2.0,2,22
3424,Con cobertura,96,0.0,1.0,1,22
3425,Con cobertura,98,0.0,1.0,1,22
3428,Con cobertura,0,133.0,144.0,277,22
3429,Con cobertura,1,130.0,139.0,269,22
3430,Con cobertura,2,145.0,228.0,373,22
3431,Con cobertura,3,112.0,169.0,281,22
3432,Con cobertura,4,212.0,115.0,327,22
3433,Con cobertura,5,124.0,146.0,270,22
3434,Con cobertura,6,132.0,169.0,301,22
3435,Con cobertura,7,143.0,74.0,217,22
3436,Con cobertura,8,137.0,112.0,249,22
3437,Con cobertura,9,135.0,128.0,263,22
3438,Con cobertura,10,133.0,119.0,252,22
3439,Con cobertura,11,187.0,113.0,300,22
3440,Con cobertura,12,121.0,154.0,275,22
3441,Con cobertura,13,109.0,134.0,243,22
3442,Con cobertura,14,169.0,110.0,279,22
3443,Con cobertura,15,127.0,143.0,270,22
3444,Con cobertura,16,134.0,120.0,254,22
3445,Con cobertura,17,93.0,147.0,240,22
3446,Con cobertura,18,102.0,89.0,191,22
3447,Con cobertura,19,126.0,129.0,255,22
3448,Con cobertura,20,168.0,112.0,280,22
3449,Con cobertura,21,138.0,120.0,258,22
3450,Con cobertura,22,96.0,113.0,209,22
3451,Con cobertura,23,171.0,180.0,351,22
3452,Con cobertura,24,143.0,220.0,363,22
3453,Con cobertura,25,120.0,127.0,247,22
3454,Con cobertura,26,171.0,134.0,305,22
3455,Con cobertura,27,168.0,219.0,387,22
3456,Con cobertura,28,174.0,207.0,381,22
3457,Con cobertura,29,186.0,174.0,360,22
3458,Con cobertura,30,173.0,259.0,432,22
3459,Con cobertura,31,163.0,239.0,402,22
3460,Con cobertura,32,113.0,210.0,323,22
3461,Con cobertura,33,225.0,219.0,444,22
3462,Con cobertura,34,156.0,146.0,302,22
3463,Con cobertura,35,149.0,192.0,341,22
3464,Con cobertura,36,174.0,156.0,330,22
3465,Con cobertura,37,202.0,166.0,368,22
3466,Con cobertura,38,203.0,168.0,371,22
3467,Con cobertura,39,128.0,172.0,300,22
3468,Con cobertura,40,122.0,160.0,282,22
3469,Con cobertura,41,132.0,108.0,240,22
3470,Con cobertura,42,99.0,184.0,283,22
3471,Con cobertura,43,102.0,151.0,253,22
3472,Con cobertura,44,149.0,113.0,262,22
3473,Con cobertura,45,88.0,130.0,218,22
3474,Con cobertura,46,118.0,108.0,226,22
3475,Con cobertura,47,143.0,106.0,249,22
3476,Con cobertura,48,104.0,93.0,197,22
3477,Con cobertura,49,70.0,101.0,171,22
3478,Con cobertura,50,107.0,106.0,213,22
3479,Con cobertura,51,120.0,144.0,264,22
3480,Con cobertura,52,98.0,132.0,230,22
3481,Con cobertura,53,88.0,94.0,182,22
3482,Con cobertura,54,93.0,97.0,190,22
3483,Con cobertura,55,81.0,120.0,201,22
3484,Con cobertura,56,92.0,53.0,145,22
3485,Con cobertura,57,129.0,61.0,190,22
3486,Con cobertura,58,130.0,80.0,210,22
3487,Con cobertura,59,72.0,79.0,151,22
3488,Con cobertura,60,66.0,45.0,111,22
3489,Con cobertura,61,54.0,48.0,102,22
3490,Con cobertura,62,85.0,21.0,106,22
3491,Con cobertura,63,40.0,25.0,65,22
3492,Con cobertura,64,31.0,30.0,61,22
3493,Con cobertura,65,38.0,25.0,63,22
3494,Con cobertura,66,46.0,7.0,53,22
3495,Con cobertura,67,30.0,12.0,42,22
3496,Con cobertura,68,35.0,22.0,57,22
3497,Con cobertura,69,7.0,11.0,18,22
3498,Con cobertura,70,3.0,8.0,11,22
3499,Con cobertura,71,12.0,0.0,12,22
3500,Con cobertura,72,2.0,11.0,13,22
3501,Con cobertura,73,4.0,15.0,19,22
3502,Con cobertura,74,3.0,14.0,17,22
3503,Con cobertura,75,6.0,12.0,18,22
3504,Con cobertura,76,0.0,12.0,12,22
3505,Con cobertura,77,2.0,3.0,5,22
3506,Con cobertura,78,1.0,2.0,3,22
3507,Con cobertura,79,2.0,9.0,11,22
3508,Con cobertura,80,1.0,0.0,1,22
3509,Con cobertura,81,1.0,11.0,12,22
3510,Con cobertura,82,9.0,11.0,20,22
3511,Con cobertura,83,11.0,2.0,13,22
3512,Con cobertura,89,0.0,1.0,1,22
3513,Con cobertura,90,0.0,10.0,10,22
3516,Con cobertura,0,246.0,245.0,491,22
3517,Con cobertura,1,270.0,186.0,456,22
3518,Con cobertura,2,263.0,292.0,555,22
3519,Con cobertura,3,259.0,242.0,501,22
3520,Con cobertura,4,284.0,251.0,535,22
3521,Con cobertura,5,256.0,218.0,474,22
3522,Con cobertura,6,222.0,194.0,416,22
3523,Con cobertura,7,270.0,245.0,515,22
3524,Con cobertura,8,238.0,234.0,472,22
3525,Con cobertura,9,242.0,223.0,465,22
3526,Con cobertura,10,276.0,214.0,490,22
3527,Con cobertura,11,272.0,202.0,474,22
3528,Con cobertura,12,270.0,243.0,513,22
3529,Con cobertura,13,228.0,278.0,506,22
3530,Con cobertura,14,341.0,252.0,593,22
3531,Con cobertura,15,267.0,211.0,478,22
3532,Con cobertura,16,264.0,263.0,527,22
3533,Con cobertura,17,229.0,207.0,436,22
3534,Con cobertura,18,198.0,193.0,391,22
3535,Con cobertura,19,135.0,168.0,303,22
3536,Con cobertura,20,130.0,162.0,292,22
3537,Con cobertura,21,87.0,162.0,249,22
3538,Con cobertura,22,120.0,118.0,238,22
3539,Con cobertura,23,118.0,194.0,312,22
3540,Con cobertura,24,189.0,139.0,328,22
3541,Con cobertura,25,114.0,150.0,264,22
3542,Con cobertura,26,138.0,132.0,270,22
3543,Con cobertura,27,186.0,145.0,331,22
3544,Con cobertura,28,174.0,203.0,377,22
3545,Con cobertura,29,121.0,165.0,286,22
3546,Con cobertura,30,127.0,178.0,305,22
3547,Con cobertura,31,138.0,162.0,300,22
3548,Con cobertura,32,114.0,153.0,267,22
3549,Con cobertura,33,122.0,173.0,295,22
3550,Con cobertura,34,148.0,195.0,343,22
3551,Con cobertura,35,166.0,173.0,339,22
3552,Con cobertura,36,120.0,209.0,329,22
3553,Con cobertura,37,104.0,197.0,301,22
3554,Con cobertura,38,90.0,220.0,310,22
3555,Con cobertura,39,169.0,188.0,357,22
3556,Con cobertura,40,124.0,168.0,292,22
3557,Con cobertura,41,91.0,210.0,301,22
3558,Con cobertura,42,171.0,223.0,394,22
3559,Con cobertura,43,140.0,224.0,364,22
3560,Con cobertura,44,130.0,179.0,309,22
3561,Con cobertura,45,139.0,180.0,319,22
3562,Con cobertura,46,136.0,240.0,376,22
3563,Con cobertura,47,99.0,228.0,327,22
3564,Con cobertura,48,166.0,185.0,351,22
3565,Con cobertura,49,100.0,200.0,300,22
3566,Con cobertura,50,125.0,228.0,353,22
3567,Con cobertura,51,93.0,239.0,332,22
3568,Con cobertura,52,182.0,171.0,353,22
3569,Con cobertura,53,171.0,192.0,363,22
3570,Con cobertura,54,164.0,191.0,355,22
3571,Con cobertura,55,162.0,225.0,387,22
3572,Con cobertura,56,96.0,231.0,327,22
3573,Con cobertura,57,164.0,238.0,402,22
3574,Con cobertura,58,149.0,217.0,366,22
3575,Con cobertura,59,121.0,199.0,320,22
3576,Con cobertura,60,162.0,186.0,348,22
3577,Con cobertura,61,144.0,139.0,283,22
3578,Con cobertura,62,140.0,137.0,277,22
3579,Con cobertura,63,72.0,99.0,171,22
3580,Con cobertura,64,79.0,51.0,130,22
3581,Con cobertura,65,59.0,83.0,142,22
3582,Con cobertura,66,48.0,57.0,105,22
3583,Con cobertura,67,38.0,50.0,88,22
3584,Con cobertura,68,52.0,69.0,121,22
3585,Con cobertura,69,20.0,30.0,50,22
3586,Con cobertura,70,17.0,36.0,53,22
3587,Con cobertura,71,22.0,50.0,72,22
3588,Con cobertura,72,33.0,44.0,77,22
3589,Con cobertura,73,13.0,22.0,35,22
3590,Con cobertura,74,9.0,57.0,66,22
3591,Con cobertura,75,24.0,22.0,46,22
3592,Con cobertura,76,27.0,41.0,68,22
3593,Con cobertura,77,28.0,27.0,55,22
3594,Con cobertura,78,20.0,36.0,56,22
3595,Con cobertura,79,34.0,14.0,48,22
3596,Con cobertura,80,9.0,37.0,46,22
3597,Con cobertura,81,3.0,7.0,10,22
3598,Con cobertura,82,11.0,14.0,25,22
3599,Con cobertura,83,3.0,5.0,8,22
3600,Con cobertura,84,15.0,10.0,25,22
3601,Con cobertura,85,4.0,25.0,29,22
3602,Con cobertura,86,4.0,17.0,21,22
3603,Con cobertura,87,1.0,15.0,16,22
3604,Con cobertura,88,1.0,5.0,6,22
3605,Con cobertura,89,13.0,4.0,17,22
3606,Con cobertura,90,3.0,10.0,13,22
3607,Con cobertura,91,1.0,4.0,5,22
3608,Con cobertura,92,11.0,3.0,14,22
3609,Con cobertura,93,0.0,2.0,2,22
3610,Con cobertura,94,0.0,1.0,1,22
3611,Con cobertura,96,0.0,10.0,10,22
3612,Con cobertura,98,0.0,1.0,1,22
3613,Con cobertura,99,0.0,1.0,1,22
3616,Sin cobertura,0,7221.0,6936.0,14157,22
3617,Sin cobertura,1,6792.0,6610.0,13402,22
3618,Sin cobertura,2,6676.0,6844.0,13520,22
3619,Sin cobertura,3,6254.0,6317.0,12571,22
3620,Sin cobertura,4,6694.0,6649.0,13343,22
3621,Sin cobertura,5,7044.0,7010.0,14054,22
3622,Sin cobertura,6,7022.0,7426.0,14448,22
3623,Sin cobertura,7,7532.0,7262.0,14794,22
3624,Sin cobertura,8,7827.0,7627.0,15454,22
3625,Sin cobertura,9,7267.0,6749.0,14016,22
3626,Sin cobertura,10,7699.0,7278.0,14977,22
3627,Sin cobertura,11,8331.0,7707.0,16038,22
3628,Sin cobertura,12,7975.0,7761.0,15736,22
3629,Sin cobertura,13,7635.0,7364.0,14999,22
3630,Sin cobertura,14,8328.0,7987.0,16315,22
3631,Sin cobertura,15,7847.0,7928.0,15775,22
3632,Sin cobertura,16,7464.0,7326.0,14790,22
3633,Sin cobertura,17,6960.0,7073.0,14033,22
3634,Sin cobertura,18,8506.0,7635.0,16141,22
3635,Sin cobertura,19,7894.0,7714.0,15608,22
3636,Sin cobertura,20,7439.0,6744.0,14183,22
3637,Sin cobertura,21,6553.0,6393.0,12946,22
3638,Sin cobertura,22,6041.0,6582.0,12623,22
3639,Sin cobertura,23,6219.0,6239.0,12458,22
3640,Sin cobertura,24,5733.0,6156.0,11889,22
3641,Sin cobertura,25,5288.0,5815.0,11103,22
3642,Sin cobertura,26,5323.0,5653.0,10976,22
3643,Sin cobertura,27,5506.0,5365.0,10871,22
3644,Sin cobertura,28,5370.0,5652.0,11022,22
3645,Sin cobertura,29,5000.0,5208.0,10208,22
3646,Sin cobertura,30,5569.0,5513.0,11082,22
3647,Sin cobertura,31,4704.0,4933.0,9637,22
3648,Sin cobertura,32,4415.0,4629.0,9044,22
3649,Sin cobertura,33,4000.0,4029.0,8029,22
3650,Sin cobertura,34,4040.0,3955.0,7995,22
3651,Sin cobertura,35,4035.0,3906.0,7941,22
3652,Sin cobertura,36,3786.0,3515.0,7301,22
3653,Sin cobertura,37,3376.0,3354.0,6730,22
3654,Sin cobertura,38,3320.0,3195.0,6515,22
3655,Sin cobertura,39,3188.0,3193.0,6381,22
3656,Sin cobertura,40,3486.0,3088.0,6574,22
3657,Sin cobertura,41,2777.0,2745.0,5522,22
3658,Sin cobertura,42,3029.0,2692.0,5721,22
3659,Sin cobertura,43,2928.0,2731.0,5659,22
3660,Sin cobertura,44,2768.0,2662.0,5430,22
3661,Sin cobertura,45,2944.0,2706.0,5650,22
3662,Sin cobertura,46,2803.0,2432.0,5235,22
3663,Sin cobertura,47,2686.0,2684.0,5370,22
3664,Sin cobertura,48,2417.0,2382.0,4799,22
3665,Sin cobertura,49,2492.0,2387.0,4879,22
3666,Sin cobertura,50,2934.0,2481.0,5415,22
3667,Sin cobertura,51,2446.0,2159.0,4605,22
3668,Sin cobertura,52,2619.0,2109.0,4728,22
3669,Sin cobertura,53,2722.0,2310.0,5032,22
3670,Sin cobertura,54,2462.0,1905.0,4367,22
3671,Sin cobertura,55,2188.0,1771.0,3959,22
3672,Sin cobertura,56,2248.0,1757.0,4005,22
3673,Sin cobertura,57,2386.0,1728.0,4114,22
3674,Sin cobertura,58,2102.0,1703.0,3805,22
3675,Sin cobertura,59,1998.0,1588.0,3586,22
3676,Sin cobertura,60,1801.0,1298.0,3099,22
3677,Sin cobertura,61,1518.0,817.0,2335,22
3678,Sin cobertura,62,1491.0,679.0,2170,22
3679,Sin cobertura,63,1306.0,499.0,1805,22
3680,Sin cobertura,64,1117.0,371.0,1488,22
3681,Sin cobertura,65,1017.0,308.0,1325,22
3682,Sin cobertura,66,483.0,266.0,749,22
3683,Sin cobertura,67,330.0,309.0,639,22
3684,Sin cobertura,68,284.0,243.0,527,22
3685,Sin cobertura,69,221.0,195.0,416,22
3686,Sin cobertura,70,244.0,213.0,457,22
3687,Sin cobertura,71,164.0,147.0,311,22
3688,Sin cobertura,72,241.0,153.0,394,22
3689,Sin cobertura,73,179.0,187.0,366,22
3690,Sin cobertura,74,171.0,143.0,314,22
3691,Sin cobertura,75,143.0,202.0,345,22
3692,Sin cobertura,76,158.0,141.0,299,22
3693,Sin cobertura,77,151.0,135.0,286,22
3694,Sin cobertura,78,149.0,106.0,255,22
3695,Sin cobertura,79,104.0,99.0,203,22
3696,Sin cobertura,80,67.0,133.0,200,22
3697,Sin cobertura,81,60.0,74.0,134,22
3698,Sin cobertura,82,53.0,49.0,102,22
3699,Sin cobertura,83,67.0,47.0,114,22
3700,Sin cobertura,84,44.0,31.0,75,22
3701,Sin cobertura,85,47.0,45.0,92,22
3702,Sin cobertura,86,43.0,31.0,74,22
3703,Sin cobertura,87,28.0,43.0,71,22
3704,Sin cobertura,88,22.0,29.0,51,22
3705,Sin cobertura,89,32.0,21.0,53,22
3706,Sin cobertura,90,15.0,24.0,39,22
3707,Sin cobertura,91,7.0,12.0,19,22
3708,Sin cobertura,92,8.0,18.0,26,22
3709,Sin cobertura,93,7.0,6.0,13,22
3710,Sin cobertura,94,13.0,5.0,18,22
3711,Sin cobertura,95,1.0,6.0,7,22
3712,Sin cobertura,96,0.0,3.0,3,22
3713,Sin cobertura,97,2.0,1.0,3,22
3714,Sin cobertura,98,1.0,0.0,1,22
3715,Sin cobertura,99,1.0,2.0,3,22
3716,Sin cobertura,100,1.0,0.0,1,22
3717,Sin cobertura,104,0.0,1.0,1,22
3718,Sin cobertura,108,0.0,1.0,1,22
3719,Sin cobertura,110,0.0,1.0,1,22
3834,Con cobertura,0,2318.0,2192.0,4510,26
3835,Con cobertura,1,2377.0,2187.0,4564,26
3836,Con cobertura,2,2385.0,2420.0,4805,26
3837,Con cobertura,3,2431.0,2491.0,4922,26
3838,Con cobertura,4,2353.0,2435.0,4788,26
3839,Con cobertura,5,2415.0,2593.0,5008,26
3840,Con cobertura,6,2381.0,2300.0,4681,26
3841,Con cobertura,7,2575.0,2592.0,5167,26
3842,Con cobertura,8,2574.0,2616.0,5190,26
3843,Con cobertura,9,2695.0,2548.0,5243,26
3844,Con cobertura,10,2635.0,2524.0,5159,26
3845,Con cobertura,11,2761.0,2278.0,5039,26
3846,Con cobertura,12,2690.0,2580.0,5270,26
3847,Con cobertura,13,2559.0,2682.0,5241,26
3848,Con cobertura,14,2957.0,2668.0,5625,26
3849,Con cobertura,15,2983.0,2762.0,5745,26
3850,Con cobertura,16,2786.0,2740.0,5526,26
3851,Con cobertura,17,2491.0,2651.0,5142,26
3852,Con cobertura,18,2401.0,2426.0,4827,26
3853,Con cobertura,19,2129.0,1991.0,4120,26
3854,Con cobertura,20,2132.0,2198.0,4330,26
3855,Con cobertura,21,1787.0,1413.0,3200,26
3856,Con cobertura,22,1649.0,1644.0,3293,26
3857,Con cobertura,23,1933.0,1961.0,3894,26
3858,Con cobertura,24,1981.0,2059.0,4040,26
3859,Con cobertura,25,2125.0,1850.0,3975,26
3860,Con cobertura,26,1957.0,1897.0,3854,26
3861,Con cobertura,27,2353.0,2191.0,4544,26
3862,Con cobertura,28,2259.0,2370.0,4629,26
3863,Con cobertura,29,2208.0,2331.0,4539,26
3864,Con cobertura,30,2309.0,2226.0,4535,26
3865,Con cobertura,31,2381.0,2377.0,4758,26
3866,Con cobertura,32,2362.0,2586.0,4948,26
3867,Con cobertura,33,2143.0,2550.0,4693,26
3868,Con cobertura,34,2066.0,2542.0,4608,26
3869,Con cobertura,35,1958.0,2284.0,4242,26
3870,Con cobertura,36,1949.0,2287.0,4236,26
3871,Con cobertura,37,1934.0,1984.0,3918,26
3872,Con cobertura,38,1956.0,1934.0,3890,26
3873,Con cobertura,39,1824.0,2070.0,3894,26
3874,Con cobertura,40,1837.0,1996.0,3833,26
3875,Con cobertura,41,1718.0,1940.0,3658,26
3876,Con cobertura,42,1759.0,1598.0,3357,26
3877,Con cobertura,43,1717.0,1666.0,3383,26
3878,Con cobertura,44,1328.0,1586.0,2914,26
3879,Con cobertura,45,1405.0,1818.0,3223,26
3880,Con cobertura,46,1530.0,1905.0,3435,26
3881,Con cobertura,47,1828.0,1891.0,3719,26
3882,Con cobertura,48,1728.0,1811.0,3539,26
3883,Con cobertura,49,1716.0,1782.0,3498,26
3884,Con cobertura,50,1407.0,1499.0,2906,26
3885,Con cobertura,51,1429.0,1449.0,2878,26
3886,Con cobertura,52,1256.0,1516.0,2772,26
3887,Con cobertura,53,1279.0,1403.0,2682,26
3888,Con cobertura,54,1222.0,1678.0,2900,26
3889,Con cobertura,55,1389.0,1277.0,2666,26
3890,Con cobertura,56,1094.0,1381.0,2475,26
3891,Con cobertura,57,1128.0,1377.0,2505,26
3892,Con cobertura,58,1154.0,1261.0,2415,26
3893,Con cobertura,59,1065.0,1360.0,2425,26
3894,Con cobertura,60,1045.0,1288.0,2333,26
3895,Con cobertura,61,1028.0,1130.0,2158,26
3896,Con cobertura,62,1080.0,1373.0,2453,26
3897,Con cobertura,63,1009.0,1284.0,2293,26
3898,Con cobertura,64,843.0,1113.0,1956,26
3899,Con cobertura,65,883.0,1197.0,2080,26
3900,Con cobertura,66,964.0,984.0,1948,26
3901,Con cobertura,67,971.0,1260.0,2231,26
3902,Con cobertura,68,780.0,1169.0,1949,26
3903,Con cobertura,69,1038.0,1113.0,2151,26
3904,Con cobertura,70,903.0,1176.0,2079,26
3905,Con cobertura,71,756.0,756.0,1512,26
3906,Con cobertura,72,751.0,868.0,1619,26
3907,Con cobertura,73,709.0,892.0,1601,26
3908,Con cobertura,74,570.0,673.0,1243,26
3909,Con cobertura,75,684.0,1034.0,1718,26
3910,Con cobertura,76,555.0,592.0,1147,26
3911,Con cobertura,77,570.0,708.0,1278,26
3912,Con cobertura,78,456.0,500.0,956,26
3913,Con cobertura,79,298.0,558.0,856,26
3914,Con cobertura,80,351.0,482.0,833,26
3915,Con cobertura,81,298.0,608.0,906,26
3916,Con cobertura,82,333.0,509.0,842,26
3917,Con cobertura,83,265.0,474.0,739,26
3918,Con cobertura,84,240.0,462.0,702,26
3919,Con cobertura,85,163.0,352.0,515,26
3920,Con cobertura,86,153.0,355.0,508,26
3921,Con cobertura,87,157.0,317.0,474,26
3922,Con cobertura,88,116.0,204.0,320,26
3923,Con cobertura,89,79.0,179.0,258,26
3924,Con cobertura,90,67.0,158.0,225,26
3925,Con cobertura,91,79.0,78.0,157,26
3926,Con cobertura,92,56.0,54.0,110,26
3927,Con cobertura,93,41.0,57.0,98,26
3928,Con cobertura,94,19.0,73.0,92,26
3929,Con cobertura,95,18.0,23.0,41,26
3930,Con cobertura,96,12.0,9.0,21,26
3931,Con cobertura,97,5.0,24.0,29,26
3932,Con cobertura,98,2.0,8.0,10,26
3933,Con cobertura,99,10.0,35.0,45,26
3934,Con cobertura,100,1.0,4.0,5,26
3935,Con cobertura,101,0.0,1.0,1,26
3936,Con cobertura,102,0.0,1.0,1,26
3937,Con cobertura,107,1.0,11.0,12,26
3938,Con cobertura,108,1.0,0.0,1,26
3941,Con cobertura,0,742.0,459.0,1201,26
3942,Con cobertura,1,564.0,541.0,1105,26
3943,Con cobertura,2,577.0,518.0,1095,26
3944,Con cobertura,3,481.0,601.0,1082,26
3945,Con cobertura,4,579.0,541.0,1120,26
3946,Con cobertura,5,508.0,505.0,1013,26
3947,Con cobertura,6,424.0,559.0,983,26
3948,Con cobertura,7,463.0,463.0,926,26
3949,Con cobertura,8,545.0,526.0,1071,26
3950,Con cobertura,9,583.0,400.0,983,26
3951,Con cobertura,10,478.0,527.0,1005,26
3952,Con cobertura,11,401.0,581.0,982,26
3953,Con cobertura,12,363.0,424.0,787,26
3954,Con cobertura,13,518.0,483.0,1001,26
3955,Con cobertura,14,428.0,540.0,968,26
3956,Con cobertura,15,516.0,451.0,967,26
3957,Con cobertura,16,526.0,490.0,1016,26
3958,Con cobertura,17,402.0,431.0,833,26
3959,Con cobertura,18,390.0,399.0,789,26
3960,Con cobertura,19,494.0,428.0,922,26
3961,Con cobertura,20,433.0,469.0,902,26
3962,Con cobertura,21,336.0,319.0,655,26
3963,Con cobertura,22,360.0,384.0,744,26
3964,Con cobertura,23,340.0,344.0,684,26
3965,Con cobertura,24,471.0,422.0,893,26
3966,Con cobertura,25,630.0,501.0,1131,26
3967,Con cobertura,26,444.0,496.0,940,26
3968,Con cobertura,27,500.0,496.0,996,26
3969,Con cobertura,28,608.0,583.0,1191,26
3970,Con cobertura,29,583.0,536.0,1119,26
3971,Con cobertura,30,717.0,654.0,1371,26
3972,Con cobertura,31,558.0,609.0,1167,26
3973,Con cobertura,32,618.0,532.0,1150,26
3974,Con cobertura,33,628.0,516.0,1144,26
3975,Con cobertura,34,654.0,537.0,1191,26
3976,Con cobertura,35,607.0,694.0,1301,26
3977,Con cobertura,36,484.0,481.0,965,26
3978,Con cobertura,37,470.0,326.0,796,26
3979,Con cobertura,38,427.0,382.0,809,26
3980,Con cobertura,39,379.0,444.0,823,26
3981,Con cobertura,40,394.0,295.0,689,26
3982,Con cobertura,41,400.0,287.0,687,26
3983,Con cobertura,42,360.0,304.0,664,26
3984,Con cobertura,43,398.0,363.0,761,26
3985,Con cobertura,44,437.0,315.0,752,26
3986,Con cobertura,45,508.0,289.0,797,26
3987,Con cobertura,46,331.0,349.0,680,26
3988,Con cobertura,47,303.0,331.0,634,26
3989,Con cobertura,48,332.0,351.0,683,26
3990,Con cobertura,49,274.0,339.0,613,26
3991,Con cobertura,50,374.0,269.0,643,26
3992,Con cobertura,51,272.0,301.0,573,26
3993,Con cobertura,52,361.0,252.0,613,26
3994,Con cobertura,53,322.0,278.0,600,26
3995,Con cobertura,54,378.0,282.0,660,26
3996,Con cobertura,55,301.0,222.0,523,26
3997,Con cobertura,56,181.0,243.0,424,26
3998,Con cobertura,57,193.0,253.0,446,26
3999,Con cobertura,58,239.0,167.0,406,26
4000,Con cobertura,59,243.0,210.0,453,26
4001,Con cobertura,60,265.0,248.0,513,26
4002,Con cobertura,61,257.0,147.0,404,26
4003,Con cobertura,62,142.0,141.0,283,26
4004,Con cobertura,63,149.0,88.0,237,26
4005,Con cobertura,64,153.0,134.0,287,26
4006,Con cobertura,65,110.0,120.0,230,26
4007,Con cobertura,66,100.0,65.0,165,26
4008,Con cobertura,67,66.0,53.0,119,26
4009,Con cobertura,68,41.0,41.0,82,26
4010,Con cobertura,69,45.0,21.0,66,26
4011,Con cobertura,70,77.0,64.0,141,26
4012,Con cobertura,71,33.0,52.0,85,26
4013,Con cobertura,72,30.0,53.0,83,26
4014,Con cobertura,73,39.0,71.0,110,26
4015,Con cobertura,74,34.0,35.0,69,26
4016,Con cobertura,75,41.0,31.0,72,26
4017,Con cobertura,76,19.0,51.0,70,26
4018,Con cobertura,77,50.0,18.0,68,26
4019,Con cobertura,78,8.0,28.0,36,26
4020,Con cobertura,79,13.0,42.0,55,26
4021,Con cobertura,80,8.0,9.0,17,26
4022,Con cobertura,81,6.0,19.0,25,26
4023,Con cobertura,82,2.0,21.0,23,26
4024,Con cobertura,83,10.0,2.0,12,26
4025,Con cobertura,84,4.0,12.0,16,26
4026,Con cobertura,85,5.0,14.0,19,26
4027,Con cobertura,86,1.0,3.0,4,26
4028,Con cobertura,87,2.0,12.0,14,26
4029,Con cobertura,88,1.0,2.0,3,26
4030,Con cobertura,89,22.0,0.0,22,26
4031,Con cobertura,91,1.0,0.0,1,26
4032,Con cobertura,93,0.0,2.0,2,26
4033,Con cobertura,94,0.0,1.0,1,26
4034,Con cobertura,96,1.0,0.0,1,26
4037,Con cobertura,0,190.0,207.0,397,26
4038,Con cobertura,1,90.0,140.0,230,26
4039,Con cobertura,2,172.0,132.0,304,26
4040,Con cobertura,3,155.0,192.0,347,26
4041,Con cobertura,4,158.0,124.0,282,26
4042,Con cobertura,5,140.0,87.0,227,26
4043,Con cobertura,6,154.0,75.0,229,26
4044,Con cobertura,7,155.0,135.0,290,26
4045,Con cobertura,8,77.0,163.0,240,26
4046,Con cobertura,9,178.0,168.0,346,26
4047,Con cobertura,10,125.0,188.0,313,26
4048,Con cobertura,11,108.0,122.0,230,26
4049,Con cobertura,12,129.0,121.0,250,26
4050,Con cobertura,13,98.0,73.0,171,26
4051,Con cobertura,14,94.0,124.0,218,26
4052,Con cobertura,15,132.0,57.0,189,26
4053,Con cobertura,16,124.0,64.0,188,26
4054,Con cobertura,17,84.0,128.0,212,26
4055,Con cobertura,18,100.0,37.0,137,26
4056,Con cobertura,19,74.0,49.0,123,26
4057,Con cobertura,20,67.0,32.0,99,26
4058,Con cobertura,21,75.0,106.0,181,26
4059,Con cobertura,22,93.0,92.0,185,26
4060,Con cobertura,23,104.0,177.0,281,26
4061,Con cobertura,24,105.0,224.0,329,26
4062,Con cobertura,25,168.0,143.0,311,26
4063,Con cobertura,26,153.0,166.0,319,26
4064,Con cobertura,27,186.0,237.0,423,26
4065,Con cobertura,28,194.0,155.0,349,26
4066,Con cobertura,29,232.0,192.0,424,26
4067,Con cobertura,30,154.0,176.0,330,26
4068,Con cobertura,31,278.0,153.0,431,26
4069,Con cobertura,32,230.0,275.0,505,26
4070,Con cobertura,33,146.0,134.0,280,26
4071,Con cobertura,34,216.0,196.0,412,26
4072,Con cobertura,35,145.0,187.0,332,26
4073,Con cobertura,36,129.0,125.0,254,26
4074,Con cobertura,37,178.0,179.0,357,26
4075,Con cobertura,38,213.0,81.0,294,26
4076,Con cobertura,39,190.0,121.0,311,26
4077,Con cobertura,40,160.0,142.0,302,26
4078,Con cobertura,41,134.0,117.0,251,26
4079,Con cobertura,42,134.0,134.0,268,26
4080,Con cobertura,43,86.0,139.0,225,26
4081,Con cobertura,44,190.0,73.0,263,26
4082,Con cobertura,45,103.0,119.0,222,26
4083,Con cobertura,46,135.0,158.0,293,26
4084,Con cobertura,47,172.0,100.0,272,26
4085,Con cobertura,48,83.0,166.0,249,26
4086,Con cobertura,49,153.0,59.0,212,26
4087,Con cobertura,50,169.0,115.0,284,26
4088,Con cobertura,51,135.0,79.0,214,26
4089,Con cobertura,52,151.0,131.0,282,26
4090,Con cobertura,53,122.0,88.0,210,26
4091,Con cobertura,54,88.0,71.0,159,26
4092,Con cobertura,55,105.0,110.0,215,26
4093,Con cobertura,56,78.0,157.0,235,26
4094,Con cobertura,57,140.0,91.0,231,26
4095,Con cobertura,58,172.0,134.0,306,26
4096,Con cobertura,59,91.0,120.0,211,26
4097,Con cobertura,60,134.0,59.0,193,26
4098,Con cobertura,61,97.0,69.0,166,26
4099,Con cobertura,62,123.0,85.0,208,26
4100,Con cobertura,63,76.0,44.0,120,26
4101,Con cobertura,64,81.0,30.0,111,26
4102,Con cobertura,65,53.0,32.0,85,26
4103,Con cobertura,66,21.0,54.0,75,26
4104,Con cobertura,67,25.0,33.0,58,26
4105,Con cobertura,68,23.0,35.0,58,26
4106,Con cobertura,69,48.0,27.0,75,26
4107,Con cobertura,70,22.0,23.0,45,26
4108,Con cobertura,71,27.0,26.0,53,26
4109,Con cobertura,72,9.0,6.0,15,26
4110,Con cobertura,73,20.0,18.0,38,26
4111,Con cobertura,74,14.0,0.0,14,26
4112,Con cobertura,75,2.0,20.0,22,26
4113,Con cobertura,76,12.0,1.0,13,26
4114,Con cobertura,77,13.0,29.0,42,26
4115,Con cobertura,78,3.0,31.0,34,26
4116,Con cobertura,79,13.0,24.0,37,26
4117,Con cobertura,80,0.0,1.0,1,26
4118,Con cobertura,81,10.0,11.0,21,26
4119,Con cobertura,82,1.0,28.0,29,26
4120,Con cobertura,83,2.0,3.0,5,26
4121,Con cobertura,84,10.0,0.0,10,26
4122,Con cobertura,85,0.0,1.0,1,26
4123,Con cobertura,86,1.0,0.0,1,26
4124,Con cobertura,87,1.0,0.0,1,26
4125,Con cobertura,89,1.0,0.0,1,26
4126,Con cobertura,90,0.0,2.0,2,26
4127,Con cobertura,91,0.0,1.0,1,26
4130,Con cobertura,0,258.0,272.0,530,26
4131,Con cobertura,1,187.0,128.0,315,26
4132,Con cobertura,2,184.0,183.0,367,26
4133,Con cobertura,3,202.0,172.0,374,26
4134,Con cobertura,4,159.0,149.0,308,26
4135,Con cobertura,5,100.0,96.0,196,26
4136,Con cobertura,6,92.0,85.0,177,26
4137,Con cobertura,7,48.0,70.0,118,26
4138,Con cobertura,8,98.0,96.0,194,26
4139,Con cobertura,9,89.0,68.0,157,26
4140,Con cobertura,10,61.0,60.0,121,26
4141,Con cobertura,11,78.0,56.0,134,26
4142,Con cobertura,12,62.0,50.0,112,26
4143,Con cobertura,13,51.0,53.0,104,26
4144,Con cobertura,14,64.0,120.0,184,26
4145,Con cobertura,15,84.0,123.0,207,26
4146,Con cobertura,16,42.0,83.0,125,26
4147,Con cobertura,17,75.0,98.0,173,26
4148,Con cobertura,18,48.0,69.0,117,26
4149,Con cobertura,19,48.0,85.0,133,26
4150,Con cobertura,20,102.0,93.0,195,26
4151,Con cobertura,21,69.0,126.0,195,26
4152,Con cobertura,22,109.0,99.0,208,26
4153,Con cobertura,23,63.0,56.0,119,26
4154,Con cobertura,24,112.0,76.0,188,26
4155,Con cobertura,25,97.0,48.0,145,26
4156,Con cobertura,26,98.0,53.0,151,26
4157,Con cobertura,27,91.0,43.0,134,26
4158,Con cobertura,28,104.0,47.0,151,26
4159,Con cobertura,29,72.0,90.0,162,26
4160,Con cobertura,30,66.0,64.0,130,26
4161,Con cobertura,31,59.0,75.0,134,26
4162,Con cobertura,32,63.0,37.0,100,26
4163,Con cobertura,33,52.0,65.0,117,26
4164,Con cobertura,34,63.0,54.0,117,26
4165,Con cobertura,35,75.0,54.0,129,26
4166,Con cobertura,36,51.0,39.0,90,26
4167,Con cobertura,37,59.0,33.0,92,26
4168,Con cobertura,38,33.0,67.0,100,26
4169,Con cobertura,39,76.0,80.0,156,26
4170,Con cobertura,40,48.0,52.0,100,26
4171,Con cobertura,41,43.0,83.0,126,26
4172,Con cobertura,42,29.0,62.0,91,26
4173,Con cobertura,43,56.0,37.0,93,26
4174,Con cobertura,44,19.0,40.0,59,26
4175,Con cobertura,45,38.0,50.0,88,26
4176,Con cobertura,46,62.0,92.0,154,26
4177,Con cobertura,47,69.0,62.0,131,26
4178,Con cobertura,48,21.0,51.0,72,26
4179,Con cobertura,49,42.0,79.0,121,26
4180,Con cobertura,50,20.0,109.0,129,26
4181,Con cobertura,51,52.0,44.0,96,26
4182,Con cobertura,52,16.0,60.0,76,26
4183,Con cobertura,53,35.0,56.0,91,26
4184,Con cobertura,54,89.0,29.0,118,26
4185,Con cobertura,55,51.0,52.0,103,26
4186,Con cobertura,56,18.0,96.0,114,26
4187,Con cobertura,57,32.0,47.0,79,26
4188,Con cobertura,58,25.0,46.0,71,26
4189,Con cobertura,59,12.0,10.0,22,26
4190,Con cobertura,60,28.0,20.0,48,26
4191,Con cobertura,61,10.0,38.0,48,26
4192,Con cobertura,62,56.0,31.0,87,26
4193,Con cobertura,63,35.0,50.0,85,26
4194,Con cobertura,64,20.0,33.0,53,26
4195,Con cobertura,65,19.0,8.0,27,26
4196,Con cobertura,66,15.0,11.0,26,26
4197,Con cobertura,67,28.0,19.0,47,26
4198,Con cobertura,68,8.0,32.0,40,26
4199,Con cobertura,69,16.0,29.0,45,26
4200,Con cobertura,70,16.0,6.0,22,26
4201,Con cobertura,71,14.0,5.0,19,26
4202,Con cobertura,72,13.0,19.0,32,26
4203,Con cobertura,73,4.0,6.0,10,26
4204,Con cobertura,74,11.0,14.0,25,26
4205,Con cobertura,75,5.0,14.0,19,26
4206,Con cobertura,76,14.0,14.0,28,26
4207,Con cobertura,77,14.0,21.0,35,26
4208,Con cobertura,78,3.0,14.0,17,26
4209,Con cobertura,79,24.0,2.0,26,26
4210,Con cobertura,80,2.0,13.0,15,26
4211,Con cobertura,81,4.0,23.0,27,26
4212,Con cobertura,82,11.0,4.0,15,26
4213,Con cobertura,83,15.0,36.0,51,26
4214,Con cobertura,84,2.0,11.0,13,26
4215,Con cobertura,85,2.0,19.0,21,26
4216,Con cobertura,86,3.0,2.0,5,26
4217,Con cobertura,87,3.0,1.0,4,26
4218,Con cobertura,89,0.0,1.0,1,26
4219,Con cobertura,90,0.0,1.0,1,26
4220,Con cobertura,91,0.0,1.0,1,26
4221,Con cobertura,92,1.0,1.0,2,26
4222,Con cobertura,93,1.0,0.0,1,26
4223,Con cobertura,94,1.0,0.0,1,26
4224,Con cobertura,95,0.0,1.0,1,26
4225,Con cobertura,101,0.0,1.0,1,26
4228,Sin cobertura,0,1294.0,1452.0,2746,26
4229,Sin cobertura,1,1311.0,1282.0,2593,26
4230,Sin cobertura,2,1391.0,1315.0,2706,26
4231,Sin cobertura,3,1197.0,1175.0,2372,26
4232,Sin cobertura,4,1206.0,1286.0,2492,26
4233,Sin cobertura,5,1231.0,1098.0,2329,26
4234,Sin cobertura,6,1187.0,1126.0,2313,26
4235,Sin cobertura,7,1137.0,1140.0,2277,26
4236,Sin cobertura,8,1141.0,1267.0,2408,26
4237,Sin cobertura,9,1274.0,1095.0,2369,26
4238,Sin cobertura,10,1381.0,1420.0,2801,26
4239,Sin cobertura,11,1106.0,1090.0,2196,26
4240,Sin cobertura,12,1347.0,1383.0,2730,26
4241,Sin cobertura,13,1419.0,1329.0,2748,26
4242,Sin cobertura,14,1303.0,1250.0,2553,26
4243,Sin cobertura,15,1243.0,1356.0,2599,26
4244,Sin cobertura,16,1321.0,1348.0,2669,26
4245,Sin cobertura,17,1438.0,1348.0,2786,26
4246,Sin cobertura,18,1543.0,1254.0,2797,26
4247,Sin cobertura,19,1825.0,1587.0,3412,26
4248,Sin cobertura,20,1631.0,1449.0,3080,26
4249,Sin cobertura,21,2054.0,1616.0,3670,26
4250,Sin cobertura,22,1923.0,1830.0,3753,26
4251,Sin cobertura,23,1801.0,1749.0,3550,26
4252,Sin cobertura,24,1732.0,1759.0,3491,26
4253,Sin cobertura,25,1520.0,1538.0,3058,26
4254,Sin cobertura,26,1485.0,1306.0,2791,26
4255,Sin cobertura,27,1507.0,1217.0,2724,26
4256,Sin cobertura,28,1499.0,1427.0,2926,26
4257,Sin cobertura,29,1470.0,1173.0,2643,26
4258,Sin cobertura,30,1460.0,1272.0,2732,26
4259,Sin cobertura,31,1383.0,1173.0,2556,26
4260,Sin cobertura,32,1091.0,1105.0,2196,26
4261,Sin cobertura,33,1386.0,1037.0,2423,26
4262,Sin cobertura,34,1107.0,1022.0,2129,26
4263,Sin cobertura,35,1006.0,1113.0,2119,26
4264,Sin cobertura,36,1093.0,923.0,2016,26
4265,Sin cobertura,37,1047.0,796.0,1843,26
4266,Sin cobertura,38,962.0,809.0,1771,26
4267,Sin cobertura,39,960.0,785.0,1745,26
4268,Sin cobertura,40,829.0,713.0,1542,26
4269,Sin cobertura,41,632.0,816.0,1448,26
4270,Sin cobertura,42,846.0,692.0,1538,26
4271,Sin cobertura,43,767.0,586.0,1353,26
4272,Sin cobertura,44,802.0,670.0,1472,26
4273,Sin cobertura,45,794.0,616.0,1410,26
4274,Sin cobertura,46,762.0,647.0,1409,26
4275,Sin cobertura,47,618.0,647.0,1265,26
4276,Sin cobertura,48,621.0,599.0,1220,26
4277,Sin cobertura,49,767.0,537.0,1304,26
4278,Sin cobertura,50,882.0,633.0,1515,26
4279,Sin cobertura,51,734.0,580.0,1314,26
4280,Sin cobertura,52,607.0,531.0,1138,26
4281,Sin cobertura,53,784.0,646.0,1430,26
4282,Sin cobertura,54,685.0,538.0,1223,26
4283,Sin cobertura,55,767.0,511.0,1278,26
4284,Sin cobertura,56,650.0,541.0,1191,26
4285,Sin cobertura,57,607.0,499.0,1106,26
4286,Sin cobertura,58,573.0,488.0,1061,26
4287,Sin cobertura,59,568.0,402.0,970,26
4288,Sin cobertura,60,610.0,447.0,1057,26
4289,Sin cobertura,61,491.0,372.0,863,26
4290,Sin cobertura,62,477.0,208.0,685,26
4291,Sin cobertura,63,385.0,170.0,555,26
4292,Sin cobertura,64,381.0,159.0,540,26
4293,Sin cobertura,65,407.0,84.0,491,26
4294,Sin cobertura,66,181.0,94.0,275,26
4295,Sin cobertura,67,160.0,95.0,255,26
4296,Sin cobertura,68,176.0,97.0,273,26
4297,Sin cobertura,69,81.0,53.0,134,26
4298,Sin cobertura,70,128.0,115.0,243,26
4299,Sin cobertura,71,55.0,62.0,117,26
4300,Sin cobertura,72,61.0,57.0,118,26
4301,Sin cobertura,73,100.0,61.0,161,26
4302,Sin cobertura,74,86.0,30.0,116,26
4303,Sin cobertura,75,57.0,61.0,118,26
4304,Sin cobertura,76,44.0,52.0,96,26
4305,Sin cobertura,77,57.0,40.0,97,26
4306,Sin cobertura,78,44.0,42.0,86,26
4307,Sin cobertura,79,40.0,78.0,118,26
4308,Sin cobertura,80,37.0,46.0,83,26
4309,Sin cobertura,81,17.0,24.0,41,26
4310,Sin cobertura,82,17.0,51.0,68,26
4311,Sin cobertura,83,16.0,15.0,31,26
4312,Sin cobertura,84,24.0,25.0,49,26
4313,Sin cobertura,85,32.0,37.0,69,26
4314,Sin cobertura,86,10.0,28.0,38,26
4315,Sin cobertura,87,27.0,10.0,37,26
4316,Sin cobertura,88,24.0,16.0,40,26
4317,Sin cobertura,89,7.0,31.0,38,26
4318,Sin cobertura,90,3.0,45.0,48,26
4319,Sin cobertura,91,1.0,21.0,22,26
4320,Sin cobertura,92,1.0,2.0,3,26
4321,Sin cobertura,93,3.0,5.0,8,26
4322,Sin cobertura,94,9.0,2.0,11,26
4323,Sin cobertura,95,10.0,22.0,32,26
4324,Sin cobertura,96,0.0,10.0,10,26
4325,Sin cobertura,97,0.0,1.0,1,26
4326,Sin cobertura,98,1.0,10.0,11,26
4327,Sin cobertura,99,0.0,1.0,1,26
4328,Sin cobertura,100,0.0,1.0,1,26
4441,Con cobertura,0,4415.0,3955.0,8370,30
4442,Con cobertura,1,4252.0,4375.0,8627,30
4443,Con cobertura,2,4343.0,4362.0,8705,30
4444,Con cobertura,3,4519.0,4088.0,8607,30
4445,Con cobertura,4,4678.0,4388.0,9066,30
4446,Con cobertura,5,4732.0,4690.0,9422,30
4447,Con cobertura,6,4952.0,4941.0,9893,30
4448,Con cobertura,7,5195.0,4928.0,10123,30
4449,Con cobertura,8,4865.0,4892.0,9757,30
4450,Con cobertura,9,5110.0,4844.0,9954,30
4451,Con cobertura,10,5389.0,5460.0,10849,30
4452,Con cobertura,11,5384.0,5128.0,10512,30
4453,Con cobertura,12,5339.0,5342.0,10681,30
4454,Con cobertura,13,5310.0,5520.0,10830,30
4455,Con cobertura,14,5604.0,5653.0,11257,30
4456,Con cobertura,15,5455.0,5408.0,10863,30
4457,Con cobertura,16,5361.0,5304.0,10665,30
4458,Con cobertura,17,5405.0,5382.0,10787,30
4459,Con cobertura,18,5059.0,4733.0,9792,30
4460,Con cobertura,19,5038.0,4813.0,9851,30
4461,Con cobertura,20,4582.0,4595.0,9177,30
4462,Con cobertura,21,3957.0,3863.0,7820,30
4463,Con cobertura,22,3561.0,3607.0,7168,30
4464,Con cobertura,23,3738.0,3590.0,7328,30
4465,Con cobertura,24,3743.0,3967.0,7710,30
4466,Con cobertura,25,4044.0,3833.0,7877,30
4467,Con cobertura,26,3739.0,3720.0,7459,30
4468,Con cobertura,27,3684.0,4147.0,7831,30
4469,Con cobertura,28,4280.0,4531.0,8811,30
4470,Con cobertura,29,4250.0,4374.0,8624,30
4471,Con cobertura,30,4332.0,4813.0,9145,30
4472,Con cobertura,31,4466.0,4644.0,9110,30
4473,Con cobertura,32,4338.0,4586.0,8924,30
4474,Con cobertura,33,4361.0,4659.0,9020,30
4475,Con cobertura,34,3945.0,4178.0,8123,30
4476,Con cobertura,35,4048.0,4311.0,8359,30
4477,Con cobertura,36,3783.0,4134.0,7917,30
4478,Con cobertura,37,4088.0,4464.0,8552,30
4479,Con cobertura,38,4002.0,4316.0,8318,30
4480,Con cobertura,39,3763.0,4170.0,7933,30
4481,Con cobertura,40,3778.0,4338.0,8116,30
4482,Con cobertura,41,3199.0,3837.0,7036,30
4483,Con cobertura,42,3447.0,3981.0,7428,30
4484,Con cobertura,43,3431.0,3962.0,7393,30
4485,Con cobertura,44,3469.0,3559.0,7028,30
4486,Con cobertura,45,3802.0,4105.0,7907,30
4487,Con cobertura,46,3689.0,4221.0,7910,30
4488,Con cobertura,47,3470.0,4108.0,7578,30
4489,Con cobertura,48,3366.0,3775.0,7141,30
4490,Con cobertura,49,3239.0,3871.0,7110,30
4491,Con cobertura,50,3307.0,3865.0,7172,30
4492,Con cobertura,51,3198.0,3672.0,6870,30
4493,Con cobertura,52,3109.0,3451.0,6560,30
4494,Con cobertura,53,3244.0,3671.0,6915,30
4495,Con cobertura,54,2941.0,3725.0,6666,30
4496,Con cobertura,55,3253.0,3794.0,7047,30
4497,Con cobertura,56,3050.0,3469.0,6519,30
4498,Con cobertura,57,3037.0,3602.0,6639,30
4499,Con cobertura,58,2825.0,3389.0,6214,30
4500,Con cobertura,59,2677.0,3444.0,6121,30
4501,Con cobertura,60,2794.0,3736.0,6530,30
4502,Con cobertura,61,2689.0,4315.0,7004,30
4503,Con cobertura,62,2677.0,4323.0,7000,30
4504,Con cobertura,63,2635.0,4553.0,7188,30
4505,Con cobertura,64,2521.0,4310.0,6831,30
4506,Con cobertura,65,3094.0,4621.0,7715,30
4507,Con cobertura,66,3276.0,3986.0,7262,30
4508,Con cobertura,67,3252.0,3847.0,7099,30
4509,Con cobertura,68,3158.0,3969.0,7127,30
4510,Con cobertura,69,3086.0,3501.0,6587,30
4511,Con cobertura,70,3131.0,4174.0,7305,30
4512,Con cobertura,71,2670.0,3730.0,6400,30
4513,Con cobertura,72,2542.0,3342.0,5884,30
4514,Con cobertura,73,2256.0,3351.0,5607,30
4515,Con cobertura,74,2312.0,3046.0,5358,30
4516,Con cobertura,75,2064.0,3093.0,5157,30
4517,Con cobertura,76,1893.0,2704.0,4597,30
4518,Con cobertura,77,1816.0,2771.0,4587,30
4519,Con cobertura,78,1642.0,2910.0,4552,30
4520,Con cobertura,79,1562.0,2504.0,4066,30
4521,Con cobertura,80,1417.0,2504.0,3921,30
4522,Con cobertura,81,1088.0,2202.0,3290,30
4523,Con cobertura,82,984.0,2178.0,3162,30
4524,Con cobertura,83,829.0,1942.0,2771,30
4525,Con cobertura,84,717.0,1698.0,2415,30
4526,Con cobertura,85,671.0,1438.0,2109,30
4527,Con cobertura,86,507.0,1167.0,1674,30
4528,Con cobertura,87,378.0,1075.0,1453,30
4529,Con cobertura,88,371.0,881.0,1252,30
4530,Con cobertura,89,378.0,874.0,1252,30
4531,Con cobertura,90,237.0,743.0,980,30
4532,Con cobertura,91,183.0,578.0,761,30
4533,Con cobertura,92,183.0,380.0,563,30
4534,Con cobertura,93,77.0,334.0,411,30
4535,Con cobertura,94,71.0,192.0,263,30
4536,Con cobertura,95,40.0,181.0,221,30
4537,Con cobertura,96,34.0,157.0,191,30
4538,Con cobertura,97,18.0,100.0,118,30
4539,Con cobertura,98,13.0,55.0,68,30
4540,Con cobertura,99,8.0,50.0,58,30
4541,Con cobertura,100,6.0,45.0,51,30
4542,Con cobertura,101,6.0,23.0,29,30
4543,Con cobertura,102,2.0,4.0,6,30
4544,Con cobertura,104,0.0,4.0,4,30
4545,Con cobertura,105,0.0,2.0,2,30
4546,Con cobertura,110,0.0,1.0,1,30
4549,Con cobertura,0,585.0,555.0,1140,30
4550,Con cobertura,1,608.0,582.0,1190,30
4551,Con cobertura,2,609.0,637.0,1246,30
4552,Con cobertura,3,625.0,636.0,1261,30
4553,Con cobertura,4,617.0,649.0,1266,30
4554,Con cobertura,5,740.0,597.0,1337,30
4555,Con cobertura,6,797.0,660.0,1457,30
4556,Con cobertura,7,617.0,793.0,1410,30
4557,Con cobertura,8,743.0,675.0,1418,30
4558,Con cobertura,9,616.0,669.0,1285,30
4559,Con cobertura,10,617.0,725.0,1342,30
4560,Con cobertura,11,630.0,615.0,1245,30
4561,Con cobertura,12,689.0,638.0,1327,30
4562,Con cobertura,13,610.0,686.0,1296,30
4563,Con cobertura,14,712.0,624.0,1336,30
4564,Con cobertura,15,549.0,679.0,1228,30
4565,Con cobertura,16,651.0,554.0,1205,30
4566,Con cobertura,17,621.0,547.0,1168,30
4567,Con cobertura,18,609.0,592.0,1201,30
4568,Con cobertura,19,538.0,574.0,1112,30
4569,Con cobertura,20,577.0,631.0,1208,30
4570,Con cobertura,21,511.0,455.0,966,30
4571,Con cobertura,22,498.0,490.0,988,30
4572,Con cobertura,23,566.0,539.0,1105,30
4573,Con cobertura,24,515.0,540.0,1055,30
4574,Con cobertura,25,641.0,635.0,1276,30
4575,Con cobertura,26,570.0,612.0,1182,30
4576,Con cobertura,27,619.0,571.0,1190,30
4577,Con cobertura,28,604.0,620.0,1224,30
4578,Con cobertura,29,577.0,693.0,1270,30
4579,Con cobertura,30,769.0,670.0,1439,30
4580,Con cobertura,31,626.0,651.0,1277,30
4581,Con cobertura,32,718.0,654.0,1372,30
4582,Con cobertura,33,705.0,783.0,1488,30
4583,Con cobertura,34,666.0,692.0,1358,30
4584,Con cobertura,35,649.0,672.0,1321,30
4585,Con cobertura,36,568.0,592.0,1160,30
4586,Con cobertura,37,588.0,643.0,1231,30
4587,Con cobertura,38,632.0,651.0,1283,30
4588,Con cobertura,39,659.0,540.0,1199,30
4589,Con cobertura,40,691.0,664.0,1355,30
4590,Con cobertura,41,566.0,444.0,1010,30
4591,Con cobertura,42,582.0,517.0,1099,30
4592,Con cobertura,43,437.0,514.0,951,30
4593,Con cobertura,44,478.0,440.0,918,30
4594,Con cobertura,45,479.0,539.0,1018,30
4595,Con cobertura,46,504.0,504.0,1008,30
4596,Con cobertura,47,546.0,500.0,1046,30
4597,Con cobertura,48,468.0,466.0,934,30
4598,Con cobertura,49,544.0,524.0,1068,30
4599,Con cobertura,50,575.0,436.0,1011,30
4600,Con cobertura,51,434.0,384.0,818,30
4601,Con cobertura,52,446.0,417.0,863,30
4602,Con cobertura,53,496.0,464.0,960,30
4603,Con cobertura,54,397.0,493.0,890,30
4604,Con cobertura,55,416.0,411.0,827,30
4605,Con cobertura,56,331.0,399.0,730,30
4606,Con cobertura,57,479.0,419.0,898,30
4607,Con cobertura,58,335.0,278.0,613,30
4608,Con cobertura,59,349.0,304.0,653,30
4609,Con cobertura,60,418.0,328.0,746,30
4610,Con cobertura,61,331.0,220.0,551,30
4611,Con cobertura,62,308.0,190.0,498,30
4612,Con cobertura,63,310.0,147.0,457,30
4613,Con cobertura,64,260.0,146.0,406,30
4614,Con cobertura,65,257.0,120.0,377,30
4615,Con cobertura,66,131.0,81.0,212,30
4616,Con cobertura,67,128.0,74.0,202,30
4617,Con cobertura,68,116.0,106.0,222,30
4618,Con cobertura,69,45.0,48.0,93,30
4619,Con cobertura,70,47.0,102.0,149,30
4620,Con cobertura,71,53.0,66.0,119,30
4621,Con cobertura,72,43.0,76.0,119,30
4622,Con cobertura,73,81.0,69.0,150,30
4623,Con cobertura,74,52.0,59.0,111,30
4624,Con cobertura,75,30.0,42.0,72,30
4625,Con cobertura,76,22.0,42.0,64,30
4626,Con cobertura,77,15.0,64.0,79,30
4627,Con cobertura,78,51.0,66.0,117,30
4628,Con cobertura,79,30.0,49.0,79,30
4629,Con cobertura,80,54.0,27.0,81,30
4630,Con cobertura,81,24.0,26.0,50,30
4631,Con cobertura,82,17.0,33.0,50,30
4632,Con cobertura,83,4.0,43.0,47,30
4633,Con cobertura,84,18.0,10.0,28,30
4634,Con cobertura,85,18.0,20.0,38,30
4635,Con cobertura,86,4.0,8.0,12,30
4636,Con cobertura,87,13.0,14.0,27,30
4637,Con cobertura,88,21.0,9.0,30,30
4638,Con cobertura,89,13.0,16.0,29,30
4639,Con cobertura,90,2.0,11.0,13,30
4640,Con cobertura,91,2.0,1.0,3,30
4641,Con cobertura,92,0.0,18.0,18,30
4642,Con cobertura,93,0.0,2.0,2,30
4643,Con cobertura,94,1.0,1.0,2,30
4644,Con cobertura,95,1.0,1.0,2,30
4645,Con cobertura,96,0.0,2.0,2,30
4646,Con cobertura,101,1.0,0.0,1,30
4649,Con cobertura,0,348.0,285.0,633,30
4650,Con cobertura,1,465.0,318.0,783,30
4651,Con cobertura,2,406.0,377.0,783,30
4652,Con cobertura,3,286.0,286.0,572,30
4653,Con cobertura,4,358.0,397.0,755,30
4654,Con cobertura,5,412.0,315.0,727,30
4655,Con cobertura,6,334.0,320.0,654,30
4656,Con cobertura,7,354.0,324.0,678,30
4657,Con cobertura,8,386.0,358.0,744,30
4658,Con cobertura,9,395.0,349.0,744,30
4659,Con cobertura,10,441.0,332.0,773,30
4660,Con cobertura,11,414.0,369.0,783,30
4661,Con cobertura,12,309.0,408.0,717,30
4662,Con cobertura,13,327.0,327.0,654,30
4663,Con cobertura,14,408.0,322.0,730,30
4664,Con cobertura,15,341.0,350.0,691,30
4665,Con cobertura,16,371.0,275.0,646,30
4666,Con cobertura,17,331.0,263.0,594,30
4667,Con cobertura,18,311.0,350.0,661,30
4668,Con cobertura,19,330.0,358.0,688,30
4669,Con cobertura,20,329.0,307.0,636,30
4670,Con cobertura,21,387.0,348.0,735,30
4671,Con cobertura,22,320.0,381.0,701,30
4672,Con cobertura,23,321.0,314.0,635,30
4673,Con cobertura,24,303.0,355.0,658,30
4674,Con cobertura,25,365.0,295.0,660,30
4675,Con cobertura,26,352.0,364.0,716,30
4676,Con cobertura,27,325.0,489.0,814,30
4677,Con cobertura,28,417.0,392.0,809,30
4678,Con cobertura,29,378.0,497.0,875,30
4679,Con cobertura,30,397.0,422.0,819,30
4680,Con cobertura,31,395.0,516.0,911,30
4681,Con cobertura,32,486.0,414.0,900,30
4682,Con cobertura,33,389.0,419.0,808,30
4683,Con cobertura,34,348.0,476.0,824,30
4684,Con cobertura,35,462.0,393.0,855,30
4685,Con cobertura,36,424.0,329.0,753,30
4686,Con cobertura,37,403.0,381.0,784,30
4687,Con cobertura,38,417.0,404.0,821,30
4688,Con cobertura,39,325.0,373.0,698,30
4689,Con cobertura,40,430.0,320.0,750,30
4690,Con cobertura,41,334.0,292.0,626,30
4691,Con cobertura,42,375.0,336.0,711,30
4692,Con cobertura,43,292.0,304.0,596,30
4693,Con cobertura,44,275.0,333.0,608,30
4694,Con cobertura,45,407.0,283.0,690,30
4695,Con cobertura,46,326.0,371.0,697,30
4696,Con cobertura,47,352.0,367.0,719,30
4697,Con cobertura,48,342.0,368.0,710,30
4698,Con cobertura,49,350.0,374.0,724,30
4699,Con cobertura,50,337.0,323.0,660,30
4700,Con cobertura,51,376.0,346.0,722,30
4701,Con cobertura,52,362.0,369.0,731,30
4702,Con cobertura,53,325.0,434.0,759,30
4703,Con cobertura,54,349.0,431.0,780,30
4704,Con cobertura,55,381.0,346.0,727,30
4705,Con cobertura,56,347.0,302.0,649,30
4706,Con cobertura,57,349.0,317.0,666,30
4707,Con cobertura,58,337.0,326.0,663,30
4708,Con cobertura,59,372.0,327.0,699,30
4709,Con cobertura,60,334.0,265.0,599,30
4710,Con cobertura,61,305.0,191.0,496,30
4711,Con cobertura,62,261.0,105.0,366,30
4712,Con cobertura,63,252.0,100.0,352,30
4713,Con cobertura,64,262.0,110.0,372,30
4714,Con cobertura,65,167.0,85.0,252,30
4715,Con cobertura,66,71.0,76.0,147,30
4716,Con cobertura,67,80.0,74.0,154,30
4717,Con cobertura,68,46.0,100.0,146,30
4718,Con cobertura,69,75.0,33.0,108,30
4719,Con cobertura,70,34.0,65.0,99,30
4720,Con cobertura,71,93.0,64.0,157,30
4721,Con cobertura,72,26.0,26.0,52,30
4722,Con cobertura,73,35.0,46.0,81,30
4723,Con cobertura,74,49.0,30.0,79,30
4724,Con cobertura,75,46.0,14.0,60,30
4725,Con cobertura,76,44.0,28.0,72,30
4726,Con cobertura,77,25.0,30.0,55,30
4727,Con cobertura,78,7.0,32.0,39,30
4728,Con cobertura,79,37.0,10.0,47,30
4729,Con cobertura,80,11.0,16.0,27,30
4730,Con cobertura,81,7.0,14.0,21,30
4731,Con cobertura,82,11.0,17.0,28,30
4732,Con cobertura,83,6.0,10.0,16,30
4733,Con cobertura,84,3.0,25.0,28,30
4734,Con cobertura,85,2.0,13.0,15,30
4735,Con cobertura,86,3.0,13.0,16,30
4736,Con cobertura,87,11.0,14.0,25,30
4737,Con cobertura,88,3.0,2.0,5,30
4738,Con cobertura,89,5.0,6.0,11,30
4739,Con cobertura,90,1.0,7.0,8,30
4740,Con cobertura,91,8.0,8.0,16,30
4741,Con cobertura,93,0.0,1.0,1,30
4742,Con cobertura,94,1.0,0.0,1,30
4743,Con cobertura,95,1.0,1.0,2,30
4744,Con cobertura,97,1.0,1.0,2,30
4745,Con cobertura,98,0.0,1.0,1,30
4748,Con cobertura,0,437.0,359.0,796,30
4749,Con cobertura,1,324.0,391.0,715,30
4750,Con cobertura,2,412.0,376.0,788,30
4751,Con cobertura,3,336.0,367.0,703,30
4752,Con cobertura,4,295.0,282.0,577,30
4753,Con cobertura,5,331.0,242.0,573,30
4754,Con cobertura,6,245.0,229.0,474,30
4755,Con cobertura,7,105.0,164.0,269,30
4756,Con cobertura,8,195.0,241.0,436,30
4757,Con cobertura,9,124.0,153.0,277,30
4758,Con cobertura,10,162.0,150.0,312,30
4759,Con cobertura,11,147.0,146.0,293,30
4760,Con cobertura,12,165.0,186.0,351,30
4761,Con cobertura,13,159.0,155.0,314,30
4762,Con cobertura,14,124.0,131.0,255,30
4763,Con cobertura,15,171.0,193.0,364,30
4764,Con cobertura,16,145.0,155.0,300,30
4765,Con cobertura,17,113.0,156.0,269,30
4766,Con cobertura,18,111.0,167.0,278,30
4767,Con cobertura,19,147.0,150.0,297,30
4768,Con cobertura,20,124.0,130.0,254,30
4769,Con cobertura,21,74.0,149.0,223,30
4770,Con cobertura,22,60.0,59.0,119,30
4771,Con cobertura,23,95.0,128.0,223,30
4772,Con cobertura,24,89.0,179.0,268,30
4773,Con cobertura,25,102.0,109.0,211,30
4774,Con cobertura,26,40.0,87.0,127,30
4775,Con cobertura,27,90.0,137.0,227,30
4776,Con cobertura,28,94.0,159.0,253,30
4777,Con cobertura,29,82.0,129.0,211,30
4778,Con cobertura,30,104.0,141.0,245,30
4779,Con cobertura,31,57.0,120.0,177,30
4780,Con cobertura,32,111.0,118.0,229,30
4781,Con cobertura,33,135.0,140.0,275,30
4782,Con cobertura,34,56.0,105.0,161,30
4783,Con cobertura,35,80.0,120.0,200,30
4784,Con cobertura,36,64.0,101.0,165,30
4785,Con cobertura,37,44.0,116.0,160,30
4786,Con cobertura,38,71.0,105.0,176,30
4787,Con cobertura,39,40.0,120.0,160,30
4788,Con cobertura,40,73.0,174.0,247,30
4789,Con cobertura,41,72.0,111.0,183,30
4790,Con cobertura,42,76.0,90.0,166,30
4791,Con cobertura,43,58.0,136.0,194,30
4792,Con cobertura,44,58.0,126.0,184,30
4793,Con cobertura,45,63.0,133.0,196,30
4794,Con cobertura,46,60.0,122.0,182,30
4795,Con cobertura,47,99.0,109.0,208,30
4796,Con cobertura,48,104.0,125.0,229,30
4797,Con cobertura,49,111.0,144.0,255,30
4798,Con cobertura,50,84.0,137.0,221,30
4799,Con cobertura,51,73.0,103.0,176,30
4800,Con cobertura,52,76.0,150.0,226,30
4801,Con cobertura,53,72.0,175.0,247,30
4802,Con cobertura,54,84.0,144.0,228,30
4803,Con cobertura,55,110.0,101.0,211,30
4804,Con cobertura,56,77.0,140.0,217,30
4805,Con cobertura,57,100.0,119.0,219,30
4806,Con cobertura,58,78.0,106.0,184,30
4807,Con cobertura,59,107.0,84.0,191,30
4808,Con cobertura,60,85.0,110.0,195,30
4809,Con cobertura,61,83.0,86.0,169,30
4810,Con cobertura,62,90.0,59.0,149,30
4811,Con cobertura,63,57.0,72.0,129,30
4812,Con cobertura,64,51.0,49.0,100,30
4813,Con cobertura,65,66.0,26.0,92,30
4814,Con cobertura,66,23.0,61.0,84,30
4815,Con cobertura,67,21.0,24.0,45,30
4816,Con cobertura,68,22.0,26.0,48,30
4817,Con cobertura,69,12.0,14.0,26,30
4818,Con cobertura,70,17.0,11.0,28,30
4819,Con cobertura,71,23.0,17.0,40,30
4820,Con cobertura,72,37.0,41.0,78,30
4821,Con cobertura,73,8.0,28.0,36,30
4822,Con cobertura,74,36.0,24.0,60,30
4823,Con cobertura,75,6.0,12.0,18,30
4824,Con cobertura,76,8.0,17.0,25,30
4825,Con cobertura,77,7.0,18.0,25,30
4826,Con cobertura,78,14.0,12.0,26,30
4827,Con cobertura,79,5.0,8.0,13,30
4828,Con cobertura,80,3.0,37.0,40,30
4829,Con cobertura,81,2.0,9.0,11,30
4830,Con cobertura,82,2.0,13.0,15,30
4831,Con cobertura,83,12.0,19.0,31,30
4832,Con cobertura,84,2.0,16.0,18,30
4833,Con cobertura,85,2.0,4.0,6,30
4834,Con cobertura,86,3.0,12.0,15,30
4835,Con cobertura,87,15.0,3.0,18,30
4836,Con cobertura,88,3.0,3.0,6,30
4837,Con cobertura,89,12.0,13.0,25,30
4838,Con cobertura,90,0.0,2.0,2,30
4839,Con cobertura,91,11.0,1.0,12,30
4840,Con cobertura,93,0.0,1.0,1,30
4841,Con cobertura,94,0.0,2.0,2,30
4842,Con cobertura,95,1.0,2.0,3,30
4843,Con cobertura,99,0.0,1.0,1,30
4844,Con cobertura,104,0.0,1.0,1,30
4847,Sin cobertura,0,4818.0,4398.0,9216,30
4848,Sin cobertura,1,4425.0,4241.0,8666,30
4849,Sin cobertura,2,4651.0,4294.0,8945,30
4850,Sin cobertura,3,4152.0,3929.0,8081,30
4851,Sin cobertura,4,4407.0,4069.0,8476,30
4852,Sin cobertura,5,4218.0,4596.0,8814,30
4853,Sin cobertura,6,4723.0,4818.0,9541,30
4854,Sin cobertura,7,4701.0,4997.0,9698,30
4855,Sin cobertura,8,4638.0,4517.0,9155,30
4856,Sin cobertura,9,4980.0,4967.0,9947,30
4857,Sin cobertura,10,5174.0,5371.0,10545,30
4858,Sin cobertura,11,5027.0,4915.0,9942,30
4859,Sin cobertura,12,5156.0,4736.0,9892,30
4860,Sin cobertura,13,4895.0,4721.0,9616,30
4861,Sin cobertura,14,5646.0,5073.0,10719,30
4862,Sin cobertura,15,4991.0,4942.0,9933,30
4863,Sin cobertura,16,4866.0,4818.0,9684,30
4864,Sin cobertura,17,4954.0,4787.0,9741,30
4865,Sin cobertura,18,5102.0,4724.0,9826,30
4866,Sin cobertura,19,5388.0,5142.0,10530,30
4867,Sin cobertura,20,5032.0,4953.0,9985,30
4868,Sin cobertura,21,4972.0,4970.0,9942,30
4869,Sin cobertura,22,4929.0,4920.0,9849,30
4870,Sin cobertura,23,4707.0,4570.0,9277,30
4871,Sin cobertura,24,4567.0,4759.0,9326,30
4872,Sin cobertura,25,4435.0,4298.0,8733,30
4873,Sin cobertura,26,4466.0,3936.0,8402,30
4874,Sin cobertura,27,4165.0,3920.0,8085,30
4875,Sin cobertura,28,4319.0,4011.0,8330,30
4876,Sin cobertura,29,4127.0,3628.0,7755,30
4877,Sin cobertura,30,4056.0,3738.0,7794,30
4878,Sin cobertura,31,3697.0,3428.0,7125,30
4879,Sin cobertura,32,3488.0,3441.0,6929,30
4880,Sin cobertura,33,3424.0,3097.0,6521,30
4881,Sin cobertura,34,3192.0,2807.0,5999,30
4882,Sin cobertura,35,3319.0,2970.0,6289,30
4883,Sin cobertura,36,3039.0,2882.0,5921,30
4884,Sin cobertura,37,3059.0,2596.0,5655,30
4885,Sin cobertura,38,2841.0,2679.0,5520,30
4886,Sin cobertura,39,2626.0,2374.0,5000,30
4887,Sin cobertura,40,2695.0,2363.0,5058,30
4888,Sin cobertura,41,2270.0,2190.0,4460,30
4889,Sin cobertura,42,2248.0,2158.0,4406,30
4890,Sin cobertura,43,2363.0,2162.0,4525,30
4891,Sin cobertura,44,2330.0,2198.0,4528,30
4892,Sin cobertura,45,2525.0,2126.0,4651,30
4893,Sin cobertura,46,2477.0,2060.0,4537,30
4894,Sin cobertura,47,2410.0,2056.0,4466,30
4895,Sin cobertura,48,2326.0,2021.0,4347,30
4896,Sin cobertura,49,2236.0,1968.0,4204,30
4897,Sin cobertura,50,2392.0,1918.0,4310,30
4898,Sin cobertura,51,1855.0,1771.0,3626,30
4899,Sin cobertura,52,1833.0,1879.0,3712,30
4900,Sin cobertura,53,2189.0,1737.0,3926,30
4901,Sin cobertura,54,1998.0,1747.0,3745,30
4902,Sin cobertura,55,2079.0,1709.0,3788,30
4903,Sin cobertura,56,1839.0,1588.0,3427,30
4904,Sin cobertura,57,1823.0,1575.0,3398,30
4905,Sin cobertura,58,1780.0,1515.0,3295,30
4906,Sin cobertura,59,1680.0,1386.0,3066,30
4907,Sin cobertura,60,1739.0,1309.0,3048,30
4908,Sin cobertura,61,1573.0,786.0,2359,30
4909,Sin cobertura,62,1489.0,551.0,2040,30
4910,Sin cobertura,63,1373.0,441.0,1814,30
4911,Sin cobertura,64,1244.0,257.0,1501,30
4912,Sin cobertura,65,943.0,194.0,1137,30
4913,Sin cobertura,66,374.0,190.0,564,30
4914,Sin cobertura,67,266.0,113.0,379,30
4915,Sin cobertura,68,237.0,104.0,341,30
4916,Sin cobertura,69,173.0,112.0,285,30
4917,Sin cobertura,70,186.0,167.0,353,30
4918,Sin cobertura,71,98.0,148.0,246,30
4919,Sin cobertura,72,89.0,117.0,206,30
4920,Sin cobertura,73,76.0,79.0,155,30
4921,Sin cobertura,74,103.0,157.0,260,30
4922,Sin cobertura,75,84.0,167.0,251,30
4923,Sin cobertura,76,59.0,78.0,137,30
4924,Sin cobertura,77,49.0,89.0,138,30
4925,Sin cobertura,78,52.0,67.0,119,30
4926,Sin cobertura,79,46.0,102.0,148,30
4927,Sin cobertura,80,89.0,95.0,184,30
4928,Sin cobertura,81,49.0,44.0,93,30
4929,Sin cobertura,82,40.0,78.0,118,30
4930,Sin cobertura,83,30.0,96.0,126,30
4931,Sin cobertura,84,28.0,58.0,86,30
4932,Sin cobertura,85,23.0,66.0,89,30
4933,Sin cobertura,86,9.0,33.0,42,30
4934,Sin cobertura,87,14.0,34.0,48,30
4935,Sin cobertura,88,11.0,30.0,41,30
4936,Sin cobertura,89,5.0,40.0,45,30
4937,Sin cobertura,90,7.0,12.0,19,30
4938,Sin cobertura,91,10.0,14.0,24,30
4939,Sin cobertura,92,3.0,20.0,23,30
4940,Sin cobertura,93,13.0,6.0,19,30
4941,Sin cobertura,94,2.0,7.0,9,30
4942,Sin cobertura,95,3.0,5.0,8,30
4943,Sin cobertura,96,11.0,4.0,15,30
4944,Sin cobertura,97,0.0,1.0,1,30
4945,Sin cobertura,98,0.0,1.0,1,30
4946,Sin cobertura,99,0.0,2.0,2,30
4947,Sin cobertura,100,0.0,8.0,8,30
4948,Sin cobertura,101,0.0,1.0,1,30
4949,Sin cobertura,104,1.0,0.0,1,30
4950,Sin cobertura,109,0.0,1.0,1,30
5065,Con cobertura,0,1164.0,1008.0,2172,34
5066,Con cobertura,1,1243.0,1173.0,2416,34
5067,Con cobertura,2,1183.0,1228.0,2411,34
5068,Con cobertura,3,1160.0,1086.0,2246,34
5069,Con cobertura,4,1216.0,1186.0,2402,34
5070,Con cobertura,5,1454.0,1180.0,2634,34
5071,Con cobertura,6,1365.0,1348.0,2713,34
5072,Con cobertura,7,1388.0,1486.0,2874,34
5073,Con cobertura,8,1327.0,1417.0,2744,34
5074,Con cobertura,9,1590.0,1594.0,3184,34
5075,Con cobertura,10,1565.0,1495.0,3060,34
5076,Con cobertura,11,1750.0,1609.0,3359,34
5077,Con cobertura,12,1635.0,1479.0,3114,34
5078,Con cobertura,13,1733.0,1663.0,3396,34
5079,Con cobertura,14,1991.0,1802.0,3793,34
5080,Con cobertura,15,1818.0,2201.0,4019,34
5081,Con cobertura,16,1948.0,1907.0,3855,34
5082,Con cobertura,17,1780.0,1773.0,3553,34
5083,Con cobertura,18,1614.0,1917.0,3531,34
5084,Con cobertura,19,1539.0,1508.0,3047,34
5085,Con cobertura,20,1276.0,1344.0,2620,34
5086,Con cobertura,21,796.0,844.0,1640,34
5087,Con cobertura,22,802.0,843.0,1645,34
5088,Con cobertura,23,775.0,869.0,1644,34
5089,Con cobertura,24,786.0,966.0,1752,34
5090,Con cobertura,25,891.0,960.0,1851,34
5091,Con cobertura,26,865.0,815.0,1680,34
5092,Con cobertura,27,784.0,955.0,1739,34
5093,Con cobertura,28,950.0,941.0,1891,34
5094,Con cobertura,29,973.0,1111.0,2084,34
5095,Con cobertura,30,1071.0,1374.0,2445,34
5096,Con cobertura,31,1065.0,1302.0,2367,34
5097,Con cobertura,32,1062.0,1145.0,2207,34
5098,Con cobertura,33,1071.0,1217.0,2288,34
5099,Con cobertura,34,1105.0,1064.0,2169,34
5100,Con cobertura,35,916.0,1242.0,2158,34
5101,Con cobertura,36,878.0,1155.0,2033,34
5102,Con cobertura,37,930.0,1105.0,2035,34
5103,Con cobertura,38,1031.0,1177.0,2208,34
5104,Con cobertura,39,952.0,1205.0,2157,34
5105,Con cobertura,40,944.0,1359.0,2303,34
5106,Con cobertura,41,971.0,1104.0,2075,34
5107,Con cobertura,42,933.0,1320.0,2253,34
5108,Con cobertura,43,1138.0,1167.0,2305,34
5109,Con cobertura,44,1267.0,1351.0,2618,34
5110,Con cobertura,45,995.0,1348.0,2343,34
5111,Con cobertura,46,1152.0,1323.0,2475,34
5112,Con cobertura,47,1140.0,1191.0,2331,34
5113,Con cobertura,48,1237.0,1384.0,2621,34
5114,Con cobertura,49,1030.0,1199.0,2229,34
5115,Con cobertura,50,1241.0,1359.0,2600,34
5116,Con cobertura,51,963.0,1311.0,2274,34
5117,Con cobertura,52,1192.0,1132.0,2324,34
5118,Con cobertura,53,1206.0,1297.0,2503,34
5119,Con cobertura,54,964.0,1199.0,2163,34
5120,Con cobertura,55,1048.0,1009.0,2057,34
5121,Con cobertura,56,880.0,1005.0,1885,34
5122,Con cobertura,57,947.0,1146.0,2093,34
5123,Con cobertura,58,804.0,1091.0,1895,34
5124,Con cobertura,59,1032.0,881.0,1913,34
5125,Con cobertura,60,737.0,1096.0,1833,34
5126,Con cobertura,61,617.0,1025.0,1642,34
5127,Con cobertura,62,767.0,873.0,1640,34
5128,Con cobertura,63,719.0,940.0,1659,34
5129,Con cobertura,64,636.0,1009.0,1645,34
5130,Con cobertura,65,874.0,1178.0,2052,34
5131,Con cobertura,66,885.0,1277.0,2162,34
5132,Con cobertura,67,867.0,1064.0,1931,34
5133,Con cobertura,68,837.0,1098.0,1935,34
5134,Con cobertura,69,885.0,770.0,1655,34
5135,Con cobertura,70,1059.0,1142.0,2201,34
5136,Con cobertura,71,683.0,838.0,1521,34
5137,Con cobertura,72,727.0,835.0,1562,34
5138,Con cobertura,73,756.0,856.0,1612,34
5139,Con cobertura,74,739.0,711.0,1450,34
5140,Con cobertura,75,579.0,792.0,1371,34
5141,Con cobertura,76,548.0,673.0,1221,34
5142,Con cobertura,77,543.0,613.0,1156,34
5143,Con cobertura,78,550.0,581.0,1131,34
5144,Con cobertura,79,494.0,610.0,1104,34
5145,Con cobertura,80,319.0,565.0,884,34
5146,Con cobertura,81,294.0,383.0,677,34
5147,Con cobertura,82,243.0,383.0,626,34
5148,Con cobertura,83,177.0,375.0,552,34
5149,Con cobertura,84,263.0,367.0,630,34
5150,Con cobertura,85,128.0,239.0,367,34
5151,Con cobertura,86,165.0,187.0,352,34
5152,Con cobertura,87,77.0,124.0,201,34
5153,Con cobertura,88,117.0,192.0,309,34
5154,Con cobertura,89,58.0,114.0,172,34
5155,Con cobertura,90,56.0,97.0,153,34
5156,Con cobertura,91,48.0,114.0,162,34
5157,Con cobertura,92,54.0,73.0,127,34
5158,Con cobertura,93,30.0,37.0,67,34
5159,Con cobertura,94,27.0,18.0,45,34
5160,Con cobertura,95,21.0,22.0,43,34
5161,Con cobertura,96,5.0,25.0,30,34
5162,Con cobertura,97,7.0,3.0,10,34
5163,Con cobertura,98,1.0,7.0,8,34
5164,Con cobertura,99,0.0,28.0,28,34
5165,Con cobertura,100,4.0,4.0,8,34
5166,Con cobertura,102,0.0,1.0,1,34
5167,Con cobertura,110,0.0,1.0,1,34
5170,Con cobertura,0,146.0,160.0,306,34
5171,Con cobertura,1,121.0,115.0,236,34
5172,Con cobertura,2,212.0,94.0,306,34
5173,Con cobertura,3,167.0,160.0,327,34
5174,Con cobertura,4,179.0,177.0,356,34
5175,Con cobertura,5,159.0,150.0,309,34
5176,Con cobertura,6,274.0,183.0,457,34
5177,Con cobertura,7,181.0,164.0,345,34
5178,Con cobertura,8,137.0,263.0,400,34
5179,Con cobertura,9,208.0,222.0,430,34
5180,Con cobertura,10,223.0,246.0,469,34
5181,Con cobertura,11,312.0,142.0,454,34
5182,Con cobertura,12,238.0,249.0,487,34
5183,Con cobertura,13,205.0,232.0,437,34
5184,Con cobertura,14,216.0,263.0,479,34
5185,Con cobertura,15,315.0,271.0,586,34
5186,Con cobertura,16,216.0,201.0,417,34
5187,Con cobertura,17,270.0,188.0,458,34
5188,Con cobertura,18,235.0,174.0,409,34
5189,Con cobertura,19,127.0,206.0,333,34
5190,Con cobertura,20,200.0,165.0,365,34
5191,Con cobertura,21,145.0,119.0,264,34
5192,Con cobertura,22,106.0,140.0,246,34
5193,Con cobertura,23,89.0,101.0,190,34
5194,Con cobertura,24,108.0,154.0,262,34
5195,Con cobertura,25,158.0,142.0,300,34
5196,Con cobertura,26,136.0,147.0,283,34
5197,Con cobertura,27,197.0,200.0,397,34
5198,Con cobertura,28,159.0,115.0,274,34
5199,Con cobertura,29,174.0,129.0,303,34
5200,Con cobertura,30,141.0,245.0,386,34
5201,Con cobertura,31,184.0,173.0,357,34
5202,Con cobertura,32,119.0,158.0,277,34
5203,Con cobertura,33,157.0,146.0,303,34
5204,Con cobertura,34,98.0,194.0,292,34
5205,Con cobertura,35,215.0,181.0,396,34
5206,Con cobertura,36,180.0,168.0,348,34
5207,Con cobertura,37,196.0,195.0,391,34
5208,Con cobertura,38,140.0,138.0,278,34
5209,Con cobertura,39,105.0,149.0,254,34
5210,Con cobertura,40,126.0,119.0,245,34
5211,Con cobertura,41,109.0,103.0,212,34
5212,Con cobertura,42,190.0,157.0,347,34
5213,Con cobertura,43,159.0,143.0,302,34
5214,Con cobertura,44,168.0,138.0,306,34
5215,Con cobertura,45,169.0,189.0,358,34
5216,Con cobertura,46,120.0,119.0,239,34
5217,Con cobertura,47,194.0,119.0,313,34
5218,Con cobertura,48,157.0,163.0,320,34
5219,Con cobertura,49,131.0,102.0,233,34
5220,Con cobertura,50,126.0,108.0,234,34
5221,Con cobertura,51,113.0,130.0,243,34
5222,Con cobertura,52,138.0,130.0,268,34
5223,Con cobertura,53,129.0,73.0,202,34
5224,Con cobertura,54,116.0,123.0,239,34
5225,Con cobertura,55,151.0,185.0,336,34
5226,Con cobertura,56,115.0,65.0,180,34
5227,Con cobertura,57,70.0,83.0,153,34
5228,Con cobertura,58,84.0,76.0,160,34
5229,Con cobertura,59,99.0,64.0,163,34
5230,Con cobertura,60,116.0,74.0,190,34
5231,Con cobertura,61,134.0,47.0,181,34
5232,Con cobertura,62,102.0,53.0,155,34
5233,Con cobertura,63,30.0,63.0,93,34
5234,Con cobertura,64,79.0,30.0,109,34
5235,Con cobertura,65,52.0,28.0,80,34
5236,Con cobertura,66,48.0,20.0,68,34
5237,Con cobertura,67,59.0,7.0,66,34
5238,Con cobertura,68,14.0,31.0,45,34
5239,Con cobertura,69,20.0,32.0,52,34
5240,Con cobertura,70,33.0,40.0,73,34
5241,Con cobertura,71,14.0,6.0,20,34
5242,Con cobertura,72,20.0,27.0,47,34
5243,Con cobertura,73,19.0,7.0,26,34
5244,Con cobertura,74,47.0,5.0,52,34
5245,Con cobertura,75,16.0,19.0,35,34
5246,Con cobertura,76,25.0,36.0,61,34
5247,Con cobertura,77,38.0,17.0,55,34
5248,Con cobertura,78,7.0,3.0,10,34
5249,Con cobertura,79,2.0,2.0,4,34
5250,Con cobertura,80,3.0,11.0,14,34
5251,Con cobertura,81,13.0,1.0,14,34
5252,Con cobertura,82,1.0,3.0,4,34
5253,Con cobertura,83,3.0,0.0,3,34
5254,Con cobertura,84,3.0,1.0,4,34
5255,Con cobertura,85,0.0,2.0,2,34
5256,Con cobertura,86,10.0,0.0,10,34
5257,Con cobertura,87,2.0,1.0,3,34
5258,Con cobertura,88,2.0,1.0,3,34
5259,Con cobertura,89,3.0,0.0,3,34
5260,Con cobertura,90,2.0,0.0,2,34
5261,Con cobertura,91,1.0,0.0,1,34
5262,Con cobertura,94,1.0,0.0,1,34
5263,Con cobertura,95,1.0,0.0,1,34
5264,Con cobertura,96,0.0,1.0,1,34
5267,Con cobertura,0,31.0,53.0,84,34
5268,Con cobertura,1,63.0,25.0,88,34
5269,Con cobertura,2,99.0,69.0,168,34
5270,Con cobertura,3,59.0,58.0,117,34
5271,Con cobertura,4,53.0,37.0,90,34
5272,Con cobertura,5,55.0,20.0,75,34
5273,Con cobertura,6,37.0,54.0,91,34
5274,Con cobertura,7,55.0,40.0,95,34
5275,Con cobertura,8,49.0,28.0,77,34
5276,Con cobertura,9,46.0,48.0,94,34
5277,Con cobertura,10,27.0,21.0,48,34
5278,Con cobertura,11,63.0,38.0,101,34
5279,Con cobertura,12,71.0,21.0,92,34
5280,Con cobertura,13,43.0,41.0,84,34
5281,Con cobertura,14,31.0,57.0,88,34
5282,Con cobertura,15,58.0,53.0,111,34
5283,Con cobertura,16,21.0,26.0,47,34
5284,Con cobertura,17,38.0,62.0,100,34
5285,Con cobertura,18,43.0,38.0,81,34
5286,Con cobertura,19,53.0,37.0,90,34
5287,Con cobertura,20,47.0,37.0,84,34
5288,Con cobertura,21,33.0,11.0,44,34
5289,Con cobertura,22,47.0,43.0,90,34
5290,Con cobertura,23,28.0,43.0,71,34
5291,Con cobertura,24,50.0,56.0,106,34
5292,Con cobertura,25,49.0,76.0,125,34
5293,Con cobertura,26,21.0,18.0,39,34
5294,Con cobertura,27,67.0,31.0,98,34
5295,Con cobertura,28,77.0,50.0,127,34
5296,Con cobertura,29,57.0,52.0,109,34
5297,Con cobertura,30,49.0,60.0,109,34
5298,Con cobertura,31,93.0,56.0,149,34
5299,Con cobertura,32,79.0,101.0,180,34
5300,Con cobertura,33,74.0,99.0,173,34
5301,Con cobertura,34,55.0,47.0,102,34
5302,Con cobertura,35,59.0,57.0,116,34
5303,Con cobertura,36,39.0,61.0,100,34
5304,Con cobertura,37,47.0,36.0,83,34
5305,Con cobertura,38,75.0,43.0,118,34
5306,Con cobertura,39,24.0,59.0,83,34
5307,Con cobertura,40,66.0,29.0,95,34
5308,Con cobertura,41,75.0,63.0,138,34
5309,Con cobertura,42,27.0,51.0,78,34
5310,Con cobertura,43,18.0,40.0,58,34
5311,Con cobertura,44,40.0,28.0,68,34
5312,Con cobertura,45,34.0,47.0,81,34
5313,Con cobertura,46,59.0,46.0,105,34
5314,Con cobertura,47,61.0,39.0,100,34
5315,Con cobertura,48,38.0,17.0,55,34
5316,Con cobertura,49,32.0,18.0,50,34
5317,Con cobertura,50,20.0,39.0,59,34
5318,Con cobertura,51,58.0,37.0,95,34
5319,Con cobertura,52,21.0,32.0,53,34
5320,Con cobertura,53,8.0,17.0,25,34
5321,Con cobertura,54,22.0,4.0,26,34
5322,Con cobertura,55,46.0,19.0,65,34
5323,Con cobertura,56,42.0,15.0,57,34
5324,Con cobertura,57,24.0,39.0,63,34
5325,Con cobertura,58,19.0,9.0,28,34
5326,Con cobertura,59,36.0,7.0,43,34
5327,Con cobertura,60,18.0,22.0,40,34
5328,Con cobertura,61,39.0,14.0,53,34
5329,Con cobertura,62,31.0,23.0,54,34
5330,Con cobertura,63,18.0,20.0,38,34
5331,Con cobertura,64,15.0,1.0,16,34
5332,Con cobertura,65,18.0,0.0,18,34
5333,Con cobertura,66,10.0,9.0,19,34
5334,Con cobertura,67,3.0,2.0,5,34
5335,Con cobertura,68,13.0,0.0,13,34
5336,Con cobertura,69,1.0,22.0,23,34
5337,Con cobertura,70,1.0,10.0,11,34
5338,Con cobertura,71,2.0,1.0,3,34
5339,Con cobertura,72,2.0,1.0,3,34
5340,Con cobertura,73,8.0,0.0,8,34
5341,Con cobertura,74,0.0,1.0,1,34
5342,Con cobertura,75,4.0,0.0,4,34
5343,Con cobertura,77,0.0,11.0,11,34
5344,Con cobertura,79,0.0,1.0,1,34
5345,Con cobertura,80,1.0,0.0,1,34
5346,Con cobertura,81,1.0,0.0,1,34
5347,Con cobertura,82,0.0,1.0,1,34
5348,Con cobertura,85,10.0,0.0,10,34
5349,Con cobertura,88,0.0,10.0,10,34
5352,Con cobertura,0,141.0,104.0,245,34
5353,Con cobertura,1,191.0,189.0,380,34
5354,Con cobertura,2,175.0,138.0,313,34
5355,Con cobertura,3,158.0,101.0,259,34
5356,Con cobertura,4,183.0,171.0,354,34
5357,Con cobertura,5,184.0,165.0,349,34
5358,Con cobertura,6,218.0,246.0,464,34
5359,Con cobertura,7,221.0,145.0,366,34
5360,Con cobertura,8,169.0,227.0,396,34
5361,Con cobertura,9,223.0,176.0,399,34
5362,Con cobertura,10,240.0,217.0,457,34
5363,Con cobertura,11,206.0,162.0,368,34
5364,Con cobertura,12,201.0,230.0,431,34
5365,Con cobertura,13,212.0,235.0,447,34
5366,Con cobertura,14,248.0,194.0,442,34
5367,Con cobertura,15,192.0,223.0,415,34
5368,Con cobertura,16,250.0,148.0,398,34
5369,Con cobertura,17,231.0,205.0,436,34
5370,Con cobertura,18,111.0,160.0,271,34
5371,Con cobertura,19,125.0,146.0,271,34
5372,Con cobertura,20,113.0,135.0,248,34
5373,Con cobertura,21,97.0,118.0,215,34
5374,Con cobertura,22,69.0,68.0,137,34
5375,Con cobertura,23,74.0,148.0,222,34
5376,Con cobertura,24,85.0,118.0,203,34
5377,Con cobertura,25,67.0,140.0,207,34
5378,Con cobertura,26,68.0,112.0,180,34
5379,Con cobertura,27,81.0,130.0,211,34
5380,Con cobertura,28,117.0,133.0,250,34
5381,Con cobertura,29,90.0,110.0,200,34
5382,Con cobertura,30,98.0,91.0,189,34
5383,Con cobertura,31,84.0,116.0,200,34
5384,Con cobertura,32,70.0,130.0,200,34
5385,Con cobertura,33,87.0,94.0,181,34
5386,Con cobertura,34,70.0,133.0,203,34
5387,Con cobertura,35,66.0,178.0,244,34
5388,Con cobertura,36,76.0,105.0,181,34
5389,Con cobertura,37,91.0,110.0,201,34
5390,Con cobertura,38,91.0,98.0,189,34
5391,Con cobertura,39,180.0,158.0,338,34
5392,Con cobertura,40,85.0,184.0,269,34
5393,Con cobertura,41,93.0,158.0,251,34
5394,Con cobertura,42,55.0,147.0,202,34
5395,Con cobertura,43,67.0,69.0,136,34
5396,Con cobertura,44,84.0,156.0,240,34
5397,Con cobertura,45,99.0,142.0,241,34
5398,Con cobertura,46,105.0,146.0,251,34
5399,Con cobertura,47,63.0,151.0,214,34
5400,Con cobertura,48,64.0,115.0,179,34
5401,Con cobertura,49,121.0,122.0,243,34
5402,Con cobertura,50,78.0,158.0,236,34
5403,Con cobertura,51,84.0,198.0,282,34
5404,Con cobertura,52,111.0,131.0,242,34
5405,Con cobertura,53,114.0,245.0,359,34
5406,Con cobertura,54,139.0,136.0,275,34
5407,Con cobertura,55,87.0,131.0,218,34
5408,Con cobertura,56,93.0,152.0,245,34
5409,Con cobertura,57,90.0,156.0,246,34
5410,Con cobertura,58,100.0,154.0,254,34
5411,Con cobertura,59,90.0,125.0,215,34
5412,Con cobertura,60,93.0,102.0,195,34
5413,Con cobertura,61,89.0,98.0,187,34
5414,Con cobertura,62,51.0,52.0,103,34
5415,Con cobertura,63,108.0,89.0,197,34
5416,Con cobertura,64,90.0,48.0,138,34
5417,Con cobertura,65,38.0,35.0,73,34
5418,Con cobertura,66,38.0,65.0,103,34
5419,Con cobertura,67,36.0,47.0,83,34
5420,Con cobertura,68,41.0,18.0,59,34
5421,Con cobertura,69,47.0,32.0,79,34
5422,Con cobertura,70,36.0,32.0,68,34
5423,Con cobertura,71,19.0,21.0,40,34
5424,Con cobertura,72,19.0,27.0,46,34
5425,Con cobertura,73,35.0,37.0,72,34
5426,Con cobertura,74,14.0,24.0,38,34
5427,Con cobertura,75,6.0,10.0,16,34
5428,Con cobertura,76,18.0,22.0,40,34
5429,Con cobertura,77,15.0,35.0,50,34
5430,Con cobertura,78,4.0,5.0,9,34
5431,Con cobertura,79,7.0,7.0,14,34
5432,Con cobertura,80,6.0,17.0,23,34
5433,Con cobertura,81,6.0,5.0,11,34
5434,Con cobertura,82,4.0,3.0,7,34
5435,Con cobertura,83,3.0,7.0,10,34
5436,Con cobertura,84,16.0,19.0,35,34
5437,Con cobertura,85,3.0,15.0,18,34
5438,Con cobertura,86,5.0,2.0,7,34
5439,Con cobertura,87,1.0,6.0,7,34
5440,Con cobertura,88,3.0,23.0,26,34
5441,Con cobertura,89,5.0,6.0,11,34
5442,Con cobertura,90,10.0,5.0,15,34
5443,Con cobertura,91,3.0,1.0,4,34
5444,Con cobertura,92,1.0,2.0,3,34
5445,Con cobertura,93,0.0,3.0,3,34
5446,Con cobertura,94,1.0,0.0,1,34
5447,Con cobertura,96,1.0,1.0,2,34
5450,Sin cobertura,0,3697.0,3442.0,7139,34
5451,Sin cobertura,1,3647.0,3762.0,7409,34
5452,Sin cobertura,2,3698.0,3217.0,6915,34
5453,Sin cobertura,3,3138.0,3176.0,6314,34
5454,Sin cobertura,4,3322.0,3216.0,6538,34
5455,Sin cobertura,5,3788.0,3413.0,7201,34
5456,Sin cobertura,6,3775.0,3870.0,7645,34
5457,Sin cobertura,7,3588.0,3568.0,7156,34
5458,Sin cobertura,8,3980.0,3727.0,7707,34
5459,Sin cobertura,9,3811.0,3753.0,7564,34
5460,Sin cobertura,10,4017.0,3947.0,7964,34
5461,Sin cobertura,11,3950.0,4016.0,7966,34
5462,Sin cobertura,12,3937.0,4109.0,8046,34
5463,Sin cobertura,13,3778.0,3805.0,7583,34
5464,Sin cobertura,14,4549.0,4225.0,8774,34
5465,Sin cobertura,15,3943.0,4120.0,8063,34
5466,Sin cobertura,16,3830.0,3622.0,7452,34
5467,Sin cobertura,17,3565.0,3490.0,7055,34
5468,Sin cobertura,18,4034.0,3733.0,7767,34
5469,Sin cobertura,19,3516.0,3343.0,6859,34
5470,Sin cobertura,20,3172.0,2946.0,6118,34
5471,Sin cobertura,21,3312.0,3169.0,6481,34
5472,Sin cobertura,22,2793.0,2936.0,5729,34
5473,Sin cobertura,23,2842.0,2868.0,5710,34
5474,Sin cobertura,24,2929.0,2932.0,5861,34
5475,Sin cobertura,25,2484.0,2656.0,5140,34
5476,Sin cobertura,26,2275.0,2689.0,4964,34
5477,Sin cobertura,27,2185.0,2639.0,4824,34
5478,Sin cobertura,28,2523.0,2633.0,5156,34
5479,Sin cobertura,29,2411.0,2277.0,4688,34
5480,Sin cobertura,30,2638.0,2707.0,5345,34
5481,Sin cobertura,31,2174.0,2376.0,4550,34
5482,Sin cobertura,32,2112.0,2379.0,4491,34
5483,Sin cobertura,33,2049.0,2067.0,4116,34
5484,Sin cobertura,34,1978.0,1796.0,3774,34
5485,Sin cobertura,35,1791.0,1924.0,3715,34
5486,Sin cobertura,36,1934.0,1946.0,3880,34
5487,Sin cobertura,37,1833.0,1929.0,3762,34
5488,Sin cobertura,38,1730.0,1732.0,3462,34
5489,Sin cobertura,39,1487.0,1464.0,2951,34
5490,Sin cobertura,40,1512.0,1454.0,2966,34
5491,Sin cobertura,41,1224.0,1328.0,2552,34
5492,Sin cobertura,42,1507.0,1314.0,2821,34
5493,Sin cobertura,43,1543.0,1312.0,2855,34
5494,Sin cobertura,44,1314.0,1415.0,2729,34
5495,Sin cobertura,45,1481.0,1313.0,2794,34
5496,Sin cobertura,46,1436.0,1119.0,2555,34
5497,Sin cobertura,47,1259.0,1247.0,2506,34
5498,Sin cobertura,48,1394.0,1247.0,2641,34
5499,Sin cobertura,49,1143.0,939.0,2082,34
5500,Sin cobertura,50,1319.0,1202.0,2521,34
5501,Sin cobertura,51,932.0,1096.0,2028,34
5502,Sin cobertura,52,1047.0,971.0,2018,34
5503,Sin cobertura,53,1278.0,1038.0,2316,34
5504,Sin cobertura,54,1189.0,955.0,2144,34
5505,Sin cobertura,55,955.0,821.0,1776,34
5506,Sin cobertura,56,1001.0,971.0,1972,34
5507,Sin cobertura,57,950.0,735.0,1685,34
5508,Sin cobertura,58,1050.0,779.0,1829,34
5509,Sin cobertura,59,941.0,796.0,1737,34
5510,Sin cobertura,60,907.0,732.0,1639,34
5511,Sin cobertura,61,750.0,488.0,1238,34
5512,Sin cobertura,62,709.0,469.0,1178,34
5513,Sin cobertura,63,669.0,458.0,1127,34
5514,Sin cobertura,64,612.0,236.0,848,34
5515,Sin cobertura,65,567.0,243.0,810,34
5516,Sin cobertura,66,326.0,116.0,442,34
5517,Sin cobertura,67,253.0,166.0,419,34
5518,Sin cobertura,68,198.0,215.0,413,34
5519,Sin cobertura,69,130.0,176.0,306,34
5520,Sin cobertura,70,211.0,200.0,411,34
5521,Sin cobertura,71,129.0,71.0,200,34
5522,Sin cobertura,72,137.0,92.0,229,34
5523,Sin cobertura,73,201.0,121.0,322,34
5524,Sin cobertura,74,94.0,92.0,186,34
5525,Sin cobertura,75,83.0,125.0,208,34
5526,Sin cobertura,76,85.0,107.0,192,34
5527,Sin cobertura,77,123.0,76.0,199,34
5528,Sin cobertura,78,88.0,87.0,175,34
5529,Sin cobertura,79,78.0,53.0,131,34
5530,Sin cobertura,80,56.0,98.0,154,34
5531,Sin cobertura,81,72.0,36.0,108,34
5532,Sin cobertura,82,57.0,34.0,91,34
5533,Sin cobertura,83,44.0,27.0,71,34
5534,Sin cobertura,84,40.0,22.0,62,34
5535,Sin cobertura,85,36.0,23.0,59,34
5536,Sin cobertura,86,44.0,45.0,89,34
5537,Sin cobertura,87,15.0,34.0,49,34
5538,Sin cobertura,88,19.0,39.0,58,34
5539,Sin cobertura,89,11.0,37.0,48,34
5540,Sin cobertura,90,22.0,39.0,61,34
5541,Sin cobertura,91,11.0,27.0,38,34
5542,Sin cobertura,92,21.0,9.0,30,34
5543,Sin cobertura,93,20.0,3.0,23,34
5544,Sin cobertura,94,10.0,3.0,13,34
5545,Sin cobertura,95,2.0,5.0,7,34
5546,Sin cobertura,96,11.0,2.0,13,34
5547,Sin cobertura,97,1.0,0.0,1,34
5548,Sin cobertura,98,1.0,0.0,1,34
5549,Sin cobertura,100,1.0,1.0,2,34
5550,Sin cobertura,101,0.0,1.0,1,34
5551,Sin cobertura,102,1.0,2.0,3,34
5552,Sin cobertura,104,0.0,1.0,1,34
5553,Sin cobertura,105,0.0,1.0,1,34
5554,Sin cobertura,107,0.0,1.0,1,34
5669,Con cobertura,0,1820.0,1689.0,3509,38
5670,Con cobertura,1,1975.0,1901.0,3876,38
5671,Con cobertura,2,1847.0,2114.0,3961,38
5672,Con cobertura,3,1878.0,2046.0,3924,38
5673,Con cobertura,4,1960.0,1988.0,3948,38
5674,Con cobertura,5,2058.0,2103.0,4161,38
5675,Con cobertura,6,2498.0,2403.0,4901,38
5676,Con cobertura,7,2442.0,2353.0,4795,38
5677,Con cobertura,8,2629.0,2580.0,5209,38
5678,Con cobertura,9,2716.0,2457.0,5173,38
5679,Con cobertura,10,2651.0,2689.0,5340,38
5680,Con cobertura,11,2762.0,2971.0,5733,38
5681,Con cobertura,12,2945.0,2590.0,5535,38
5682,Con cobertura,13,2754.0,2846.0,5600,38
5683,Con cobertura,14,3083.0,3126.0,6209,38
5684,Con cobertura,15,3419.0,3101.0,6520,38
5685,Con cobertura,16,3069.0,3140.0,6209,38
5686,Con cobertura,17,3237.0,3156.0,6393,38
5687,Con cobertura,18,2963.0,2843.0,5806,38
5688,Con cobertura,19,2420.0,2627.0,5047,38
5689,Con cobertura,20,2114.0,2133.0,4247,38
5690,Con cobertura,21,1262.0,1245.0,2507,38
5691,Con cobertura,22,1364.0,1225.0,2589,38
5692,Con cobertura,23,1383.0,1285.0,2668,38
5693,Con cobertura,24,1443.0,1256.0,2699,38
5694,Con cobertura,25,1652.0,1304.0,2956,38
5695,Con cobertura,26,1425.0,1202.0,2627,38
5696,Con cobertura,27,1368.0,1386.0,2754,38
5697,Con cobertura,28,1571.0,1482.0,3053,38
5698,Con cobertura,29,1791.0,1691.0,3482,38
5699,Con cobertura,30,1746.0,1742.0,3488,38
5700,Con cobertura,31,1763.0,1816.0,3579,38
5701,Con cobertura,32,1604.0,1784.0,3388,38
5702,Con cobertura,33,1743.0,1909.0,3652,38
5703,Con cobertura,34,1949.0,1829.0,3778,38
5704,Con cobertura,35,1847.0,1955.0,3802,38
5705,Con cobertura,36,1801.0,1784.0,3585,38
5706,Con cobertura,37,1575.0,1776.0,3351,38
5707,Con cobertura,38,1504.0,1863.0,3367,38
5708,Con cobertura,39,1719.0,1847.0,3566,38
5709,Con cobertura,40,1705.0,1953.0,3658,38
5710,Con cobertura,41,1600.0,1883.0,3483,38
5711,Con cobertura,42,1464.0,1629.0,3093,38
5712,Con cobertura,43,1472.0,1656.0,3128,38
5713,Con cobertura,44,1418.0,1661.0,3079,38
5714,Con cobertura,45,1482.0,1795.0,3277,38
5715,Con cobertura,46,1674.0,1789.0,3463,38
5716,Con cobertura,47,1634.0,1705.0,3339,38
5717,Con cobertura,48,1471.0,1718.0,3189,38
5718,Con cobertura,49,1355.0,1622.0,2977,38
5719,Con cobertura,50,1372.0,1816.0,3188,38
5720,Con cobertura,51,1340.0,1726.0,3066,38
5721,Con cobertura,52,1308.0,1629.0,2937,38
5722,Con cobertura,53,1254.0,1673.0,2927,38
5723,Con cobertura,54,1281.0,1777.0,3058,38
5724,Con cobertura,55,1429.0,1684.0,3113,38
5725,Con cobertura,56,1277.0,1537.0,2814,38
5726,Con cobertura,57,1278.0,1438.0,2716,38
5727,Con cobertura,58,1173.0,1426.0,2599,38
5728,Con cobertura,59,1278.0,1360.0,2638,38
5729,Con cobertura,60,1083.0,1544.0,2627,38
5730,Con cobertura,61,1017.0,1535.0,2552,38
5731,Con cobertura,62,1146.0,1501.0,2647,38
5732,Con cobertura,63,1055.0,1698.0,2753,38
5733,Con cobertura,64,1040.0,1505.0,2545,38
5734,Con cobertura,65,1008.0,1676.0,2684,38
5735,Con cobertura,66,1230.0,1502.0,2732,38
5736,Con cobertura,67,1370.0,1398.0,2768,38
5737,Con cobertura,68,1158.0,1607.0,2765,38
5738,Con cobertura,69,1312.0,1287.0,2599,38
5739,Con cobertura,70,1141.0,1534.0,2675,38
5740,Con cobertura,71,1020.0,1307.0,2327,38
5741,Con cobertura,72,1001.0,1173.0,2174,38
5742,Con cobertura,73,833.0,1042.0,1875,38
5743,Con cobertura,74,896.0,1048.0,1944,38
5744,Con cobertura,75,783.0,973.0,1756,38
5745,Con cobertura,76,715.0,906.0,1621,38
5746,Con cobertura,77,622.0,832.0,1454,38
5747,Con cobertura,78,705.0,800.0,1505,38
5748,Con cobertura,79,576.0,664.0,1240,38
5749,Con cobertura,80,615.0,814.0,1429,38
5750,Con cobertura,81,378.0,568.0,946,38
5751,Con cobertura,82,446.0,572.0,1018,38
5752,Con cobertura,83,356.0,445.0,801,38
5753,Con cobertura,84,241.0,445.0,686,38
5754,Con cobertura,85,262.0,292.0,554,38
5755,Con cobertura,86,224.0,305.0,529,38
5756,Con cobertura,87,146.0,264.0,410,38
5757,Con cobertura,88,89.0,237.0,326,38
5758,Con cobertura,89,136.0,177.0,313,38
5759,Con cobertura,90,70.0,133.0,203,38
5760,Con cobertura,91,36.0,123.0,159,38
5761,Con cobertura,92,36.0,73.0,109,38
5762,Con cobertura,93,25.0,59.0,84,38
5763,Con cobertura,94,25.0,43.0,68,38
5764,Con cobertura,95,13.0,40.0,53,38
5765,Con cobertura,96,15.0,38.0,53,38
5766,Con cobertura,97,5.0,6.0,11,38
5767,Con cobertura,98,1.0,4.0,5,38
5768,Con cobertura,99,2.0,7.0,9,38
5769,Con cobertura,100,1.0,6.0,7,38
5770,Con cobertura,101,0.0,9.0,9,38
5771,Con cobertura,105,0.0,1.0,1,38
5774,Con cobertura,0,362.0,430.0,792,38
5775,Con cobertura,1,484.0,405.0,889,38
5776,Con cobertura,2,500.0,449.0,949,38
5777,Con cobertura,3,365.0,449.0,814,38
5778,Con cobertura,4,537.0,524.0,1061,38
5779,Con cobertura,5,510.0,511.0,1021,38
5780,Con cobertura,6,597.0,607.0,1204,38
5781,Con cobertura,7,502.0,506.0,1008,38
5782,Con cobertura,8,599.0,548.0,1147,38
5783,Con cobertura,9,504.0,620.0,1124,38
5784,Con cobertura,10,610.0,597.0,1207,38
5785,Con cobertura,11,668.0,524.0,1192,38
5786,Con cobertura,12,583.0,535.0,1118,38
5787,Con cobertura,13,520.0,619.0,1139,38
5788,Con cobertura,14,689.0,652.0,1341,38
5789,Con cobertura,15,584.0,504.0,1088,38
5790,Con cobertura,16,634.0,572.0,1206,38
5791,Con cobertura,17,532.0,598.0,1130,38
5792,Con cobertura,18,458.0,481.0,939,38
5793,Con cobertura,19,414.0,438.0,852,38
5794,Con cobertura,20,349.0,367.0,716,38
5795,Con cobertura,21,194.0,291.0,485,38
5796,Con cobertura,22,274.0,262.0,536,38
5797,Con cobertura,23,329.0,262.0,591,38
5798,Con cobertura,24,314.0,338.0,652,38
5799,Con cobertura,25,355.0,342.0,697,38
5800,Con cobertura,26,373.0,254.0,627,38
5801,Con cobertura,27,379.0,318.0,697,38
5802,Con cobertura,28,448.0,390.0,838,38
5803,Con cobertura,29,503.0,435.0,938,38
5804,Con cobertura,30,487.0,445.0,932,38
5805,Con cobertura,31,610.0,458.0,1068,38
5806,Con cobertura,32,450.0,520.0,970,38
5807,Con cobertura,33,567.0,391.0,958,38
5808,Con cobertura,34,476.0,426.0,902,38
5809,Con cobertura,35,514.0,400.0,914,38
5810,Con cobertura,36,377.0,409.0,786,38
5811,Con cobertura,37,425.0,340.0,765,38
5812,Con cobertura,38,482.0,361.0,843,38
5813,Con cobertura,39,431.0,316.0,747,38
5814,Con cobertura,40,388.0,398.0,786,38
5815,Con cobertura,41,382.0,385.0,767,38
5816,Con cobertura,42,331.0,328.0,659,38
5817,Con cobertura,43,255.0,275.0,530,38
5818,Con cobertura,44,278.0,328.0,606,38
5819,Con cobertura,45,351.0,308.0,659,38
5820,Con cobertura,46,283.0,253.0,536,38
5821,Con cobertura,47,359.0,235.0,594,38
5822,Con cobertura,48,367.0,229.0,596,38
5823,Con cobertura,49,285.0,306.0,591,38
5824,Con cobertura,50,247.0,251.0,498,38
5825,Con cobertura,51,224.0,254.0,478,38
5826,Con cobertura,52,194.0,351.0,545,38
5827,Con cobertura,53,302.0,246.0,548,38
5828,Con cobertura,54,268.0,237.0,505,38
5829,Con cobertura,55,273.0,302.0,575,38
5830,Con cobertura,56,268.0,303.0,571,38
5831,Con cobertura,57,287.0,211.0,498,38
5832,Con cobertura,58,221.0,242.0,463,38
5833,Con cobertura,59,173.0,263.0,436,38
5834,Con cobertura,60,232.0,216.0,448,38
5835,Con cobertura,61,182.0,201.0,383,38
5836,Con cobertura,62,223.0,170.0,393,38
5837,Con cobertura,63,151.0,88.0,239,38
5838,Con cobertura,64,208.0,123.0,331,38
5839,Con cobertura,65,132.0,81.0,213,38
5840,Con cobertura,66,73.0,69.0,142,38
5841,Con cobertura,67,56.0,87.0,143,38
5842,Con cobertura,68,63.0,51.0,114,38
5843,Con cobertura,69,28.0,50.0,78,38
5844,Con cobertura,70,61.0,40.0,101,38
5845,Con cobertura,71,26.0,22.0,48,38
5846,Con cobertura,72,34.0,27.0,61,38
5847,Con cobertura,73,62.0,42.0,104,38
5848,Con cobertura,74,16.0,50.0,66,38
5849,Con cobertura,75,23.0,28.0,51,38
5850,Con cobertura,76,9.0,58.0,67,38
5851,Con cobertura,77,32.0,18.0,50,38
5852,Con cobertura,78,14.0,33.0,47,38
5853,Con cobertura,79,26.0,32.0,58,38
5854,Con cobertura,80,13.0,36.0,49,38
5855,Con cobertura,81,10.0,39.0,49,38
5856,Con cobertura,82,3.0,18.0,21,38
5857,Con cobertura,83,13.0,15.0,28,38
5858,Con cobertura,84,7.0,16.0,23,38
5859,Con cobertura,85,5.0,5.0,10,38
5860,Con cobertura,86,3.0,13.0,16,38
5861,Con cobertura,87,11.0,10.0,21,38
5862,Con cobertura,88,1.0,13.0,14,38
5863,Con cobertura,89,1.0,1.0,2,38
5864,Con cobertura,90,0.0,11.0,11,38
5865,Con cobertura,91,2.0,0.0,2,38
5866,Con cobertura,92,1.0,13.0,14,38
5867,Con cobertura,93,0.0,1.0,1,38
5868,Con cobertura,97,0.0,1.0,1,38
5869,Con cobertura,109,0.0,10.0,10,38
5872,Con cobertura,0,127.0,124.0,251,38
5873,Con cobertura,1,134.0,144.0,278,38
5874,Con cobertura,2,155.0,222.0,377,38
5875,Con cobertura,3,172.0,104.0,276,38
5876,Con cobertura,4,140.0,194.0,334,38
5877,Con cobertura,5,180.0,159.0,339,38
5878,Con cobertura,6,221.0,209.0,430,38
5879,Con cobertura,7,176.0,160.0,336,38
5880,Con cobertura,8,255.0,146.0,401,38
5881,Con cobertura,9,163.0,178.0,341,38
5882,Con cobertura,10,137.0,194.0,331,38
5883,Con cobertura,11,97.0,143.0,240,38
5884,Con cobertura,12,213.0,201.0,414,38
5885,Con cobertura,13,158.0,197.0,355,38
5886,Con cobertura,14,178.0,139.0,317,38
5887,Con cobertura,15,147.0,239.0,386,38
5888,Con cobertura,16,115.0,143.0,258,38
5889,Con cobertura,17,230.0,105.0,335,38
5890,Con cobertura,18,163.0,148.0,311,38
5891,Con cobertura,19,187.0,87.0,274,38
5892,Con cobertura,20,116.0,111.0,227,38
5893,Con cobertura,21,111.0,104.0,215,38
5894,Con cobertura,22,110.0,128.0,238,38
5895,Con cobertura,23,110.0,197.0,307,38
5896,Con cobertura,24,122.0,147.0,269,38
5897,Con cobertura,25,145.0,188.0,333,38
5898,Con cobertura,26,156.0,198.0,354,38
5899,Con cobertura,27,152.0,252.0,404,38
5900,Con cobertura,28,224.0,204.0,428,38
5901,Con cobertura,29,170.0,200.0,370,38
5902,Con cobertura,30,236.0,161.0,397,38
5903,Con cobertura,31,169.0,223.0,392,38
5904,Con cobertura,32,206.0,171.0,377,38
5905,Con cobertura,33,184.0,182.0,366,38
5906,Con cobertura,34,164.0,182.0,346,38
5907,Con cobertura,35,151.0,206.0,357,38
5908,Con cobertura,36,158.0,170.0,328,38
5909,Con cobertura,37,135.0,138.0,273,38
5910,Con cobertura,38,162.0,143.0,305,38
5911,Con cobertura,39,132.0,133.0,265,38
5912,Con cobertura,40,138.0,90.0,228,38
5913,Con cobertura,41,78.0,134.0,212,38
5914,Con cobertura,42,130.0,53.0,183,38
5915,Con cobertura,43,79.0,125.0,204,38
5916,Con cobertura,44,56.0,88.0,144,38
5917,Con cobertura,45,99.0,100.0,199,38
5918,Con cobertura,46,124.0,87.0,211,38
5919,Con cobertura,47,48.0,80.0,128,38
5920,Con cobertura,48,85.0,78.0,163,38
5921,Con cobertura,49,97.0,99.0,196,38
5922,Con cobertura,50,91.0,100.0,191,38
5923,Con cobertura,51,74.0,73.0,147,38
5924,Con cobertura,52,106.0,43.0,149,38
5925,Con cobertura,53,125.0,91.0,216,38
5926,Con cobertura,54,60.0,58.0,118,38
5927,Con cobertura,55,93.0,70.0,163,38
5928,Con cobertura,56,125.0,48.0,173,38
5929,Con cobertura,57,83.0,131.0,214,38
5930,Con cobertura,58,36.0,37.0,73,38
5931,Con cobertura,59,73.0,90.0,163,38
5932,Con cobertura,60,70.0,57.0,127,38
5933,Con cobertura,61,47.0,16.0,63,38
5934,Con cobertura,62,39.0,20.0,59,38
5935,Con cobertura,63,70.0,56.0,126,38
5936,Con cobertura,64,29.0,11.0,40,38
5937,Con cobertura,65,26.0,22.0,48,38
5938,Con cobertura,66,10.0,19.0,29,38
5939,Con cobertura,67,15.0,3.0,18,38
5940,Con cobertura,68,18.0,32.0,50,38
5941,Con cobertura,69,14.0,7.0,21,38
5942,Con cobertura,70,9.0,16.0,25,38
5943,Con cobertura,71,3.0,1.0,4,38
5944,Con cobertura,72,11.0,3.0,14,38
5945,Con cobertura,73,3.0,13.0,16,38
5946,Con cobertura,74,0.0,6.0,6,38
5947,Con cobertura,75,4.0,14.0,18,38
5948,Con cobertura,76,6.0,13.0,19,38
5949,Con cobertura,77,2.0,4.0,6,38
5950,Con cobertura,78,32.0,2.0,34,38
5951,Con cobertura,79,2.0,2.0,4,38
5952,Con cobertura,80,17.0,0.0,17,38
5953,Con cobertura,81,0.0,2.0,2,38
5954,Con cobertura,82,2.0,2.0,4,38
5955,Con cobertura,83,1.0,1.0,2,38
5956,Con cobertura,84,2.0,11.0,13,38
5957,Con cobertura,85,1.0,24.0,25,38
5958,Con cobertura,87,1.0,0.0,1,38
5959,Con cobertura,88,10.0,1.0,11,38
5960,Con cobertura,90,0.0,6.0,6,38
5961,Con cobertura,93,1.0,1.0,2,38
5962,Con cobertura,95,1.0,0.0,1,38
5965,Con cobertura,0,608.0,551.0,1159,38
5966,Con cobertura,1,514.0,475.0,989,38
5967,Con cobertura,2,490.0,471.0,961,38
5968,Con cobertura,3,429.0,481.0,910,38
5969,Con cobertura,4,399.0,395.0,794,38
5970,Con cobertura,5,471.0,365.0,836,38
5971,Con cobertura,6,218.0,212.0,430,38
5972,Con cobertura,7,146.0,164.0,310,38
5973,Con cobertura,8,154.0,164.0,318,38
5974,Con cobertura,9,134.0,189.0,323,38
5975,Con cobertura,10,179.0,127.0,306,38
5976,Con cobertura,11,151.0,124.0,275,38
5977,Con cobertura,12,216.0,153.0,369,38
5978,Con cobertura,13,122.0,145.0,267,38
5979,Con cobertura,14,154.0,133.0,287,38
5980,Con cobertura,15,254.0,180.0,434,38
5981,Con cobertura,16,178.0,209.0,387,38
5982,Con cobertura,17,170.0,199.0,369,38
5983,Con cobertura,18,122.0,147.0,269,38
5984,Con cobertura,19,87.0,94.0,181,38
5985,Con cobertura,20,81.0,103.0,184,38
5986,Con cobertura,21,42.0,74.0,116,38
5987,Con cobertura,22,90.0,82.0,172,38
5988,Con cobertura,23,74.0,136.0,210,38
5989,Con cobertura,24,91.0,102.0,193,38
5990,Con cobertura,25,78.0,79.0,157,38
5991,Con cobertura,26,79.0,116.0,195,38
5992,Con cobertura,27,96.0,80.0,176,38
5993,Con cobertura,28,56.0,134.0,190,38
5994,Con cobertura,29,61.0,95.0,156,38
5995,Con cobertura,30,75.0,78.0,153,38
5996,Con cobertura,31,83.0,74.0,157,38
5997,Con cobertura,32,57.0,89.0,146,38
5998,Con cobertura,33,36.0,74.0,110,38
5999,Con cobertura,34,45.0,106.0,151,38
6000,Con cobertura,35,69.0,176.0,245,38
6001,Con cobertura,36,37.0,143.0,180,38
6002,Con cobertura,37,82.0,117.0,199,38
6003,Con cobertura,38,57.0,155.0,212,38
6004,Con cobertura,39,54.0,119.0,173,38
6005,Con cobertura,40,73.0,80.0,153,38
6006,Con cobertura,41,76.0,128.0,204,38
6007,Con cobertura,42,63.0,132.0,195,38
6008,Con cobertura,43,61.0,94.0,155,38
6009,Con cobertura,44,54.0,98.0,152,38
6010,Con cobertura,45,66.0,117.0,183,38
6011,Con cobertura,46,95.0,134.0,229,38
6012,Con cobertura,47,60.0,108.0,168,38
6013,Con cobertura,48,47.0,66.0,113,38
6014,Con cobertura,49,70.0,127.0,197,38
6015,Con cobertura,50,45.0,124.0,169,38
6016,Con cobertura,51,50.0,108.0,158,38
6017,Con cobertura,52,39.0,126.0,165,38
6018,Con cobertura,53,24.0,98.0,122,38
6019,Con cobertura,54,34.0,63.0,97,38
6020,Con cobertura,55,61.0,115.0,176,38
6021,Con cobertura,56,33.0,96.0,129,38
6022,Con cobertura,57,51.0,145.0,196,38
6023,Con cobertura,58,67.0,95.0,162,38
6024,Con cobertura,59,81.0,97.0,178,38
6025,Con cobertura,60,75.0,68.0,143,38
6026,Con cobertura,61,44.0,87.0,131,38
6027,Con cobertura,62,73.0,75.0,148,38
6028,Con cobertura,63,17.0,80.0,97,38
6029,Con cobertura,64,42.0,59.0,101,38
6030,Con cobertura,65,19.0,48.0,67,38
6031,Con cobertura,66,22.0,35.0,57,38
6032,Con cobertura,67,30.0,31.0,61,38
6033,Con cobertura,68,25.0,30.0,55,38
6034,Con cobertura,69,28.0,45.0,73,38
6035,Con cobertura,70,20.0,45.0,65,38
6036,Con cobertura,71,7.0,51.0,58,38
6037,Con cobertura,72,20.0,7.0,27,38
6038,Con cobertura,73,18.0,23.0,41,38
6039,Con cobertura,74,7.0,42.0,49,38
6040,Con cobertura,75,6.0,63.0,69,38
6041,Con cobertura,76,8.0,50.0,58,38
6042,Con cobertura,77,3.0,30.0,33,38
6043,Con cobertura,78,7.0,23.0,30,38
6044,Con cobertura,79,20.0,26.0,46,38
6045,Con cobertura,80,16.0,20.0,36,38
6046,Con cobertura,81,5.0,17.0,22,38
6047,Con cobertura,82,5.0,17.0,22,38
6048,Con cobertura,83,6.0,9.0,15,38
6049,Con cobertura,84,26.0,26.0,52,38
6050,Con cobertura,85,15.0,4.0,19,38
6051,Con cobertura,86,12.0,22.0,34,38
6052,Con cobertura,87,2.0,3.0,5,38
6053,Con cobertura,88,3.0,3.0,6,38
6054,Con cobertura,89,0.0,12.0,12,38
6055,Con cobertura,90,1.0,1.0,2,38
6056,Con cobertura,91,2.0,1.0,3,38
6057,Con cobertura,92,3.0,5.0,8,38
6058,Con cobertura,93,1.0,13.0,14,38
6059,Con cobertura,94,1.0,0.0,1,38
6060,Con cobertura,95,0.0,2.0,2,38
6061,Con cobertura,96,0.0,1.0,1,38
6062,Con cobertura,97,1.0,0.0,1,38
6063,Con cobertura,100,0.0,1.0,1,38
6066,Sin cobertura,0,3113.0,3324.0,6437,38
6067,Sin cobertura,1,3262.0,3158.0,6420,38
6068,Sin cobertura,2,3081.0,3169.0,6250,38
6069,Sin cobertura,3,2966.0,2791.0,5757,38
6070,Sin cobertura,4,3062.0,2737.0,5799,38
6071,Sin cobertura,5,2968.0,2899.0,5867,38
6072,Sin cobertura,6,3114.0,3052.0,6166,38
6073,Sin cobertura,7,3101.0,3025.0,6126,38
6074,Sin cobertura,8,3338.0,2929.0,6267,38
6075,Sin cobertura,9,3117.0,3201.0,6318,38
6076,Sin cobertura,10,3675.0,3354.0,7029,38
6077,Sin cobertura,11,3341.0,3344.0,6685,38
6078,Sin cobertura,12,3291.0,3129.0,6420,38
6079,Sin cobertura,13,3053.0,3083.0,6136,38
6080,Sin cobertura,14,3600.0,3643.0,7243,38
6081,Sin cobertura,15,3489.0,3334.0,6823,38
6082,Sin cobertura,16,3314.0,3058.0,6372,38
6083,Sin cobertura,17,3074.0,3174.0,6248,38
6084,Sin cobertura,18,3628.0,3310.0,6938,38
6085,Sin cobertura,19,3201.0,3020.0,6221,38
6086,Sin cobertura,20,2931.0,2833.0,5764,38
6087,Sin cobertura,21,3567.0,3598.0,7165,38
6088,Sin cobertura,22,3713.0,3690.0,7403,38
6089,Sin cobertura,23,3455.0,3744.0,7199,38
6090,Sin cobertura,24,3506.0,3881.0,7387,38
6091,Sin cobertura,25,3428.0,3586.0,7014,38
6092,Sin cobertura,26,2910.0,3554.0,6464,38
6093,Sin cobertura,27,2898.0,3286.0,6184,38
6094,Sin cobertura,28,3036.0,3635.0,6671,38
6095,Sin cobertura,29,2996.0,3324.0,6320,38
6096,Sin cobertura,30,3183.0,3543.0,6726,38
6097,Sin cobertura,31,2954.0,2969.0,5923,38
6098,Sin cobertura,32,2674.0,2990.0,5664,38
6099,Sin cobertura,33,2643.0,2777.0,5420,38
6100,Sin cobertura,34,2457.0,2497.0,4954,38
6101,Sin cobertura,35,2351.0,2614.0,4965,38
6102,Sin cobertura,36,2068.0,2296.0,4364,38
6103,Sin cobertura,37,1964.0,1957.0,3921,38
6104,Sin cobertura,38,1928.0,2173.0,4101,38
6105,Sin cobertura,39,1911.0,1523.0,3434,38
6106,Sin cobertura,40,1767.0,1866.0,3633,38
6107,Sin cobertura,41,1463.0,1592.0,3055,38
6108,Sin cobertura,42,1479.0,1530.0,3009,38
6109,Sin cobertura,43,1395.0,1440.0,2835,38
6110,Sin cobertura,44,1327.0,1332.0,2659,38
6111,Sin cobertura,45,1293.0,1439.0,2732,38
6112,Sin cobertura,46,1437.0,1334.0,2771,38
6113,Sin cobertura,47,1318.0,1257.0,2575,38
6114,Sin cobertura,48,1280.0,1065.0,2345,38
6115,Sin cobertura,49,1073.0,1051.0,2124,38
6116,Sin cobertura,50,1142.0,1208.0,2350,38
6117,Sin cobertura,51,1137.0,1131.0,2268,38
6118,Sin cobertura,52,1103.0,1027.0,2130,38
6119,Sin cobertura,53,1089.0,1149.0,2238,38
6120,Sin cobertura,54,1073.0,1011.0,2084,38
6121,Sin cobertura,55,927.0,1002.0,1929,38
6122,Sin cobertura,56,1059.0,969.0,2028,38
6123,Sin cobertura,57,1088.0,977.0,2065,38
6124,Sin cobertura,58,985.0,899.0,1884,38
6125,Sin cobertura,59,777.0,724.0,1501,38
6126,Sin cobertura,60,1019.0,957.0,1976,38
6127,Sin cobertura,61,745.0,591.0,1336,38
6128,Sin cobertura,62,762.0,410.0,1172,38
6129,Sin cobertura,63,768.0,366.0,1134,38
6130,Sin cobertura,64,639.0,275.0,914,38
6131,Sin cobertura,65,464.0,289.0,753,38
6132,Sin cobertura,66,277.0,169.0,446,38
6133,Sin cobertura,67,246.0,179.0,425,38
6134,Sin cobertura,68,160.0,158.0,318,38
6135,Sin cobertura,69,131.0,142.0,273,38
6136,Sin cobertura,70,162.0,181.0,343,38
6137,Sin cobertura,71,131.0,146.0,277,38
6138,Sin cobertura,72,98.0,147.0,245,38
6139,Sin cobertura,73,117.0,150.0,267,38
6140,Sin cobertura,74,73.0,121.0,194,38
6141,Sin cobertura,75,83.0,134.0,217,38
6142,Sin cobertura,76,81.0,109.0,190,38
6143,Sin cobertura,77,71.0,153.0,224,38
6144,Sin cobertura,78,69.0,118.0,187,38
6145,Sin cobertura,79,74.0,89.0,163,38
6146,Sin cobertura,80,47.0,151.0,198,38
6147,Sin cobertura,81,39.0,61.0,100,38
6148,Sin cobertura,82,20.0,64.0,84,38
6149,Sin cobertura,83,21.0,93.0,114,38
6150,Sin cobertura,84,15.0,73.0,88,38
6151,Sin cobertura,85,27.0,42.0,69,38
6152,Sin cobertura,86,28.0,25.0,53,38
6153,Sin cobertura,87,15.0,63.0,78,38
6154,Sin cobertura,88,11.0,38.0,49,38
6155,Sin cobertura,89,8.0,29.0,37,38
6156,Sin cobertura,90,10.0,32.0,42,38
6157,Sin cobertura,91,3.0,6.0,9,38
6158,Sin cobertura,92,10.0,5.0,15,38
6159,Sin cobertura,93,4.0,7.0,11,38
6160,Sin cobertura,94,4.0,6.0,10,38
6161,Sin cobertura,95,10.0,7.0,17,38
6162,Sin cobertura,96,0.0,1.0,1,38
6163,Sin cobertura,97,0.0,5.0,5,38
6164,Sin cobertura,99,0.0,2.0,2,38
6165,Sin cobertura,100,3.0,2.0,5,38
6166,Sin cobertura,101,0.0,1.0,1,38
6167,Sin cobertura,103,0.0,1.0,1,38
6168,Sin cobertura,108,1.0,0.0,1,38
6169,Sin cobertura,110,2.0,0.0,2,38
6284,Con cobertura,0,1213.0,980.0,2193,42
6285,Con cobertura,1,1119.0,971.0,2090,42
6286,Con cobertura,2,1116.0,1023.0,2139,42
6287,Con cobertura,3,1065.0,952.0,2017,42
6288,Con cobertura,4,1052.0,1144.0,2196,42
6289,Con cobertura,5,1159.0,1099.0,2258,42
6290,Con cobertura,6,1239.0,1184.0,2423,42
6291,Con cobertura,7,1130.0,1317.0,2447,42
6292,Con cobertura,8,1236.0,1137.0,2373,42
6293,Con cobertura,9,1265.0,1086.0,2351,42
6294,Con cobertura,10,1253.0,1136.0,2389,42
6295,Con cobertura,11,1198.0,1139.0,2337,42
6296,Con cobertura,12,1267.0,1403.0,2670,42
6297,Con cobertura,13,1425.0,1406.0,2831,42
6298,Con cobertura,14,1505.0,1239.0,2744,42
6299,Con cobertura,15,1282.0,1531.0,2813,42
6300,Con cobertura,16,1285.0,1297.0,2582,42
6301,Con cobertura,17,1388.0,1321.0,2709,42
6302,Con cobertura,18,1343.0,1175.0,2518,42
6303,Con cobertura,19,1229.0,1084.0,2313,42
6304,Con cobertura,20,1196.0,1060.0,2256,42
6305,Con cobertura,21,842.0,837.0,1679,42
6306,Con cobertura,22,875.0,910.0,1785,42
6307,Con cobertura,23,763.0,822.0,1585,42
6308,Con cobertura,24,916.0,904.0,1820,42
6309,Con cobertura,25,830.0,830.0,1660,42
6310,Con cobertura,26,919.0,914.0,1833,42
6311,Con cobertura,27,876.0,1005.0,1881,42
6312,Con cobertura,28,1014.0,1022.0,2036,42
6313,Con cobertura,29,1062.0,938.0,2000,42
6314,Con cobertura,30,971.0,1130.0,2101,42
6315,Con cobertura,31,1213.0,1046.0,2259,42
6316,Con cobertura,32,985.0,1120.0,2105,42
6317,Con cobertura,33,940.0,1282.0,2222,42
6318,Con cobertura,34,953.0,1164.0,2117,42
6319,Con cobertura,35,977.0,1229.0,2206,42
6320,Con cobertura,36,966.0,1039.0,2005,42
6321,Con cobertura,37,1027.0,1151.0,2178,42
6322,Con cobertura,38,969.0,987.0,1956,42
6323,Con cobertura,39,878.0,1149.0,2027,42
6324,Con cobertura,40,1009.0,1237.0,2246,42
6325,Con cobertura,41,871.0,994.0,1865,42
6326,Con cobertura,42,836.0,1006.0,1842,42
6327,Con cobertura,43,985.0,1058.0,2043,42
6328,Con cobertura,44,963.0,1154.0,2117,42
6329,Con cobertura,45,1120.0,1011.0,2131,42
6330,Con cobertura,46,906.0,876.0,1782,42
6331,Con cobertura,47,887.0,1099.0,1986,42
6332,Con cobertura,48,914.0,1102.0,2016,42
6333,Con cobertura,49,804.0,914.0,1718,42
6334,Con cobertura,50,983.0,971.0,1954,42
6335,Con cobertura,51,874.0,949.0,1823,42
6336,Con cobertura,52,680.0,935.0,1615,42
6337,Con cobertura,53,707.0,958.0,1665,42
6338,Con cobertura,54,793.0,1006.0,1799,42
6339,Con cobertura,55,755.0,891.0,1646,42
6340,Con cobertura,56,800.0,807.0,1607,42
6341,Con cobertura,57,654.0,806.0,1460,42
6342,Con cobertura,58,820.0,978.0,1798,42
6343,Con cobertura,59,670.0,840.0,1510,42
6344,Con cobertura,60,735.0,1064.0,1799,42
6345,Con cobertura,61,745.0,1127.0,1872,42
6346,Con cobertura,62,610.0,1276.0,1886,42
6347,Con cobertura,63,799.0,1114.0,1913,42
6348,Con cobertura,64,688.0,1228.0,1916,42
6349,Con cobertura,65,842.0,1293.0,2135,42
6350,Con cobertura,66,883.0,1061.0,1944,42
6351,Con cobertura,67,901.0,1099.0,2000,42
6352,Con cobertura,68,991.0,1013.0,2004,42
6353,Con cobertura,69,891.0,979.0,1870,42
6354,Con cobertura,70,869.0,956.0,1825,42
6355,Con cobertura,71,726.0,838.0,1564,42
6356,Con cobertura,72,800.0,914.0,1714,42
6357,Con cobertura,73,612.0,961.0,1573,42
6358,Con cobertura,74,772.0,959.0,1731,42
6359,Con cobertura,75,635.0,820.0,1455,42
6360,Con cobertura,76,604.0,728.0,1332,42
6361,Con cobertura,77,517.0,704.0,1221,42
6362,Con cobertura,78,490.0,667.0,1157,42
6363,Con cobertura,79,382.0,663.0,1045,42
6364,Con cobertura,80,421.0,588.0,1009,42
6365,Con cobertura,81,368.0,587.0,955,42
6366,Con cobertura,82,364.0,554.0,918,42
6367,Con cobertura,83,285.0,551.0,836,42
6368,Con cobertura,84,183.0,550.0,733,42
6369,Con cobertura,85,228.0,454.0,682,42
6370,Con cobertura,86,214.0,339.0,553,42
6371,Con cobertura,87,131.0,371.0,502,42
6372,Con cobertura,88,123.0,261.0,384,42
6373,Con cobertura,89,103.0,215.0,318,42
6374,Con cobertura,90,41.0,190.0,231,42
6375,Con cobertura,91,36.0,208.0,244,42
6376,Con cobertura,92,73.0,120.0,193,42
6377,Con cobertura,93,40.0,102.0,142,42
6378,Con cobertura,94,22.0,36.0,58,42
6379,Con cobertura,95,19.0,55.0,74,42
6380,Con cobertura,96,9.0,38.0,47,42
6381,Con cobertura,97,2.0,31.0,33,42
6382,Con cobertura,98,4.0,8.0,12,42
6383,Con cobertura,99,3.0,22.0,25,42
6384,Con cobertura,100,0.0,7.0,7,42
6385,Con cobertura,101,1.0,3.0,4,42
6386,Con cobertura,102,0.0,1.0,1,42
6387,Con cobertura,103,1.0,1.0,2,42
6388,Con cobertura,104,0.0,1.0,1,42
6391,Con cobertura,0,152.0,190.0,342,42
6392,Con cobertura,1,198.0,228.0,426,42
6393,Con cobertura,2,233.0,222.0,455,42
6394,Con cobertura,3,202.0,217.0,419,42
6395,Con cobertura,4,261.0,278.0,539,42
6396,Con cobertura,5,168.0,187.0,355,42
6397,Con cobertura,6,226.0,200.0,426,42
6398,Con cobertura,7,227.0,235.0,462,42
6399,Con cobertura,8,194.0,186.0,380,42
6400,Con cobertura,9,201.0,288.0,489,42
6401,Con cobertura,10,155.0,208.0,363,42
6402,Con cobertura,11,203.0,206.0,409,42
6403,Con cobertura,12,212.0,157.0,369,42
6404,Con cobertura,13,171.0,162.0,333,42
6405,Con cobertura,14,277.0,223.0,500,42
6406,Con cobertura,15,194.0,221.0,415,42
6407,Con cobertura,16,232.0,225.0,457,42
6408,Con cobertura,17,239.0,260.0,499,42
6409,Con cobertura,18,223.0,140.0,363,42
6410,Con cobertura,19,232.0,170.0,402,42
6411,Con cobertura,20,200.0,201.0,401,42
6412,Con cobertura,21,126.0,192.0,318,42
6413,Con cobertura,22,147.0,108.0,255,42
6414,Con cobertura,23,197.0,147.0,344,42
6415,Con cobertura,24,178.0,236.0,414,42
6416,Con cobertura,25,190.0,203.0,393,42
6417,Con cobertura,26,166.0,211.0,377,42
6418,Con cobertura,27,214.0,195.0,409,42
6419,Con cobertura,28,179.0,205.0,384,42
6420,Con cobertura,29,290.0,214.0,504,42
6421,Con cobertura,30,231.0,224.0,455,42
6422,Con cobertura,31,245.0,213.0,458,42
6423,Con cobertura,32,276.0,219.0,495,42
6424,Con cobertura,33,199.0,244.0,443,42
6425,Con cobertura,34,188.0,186.0,374,42
6426,Con cobertura,35,183.0,188.0,371,42
6427,Con cobertura,36,177.0,202.0,379,42
6428,Con cobertura,37,205.0,227.0,432,42
6429,Con cobertura,38,197.0,209.0,406,42
6430,Con cobertura,39,184.0,187.0,371,42
6431,Con cobertura,40,172.0,231.0,403,42
6432,Con cobertura,41,145.0,127.0,272,42
6433,Con cobertura,42,191.0,156.0,347,42
6434,Con cobertura,43,156.0,114.0,270,42
6435,Con cobertura,44,212.0,204.0,416,42
6436,Con cobertura,45,172.0,215.0,387,42
6437,Con cobertura,46,156.0,195.0,351,42
6438,Con cobertura,47,222.0,193.0,415,42
6439,Con cobertura,48,195.0,146.0,341,42
6440,Con cobertura,49,209.0,192.0,401,42
6441,Con cobertura,50,145.0,169.0,314,42
6442,Con cobertura,51,174.0,148.0,322,42
6443,Con cobertura,52,150.0,118.0,268,42
6444,Con cobertura,53,138.0,110.0,248,42
6445,Con cobertura,54,120.0,185.0,305,42
6446,Con cobertura,55,138.0,108.0,246,42
6447,Con cobertura,56,124.0,106.0,230,42
6448,Con cobertura,57,175.0,163.0,338,42
6449,Con cobertura,58,127.0,85.0,212,42
6450,Con cobertura,59,108.0,116.0,224,42
6451,Con cobertura,60,114.0,95.0,209,42
6452,Con cobertura,61,145.0,55.0,200,42
6453,Con cobertura,62,147.0,95.0,242,42
6454,Con cobertura,63,91.0,36.0,127,42
6455,Con cobertura,64,108.0,51.0,159,42
6456,Con cobertura,65,74.0,22.0,96,42
6457,Con cobertura,66,37.0,44.0,81,42
6458,Con cobertura,67,38.0,15.0,53,42
6459,Con cobertura,68,25.0,13.0,38,42
6460,Con cobertura,69,29.0,19.0,48,42
6461,Con cobertura,70,8.0,78.0,86,42
6462,Con cobertura,71,10.0,18.0,28,42
6463,Con cobertura,72,22.0,51.0,73,42
6464,Con cobertura,73,25.0,8.0,33,42
6465,Con cobertura,74,18.0,12.0,30,42
6466,Con cobertura,75,35.0,21.0,56,42
6467,Con cobertura,76,27.0,17.0,44,42
6468,Con cobertura,77,4.0,24.0,28,42
6469,Con cobertura,78,7.0,21.0,28,42
6470,Con cobertura,79,14.0,16.0,30,42
6471,Con cobertura,80,7.0,16.0,23,42
6472,Con cobertura,81,25.0,2.0,27,42
6473,Con cobertura,82,5.0,1.0,6,42
6474,Con cobertura,83,1.0,20.0,21,42
6475,Con cobertura,84,3.0,3.0,6,42
6476,Con cobertura,85,3.0,7.0,10,42
6477,Con cobertura,86,3.0,1.0,4,42
6478,Con cobertura,87,3.0,13.0,16,42
6479,Con cobertura,88,0.0,11.0,11,42
6480,Con cobertura,89,1.0,9.0,10,42
6481,Con cobertura,91,0.0,1.0,1,42
6482,Con cobertura,93,3.0,0.0,3,42
6483,Con cobertura,94,1.0,1.0,2,42
6486,Con cobertura,0,67.0,108.0,175,42
6487,Con cobertura,1,80.0,73.0,153,42
6488,Con cobertura,2,100.0,106.0,206,42
6489,Con cobertura,3,76.0,115.0,191,42
6490,Con cobertura,4,129.0,106.0,235,42
6491,Con cobertura,5,112.0,104.0,216,42
6492,Con cobertura,6,78.0,84.0,162,42
6493,Con cobertura,7,44.0,67.0,111,42
6494,Con cobertura,8,101.0,70.0,171,42
6495,Con cobertura,9,51.0,89.0,140,42
6496,Con cobertura,10,54.0,102.0,156,42
6497,Con cobertura,11,73.0,89.0,162,42
6498,Con cobertura,12,42.0,40.0,82,42
6499,Con cobertura,13,48.0,56.0,104,42
6500,Con cobertura,14,69.0,64.0,133,42
6501,Con cobertura,15,43.0,99.0,142,42
6502,Con cobertura,16,59.0,54.0,113,42
6503,Con cobertura,17,100.0,76.0,176,42
6504,Con cobertura,18,69.0,25.0,94,42
6505,Con cobertura,19,103.0,62.0,165,42
6506,Con cobertura,20,83.0,91.0,174,42
6507,Con cobertura,21,59.0,52.0,111,42
6508,Con cobertura,22,66.0,92.0,158,42
6509,Con cobertura,23,69.0,64.0,133,42
6510,Con cobertura,24,78.0,116.0,194,42
6511,Con cobertura,25,159.0,114.0,273,42
6512,Con cobertura,26,60.0,88.0,148,42
6513,Con cobertura,27,71.0,125.0,196,42
6514,Con cobertura,28,130.0,112.0,242,42
6515,Con cobertura,29,124.0,107.0,231,42
6516,Con cobertura,30,83.0,140.0,223,42
6517,Con cobertura,31,121.0,118.0,239,42
6518,Con cobertura,32,151.0,138.0,289,42
6519,Con cobertura,33,136.0,169.0,305,42
6520,Con cobertura,34,127.0,70.0,197,42
6521,Con cobertura,35,143.0,113.0,256,42
6522,Con cobertura,36,109.0,82.0,191,42
6523,Con cobertura,37,138.0,117.0,255,42
6524,Con cobertura,38,109.0,121.0,230,42
6525,Con cobertura,39,44.0,75.0,119,42
6526,Con cobertura,40,102.0,116.0,218,42
6527,Con cobertura,41,75.0,48.0,123,42
6528,Con cobertura,42,75.0,82.0,157,42
6529,Con cobertura,43,97.0,54.0,151,42
6530,Con cobertura,44,73.0,89.0,162,42
6531,Con cobertura,45,129.0,74.0,203,42
6532,Con cobertura,46,136.0,59.0,195,42
6533,Con cobertura,47,79.0,67.0,146,42
6534,Con cobertura,48,98.0,100.0,198,42
6535,Con cobertura,49,77.0,96.0,173,42
6536,Con cobertura,50,173.0,115.0,288,42
6537,Con cobertura,51,98.0,97.0,195,42
6538,Con cobertura,52,74.0,49.0,123,42
6539,Con cobertura,53,127.0,87.0,214,42
6540,Con cobertura,54,95.0,105.0,200,42
6541,Con cobertura,55,108.0,71.0,179,42
6542,Con cobertura,56,96.0,120.0,216,42
6543,Con cobertura,57,77.0,104.0,181,42
6544,Con cobertura,58,63.0,91.0,154,42
6545,Con cobertura,59,128.0,74.0,202,42
6546,Con cobertura,60,76.0,120.0,196,42
6547,Con cobertura,61,89.0,50.0,139,42
6548,Con cobertura,62,123.0,31.0,154,42
6549,Con cobertura,63,101.0,43.0,144,42
6550,Con cobertura,64,67.0,35.0,102,42
6551,Con cobertura,65,80.0,35.0,115,42
6552,Con cobertura,66,49.0,16.0,65,42
6553,Con cobertura,67,21.0,26.0,47,42
6554,Con cobertura,68,22.0,50.0,72,42
6555,Con cobertura,69,23.0,36.0,59,42
6556,Con cobertura,70,18.0,19.0,37,42
6557,Con cobertura,71,18.0,10.0,28,42
6558,Con cobertura,72,29.0,22.0,51,42
6559,Con cobertura,73,7.0,16.0,23,42
6560,Con cobertura,74,17.0,34.0,51,42
6561,Con cobertura,75,19.0,10.0,29,42
6562,Con cobertura,76,39.0,26.0,65,42
6563,Con cobertura,77,9.0,6.0,15,42
6564,Con cobertura,78,1.0,7.0,8,42
6565,Con cobertura,79,7.0,3.0,10,42
6566,Con cobertura,80,3.0,3.0,6,42
6567,Con cobertura,81,7.0,12.0,19,42
6568,Con cobertura,82,1.0,2.0,3,42
6569,Con cobertura,83,3.0,0.0,3,42
6570,Con cobertura,84,8.0,1.0,9,42
6571,Con cobertura,85,1.0,2.0,3,42
6572,Con cobertura,86,1.0,1.0,2,42
6573,Con cobertura,88,1.0,2.0,3,42
6574,Con cobertura,90,0.0,1.0,1,42
6575,Con cobertura,92,0.0,1.0,1,42
6578,Con cobertura,0,177.0,166.0,343,42
6579,Con cobertura,1,151.0,194.0,345,42
6580,Con cobertura,2,196.0,179.0,375,42
6581,Con cobertura,3,147.0,92.0,239,42
6582,Con cobertura,4,151.0,170.0,321,42
6583,Con cobertura,5,159.0,160.0,319,42
6584,Con cobertura,6,122.0,127.0,249,42
6585,Con cobertura,7,138.0,147.0,285,42
6586,Con cobertura,8,115.0,101.0,216,42
6587,Con cobertura,9,102.0,135.0,237,42
6588,Con cobertura,10,136.0,138.0,274,42
6589,Con cobertura,11,92.0,95.0,187,42
6590,Con cobertura,12,144.0,99.0,243,42
6591,Con cobertura,13,130.0,129.0,259,42
6592,Con cobertura,14,120.0,100.0,220,42
6593,Con cobertura,15,136.0,113.0,249,42
6594,Con cobertura,16,150.0,158.0,308,42
6595,Con cobertura,17,156.0,150.0,306,42
6596,Con cobertura,18,106.0,156.0,262,42
6597,Con cobertura,19,84.0,93.0,177,42
6598,Con cobertura,20,117.0,134.0,251,42
6599,Con cobertura,21,122.0,139.0,261,42
6600,Con cobertura,22,178.0,109.0,287,42
6601,Con cobertura,23,107.0,94.0,201,42
6602,Con cobertura,24,145.0,96.0,241,42
6603,Con cobertura,25,97.0,150.0,247,42
6604,Con cobertura,26,111.0,55.0,166,42
6605,Con cobertura,27,62.0,105.0,167,42
6606,Con cobertura,28,110.0,47.0,157,42
6607,Con cobertura,29,87.0,33.0,120,42
6608,Con cobertura,30,62.0,178.0,240,42
6609,Con cobertura,31,112.0,133.0,245,42
6610,Con cobertura,32,101.0,67.0,168,42
6611,Con cobertura,33,77.0,98.0,175,42
6612,Con cobertura,34,81.0,82.0,163,42
6613,Con cobertura,35,90.0,117.0,207,42
6614,Con cobertura,36,87.0,111.0,198,42
6615,Con cobertura,37,72.0,87.0,159,42
6616,Con cobertura,38,81.0,106.0,187,42
6617,Con cobertura,39,62.0,99.0,161,42
6618,Con cobertura,40,109.0,49.0,158,42
6619,Con cobertura,41,99.0,75.0,174,42
6620,Con cobertura,42,87.0,38.0,125,42
6621,Con cobertura,43,60.0,63.0,123,42
6622,Con cobertura,44,51.0,66.0,117,42
6623,Con cobertura,45,56.0,67.0,123,42
6624,Con cobertura,46,32.0,84.0,116,42
6625,Con cobertura,47,76.0,32.0,108,42
6626,Con cobertura,48,61.0,48.0,109,42
6627,Con cobertura,49,51.0,61.0,112,42
6628,Con cobertura,50,81.0,70.0,151,42
6629,Con cobertura,51,79.0,50.0,129,42
6630,Con cobertura,52,35.0,68.0,103,42
6631,Con cobertura,53,65.0,93.0,158,42
6632,Con cobertura,54,26.0,56.0,82,42
6633,Con cobertura,55,86.0,106.0,192,42
6634,Con cobertura,56,61.0,28.0,89,42
6635,Con cobertura,57,36.0,73.0,109,42
6636,Con cobertura,58,37.0,53.0,90,42
6637,Con cobertura,59,49.0,48.0,97,42
6638,Con cobertura,60,63.0,51.0,114,42
6639,Con cobertura,61,56.0,32.0,88,42
6640,Con cobertura,62,62.0,55.0,117,42
6641,Con cobertura,63,33.0,36.0,69,42
6642,Con cobertura,64,70.0,10.0,80,42
6643,Con cobertura,65,63.0,29.0,92,42
6644,Con cobertura,66,26.0,30.0,56,42
6645,Con cobertura,67,26.0,17.0,43,42
6646,Con cobertura,68,15.0,23.0,38,42
6647,Con cobertura,69,32.0,38.0,70,42
6648,Con cobertura,70,12.0,7.0,19,42
6649,Con cobertura,71,11.0,1.0,12,42
6650,Con cobertura,72,18.0,15.0,33,42
6651,Con cobertura,73,16.0,19.0,35,42
6652,Con cobertura,74,15.0,4.0,19,42
6653,Con cobertura,75,5.0,33.0,38,42
6654,Con cobertura,76,3.0,22.0,25,42
6655,Con cobertura,77,19.0,3.0,22,42
6656,Con cobertura,78,5.0,9.0,14,42
6657,Con cobertura,79,3.0,5.0,8,42
6658,Con cobertura,80,0.0,6.0,6,42
6659,Con cobertura,81,24.0,24.0,48,42
6660,Con cobertura,82,4.0,3.0,7,42
6661,Con cobertura,83,2.0,12.0,14,42
6662,Con cobertura,84,2.0,1.0,3,42
6663,Con cobertura,85,1.0,3.0,4,42
6664,Con cobertura,86,0.0,2.0,2,42
6665,Con cobertura,87,0.0,1.0,1,42
6666,Con cobertura,88,1.0,2.0,3,42
6667,Con cobertura,89,3.0,1.0,4,42
6668,Con cobertura,90,0.0,1.0,1,42
6669,Con cobertura,92,2.0,0.0,2,42
6670,Con cobertura,97,0.0,2.0,2,42
6671,Con cobertura,99,0.0,1.0,1,42
6674,Sin cobertura,0,1075.0,1099.0,2174,42
6675,Sin cobertura,1,1074.0,984.0,2058,42
6676,Sin cobertura,2,965.0,1022.0,1987,42
6677,Sin cobertura,3,1008.0,974.0,1982,42
6678,Sin cobertura,4,1082.0,1101.0,2183,42
6679,Sin cobertura,5,962.0,902.0,1864,42
6680,Sin cobertura,6,1033.0,990.0,2023,42
6681,Sin cobertura,7,1117.0,1152.0,2269,42
6682,Sin cobertura,8,908.0,939.0,1847,42
6683,Sin cobertura,9,985.0,989.0,1974,42
6684,Sin cobertura,10,1123.0,996.0,2119,42
6685,Sin cobertura,11,1144.0,1090.0,2234,42
6686,Sin cobertura,12,1074.0,992.0,2066,42
6687,Sin cobertura,13,1150.0,1007.0,2157,42
6688,Sin cobertura,14,1147.0,956.0,2103,42
6689,Sin cobertura,15,1089.0,1020.0,2109,42
6690,Sin cobertura,16,994.0,1100.0,2094,42
6691,Sin cobertura,17,1098.0,930.0,2028,42
6692,Sin cobertura,18,1144.0,1141.0,2285,42
6693,Sin cobertura,19,1107.0,1168.0,2275,42
6694,Sin cobertura,20,1009.0,999.0,2008,42
6695,Sin cobertura,21,1221.0,1219.0,2440,42
6696,Sin cobertura,22,1170.0,1182.0,2352,42
6697,Sin cobertura,23,1122.0,1142.0,2264,42
6698,Sin cobertura,24,1171.0,985.0,2156,42
6699,Sin cobertura,25,1172.0,1072.0,2244,42
6700,Sin cobertura,26,1001.0,965.0,1966,42
6701,Sin cobertura,27,991.0,954.0,1945,42
6702,Sin cobertura,28,1051.0,891.0,1942,42
6703,Sin cobertura,29,947.0,963.0,1910,42
6704,Sin cobertura,30,1045.0,753.0,1798,42
6705,Sin cobertura,31,971.0,771.0,1742,42
6706,Sin cobertura,32,714.0,905.0,1619,42
6707,Sin cobertura,33,798.0,802.0,1600,42
6708,Sin cobertura,34,739.0,626.0,1365,42
6709,Sin cobertura,35,805.0,647.0,1452,42
6710,Sin cobertura,36,704.0,592.0,1296,42
6711,Sin cobertura,37,757.0,641.0,1398,42
6712,Sin cobertura,38,567.0,613.0,1180,42
6713,Sin cobertura,39,749.0,616.0,1365,42
6714,Sin cobertura,40,590.0,559.0,1149,42
6715,Sin cobertura,41,682.0,515.0,1197,42
6716,Sin cobertura,42,540.0,580.0,1120,42
6717,Sin cobertura,43,625.0,518.0,1143,42
6718,Sin cobertura,44,575.0,679.0,1254,42
6719,Sin cobertura,45,644.0,555.0,1199,42
6720,Sin cobertura,46,651.0,491.0,1142,42
6721,Sin cobertura,47,658.0,493.0,1151,42
6722,Sin cobertura,48,637.0,484.0,1121,42
6723,Sin cobertura,49,605.0,462.0,1067,42
6724,Sin cobertura,50,531.0,480.0,1011,42
6725,Sin cobertura,51,560.0,370.0,930,42
6726,Sin cobertura,52,618.0,423.0,1041,42
6727,Sin cobertura,53,537.0,363.0,900,42
6728,Sin cobertura,54,469.0,418.0,887,42
6729,Sin cobertura,55,633.0,451.0,1084,42
6730,Sin cobertura,56,671.0,421.0,1092,42
6731,Sin cobertura,57,408.0,349.0,757,42
6732,Sin cobertura,58,552.0,377.0,929,42
6733,Sin cobertura,59,461.0,358.0,819,42
6734,Sin cobertura,60,474.0,276.0,750,42
6735,Sin cobertura,61,441.0,106.0,547,42
6736,Sin cobertura,62,412.0,100.0,512,42
6737,Sin cobertura,63,434.0,83.0,517,42
6738,Sin cobertura,64,317.0,43.0,360,42
6739,Sin cobertura,65,230.0,39.0,269,42
6740,Sin cobertura,66,62.0,31.0,93,42
6741,Sin cobertura,67,91.0,17.0,108,42
6742,Sin cobertura,68,62.0,50.0,112,42
6743,Sin cobertura,69,34.0,29.0,63,42
6744,Sin cobertura,70,36.0,22.0,58,42
6745,Sin cobertura,71,30.0,33.0,63,42
6746,Sin cobertura,72,21.0,30.0,51,42
6747,Sin cobertura,73,23.0,19.0,42,42
6748,Sin cobertura,74,25.0,20.0,45,42
6749,Sin cobertura,75,26.0,5.0,31,42
6750,Sin cobertura,76,24.0,10.0,34,42
6751,Sin cobertura,77,13.0,17.0,30,42
6752,Sin cobertura,78,13.0,11.0,24,42
6753,Sin cobertura,79,10.0,9.0,19,42
6754,Sin cobertura,80,12.0,11.0,23,42
6755,Sin cobertura,81,5.0,31.0,36,42
6756,Sin cobertura,82,9.0,10.0,19,42
6757,Sin cobertura,83,8.0,8.0,16,42
6758,Sin cobertura,84,3.0,9.0,12,42
6759,Sin cobertura,85,3.0,10.0,13,42
6760,Sin cobertura,86,20.0,7.0,27,42
6761,Sin cobertura,87,3.0,2.0,5,42
6762,Sin cobertura,88,3.0,14.0,17,42
6763,Sin cobertura,89,6.0,3.0,9,42
6764,Sin cobertura,90,2.0,4.0,6,42
6765,Sin cobertura,91,1.0,0.0,1,42
6766,Sin cobertura,92,1.0,3.0,4,42
6767,Sin cobertura,93,0.0,2.0,2,42
6768,Sin cobertura,94,2.0,2.0,4,42
6769,Sin cobertura,95,1.0,1.0,2,42
6770,Sin cobertura,96,0.0,1.0,1,42
6771,Sin cobertura,98,0.0,1.0,1,42
6772,Sin cobertura,99,0.0,1.0,1,42
6773,Sin cobertura,100,0.0,1.0,1,42
6774,Sin cobertura,106,1.0,0.0,1,42
6888,Con cobertura,0,1076.0,949.0,2025,46
6889,Con cobertura,1,1129.0,1117.0,2246,46
6890,Con cobertura,2,1229.0,1225.0,2454,46
6891,Con cobertura,3,1153.0,1049.0,2202,46
6892,Con cobertura,4,1229.0,1262.0,2491,46
6893,Con cobertura,5,1176.0,1327.0,2503,46
6894,Con cobertura,6,1355.0,1371.0,2726,46
6895,Con cobertura,7,1271.0,1251.0,2522,46
6896,Con cobertura,8,1276.0,1250.0,2526,46
6897,Con cobertura,9,1330.0,1305.0,2635,46
6898,Con cobertura,10,1572.0,1504.0,3076,46
6899,Con cobertura,11,1438.0,1415.0,2853,46
6900,Con cobertura,12,1466.0,1220.0,2686,46
6901,Con cobertura,13,1517.0,1733.0,3250,46
6902,Con cobertura,14,1953.0,1697.0,3650,46
6903,Con cobertura,15,1672.0,1793.0,3465,46
6904,Con cobertura,16,1725.0,1726.0,3451,46
6905,Con cobertura,17,1744.0,1752.0,3496,46
6906,Con cobertura,18,1811.0,1638.0,3449,46
6907,Con cobertura,19,1563.0,1710.0,3273,46
6908,Con cobertura,20,1331.0,1418.0,2749,46
6909,Con cobertura,21,1006.0,1047.0,2053,46
6910,Con cobertura,22,715.0,1099.0,1814,46
6911,Con cobertura,23,767.0,1007.0,1774,46
6912,Con cobertura,24,791.0,794.0,1585,46
6913,Con cobertura,25,760.0,958.0,1718,46
6914,Con cobertura,26,721.0,773.0,1494,46
6915,Con cobertura,27,961.0,974.0,1935,46
6916,Con cobertura,28,871.0,1024.0,1895,46
6917,Con cobertura,29,1060.0,959.0,2019,46
6918,Con cobertura,30,1031.0,1144.0,2175,46
6919,Con cobertura,31,1141.0,1173.0,2314,46
6920,Con cobertura,32,1028.0,1054.0,2082,46
6921,Con cobertura,33,945.0,1361.0,2306,46
6922,Con cobertura,34,1002.0,1203.0,2205,46
6923,Con cobertura,35,972.0,1011.0,1983,46
6924,Con cobertura,36,975.0,1092.0,2067,46
6925,Con cobertura,37,978.0,1013.0,1991,46
6926,Con cobertura,38,818.0,1112.0,1930,46
6927,Con cobertura,39,1023.0,1044.0,2067,46
6928,Con cobertura,40,1019.0,1046.0,2065,46
6929,Con cobertura,41,1032.0,983.0,2015,46
6930,Con cobertura,42,1006.0,991.0,1997,46
6931,Con cobertura,43,896.0,1078.0,1974,46
6932,Con cobertura,44,950.0,989.0,1939,46
6933,Con cobertura,45,1027.0,902.0,1929,46
6934,Con cobertura,46,952.0,1075.0,2027,46
6935,Con cobertura,47,771.0,1061.0,1832,46
6936,Con cobertura,48,954.0,1012.0,1966,46
6937,Con cobertura,49,948.0,1097.0,2045,46
6938,Con cobertura,50,975.0,1036.0,2011,46
6939,Con cobertura,51,921.0,1140.0,2061,46
6940,Con cobertura,52,936.0,797.0,1733,46
6941,Con cobertura,53,817.0,980.0,1797,46
6942,Con cobertura,54,725.0,906.0,1631,46
6943,Con cobertura,55,778.0,852.0,1630,46
6944,Con cobertura,56,829.0,854.0,1683,46
6945,Con cobertura,57,747.0,943.0,1690,46
6946,Con cobertura,58,856.0,816.0,1672,46
6947,Con cobertura,59,710.0,769.0,1479,46
6948,Con cobertura,60,713.0,705.0,1418,46
6949,Con cobertura,61,635.0,783.0,1418,46
6950,Con cobertura,62,660.0,684.0,1344,46
6951,Con cobertura,63,545.0,796.0,1341,46
6952,Con cobertura,64,487.0,809.0,1296,46
6953,Con cobertura,65,578.0,789.0,1367,46
6954,Con cobertura,66,703.0,841.0,1544,46
6955,Con cobertura,67,594.0,565.0,1159,46
6956,Con cobertura,68,510.0,522.0,1032,46
6957,Con cobertura,69,582.0,611.0,1193,46
6958,Con cobertura,70,524.0,685.0,1209,46
6959,Con cobertura,71,420.0,448.0,868,46
6960,Con cobertura,72,443.0,646.0,1089,46
6961,Con cobertura,73,416.0,557.0,973,46
6962,Con cobertura,74,416.0,558.0,974,46
6963,Con cobertura,75,391.0,469.0,860,46
6964,Con cobertura,76,407.0,491.0,898,46
6965,Con cobertura,77,294.0,426.0,720,46
6966,Con cobertura,78,267.0,394.0,661,46
6967,Con cobertura,79,288.0,359.0,647,46
6968,Con cobertura,80,276.0,428.0,704,46
6969,Con cobertura,81,193.0,355.0,548,46
6970,Con cobertura,82,207.0,364.0,571,46
6971,Con cobertura,83,180.0,207.0,387,46
6972,Con cobertura,84,135.0,240.0,375,46
6973,Con cobertura,85,90.0,264.0,354,46
6974,Con cobertura,86,111.0,197.0,308,46
6975,Con cobertura,87,105.0,175.0,280,46
6976,Con cobertura,88,103.0,229.0,332,46
6977,Con cobertura,89,63.0,112.0,175,46
6978,Con cobertura,90,40.0,109.0,149,46
6979,Con cobertura,91,21.0,96.0,117,46
6980,Con cobertura,92,28.0,64.0,92,46
6981,Con cobertura,93,15.0,46.0,61,46
6982,Con cobertura,94,10.0,31.0,41,46
6983,Con cobertura,95,4.0,33.0,37,46
6984,Con cobertura,96,3.0,13.0,16,46
6985,Con cobertura,97,7.0,18.0,25,46
6986,Con cobertura,98,13.0,13.0,26,46
6987,Con cobertura,99,3.0,22.0,25,46
6988,Con cobertura,100,11.0,22.0,33,46
6989,Con cobertura,101,10.0,8.0,18,46
6990,Con cobertura,102,0.0,4.0,4,46
6991,Con cobertura,103,1.0,13.0,14,46
6992,Con cobertura,108,1.0,0.0,1,46
6993,Con cobertura,109,0.0,1.0,1,46
6994,Con cobertura,110,0.0,1.0,1,46
6997,Con cobertura,0,242.0,227.0,469,46
6998,Con cobertura,1,278.0,243.0,521,46
6999,Con cobertura,2,224.0,272.0,496,46
7000,Con cobertura,3,289.0,244.0,533,46
7001,Con cobertura,4,320.0,308.0,628,46
7002,Con cobertura,5,334.0,252.0,586,46
7003,Con cobertura,6,319.0,195.0,514,46
7004,Con cobertura,7,356.0,335.0,691,46
7005,Con cobertura,8,337.0,327.0,664,46
7006,Con cobertura,9,346.0,290.0,636,46
7007,Con cobertura,10,367.0,267.0,634,46
7008,Con cobertura,11,336.0,259.0,595,46
7009,Con cobertura,12,325.0,240.0,565,46
7010,Con cobertura,13,258.0,279.0,537,46
7011,Con cobertura,14,289.0,277.0,566,46
7012,Con cobertura,15,441.0,312.0,753,46
7013,Con cobertura,16,358.0,362.0,720,46
7014,Con cobertura,17,312.0,326.0,638,46
7015,Con cobertura,18,301.0,357.0,658,46
7016,Con cobertura,19,297.0,318.0,615,46
7017,Con cobertura,20,306.0,278.0,584,46
7018,Con cobertura,21,257.0,226.0,483,46
7019,Con cobertura,22,243.0,211.0,454,46
7020,Con cobertura,23,203.0,236.0,439,46
7021,Con cobertura,24,290.0,258.0,548,46
7022,Con cobertura,25,208.0,300.0,508,46
7023,Con cobertura,26,268.0,199.0,467,46
7024,Con cobertura,27,247.0,271.0,518,46
7025,Con cobertura,28,289.0,351.0,640,46
7026,Con cobertura,29,313.0,281.0,594,46
7027,Con cobertura,30,356.0,377.0,733,46
7028,Con cobertura,31,246.0,311.0,557,46
7029,Con cobertura,32,329.0,296.0,625,46
7030,Con cobertura,33,247.0,222.0,469,46
7031,Con cobertura,34,301.0,199.0,500,46
7032,Con cobertura,35,339.0,265.0,604,46
7033,Con cobertura,36,293.0,237.0,530,46
7034,Con cobertura,37,239.0,221.0,460,46
7035,Con cobertura,38,154.0,215.0,369,46
7036,Con cobertura,39,250.0,199.0,449,46
7037,Con cobertura,40,173.0,199.0,372,46
7038,Con cobertura,41,168.0,195.0,363,46
7039,Con cobertura,42,152.0,196.0,348,46
7040,Con cobertura,43,175.0,201.0,376,46
7041,Con cobertura,44,219.0,250.0,469,46
7042,Con cobertura,45,224.0,218.0,442,46
7043,Con cobertura,46,242.0,173.0,415,46
7044,Con cobertura,47,151.0,219.0,370,46
7045,Con cobertura,48,183.0,173.0,356,46
7046,Con cobertura,49,219.0,130.0,349,46
7047,Con cobertura,50,122.0,178.0,300,46
7048,Con cobertura,51,189.0,169.0,358,46
7049,Con cobertura,52,115.0,171.0,286,46
7050,Con cobertura,53,187.0,200.0,387,46
7051,Con cobertura,54,96.0,177.0,273,46
7052,Con cobertura,55,156.0,101.0,257,46
7053,Con cobertura,56,144.0,133.0,277,46
7054,Con cobertura,57,142.0,144.0,286,46
7055,Con cobertura,58,140.0,98.0,238,46
7056,Con cobertura,59,164.0,106.0,270,46
7057,Con cobertura,60,93.0,136.0,229,46
7058,Con cobertura,61,147.0,92.0,239,46
7059,Con cobertura,62,64.0,73.0,137,46
7060,Con cobertura,63,79.0,87.0,166,46
7061,Con cobertura,64,60.0,67.0,127,46
7062,Con cobertura,65,135.0,39.0,174,46
7063,Con cobertura,66,77.0,60.0,137,46
7064,Con cobertura,67,33.0,38.0,71,46
7065,Con cobertura,68,52.0,28.0,80,46
7066,Con cobertura,69,21.0,57.0,78,46
7067,Con cobertura,70,40.0,47.0,87,46
7068,Con cobertura,71,12.0,49.0,61,46
7069,Con cobertura,72,8.0,51.0,59,46
7070,Con cobertura,73,44.0,59.0,103,46
7071,Con cobertura,74,25.0,51.0,76,46
7072,Con cobertura,75,28.0,18.0,46,46
7073,Con cobertura,76,19.0,11.0,30,46
7074,Con cobertura,77,26.0,11.0,37,46
7075,Con cobertura,78,14.0,29.0,43,46
7076,Con cobertura,79,17.0,40.0,57,46
7077,Con cobertura,80,9.0,40.0,49,46
7078,Con cobertura,81,15.0,74.0,89,46
7079,Con cobertura,82,14.0,20.0,34,46
7080,Con cobertura,83,8.0,10.0,18,46
7081,Con cobertura,84,5.0,33.0,38,46
7082,Con cobertura,85,3.0,24.0,27,46
7083,Con cobertura,86,3.0,3.0,6,46
7084,Con cobertura,87,2.0,4.0,6,46
7085,Con cobertura,88,2.0,2.0,4,46
7086,Con cobertura,89,2.0,12.0,14,46
7087,Con cobertura,90,28.0,2.0,30,46
7088,Con cobertura,91,2.0,0.0,2,46
7089,Con cobertura,92,0.0,1.0,1,46
7090,Con cobertura,93,2.0,0.0,2,46
7091,Con cobertura,95,2.0,0.0,2,46
7094,Con cobertura,0,96.0,57.0,153,46
7095,Con cobertura,1,25.0,90.0,115,46
7096,Con cobertura,2,156.0,108.0,264,46
7097,Con cobertura,3,61.0,37.0,98,46
7098,Con cobertura,4,121.0,46.0,167,46
7099,Con cobertura,5,63.0,63.0,126,46
7100,Con cobertura,6,82.0,82.0,164,46
7101,Con cobertura,7,82.0,71.0,153,46
7102,Con cobertura,8,54.0,28.0,82,46
7103,Con cobertura,9,62.0,54.0,116,46
7104,Con cobertura,10,77.0,84.0,161,46
7105,Con cobertura,11,64.0,73.0,137,46
7106,Con cobertura,12,68.0,40.0,108,46
7107,Con cobertura,13,111.0,102.0,213,46
7108,Con cobertura,14,79.0,50.0,129,46
7109,Con cobertura,15,38.0,70.0,108,46
7110,Con cobertura,16,57.0,40.0,97,46
7111,Con cobertura,17,37.0,92.0,129,46
7112,Con cobertura,18,30.0,33.0,63,46
7113,Con cobertura,19,72.0,34.0,106,46
7114,Con cobertura,20,48.0,52.0,100,46
7115,Con cobertura,21,41.0,76.0,117,46
7116,Con cobertura,22,79.0,50.0,129,46
7117,Con cobertura,23,40.0,125.0,165,46
7118,Con cobertura,24,90.0,55.0,145,46
7119,Con cobertura,25,37.0,65.0,102,46
7120,Con cobertura,26,59.0,57.0,116,46
7121,Con cobertura,27,79.0,86.0,165,46
7122,Con cobertura,28,116.0,107.0,223,46
7123,Con cobertura,29,67.0,81.0,148,46
7124,Con cobertura,30,92.0,152.0,244,46
7125,Con cobertura,31,110.0,108.0,218,46
7126,Con cobertura,32,71.0,64.0,135,46
7127,Con cobertura,33,106.0,81.0,187,46
7128,Con cobertura,34,85.0,73.0,158,46
7129,Con cobertura,35,55.0,76.0,131,46
7130,Con cobertura,36,77.0,48.0,125,46
7131,Con cobertura,37,50.0,102.0,152,46
7132,Con cobertura,38,52.0,65.0,117,46
7133,Con cobertura,39,91.0,40.0,131,46
7134,Con cobertura,40,93.0,33.0,126,46
7135,Con cobertura,41,30.0,40.0,70,46
7136,Con cobertura,42,56.0,22.0,78,46
7137,Con cobertura,43,55.0,47.0,102,46
7138,Con cobertura,44,37.0,47.0,84,46
7139,Con cobertura,45,31.0,33.0,64,46
7140,Con cobertura,46,18.0,36.0,54,46
7141,Con cobertura,47,74.0,46.0,120,46
7142,Con cobertura,48,39.0,41.0,80,46
7143,Con cobertura,49,27.0,61.0,88,46
7144,Con cobertura,50,77.0,49.0,126,46
7145,Con cobertura,51,61.0,30.0,91,46
7146,Con cobertura,52,35.0,29.0,64,46
7147,Con cobertura,53,35.0,35.0,70,46
7148,Con cobertura,54,62.0,45.0,107,46
7149,Con cobertura,55,31.0,44.0,75,46
7150,Con cobertura,56,34.0,56.0,90,46
7151,Con cobertura,57,55.0,17.0,72,46
7152,Con cobertura,58,24.0,4.0,28,46
7153,Con cobertura,59,6.0,4.0,10,46
7154,Con cobertura,60,14.0,37.0,51,46
7155,Con cobertura,61,9.0,26.0,35,46
7156,Con cobertura,62,36.0,27.0,63,46
7157,Con cobertura,63,27.0,17.0,44,46
7158,Con cobertura,64,11.0,6.0,17,46
7159,Con cobertura,65,26.0,13.0,39,46
7160,Con cobertura,66,7.0,10.0,17,46
7161,Con cobertura,67,4.0,12.0,16,46
7162,Con cobertura,68,16.0,10.0,26,46
7163,Con cobertura,69,2.0,27.0,29,46
7164,Con cobertura,70,10.0,11.0,21,46
7165,Con cobertura,71,3.0,2.0,5,46
7166,Con cobertura,72,1.0,2.0,3,46
7167,Con cobertura,73,10.0,1.0,11,46
7168,Con cobertura,74,0.0,1.0,1,46
7169,Con cobertura,75,18.0,0.0,18,46
7170,Con cobertura,76,1.0,1.0,2,46
7171,Con cobertura,78,2.0,0.0,2,46
7172,Con cobertura,79,10.0,0.0,10,46
7173,Con cobertura,80,2.0,2.0,4,46
7174,Con cobertura,81,1.0,1.0,2,46
7175,Con cobertura,82,0.0,2.0,2,46
7176,Con cobertura,84,1.0,1.0,2,46
7177,Con cobertura,89,0.0,1.0,1,46
7178,Con cobertura,91,0.0,1.0,1,46
7179,Con cobertura,92,1.0,0.0,1,46
7182,Con cobertura,0,35.0,39.0,74,46
7183,Con cobertura,1,107.0,50.0,157,46
7184,Con cobertura,2,64.0,31.0,95,46
7185,Con cobertura,3,66.0,56.0,122,46
7186,Con cobertura,4,52.0,42.0,94,46
7187,Con cobertura,5,39.0,50.0,89,46
7188,Con cobertura,6,35.0,32.0,67,46
7189,Con cobertura,7,58.0,42.0,100,46
7190,Con cobertura,8,32.0,50.0,82,46
7191,Con cobertura,9,27.0,31.0,58,46
7192,Con cobertura,10,34.0,51.0,85,46
7193,Con cobertura,11,39.0,25.0,64,46
7194,Con cobertura,12,50.0,43.0,93,46
7195,Con cobertura,13,73.0,84.0,157,46
7196,Con cobertura,14,65.0,72.0,137,46
7197,Con cobertura,15,69.0,48.0,117,46
7198,Con cobertura,16,77.0,27.0,104,46
7199,Con cobertura,17,94.0,77.0,171,46
7200,Con cobertura,18,35.0,80.0,115,46
7201,Con cobertura,19,70.0,101.0,171,46
7202,Con cobertura,20,59.0,65.0,124,46
7203,Con cobertura,21,94.0,48.0,142,46
7204,Con cobertura,22,33.0,15.0,48,46
7205,Con cobertura,23,17.0,32.0,49,46
7206,Con cobertura,24,29.0,34.0,63,46
7207,Con cobertura,25,17.0,23.0,40,46
7208,Con cobertura,26,9.0,35.0,44,46
7209,Con cobertura,27,30.0,32.0,62,46
7210,Con cobertura,28,53.0,64.0,117,46
7211,Con cobertura,29,34.0,38.0,72,46
7212,Con cobertura,30,39.0,57.0,96,46
7213,Con cobertura,31,32.0,50.0,82,46
7214,Con cobertura,32,24.0,45.0,69,46
7215,Con cobertura,33,27.0,42.0,69,46
7216,Con cobertura,34,21.0,37.0,58,46
7217,Con cobertura,35,14.0,79.0,93,46
7218,Con cobertura,36,26.0,41.0,67,46
7219,Con cobertura,37,16.0,53.0,69,46
7220,Con cobertura,38,10.0,46.0,56,46
7221,Con cobertura,39,55.0,67.0,122,46
7222,Con cobertura,40,36.0,32.0,68,46
7223,Con cobertura,41,34.0,32.0,66,46
7224,Con cobertura,42,43.0,27.0,70,46
7225,Con cobertura,43,23.0,51.0,74,46
7226,Con cobertura,44,41.0,34.0,75,46
7227,Con cobertura,45,41.0,41.0,82,46
7228,Con cobertura,46,39.0,74.0,113,46
7229,Con cobertura,47,36.0,83.0,119,46
7230,Con cobertura,48,40.0,82.0,122,46
7231,Con cobertura,49,33.0,76.0,109,46
7232,Con cobertura,50,37.0,31.0,68,46
7233,Con cobertura,51,18.0,68.0,86,46
7234,Con cobertura,52,41.0,73.0,114,46
7235,Con cobertura,53,75.0,31.0,106,46
7236,Con cobertura,54,27.0,51.0,78,46
7237,Con cobertura,55,30.0,110.0,140,46
7238,Con cobertura,56,30.0,52.0,82,46
7239,Con cobertura,57,59.0,58.0,117,46
7240,Con cobertura,58,24.0,32.0,56,46
7241,Con cobertura,59,52.0,58.0,110,46
7242,Con cobertura,60,81.0,61.0,142,46
7243,Con cobertura,61,43.0,26.0,69,46
7244,Con cobertura,62,15.0,56.0,71,46
7245,Con cobertura,63,35.0,18.0,53,46
7246,Con cobertura,64,48.0,12.0,60,46
7247,Con cobertura,65,35.0,19.0,54,46
7248,Con cobertura,66,6.0,23.0,29,46
7249,Con cobertura,67,11.0,22.0,33,46
7250,Con cobertura,68,13.0,41.0,54,46
7251,Con cobertura,69,23.0,7.0,30,46
7252,Con cobertura,70,16.0,21.0,37,46
7253,Con cobertura,71,15.0,26.0,41,46
7254,Con cobertura,72,7.0,21.0,28,46
7255,Con cobertura,73,25.0,4.0,29,46
7256,Con cobertura,74,5.0,5.0,10,46
7257,Con cobertura,75,12.0,36.0,48,46
7258,Con cobertura,76,6.0,33.0,39,46
7259,Con cobertura,77,30.0,13.0,43,46
7260,Con cobertura,78,5.0,15.0,20,46
7261,Con cobertura,79,18.0,12.0,30,46
7262,Con cobertura,80,28.0,24.0,52,46
7263,Con cobertura,81,10.0,11.0,21,46
7264,Con cobertura,82,14.0,4.0,18,46
7265,Con cobertura,83,10.0,1.0,11,46
7266,Con cobertura,84,1.0,8.0,9,46
7267,Con cobertura,85,3.0,7.0,10,46
7268,Con cobertura,86,1.0,1.0,2,46
7269,Con cobertura,87,0.0,3.0,3,46
7270,Con cobertura,90,0.0,1.0,1,46
7271,Con cobertura,91,1.0,4.0,5,46
7272,Con cobertura,92,1.0,0.0,1,46
7275,Sin cobertura,0,1478.0,1496.0,2974,46
7276,Sin cobertura,1,1471.0,1412.0,2883,46
7277,Sin cobertura,2,1486.0,1262.0,2748,46
7278,Sin cobertura,3,1377.0,1372.0,2749,46
7279,Sin cobertura,4,1299.0,1326.0,2625,46
7280,Sin cobertura,5,1517.0,1387.0,2904,46
7281,Sin cobertura,6,1482.0,1437.0,2919,46
7282,Sin cobertura,7,1387.0,1402.0,2789,46
7283,Sin cobertura,8,1202.0,1322.0,2524,46
7284,Sin cobertura,9,1185.0,1492.0,2677,46
7285,Sin cobertura,10,1341.0,1545.0,2886,46
7286,Sin cobertura,11,1358.0,1311.0,2669,46
7287,Sin cobertura,12,1213.0,1235.0,2448,46
7288,Sin cobertura,13,1215.0,1304.0,2519,46
7289,Sin cobertura,14,1665.0,1299.0,2964,46
7290,Sin cobertura,15,1517.0,1413.0,2930,46
7291,Sin cobertura,16,1353.0,1383.0,2736,46
7292,Sin cobertura,17,1417.0,1241.0,2658,46
7293,Sin cobertura,18,1269.0,1557.0,2826,46
7294,Sin cobertura,19,1427.0,1293.0,2720,46
7295,Sin cobertura,20,1467.0,1326.0,2793,46
7296,Sin cobertura,21,1540.0,1426.0,2966,46
7297,Sin cobertura,22,1843.0,1744.0,3587,46
7298,Sin cobertura,23,1535.0,1659.0,3194,46
7299,Sin cobertura,24,1674.0,1540.0,3214,46
7300,Sin cobertura,25,1526.0,1618.0,3144,46
7301,Sin cobertura,26,1373.0,1434.0,2807,46
7302,Sin cobertura,27,1311.0,1293.0,2604,46
7303,Sin cobertura,28,1438.0,1315.0,2753,46
7304,Sin cobertura,29,1390.0,1298.0,2688,46
7305,Sin cobertura,30,1412.0,1351.0,2763,46
7306,Sin cobertura,31,1350.0,1317.0,2667,46
7307,Sin cobertura,32,1135.0,1155.0,2290,46
7308,Sin cobertura,33,1292.0,1124.0,2416,46
7309,Sin cobertura,34,1026.0,1097.0,2123,46
7310,Sin cobertura,35,1152.0,893.0,2045,46
7311,Sin cobertura,36,861.0,831.0,1692,46
7312,Sin cobertura,37,851.0,755.0,1606,46
7313,Sin cobertura,38,695.0,715.0,1410,46
7314,Sin cobertura,39,786.0,634.0,1420,46
7315,Sin cobertura,40,788.0,569.0,1357,46
7316,Sin cobertura,41,699.0,567.0,1266,46
7317,Sin cobertura,42,627.0,510.0,1137,46
7318,Sin cobertura,43,538.0,541.0,1079,46
7319,Sin cobertura,44,501.0,617.0,1118,46
7320,Sin cobertura,45,610.0,435.0,1045,46
7321,Sin cobertura,46,531.0,410.0,941,46
7322,Sin cobertura,47,466.0,484.0,950,46
7323,Sin cobertura,48,423.0,394.0,817,46
7324,Sin cobertura,49,473.0,373.0,846,46
7325,Sin cobertura,50,570.0,421.0,991,46
7326,Sin cobertura,51,439.0,346.0,785,46
7327,Sin cobertura,52,445.0,316.0,761,46
7328,Sin cobertura,53,435.0,358.0,793,46
7329,Sin cobertura,54,344.0,437.0,781,46
7330,Sin cobertura,55,375.0,427.0,802,46
7331,Sin cobertura,56,412.0,367.0,779,46
7332,Sin cobertura,57,397.0,271.0,668,46
7333,Sin cobertura,58,310.0,299.0,609,46
7334,Sin cobertura,59,293.0,209.0,502,46
7335,Sin cobertura,60,286.0,322.0,608,46
7336,Sin cobertura,61,339.0,200.0,539,46
7337,Sin cobertura,62,282.0,193.0,475,46
7338,Sin cobertura,63,230.0,88.0,318,46
7339,Sin cobertura,64,227.0,47.0,274,46
7340,Sin cobertura,65,174.0,47.0,221,46
7341,Sin cobertura,66,133.0,50.0,183,46
7342,Sin cobertura,67,68.0,64.0,132,46
7343,Sin cobertura,68,69.0,37.0,106,46
7344,Sin cobertura,69,48.0,35.0,83,46
7345,Sin cobertura,70,47.0,18.0,65,46
7346,Sin cobertura,71,55.0,47.0,102,46
7347,Sin cobertura,72,44.0,24.0,68,46
7348,Sin cobertura,73,37.0,54.0,91,46
7349,Sin cobertura,74,24.0,18.0,42,46
7350,Sin cobertura,75,55.0,36.0,91,46
7351,Sin cobertura,76,20.0,26.0,46,46
7352,Sin cobertura,77,22.0,42.0,64,46
7353,Sin cobertura,78,27.0,42.0,69,46
7354,Sin cobertura,79,24.0,34.0,58,46
7355,Sin cobertura,80,27.0,12.0,39,46
7356,Sin cobertura,81,23.0,21.0,44,46
7357,Sin cobertura,82,16.0,10.0,26,46
7358,Sin cobertura,83,14.0,20.0,34,46
7359,Sin cobertura,84,17.0,8.0,25,46
7360,Sin cobertura,85,9.0,4.0,13,46
7361,Sin cobertura,86,12.0,9.0,21,46
7362,Sin cobertura,87,2.0,19.0,21,46
7363,Sin cobertura,88,9.0,6.0,15,46
7364,Sin cobertura,89,4.0,7.0,11,46
7365,Sin cobertura,90,1.0,5.0,6,46
7366,Sin cobertura,91,2.0,10.0,12,46
7367,Sin cobertura,92,1.0,1.0,2,46
7368,Sin cobertura,93,4.0,2.0,6,46
7369,Sin cobertura,94,1.0,3.0,4,46
7370,Sin cobertura,95,0.0,2.0,2,46
7371,Sin cobertura,97,0.0,4.0,4,46
7372,Sin cobertura,99,1.0,0.0,1,46
7373,Sin cobertura,100,11.0,0.0,11,46
7374,Sin cobertura,110,1.0,0.0,1,46
7489,Con cobertura,0,6294.0,6378.0,12672,50
7490,Con cobertura,1,6134.0,6178.0,12312,50
7491,Con cobertura,2,6969.0,6263.0,13232,50
7492,Con cobertura,3,6519.0,6276.0,12795,50
7493,Con cobertura,4,6563.0,6238.0,12801,50
7494,Con cobertura,5,6717.0,6524.0,13241,50
7495,Con cobertura,6,6529.0,5837.0,12366,50
7496,Con cobertura,7,6424.0,6000.0,12424,50
7497,Con cobertura,8,6135.0,5946.0,12081,50
7498,Con cobertura,9,6375.0,6588.0,12963,50
7499,Con cobertura,10,7121.0,6413.0,13534,50
7500,Con cobertura,11,6929.0,6485.0,13414,50
7501,Con cobertura,12,6810.0,6281.0,13091,50
7502,Con cobertura,13,6752.0,6431.0,13183,50
7503,Con cobertura,14,7419.0,6834.0,14253,50
7504,Con cobertura,15,6836.0,7191.0,14027,50
7505,Con cobertura,16,6801.0,6670.0,13471,50
7506,Con cobertura,17,6815.0,6689.0,13504,50
7507,Con cobertura,18,6863.0,7019.0,13882,50
7508,Con cobertura,19,6713.0,7204.0,13917,50
7509,Con cobertura,20,6642.0,6157.0,12799,50
7510,Con cobertura,21,5138.0,5308.0,10446,50
7511,Con cobertura,22,5174.0,5016.0,10190,50
7512,Con cobertura,23,5613.0,5473.0,11086,50
7513,Con cobertura,24,5357.0,5823.0,11180,50
7514,Con cobertura,25,4965.0,5119.0,10084,50
7515,Con cobertura,26,5133.0,5553.0,10686,50
7516,Con cobertura,27,5288.0,5379.0,10667,50
7517,Con cobertura,28,5792.0,6133.0,11925,50
7518,Con cobertura,29,5618.0,5901.0,11519,50
7519,Con cobertura,30,6005.0,6370.0,12375,50
7520,Con cobertura,31,6083.0,6389.0,12472,50
7521,Con cobertura,32,5595.0,6856.0,12451,50
7522,Con cobertura,33,5471.0,6371.0,11842,50
7523,Con cobertura,34,5571.0,5934.0,11505,50
7524,Con cobertura,35,5216.0,6409.0,11625,50
7525,Con cobertura,36,5501.0,5953.0,11454,50
7526,Con cobertura,37,5015.0,5573.0,10588,50
7527,Con cobertura,38,5192.0,5433.0,10625,50
7528,Con cobertura,39,4963.0,5409.0,10372,50
7529,Con cobertura,40,5036.0,5522.0,10558,50
7530,Con cobertura,41,4639.0,5374.0,10013,50
7531,Con cobertura,42,4310.0,5341.0,9651,50
7532,Con cobertura,43,4542.0,4701.0,9243,50
7533,Con cobertura,44,3803.0,4614.0,8417,50
7534,Con cobertura,45,4165.0,4787.0,8952,50
7535,Con cobertura,46,4499.0,4880.0,9379,50
7536,Con cobertura,47,4162.0,5169.0,9331,50
7537,Con cobertura,48,4271.0,4694.0,8965,50
7538,Con cobertura,49,4181.0,4861.0,9042,50
7539,Con cobertura,50,4277.0,4667.0,8944,50
7540,Con cobertura,51,3868.0,4436.0,8304,50
7541,Con cobertura,52,3807.0,4417.0,8224,50
7542,Con cobertura,53,4063.0,4513.0,8576,50
7543,Con cobertura,54,3637.0,4430.0,8067,50
7544,Con cobertura,55,4087.0,4797.0,8884,50
7545,Con cobertura,56,3656.0,4248.0,7904,50
7546,Con cobertura,57,3750.0,4913.0,8663,50
7547,Con cobertura,58,3866.0,4680.0,8546,50
7548,Con cobertura,59,3630.0,4518.0,8148,50
7549,Con cobertura,60,3946.0,5350.0,9296,50
7550,Con cobertura,61,3452.0,5982.0,9434,50
7551,Con cobertura,62,3362.0,6022.0,9384,50
7552,Con cobertura,63,3490.0,6453.0,9943,50
7553,Con cobertura,64,3309.0,6278.0,9587,50
7554,Con cobertura,65,3774.0,6205.0,9979,50
7555,Con cobertura,66,4672.0,6169.0,10841,50
7556,Con cobertura,67,4652.0,5498.0,10150,50
7557,Con cobertura,68,4274.0,5068.0,9342,50
7558,Con cobertura,69,4003.0,5048.0,9051,50
7559,Con cobertura,70,3966.0,5305.0,9271,50
7560,Con cobertura,71,3738.0,4747.0,8485,50
7561,Con cobertura,72,3575.0,4531.0,8106,50
7562,Con cobertura,73,3097.0,4197.0,7294,50
7563,Con cobertura,74,3044.0,4265.0,7309,50
7564,Con cobertura,75,3078.0,4243.0,7321,50
7565,Con cobertura,76,2720.0,3880.0,6600,50
7566,Con cobertura,77,2642.0,3669.0,6311,50
7567,Con cobertura,78,2663.0,3613.0,6276,50
7568,Con cobertura,79,2518.0,3609.0,6127,50
7569,Con cobertura,80,2138.0,3348.0,5486,50
7570,Con cobertura,81,1781.0,3209.0,4990,50
7571,Con cobertura,82,1642.0,2751.0,4393,50
7572,Con cobertura,83,1561.0,2710.0,4271,50
7573,Con cobertura,84,1332.0,2463.0,3795,50
7574,Con cobertura,85,944.0,2055.0,2999,50
7575,Con cobertura,86,993.0,1697.0,2690,50
7576,Con cobertura,87,750.0,1486.0,2236,50
7577,Con cobertura,88,528.0,1395.0,1923,50
7578,Con cobertura,89,485.0,964.0,1449,50
7579,Con cobertura,90,364.0,748.0,1112,50
7580,Con cobertura,91,247.0,539.0,786,50
7581,Con cobertura,92,161.0,506.0,667,50
7582,Con cobertura,93,199.0,372.0,571,50
7583,Con cobertura,94,65.0,295.0,360,50
7584,Con cobertura,95,70.0,165.0,235,50
7585,Con cobertura,96,31.0,157.0,188,50
7586,Con cobertura,97,23.0,109.0,132,50
7587,Con cobertura,98,4.0,74.0,78,50
7588,Con cobertura,99,31.0,38.0,69,50
7589,Con cobertura,100,3.0,32.0,35,50
7590,Con cobertura,101,0.0,5.0,5,50
7591,Con cobertura,102,1.0,2.0,3,50
7592,Con cobertura,103,0.0,3.0,3,50
7593,Con cobertura,104,0.0,1.0,1,50
7594,Con cobertura,105,0.0,2.0,2,50
7595,Con cobertura,106,0.0,1.0,1,50
7596,Con cobertura,107,0.0,1.0,1,50
7599,Con cobertura,0,1336.0,1359.0,2695,50
7600,Con cobertura,1,1486.0,1229.0,2715,50
7601,Con cobertura,2,1342.0,1368.0,2710,50
7602,Con cobertura,3,1331.0,1291.0,2622,50
7603,Con cobertura,4,1218.0,1243.0,2461,50
7604,Con cobertura,5,1322.0,1271.0,2593,50
7605,Con cobertura,6,1197.0,1282.0,2479,50
7606,Con cobertura,7,1082.0,1413.0,2495,50
7607,Con cobertura,8,1068.0,1186.0,2254,50
7608,Con cobertura,9,1274.0,1218.0,2492,50
7609,Con cobertura,10,1207.0,1153.0,2360,50
7610,Con cobertura,11,1311.0,1080.0,2391,50
7611,Con cobertura,12,1290.0,1170.0,2460,50
7612,Con cobertura,13,1091.0,1174.0,2265,50
7613,Con cobertura,14,1106.0,1291.0,2397,50
7614,Con cobertura,15,1144.0,1213.0,2357,50
7615,Con cobertura,16,1251.0,932.0,2183,50
7616,Con cobertura,17,1333.0,1230.0,2563,50
7617,Con cobertura,18,1135.0,1227.0,2362,50
7618,Con cobertura,19,1037.0,1176.0,2213,50
7619,Con cobertura,20,1186.0,1088.0,2274,50
7620,Con cobertura,21,1017.0,987.0,2004,50
7621,Con cobertura,22,1191.0,867.0,2058,50
7622,Con cobertura,23,1229.0,1010.0,2239,50
7623,Con cobertura,24,1200.0,1010.0,2210,50
7624,Con cobertura,25,1098.0,1297.0,2395,50
7625,Con cobertura,26,940.0,1032.0,1972,50
7626,Con cobertura,27,1293.0,1210.0,2503,50
7627,Con cobertura,28,1271.0,1412.0,2683,50
7628,Con cobertura,29,1375.0,1517.0,2892,50
7629,Con cobertura,30,1469.0,1654.0,3123,50
7630,Con cobertura,31,1389.0,1388.0,2777,50
7631,Con cobertura,32,1363.0,1302.0,2665,50
7632,Con cobertura,33,1284.0,1443.0,2727,50
7633,Con cobertura,34,1294.0,1316.0,2610,50
7634,Con cobertura,35,1157.0,1148.0,2305,50
7635,Con cobertura,36,1137.0,1226.0,2363,50
7636,Con cobertura,37,1214.0,1086.0,2300,50
7637,Con cobertura,38,1085.0,1082.0,2167,50
7638,Con cobertura,39,1181.0,1093.0,2274,50
7639,Con cobertura,40,1062.0,959.0,2021,50
7640,Con cobertura,41,942.0,975.0,1917,50
7641,Con cobertura,42,906.0,1017.0,1923,50
7642,Con cobertura,43,820.0,899.0,1719,50
7643,Con cobertura,44,846.0,874.0,1720,50
7644,Con cobertura,45,808.0,710.0,1518,50
7645,Con cobertura,46,820.0,853.0,1673,50
7646,Con cobertura,47,828.0,878.0,1706,50
7647,Con cobertura,48,861.0,783.0,1644,50
7648,Con cobertura,49,879.0,806.0,1685,50
7649,Con cobertura,50,711.0,692.0,1403,50
7650,Con cobertura,51,677.0,874.0,1551,50
7651,Con cobertura,52,738.0,689.0,1427,50
7652,Con cobertura,53,743.0,870.0,1613,50
7653,Con cobertura,54,718.0,722.0,1440,50
7654,Con cobertura,55,666.0,734.0,1400,50
7655,Con cobertura,56,748.0,717.0,1465,50
7656,Con cobertura,57,661.0,656.0,1317,50
7657,Con cobertura,58,616.0,584.0,1200,50
7658,Con cobertura,59,573.0,749.0,1322,50
7659,Con cobertura,60,631.0,543.0,1174,50
7660,Con cobertura,61,602.0,336.0,938,50
7661,Con cobertura,62,507.0,325.0,832,50
7662,Con cobertura,63,464.0,271.0,735,50
7663,Con cobertura,64,421.0,234.0,655,50
7664,Con cobertura,65,396.0,231.0,627,50
7665,Con cobertura,66,235.0,183.0,418,50
7666,Con cobertura,67,240.0,156.0,396,50
7667,Con cobertura,68,171.0,124.0,295,50
7668,Con cobertura,69,166.0,162.0,328,50
7669,Con cobertura,70,155.0,124.0,279,50
7670,Con cobertura,71,125.0,145.0,270,50
7671,Con cobertura,72,127.0,120.0,247,50
7672,Con cobertura,73,88.0,88.0,176,50
7673,Con cobertura,74,74.0,105.0,179,50
7674,Con cobertura,75,62.0,117.0,179,50
7675,Con cobertura,76,68.0,123.0,191,50
7676,Con cobertura,77,35.0,59.0,94,50
7677,Con cobertura,78,31.0,63.0,94,50
7678,Con cobertura,79,35.0,91.0,126,50
7679,Con cobertura,80,62.0,101.0,163,50
7680,Con cobertura,81,46.0,77.0,123,50
7681,Con cobertura,82,32.0,98.0,130,50
7682,Con cobertura,83,17.0,31.0,48,50
7683,Con cobertura,84,30.0,42.0,72,50
7684,Con cobertura,85,25.0,48.0,73,50
7685,Con cobertura,86,36.0,66.0,102,50
7686,Con cobertura,87,25.0,18.0,43,50
7687,Con cobertura,88,6.0,38.0,44,50
7688,Con cobertura,89,30.0,8.0,38,50
7689,Con cobertura,90,12.0,4.0,16,50
7690,Con cobertura,91,11.0,12.0,23,50
7691,Con cobertura,92,9.0,1.0,10,50
7692,Con cobertura,93,11.0,3.0,14,50
7693,Con cobertura,94,1.0,0.0,1,50
7694,Con cobertura,95,1.0,0.0,1,50
7695,Con cobertura,96,0.0,2.0,2,50
7696,Con cobertura,97,0.0,1.0,1,50
7697,Con cobertura,104,0.0,1.0,1,50
7698,Con cobertura,105,0.0,1.0,1,50
7701,Con cobertura,0,439.0,537.0,976,50
7702,Con cobertura,1,551.0,522.0,1073,50
7703,Con cobertura,2,429.0,443.0,872,50
7704,Con cobertura,3,539.0,467.0,1006,50
7705,Con cobertura,4,450.0,337.0,787,50
7706,Con cobertura,5,441.0,442.0,883,50
7707,Con cobertura,6,378.0,558.0,936,50
7708,Con cobertura,7,427.0,459.0,886,50
7709,Con cobertura,8,426.0,424.0,850,50
7710,Con cobertura,9,396.0,411.0,807,50
7711,Con cobertura,10,400.0,431.0,831,50
7712,Con cobertura,11,410.0,309.0,719,50
7713,Con cobertura,12,377.0,405.0,782,50
7714,Con cobertura,13,364.0,324.0,688,50
7715,Con cobertura,14,397.0,339.0,736,50
7716,Con cobertura,15,420.0,429.0,849,50
7717,Con cobertura,16,328.0,354.0,682,50
7718,Con cobertura,17,477.0,352.0,829,50
7719,Con cobertura,18,310.0,391.0,701,50
7720,Con cobertura,19,378.0,406.0,784,50
7721,Con cobertura,20,364.0,438.0,802,50
7722,Con cobertura,21,478.0,526.0,1004,50
7723,Con cobertura,22,434.0,486.0,920,50
7724,Con cobertura,23,467.0,686.0,1153,50
7725,Con cobertura,24,552.0,666.0,1218,50
7726,Con cobertura,25,473.0,550.0,1023,50
7727,Con cobertura,26,419.0,683.0,1102,50
7728,Con cobertura,27,484.0,631.0,1115,50
7729,Con cobertura,28,489.0,563.0,1052,50
7730,Con cobertura,29,526.0,662.0,1188,50
7731,Con cobertura,30,457.0,592.0,1049,50
7732,Con cobertura,31,615.0,671.0,1286,50
7733,Con cobertura,32,575.0,602.0,1177,50
7734,Con cobertura,33,503.0,607.0,1110,50
7735,Con cobertura,34,444.0,419.0,863,50
7736,Con cobertura,35,498.0,536.0,1034,50
7737,Con cobertura,36,391.0,632.0,1023,50
7738,Con cobertura,37,471.0,552.0,1023,50
7739,Con cobertura,38,548.0,490.0,1038,50
7740,Con cobertura,39,514.0,487.0,1001,50
7741,Con cobertura,40,450.0,423.0,873,50
7742,Con cobertura,41,319.0,357.0,676,50
7743,Con cobertura,42,410.0,391.0,801,50
7744,Con cobertura,43,367.0,261.0,628,50
7745,Con cobertura,44,422.0,264.0,686,50
7746,Con cobertura,45,356.0,433.0,789,50
7747,Con cobertura,46,353.0,369.0,722,50
7748,Con cobertura,47,300.0,346.0,646,50
7749,Con cobertura,48,362.0,408.0,770,50
7750,Con cobertura,49,346.0,387.0,733,50
7751,Con cobertura,50,378.0,417.0,795,50
7752,Con cobertura,51,330.0,459.0,789,50
7753,Con cobertura,52,401.0,447.0,848,50
7754,Con cobertura,53,284.0,356.0,640,50
7755,Con cobertura,54,399.0,472.0,871,50
7756,Con cobertura,55,422.0,409.0,831,50
7757,Con cobertura,56,325.0,409.0,734,50
7758,Con cobertura,57,359.0,343.0,702,50
7759,Con cobertura,58,379.0,400.0,779,50
7760,Con cobertura,59,345.0,415.0,760,50
7761,Con cobertura,60,406.0,383.0,789,50
7762,Con cobertura,61,378.0,327.0,705,50
7763,Con cobertura,62,463.0,277.0,740,50
7764,Con cobertura,63,328.0,127.0,455,50
7765,Con cobertura,64,255.0,208.0,463,50
7766,Con cobertura,65,291.0,197.0,488,50
7767,Con cobertura,66,170.0,109.0,279,50
7768,Con cobertura,67,150.0,99.0,249,50
7769,Con cobertura,68,105.0,28.0,133,50
7770,Con cobertura,69,70.0,63.0,133,50
7771,Con cobertura,70,93.0,75.0,168,50
7772,Con cobertura,71,51.0,119.0,170,50
7773,Con cobertura,72,50.0,51.0,101,50
7774,Con cobertura,73,35.0,115.0,150,50
7775,Con cobertura,74,85.0,54.0,139,50
7776,Con cobertura,75,11.0,81.0,92,50
7777,Con cobertura,76,42.0,59.0,101,50
7778,Con cobertura,77,71.0,59.0,130,50
7779,Con cobertura,78,34.0,26.0,60,50
7780,Con cobertura,79,26.0,41.0,67,50
7781,Con cobertura,80,42.0,57.0,99,50
7782,Con cobertura,81,8.0,56.0,64,50
7783,Con cobertura,82,22.0,43.0,65,50
7784,Con cobertura,83,24.0,29.0,53,50
7785,Con cobertura,84,13.0,14.0,27,50
7786,Con cobertura,85,20.0,22.0,42,50
7787,Con cobertura,86,13.0,4.0,17,50
7788,Con cobertura,87,15.0,11.0,26,50
7789,Con cobertura,88,0.0,11.0,11,50
7790,Con cobertura,89,1.0,0.0,1,50
7791,Con cobertura,90,0.0,13.0,13,50
7792,Con cobertura,91,0.0,10.0,10,50
7793,Con cobertura,92,0.0,1.0,1,50
7794,Con cobertura,93,0.0,1.0,1,50
7795,Con cobertura,95,10.0,0.0,10,50
7796,Con cobertura,96,1.0,0.0,1,50
7797,Con cobertura,97,0.0,11.0,11,50
7800,Con cobertura,0,518.0,512.0,1030,50
7801,Con cobertura,1,495.0,428.0,923,50
7802,Con cobertura,2,469.0,324.0,793,50
7803,Con cobertura,3,318.0,377.0,695,50
7804,Con cobertura,4,254.0,326.0,580,50
7805,Con cobertura,5,364.0,240.0,604,50
7806,Con cobertura,6,179.0,199.0,378,50
7807,Con cobertura,7,201.0,192.0,393,50
7808,Con cobertura,8,270.0,175.0,445,50
7809,Con cobertura,9,181.0,237.0,418,50
7810,Con cobertura,10,213.0,188.0,401,50
7811,Con cobertura,11,213.0,193.0,406,50
7812,Con cobertura,12,173.0,168.0,341,50
7813,Con cobertura,13,231.0,174.0,405,50
7814,Con cobertura,14,253.0,246.0,499,50
7815,Con cobertura,15,214.0,230.0,444,50
7816,Con cobertura,16,259.0,154.0,413,50
7817,Con cobertura,17,219.0,211.0,430,50
7818,Con cobertura,18,232.0,174.0,406,50
7819,Con cobertura,19,116.0,219.0,335,50
7820,Con cobertura,20,173.0,198.0,371,50
7821,Con cobertura,21,148.0,135.0,283,50
7822,Con cobertura,22,162.0,121.0,283,50
7823,Con cobertura,23,118.0,163.0,281,50
7824,Con cobertura,24,177.0,130.0,307,50
7825,Con cobertura,25,132.0,147.0,279,50
7826,Con cobertura,26,174.0,136.0,310,50
7827,Con cobertura,27,84.0,122.0,206,50
7828,Con cobertura,28,112.0,144.0,256,50
7829,Con cobertura,29,114.0,174.0,288,50
7830,Con cobertura,30,144.0,187.0,331,50
7831,Con cobertura,31,121.0,218.0,339,50
7832,Con cobertura,32,134.0,150.0,284,50
7833,Con cobertura,33,109.0,121.0,230,50
7834,Con cobertura,34,160.0,109.0,269,50
7835,Con cobertura,35,146.0,117.0,263,50
7836,Con cobertura,36,90.0,189.0,279,50
7837,Con cobertura,37,71.0,133.0,204,50
7838,Con cobertura,38,90.0,137.0,227,50
7839,Con cobertura,39,86.0,159.0,245,50
7840,Con cobertura,40,123.0,124.0,247,50
7841,Con cobertura,41,121.0,134.0,255,50
7842,Con cobertura,42,97.0,171.0,268,50
7843,Con cobertura,43,79.0,182.0,261,50
7844,Con cobertura,44,110.0,118.0,228,50
7845,Con cobertura,45,134.0,218.0,352,50
7846,Con cobertura,46,106.0,150.0,256,50
7847,Con cobertura,47,112.0,185.0,297,50
7848,Con cobertura,48,99.0,149.0,248,50
7849,Con cobertura,49,78.0,156.0,234,50
7850,Con cobertura,50,89.0,110.0,199,50
7851,Con cobertura,51,139.0,230.0,369,50
7852,Con cobertura,52,99.0,211.0,310,50
7853,Con cobertura,53,80.0,192.0,272,50
7854,Con cobertura,54,79.0,235.0,314,50
7855,Con cobertura,55,117.0,158.0,275,50
7856,Con cobertura,56,89.0,212.0,301,50
7857,Con cobertura,57,103.0,198.0,301,50
7858,Con cobertura,58,97.0,127.0,224,50
7859,Con cobertura,59,121.0,141.0,262,50
7860,Con cobertura,60,79.0,146.0,225,50
7861,Con cobertura,61,129.0,142.0,271,50
7862,Con cobertura,62,99.0,119.0,218,50
7863,Con cobertura,63,74.0,70.0,144,50
7864,Con cobertura,64,101.0,90.0,191,50
7865,Con cobertura,65,46.0,48.0,94,50
7866,Con cobertura,66,95.0,35.0,130,50
7867,Con cobertura,67,27.0,41.0,68,50
7868,Con cobertura,68,45.0,40.0,85,50
7869,Con cobertura,69,22.0,31.0,53,50
7870,Con cobertura,70,27.0,44.0,71,50
7871,Con cobertura,71,29.0,38.0,67,50
7872,Con cobertura,72,19.0,9.0,28,50
7873,Con cobertura,73,47.0,37.0,84,50
7874,Con cobertura,74,15.0,15.0,30,50
7875,Con cobertura,75,49.0,28.0,77,50
7876,Con cobertura,76,49.0,24.0,73,50
7877,Con cobertura,77,25.0,23.0,48,50
7878,Con cobertura,78,6.0,44.0,50,50
7879,Con cobertura,79,23.0,42.0,65,50
7880,Con cobertura,80,28.0,31.0,59,50
7881,Con cobertura,81,38.0,51.0,89,50
7882,Con cobertura,82,16.0,19.0,35,50
7883,Con cobertura,83,6.0,4.0,10,50
7884,Con cobertura,84,20.0,28.0,48,50
7885,Con cobertura,85,15.0,20.0,35,50
7886,Con cobertura,86,15.0,33.0,48,50
7887,Con cobertura,87,13.0,3.0,16,50
7888,Con cobertura,88,1.0,12.0,13,50
7889,Con cobertura,89,10.0,2.0,12,50
7890,Con cobertura,90,3.0,10.0,13,50
7891,Con cobertura,91,1.0,10.0,11,50
7892,Con cobertura,92,2.0,10.0,12,50
7893,Con cobertura,93,1.0,0.0,1,50
7894,Con cobertura,94,0.0,3.0,3,50
7895,Con cobertura,95,8.0,11.0,19,50
7896,Con cobertura,96,2.0,1.0,3,50
7897,Con cobertura,97,0.0,10.0,10,50
7898,Con cobertura,103,0.0,1.0,1,50
7901,Sin cobertura,0,7216.0,6915.0,14131,50
7902,Sin cobertura,1,7229.0,6842.0,14071,50
7903,Sin cobertura,2,7141.0,6689.0,13830,50
7904,Sin cobertura,3,6560.0,6657.0,13217,50
7905,Sin cobertura,4,6337.0,6244.0,12581,50
7906,Sin cobertura,5,6810.0,6479.0,13289,50
7907,Sin cobertura,6,6074.0,6032.0,12106,50
7908,Sin cobertura,7,5696.0,5922.0,11618,50
7909,Sin cobertura,8,6004.0,5620.0,11624,50
7910,Sin cobertura,9,5895.0,5716.0,11611,50
7911,Sin cobertura,10,6299.0,6434.0,12733,50
7912,Sin cobertura,11,6338.0,6268.0,12606,50
7913,Sin cobertura,12,6745.0,6322.0,13067,50
7914,Sin cobertura,13,6462.0,6259.0,12721,50
7915,Sin cobertura,14,7066.0,6918.0,13984,50
7916,Sin cobertura,15,7174.0,7224.0,14398,50
7917,Sin cobertura,16,7134.0,7120.0,14254,50
7918,Sin cobertura,17,6962.0,6582.0,13544,50
7919,Sin cobertura,18,7709.0,7327.0,15036,50
7920,Sin cobertura,19,7780.0,7399.0,15179,50
7921,Sin cobertura,20,7535.0,6851.0,14386,50
7922,Sin cobertura,21,8255.0,8007.0,16262,50
7923,Sin cobertura,22,7934.0,7846.0,15780,50
7924,Sin cobertura,23,7979.0,7745.0,15724,50
7925,Sin cobertura,24,7274.0,7078.0,14352,50
7926,Sin cobertura,25,6787.0,6249.0,13036,50
7927,Sin cobertura,26,6116.0,5632.0,11748,50
7928,Sin cobertura,27,5781.0,5292.0,11073,50
7929,Sin cobertura,28,6202.0,5950.0,12152,50
7930,Sin cobertura,29,5794.0,5545.0,11339,50
7931,Sin cobertura,30,5855.0,5570.0,11425,50
7932,Sin cobertura,31,5452.0,5013.0,10465,50
7933,Sin cobertura,32,4887.0,4898.0,9785,50
7934,Sin cobertura,33,5202.0,4546.0,9748,50
7935,Sin cobertura,34,4861.0,4259.0,9120,50
7936,Sin cobertura,35,4327.0,4931.0,9258,50
7937,Sin cobertura,36,4137.0,4206.0,8343,50
7938,Sin cobertura,37,3831.0,3946.0,7777,50
7939,Sin cobertura,38,3896.0,3756.0,7652,50
7940,Sin cobertura,39,3614.0,3512.0,7126,50
7941,Sin cobertura,40,3703.0,3840.0,7543,50
7942,Sin cobertura,41,3216.0,3232.0,6448,50
7943,Sin cobertura,42,3353.0,3580.0,6933,50
7944,Sin cobertura,43,3214.0,3265.0,6479,50
7945,Sin cobertura,44,2885.0,3117.0,6002,50
7946,Sin cobertura,45,3278.0,3180.0,6458,50
7947,Sin cobertura,46,3097.0,3206.0,6303,50
7948,Sin cobertura,47,3004.0,3243.0,6247,50
7949,Sin cobertura,48,3362.0,3144.0,6506,50
7950,Sin cobertura,49,3117.0,3155.0,6272,50
7951,Sin cobertura,50,2933.0,3153.0,6086,50
7952,Sin cobertura,51,2897.0,2919.0,5816,50
7953,Sin cobertura,52,2907.0,3289.0,6196,50
7954,Sin cobertura,53,3042.0,2974.0,6016,50
7955,Sin cobertura,54,2970.0,3163.0,6133,50
7956,Sin cobertura,55,3074.0,2878.0,5952,50
7957,Sin cobertura,56,2837.0,3192.0,6029,50
7958,Sin cobertura,57,3022.0,2668.0,5690,50
7959,Sin cobertura,58,2864.0,2957.0,5821,50
7960,Sin cobertura,59,2618.0,2533.0,5151,50
7961,Sin cobertura,60,2847.0,2344.0,5191,50
7962,Sin cobertura,61,2431.0,1156.0,3587,50
7963,Sin cobertura,62,2534.0,766.0,3300,50
7964,Sin cobertura,63,2221.0,597.0,2818,50
7965,Sin cobertura,64,1796.0,500.0,2296,50
7966,Sin cobertura,65,1486.0,371.0,1857,50
7967,Sin cobertura,66,669.0,205.0,874,50
7968,Sin cobertura,67,448.0,199.0,647,50
7969,Sin cobertura,68,357.0,234.0,591,50
7970,Sin cobertura,69,267.0,178.0,445,50
7971,Sin cobertura,70,305.0,184.0,489,50
7972,Sin cobertura,71,133.0,152.0,285,50
7973,Sin cobertura,72,129.0,122.0,251,50
7974,Sin cobertura,73,161.0,114.0,275,50
7975,Sin cobertura,74,197.0,96.0,293,50
7976,Sin cobertura,75,148.0,143.0,291,50
7977,Sin cobertura,76,89.0,66.0,155,50
7978,Sin cobertura,77,105.0,124.0,229,50
7979,Sin cobertura,78,98.0,122.0,220,50
7980,Sin cobertura,79,107.0,121.0,228,50
7981,Sin cobertura,80,94.0,133.0,227,50
7982,Sin cobertura,81,37.0,58.0,95,50
7983,Sin cobertura,82,53.0,63.0,116,50
7984,Sin cobertura,83,47.0,89.0,136,50
7985,Sin cobertura,84,40.0,45.0,85,50
7986,Sin cobertura,85,32.0,56.0,88,50
7987,Sin cobertura,86,12.0,50.0,62,50
7988,Sin cobertura,87,28.0,22.0,50,50
7989,Sin cobertura,88,11.0,25.0,36,50
7990,Sin cobertura,89,8.0,47.0,55,50
7991,Sin cobertura,90,5.0,42.0,47,50
7992,Sin cobertura,91,7.0,9.0,16,50
7993,Sin cobertura,92,3.0,4.0,7,50
7994,Sin cobertura,93,3.0,22.0,25,50
7995,Sin cobertura,94,12.0,10.0,22,50
7996,Sin cobertura,95,0.0,9.0,9,50
7997,Sin cobertura,96,1.0,5.0,6,50
7998,Sin cobertura,97,1.0,1.0,2,50
7999,Sin cobertura,98,1.0,2.0,3,50
8000,Sin cobertura,99,0.0,1.0,1,50
8001,Sin cobertura,100,2.0,2.0,4,50
8002,Sin cobertura,102,1.0,0.0,1,50
8003,Sin cobertura,108,6.0,1.0,7,50
8120,Con cobertura,0,3684.0,3690.0,7374,54
8121,Con cobertura,1,3830.0,3688.0,7518,54
8122,Con cobertura,2,4033.0,3507.0,7540,54
8123,Con cobertura,3,3798.0,3759.0,7557,54
8124,Con cobertura,4,4295.0,3796.0,8091,54
8125,Con cobertura,5,3871.0,3832.0,7703,54
8126,Con cobertura,6,4241.0,4196.0,8437,54
8127,Con cobertura,7,4532.0,4279.0,8811,54
8128,Con cobertura,8,4721.0,4152.0,8873,54
8129,Con cobertura,9,4606.0,4605.0,9211,54
8130,Con cobertura,10,4775.0,4872.0,9647,54
8131,Con cobertura,11,4905.0,4722.0,9627,54
8132,Con cobertura,12,4912.0,4406.0,9318,54
8133,Con cobertura,13,4915.0,4732.0,9647,54
8134,Con cobertura,14,5396.0,5240.0,10636,54
8135,Con cobertura,15,5158.0,5099.0,10257,54
8136,Con cobertura,16,4923.0,4893.0,9816,54
8137,Con cobertura,17,4661.0,5057.0,9718,54
8138,Con cobertura,18,4137.0,4216.0,8353,54
8139,Con cobertura,19,4315.0,4075.0,8390,54
8140,Con cobertura,20,3170.0,3880.0,7050,54
8141,Con cobertura,21,2766.0,2978.0,5744,54
8142,Con cobertura,22,2693.0,2801.0,5494,54
8143,Con cobertura,23,2577.0,3150.0,5727,54
8144,Con cobertura,24,2879.0,3237.0,6116,54
8145,Con cobertura,25,2811.0,3244.0,6055,54
8146,Con cobertura,26,2827.0,2955.0,5782,54
8147,Con cobertura,27,2890.0,3126.0,6016,54
8148,Con cobertura,28,3093.0,3332.0,6425,54
8149,Con cobertura,29,3132.0,3073.0,6205,54
8150,Con cobertura,30,3145.0,3651.0,6796,54
8151,Con cobertura,31,3341.0,3784.0,7125,54
8152,Con cobertura,32,3076.0,3574.0,6650,54
8153,Con cobertura,33,3122.0,3184.0,6306,54
8154,Con cobertura,34,2818.0,3243.0,6061,54
8155,Con cobertura,35,2870.0,3424.0,6294,54
8156,Con cobertura,36,2808.0,3218.0,6026,54
8157,Con cobertura,37,2755.0,3096.0,5851,54
8158,Con cobertura,38,2795.0,3204.0,5999,54
8159,Con cobertura,39,2599.0,2984.0,5583,54
8160,Con cobertura,40,2588.0,3005.0,5593,54
8161,Con cobertura,41,2495.0,2582.0,5077,54
8162,Con cobertura,42,2415.0,2619.0,5034,54
8163,Con cobertura,43,2369.0,2841.0,5210,54
8164,Con cobertura,44,2503.0,2779.0,5282,54
8165,Con cobertura,45,2537.0,2932.0,5469,54
8166,Con cobertura,46,2435.0,3053.0,5488,54
8167,Con cobertura,47,2783.0,2890.0,5673,54
8168,Con cobertura,48,2602.0,2805.0,5407,54
8169,Con cobertura,49,2307.0,2507.0,4814,54
8170,Con cobertura,50,2347.0,2806.0,5153,54
8171,Con cobertura,51,2245.0,2330.0,4575,54
8172,Con cobertura,52,2434.0,2463.0,4897,54
8173,Con cobertura,53,2111.0,2333.0,4444,54
8174,Con cobertura,54,2018.0,2324.0,4342,54
8175,Con cobertura,55,2026.0,2398.0,4424,54
8176,Con cobertura,56,2030.0,1942.0,3972,54
8177,Con cobertura,57,1885.0,2068.0,3953,54
8178,Con cobertura,58,1749.0,1993.0,3742,54
8179,Con cobertura,59,1570.0,2037.0,3607,54
8180,Con cobertura,60,1560.0,2124.0,3684,54
8181,Con cobertura,61,1484.0,2131.0,3615,54
8182,Con cobertura,62,1300.0,2101.0,3401,54
8183,Con cobertura,63,1359.0,2479.0,3838,54
8184,Con cobertura,64,1405.0,2253.0,3658,54
8185,Con cobertura,65,1529.0,2291.0,3820,54
8186,Con cobertura,66,1812.0,2199.0,4011,54
8187,Con cobertura,67,1811.0,2185.0,3996,54
8188,Con cobertura,68,1788.0,1945.0,3733,54
8189,Con cobertura,69,1697.0,1837.0,3534,54
8190,Con cobertura,70,1774.0,2025.0,3799,54
8191,Con cobertura,71,1654.0,1741.0,3395,54
8192,Con cobertura,72,1406.0,1776.0,3182,54
8193,Con cobertura,73,1543.0,1677.0,3220,54
8194,Con cobertura,74,1358.0,1483.0,2841,54
8195,Con cobertura,75,1233.0,1466.0,2699,54
8196,Con cobertura,76,1028.0,1276.0,2304,54
8197,Con cobertura,77,1052.0,1111.0,2163,54
8198,Con cobertura,78,967.0,984.0,1951,54
8199,Con cobertura,79,756.0,1111.0,1867,54
8200,Con cobertura,80,856.0,1229.0,2085,54
8201,Con cobertura,81,683.0,964.0,1647,54
8202,Con cobertura,82,578.0,762.0,1340,54
8203,Con cobertura,83,483.0,776.0,1259,54
8204,Con cobertura,84,521.0,576.0,1097,54
8205,Con cobertura,85,338.0,564.0,902,54
8206,Con cobertura,86,280.0,430.0,710,54
8207,Con cobertura,87,270.0,386.0,656,54
8208,Con cobertura,88,235.0,322.0,557,54
8209,Con cobertura,89,103.0,253.0,356,54
8210,Con cobertura,90,130.0,240.0,370,54
8211,Con cobertura,91,90.0,147.0,237,54
8212,Con cobertura,92,62.0,102.0,164,54
8213,Con cobertura,93,75.0,108.0,183,54
8214,Con cobertura,94,40.0,54.0,94,54
8215,Con cobertura,95,26.0,76.0,102,54
8216,Con cobertura,96,16.0,28.0,44,54
8217,Con cobertura,97,9.0,25.0,34,54
8218,Con cobertura,98,3.0,22.0,25,54
8219,Con cobertura,99,1.0,23.0,24,54
8220,Con cobertura,100,1.0,15.0,16,54
8221,Con cobertura,101,3.0,4.0,7,54
8222,Con cobertura,102,1.0,0.0,1,54
8223,Con cobertura,103,1.0,3.0,4,54
8224,Con cobertura,104,0.0,1.0,1,54
8225,Con cobertura,105,1.0,2.0,3,54
8226,Con cobertura,106,0.0,1.0,1,54
8227,Con cobertura,107,1.0,1.0,2,54
8228,Con cobertura,110,1.0,2.0,3,54
8231,Con cobertura,0,795.0,756.0,1551,54
8232,Con cobertura,1,673.0,734.0,1407,54
8233,Con cobertura,2,759.0,864.0,1623,54
8234,Con cobertura,3,739.0,799.0,1538,54
8235,Con cobertura,4,674.0,697.0,1371,54
8236,Con cobertura,5,758.0,766.0,1524,54
8237,Con cobertura,6,843.0,760.0,1603,54
8238,Con cobertura,7,861.0,839.0,1700,54
8239,Con cobertura,8,850.0,743.0,1593,54
8240,Con cobertura,9,744.0,850.0,1594,54
8241,Con cobertura,10,861.0,884.0,1745,54
8242,Con cobertura,11,942.0,877.0,1819,54
8243,Con cobertura,12,821.0,823.0,1644,54
8244,Con cobertura,13,841.0,782.0,1623,54
8245,Con cobertura,14,960.0,978.0,1938,54
8246,Con cobertura,15,870.0,870.0,1740,54
8247,Con cobertura,16,753.0,893.0,1646,54
8248,Con cobertura,17,731.0,858.0,1589,54
8249,Con cobertura,18,714.0,610.0,1324,54
8250,Con cobertura,19,621.0,752.0,1373,54
8251,Con cobertura,20,557.0,724.0,1281,54
8252,Con cobertura,21,357.0,569.0,926,54
8253,Con cobertura,22,435.0,470.0,905,54
8254,Con cobertura,23,480.0,576.0,1056,54
8255,Con cobertura,24,616.0,659.0,1275,54
8256,Con cobertura,25,609.0,642.0,1251,54
8257,Con cobertura,26,627.0,637.0,1264,54
8258,Con cobertura,27,664.0,717.0,1381,54
8259,Con cobertura,28,637.0,646.0,1283,54
8260,Con cobertura,29,638.0,584.0,1222,54
8261,Con cobertura,30,717.0,770.0,1487,54
8262,Con cobertura,31,686.0,645.0,1331,54
8263,Con cobertura,32,622.0,594.0,1216,54
8264,Con cobertura,33,702.0,637.0,1339,54
8265,Con cobertura,34,629.0,647.0,1276,54
8266,Con cobertura,35,655.0,590.0,1245,54
8267,Con cobertura,36,608.0,488.0,1096,54
8268,Con cobertura,37,592.0,594.0,1186,54
8269,Con cobertura,38,577.0,520.0,1097,54
8270,Con cobertura,39,503.0,543.0,1046,54
8271,Con cobertura,40,555.0,464.0,1019,54
8272,Con cobertura,41,451.0,524.0,975,54
8273,Con cobertura,42,461.0,456.0,917,54
8274,Con cobertura,43,466.0,392.0,858,54
8275,Con cobertura,44,450.0,427.0,877,54
8276,Con cobertura,45,514.0,491.0,1005,54
8277,Con cobertura,46,419.0,477.0,896,54
8278,Con cobertura,47,479.0,478.0,957,54
8279,Con cobertura,48,438.0,483.0,921,54
8280,Con cobertura,49,388.0,412.0,800,54
8281,Con cobertura,50,545.0,434.0,979,54
8282,Con cobertura,51,338.0,420.0,758,54
8283,Con cobertura,52,378.0,306.0,684,54
8284,Con cobertura,53,537.0,254.0,791,54
8285,Con cobertura,54,308.0,324.0,632,54
8286,Con cobertura,55,328.0,238.0,566,54
8287,Con cobertura,56,338.0,285.0,623,54
8288,Con cobertura,57,276.0,241.0,517,54
8289,Con cobertura,58,344.0,292.0,636,54
8290,Con cobertura,59,209.0,223.0,432,54
8291,Con cobertura,60,308.0,211.0,519,54
8292,Con cobertura,61,243.0,110.0,353,54
8293,Con cobertura,62,221.0,141.0,362,54
8294,Con cobertura,63,162.0,74.0,236,54
8295,Con cobertura,64,186.0,104.0,290,54
8296,Con cobertura,65,158.0,43.0,201,54
8297,Con cobertura,66,84.0,61.0,145,54
8298,Con cobertura,67,92.0,48.0,140,54
8299,Con cobertura,68,71.0,48.0,119,54
8300,Con cobertura,69,76.0,36.0,112,54
8301,Con cobertura,70,50.0,39.0,89,54
8302,Con cobertura,71,36.0,26.0,62,54
8303,Con cobertura,72,41.0,30.0,71,54
8304,Con cobertura,73,25.0,18.0,43,54
8305,Con cobertura,74,11.0,35.0,46,54
8306,Con cobertura,75,20.0,29.0,49,54
8307,Con cobertura,76,7.0,27.0,34,54
8308,Con cobertura,77,38.0,36.0,74,54
8309,Con cobertura,78,13.0,36.0,49,54
8310,Con cobertura,79,13.0,6.0,19,54
8311,Con cobertura,80,10.0,8.0,18,54
8312,Con cobertura,81,32.0,29.0,61,54
8313,Con cobertura,82,17.0,27.0,44,54
8314,Con cobertura,83,2.0,3.0,5,54
8315,Con cobertura,84,12.0,2.0,14,54
8316,Con cobertura,85,5.0,2.0,7,54
8317,Con cobertura,86,1.0,18.0,19,54
8318,Con cobertura,87,0.0,1.0,1,54
8319,Con cobertura,88,0.0,3.0,3,54
8320,Con cobertura,89,12.0,3.0,15,54
8321,Con cobertura,90,1.0,0.0,1,54
8322,Con cobertura,91,1.0,1.0,2,54
8323,Con cobertura,92,2.0,2.0,4,54
8324,Con cobertura,93,2.0,1.0,3,54
8325,Con cobertura,94,1.0,0.0,1,54
8326,Con cobertura,95,1.0,1.0,2,54
8327,Con cobertura,98,1.0,0.0,1,54
8328,Con cobertura,100,0.0,1.0,1,54
8331,Con cobertura,0,166.0,285.0,451,54
8332,Con cobertura,1,207.0,177.0,384,54
8333,Con cobertura,2,226.0,169.0,395,54
8334,Con cobertura,3,220.0,193.0,413,54
8335,Con cobertura,4,162.0,186.0,348,54
8336,Con cobertura,5,203.0,243.0,446,54
8337,Con cobertura,6,191.0,151.0,342,54
8338,Con cobertura,7,240.0,197.0,437,54
8339,Con cobertura,8,193.0,137.0,330,54
8340,Con cobertura,9,185.0,231.0,416,54
8341,Con cobertura,10,194.0,194.0,388,54
8342,Con cobertura,11,233.0,241.0,474,54
8343,Con cobertura,12,165.0,192.0,357,54
8344,Con cobertura,13,204.0,223.0,427,54
8345,Con cobertura,14,188.0,220.0,408,54
8346,Con cobertura,15,220.0,211.0,431,54
8347,Con cobertura,16,171.0,143.0,314,54
8348,Con cobertura,17,181.0,200.0,381,54
8349,Con cobertura,18,173.0,174.0,347,54
8350,Con cobertura,19,147.0,241.0,388,54
8351,Con cobertura,20,193.0,175.0,368,54
8352,Con cobertura,21,146.0,213.0,359,54
8353,Con cobertura,22,149.0,134.0,283,54
8354,Con cobertura,23,169.0,150.0,319,54
8355,Con cobertura,24,168.0,233.0,401,54
8356,Con cobertura,25,211.0,219.0,430,54
8357,Con cobertura,26,221.0,215.0,436,54
8358,Con cobertura,27,152.0,244.0,396,54
8359,Con cobertura,28,216.0,211.0,427,54
8360,Con cobertura,29,248.0,178.0,426,54
8361,Con cobertura,30,267.0,211.0,478,54
8362,Con cobertura,31,212.0,320.0,532,54
8363,Con cobertura,32,255.0,294.0,549,54
8364,Con cobertura,33,205.0,234.0,439,54
8365,Con cobertura,34,216.0,207.0,423,54
8366,Con cobertura,35,238.0,242.0,480,54
8367,Con cobertura,36,194.0,168.0,362,54
8368,Con cobertura,37,151.0,147.0,298,54
8369,Con cobertura,38,127.0,159.0,286,54
8370,Con cobertura,39,218.0,128.0,346,54
8371,Con cobertura,40,236.0,171.0,407,54
8372,Con cobertura,41,210.0,171.0,381,54
8373,Con cobertura,42,146.0,128.0,274,54
8374,Con cobertura,43,194.0,136.0,330,54
8375,Con cobertura,44,210.0,140.0,350,54
8376,Con cobertura,45,177.0,157.0,334,54
8377,Con cobertura,46,152.0,114.0,266,54
8378,Con cobertura,47,152.0,128.0,280,54
8379,Con cobertura,48,132.0,87.0,219,54
8380,Con cobertura,49,149.0,177.0,326,54
8381,Con cobertura,50,126.0,108.0,234,54
8382,Con cobertura,51,153.0,128.0,281,54
8383,Con cobertura,52,144.0,109.0,253,54
8384,Con cobertura,53,144.0,118.0,262,54
8385,Con cobertura,54,126.0,126.0,252,54
8386,Con cobertura,55,149.0,103.0,252,54
8387,Con cobertura,56,100.0,88.0,188,54
8388,Con cobertura,57,117.0,149.0,266,54
8389,Con cobertura,58,155.0,74.0,229,54
8390,Con cobertura,59,136.0,90.0,226,54
8391,Con cobertura,60,157.0,109.0,266,54
8392,Con cobertura,61,134.0,33.0,167,54
8393,Con cobertura,62,121.0,28.0,149,54
8394,Con cobertura,63,56.0,57.0,113,54
8395,Con cobertura,64,53.0,9.0,62,54
8396,Con cobertura,65,69.0,10.0,79,54
8397,Con cobertura,66,36.0,7.0,43,54
8398,Con cobertura,67,18.0,11.0,29,54
8399,Con cobertura,68,17.0,29.0,46,54
8400,Con cobertura,69,19.0,25.0,44,54
8401,Con cobertura,70,6.0,3.0,9,54
8402,Con cobertura,71,17.0,15.0,32,54
8403,Con cobertura,72,20.0,6.0,26,54
8404,Con cobertura,73,6.0,3.0,9,54
8405,Con cobertura,74,25.0,5.0,30,54
8406,Con cobertura,75,13.0,13.0,26,54
8407,Con cobertura,76,3.0,5.0,8,54
8408,Con cobertura,77,5.0,15.0,20,54
8409,Con cobertura,78,13.0,1.0,14,54
8410,Con cobertura,79,2.0,1.0,3,54
8411,Con cobertura,80,2.0,10.0,12,54
8412,Con cobertura,81,2.0,2.0,4,54
8413,Con cobertura,82,1.0,2.0,3,54
8414,Con cobertura,83,0.0,1.0,1,54
8415,Con cobertura,86,1.0,1.0,2,54
8416,Con cobertura,87,2.0,1.0,3,54
8417,Con cobertura,89,0.0,14.0,14,54
8418,Con cobertura,92,1.0,0.0,1,54
8419,Con cobertura,93,0.0,1.0,1,54
8420,Con cobertura,94,10.0,0.0,10,54
8423,Con cobertura,0,1104.0,1204.0,2308,54
8424,Con cobertura,1,1052.0,1028.0,2080,54
8425,Con cobertura,2,1010.0,964.0,1974,54
8426,Con cobertura,3,967.0,896.0,1863,54
8427,Con cobertura,4,853.0,807.0,1660,54
8428,Con cobertura,5,837.0,807.0,1644,54
8429,Con cobertura,6,695.0,682.0,1377,54
8430,Con cobertura,7,597.0,587.0,1184,54
8431,Con cobertura,8,623.0,502.0,1125,54
8432,Con cobertura,9,508.0,470.0,978,54
8433,Con cobertura,10,615.0,570.0,1185,54
8434,Con cobertura,11,530.0,562.0,1092,54
8435,Con cobertura,12,596.0,493.0,1089,54
8436,Con cobertura,13,562.0,632.0,1194,54
8437,Con cobertura,14,586.0,615.0,1201,54
8438,Con cobertura,15,629.0,528.0,1157,54
8439,Con cobertura,16,560.0,597.0,1157,54
8440,Con cobertura,17,480.0,467.0,947,54
8441,Con cobertura,18,430.0,412.0,842,54
8442,Con cobertura,19,372.0,424.0,796,54
8443,Con cobertura,20,309.0,396.0,705,54
8444,Con cobertura,21,218.0,285.0,503,54
8445,Con cobertura,22,191.0,238.0,429,54
8446,Con cobertura,23,172.0,270.0,442,54
8447,Con cobertura,24,125.0,388.0,513,54
8448,Con cobertura,25,163.0,364.0,527,54
8449,Con cobertura,26,202.0,286.0,488,54
8450,Con cobertura,27,205.0,373.0,578,54
8451,Con cobertura,28,156.0,304.0,460,54
8452,Con cobertura,29,191.0,373.0,564,54
8453,Con cobertura,30,197.0,342.0,539,54
8454,Con cobertura,31,192.0,319.0,511,54
8455,Con cobertura,32,217.0,326.0,543,54
8456,Con cobertura,33,216.0,339.0,555,54
8457,Con cobertura,34,175.0,315.0,490,54
8458,Con cobertura,35,235.0,308.0,543,54
8459,Con cobertura,36,151.0,317.0,468,54
8460,Con cobertura,37,197.0,307.0,504,54
8461,Con cobertura,38,235.0,399.0,634,54
8462,Con cobertura,39,199.0,312.0,511,54
8463,Con cobertura,40,221.0,354.0,575,54
8464,Con cobertura,41,282.0,255.0,537,54
8465,Con cobertura,42,204.0,275.0,479,54
8466,Con cobertura,43,223.0,340.0,563,54
8467,Con cobertura,44,176.0,360.0,536,54
8468,Con cobertura,45,199.0,309.0,508,54
8469,Con cobertura,46,264.0,285.0,549,54
8470,Con cobertura,47,219.0,329.0,548,54
8471,Con cobertura,48,262.0,351.0,613,54
8472,Con cobertura,49,271.0,326.0,597,54
8473,Con cobertura,50,246.0,344.0,590,54
8474,Con cobertura,51,198.0,318.0,516,54
8475,Con cobertura,52,154.0,241.0,395,54
8476,Con cobertura,53,226.0,291.0,517,54
8477,Con cobertura,54,220.0,347.0,567,54
8478,Con cobertura,55,224.0,322.0,546,54
8479,Con cobertura,56,159.0,281.0,440,54
8480,Con cobertura,57,192.0,300.0,492,54
8481,Con cobertura,58,185.0,311.0,496,54
8482,Con cobertura,59,243.0,240.0,483,54
8483,Con cobertura,60,213.0,285.0,498,54
8484,Con cobertura,61,216.0,184.0,400,54
8485,Con cobertura,62,148.0,170.0,318,54
8486,Con cobertura,63,201.0,129.0,330,54
8487,Con cobertura,64,164.0,95.0,259,54
8488,Con cobertura,65,138.0,69.0,207,54
8489,Con cobertura,66,73.0,67.0,140,54
8490,Con cobertura,67,48.0,97.0,145,54
8491,Con cobertura,68,50.0,61.0,111,54
8492,Con cobertura,69,42.0,65.0,107,54
8493,Con cobertura,70,42.0,84.0,126,54
8494,Con cobertura,71,22.0,51.0,73,54
8495,Con cobertura,72,24.0,58.0,82,54
8496,Con cobertura,73,26.0,25.0,51,54
8497,Con cobertura,74,50.0,42.0,92,54
8498,Con cobertura,75,23.0,43.0,66,54
8499,Con cobertura,76,24.0,52.0,76,54
8500,Con cobertura,77,11.0,20.0,31,54
8501,Con cobertura,78,13.0,23.0,36,54
8502,Con cobertura,79,14.0,11.0,25,54
8503,Con cobertura,80,15.0,24.0,39,54
8504,Con cobertura,81,17.0,37.0,54,54
8505,Con cobertura,82,11.0,15.0,26,54
8506,Con cobertura,83,13.0,19.0,32,54
8507,Con cobertura,84,7.0,6.0,13,54
8508,Con cobertura,85,7.0,29.0,36,54
8509,Con cobertura,86,1.0,8.0,9,54
8510,Con cobertura,87,0.0,4.0,4,54
8511,Con cobertura,88,7.0,11.0,18,54
8512,Con cobertura,89,3.0,26.0,29,54
8513,Con cobertura,90,4.0,9.0,13,54
8514,Con cobertura,91,4.0,4.0,8,54
8515,Con cobertura,92,2.0,4.0,6,54
8516,Con cobertura,93,1.0,2.0,3,54
8517,Con cobertura,94,1.0,5.0,6,54
8518,Con cobertura,95,1.0,1.0,2,54
8519,Con cobertura,96,0.0,11.0,11,54
8520,Con cobertura,97,0.0,1.0,1,54
8521,Con cobertura,98,0.0,1.0,1,54
8522,Con cobertura,103,0.0,1.0,1,54
8523,Con cobertura,106,0.0,1.0,1,54
8526,Sin cobertura,0,6516.0,6234.0,12750,54
8527,Sin cobertura,1,5745.0,5467.0,11212,54
8528,Sin cobertura,2,5515.0,5409.0,10924,54
8529,Sin cobertura,3,5060.0,5220.0,10280,54
8530,Sin cobertura,4,5424.0,5247.0,10671,54
8531,Sin cobertura,5,5440.0,4928.0,10368,54
8532,Sin cobertura,6,5699.0,5609.0,11308,54
8533,Sin cobertura,7,6050.0,5647.0,11697,54
8534,Sin cobertura,8,6085.0,5897.0,11982,54
8535,Sin cobertura,9,6203.0,6076.0,12279,54
8536,Sin cobertura,10,6680.0,6384.0,13064,54
8537,Sin cobertura,11,6341.0,6258.0,12599,54
8538,Sin cobertura,12,6300.0,6095.0,12395,54
8539,Sin cobertura,13,5821.0,5854.0,11675,54
8540,Sin cobertura,14,6720.0,6466.0,13186,54
8541,Sin cobertura,15,6336.0,6121.0,12457,54
8542,Sin cobertura,16,5870.0,5578.0,11448,54
8543,Sin cobertura,17,5818.0,5699.0,11517,54
8544,Sin cobertura,18,5948.0,5692.0,11640,54
8545,Sin cobertura,19,5810.0,6142.0,11952,54
8546,Sin cobertura,20,5302.0,5147.0,10449,54
8547,Sin cobertura,21,5378.0,5156.0,10534,54
8548,Sin cobertura,22,5304.0,5354.0,10658,54
8549,Sin cobertura,23,5299.0,4588.0,9887,54
8550,Sin cobertura,24,4877.0,4692.0,9569,54
8551,Sin cobertura,25,4527.0,4125.0,8652,54
8552,Sin cobertura,26,4265.0,3911.0,8176,54
8553,Sin cobertura,27,3913.0,4076.0,7989,54
8554,Sin cobertura,28,4219.0,4014.0,8233,54
8555,Sin cobertura,29,3819.0,3611.0,7430,54
8556,Sin cobertura,30,3997.0,3626.0,7623,54
8557,Sin cobertura,31,3153.0,3222.0,6375,54
8558,Sin cobertura,32,3414.0,3273.0,6687,54
8559,Sin cobertura,33,3066.0,3187.0,6253,54
8560,Sin cobertura,34,2849.0,2753.0,5602,54
8561,Sin cobertura,35,3033.0,2934.0,5967,54
8562,Sin cobertura,36,2790.0,2643.0,5433,54
8563,Sin cobertura,37,2515.0,2509.0,5024,54
8564,Sin cobertura,38,2689.0,2562.0,5251,54
8565,Sin cobertura,39,2409.0,2409.0,4818,54
8566,Sin cobertura,40,2566.0,2436.0,5002,54
8567,Sin cobertura,41,2176.0,2035.0,4211,54
8568,Sin cobertura,42,2209.0,2045.0,4254,54
8569,Sin cobertura,43,2285.0,2079.0,4364,54
8570,Sin cobertura,44,2082.0,2127.0,4209,54
8571,Sin cobertura,45,2421.0,2075.0,4496,54
8572,Sin cobertura,46,2216.0,1992.0,4208,54
8573,Sin cobertura,47,2058.0,2107.0,4165,54
8574,Sin cobertura,48,2206.0,1995.0,4201,54
8575,Sin cobertura,49,2046.0,1869.0,3915,54
8576,Sin cobertura,50,2317.0,1790.0,4107,54
8577,Sin cobertura,51,1947.0,1703.0,3650,54
8578,Sin cobertura,52,1938.0,1680.0,3618,54
8579,Sin cobertura,53,2125.0,1772.0,3897,54
8580,Sin cobertura,54,1854.0,1423.0,3277,54
8581,Sin cobertura,55,2043.0,1417.0,3460,54
8582,Sin cobertura,56,1840.0,1331.0,3171,54
8583,Sin cobertura,57,1611.0,1378.0,2989,54
8584,Sin cobertura,58,1659.0,1273.0,2932,54
8585,Sin cobertura,59,1476.0,1073.0,2549,54
8586,Sin cobertura,60,1512.0,1069.0,2581,54
8587,Sin cobertura,61,1155.0,787.0,1942,54
8588,Sin cobertura,62,1211.0,655.0,1866,54
8589,Sin cobertura,63,1222.0,452.0,1674,54
8590,Sin cobertura,64,1012.0,331.0,1343,54
8591,Sin cobertura,65,898.0,300.0,1198,54
8592,Sin cobertura,66,405.0,202.0,607,54
8593,Sin cobertura,67,287.0,213.0,500,54
8594,Sin cobertura,68,266.0,162.0,428,54
8595,Sin cobertura,69,202.0,141.0,343,54
8596,Sin cobertura,70,247.0,283.0,530,54
8597,Sin cobertura,71,156.0,150.0,306,54
8598,Sin cobertura,72,165.0,153.0,318,54
8599,Sin cobertura,73,147.0,138.0,285,54
8600,Sin cobertura,74,161.0,138.0,299,54
8601,Sin cobertura,75,136.0,171.0,307,54
8602,Sin cobertura,76,90.0,102.0,192,54
8603,Sin cobertura,77,100.0,155.0,255,54
8604,Sin cobertura,78,113.0,99.0,212,54
8605,Sin cobertura,79,83.0,97.0,180,54
8606,Sin cobertura,80,80.0,118.0,198,54
8607,Sin cobertura,81,62.0,67.0,129,54
8608,Sin cobertura,82,56.0,73.0,129,54
8609,Sin cobertura,83,55.0,82.0,137,54
8610,Sin cobertura,84,60.0,85.0,145,54
8611,Sin cobertura,85,38.0,46.0,84,54
8612,Sin cobertura,86,27.0,33.0,60,54
8613,Sin cobertura,87,24.0,32.0,56,54
8614,Sin cobertura,88,24.0,43.0,67,54
8615,Sin cobertura,89,10.0,31.0,41,54
8616,Sin cobertura,90,29.0,42.0,71,54
8617,Sin cobertura,91,4.0,33.0,37,54
8618,Sin cobertura,92,8.0,11.0,19,54
8619,Sin cobertura,93,20.0,12.0,32,54
8620,Sin cobertura,94,4.0,10.0,14,54
8621,Sin cobertura,95,7.0,11.0,18,54
8622,Sin cobertura,96,10.0,5.0,15,54
8623,Sin cobertura,97,1.0,13.0,14,54
8624,Sin cobertura,98,4.0,4.0,8,54
8625,Sin cobertura,99,1.0,5.0,6,54
8626,Sin cobertura,100,2.0,3.0,5,54
8627,Sin cobertura,101,1.0,4.0,5,54
8628,Sin cobertura,102,11.0,0.0,11,54
8629,Sin cobertura,103,1.0,1.0,2,54
8630,Sin cobertura,104,0.0,11.0,11,54
8631,Sin cobertura,105,0.0,3.0,3,54
8632,Sin cobertura,106,1.0,0.0,1,54
8633,Sin cobertura,108,0.0,1.0,1,54
8634,Sin cobertura,110,3.0,2.0,5,54
8752,Con cobertura,0,2072.0,2199.0,4271,58
8753,Con cobertura,1,2465.0,2265.0,4730,58
8754,Con cobertura,2,2392.0,2373.0,4765,58
8755,Con cobertura,3,2407.0,2094.0,4501,58
8756,Con cobertura,4,2311.0,2344.0,4655,58
8757,Con cobertura,5,2408.0,2111.0,4519,58
8758,Con cobertura,6,2336.0,2095.0,4431,58
8759,Con cobertura,7,2035.0,2282.0,4317,58
8760,Con cobertura,8,2453.0,2270.0,4723,58
8761,Con cobertura,9,2611.0,2072.0,4683,58
8762,Con cobertura,10,2670.0,2287.0,4957,58
8763,Con cobertura,11,2868.0,2416.0,5284,58
8764,Con cobertura,12,2480.0,2289.0,4769,58
8765,Con cobertura,13,2711.0,2576.0,5287,58
8766,Con cobertura,14,2719.0,2498.0,5217,58
8767,Con cobertura,15,2753.0,2770.0,5523,58
8768,Con cobertura,16,2721.0,2917.0,5638,58
8769,Con cobertura,17,2859.0,2737.0,5596,58
8770,Con cobertura,18,2372.0,2568.0,4940,58
8771,Con cobertura,19,2151.0,2287.0,4438,58
8772,Con cobertura,20,1890.0,1821.0,3711,58
8773,Con cobertura,21,1631.0,1529.0,3160,58
8774,Con cobertura,22,1733.0,1528.0,3261,58
8775,Con cobertura,23,1742.0,1491.0,3233,58
8776,Con cobertura,24,1595.0,1958.0,3553,58
8777,Con cobertura,25,1783.0,1769.0,3552,58
8778,Con cobertura,26,1639.0,1816.0,3455,58
8779,Con cobertura,27,1938.0,2110.0,4048,58
8780,Con cobertura,28,2164.0,2261.0,4425,58
8781,Con cobertura,29,1919.0,2257.0,4176,58
8782,Con cobertura,30,2312.0,2371.0,4683,58
8783,Con cobertura,31,2136.0,2445.0,4581,58
8784,Con cobertura,32,2192.0,2367.0,4559,58
8785,Con cobertura,33,2196.0,2506.0,4702,58
8786,Con cobertura,34,1991.0,2142.0,4133,58
8787,Con cobertura,35,2057.0,2290.0,4347,58
8788,Con cobertura,36,1841.0,2284.0,4125,58
8789,Con cobertura,37,1928.0,2316.0,4244,58
8790,Con cobertura,38,2092.0,2248.0,4340,58
8791,Con cobertura,39,1856.0,2081.0,3937,58
8792,Con cobertura,40,1872.0,2188.0,4060,58
8793,Con cobertura,41,1722.0,2003.0,3725,58
8794,Con cobertura,42,1567.0,1996.0,3563,58
8795,Con cobertura,43,1573.0,1803.0,3376,58
8796,Con cobertura,44,1705.0,1934.0,3639,58
8797,Con cobertura,45,1581.0,2052.0,3633,58
8798,Con cobertura,46,1813.0,2153.0,3966,58
8799,Con cobertura,47,1787.0,1969.0,3756,58
8800,Con cobertura,48,1537.0,1807.0,3344,58
8801,Con cobertura,49,1533.0,1533.0,3066,58
8802,Con cobertura,50,1455.0,1588.0,3043,58
8803,Con cobertura,51,1297.0,1624.0,2921,58
8804,Con cobertura,52,1381.0,1426.0,2807,58
8805,Con cobertura,53,1316.0,1323.0,2639,58
8806,Con cobertura,54,1294.0,1745.0,3039,58
8807,Con cobertura,55,1232.0,1236.0,2468,58
8808,Con cobertura,56,1218.0,1316.0,2534,58
8809,Con cobertura,57,1188.0,1327.0,2515,58
8810,Con cobertura,58,1107.0,1444.0,2551,58
8811,Con cobertura,59,1085.0,1408.0,2493,58
8812,Con cobertura,60,1144.0,1370.0,2514,58
8813,Con cobertura,61,884.0,1327.0,2211,58
8814,Con cobertura,62,900.0,1426.0,2326,58
8815,Con cobertura,63,927.0,1261.0,2188,58
8816,Con cobertura,64,924.0,1247.0,2171,58
8817,Con cobertura,65,961.0,1314.0,2275,58
8818,Con cobertura,66,861.0,1143.0,2004,58
8819,Con cobertura,67,961.0,974.0,1935,58
8820,Con cobertura,68,911.0,994.0,1905,58
8821,Con cobertura,69,831.0,1039.0,1870,58
8822,Con cobertura,70,969.0,1021.0,1990,58
8823,Con cobertura,71,698.0,822.0,1520,58
8824,Con cobertura,72,710.0,867.0,1577,58
8825,Con cobertura,73,586.0,866.0,1452,58
8826,Con cobertura,74,606.0,711.0,1317,58
8827,Con cobertura,75,552.0,821.0,1373,58
8828,Con cobertura,76,476.0,740.0,1216,58
8829,Con cobertura,77,500.0,660.0,1160,58
8830,Con cobertura,78,414.0,679.0,1093,58
8831,Con cobertura,79,444.0,481.0,925,58
8832,Con cobertura,80,375.0,631.0,1006,58
8833,Con cobertura,81,277.0,445.0,722,58
8834,Con cobertura,82,238.0,469.0,707,58
8835,Con cobertura,83,182.0,356.0,538,58
8836,Con cobertura,84,136.0,370.0,506,58
8837,Con cobertura,85,155.0,301.0,456,58
8838,Con cobertura,86,146.0,251.0,397,58
8839,Con cobertura,87,147.0,273.0,420,58
8840,Con cobertura,88,78.0,229.0,307,58
8841,Con cobertura,89,60.0,182.0,242,58
8842,Con cobertura,90,36.0,168.0,204,58
8843,Con cobertura,91,42.0,128.0,170,58
8844,Con cobertura,92,33.0,57.0,90,58
8845,Con cobertura,93,26.0,66.0,92,58
8846,Con cobertura,94,22.0,41.0,63,58
8847,Con cobertura,95,22.0,32.0,54,58
8848,Con cobertura,96,9.0,28.0,37,58
8849,Con cobertura,97,2.0,18.0,20,58
8850,Con cobertura,98,3.0,17.0,20,58
8851,Con cobertura,99,2.0,14.0,16,58
8852,Con cobertura,100,1.0,4.0,5,58
8853,Con cobertura,101,0.0,5.0,5,58
8854,Con cobertura,102,0.0,1.0,1,58
8855,Con cobertura,103,1.0,0.0,1,58
8856,Con cobertura,104,0.0,2.0,2,58
8857,Con cobertura,105,0.0,1.0,1,58
8858,Con cobertura,108,0.0,1.0,1,58
8859,Con cobertura,109,0.0,1.0,1,58
8862,Con cobertura,0,483.0,447.0,930,58
8863,Con cobertura,1,494.0,561.0,1055,58
8864,Con cobertura,2,538.0,592.0,1130,58
8865,Con cobertura,3,552.0,549.0,1101,58
8866,Con cobertura,4,541.0,576.0,1117,58
8867,Con cobertura,5,533.0,733.0,1266,58
8868,Con cobertura,6,548.0,518.0,1066,58
8869,Con cobertura,7,493.0,421.0,914,58
8870,Con cobertura,8,546.0,515.0,1061,58
8871,Con cobertura,9,495.0,421.0,916,58
8872,Con cobertura,10,557.0,513.0,1070,58
8873,Con cobertura,11,524.0,463.0,987,58
8874,Con cobertura,12,511.0,475.0,986,58
8875,Con cobertura,13,546.0,501.0,1047,58
8876,Con cobertura,14,502.0,480.0,982,58
8877,Con cobertura,15,560.0,425.0,985,58
8878,Con cobertura,16,491.0,424.0,915,58
8879,Con cobertura,17,513.0,511.0,1024,58
8880,Con cobertura,18,355.0,485.0,840,58
8881,Con cobertura,19,374.0,401.0,775,58
8882,Con cobertura,20,455.0,370.0,825,58
8883,Con cobertura,21,379.0,313.0,692,58
8884,Con cobertura,22,334.0,390.0,724,58
8885,Con cobertura,23,465.0,476.0,941,58
8886,Con cobertura,24,435.0,459.0,894,58
8887,Con cobertura,25,625.0,500.0,1125,58
8888,Con cobertura,26,507.0,461.0,968,58
8889,Con cobertura,27,500.0,491.0,991,58
8890,Con cobertura,28,554.0,657.0,1211,58
8891,Con cobertura,29,690.0,610.0,1300,58
8892,Con cobertura,30,587.0,574.0,1161,58
8893,Con cobertura,31,664.0,627.0,1291,58
8894,Con cobertura,32,597.0,593.0,1190,58
8895,Con cobertura,33,637.0,691.0,1328,58
8896,Con cobertura,34,600.0,571.0,1171,58
8897,Con cobertura,35,659.0,675.0,1334,58
8898,Con cobertura,36,572.0,470.0,1042,58
8899,Con cobertura,37,567.0,453.0,1020,58
8900,Con cobertura,38,505.0,526.0,1031,58
8901,Con cobertura,39,393.0,464.0,857,58
8902,Con cobertura,40,509.0,440.0,949,58
8903,Con cobertura,41,446.0,440.0,886,58
8904,Con cobertura,42,381.0,375.0,756,58
8905,Con cobertura,43,387.0,370.0,757,58
8906,Con cobertura,44,379.0,298.0,677,58
8907,Con cobertura,45,353.0,365.0,718,58
8908,Con cobertura,46,368.0,429.0,797,58
8909,Con cobertura,47,354.0,340.0,694,58
8910,Con cobertura,48,364.0,302.0,666,58
8911,Con cobertura,49,333.0,322.0,655,58
8912,Con cobertura,50,337.0,326.0,663,58
8913,Con cobertura,51,333.0,293.0,626,58
8914,Con cobertura,52,214.0,237.0,451,58
8915,Con cobertura,53,273.0,329.0,602,58
8916,Con cobertura,54,366.0,277.0,643,58
8917,Con cobertura,55,301.0,228.0,529,58
8918,Con cobertura,56,195.0,230.0,425,58
8919,Con cobertura,57,238.0,309.0,547,58
8920,Con cobertura,58,162.0,172.0,334,58
8921,Con cobertura,59,220.0,182.0,402,58
8922,Con cobertura,60,209.0,161.0,370,58
8923,Con cobertura,61,152.0,104.0,256,58
8924,Con cobertura,62,133.0,94.0,227,58
8925,Con cobertura,63,115.0,78.0,193,58
8926,Con cobertura,64,138.0,128.0,266,58
8927,Con cobertura,65,104.0,110.0,214,58
8928,Con cobertura,66,80.0,75.0,155,58
8929,Con cobertura,67,89.0,52.0,141,58
8930,Con cobertura,68,44.0,59.0,103,58
8931,Con cobertura,69,84.0,36.0,120,58
8932,Con cobertura,70,38.0,29.0,67,58
8933,Con cobertura,71,33.0,59.0,92,58
8934,Con cobertura,72,47.0,23.0,70,58
8935,Con cobertura,73,32.0,42.0,74,58
8936,Con cobertura,74,30.0,29.0,59,58
8937,Con cobertura,75,25.0,52.0,77,58
8938,Con cobertura,76,37.0,37.0,74,58
8939,Con cobertura,77,16.0,23.0,39,58
8940,Con cobertura,78,8.0,17.0,25,58
8941,Con cobertura,79,12.0,11.0,23,58
8942,Con cobertura,80,26.0,23.0,49,58
8943,Con cobertura,81,10.0,9.0,19,58
8944,Con cobertura,82,8.0,5.0,13,58
8945,Con cobertura,83,6.0,39.0,45,58
8946,Con cobertura,84,7.0,5.0,12,58
8947,Con cobertura,85,2.0,8.0,10,58
8948,Con cobertura,86,4.0,17.0,21,58
8949,Con cobertura,87,3.0,6.0,9,58
8950,Con cobertura,88,1.0,3.0,4,58
8951,Con cobertura,89,3.0,14.0,17,58
8952,Con cobertura,90,2.0,12.0,14,58
8953,Con cobertura,91,0.0,1.0,1,58
8954,Con cobertura,92,0.0,11.0,11,58
8955,Con cobertura,93,0.0,1.0,1,58
8956,Con cobertura,94,0.0,1.0,1,58
8957,Con cobertura,95,9.0,1.0,10,58
8958,Con cobertura,99,0.0,1.0,1,58
8959,Con cobertura,110,0.0,1.0,1,58
8962,Con cobertura,0,103.0,93.0,196,58
8963,Con cobertura,1,122.0,78.0,200,58
8964,Con cobertura,2,116.0,74.0,190,58
8965,Con cobertura,3,75.0,88.0,163,58
8966,Con cobertura,4,111.0,79.0,190,58
8967,Con cobertura,5,118.0,69.0,187,58
8968,Con cobertura,6,69.0,107.0,176,58
8969,Con cobertura,7,64.0,72.0,136,58
8970,Con cobertura,8,81.0,67.0,148,58
8971,Con cobertura,9,41.0,93.0,134,58
8972,Con cobertura,10,120.0,56.0,176,58
8973,Con cobertura,11,112.0,46.0,158,58
8974,Con cobertura,12,83.0,38.0,121,58
8975,Con cobertura,13,68.0,51.0,119,58
8976,Con cobertura,14,77.0,59.0,136,58
8977,Con cobertura,15,48.0,73.0,121,58
8978,Con cobertura,16,118.0,73.0,191,58
8979,Con cobertura,17,77.0,48.0,125,58
8980,Con cobertura,18,53.0,32.0,85,58
8981,Con cobertura,19,49.0,72.0,121,58
8982,Con cobertura,20,37.0,86.0,123,58
8983,Con cobertura,21,60.0,77.0,137,58
8984,Con cobertura,22,95.0,125.0,220,58
8985,Con cobertura,23,90.0,111.0,201,58
8986,Con cobertura,24,156.0,92.0,248,58
8987,Con cobertura,25,108.0,156.0,264,58
8988,Con cobertura,26,139.0,169.0,308,58
8989,Con cobertura,27,56.0,93.0,149,58
8990,Con cobertura,28,99.0,93.0,192,58
8991,Con cobertura,29,134.0,138.0,272,58
8992,Con cobertura,30,137.0,159.0,296,58
8993,Con cobertura,31,196.0,126.0,322,58
8994,Con cobertura,32,107.0,131.0,238,58
8995,Con cobertura,33,106.0,167.0,273,58
8996,Con cobertura,34,114.0,99.0,213,58
8997,Con cobertura,35,122.0,142.0,264,58
8998,Con cobertura,36,131.0,87.0,218,58
8999,Con cobertura,37,105.0,84.0,189,58
9000,Con cobertura,38,99.0,143.0,242,58
9001,Con cobertura,39,60.0,108.0,168,58
9002,Con cobertura,40,124.0,78.0,202,58
9003,Con cobertura,41,112.0,87.0,199,58
9004,Con cobertura,42,93.0,84.0,177,58
9005,Con cobertura,43,77.0,55.0,132,58
9006,Con cobertura,44,65.0,76.0,141,58
9007,Con cobertura,45,109.0,141.0,250,58
9008,Con cobertura,46,101.0,81.0,182,58
9009,Con cobertura,47,56.0,75.0,131,58
9010,Con cobertura,48,95.0,80.0,175,58
9011,Con cobertura,49,83.0,58.0,141,58
9012,Con cobertura,50,109.0,91.0,200,58
9013,Con cobertura,51,78.0,99.0,177,58
9014,Con cobertura,52,98.0,69.0,167,58
9015,Con cobertura,53,122.0,116.0,238,58
9016,Con cobertura,54,44.0,89.0,133,58
9017,Con cobertura,55,65.0,67.0,132,58
9018,Con cobertura,56,95.0,94.0,189,58
9019,Con cobertura,57,80.0,66.0,146,58
9020,Con cobertura,58,108.0,56.0,164,58
9021,Con cobertura,59,42.0,66.0,108,58
9022,Con cobertura,60,49.0,63.0,112,58
9023,Con cobertura,61,61.0,38.0,99,58
9024,Con cobertura,62,72.0,27.0,99,58
9025,Con cobertura,63,46.0,43.0,89,58
9026,Con cobertura,64,47.0,26.0,73,58
9027,Con cobertura,65,66.0,44.0,110,58
9028,Con cobertura,66,35.0,12.0,47,58
9029,Con cobertura,67,20.0,15.0,35,58
9030,Con cobertura,68,9.0,9.0,18,58
9031,Con cobertura,69,10.0,7.0,17,58
9032,Con cobertura,70,12.0,7.0,19,58
9033,Con cobertura,71,7.0,10.0,17,58
9034,Con cobertura,72,9.0,12.0,21,58
9035,Con cobertura,73,5.0,17.0,22,58
9036,Con cobertura,74,20.0,18.0,38,58
9037,Con cobertura,75,5.0,8.0,13,58
9038,Con cobertura,76,6.0,5.0,11,58
9039,Con cobertura,77,20.0,5.0,25,58
9040,Con cobertura,78,1.0,5.0,6,58
9041,Con cobertura,79,1.0,3.0,4,58
9042,Con cobertura,80,3.0,4.0,7,58
9043,Con cobertura,81,3.0,1.0,4,58
9044,Con cobertura,82,4.0,4.0,8,58
9045,Con cobertura,83,11.0,1.0,12,58
9046,Con cobertura,84,2.0,1.0,3,58
9047,Con cobertura,86,0.0,1.0,1,58
9048,Con cobertura,87,0.0,1.0,1,58
9049,Con cobertura,88,1.0,0.0,1,58
9050,Con cobertura,89,0.0,2.0,2,58
9051,Con cobertura,90,1.0,3.0,4,58
9052,Con cobertura,91,0.0,11.0,11,58
9053,Con cobertura,92,0.0,1.0,1,58
9054,Con cobertura,93,1.0,0.0,1,58
9057,Con cobertura,0,117.0,97.0,214,58
9058,Con cobertura,1,127.0,122.0,249,58
9059,Con cobertura,2,93.0,99.0,192,58
9060,Con cobertura,3,100.0,90.0,190,58
9061,Con cobertura,4,131.0,105.0,236,58
9062,Con cobertura,5,122.0,92.0,214,58
9063,Con cobertura,6,67.0,62.0,129,58
9064,Con cobertura,7,82.0,87.0,169,58
9065,Con cobertura,8,73.0,90.0,163,58
9066,Con cobertura,9,81.0,131.0,212,58
9067,Con cobertura,10,81.0,93.0,174,58
9068,Con cobertura,11,96.0,78.0,174,58
9069,Con cobertura,12,110.0,62.0,172,58
9070,Con cobertura,13,106.0,91.0,197,58
9071,Con cobertura,14,94.0,69.0,163,58
9072,Con cobertura,15,83.0,78.0,161,58
9073,Con cobertura,16,96.0,111.0,207,58
9074,Con cobertura,17,68.0,101.0,169,58
9075,Con cobertura,18,106.0,116.0,222,58
9076,Con cobertura,19,69.0,103.0,172,58
9077,Con cobertura,20,49.0,51.0,100,58
9078,Con cobertura,21,77.0,80.0,157,58
9079,Con cobertura,22,64.0,62.0,126,58
9080,Con cobertura,23,44.0,83.0,127,58
9081,Con cobertura,24,63.0,71.0,134,58
9082,Con cobertura,25,85.0,34.0,119,58
9083,Con cobertura,26,43.0,54.0,97,58
9084,Con cobertura,27,31.0,57.0,88,58
9085,Con cobertura,28,58.0,95.0,153,58
9086,Con cobertura,29,73.0,84.0,157,58
9087,Con cobertura,30,40.0,200.0,240,58
9088,Con cobertura,31,59.0,84.0,143,58
9089,Con cobertura,32,37.0,73.0,110,58
9090,Con cobertura,33,43.0,66.0,109,58
9091,Con cobertura,34,66.0,47.0,113,58
9092,Con cobertura,35,87.0,61.0,148,58
9093,Con cobertura,36,54.0,70.0,124,58
9094,Con cobertura,37,50.0,102.0,152,58
9095,Con cobertura,38,49.0,77.0,126,58
9096,Con cobertura,39,76.0,79.0,155,58
9097,Con cobertura,40,59.0,99.0,158,58
9098,Con cobertura,41,67.0,77.0,144,58
9099,Con cobertura,42,52.0,80.0,132,58
9100,Con cobertura,43,34.0,68.0,102,58
9101,Con cobertura,44,59.0,99.0,158,58
9102,Con cobertura,45,25.0,149.0,174,58
9103,Con cobertura,46,70.0,48.0,118,58
9104,Con cobertura,47,45.0,57.0,102,58
9105,Con cobertura,48,56.0,58.0,114,58
9106,Con cobertura,49,40.0,87.0,127,58
9107,Con cobertura,50,69.0,44.0,113,58
9108,Con cobertura,51,43.0,48.0,91,58
9109,Con cobertura,52,51.0,103.0,154,58
9110,Con cobertura,53,42.0,59.0,101,58
9111,Con cobertura,54,31.0,72.0,103,58
9112,Con cobertura,55,26.0,54.0,80,58
9113,Con cobertura,56,29.0,54.0,83,58
9114,Con cobertura,57,52.0,61.0,113,58
9115,Con cobertura,58,50.0,76.0,126,58
9116,Con cobertura,59,47.0,41.0,88,58
9117,Con cobertura,60,33.0,35.0,68,58
9118,Con cobertura,61,41.0,47.0,88,58
9119,Con cobertura,62,39.0,49.0,88,58
9120,Con cobertura,63,45.0,37.0,82,58
9121,Con cobertura,64,32.0,15.0,47,58
9122,Con cobertura,65,36.0,24.0,60,58
9123,Con cobertura,66,13.0,45.0,58,58
9124,Con cobertura,67,29.0,32.0,61,58
9125,Con cobertura,68,31.0,47.0,78,58
9126,Con cobertura,69,26.0,30.0,56,58
9127,Con cobertura,70,11.0,44.0,55,58
9128,Con cobertura,71,30.0,30.0,60,58
9129,Con cobertura,72,12.0,33.0,45,58
9130,Con cobertura,73,10.0,7.0,17,58
9131,Con cobertura,74,7.0,12.0,19,58
9132,Con cobertura,75,12.0,5.0,17,58
9133,Con cobertura,76,7.0,32.0,39,58
9134,Con cobertura,77,3.0,3.0,6,58
9135,Con cobertura,78,29.0,10.0,39,58
9136,Con cobertura,79,4.0,5.0,9,58
9137,Con cobertura,80,5.0,16.0,21,58
9138,Con cobertura,81,3.0,2.0,5,58
9139,Con cobertura,82,5.0,6.0,11,58
9140,Con cobertura,83,3.0,2.0,5,58
9141,Con cobertura,84,3.0,5.0,8,58
9142,Con cobertura,85,14.0,19.0,33,58
9143,Con cobertura,86,0.0,4.0,4,58
9144,Con cobertura,87,1.0,2.0,3,58
9145,Con cobertura,88,1.0,3.0,4,58
9146,Con cobertura,89,1.0,3.0,4,58
9147,Con cobertura,90,3.0,2.0,5,58
9148,Con cobertura,92,1.0,0.0,1,58
9149,Con cobertura,93,0.0,1.0,1,58
9150,Con cobertura,94,1.0,4.0,5,58
9151,Con cobertura,95,1.0,0.0,1,58
9152,Con cobertura,100,0.0,1.0,1,58
9155,Sin cobertura,0,2259.0,2193.0,4452,58
9156,Sin cobertura,1,2093.0,1958.0,4051,58
9157,Sin cobertura,2,2438.0,1768.0,4206,58
9158,Sin cobertura,3,1912.0,1880.0,3792,58
9159,Sin cobertura,4,1806.0,1693.0,3499,58
9160,Sin cobertura,5,1752.0,1623.0,3375,58
9161,Sin cobertura,6,1651.0,1689.0,3340,58
9162,Sin cobertura,7,1556.0,1544.0,3100,58
9163,Sin cobertura,8,1605.0,1623.0,3228,58
9164,Sin cobertura,9,1803.0,1629.0,3432,58
9165,Sin cobertura,10,1702.0,1830.0,3532,58
9166,Sin cobertura,11,1917.0,1632.0,3549,58
9167,Sin cobertura,12,1682.0,1731.0,3413,58
9168,Sin cobertura,13,1659.0,1746.0,3405,58
9169,Sin cobertura,14,1885.0,1794.0,3679,58
9170,Sin cobertura,15,1757.0,1744.0,3501,58
9171,Sin cobertura,16,1737.0,1693.0,3430,58
9172,Sin cobertura,17,1708.0,2074.0,3782,58
9173,Sin cobertura,18,2279.0,2107.0,4386,58
9174,Sin cobertura,19,2746.0,2404.0,5150,58
9175,Sin cobertura,20,2592.0,2568.0,5160,58
9176,Sin cobertura,21,2626.0,2362.0,4988,58
9177,Sin cobertura,22,2610.0,2240.0,4850,58
9178,Sin cobertura,23,2255.0,2221.0,4476,58
9179,Sin cobertura,24,2241.0,2155.0,4396,58
9180,Sin cobertura,25,2101.0,1920.0,4021,58
9181,Sin cobertura,26,1916.0,1787.0,3703,58
9182,Sin cobertura,27,1804.0,1852.0,3656,58
9183,Sin cobertura,28,1829.0,1634.0,3463,58
9184,Sin cobertura,29,1741.0,1779.0,3520,58
9185,Sin cobertura,30,1748.0,1612.0,3360,58
9186,Sin cobertura,31,1627.0,1690.0,3317,58
9187,Sin cobertura,32,1556.0,1340.0,2896,58
9188,Sin cobertura,33,1540.0,1418.0,2958,58
9189,Sin cobertura,34,1391.0,1466.0,2857,58
9190,Sin cobertura,35,1448.0,1272.0,2720,58
9191,Sin cobertura,36,1180.0,1199.0,2379,58
9192,Sin cobertura,37,1398.0,1399.0,2797,58
9193,Sin cobertura,38,1400.0,1182.0,2582,58
9194,Sin cobertura,39,1144.0,1157.0,2301,58
9195,Sin cobertura,40,1226.0,1119.0,2345,58
9196,Sin cobertura,41,1074.0,1010.0,2084,58
9197,Sin cobertura,42,1009.0,931.0,1940,58
9198,Sin cobertura,43,936.0,965.0,1901,58
9199,Sin cobertura,44,1010.0,1022.0,2032,58
9200,Sin cobertura,45,1092.0,857.0,1949,58
9201,Sin cobertura,46,1085.0,935.0,2020,58
9202,Sin cobertura,47,969.0,963.0,1932,58
9203,Sin cobertura,48,1079.0,939.0,2018,58
9204,Sin cobertura,49,884.0,897.0,1781,58
9205,Sin cobertura,50,952.0,965.0,1917,58
9206,Sin cobertura,51,907.0,846.0,1753,58
9207,Sin cobertura,52,991.0,903.0,1894,58
9208,Sin cobertura,53,1031.0,784.0,1815,58
9209,Sin cobertura,54,862.0,721.0,1583,58
9210,Sin cobertura,55,957.0,785.0,1742,58
9211,Sin cobertura,56,878.0,744.0,1622,58
9212,Sin cobertura,57,913.0,648.0,1561,58
9213,Sin cobertura,58,833.0,685.0,1518,58
9214,Sin cobertura,59,721.0,538.0,1259,58
9215,Sin cobertura,60,674.0,660.0,1334,58
9216,Sin cobertura,61,667.0,433.0,1100,58
9217,Sin cobertura,62,702.0,349.0,1051,58
9218,Sin cobertura,63,491.0,221.0,712,58
9219,Sin cobertura,64,585.0,222.0,807,58
9220,Sin cobertura,65,425.0,159.0,584,58
9221,Sin cobertura,66,261.0,122.0,383,58
9222,Sin cobertura,67,168.0,111.0,279,58
9223,Sin cobertura,68,150.0,96.0,246,58
9224,Sin cobertura,69,181.0,112.0,293,58
9225,Sin cobertura,70,111.0,128.0,239,58
9226,Sin cobertura,71,132.0,74.0,206,58
9227,Sin cobertura,72,60.0,58.0,118,58
9228,Sin cobertura,73,88.0,130.0,218,58
9229,Sin cobertura,74,72.0,61.0,133,58
9230,Sin cobertura,75,73.0,41.0,114,58
9231,Sin cobertura,76,75.0,132.0,207,58
9232,Sin cobertura,77,45.0,105.0,150,58
9233,Sin cobertura,78,28.0,40.0,68,58
9234,Sin cobertura,79,29.0,39.0,68,58
9235,Sin cobertura,80,39.0,41.0,80,58
9236,Sin cobertura,81,28.0,37.0,65,58
9237,Sin cobertura,82,24.0,19.0,43,58
9238,Sin cobertura,83,35.0,17.0,52,58
9239,Sin cobertura,84,16.0,3.0,19,58
9240,Sin cobertura,85,10.0,15.0,25,58
9241,Sin cobertura,86,25.0,19.0,44,58
9242,Sin cobertura,87,12.0,11.0,23,58
9243,Sin cobertura,88,10.0,7.0,17,58
9244,Sin cobertura,89,8.0,13.0,21,58
9245,Sin cobertura,90,7.0,16.0,23,58
9246,Sin cobertura,91,17.0,7.0,24,58
9247,Sin cobertura,92,1.0,10.0,11,58
9248,Sin cobertura,93,1.0,9.0,10,58
9249,Sin cobertura,94,0.0,12.0,12,58
9250,Sin cobertura,95,2.0,12.0,14,58
9251,Sin cobertura,96,0.0,1.0,1,58
9252,Sin cobertura,97,1.0,2.0,3,58
9253,Sin cobertura,98,1.0,4.0,5,58
9254,Sin cobertura,99,0.0,1.0,1,58
9255,Sin cobertura,100,0.0,1.0,1,58
9256,Sin cobertura,105,0.0,1.0,1,58
9257,Sin cobertura,107,0.0,1.0,1,58
9258,Sin cobertura,110,0.0,13.0,13,58
9376,Con cobertura,0,2183.0,2297.0,4480,62
9377,Con cobertura,1,2421.0,2198.0,4619,62
9378,Con cobertura,2,2441.0,2510.0,4951,62
9379,Con cobertura,3,2377.0,2449.0,4826,62
9380,Con cobertura,4,2672.0,2275.0,4947,62
9381,Con cobertura,5,2716.0,2528.0,5244,62
9382,Con cobertura,6,2580.0,2433.0,5013,62
9383,Con cobertura,7,2620.0,2708.0,5328,62
9384,Con cobertura,8,2623.0,2758.0,5381,62
9385,Con cobertura,9,2869.0,2655.0,5524,62
9386,Con cobertura,10,3010.0,2733.0,5743,62
9387,Con cobertura,11,2961.0,2856.0,5817,62
9388,Con cobertura,12,3102.0,2763.0,5865,62
9389,Con cobertura,13,2886.0,2998.0,5884,62
9390,Con cobertura,14,3263.0,3120.0,6383,62
9391,Con cobertura,15,3305.0,3147.0,6452,62
9392,Con cobertura,16,3032.0,2867.0,5899,62
9393,Con cobertura,17,3009.0,2936.0,5945,62
9394,Con cobertura,18,2707.0,2779.0,5486,62
9395,Con cobertura,19,2592.0,2708.0,5300,62
9396,Con cobertura,20,2220.0,2336.0,4556,62
9397,Con cobertura,21,1712.0,1758.0,3470,62
9398,Con cobertura,22,1612.0,1658.0,3270,62
9399,Con cobertura,23,1739.0,1811.0,3550,62
9400,Con cobertura,24,1952.0,1985.0,3937,62
9401,Con cobertura,25,1841.0,1833.0,3674,62
9402,Con cobertura,26,2022.0,1960.0,3982,62
9403,Con cobertura,27,2001.0,2120.0,4121,62
9404,Con cobertura,28,2247.0,2233.0,4480,62
9405,Con cobertura,29,2182.0,2389.0,4571,62
9406,Con cobertura,30,2174.0,2538.0,4712,62
9407,Con cobertura,31,2312.0,2525.0,4837,62
9408,Con cobertura,32,2291.0,2564.0,4855,62
9409,Con cobertura,33,2297.0,2598.0,4895,62
9410,Con cobertura,34,2289.0,2419.0,4708,62
9411,Con cobertura,35,2024.0,2461.0,4485,62
9412,Con cobertura,36,2007.0,2272.0,4279,62
9413,Con cobertura,37,2051.0,2325.0,4376,62
9414,Con cobertura,38,1997.0,2325.0,4322,62
9415,Con cobertura,39,1980.0,2226.0,4206,62
9416,Con cobertura,40,1987.0,2183.0,4170,62
9417,Con cobertura,41,1753.0,2054.0,3807,62
9418,Con cobertura,42,1929.0,2097.0,4026,62
9419,Con cobertura,43,1623.0,2119.0,3742,62
9420,Con cobertura,44,1779.0,2073.0,3852,62
9421,Con cobertura,45,1835.0,2234.0,4069,62
9422,Con cobertura,46,1702.0,2113.0,3815,62
9423,Con cobertura,47,1845.0,2122.0,3967,62
9424,Con cobertura,48,1807.0,1935.0,3742,62
9425,Con cobertura,49,1746.0,1790.0,3536,62
9426,Con cobertura,50,1607.0,1896.0,3503,62
9427,Con cobertura,51,1565.0,1873.0,3438,62
9428,Con cobertura,52,1524.0,1741.0,3265,62
9429,Con cobertura,53,1583.0,1803.0,3386,62
9430,Con cobertura,54,1462.0,1615.0,3077,62
9431,Con cobertura,55,1435.0,1731.0,3166,62
9432,Con cobertura,56,1456.0,1707.0,3163,62
9433,Con cobertura,57,1318.0,1692.0,3010,62
9434,Con cobertura,58,1427.0,1570.0,2997,62
9435,Con cobertura,59,1310.0,1562.0,2872,62
9436,Con cobertura,60,1364.0,1662.0,3026,62
9437,Con cobertura,61,1293.0,1895.0,3188,62
9438,Con cobertura,62,1272.0,2046.0,3318,62
9439,Con cobertura,63,1201.0,1841.0,3042,62
9440,Con cobertura,64,1108.0,1781.0,2889,62
9441,Con cobertura,65,1246.0,1980.0,3226,62
9442,Con cobertura,66,1390.0,1784.0,3174,62
9443,Con cobertura,67,1434.0,1674.0,3108,62
9444,Con cobertura,68,1620.0,1648.0,3268,62
9445,Con cobertura,69,1180.0,1587.0,2767,62
9446,Con cobertura,70,1316.0,1489.0,2805,62
9447,Con cobertura,71,1139.0,1300.0,2439,62
9448,Con cobertura,72,1034.0,1238.0,2272,62
9449,Con cobertura,73,1085.0,1339.0,2424,62
9450,Con cobertura,74,949.0,1184.0,2133,62
9451,Con cobertura,75,954.0,1243.0,2197,62
9452,Con cobertura,76,784.0,1101.0,1885,62
9453,Con cobertura,77,703.0,960.0,1663,62
9454,Con cobertura,78,698.0,853.0,1551,62
9455,Con cobertura,79,694.0,979.0,1673,62
9456,Con cobertura,80,649.0,896.0,1545,62
9457,Con cobertura,81,495.0,701.0,1196,62
9458,Con cobertura,82,350.0,686.0,1036,62
9459,Con cobertura,83,344.0,599.0,943,62
9460,Con cobertura,84,322.0,576.0,898,62
9461,Con cobertura,85,278.0,483.0,761,62
9462,Con cobertura,86,250.0,549.0,799,62
9463,Con cobertura,87,200.0,443.0,643,62
9464,Con cobertura,88,179.0,339.0,518,62
9465,Con cobertura,89,154.0,338.0,492,62
9466,Con cobertura,90,121.0,321.0,442,62
9467,Con cobertura,91,76.0,230.0,306,62
9468,Con cobertura,92,69.0,171.0,240,62
9469,Con cobertura,93,18.0,68.0,86,62
9470,Con cobertura,94,62.0,60.0,122,62
9471,Con cobertura,95,26.0,62.0,88,62
9472,Con cobertura,96,17.0,48.0,65,62
9473,Con cobertura,97,15.0,42.0,57,62
9474,Con cobertura,98,12.0,8.0,20,62
9475,Con cobertura,99,6.0,4.0,10,62
9476,Con cobertura,100,2.0,10.0,12,62
9477,Con cobertura,101,2.0,3.0,5,62
9478,Con cobertura,102,0.0,1.0,1,62
9479,Con cobertura,103,0.0,1.0,1,62
9480,Con cobertura,104,0.0,1.0,1,62
9481,Con cobertura,109,0.0,2.0,2,62
9482,Con cobertura,110,0.0,1.0,1,62
9485,Con cobertura,0,629.0,560.0,1189,62
9486,Con cobertura,1,671.0,664.0,1335,62
9487,Con cobertura,2,459.0,446.0,905,62
9488,Con cobertura,3,493.0,500.0,993,62
9489,Con cobertura,4,641.0,617.0,1258,62
9490,Con cobertura,5,595.0,506.0,1101,62
9491,Con cobertura,6,606.0,474.0,1080,62
9492,Con cobertura,7,515.0,491.0,1006,62
9493,Con cobertura,8,593.0,477.0,1070,62
9494,Con cobertura,9,521.0,598.0,1119,62
9495,Con cobertura,10,609.0,507.0,1116,62
9496,Con cobertura,11,521.0,528.0,1049,62
9497,Con cobertura,12,513.0,521.0,1034,62
9498,Con cobertura,13,508.0,604.0,1112,62
9499,Con cobertura,14,602.0,489.0,1091,62
9500,Con cobertura,15,534.0,457.0,991,62
9501,Con cobertura,16,482.0,447.0,929,62
9502,Con cobertura,17,576.0,556.0,1132,62
9503,Con cobertura,18,451.0,428.0,879,62
9504,Con cobertura,19,461.0,402.0,863,62
9505,Con cobertura,20,380.0,404.0,784,62
9506,Con cobertura,21,346.0,283.0,629,62
9507,Con cobertura,22,277.0,331.0,608,62
9508,Con cobertura,23,431.0,374.0,805,62
9509,Con cobertura,24,370.0,534.0,904,62
9510,Con cobertura,25,368.0,486.0,854,62
9511,Con cobertura,26,478.0,511.0,989,62
9512,Con cobertura,27,436.0,496.0,932,62
9513,Con cobertura,28,531.0,581.0,1112,62
9514,Con cobertura,29,616.0,599.0,1215,62
9515,Con cobertura,30,678.0,657.0,1335,62
9516,Con cobertura,31,607.0,673.0,1280,62
9517,Con cobertura,32,604.0,635.0,1239,62
9518,Con cobertura,33,553.0,647.0,1200,62
9519,Con cobertura,34,639.0,504.0,1143,62
9520,Con cobertura,35,679.0,599.0,1278,62
9521,Con cobertura,36,502.0,522.0,1024,62
9522,Con cobertura,37,624.0,448.0,1072,62
9523,Con cobertura,38,544.0,575.0,1119,62
9524,Con cobertura,39,528.0,419.0,947,62
9525,Con cobertura,40,381.0,485.0,866,62
9526,Con cobertura,41,345.0,356.0,701,62
9527,Con cobertura,42,405.0,369.0,774,62
9528,Con cobertura,43,334.0,323.0,657,62
9529,Con cobertura,44,361.0,443.0,804,62
9530,Con cobertura,45,366.0,385.0,751,62
9531,Con cobertura,46,365.0,343.0,708,62
9532,Con cobertura,47,432.0,379.0,811,62
9533,Con cobertura,48,322.0,344.0,666,62
9534,Con cobertura,49,359.0,376.0,735,62
9535,Con cobertura,50,357.0,289.0,646,62
9536,Con cobertura,51,318.0,326.0,644,62
9537,Con cobertura,52,299.0,360.0,659,62
9538,Con cobertura,53,326.0,332.0,658,62
9539,Con cobertura,54,287.0,290.0,577,62
9540,Con cobertura,55,241.0,297.0,538,62
9541,Con cobertura,56,345.0,245.0,590,62
9542,Con cobertura,57,300.0,239.0,539,62
9543,Con cobertura,58,283.0,196.0,479,62
9544,Con cobertura,59,254.0,222.0,476,62
9545,Con cobertura,60,262.0,192.0,454,62
9546,Con cobertura,61,193.0,135.0,328,62
9547,Con cobertura,62,153.0,105.0,258,62
9548,Con cobertura,63,245.0,86.0,331,62
9549,Con cobertura,64,274.0,117.0,391,62
9550,Con cobertura,65,133.0,57.0,190,62
9551,Con cobertura,66,76.0,48.0,124,62
9552,Con cobertura,67,86.0,69.0,155,62
9553,Con cobertura,68,38.0,40.0,78,62
9554,Con cobertura,69,64.0,51.0,115,62
9555,Con cobertura,70,33.0,23.0,56,62
9556,Con cobertura,71,51.0,17.0,68,62
9557,Con cobertura,72,34.0,16.0,50,62
9558,Con cobertura,73,23.0,27.0,50,62
9559,Con cobertura,74,25.0,42.0,67,62
9560,Con cobertura,75,18.0,26.0,44,62
9561,Con cobertura,76,16.0,11.0,27,62
9562,Con cobertura,77,42.0,8.0,50,62
9563,Con cobertura,78,3.0,18.0,21,62
9564,Con cobertura,79,4.0,6.0,10,62
9565,Con cobertura,80,17.0,13.0,30,62
9566,Con cobertura,81,2.0,13.0,15,62
9567,Con cobertura,82,6.0,4.0,10,62
9568,Con cobertura,83,3.0,5.0,8,62
9569,Con cobertura,84,14.0,6.0,20,62
9570,Con cobertura,85,1.0,4.0,5,62
9571,Con cobertura,86,2.0,2.0,4,62
9572,Con cobertura,87,3.0,4.0,7,62
9573,Con cobertura,88,0.0,1.0,1,62
9574,Con cobertura,89,1.0,0.0,1,62
9575,Con cobertura,90,1.0,1.0,2,62
9576,Con cobertura,91,0.0,12.0,12,62
9577,Con cobertura,92,1.0,0.0,1,62
9578,Con cobertura,94,0.0,1.0,1,62
9579,Con cobertura,95,0.0,1.0,1,62
9580,Con cobertura,97,0.0,1.0,1,62
9581,Con cobertura,98,0.0,1.0,1,62
9584,Con cobertura,0,183.0,171.0,354,62
9585,Con cobertura,1,194.0,189.0,383,62
9586,Con cobertura,2,157.0,187.0,344,62
9587,Con cobertura,3,225.0,190.0,415,62
9588,Con cobertura,4,168.0,221.0,389,62
9589,Con cobertura,5,218.0,142.0,360,62
9590,Con cobertura,6,172.0,163.0,335,62
9591,Con cobertura,7,187.0,160.0,347,62
9592,Con cobertura,8,144.0,162.0,306,62
9593,Con cobertura,9,173.0,157.0,330,62
9594,Con cobertura,10,191.0,117.0,308,62
9595,Con cobertura,11,118.0,181.0,299,62
9596,Con cobertura,12,114.0,116.0,230,62
9597,Con cobertura,13,150.0,159.0,309,62
9598,Con cobertura,14,135.0,167.0,302,62
9599,Con cobertura,15,131.0,131.0,262,62
9600,Con cobertura,16,120.0,196.0,316,62
9601,Con cobertura,17,165.0,172.0,337,62
9602,Con cobertura,18,153.0,149.0,302,62
9603,Con cobertura,19,100.0,147.0,247,62
9604,Con cobertura,20,118.0,73.0,191,62
9605,Con cobertura,21,111.0,114.0,225,62
9606,Con cobertura,22,98.0,110.0,208,62
9607,Con cobertura,23,153.0,176.0,329,62
9608,Con cobertura,24,200.0,196.0,396,62
9609,Con cobertura,25,172.0,181.0,353,62
9610,Con cobertura,26,185.0,144.0,329,62
9611,Con cobertura,27,167.0,206.0,373,62
9612,Con cobertura,28,249.0,247.0,496,62
9613,Con cobertura,29,241.0,232.0,473,62
9614,Con cobertura,30,221.0,266.0,487,62
9615,Con cobertura,31,225.0,227.0,452,62
9616,Con cobertura,32,280.0,301.0,581,62
9617,Con cobertura,33,191.0,199.0,390,62
9618,Con cobertura,34,191.0,183.0,374,62
9619,Con cobertura,35,214.0,212.0,426,62
9620,Con cobertura,36,244.0,254.0,498,62
9621,Con cobertura,37,211.0,262.0,473,62
9622,Con cobertura,38,266.0,243.0,509,62
9623,Con cobertura,39,174.0,206.0,380,62
9624,Con cobertura,40,240.0,173.0,413,62
9625,Con cobertura,41,225.0,234.0,459,62
9626,Con cobertura,42,227.0,167.0,394,62
9627,Con cobertura,43,205.0,184.0,389,62
9628,Con cobertura,44,154.0,151.0,305,62
9629,Con cobertura,45,146.0,151.0,297,62
9630,Con cobertura,46,190.0,114.0,304,62
9631,Con cobertura,47,220.0,245.0,465,62
9632,Con cobertura,48,200.0,212.0,412,62
9633,Con cobertura,49,193.0,148.0,341,62
9634,Con cobertura,50,170.0,204.0,374,62
9635,Con cobertura,51,217.0,151.0,368,62
9636,Con cobertura,52,182.0,223.0,405,62
9637,Con cobertura,53,189.0,182.0,371,62
9638,Con cobertura,54,227.0,105.0,332,62
9639,Con cobertura,55,215.0,135.0,350,62
9640,Con cobertura,56,280.0,188.0,468,62
9641,Con cobertura,57,138.0,112.0,250,62
9642,Con cobertura,58,141.0,135.0,276,62
9643,Con cobertura,59,186.0,129.0,315,62
9644,Con cobertura,60,224.0,165.0,389,62
9645,Con cobertura,61,187.0,92.0,279,62
9646,Con cobertura,62,184.0,86.0,270,62
9647,Con cobertura,63,148.0,54.0,202,62
9648,Con cobertura,64,121.0,40.0,161,62
9649,Con cobertura,65,75.0,61.0,136,62
9650,Con cobertura,66,54.0,80.0,134,62
9651,Con cobertura,67,41.0,58.0,99,62
9652,Con cobertura,68,56.0,10.0,66,62
9653,Con cobertura,69,22.0,34.0,56,62
9654,Con cobertura,70,44.0,30.0,74,62
9655,Con cobertura,71,25.0,11.0,36,62
9656,Con cobertura,72,32.0,15.0,47,62
9657,Con cobertura,73,23.0,37.0,60,62
9658,Con cobertura,74,18.0,30.0,48,62
9659,Con cobertura,75,16.0,20.0,36,62
9660,Con cobertura,76,8.0,18.0,26,62
9661,Con cobertura,77,13.0,12.0,25,62
9662,Con cobertura,78,6.0,17.0,23,62
9663,Con cobertura,79,7.0,18.0,25,62
9664,Con cobertura,80,22.0,9.0,31,62
9665,Con cobertura,81,14.0,13.0,27,62
9666,Con cobertura,82,22.0,13.0,35,62
9667,Con cobertura,83,12.0,1.0,13,62
9668,Con cobertura,84,1.0,12.0,13,62
9669,Con cobertura,85,2.0,1.0,3,62
9670,Con cobertura,86,3.0,9.0,12,62
9671,Con cobertura,87,2.0,1.0,3,62
9672,Con cobertura,88,0.0,1.0,1,62
9673,Con cobertura,89,3.0,1.0,4,62
9674,Con cobertura,90,3.0,2.0,5,62
9675,Con cobertura,91,1.0,1.0,2,62
9676,Con cobertura,94,0.0,8.0,8,62
9677,Con cobertura,95,0.0,1.0,1,62
9678,Con cobertura,97,0.0,1.0,1,62
9681,Con cobertura,0,138.0,138.0,276,62
9682,Con cobertura,1,125.0,146.0,271,62
9683,Con cobertura,2,128.0,100.0,228,62
9684,Con cobertura,3,177.0,148.0,325,62
9685,Con cobertura,4,141.0,89.0,230,62
9686,Con cobertura,5,109.0,101.0,210,62
9687,Con cobertura,6,113.0,74.0,187,62
9688,Con cobertura,7,73.0,82.0,155,62
9689,Con cobertura,8,65.0,89.0,154,62
9690,Con cobertura,9,66.0,83.0,149,62
9691,Con cobertura,10,106.0,66.0,172,62
9692,Con cobertura,11,77.0,85.0,162,62
9693,Con cobertura,12,143.0,111.0,254,62
9694,Con cobertura,13,97.0,90.0,187,62
9695,Con cobertura,14,95.0,104.0,199,62
9696,Con cobertura,15,118.0,74.0,192,62
9697,Con cobertura,16,125.0,103.0,228,62
9698,Con cobertura,17,167.0,104.0,271,62
9699,Con cobertura,18,92.0,119.0,211,62
9700,Con cobertura,19,81.0,73.0,154,62
9701,Con cobertura,20,109.0,82.0,191,62
9702,Con cobertura,21,53.0,46.0,99,62
9703,Con cobertura,22,67.0,52.0,119,62
9704,Con cobertura,23,79.0,70.0,149,62
9705,Con cobertura,24,74.0,65.0,139,62
9706,Con cobertura,25,41.0,58.0,99,62
9707,Con cobertura,26,71.0,58.0,129,62
9708,Con cobertura,27,68.0,89.0,157,62
9709,Con cobertura,28,72.0,100.0,172,62
9710,Con cobertura,29,79.0,65.0,144,62
9711,Con cobertura,30,54.0,68.0,122,62
9712,Con cobertura,31,61.0,82.0,143,62
9713,Con cobertura,32,72.0,90.0,162,62
9714,Con cobertura,33,46.0,64.0,110,62
9715,Con cobertura,34,83.0,69.0,152,62
9716,Con cobertura,35,71.0,97.0,168,62
9717,Con cobertura,36,67.0,70.0,137,62
9718,Con cobertura,37,51.0,68.0,119,62
9719,Con cobertura,38,57.0,57.0,114,62
9720,Con cobertura,39,59.0,69.0,128,62
9721,Con cobertura,40,76.0,79.0,155,62
9722,Con cobertura,41,51.0,86.0,137,62
9723,Con cobertura,42,76.0,62.0,138,62
9724,Con cobertura,43,94.0,80.0,174,62
9725,Con cobertura,44,46.0,75.0,121,62
9726,Con cobertura,45,66.0,59.0,125,62
9727,Con cobertura,46,51.0,73.0,124,62
9728,Con cobertura,47,50.0,101.0,151,62
9729,Con cobertura,48,60.0,92.0,152,62
9730,Con cobertura,49,27.0,72.0,99,62
9731,Con cobertura,50,58.0,94.0,152,62
9732,Con cobertura,51,109.0,70.0,179,62
9733,Con cobertura,52,50.0,88.0,138,62
9734,Con cobertura,53,62.0,43.0,105,62
9735,Con cobertura,54,56.0,67.0,123,62
9736,Con cobertura,55,54.0,107.0,161,62
9737,Con cobertura,56,68.0,49.0,117,62
9738,Con cobertura,57,66.0,30.0,96,62
9739,Con cobertura,58,23.0,76.0,99,62
9740,Con cobertura,59,51.0,78.0,129,62
9741,Con cobertura,60,31.0,48.0,79,62
9742,Con cobertura,61,43.0,35.0,78,62
9743,Con cobertura,62,51.0,24.0,75,62
9744,Con cobertura,63,24.0,69.0,93,62
9745,Con cobertura,64,26.0,23.0,49,62
9746,Con cobertura,65,45.0,13.0,58,62
9747,Con cobertura,66,31.0,33.0,64,62
9748,Con cobertura,67,18.0,21.0,39,62
9749,Con cobertura,68,10.0,42.0,52,62
9750,Con cobertura,69,7.0,13.0,20,62
9751,Con cobertura,70,14.0,11.0,25,62
9752,Con cobertura,71,8.0,19.0,27,62
9753,Con cobertura,72,6.0,9.0,15,62
9754,Con cobertura,73,16.0,6.0,22,62
9755,Con cobertura,74,4.0,22.0,26,62
9756,Con cobertura,75,9.0,7.0,16,62
9757,Con cobertura,76,7.0,12.0,19,62
9758,Con cobertura,77,7.0,9.0,16,62
9759,Con cobertura,78,5.0,6.0,11,62
9760,Con cobertura,79,7.0,8.0,15,62
9761,Con cobertura,80,16.0,6.0,22,62
9762,Con cobertura,81,4.0,6.0,10,62
9763,Con cobertura,82,7.0,34.0,41,62
9764,Con cobertura,83,14.0,23.0,37,62
9765,Con cobertura,84,4.0,7.0,11,62
9766,Con cobertura,85,5.0,4.0,9,62
9767,Con cobertura,86,2.0,2.0,4,62
9768,Con cobertura,87,3.0,12.0,15,62
9769,Con cobertura,88,0.0,4.0,4,62
9770,Con cobertura,89,0.0,4.0,4,62
9771,Con cobertura,90,0.0,11.0,11,62
9772,Con cobertura,91,1.0,9.0,10,62
9773,Con cobertura,92,0.0,4.0,4,62
9774,Con cobertura,93,0.0,9.0,9,62
9775,Con cobertura,95,0.0,2.0,2,62
9776,Con cobertura,100,0.0,2.0,2,62
9779,Sin cobertura,0,2397.0,2132.0,4529,62
9780,Sin cobertura,1,2183.0,2124.0,4307,62
9781,Sin cobertura,2,2285.0,2095.0,4380,62
9782,Sin cobertura,3,1934.0,1965.0,3899,62
9783,Sin cobertura,4,1982.0,1763.0,3745,62
9784,Sin cobertura,5,2040.0,1808.0,3848,62
9785,Sin cobertura,6,1967.0,1696.0,3663,62
9786,Sin cobertura,7,1806.0,1988.0,3794,62
9787,Sin cobertura,8,1998.0,1992.0,3990,62
9788,Sin cobertura,9,2037.0,2141.0,4178,62
9789,Sin cobertura,10,2068.0,2194.0,4262,62
9790,Sin cobertura,11,2157.0,1874.0,4031,62
9791,Sin cobertura,12,2141.0,2070.0,4211,62
9792,Sin cobertura,13,2068.0,2013.0,4081,62
9793,Sin cobertura,14,2261.0,2166.0,4427,62
9794,Sin cobertura,15,2361.0,2104.0,4465,62
9795,Sin cobertura,16,2110.0,2153.0,4263,62
9796,Sin cobertura,17,2436.0,2214.0,4650,62
9797,Sin cobertura,18,2524.0,2481.0,5005,62
9798,Sin cobertura,19,2773.0,2237.0,5010,62
9799,Sin cobertura,20,2707.0,2323.0,5030,62
9800,Sin cobertura,21,2859.0,3112.0,5971,62
9801,Sin cobertura,22,2970.0,2735.0,5705,62
9802,Sin cobertura,23,2497.0,2595.0,5092,62
9803,Sin cobertura,24,2381.0,2552.0,4933,62
9804,Sin cobertura,25,2579.0,2192.0,4771,62
9805,Sin cobertura,26,2227.0,2229.0,4456,62
9806,Sin cobertura,27,1974.0,2031.0,4005,62
9807,Sin cobertura,28,2123.0,2089.0,4212,62
9808,Sin cobertura,29,2208.0,1753.0,3961,62
9809,Sin cobertura,30,2026.0,1824.0,3850,62
9810,Sin cobertura,31,1803.0,1953.0,3756,62
9811,Sin cobertura,32,1857.0,1709.0,3566,62
9812,Sin cobertura,33,1756.0,1744.0,3500,62
9813,Sin cobertura,34,1691.0,1382.0,3073,62
9814,Sin cobertura,35,1592.0,1537.0,3129,62
9815,Sin cobertura,36,1509.0,1407.0,2916,62
9816,Sin cobertura,37,1548.0,1303.0,2851,62
9817,Sin cobertura,38,1462.0,1380.0,2842,62
9818,Sin cobertura,39,1396.0,1307.0,2703,62
9819,Sin cobertura,40,1439.0,1220.0,2659,62
9820,Sin cobertura,41,1331.0,1081.0,2412,62
9821,Sin cobertura,42,1293.0,1200.0,2493,62
9822,Sin cobertura,43,1219.0,1145.0,2364,62
9823,Sin cobertura,44,1286.0,1188.0,2474,62
9824,Sin cobertura,45,1236.0,1185.0,2421,62
9825,Sin cobertura,46,1319.0,1096.0,2415,62
9826,Sin cobertura,47,1163.0,1150.0,2313,62
9827,Sin cobertura,48,1255.0,1169.0,2424,62
9828,Sin cobertura,49,1278.0,1096.0,2374,62
9829,Sin cobertura,50,1349.0,1079.0,2428,62
9830,Sin cobertura,51,1153.0,848.0,2001,62
9831,Sin cobertura,52,1000.0,878.0,1878,62
9832,Sin cobertura,53,1179.0,962.0,2141,62
9833,Sin cobertura,54,1033.0,980.0,2013,62
9834,Sin cobertura,55,965.0,932.0,1897,62
9835,Sin cobertura,56,1011.0,824.0,1835,62
9836,Sin cobertura,57,917.0,786.0,1703,62
9837,Sin cobertura,58,977.0,808.0,1785,62
9838,Sin cobertura,59,960.0,623.0,1583,62
9839,Sin cobertura,60,1076.0,790.0,1866,62
9840,Sin cobertura,61,887.0,459.0,1346,62
9841,Sin cobertura,62,802.0,315.0,1117,62
9842,Sin cobertura,63,763.0,264.0,1027,62
9843,Sin cobertura,64,666.0,166.0,832,62
9844,Sin cobertura,65,580.0,210.0,790,62
9845,Sin cobertura,66,340.0,150.0,490,62
9846,Sin cobertura,67,200.0,136.0,336,62
9847,Sin cobertura,68,177.0,168.0,345,62
9848,Sin cobertura,69,153.0,114.0,267,62
9849,Sin cobertura,70,168.0,67.0,235,62
9850,Sin cobertura,71,124.0,132.0,256,62
9851,Sin cobertura,72,89.0,73.0,162,62
9852,Sin cobertura,73,115.0,48.0,163,62
9853,Sin cobertura,74,85.0,83.0,168,62
9854,Sin cobertura,75,88.0,79.0,167,62
9855,Sin cobertura,76,69.0,62.0,131,62
9856,Sin cobertura,77,75.0,78.0,153,62
9857,Sin cobertura,78,50.0,69.0,119,62
9858,Sin cobertura,79,59.0,58.0,117,62
9859,Sin cobertura,80,43.0,82.0,125,62
9860,Sin cobertura,81,56.0,70.0,126,62
9861,Sin cobertura,82,43.0,36.0,79,62
9862,Sin cobertura,83,29.0,38.0,67,62
9863,Sin cobertura,84,33.0,35.0,68,62
9864,Sin cobertura,85,27.0,33.0,60,62
9865,Sin cobertura,86,20.0,35.0,55,62
9866,Sin cobertura,87,11.0,14.0,25,62
9867,Sin cobertura,88,16.0,20.0,36,62
9868,Sin cobertura,89,9.0,30.0,39,62
9869,Sin cobertura,90,10.0,20.0,30,62
9870,Sin cobertura,91,5.0,8.0,13,62
9871,Sin cobertura,92,4.0,15.0,19,62
9872,Sin cobertura,93,0.0,3.0,3,62
9873,Sin cobertura,94,4.0,7.0,11,62
9874,Sin cobertura,95,2.0,2.0,4,62
9875,Sin cobertura,96,1.0,13.0,14,62
9876,Sin cobertura,97,0.0,1.0,1,62
9877,Sin cobertura,98,0.0,3.0,3,62
9878,Sin cobertura,100,0.0,1.0,1,62
9879,Sin cobertura,105,0.0,1.0,1,62
9880,Sin cobertura,110,1.0,0.0,1,62
9996,Con cobertura,0,3487.0,3750.0,7237,66
9997,Con cobertura,1,3920.0,3499.0,7419,66
9998,Con cobertura,2,3839.0,3354.0,7193,66
9999,Con cobertura,3,3461.0,3545.0,7006,66
10000,Con cobertura,4,3742.0,3676.0,7418,66
10001,Con cobertura,5,3995.0,3908.0,7903,66
10002,Con cobertura,6,3930.0,4084.0,8014,66
10003,Con cobertura,7,4420.0,4326.0,8746,66
10004,Con cobertura,8,4465.0,4462.0,8927,66
10005,Con cobertura,9,4628.0,4431.0,9059,66
10006,Con cobertura,10,4784.0,4513.0,9297,66
10007,Con cobertura,11,4926.0,4465.0,9391,66
10008,Con cobertura,12,4905.0,4473.0,9378,66
10009,Con cobertura,13,5035.0,4375.0,9410,66
10010,Con cobertura,14,5005.0,4895.0,9900,66
10011,Con cobertura,15,5021.0,5238.0,10259,66
10012,Con cobertura,16,4912.0,5147.0,10059,66
10013,Con cobertura,17,4902.0,4991.0,9893,66
10014,Con cobertura,18,4376.0,5053.0,9429,66
10015,Con cobertura,19,3872.0,4488.0,8360,66
10016,Con cobertura,20,3486.0,3497.0,6983,66
10017,Con cobertura,21,2811.0,3025.0,5836,66
10018,Con cobertura,22,2511.0,2633.0,5144,66
10019,Con cobertura,23,2560.0,2732.0,5292,66
10020,Con cobertura,24,2543.0,2725.0,5268,66
10021,Con cobertura,25,2598.0,2941.0,5539,66
10022,Con cobertura,26,2628.0,2710.0,5338,66
10023,Con cobertura,27,2655.0,2671.0,5326,66
10024,Con cobertura,28,2858.0,2776.0,5634,66
10025,Con cobertura,29,2935.0,3141.0,6076,66
10026,Con cobertura,30,3266.0,3521.0,6787,66
10027,Con cobertura,31,3120.0,3387.0,6507,66
10028,Con cobertura,32,3128.0,3387.0,6515,66
10029,Con cobertura,33,3154.0,3358.0,6512,66
10030,Con cobertura,34,3210.0,3417.0,6627,66
10031,Con cobertura,35,3288.0,3338.0,6626,66
10032,Con cobertura,36,2932.0,3285.0,6217,66
10033,Con cobertura,37,2711.0,3050.0,5761,66
10034,Con cobertura,38,2732.0,3304.0,6036,66
10035,Con cobertura,39,2628.0,3037.0,5665,66
10036,Con cobertura,40,2886.0,3175.0,6061,66
10037,Con cobertura,41,2500.0,2960.0,5460,66
10038,Con cobertura,42,2608.0,3087.0,5695,66
10039,Con cobertura,43,2678.0,2844.0,5522,66
10040,Con cobertura,44,2453.0,2940.0,5393,66
10041,Con cobertura,45,2549.0,2949.0,5498,66
10042,Con cobertura,46,2384.0,2717.0,5101,66
10043,Con cobertura,47,2437.0,2709.0,5146,66
10044,Con cobertura,48,2453.0,2850.0,5303,66
10045,Con cobertura,49,2336.0,2673.0,5009,66
10046,Con cobertura,50,2285.0,2596.0,4881,66
10047,Con cobertura,51,2068.0,2445.0,4513,66
10048,Con cobertura,52,2005.0,2579.0,4584,66
10049,Con cobertura,53,2144.0,2550.0,4694,66
10050,Con cobertura,54,1936.0,2638.0,4574,66
10051,Con cobertura,55,1901.0,2543.0,4444,66
10052,Con cobertura,56,2054.0,2599.0,4653,66
10053,Con cobertura,57,1986.0,2480.0,4466,66
10054,Con cobertura,58,1785.0,2407.0,4192,66
10055,Con cobertura,59,2073.0,2364.0,4437,66
10056,Con cobertura,60,2029.0,2639.0,4668,66
10057,Con cobertura,61,1777.0,2428.0,4205,66
10058,Con cobertura,62,1701.0,2901.0,4602,66
10059,Con cobertura,63,1548.0,2938.0,4486,66
10060,Con cobertura,64,1805.0,2777.0,4582,66
10061,Con cobertura,65,2057.0,2803.0,4860,66
10062,Con cobertura,66,2276.0,2816.0,5092,66
10063,Con cobertura,67,2196.0,2666.0,4862,66
10064,Con cobertura,68,2240.0,2620.0,4860,66
10065,Con cobertura,69,1894.0,2283.0,4177,66
10066,Con cobertura,70,2094.0,2480.0,4574,66
10067,Con cobertura,71,1694.0,2134.0,3828,66
10068,Con cobertura,72,1786.0,2135.0,3921,66
10069,Con cobertura,73,1875.0,1879.0,3754,66
10070,Con cobertura,74,1495.0,1732.0,3227,66
10071,Con cobertura,75,1659.0,1792.0,3451,66
10072,Con cobertura,76,1334.0,1585.0,2919,66
10073,Con cobertura,77,1222.0,1874.0,3096,66
10074,Con cobertura,78,1243.0,1492.0,2735,66
10075,Con cobertura,79,1176.0,1348.0,2524,66
10076,Con cobertura,80,1002.0,1583.0,2585,66
10077,Con cobertura,81,758.0,1014.0,1772,66
10078,Con cobertura,82,549.0,909.0,1458,66
10079,Con cobertura,83,716.0,850.0,1566,66
10080,Con cobertura,84,577.0,758.0,1335,66
10081,Con cobertura,85,457.0,798.0,1255,66
10082,Con cobertura,86,376.0,666.0,1042,66
10083,Con cobertura,87,250.0,480.0,730,66
10084,Con cobertura,88,320.0,446.0,766,66
10085,Con cobertura,89,189.0,367.0,556,66
10086,Con cobertura,90,138.0,276.0,414,66
10087,Con cobertura,91,73.0,219.0,292,66
10088,Con cobertura,92,77.0,175.0,252,66
10089,Con cobertura,93,71.0,249.0,320,66
10090,Con cobertura,94,41.0,166.0,207,66
10091,Con cobertura,95,28.0,81.0,109,66
10092,Con cobertura,96,6.0,77.0,83,66
10093,Con cobertura,97,35.0,53.0,88,66
10094,Con cobertura,98,10.0,60.0,70,66
10095,Con cobertura,99,3.0,17.0,20,66
10096,Con cobertura,100,5.0,10.0,15,66
10097,Con cobertura,101,12.0,3.0,15,66
10098,Con cobertura,102,21.0,5.0,26,66
10099,Con cobertura,104,0.0,2.0,2,66
10100,Con cobertura,105,0.0,1.0,1,66
10101,Con cobertura,110,0.0,4.0,4,66
10104,Con cobertura,0,887.0,812.0,1699,66
10105,Con cobertura,1,870.0,827.0,1697,66
10106,Con cobertura,2,866.0,933.0,1799,66
10107,Con cobertura,3,871.0,815.0,1686,66
10108,Con cobertura,4,903.0,898.0,1801,66
10109,Con cobertura,5,1141.0,866.0,2007,66
10110,Con cobertura,6,892.0,1081.0,1973,66
10111,Con cobertura,7,1121.0,994.0,2115,66
10112,Con cobertura,8,993.0,1050.0,2043,66
10113,Con cobertura,9,1052.0,1164.0,2216,66
10114,Con cobertura,10,1045.0,1030.0,2075,66
10115,Con cobertura,11,1086.0,979.0,2065,66
10116,Con cobertura,12,1089.0,971.0,2060,66
10117,Con cobertura,13,1015.0,1064.0,2079,66
10118,Con cobertura,14,1003.0,1071.0,2074,66
10119,Con cobertura,15,995.0,1166.0,2161,66
10120,Con cobertura,16,1107.0,1092.0,2199,66
10121,Con cobertura,17,1053.0,923.0,1976,66
10122,Con cobertura,18,847.0,871.0,1718,66
10123,Con cobertura,19,849.0,824.0,1673,66
10124,Con cobertura,20,809.0,666.0,1475,66
10125,Con cobertura,21,488.0,495.0,983,66
10126,Con cobertura,22,497.0,562.0,1059,66
10127,Con cobertura,23,532.0,519.0,1051,66
10128,Con cobertura,24,551.0,635.0,1186,66
10129,Con cobertura,25,578.0,689.0,1267,66
10130,Con cobertura,26,704.0,710.0,1414,66
10131,Con cobertura,27,686.0,702.0,1388,66
10132,Con cobertura,28,665.0,835.0,1500,66
10133,Con cobertura,29,705.0,699.0,1404,66
10134,Con cobertura,30,871.0,787.0,1658,66
10135,Con cobertura,31,856.0,882.0,1738,66
10136,Con cobertura,32,777.0,749.0,1526,66
10137,Con cobertura,33,880.0,823.0,1703,66
10138,Con cobertura,34,800.0,744.0,1544,66
10139,Con cobertura,35,769.0,783.0,1552,66
10140,Con cobertura,36,724.0,806.0,1530,66
10141,Con cobertura,37,749.0,634.0,1383,66
10142,Con cobertura,38,678.0,726.0,1404,66
10143,Con cobertura,39,679.0,607.0,1286,66
10144,Con cobertura,40,685.0,654.0,1339,66
10145,Con cobertura,41,668.0,695.0,1363,66
10146,Con cobertura,42,563.0,508.0,1071,66
10147,Con cobertura,43,542.0,700.0,1242,66
10148,Con cobertura,44,499.0,589.0,1088,66
10149,Con cobertura,45,644.0,536.0,1180,66
10150,Con cobertura,46,565.0,582.0,1147,66
10151,Con cobertura,47,548.0,447.0,995,66
10152,Con cobertura,48,469.0,456.0,925,66
10153,Con cobertura,49,432.0,486.0,918,66
10154,Con cobertura,50,472.0,600.0,1072,66
10155,Con cobertura,51,488.0,412.0,900,66
10156,Con cobertura,52,445.0,467.0,912,66
10157,Con cobertura,53,406.0,519.0,925,66
10158,Con cobertura,54,405.0,480.0,885,66
10159,Con cobertura,55,478.0,458.0,936,66
10160,Con cobertura,56,368.0,414.0,782,66
10161,Con cobertura,57,310.0,318.0,628,66
10162,Con cobertura,58,420.0,315.0,735,66
10163,Con cobertura,59,315.0,306.0,621,66
10164,Con cobertura,60,402.0,270.0,672,66
10165,Con cobertura,61,266.0,196.0,462,66
10166,Con cobertura,62,234.0,145.0,379,66
10167,Con cobertura,63,196.0,132.0,328,66
10168,Con cobertura,64,217.0,175.0,392,66
10169,Con cobertura,65,169.0,117.0,286,66
10170,Con cobertura,66,87.0,106.0,193,66
10171,Con cobertura,67,88.0,84.0,172,66
10172,Con cobertura,68,73.0,57.0,130,66
10173,Con cobertura,69,51.0,49.0,100,66
10174,Con cobertura,70,72.0,147.0,219,66
10175,Con cobertura,71,53.0,80.0,133,66
10176,Con cobertura,72,90.0,56.0,146,66
10177,Con cobertura,73,72.0,66.0,138,66
10178,Con cobertura,74,54.0,28.0,82,66
10179,Con cobertura,75,54.0,40.0,94,66
10180,Con cobertura,76,32.0,29.0,61,66
10181,Con cobertura,77,31.0,61.0,92,66
10182,Con cobertura,78,48.0,43.0,91,66
10183,Con cobertura,79,23.0,44.0,67,66
10184,Con cobertura,80,10.0,35.0,45,66
10185,Con cobertura,81,40.0,23.0,63,66
10186,Con cobertura,82,5.0,29.0,34,66
10187,Con cobertura,83,13.0,37.0,50,66
10188,Con cobertura,84,6.0,10.0,16,66
10189,Con cobertura,85,51.0,34.0,85,66
10190,Con cobertura,86,3.0,27.0,30,66
10191,Con cobertura,87,2.0,4.0,6,66
10192,Con cobertura,88,4.0,14.0,18,66
10193,Con cobertura,89,4.0,13.0,17,66
10194,Con cobertura,90,1.0,1.0,2,66
10195,Con cobertura,91,0.0,2.0,2,66
10196,Con cobertura,92,0.0,3.0,3,66
10197,Con cobertura,93,1.0,10.0,11,66
10198,Con cobertura,94,10.0,1.0,11,66
10199,Con cobertura,95,0.0,1.0,1,66
10200,Con cobertura,96,1.0,0.0,1,66
10201,Con cobertura,98,1.0,0.0,1,66
10202,Con cobertura,101,0.0,1.0,1,66
10205,Con cobertura,0,226.0,244.0,470,66
10206,Con cobertura,1,175.0,235.0,410,66
10207,Con cobertura,2,253.0,234.0,487,66
10208,Con cobertura,3,232.0,155.0,387,66
10209,Con cobertura,4,178.0,229.0,407,66
10210,Con cobertura,5,238.0,223.0,461,66
10211,Con cobertura,6,304.0,256.0,560,66
10212,Con cobertura,7,252.0,177.0,429,66
10213,Con cobertura,8,282.0,253.0,535,66
10214,Con cobertura,9,193.0,191.0,384,66
10215,Con cobertura,10,241.0,285.0,526,66
10216,Con cobertura,11,254.0,259.0,513,66
10217,Con cobertura,12,189.0,182.0,371,66
10218,Con cobertura,13,223.0,200.0,423,66
10219,Con cobertura,14,269.0,236.0,505,66
10220,Con cobertura,15,219.0,195.0,414,66
10221,Con cobertura,16,250.0,204.0,454,66
10222,Con cobertura,17,189.0,242.0,431,66
10223,Con cobertura,18,158.0,172.0,330,66
10224,Con cobertura,19,132.0,216.0,348,66
10225,Con cobertura,20,141.0,189.0,330,66
10226,Con cobertura,21,173.0,164.0,337,66
10227,Con cobertura,22,198.0,205.0,403,66
10228,Con cobertura,23,159.0,251.0,410,66
10229,Con cobertura,24,135.0,221.0,356,66
10230,Con cobertura,25,201.0,177.0,378,66
10231,Con cobertura,26,189.0,209.0,398,66
10232,Con cobertura,27,232.0,238.0,470,66
10233,Con cobertura,28,197.0,210.0,407,66
10234,Con cobertura,29,177.0,243.0,420,66
10235,Con cobertura,30,182.0,256.0,438,66
10236,Con cobertura,31,170.0,267.0,437,66
10237,Con cobertura,32,203.0,228.0,431,66
10238,Con cobertura,33,175.0,119.0,294,66
10239,Con cobertura,34,242.0,188.0,430,66
10240,Con cobertura,35,242.0,301.0,543,66
10241,Con cobertura,36,213.0,212.0,425,66
10242,Con cobertura,37,204.0,260.0,464,66
10243,Con cobertura,38,140.0,208.0,348,66
10244,Con cobertura,39,163.0,266.0,429,66
10245,Con cobertura,40,126.0,197.0,323,66
10246,Con cobertura,41,147.0,222.0,369,66
10247,Con cobertura,42,163.0,188.0,351,66
10248,Con cobertura,43,79.0,135.0,214,66
10249,Con cobertura,44,173.0,178.0,351,66
10250,Con cobertura,45,231.0,161.0,392,66
10251,Con cobertura,46,140.0,154.0,294,66
10252,Con cobertura,47,143.0,136.0,279,66
10253,Con cobertura,48,150.0,140.0,290,66
10254,Con cobertura,49,173.0,154.0,327,66
10255,Con cobertura,50,148.0,124.0,272,66
10256,Con cobertura,51,150.0,154.0,304,66
10257,Con cobertura,52,155.0,182.0,337,66
10258,Con cobertura,53,101.0,113.0,214,66
10259,Con cobertura,54,128.0,155.0,283,66
10260,Con cobertura,55,120.0,132.0,252,66
10261,Con cobertura,56,115.0,197.0,312,66
10262,Con cobertura,57,145.0,103.0,248,66
10263,Con cobertura,58,117.0,122.0,239,66
10264,Con cobertura,59,101.0,119.0,220,66
10265,Con cobertura,60,72.0,113.0,185,66
10266,Con cobertura,61,89.0,79.0,168,66
10267,Con cobertura,62,92.0,78.0,170,66
10268,Con cobertura,63,89.0,21.0,110,66
10269,Con cobertura,64,69.0,24.0,93,66
10270,Con cobertura,65,40.0,21.0,61,66
10271,Con cobertura,66,39.0,16.0,55,66
10272,Con cobertura,67,23.0,44.0,67,66
10273,Con cobertura,68,34.0,10.0,44,66
10274,Con cobertura,69,9.0,16.0,25,66
10275,Con cobertura,70,5.0,35.0,40,66
10276,Con cobertura,71,13.0,27.0,40,66
10277,Con cobertura,72,18.0,17.0,35,66
10278,Con cobertura,73,3.0,22.0,25,66
10279,Con cobertura,74,14.0,13.0,27,66
10280,Con cobertura,75,14.0,15.0,29,66
10281,Con cobertura,76,15.0,5.0,20,66
10282,Con cobertura,77,3.0,2.0,5,66
10283,Con cobertura,78,2.0,2.0,4,66
10284,Con cobertura,79,1.0,11.0,12,66
10285,Con cobertura,80,1.0,3.0,4,66
10286,Con cobertura,81,1.0,3.0,4,66
10287,Con cobertura,82,1.0,2.0,3,66
10288,Con cobertura,83,2.0,11.0,13,66
10289,Con cobertura,84,3.0,0.0,3,66
10290,Con cobertura,85,11.0,1.0,12,66
10291,Con cobertura,87,0.0,1.0,1,66
10292,Con cobertura,88,1.0,1.0,2,66
10293,Con cobertura,89,0.0,2.0,2,66
10294,Con cobertura,90,1.0,0.0,1,66
10295,Con cobertura,92,0.0,11.0,11,66
10296,Con cobertura,97,1.0,0.0,1,66
10299,Con cobertura,0,735.0,580.0,1315,66
10300,Con cobertura,1,549.0,626.0,1175,66
10301,Con cobertura,2,706.0,685.0,1391,66
10302,Con cobertura,3,493.0,607.0,1100,66
10303,Con cobertura,4,476.0,517.0,993,66
10304,Con cobertura,5,526.0,464.0,990,66
10305,Con cobertura,6,362.0,307.0,669,66
10306,Con cobertura,7,354.0,344.0,698,66
10307,Con cobertura,8,346.0,335.0,681,66
10308,Con cobertura,9,348.0,349.0,697,66
10309,Con cobertura,10,419.0,347.0,766,66
10310,Con cobertura,11,341.0,319.0,660,66
10311,Con cobertura,12,349.0,333.0,682,66
10312,Con cobertura,13,392.0,314.0,706,66
10313,Con cobertura,14,351.0,342.0,693,66
10314,Con cobertura,15,331.0,249.0,580,66
10315,Con cobertura,16,303.0,303.0,606,66
10316,Con cobertura,17,371.0,251.0,622,66
10317,Con cobertura,18,249.0,205.0,454,66
10318,Con cobertura,19,247.0,205.0,452,66
10319,Con cobertura,20,165.0,241.0,406,66
10320,Con cobertura,21,194.0,250.0,444,66
10321,Con cobertura,22,178.0,248.0,426,66
10322,Con cobertura,23,157.0,280.0,437,66
10323,Con cobertura,24,117.0,201.0,318,66
10324,Con cobertura,25,143.0,255.0,398,66
10325,Con cobertura,26,151.0,191.0,342,66
10326,Con cobertura,27,168.0,184.0,352,66
10327,Con cobertura,28,165.0,244.0,409,66
10328,Con cobertura,29,164.0,247.0,411,66
10329,Con cobertura,30,190.0,157.0,347,66
10330,Con cobertura,31,133.0,238.0,371,66
10331,Con cobertura,32,173.0,197.0,370,66
10332,Con cobertura,33,146.0,243.0,389,66
10333,Con cobertura,34,169.0,232.0,401,66
10334,Con cobertura,35,133.0,228.0,361,66
10335,Con cobertura,36,134.0,207.0,341,66
10336,Con cobertura,37,111.0,195.0,306,66
10337,Con cobertura,38,99.0,150.0,249,66
10338,Con cobertura,39,139.0,193.0,332,66
10339,Con cobertura,40,144.0,160.0,304,66
10340,Con cobertura,41,130.0,139.0,269,66
10341,Con cobertura,42,139.0,231.0,370,66
10342,Con cobertura,43,89.0,198.0,287,66
10343,Con cobertura,44,87.0,181.0,268,66
10344,Con cobertura,45,119.0,184.0,303,66
10345,Con cobertura,46,102.0,190.0,292,66
10346,Con cobertura,47,61.0,182.0,243,66
10347,Con cobertura,48,87.0,197.0,284,66
10348,Con cobertura,49,141.0,239.0,380,66
10349,Con cobertura,50,106.0,222.0,328,66
10350,Con cobertura,51,150.0,176.0,326,66
10351,Con cobertura,52,80.0,195.0,275,66
10352,Con cobertura,53,92.0,216.0,308,66
10353,Con cobertura,54,133.0,204.0,337,66
10354,Con cobertura,55,91.0,195.0,286,66
10355,Con cobertura,56,97.0,201.0,298,66
10356,Con cobertura,57,135.0,172.0,307,66
10357,Con cobertura,58,72.0,170.0,242,66
10358,Con cobertura,59,53.0,151.0,204,66
10359,Con cobertura,60,122.0,132.0,254,66
10360,Con cobertura,61,56.0,91.0,147,66
10361,Con cobertura,62,95.0,93.0,188,66
10362,Con cobertura,63,99.0,95.0,194,66
10363,Con cobertura,64,80.0,45.0,125,66
10364,Con cobertura,65,65.0,49.0,114,66
10365,Con cobertura,66,61.0,39.0,100,66
10366,Con cobertura,67,15.0,27.0,42,66
10367,Con cobertura,68,46.0,44.0,90,66
10368,Con cobertura,69,43.0,43.0,86,66
10369,Con cobertura,70,24.0,38.0,62,66
10370,Con cobertura,71,27.0,13.0,40,66
10371,Con cobertura,72,12.0,35.0,47,66
10372,Con cobertura,73,32.0,30.0,62,66
10373,Con cobertura,74,26.0,39.0,65,66
10374,Con cobertura,75,14.0,47.0,61,66
10375,Con cobertura,76,20.0,24.0,44,66
10376,Con cobertura,77,19.0,55.0,74,66
10377,Con cobertura,78,29.0,40.0,69,66
10378,Con cobertura,79,8.0,35.0,43,66
10379,Con cobertura,80,22.0,17.0,39,66
10380,Con cobertura,81,13.0,22.0,35,66
10381,Con cobertura,82,11.0,16.0,27,66
10382,Con cobertura,83,7.0,21.0,28,66
10383,Con cobertura,84,26.0,6.0,32,66
10384,Con cobertura,85,1.0,22.0,23,66
10385,Con cobertura,86,9.0,23.0,32,66
10386,Con cobertura,87,12.0,14.0,26,66
10387,Con cobertura,88,4.0,4.0,8,66
10388,Con cobertura,89,13.0,16.0,29,66
10389,Con cobertura,90,4.0,6.0,10,66
10390,Con cobertura,91,2.0,3.0,5,66
10391,Con cobertura,92,0.0,1.0,1,66
10392,Con cobertura,93,3.0,13.0,16,66
10393,Con cobertura,94,1.0,3.0,4,66
10394,Con cobertura,95,0.0,2.0,2,66
10395,Con cobertura,96,10.0,1.0,11,66
10396,Con cobertura,97,0.0,1.0,1,66
10397,Con cobertura,98,0.0,1.0,1,66
10398,Con cobertura,99,1.0,0.0,1,66
10399,Con cobertura,100,1.0,0.0,1,66
10402,Sin cobertura,0,7850.0,7278.0,15128,66
10403,Sin cobertura,1,6767.0,6657.0,13424,66
10404,Sin cobertura,2,6805.0,6484.0,13289,66
10405,Sin cobertura,3,6472.0,6215.0,12687,66
10406,Sin cobertura,4,6624.0,6299.0,12923,66
10407,Sin cobertura,5,6617.0,6313.0,12930,66
10408,Sin cobertura,6,6856.0,6270.0,13126,66
10409,Sin cobertura,7,6657.0,6229.0,12886,66
10410,Sin cobertura,8,7056.0,6790.0,13846,66
10411,Sin cobertura,9,6816.0,6298.0,13114,66
10412,Sin cobertura,10,7131.0,6816.0,13947,66
10413,Sin cobertura,11,7001.0,7007.0,14008,66
10414,Sin cobertura,12,6916.0,6422.0,13338,66
10415,Sin cobertura,13,6432.0,6451.0,12883,66
10416,Sin cobertura,14,7087.0,7038.0,14125,66
10417,Sin cobertura,15,6999.0,6560.0,13559,66
10418,Sin cobertura,16,6808.0,6812.0,13620,66
10419,Sin cobertura,17,6487.0,6080.0,12567,66
10420,Sin cobertura,18,7295.0,6532.0,13827,66
10421,Sin cobertura,19,6622.0,6565.0,13187,66
10422,Sin cobertura,20,5980.0,5980.0,11960,66
10423,Sin cobertura,21,6255.0,6233.0,12488,66
10424,Sin cobertura,22,6545.0,7075.0,13620,66
10425,Sin cobertura,23,6274.0,6515.0,12789,66
10426,Sin cobertura,24,6308.0,6133.0,12441,66
10427,Sin cobertura,25,5732.0,5852.0,11584,66
10428,Sin cobertura,26,5452.0,5509.0,10961,66
10429,Sin cobertura,27,5370.0,5210.0,10580,66
10430,Sin cobertura,28,5464.0,5847.0,11311,66
10431,Sin cobertura,29,5003.0,5301.0,10304,66
10432,Sin cobertura,30,4826.0,5316.0,10142,66
10433,Sin cobertura,31,4382.0,5029.0,9411,66
10434,Sin cobertura,32,4395.0,4666.0,9061,66
10435,Sin cobertura,33,3972.0,4512.0,8484,66
10436,Sin cobertura,34,3709.0,4185.0,7894,66
10437,Sin cobertura,35,3897.0,4541.0,8438,66
10438,Sin cobertura,36,3433.0,3917.0,7350,66
10439,Sin cobertura,37,3414.0,3238.0,6652,66
10440,Sin cobertura,38,3458.0,3305.0,6763,66
10441,Sin cobertura,39,3051.0,3173.0,6224,66
10442,Sin cobertura,40,3250.0,3010.0,6260,66
10443,Sin cobertura,41,2920.0,2639.0,5559,66
10444,Sin cobertura,42,2847.0,2742.0,5589,66
10445,Sin cobertura,43,2463.0,2444.0,4907,66
10446,Sin cobertura,44,2736.0,2544.0,5280,66
10447,Sin cobertura,45,2526.0,2565.0,5091,66
10448,Sin cobertura,46,2443.0,2321.0,4764,66
10449,Sin cobertura,47,2485.0,2430.0,4915,66
10450,Sin cobertura,48,2640.0,2299.0,4939,66
10451,Sin cobertura,49,2362.0,2139.0,4501,66
10452,Sin cobertura,50,2210.0,2240.0,4450,66
10453,Sin cobertura,51,2096.0,2020.0,4116,66
10454,Sin cobertura,52,2052.0,2214.0,4266,66
10455,Sin cobertura,53,2225.0,2157.0,4382,66
10456,Sin cobertura,54,2406.0,1823.0,4229,66
10457,Sin cobertura,55,2132.0,1686.0,3818,66
10458,Sin cobertura,56,2052.0,1896.0,3948,66
10459,Sin cobertura,57,1903.0,1751.0,3654,66
10460,Sin cobertura,58,1927.0,1660.0,3587,66
10461,Sin cobertura,59,1691.0,1405.0,3096,66
10462,Sin cobertura,60,1667.0,1455.0,3122,66
10463,Sin cobertura,61,1416.0,1039.0,2455,66
10464,Sin cobertura,62,1508.0,642.0,2150,66
10465,Sin cobertura,63,1269.0,480.0,1749,66
10466,Sin cobertura,64,1112.0,358.0,1470,66
10467,Sin cobertura,65,913.0,318.0,1231,66
10468,Sin cobertura,66,488.0,251.0,739,66
10469,Sin cobertura,67,347.0,267.0,614,66
10470,Sin cobertura,68,288.0,224.0,512,66
10471,Sin cobertura,69,204.0,202.0,406,66
10472,Sin cobertura,70,332.0,264.0,596,66
10473,Sin cobertura,71,188.0,199.0,387,66
10474,Sin cobertura,72,148.0,165.0,313,66
10475,Sin cobertura,73,175.0,189.0,364,66
10476,Sin cobertura,74,174.0,125.0,299,66
10477,Sin cobertura,75,142.0,197.0,339,66
10478,Sin cobertura,76,137.0,137.0,274,66
10479,Sin cobertura,77,113.0,118.0,231,66
10480,Sin cobertura,78,121.0,144.0,265,66
10481,Sin cobertura,79,97.0,111.0,208,66
10482,Sin cobertura,80,75.0,115.0,190,66
10483,Sin cobertura,81,79.0,73.0,152,66
10484,Sin cobertura,82,62.0,59.0,121,66
10485,Sin cobertura,83,59.0,64.0,123,66
10486,Sin cobertura,84,55.0,65.0,120,66
10487,Sin cobertura,85,37.0,42.0,79,66
10488,Sin cobertura,86,23.0,69.0,92,66
10489,Sin cobertura,87,23.0,37.0,60,66
10490,Sin cobertura,88,13.0,74.0,87,66
10491,Sin cobertura,89,13.0,20.0,33,66
10492,Sin cobertura,90,11.0,18.0,29,66
10493,Sin cobertura,91,11.0,12.0,23,66
10494,Sin cobertura,92,16.0,14.0,30,66
10495,Sin cobertura,93,8.0,19.0,27,66
10496,Sin cobertura,94,5.0,15.0,20,66
10497,Sin cobertura,95,3.0,2.0,5,66
10498,Sin cobertura,96,3.0,2.0,5,66
10499,Sin cobertura,97,2.0,2.0,4,66
10500,Sin cobertura,98,2.0,5.0,7,66
10501,Sin cobertura,99,2.0,5.0,7,66
10502,Sin cobertura,100,0.0,2.0,2,66
10503,Sin cobertura,101,1.0,9.0,10,66
10504,Sin cobertura,102,1.0,1.0,2,66
10505,Sin cobertura,103,0.0,1.0,1,66
10506,Sin cobertura,104,0.0,1.0,1,66
10507,Sin cobertura,105,0.0,1.0,1,66
10508,Sin cobertura,109,0.0,1.0,1,66
10509,Sin cobertura,110,2.0,0.0,2,66
10625,Con cobertura,0,1992.0,1676.0,3668,70
10626,Con cobertura,1,2126.0,1874.0,4000,70
10627,Con cobertura,2,2042.0,2040.0,4082,70
10628,Con cobertura,3,2324.0,2132.0,4456,70
10629,Con cobertura,4,2336.0,2282.0,4618,70
10630,Con cobertura,5,2244.0,2154.0,4398,70
10631,Con cobertura,6,2568.0,2353.0,4921,70
10632,Con cobertura,7,2489.0,2143.0,4632,70
10633,Con cobertura,8,2404.0,2374.0,4778,70
10634,Con cobertura,9,2438.0,2404.0,4842,70
10635,Con cobertura,10,2510.0,2498.0,5008,70
10636,Con cobertura,11,2353.0,2368.0,4721,70
10637,Con cobertura,12,2281.0,2532.0,4813,70
10638,Con cobertura,13,2516.0,2149.0,4665,70
10639,Con cobertura,14,2582.0,2676.0,5258,70
10640,Con cobertura,15,2493.0,2817.0,5310,70
10641,Con cobertura,16,2732.0,2328.0,5060,70
10642,Con cobertura,17,2608.0,2418.0,5026,70
10643,Con cobertura,18,2578.0,2656.0,5234,70
10644,Con cobertura,19,1980.0,2417.0,4397,70
10645,Con cobertura,20,2104.0,2056.0,4160,70
10646,Con cobertura,21,1406.0,1455.0,2861,70
10647,Con cobertura,22,1380.0,1598.0,2978,70
10648,Con cobertura,23,1281.0,1556.0,2837,70
10649,Con cobertura,24,1360.0,1594.0,2954,70
10650,Con cobertura,25,1201.0,1703.0,2904,70
10651,Con cobertura,26,1269.0,1343.0,2612,70
10652,Con cobertura,27,1534.0,1600.0,3134,70
10653,Con cobertura,28,1494.0,1653.0,3147,70
10654,Con cobertura,29,1677.0,1552.0,3229,70
10655,Con cobertura,30,1622.0,1821.0,3443,70
10656,Con cobertura,31,1946.0,1842.0,3788,70
10657,Con cobertura,32,1683.0,1986.0,3669,70
10658,Con cobertura,33,1785.0,1640.0,3425,70
10659,Con cobertura,34,1649.0,1923.0,3572,70
10660,Con cobertura,35,1821.0,2166.0,3987,70
10661,Con cobertura,36,1655.0,1903.0,3558,70
10662,Con cobertura,37,1566.0,1848.0,3414,70
10663,Con cobertura,38,1688.0,1893.0,3581,70
10664,Con cobertura,39,1613.0,1774.0,3387,70
10665,Con cobertura,40,1640.0,1689.0,3329,70
10666,Con cobertura,41,1484.0,2065.0,3549,70
10667,Con cobertura,42,1522.0,1772.0,3294,70
10668,Con cobertura,43,1509.0,1760.0,3269,70
10669,Con cobertura,44,1398.0,1835.0,3233,70
10670,Con cobertura,45,1478.0,1661.0,3139,70
10671,Con cobertura,46,1482.0,1553.0,3035,70
10672,Con cobertura,47,1510.0,1912.0,3422,70
10673,Con cobertura,48,1500.0,1682.0,3182,70
10674,Con cobertura,49,1539.0,1612.0,3151,70
10675,Con cobertura,50,1455.0,1807.0,3262,70
10676,Con cobertura,51,1291.0,1851.0,3142,70
10677,Con cobertura,52,1235.0,1612.0,2847,70
10678,Con cobertura,53,1514.0,1507.0,3021,70
10679,Con cobertura,54,1202.0,1640.0,2842,70
10680,Con cobertura,55,1401.0,1745.0,3146,70
10681,Con cobertura,56,1404.0,1671.0,3075,70
10682,Con cobertura,57,1526.0,1833.0,3359,70
10683,Con cobertura,58,1305.0,1763.0,3068,70
10684,Con cobertura,59,1275.0,1576.0,2851,70
10685,Con cobertura,60,1330.0,1892.0,3222,70
10686,Con cobertura,61,1198.0,1633.0,2831,70
10687,Con cobertura,62,1335.0,1878.0,3213,70
10688,Con cobertura,63,1130.0,1850.0,2980,70
10689,Con cobertura,64,1195.0,2233.0,3428,70
10690,Con cobertura,65,1412.0,2387.0,3799,70
10691,Con cobertura,66,1634.0,2230.0,3864,70
10692,Con cobertura,67,1421.0,1861.0,3282,70
10693,Con cobertura,68,1476.0,1812.0,3288,70
10694,Con cobertura,69,1379.0,1679.0,3058,70
10695,Con cobertura,70,1246.0,1582.0,2828,70
10696,Con cobertura,71,1137.0,1638.0,2775,70
10697,Con cobertura,72,1058.0,1691.0,2749,70
10698,Con cobertura,73,978.0,1486.0,2464,70
10699,Con cobertura,74,1008.0,1298.0,2306,70
10700,Con cobertura,75,892.0,1410.0,2302,70
10701,Con cobertura,76,851.0,1167.0,2018,70
10702,Con cobertura,77,816.0,1089.0,1905,70
10703,Con cobertura,78,654.0,1177.0,1831,70
10704,Con cobertura,79,694.0,987.0,1681,70
10705,Con cobertura,80,625.0,1161.0,1786,70
10706,Con cobertura,81,492.0,842.0,1334,70
10707,Con cobertura,82,502.0,894.0,1396,70
10708,Con cobertura,83,407.0,679.0,1086,70
10709,Con cobertura,84,423.0,617.0,1040,70
10710,Con cobertura,85,243.0,529.0,772,70
10711,Con cobertura,86,308.0,481.0,789,70
10712,Con cobertura,87,152.0,378.0,530,70
10713,Con cobertura,88,168.0,401.0,569,70
10714,Con cobertura,89,140.0,255.0,395,70
10715,Con cobertura,90,88.0,232.0,320,70
10716,Con cobertura,91,74.0,131.0,205,70
10717,Con cobertura,92,41.0,94.0,135,70
10718,Con cobertura,93,39.0,90.0,129,70
10719,Con cobertura,94,26.0,65.0,91,70
10720,Con cobertura,95,47.0,60.0,107,70
10721,Con cobertura,96,4.0,43.0,47,70
10722,Con cobertura,97,1.0,18.0,19,70
10723,Con cobertura,98,1.0,6.0,7,70
10724,Con cobertura,99,1.0,30.0,31,70
10725,Con cobertura,100,2.0,2.0,4,70
10726,Con cobertura,101,0.0,2.0,2,70
10727,Con cobertura,102,9.0,0.0,9,70
10728,Con cobertura,103,2.0,0.0,2,70
10729,Con cobertura,104,0.0,1.0,1,70
10730,Con cobertura,105,1.0,0.0,1,70
10731,Con cobertura,108,0.0,1.0,1,70
10732,Con cobertura,109,0.0,1.0,1,70
10735,Con cobertura,0,634.0,525.0,1159,70
10736,Con cobertura,1,643.0,550.0,1193,70
10737,Con cobertura,2,707.0,573.0,1280,70
10738,Con cobertura,3,654.0,669.0,1323,70
10739,Con cobertura,4,615.0,607.0,1222,70
10740,Con cobertura,5,653.0,651.0,1304,70
10741,Con cobertura,6,581.0,626.0,1207,70
10742,Con cobertura,7,622.0,572.0,1194,70
10743,Con cobertura,8,633.0,612.0,1245,70
10744,Con cobertura,9,459.0,493.0,952,70
10745,Con cobertura,10,529.0,809.0,1338,70
10746,Con cobertura,11,591.0,534.0,1125,70
10747,Con cobertura,12,486.0,687.0,1173,70
10748,Con cobertura,13,412.0,493.0,905,70
10749,Con cobertura,14,554.0,480.0,1034,70
10750,Con cobertura,15,558.0,444.0,1002,70
10751,Con cobertura,16,614.0,539.0,1153,70
10752,Con cobertura,17,473.0,525.0,998,70
10753,Con cobertura,18,532.0,412.0,944,70
10754,Con cobertura,19,417.0,465.0,882,70
10755,Con cobertura,20,381.0,446.0,827,70
10756,Con cobertura,21,279.0,265.0,544,70
10757,Con cobertura,22,371.0,368.0,739,70
10758,Con cobertura,23,376.0,326.0,702,70
10759,Con cobertura,24,457.0,351.0,808,70
10760,Con cobertura,25,409.0,456.0,865,70
10761,Con cobertura,26,516.0,337.0,853,70
10762,Con cobertura,27,496.0,467.0,963,70
10763,Con cobertura,28,563.0,608.0,1171,70
10764,Con cobertura,29,611.0,578.0,1189,70
10765,Con cobertura,30,564.0,639.0,1203,70
10766,Con cobertura,31,593.0,615.0,1208,70
10767,Con cobertura,32,611.0,557.0,1168,70
10768,Con cobertura,33,629.0,498.0,1127,70
10769,Con cobertura,34,553.0,606.0,1159,70
10770,Con cobertura,35,625.0,590.0,1215,70
10771,Con cobertura,36,515.0,401.0,916,70
10772,Con cobertura,37,443.0,474.0,917,70
10773,Con cobertura,38,523.0,466.0,989,70
10774,Con cobertura,39,465.0,434.0,899,70
10775,Con cobertura,40,439.0,344.0,783,70
10776,Con cobertura,41,444.0,417.0,861,70
10777,Con cobertura,42,421.0,310.0,731,70
10778,Con cobertura,43,359.0,378.0,737,70
10779,Con cobertura,44,328.0,320.0,648,70
10780,Con cobertura,45,274.0,287.0,561,70
10781,Con cobertura,46,264.0,286.0,550,70
10782,Con cobertura,47,317.0,338.0,655,70
10783,Con cobertura,48,335.0,325.0,660,70
10784,Con cobertura,49,365.0,237.0,602,70
10785,Con cobertura,50,275.0,254.0,529,70
10786,Con cobertura,51,298.0,288.0,586,70
10787,Con cobertura,52,257.0,267.0,524,70
10788,Con cobertura,53,234.0,287.0,521,70
10789,Con cobertura,54,278.0,307.0,585,70
10790,Con cobertura,55,355.0,299.0,654,70
10791,Con cobertura,56,204.0,221.0,425,70
10792,Con cobertura,57,251.0,247.0,498,70
10793,Con cobertura,58,165.0,194.0,359,70
10794,Con cobertura,59,207.0,172.0,379,70
10795,Con cobertura,60,191.0,221.0,412,70
10796,Con cobertura,61,186.0,227.0,413,70
10797,Con cobertura,62,207.0,150.0,357,70
10798,Con cobertura,63,224.0,107.0,331,70
10799,Con cobertura,64,128.0,103.0,231,70
10800,Con cobertura,65,157.0,96.0,253,70
10801,Con cobertura,66,132.0,125.0,257,70
10802,Con cobertura,67,73.0,121.0,194,70
10803,Con cobertura,68,72.0,76.0,148,70
10804,Con cobertura,69,67.0,59.0,126,70
10805,Con cobertura,70,70.0,72.0,142,70
10806,Con cobertura,71,41.0,91.0,132,70
10807,Con cobertura,72,37.0,44.0,81,70
10808,Con cobertura,73,97.0,98.0,195,70
10809,Con cobertura,74,33.0,51.0,84,70
10810,Con cobertura,75,46.0,26.0,72,70
10811,Con cobertura,76,25.0,25.0,50,70
10812,Con cobertura,77,21.0,31.0,52,70
10813,Con cobertura,78,67.0,28.0,95,70
10814,Con cobertura,79,21.0,22.0,43,70
10815,Con cobertura,80,25.0,24.0,49,70
10816,Con cobertura,81,14.0,49.0,63,70
10817,Con cobertura,82,12.0,11.0,23,70
10818,Con cobertura,83,13.0,8.0,21,70
10819,Con cobertura,84,23.0,13.0,36,70
10820,Con cobertura,85,4.0,28.0,32,70
10821,Con cobertura,86,2.0,20.0,22,70
10822,Con cobertura,87,4.0,14.0,18,70
10823,Con cobertura,88,10.0,12.0,22,70
10824,Con cobertura,89,1.0,11.0,12,70
10825,Con cobertura,90,0.0,3.0,3,70
10826,Con cobertura,93,0.0,13.0,13,70
10827,Con cobertura,94,0.0,11.0,11,70
10828,Con cobertura,96,1.0,0.0,1,70
10829,Con cobertura,97,1.0,1.0,2,70
10832,Con cobertura,0,96.0,205.0,301,70
10833,Con cobertura,1,199.0,170.0,369,70
10834,Con cobertura,2,252.0,173.0,425,70
10835,Con cobertura,3,212.0,161.0,373,70
10836,Con cobertura,4,197.0,109.0,306,70
10837,Con cobertura,5,148.0,152.0,300,70
10838,Con cobertura,6,132.0,189.0,321,70
10839,Con cobertura,7,144.0,137.0,281,70
10840,Con cobertura,8,109.0,174.0,283,70
10841,Con cobertura,9,86.0,124.0,210,70
10842,Con cobertura,10,104.0,126.0,230,70
10843,Con cobertura,11,167.0,100.0,267,70
10844,Con cobertura,12,113.0,96.0,209,70
10845,Con cobertura,13,136.0,125.0,261,70
10846,Con cobertura,14,115.0,118.0,233,70
10847,Con cobertura,15,107.0,133.0,240,70
10848,Con cobertura,16,157.0,87.0,244,70
10849,Con cobertura,17,124.0,78.0,202,70
10850,Con cobertura,18,148.0,142.0,290,70
10851,Con cobertura,19,114.0,128.0,242,70
10852,Con cobertura,20,74.0,101.0,175,70
10853,Con cobertura,21,114.0,120.0,234,70
10854,Con cobertura,22,79.0,152.0,231,70
10855,Con cobertura,23,182.0,181.0,363,70
10856,Con cobertura,24,114.0,142.0,256,70
10857,Con cobertura,25,198.0,165.0,363,70
10858,Con cobertura,26,227.0,220.0,447,70
10859,Con cobertura,27,159.0,213.0,372,70
10860,Con cobertura,28,200.0,254.0,454,70
10861,Con cobertura,29,192.0,182.0,374,70
10862,Con cobertura,30,325.0,273.0,598,70
10863,Con cobertura,31,222.0,247.0,469,70
10864,Con cobertura,32,209.0,194.0,403,70
10865,Con cobertura,33,159.0,204.0,363,70
10866,Con cobertura,34,195.0,192.0,387,70
10867,Con cobertura,35,229.0,259.0,488,70
10868,Con cobertura,36,175.0,148.0,323,70
10869,Con cobertura,37,130.0,172.0,302,70
10870,Con cobertura,38,206.0,171.0,377,70
10871,Con cobertura,39,143.0,71.0,214,70
10872,Con cobertura,40,164.0,136.0,300,70
10873,Con cobertura,41,147.0,87.0,234,70
10874,Con cobertura,42,139.0,88.0,227,70
10875,Con cobertura,43,136.0,78.0,214,70
10876,Con cobertura,44,146.0,104.0,250,70
10877,Con cobertura,45,78.0,127.0,205,70
10878,Con cobertura,46,103.0,117.0,220,70
10879,Con cobertura,47,74.0,71.0,145,70
10880,Con cobertura,48,69.0,124.0,193,70
10881,Con cobertura,49,118.0,82.0,200,70
10882,Con cobertura,50,72.0,143.0,215,70
10883,Con cobertura,51,85.0,89.0,174,70
10884,Con cobertura,52,68.0,66.0,134,70
10885,Con cobertura,53,74.0,68.0,142,70
10886,Con cobertura,54,76.0,154.0,230,70
10887,Con cobertura,55,98.0,21.0,119,70
10888,Con cobertura,56,94.0,131.0,225,70
10889,Con cobertura,57,91.0,122.0,213,70
10890,Con cobertura,58,79.0,112.0,191,70
10891,Con cobertura,59,151.0,76.0,227,70
10892,Con cobertura,60,86.0,63.0,149,70
10893,Con cobertura,61,49.0,46.0,95,70
10894,Con cobertura,62,87.0,91.0,178,70
10895,Con cobertura,63,53.0,21.0,74,70
10896,Con cobertura,64,42.0,23.0,65,70
10897,Con cobertura,65,58.0,32.0,90,70
10898,Con cobertura,66,15.0,26.0,41,70
10899,Con cobertura,67,41.0,25.0,66,70
10900,Con cobertura,68,34.0,5.0,39,70
10901,Con cobertura,69,11.0,41.0,52,70
10902,Con cobertura,70,25.0,11.0,36,70
10903,Con cobertura,71,2.0,1.0,3,70
10904,Con cobertura,72,9.0,7.0,16,70
10905,Con cobertura,73,2.0,3.0,5,70
10906,Con cobertura,74,20.0,21.0,41,70
10907,Con cobertura,75,1.0,20.0,21,70
10908,Con cobertura,76,18.0,40.0,58,70
10909,Con cobertura,77,30.0,1.0,31,70
10910,Con cobertura,78,9.0,1.0,10,70
10911,Con cobertura,79,11.0,10.0,21,70
10912,Con cobertura,80,27.0,8.0,35,70
10913,Con cobertura,81,1.0,1.0,2,70
10914,Con cobertura,82,1.0,9.0,10,70
10915,Con cobertura,83,10.0,10.0,20,70
10916,Con cobertura,84,1.0,2.0,3,70
10917,Con cobertura,85,0.0,10.0,10,70
10918,Con cobertura,86,0.0,9.0,9,70
10919,Con cobertura,89,0.0,2.0,2,70
10920,Con cobertura,90,1.0,7.0,8,70
10921,Con cobertura,93,1.0,0.0,1,70
10922,Con cobertura,95,1.0,0.0,1,70
10923,Con cobertura,96,0.0,7.0,7,70
10926,Con cobertura,0,273.0,243.0,516,70
10927,Con cobertura,1,233.0,213.0,446,70
10928,Con cobertura,2,239.0,224.0,463,70
10929,Con cobertura,3,250.0,214.0,464,70
10930,Con cobertura,4,195.0,158.0,353,70
10931,Con cobertura,5,242.0,249.0,491,70
10932,Con cobertura,6,179.0,196.0,375,70
10933,Con cobertura,7,210.0,151.0,361,70
10934,Con cobertura,8,159.0,187.0,346,70
10935,Con cobertura,9,195.0,197.0,392,70
10936,Con cobertura,10,133.0,161.0,294,70
10937,Con cobertura,11,193.0,157.0,350,70
10938,Con cobertura,12,150.0,176.0,326,70
10939,Con cobertura,13,160.0,117.0,277,70
10940,Con cobertura,14,178.0,144.0,322,70
10941,Con cobertura,15,140.0,161.0,301,70
10942,Con cobertura,16,122.0,139.0,261,70
10943,Con cobertura,17,103.0,175.0,278,70
10944,Con cobertura,18,116.0,123.0,239,70
10945,Con cobertura,19,103.0,155.0,258,70
10946,Con cobertura,20,77.0,114.0,191,70
10947,Con cobertura,21,36.0,75.0,111,70
10948,Con cobertura,22,60.0,109.0,169,70
10949,Con cobertura,23,72.0,65.0,137,70
10950,Con cobertura,24,55.0,82.0,137,70
10951,Con cobertura,25,63.0,42.0,105,70
10952,Con cobertura,26,62.0,111.0,173,70
10953,Con cobertura,27,41.0,91.0,132,70
10954,Con cobertura,28,70.0,116.0,186,70
10955,Con cobertura,29,70.0,79.0,149,70
10956,Con cobertura,30,102.0,123.0,225,70
10957,Con cobertura,31,48.0,52.0,100,70
10958,Con cobertura,32,73.0,104.0,177,70
10959,Con cobertura,33,67.0,74.0,141,70
10960,Con cobertura,34,95.0,104.0,199,70
10961,Con cobertura,35,46.0,131.0,177,70
10962,Con cobertura,36,98.0,140.0,238,70
10963,Con cobertura,37,60.0,110.0,170,70
10964,Con cobertura,38,39.0,102.0,141,70
10965,Con cobertura,39,122.0,86.0,208,70
10966,Con cobertura,40,35.0,124.0,159,70
10967,Con cobertura,41,43.0,93.0,136,70
10968,Con cobertura,42,71.0,136.0,207,70
10969,Con cobertura,43,35.0,131.0,166,70
10970,Con cobertura,44,57.0,119.0,176,70
10971,Con cobertura,45,84.0,104.0,188,70
10972,Con cobertura,46,40.0,108.0,148,70
10973,Con cobertura,47,47.0,135.0,182,70
10974,Con cobertura,48,62.0,131.0,193,70
10975,Con cobertura,49,57.0,144.0,201,70
10976,Con cobertura,50,63.0,134.0,197,70
10977,Con cobertura,51,114.0,138.0,252,70
10978,Con cobertura,52,51.0,113.0,164,70
10979,Con cobertura,53,83.0,136.0,219,70
10980,Con cobertura,54,67.0,109.0,176,70
10981,Con cobertura,55,67.0,153.0,220,70
10982,Con cobertura,56,93.0,166.0,259,70
10983,Con cobertura,57,86.0,110.0,196,70
10984,Con cobertura,58,86.0,101.0,187,70
10985,Con cobertura,59,60.0,202.0,262,70
10986,Con cobertura,60,82.0,155.0,237,70
10987,Con cobertura,61,46.0,111.0,157,70
10988,Con cobertura,62,91.0,120.0,211,70
10989,Con cobertura,63,63.0,81.0,144,70
10990,Con cobertura,64,40.0,24.0,64,70
10991,Con cobertura,65,27.0,77.0,104,70
10992,Con cobertura,66,44.0,41.0,85,70
10993,Con cobertura,67,38.0,37.0,75,70
10994,Con cobertura,68,47.0,61.0,108,70
10995,Con cobertura,69,38.0,34.0,72,70
10996,Con cobertura,70,7.0,50.0,57,70
10997,Con cobertura,71,11.0,39.0,50,70
10998,Con cobertura,72,8.0,11.0,19,70
10999,Con cobertura,73,39.0,26.0,65,70
11000,Con cobertura,74,7.0,37.0,44,70
11001,Con cobertura,75,26.0,41.0,67,70
11002,Con cobertura,76,29.0,46.0,75,70
11003,Con cobertura,77,20.0,38.0,58,70
11004,Con cobertura,78,21.0,56.0,77,70
11005,Con cobertura,79,18.0,8.0,26,70
11006,Con cobertura,80,29.0,30.0,59,70
11007,Con cobertura,81,17.0,8.0,25,70
11008,Con cobertura,82,15.0,7.0,22,70
11009,Con cobertura,83,9.0,8.0,17,70
11010,Con cobertura,84,4.0,3.0,7,70
11011,Con cobertura,85,4.0,23.0,27,70
11012,Con cobertura,86,2.0,2.0,4,70
11013,Con cobertura,87,3.0,20.0,23,70
11014,Con cobertura,88,9.0,18.0,27,70
11015,Con cobertura,89,3.0,1.0,4,70
11016,Con cobertura,90,2.0,0.0,2,70
11017,Con cobertura,93,0.0,3.0,3,70
11018,Con cobertura,95,1.0,0.0,1,70
11019,Con cobertura,96,0.0,1.0,1,70
11020,Con cobertura,101,1.0,0.0,1,70
11023,Sin cobertura,0,3688.0,3446.0,7134,70
11024,Sin cobertura,1,3504.0,3436.0,6940,70
11025,Sin cobertura,2,3648.0,3411.0,7059,70
11026,Sin cobertura,3,3488.0,3469.0,6957,70
11027,Sin cobertura,4,3262.0,3251.0,6513,70
11028,Sin cobertura,5,3273.0,3327.0,6600,70
11029,Sin cobertura,6,3674.0,3406.0,7080,70
11030,Sin cobertura,7,3215.0,2985.0,6200,70
11031,Sin cobertura,8,3245.0,3307.0,6552,70
11032,Sin cobertura,9,3240.0,2945.0,6185,70
11033,Sin cobertura,10,3212.0,3348.0,6560,70
11034,Sin cobertura,11,3204.0,3166.0,6370,70
11035,Sin cobertura,12,3330.0,3191.0,6521,70
11036,Sin cobertura,13,3012.0,2851.0,5863,70
11037,Sin cobertura,14,3019.0,3160.0,6179,70
11038,Sin cobertura,15,3299.0,3201.0,6500,70
11039,Sin cobertura,16,2986.0,3063.0,6049,70
11040,Sin cobertura,17,3009.0,2839.0,5848,70
11041,Sin cobertura,18,3263.0,3277.0,6540,70
11042,Sin cobertura,19,3478.0,3139.0,6617,70
11043,Sin cobertura,20,3201.0,2887.0,6088,70
11044,Sin cobertura,21,3784.0,3368.0,7152,70
11045,Sin cobertura,22,3416.0,3360.0,6776,70
11046,Sin cobertura,23,3440.0,3224.0,6664,70
11047,Sin cobertura,24,3384.0,3162.0,6546,70
11048,Sin cobertura,25,3074.0,2776.0,5850,70
11049,Sin cobertura,26,3051.0,2728.0,5779,70
11050,Sin cobertura,27,2704.0,2717.0,5421,70
11051,Sin cobertura,28,2970.0,2940.0,5910,70
11052,Sin cobertura,29,2608.0,2717.0,5325,70
11053,Sin cobertura,30,2802.0,2616.0,5418,70
11054,Sin cobertura,31,2620.0,2640.0,5260,70
11055,Sin cobertura,32,2257.0,2440.0,4697,70
11056,Sin cobertura,33,2369.0,2356.0,4725,70
11057,Sin cobertura,34,2148.0,1972.0,4120,70
11058,Sin cobertura,35,2237.0,2340.0,4577,70
11059,Sin cobertura,36,2116.0,1964.0,4080,70
11060,Sin cobertura,37,1733.0,1659.0,3392,70
11061,Sin cobertura,38,1780.0,1727.0,3507,70
11062,Sin cobertura,39,1769.0,1794.0,3563,70
11063,Sin cobertura,40,1702.0,1883.0,3585,70
11064,Sin cobertura,41,1464.0,1337.0,2801,70
11065,Sin cobertura,42,1510.0,1282.0,2792,70
11066,Sin cobertura,43,1283.0,1531.0,2814,70
11067,Sin cobertura,44,1386.0,1253.0,2639,70
11068,Sin cobertura,45,1379.0,1322.0,2701,70
11069,Sin cobertura,46,1359.0,1336.0,2695,70
11070,Sin cobertura,47,1249.0,1360.0,2609,70
11071,Sin cobertura,48,1296.0,1217.0,2513,70
11072,Sin cobertura,49,1343.0,1270.0,2613,70
11073,Sin cobertura,50,1340.0,1240.0,2580,70
11074,Sin cobertura,51,1335.0,1178.0,2513,70
11075,Sin cobertura,52,1233.0,1126.0,2359,70
11076,Sin cobertura,53,1053.0,1192.0,2245,70
11077,Sin cobertura,54,1226.0,1138.0,2364,70
11078,Sin cobertura,55,1170.0,1470.0,2640,70
11079,Sin cobertura,56,1168.0,935.0,2103,70
11080,Sin cobertura,57,1175.0,1073.0,2248,70
11081,Sin cobertura,58,1189.0,1102.0,2291,70
11082,Sin cobertura,59,1014.0,854.0,1868,70
11083,Sin cobertura,60,1037.0,972.0,2009,70
11084,Sin cobertura,61,1004.0,668.0,1672,70
11085,Sin cobertura,62,876.0,553.0,1429,70
11086,Sin cobertura,63,935.0,404.0,1339,70
11087,Sin cobertura,64,755.0,173.0,928,70
11088,Sin cobertura,65,648.0,152.0,800,70
11089,Sin cobertura,66,314.0,138.0,452,70
11090,Sin cobertura,67,177.0,80.0,257,70
11091,Sin cobertura,68,193.0,106.0,299,70
11092,Sin cobertura,69,103.0,100.0,203,70
11093,Sin cobertura,70,152.0,93.0,245,70
11094,Sin cobertura,71,86.0,135.0,221,70
11095,Sin cobertura,72,100.0,66.0,166,70
11096,Sin cobertura,73,77.0,44.0,121,70
11097,Sin cobertura,74,65.0,69.0,134,70
11098,Sin cobertura,75,136.0,95.0,231,70
11099,Sin cobertura,76,74.0,73.0,147,70
11100,Sin cobertura,77,72.0,43.0,115,70
11101,Sin cobertura,78,66.0,69.0,135,70
11102,Sin cobertura,79,61.0,89.0,150,70
11103,Sin cobertura,80,41.0,41.0,82,70
11104,Sin cobertura,81,22.0,33.0,55,70
11105,Sin cobertura,82,18.0,37.0,55,70
11106,Sin cobertura,83,23.0,22.0,45,70
11107,Sin cobertura,84,8.0,34.0,42,70
11108,Sin cobertura,85,5.0,19.0,24,70
11109,Sin cobertura,86,9.0,15.0,24,70
11110,Sin cobertura,87,18.0,19.0,37,70
11111,Sin cobertura,88,5.0,15.0,20,70
11112,Sin cobertura,89,7.0,15.0,22,70
11113,Sin cobertura,90,2.0,7.0,9,70
11114,Sin cobertura,91,1.0,4.0,5,70
11115,Sin cobertura,92,9.0,13.0,22,70
11116,Sin cobertura,93,1.0,2.0,3,70
11117,Sin cobertura,94,2.0,1.0,3,70
11118,Sin cobertura,95,0.0,2.0,2,70
11119,Sin cobertura,96,11.0,10.0,21,70
11120,Sin cobertura,98,0.0,1.0,1,70
11121,Sin cobertura,99,1.0,1.0,2,70
11122,Sin cobertura,100,0.0,2.0,2,70
11238,Con cobertura,0,1506.0,1306.0,2812,74
11239,Con cobertura,1,1594.0,1555.0,3149,74
11240,Con cobertura,2,1771.0,1503.0,3274,74
11241,Con cobertura,3,1597.0,1409.0,3006,74
11242,Con cobertura,4,1470.0,1675.0,3145,74
11243,Con cobertura,5,1629.0,1709.0,3338,74
11244,Con cobertura,6,1632.0,1490.0,3122,74
11245,Con cobertura,7,1624.0,1815.0,3439,74
11246,Con cobertura,8,1485.0,1744.0,3229,74
11247,Con cobertura,9,1630.0,1712.0,3342,74
11248,Con cobertura,10,1698.0,1726.0,3424,74
11249,Con cobertura,11,1806.0,1653.0,3459,74
11250,Con cobertura,12,1643.0,1522.0,3165,74
11251,Con cobertura,13,1554.0,1565.0,3119,74
11252,Con cobertura,14,1921.0,1630.0,3551,74
11253,Con cobertura,15,1663.0,1560.0,3223,74
11254,Con cobertura,16,1419.0,1566.0,2985,74
11255,Con cobertura,17,1452.0,1534.0,2986,74
11256,Con cobertura,18,1556.0,1245.0,2801,74
11257,Con cobertura,19,1167.0,1425.0,2592,74
11258,Con cobertura,20,1006.0,1336.0,2342,74
11259,Con cobertura,21,905.0,1128.0,2033,74
11260,Con cobertura,22,1051.0,1074.0,2125,74
11261,Con cobertura,23,1214.0,1233.0,2447,74
11262,Con cobertura,24,1065.0,1297.0,2362,74
11263,Con cobertura,25,1030.0,1322.0,2352,74
11264,Con cobertura,26,1275.0,1321.0,2596,74
11265,Con cobertura,27,1370.0,1350.0,2720,74
11266,Con cobertura,28,1388.0,1814.0,3202,74
11267,Con cobertura,29,1684.0,1515.0,3199,74
11268,Con cobertura,30,1562.0,1527.0,3089,74
11269,Con cobertura,31,1570.0,1653.0,3223,74
11270,Con cobertura,32,1759.0,1819.0,3578,74
11271,Con cobertura,33,1522.0,1496.0,3018,74
11272,Con cobertura,34,1363.0,1566.0,2929,74
11273,Con cobertura,35,1461.0,1485.0,2946,74
11274,Con cobertura,36,1306.0,1513.0,2819,74
11275,Con cobertura,37,1304.0,1497.0,2801,74
11276,Con cobertura,38,1366.0,1468.0,2834,74
11277,Con cobertura,39,1228.0,1470.0,2698,74
11278,Con cobertura,40,1141.0,1390.0,2531,74
11279,Con cobertura,41,1031.0,1186.0,2217,74
11280,Con cobertura,42,1094.0,1176.0,2270,74
11281,Con cobertura,43,980.0,1171.0,2151,74
11282,Con cobertura,44,1061.0,1137.0,2198,74
11283,Con cobertura,45,1256.0,1131.0,2387,74
11284,Con cobertura,46,957.0,1265.0,2222,74
11285,Con cobertura,47,1060.0,1348.0,2408,74
11286,Con cobertura,48,969.0,1249.0,2218,74
11287,Con cobertura,49,846.0,1176.0,2022,74
11288,Con cobertura,50,968.0,1177.0,2145,74
11289,Con cobertura,51,891.0,1126.0,2017,74
11290,Con cobertura,52,842.0,1106.0,1948,74
11291,Con cobertura,53,1003.0,1090.0,2093,74
11292,Con cobertura,54,915.0,1065.0,1980,74
11293,Con cobertura,55,914.0,1183.0,2097,74
11294,Con cobertura,56,896.0,1200.0,2096,74
11295,Con cobertura,57,702.0,975.0,1677,74
11296,Con cobertura,58,917.0,954.0,1871,74
11297,Con cobertura,59,755.0,1001.0,1756,74
11298,Con cobertura,60,884.0,1287.0,2171,74
11299,Con cobertura,61,755.0,1253.0,2008,74
11300,Con cobertura,62,749.0,1242.0,1991,74
11301,Con cobertura,63,859.0,1258.0,2117,74
11302,Con cobertura,64,782.0,1398.0,2180,74
11303,Con cobertura,65,801.0,1460.0,2261,74
11304,Con cobertura,66,991.0,1638.0,2629,74
11305,Con cobertura,67,1086.0,1267.0,2353,74
11306,Con cobertura,68,940.0,1238.0,2178,74
11307,Con cobertura,69,1019.0,1029.0,2048,74
11308,Con cobertura,70,845.0,1018.0,1863,74
11309,Con cobertura,71,868.0,844.0,1712,74
11310,Con cobertura,72,791.0,965.0,1756,74
11311,Con cobertura,73,732.0,813.0,1545,74
11312,Con cobertura,74,506.0,827.0,1333,74
11313,Con cobertura,75,590.0,802.0,1392,74
11314,Con cobertura,76,462.0,630.0,1092,74
11315,Con cobertura,77,537.0,654.0,1191,74
11316,Con cobertura,78,450.0,693.0,1143,74
11317,Con cobertura,79,512.0,719.0,1231,74
11318,Con cobertura,80,481.0,611.0,1092,74
11319,Con cobertura,81,318.0,640.0,958,74
11320,Con cobertura,82,391.0,441.0,832,74
11321,Con cobertura,83,209.0,481.0,690,74
11322,Con cobertura,84,219.0,310.0,529,74
11323,Con cobertura,85,208.0,344.0,552,74
11324,Con cobertura,86,129.0,310.0,439,74
11325,Con cobertura,87,127.0,310.0,437,74
11326,Con cobertura,88,69.0,281.0,350,74
11327,Con cobertura,89,102.0,173.0,275,74
11328,Con cobertura,90,41.0,143.0,184,74
11329,Con cobertura,91,50.0,108.0,158,74
11330,Con cobertura,92,11.0,132.0,143,74
11331,Con cobertura,93,14.0,76.0,90,74
11332,Con cobertura,94,23.0,60.0,83,74
11333,Con cobertura,95,19.0,19.0,38,74
11334,Con cobertura,96,2.0,47.0,49,74
11335,Con cobertura,97,4.0,10.0,14,74
11336,Con cobertura,98,2.0,23.0,25,74
11337,Con cobertura,99,10.0,16.0,26,74
11338,Con cobertura,100,0.0,4.0,4,74
11339,Con cobertura,101,10.0,1.0,11,74
11340,Con cobertura,102,0.0,2.0,2,74
11341,Con cobertura,103,1.0,2.0,3,74
11342,Con cobertura,106,0.0,11.0,11,74
11343,Con cobertura,110,1.0,0.0,1,74
11346,Con cobertura,0,340.0,380.0,720,74
11347,Con cobertura,1,316.0,360.0,676,74
11348,Con cobertura,2,336.0,264.0,600,74
11349,Con cobertura,3,310.0,414.0,724,74
11350,Con cobertura,4,333.0,351.0,684,74
11351,Con cobertura,5,303.0,323.0,626,74
11352,Con cobertura,6,360.0,416.0,776,74
11353,Con cobertura,7,394.0,344.0,738,74
11354,Con cobertura,8,367.0,358.0,725,74
11355,Con cobertura,9,427.0,386.0,813,74
11356,Con cobertura,10,378.0,259.0,637,74
11357,Con cobertura,11,370.0,285.0,655,74
11358,Con cobertura,12,356.0,348.0,704,74
11359,Con cobertura,13,371.0,314.0,685,74
11360,Con cobertura,14,436.0,372.0,808,74
11361,Con cobertura,15,329.0,252.0,581,74
11362,Con cobertura,16,336.0,285.0,621,74
11363,Con cobertura,17,295.0,215.0,510,74
11364,Con cobertura,18,201.0,314.0,515,74
11365,Con cobertura,19,314.0,292.0,606,74
11366,Con cobertura,20,225.0,237.0,462,74
11367,Con cobertura,21,259.0,187.0,446,74
11368,Con cobertura,22,277.0,249.0,526,74
11369,Con cobertura,23,228.0,197.0,425,74
11370,Con cobertura,24,353.0,198.0,551,74
11371,Con cobertura,25,248.0,212.0,460,74
11372,Con cobertura,26,263.0,149.0,412,74
11373,Con cobertura,27,337.0,415.0,752,74
11374,Con cobertura,28,319.0,309.0,628,74
11375,Con cobertura,29,369.0,315.0,684,74
11376,Con cobertura,30,417.0,362.0,779,74
11377,Con cobertura,31,416.0,289.0,705,74
11378,Con cobertura,32,363.0,381.0,744,74
11379,Con cobertura,33,428.0,370.0,798,74
11380,Con cobertura,34,332.0,339.0,671,74
11381,Con cobertura,35,346.0,394.0,740,74
11382,Con cobertura,36,327.0,300.0,627,74
11383,Con cobertura,37,370.0,229.0,599,74
11384,Con cobertura,38,289.0,297.0,586,74
11385,Con cobertura,39,312.0,246.0,558,74
11386,Con cobertura,40,228.0,284.0,512,74
11387,Con cobertura,41,305.0,233.0,538,74
11388,Con cobertura,42,216.0,242.0,458,74
11389,Con cobertura,43,256.0,176.0,432,74
11390,Con cobertura,44,321.0,249.0,570,74
11391,Con cobertura,45,262.0,230.0,492,74
11392,Con cobertura,46,278.0,220.0,498,74
11393,Con cobertura,47,282.0,309.0,591,74
11394,Con cobertura,48,173.0,194.0,367,74
11395,Con cobertura,49,226.0,174.0,400,74
11396,Con cobertura,50,207.0,226.0,433,74
11397,Con cobertura,51,128.0,149.0,277,74
11398,Con cobertura,52,148.0,217.0,365,74
11399,Con cobertura,53,188.0,148.0,336,74
11400,Con cobertura,54,152.0,188.0,340,74
11401,Con cobertura,55,172.0,149.0,321,74
11402,Con cobertura,56,182.0,167.0,349,74
11403,Con cobertura,57,170.0,174.0,344,74
11404,Con cobertura,58,133.0,122.0,255,74
11405,Con cobertura,59,174.0,108.0,282,74
11406,Con cobertura,60,154.0,97.0,251,74
11407,Con cobertura,61,127.0,70.0,197,74
11408,Con cobertura,62,91.0,86.0,177,74
11409,Con cobertura,63,135.0,101.0,236,74
11410,Con cobertura,64,81.0,68.0,149,74
11411,Con cobertura,65,152.0,57.0,209,74
11412,Con cobertura,66,38.0,101.0,139,74
11413,Con cobertura,67,14.0,42.0,56,74
11414,Con cobertura,68,28.0,28.0,56,74
11415,Con cobertura,69,39.0,52.0,91,74
11416,Con cobertura,70,60.0,26.0,86,74
11417,Con cobertura,71,31.0,24.0,55,74
11418,Con cobertura,72,29.0,30.0,59,74
11419,Con cobertura,73,35.0,9.0,44,74
11420,Con cobertura,74,9.0,6.0,15,74
11421,Con cobertura,75,30.0,38.0,68,74
11422,Con cobertura,76,17.0,13.0,30,74
11423,Con cobertura,77,33.0,33.0,66,74
11424,Con cobertura,78,17.0,15.0,32,74
11425,Con cobertura,79,17.0,40.0,57,74
11426,Con cobertura,80,8.0,13.0,21,74
11427,Con cobertura,81,3.0,16.0,19,74
11428,Con cobertura,82,2.0,32.0,34,74
11429,Con cobertura,83,1.0,3.0,4,74
11430,Con cobertura,84,22.0,4.0,26,74
11431,Con cobertura,85,22.0,13.0,35,74
11432,Con cobertura,86,14.0,6.0,20,74
11433,Con cobertura,87,1.0,2.0,3,74
11434,Con cobertura,88,0.0,11.0,11,74
11435,Con cobertura,89,0.0,18.0,18,74
11436,Con cobertura,90,1.0,3.0,4,74
11437,Con cobertura,91,3.0,1.0,4,74
11438,Con cobertura,92,0.0,1.0,1,74
11439,Con cobertura,93,0.0,1.0,1,74
11440,Con cobertura,94,1.0,0.0,1,74
11441,Con cobertura,101,0.0,1.0,1,74
11442,Con cobertura,110,0.0,1.0,1,74
11445,Con cobertura,0,47.0,143.0,190,74
11446,Con cobertura,1,61.0,48.0,109,74
11447,Con cobertura,2,126.0,52.0,178,74
11448,Con cobertura,3,88.0,81.0,169,74
11449,Con cobertura,4,146.0,57.0,203,74
11450,Con cobertura,5,117.0,61.0,178,74
11451,Con cobertura,6,96.0,68.0,164,74
11452,Con cobertura,7,120.0,56.0,176,74
11453,Con cobertura,8,87.0,50.0,137,74
11454,Con cobertura,9,138.0,108.0,246,74
11455,Con cobertura,10,125.0,49.0,174,74
11456,Con cobertura,11,90.0,108.0,198,74
11457,Con cobertura,12,80.0,90.0,170,74
11458,Con cobertura,13,71.0,78.0,149,74
11459,Con cobertura,14,107.0,41.0,148,74
11460,Con cobertura,15,82.0,65.0,147,74
11461,Con cobertura,16,109.0,89.0,198,74
11462,Con cobertura,17,92.0,51.0,143,74
11463,Con cobertura,18,63.0,32.0,95,74
11464,Con cobertura,19,56.0,71.0,127,74
11465,Con cobertura,20,62.0,85.0,147,74
11466,Con cobertura,21,73.0,57.0,130,74
11467,Con cobertura,22,17.0,68.0,85,74
11468,Con cobertura,23,50.0,48.0,98,74
11469,Con cobertura,24,73.0,130.0,203,74
11470,Con cobertura,25,74.0,109.0,183,74
11471,Con cobertura,26,70.0,65.0,135,74
11472,Con cobertura,27,71.0,105.0,176,74
11473,Con cobertura,28,105.0,130.0,235,74
11474,Con cobertura,29,72.0,105.0,177,74
11475,Con cobertura,30,147.0,74.0,221,74
11476,Con cobertura,31,115.0,96.0,211,74
11477,Con cobertura,32,80.0,110.0,190,74
11478,Con cobertura,33,83.0,142.0,225,74
11479,Con cobertura,34,149.0,106.0,255,74
11480,Con cobertura,35,96.0,114.0,210,74
11481,Con cobertura,36,86.0,79.0,165,74
11482,Con cobertura,37,104.0,47.0,151,74
11483,Con cobertura,38,66.0,67.0,133,74
11484,Con cobertura,39,86.0,133.0,219,74
11485,Con cobertura,40,139.0,67.0,206,74
11486,Con cobertura,41,61.0,107.0,168,74
11487,Con cobertura,42,119.0,63.0,182,74
11488,Con cobertura,43,57.0,52.0,109,74
11489,Con cobertura,44,72.0,52.0,124,74
11490,Con cobertura,45,83.0,91.0,174,74
11491,Con cobertura,46,109.0,68.0,177,74
11492,Con cobertura,47,112.0,97.0,209,74
11493,Con cobertura,48,80.0,93.0,173,74
11494,Con cobertura,49,69.0,54.0,123,74
11495,Con cobertura,50,101.0,45.0,146,74
11496,Con cobertura,51,98.0,114.0,212,74
11497,Con cobertura,52,82.0,60.0,142,74
11498,Con cobertura,53,64.0,97.0,161,74
11499,Con cobertura,54,119.0,94.0,213,74
11500,Con cobertura,55,106.0,82.0,188,74
11501,Con cobertura,56,104.0,72.0,176,74
11502,Con cobertura,57,104.0,67.0,171,74
11503,Con cobertura,58,73.0,80.0,153,74
11504,Con cobertura,59,69.0,50.0,119,74
11505,Con cobertura,60,112.0,64.0,176,74
11506,Con cobertura,61,52.0,16.0,68,74
11507,Con cobertura,62,67.0,30.0,97,74
11508,Con cobertura,63,75.0,51.0,126,74
11509,Con cobertura,64,46.0,40.0,86,74
11510,Con cobertura,65,44.0,55.0,99,74
11511,Con cobertura,66,39.0,13.0,52,74
11512,Con cobertura,67,17.0,13.0,30,74
11513,Con cobertura,68,7.0,4.0,11,74
11514,Con cobertura,69,8.0,3.0,11,74
11515,Con cobertura,70,3.0,22.0,25,74
11516,Con cobertura,71,26.0,11.0,37,74
11517,Con cobertura,72,4.0,13.0,17,74
11518,Con cobertura,73,6.0,19.0,25,74
11519,Con cobertura,74,13.0,6.0,19,74
11520,Con cobertura,75,5.0,12.0,17,74
11521,Con cobertura,76,11.0,4.0,15,74
11522,Con cobertura,77,12.0,20.0,32,74
11523,Con cobertura,78,8.0,12.0,20,74
11524,Con cobertura,79,12.0,10.0,22,74
11525,Con cobertura,80,13.0,1.0,14,74
11526,Con cobertura,81,1.0,10.0,11,74
11527,Con cobertura,82,3.0,3.0,6,74
11528,Con cobertura,83,1.0,2.0,3,74
11529,Con cobertura,85,0.0,1.0,1,74
11530,Con cobertura,86,0.0,9.0,9,74
11531,Con cobertura,87,1.0,2.0,3,74
11532,Con cobertura,88,0.0,10.0,10,74
11533,Con cobertura,89,0.0,1.0,1,74
11536,Con cobertura,0,127.0,125.0,252,74
11537,Con cobertura,1,128.0,77.0,205,74
11538,Con cobertura,2,67.0,81.0,148,74
11539,Con cobertura,3,97.0,73.0,170,74
11540,Con cobertura,4,83.0,70.0,153,74
11541,Con cobertura,5,70.0,96.0,166,74
11542,Con cobertura,6,65.0,45.0,110,74
11543,Con cobertura,7,50.0,56.0,106,74
11544,Con cobertura,8,60.0,84.0,144,74
11545,Con cobertura,9,103.0,60.0,163,74
11546,Con cobertura,10,40.0,49.0,89,74
11547,Con cobertura,11,95.0,46.0,141,74
11548,Con cobertura,12,72.0,55.0,127,74
11549,Con cobertura,13,45.0,53.0,98,74
11550,Con cobertura,14,40.0,63.0,103,74
11551,Con cobertura,15,63.0,58.0,121,74
11552,Con cobertura,16,83.0,94.0,177,74
11553,Con cobertura,17,54.0,50.0,104,74
11554,Con cobertura,18,74.0,68.0,142,74
11555,Con cobertura,19,38.0,95.0,133,74
11556,Con cobertura,20,50.0,58.0,108,74
11557,Con cobertura,21,34.0,61.0,95,74
11558,Con cobertura,22,37.0,42.0,79,74
11559,Con cobertura,23,47.0,24.0,71,74
11560,Con cobertura,24,46.0,54.0,100,74
11561,Con cobertura,25,34.0,59.0,93,74
11562,Con cobertura,26,27.0,72.0,99,74
11563,Con cobertura,27,31.0,73.0,104,74
11564,Con cobertura,28,36.0,94.0,130,74
11565,Con cobertura,29,63.0,86.0,149,74
11566,Con cobertura,30,60.0,69.0,129,74
11567,Con cobertura,31,90.0,102.0,192,74
11568,Con cobertura,32,62.0,102.0,164,74
11569,Con cobertura,33,71.0,77.0,148,74
11570,Con cobertura,34,38.0,104.0,142,74
11571,Con cobertura,35,39.0,74.0,113,74
11572,Con cobertura,36,50.0,96.0,146,74
11573,Con cobertura,37,36.0,80.0,116,74
11574,Con cobertura,38,81.0,55.0,136,74
11575,Con cobertura,39,40.0,76.0,116,74
11576,Con cobertura,40,25.0,83.0,108,74
11577,Con cobertura,41,42.0,53.0,95,74
11578,Con cobertura,42,42.0,56.0,98,74
11579,Con cobertura,43,76.0,67.0,143,74
11580,Con cobertura,44,80.0,62.0,142,74
11581,Con cobertura,45,75.0,50.0,125,74
11582,Con cobertura,46,22.0,100.0,122,74
11583,Con cobertura,47,84.0,96.0,180,74
11584,Con cobertura,48,49.0,105.0,154,74
11585,Con cobertura,49,41.0,125.0,166,74
11586,Con cobertura,50,59.0,90.0,149,74
11587,Con cobertura,51,59.0,97.0,156,74
11588,Con cobertura,52,51.0,115.0,166,74
11589,Con cobertura,53,91.0,112.0,203,74
11590,Con cobertura,54,66.0,90.0,156,74
11591,Con cobertura,55,79.0,111.0,190,74
11592,Con cobertura,56,66.0,105.0,171,74
11593,Con cobertura,57,66.0,65.0,131,74
11594,Con cobertura,58,40.0,99.0,139,74
11595,Con cobertura,59,69.0,82.0,151,74
11596,Con cobertura,60,47.0,122.0,169,74
11597,Con cobertura,61,57.0,53.0,110,74
11598,Con cobertura,62,73.0,68.0,141,74
11599,Con cobertura,63,47.0,30.0,77,74
11600,Con cobertura,64,40.0,39.0,79,74
11601,Con cobertura,65,38.0,38.0,76,74
11602,Con cobertura,66,36.0,10.0,46,74
11603,Con cobertura,67,26.0,8.0,34,74
11604,Con cobertura,68,38.0,35.0,73,74
11605,Con cobertura,69,8.0,33.0,41,74
11606,Con cobertura,70,28.0,49.0,77,74
11607,Con cobertura,71,59.0,40.0,99,74
11608,Con cobertura,72,6.0,19.0,25,74
11609,Con cobertura,73,7.0,37.0,44,74
11610,Con cobertura,74,23.0,18.0,41,74
11611,Con cobertura,75,20.0,30.0,50,74
11612,Con cobertura,76,5.0,6.0,11,74
11613,Con cobertura,77,21.0,28.0,49,74
11614,Con cobertura,78,19.0,27.0,46,74
11615,Con cobertura,79,2.0,33.0,35,74
11616,Con cobertura,80,6.0,41.0,47,74
11617,Con cobertura,81,12.0,14.0,26,74
11618,Con cobertura,82,5.0,27.0,32,74
11619,Con cobertura,83,17.0,7.0,24,74
11620,Con cobertura,84,1.0,20.0,21,74
11621,Con cobertura,85,15.0,3.0,18,74
11622,Con cobertura,86,4.0,2.0,6,74
11623,Con cobertura,87,4.0,3.0,7,74
11624,Con cobertura,88,9.0,13.0,22,74
11625,Con cobertura,89,1.0,3.0,4,74
11626,Con cobertura,90,2.0,5.0,7,74
11627,Con cobertura,91,3.0,1.0,4,74
11628,Con cobertura,92,0.0,21.0,21,74
11629,Con cobertura,93,0.0,1.0,1,74
11630,Con cobertura,94,0.0,3.0,3,74
11631,Con cobertura,95,0.0,2.0,2,74
11632,Con cobertura,96,0.0,1.0,1,74
11633,Con cobertura,97,1.0,0.0,1,74
11634,Con cobertura,98,1.0,1.0,2,74
11637,Sin cobertura,0,1684.0,1705.0,3389,74
11638,Sin cobertura,1,1765.0,1611.0,3376,74
11639,Sin cobertura,2,1935.0,1631.0,3566,74
11640,Sin cobertura,3,1706.0,1718.0,3424,74
11641,Sin cobertura,4,1631.0,2046.0,3677,74
11642,Sin cobertura,5,1773.0,1725.0,3498,74
11643,Sin cobertura,6,1694.0,1973.0,3667,74
11644,Sin cobertura,7,1882.0,1807.0,3689,74
11645,Sin cobertura,8,1812.0,2014.0,3826,74
11646,Sin cobertura,9,2041.0,1741.0,3782,74
11647,Sin cobertura,10,2225.0,1836.0,4061,74
11648,Sin cobertura,11,2000.0,2161.0,4161,74
11649,Sin cobertura,12,2043.0,1901.0,3944,74
11650,Sin cobertura,13,2079.0,2038.0,4117,74
11651,Sin cobertura,14,2289.0,2333.0,4622,74
11652,Sin cobertura,15,2351.0,2148.0,4499,74
11653,Sin cobertura,16,1944.0,1872.0,3816,74
11654,Sin cobertura,17,1992.0,1861.0,3853,74
11655,Sin cobertura,18,2187.0,2059.0,4246,74
11656,Sin cobertura,19,2179.0,1913.0,4092,74
11657,Sin cobertura,20,2082.0,1991.0,4073,74
11658,Sin cobertura,21,2226.0,2030.0,4256,74
11659,Sin cobertura,22,1840.0,1927.0,3767,74
11660,Sin cobertura,23,1847.0,1864.0,3711,74
11661,Sin cobertura,24,1471.0,1710.0,3181,74
11662,Sin cobertura,25,1502.0,1446.0,2948,74
11663,Sin cobertura,26,1433.0,1512.0,2945,74
11664,Sin cobertura,27,1339.0,1247.0,2586,74
11665,Sin cobertura,28,1536.0,1412.0,2948,74
11666,Sin cobertura,29,1342.0,1314.0,2656,74
11667,Sin cobertura,30,1235.0,1137.0,2372,74
11668,Sin cobertura,31,1305.0,1135.0,2440,74
11669,Sin cobertura,32,1222.0,1184.0,2406,74
11670,Sin cobertura,33,1298.0,1166.0,2464,74
11671,Sin cobertura,34,1004.0,994.0,1998,74
11672,Sin cobertura,35,1134.0,1113.0,2247,74
11673,Sin cobertura,36,959.0,953.0,1912,74
11674,Sin cobertura,37,1119.0,894.0,2013,74
11675,Sin cobertura,38,1074.0,989.0,2063,74
11676,Sin cobertura,39,1121.0,999.0,2120,74
11677,Sin cobertura,40,1081.0,1029.0,2110,74
11678,Sin cobertura,41,987.0,831.0,1818,74
11679,Sin cobertura,42,1050.0,844.0,1894,74
11680,Sin cobertura,43,982.0,789.0,1771,74
11681,Sin cobertura,44,879.0,860.0,1739,74
11682,Sin cobertura,45,912.0,780.0,1692,74
11683,Sin cobertura,46,1021.0,788.0,1809,74
11684,Sin cobertura,47,1018.0,788.0,1806,74
11685,Sin cobertura,48,894.0,739.0,1633,74
11686,Sin cobertura,49,1065.0,715.0,1780,74
11687,Sin cobertura,50,802.0,677.0,1479,74
11688,Sin cobertura,51,885.0,736.0,1621,74
11689,Sin cobertura,52,878.0,762.0,1640,74
11690,Sin cobertura,53,873.0,657.0,1530,74
11691,Sin cobertura,54,845.0,602.0,1447,74
11692,Sin cobertura,55,785.0,568.0,1353,74
11693,Sin cobertura,56,634.0,504.0,1138,74
11694,Sin cobertura,57,748.0,523.0,1271,74
11695,Sin cobertura,58,668.0,653.0,1321,74
11696,Sin cobertura,59,873.0,480.0,1353,74
11697,Sin cobertura,60,644.0,476.0,1120,74
11698,Sin cobertura,61,510.0,242.0,752,74
11699,Sin cobertura,62,578.0,306.0,884,74
11700,Sin cobertura,63,518.0,130.0,648,74
11701,Sin cobertura,64,322.0,88.0,410,74
11702,Sin cobertura,65,436.0,103.0,539,74
11703,Sin cobertura,66,114.0,96.0,210,74
11704,Sin cobertura,67,97.0,65.0,162,74
11705,Sin cobertura,68,110.0,34.0,144,74
11706,Sin cobertura,69,64.0,77.0,141,74
11707,Sin cobertura,70,56.0,72.0,128,74
11708,Sin cobertura,71,58.0,37.0,95,74
11709,Sin cobertura,72,29.0,31.0,60,74
11710,Sin cobertura,73,31.0,46.0,77,74
11711,Sin cobertura,74,48.0,39.0,87,74
11712,Sin cobertura,75,34.0,49.0,83,74
11713,Sin cobertura,76,19.0,52.0,71,74
11714,Sin cobertura,77,50.0,37.0,87,74
11715,Sin cobertura,78,23.0,12.0,35,74
11716,Sin cobertura,79,14.0,28.0,42,74
11717,Sin cobertura,80,21.0,48.0,69,74
11718,Sin cobertura,81,22.0,17.0,39,74
11719,Sin cobertura,82,15.0,13.0,28,74
11720,Sin cobertura,83,19.0,9.0,28,74
11721,Sin cobertura,84,9.0,18.0,27,74
11722,Sin cobertura,85,12.0,11.0,23,74
11723,Sin cobertura,86,4.0,9.0,13,74
11724,Sin cobertura,87,3.0,26.0,29,74
11725,Sin cobertura,88,1.0,6.0,7,74
11726,Sin cobertura,89,4.0,14.0,18,74
11727,Sin cobertura,90,13.0,15.0,28,74
11728,Sin cobertura,91,0.0,13.0,13,74
11729,Sin cobertura,92,1.0,4.0,5,74
11730,Sin cobertura,93,2.0,14.0,16,74
11731,Sin cobertura,94,1.0,0.0,1,74
11732,Sin cobertura,95,0.0,2.0,2,74
11733,Sin cobertura,96,0.0,8.0,8,74
11734,Sin cobertura,99,1.0,1.0,2,74
11848,Con cobertura,0,1703.0,1620.0,3323,78
11849,Con cobertura,1,1735.0,1431.0,3166,78
11850,Con cobertura,2,1695.0,1569.0,3264,78
11851,Con cobertura,3,1728.0,1548.0,3276,78
11852,Con cobertura,4,1778.0,1643.0,3421,78
11853,Con cobertura,5,1660.0,1821.0,3481,78
11854,Con cobertura,6,1631.0,1592.0,3223,78
11855,Con cobertura,7,1700.0,1821.0,3521,78
11856,Con cobertura,8,1638.0,1555.0,3193,78
11857,Con cobertura,9,1744.0,1633.0,3377,78
11858,Con cobertura,10,1692.0,1672.0,3364,78
11859,Con cobertura,11,1721.0,1646.0,3367,78
11860,Con cobertura,12,1690.0,1586.0,3276,78
11861,Con cobertura,13,1689.0,1750.0,3439,78
11862,Con cobertura,14,1604.0,1862.0,3466,78
11863,Con cobertura,15,1824.0,1770.0,3594,78
11864,Con cobertura,16,1734.0,1643.0,3377,78
11865,Con cobertura,17,1595.0,1637.0,3232,78
11866,Con cobertura,18,1388.0,1250.0,2638,78
11867,Con cobertura,19,1289.0,1213.0,2502,78
11868,Con cobertura,20,1202.0,1118.0,2320,78
11869,Con cobertura,21,1148.0,1080.0,2228,78
11870,Con cobertura,22,1198.0,954.0,2152,78
11871,Con cobertura,23,1202.0,1078.0,2280,78
11872,Con cobertura,24,1414.0,1187.0,2601,78
11873,Con cobertura,25,1432.0,1243.0,2675,78
11874,Con cobertura,26,1358.0,1276.0,2634,78
11875,Con cobertura,27,1424.0,1371.0,2795,78
11876,Con cobertura,28,1661.0,1337.0,2998,78
11877,Con cobertura,29,1537.0,1429.0,2966,78
11878,Con cobertura,30,1712.0,1593.0,3305,78
11879,Con cobertura,31,1667.0,1442.0,3109,78
11880,Con cobertura,32,1583.0,1494.0,3077,78
11881,Con cobertura,33,1409.0,1377.0,2786,78
11882,Con cobertura,34,1497.0,1427.0,2924,78
11883,Con cobertura,35,1386.0,1427.0,2813,78
11884,Con cobertura,36,1303.0,1315.0,2618,78
11885,Con cobertura,37,1225.0,1280.0,2505,78
11886,Con cobertura,38,1378.0,1238.0,2616,78
11887,Con cobertura,39,1243.0,1307.0,2550,78
11888,Con cobertura,40,1153.0,1242.0,2395,78
11889,Con cobertura,41,1081.0,1010.0,2091,78
11890,Con cobertura,42,1106.0,1158.0,2264,78
11891,Con cobertura,43,969.0,1056.0,2025,78
11892,Con cobertura,44,1001.0,980.0,1981,78
11893,Con cobertura,45,1100.0,1100.0,2200,78
11894,Con cobertura,46,1037.0,1062.0,2099,78
11895,Con cobertura,47,1004.0,982.0,1986,78
11896,Con cobertura,48,1005.0,1046.0,2051,78
11897,Con cobertura,49,988.0,963.0,1951,78
11898,Con cobertura,50,976.0,907.0,1883,78
11899,Con cobertura,51,945.0,839.0,1784,78
11900,Con cobertura,52,904.0,842.0,1746,78
11901,Con cobertura,53,758.0,816.0,1574,78
11902,Con cobertura,54,809.0,841.0,1650,78
11903,Con cobertura,55,754.0,698.0,1452,78
11904,Con cobertura,56,729.0,721.0,1450,78
11905,Con cobertura,57,635.0,595.0,1230,78
11906,Con cobertura,58,565.0,564.0,1129,78
11907,Con cobertura,59,596.0,559.0,1155,78
11908,Con cobertura,60,556.0,700.0,1256,78
11909,Con cobertura,61,526.0,532.0,1058,78
11910,Con cobertura,62,500.0,440.0,940,78
11911,Con cobertura,63,415.0,418.0,833,78
11912,Con cobertura,64,377.0,480.0,857,78
11913,Con cobertura,65,464.0,508.0,972,78
11914,Con cobertura,66,408.0,461.0,869,78
11915,Con cobertura,67,423.0,474.0,897,78
11916,Con cobertura,68,372.0,405.0,777,78
11917,Con cobertura,69,340.0,459.0,799,78
11918,Con cobertura,70,356.0,366.0,722,78
11919,Con cobertura,71,327.0,393.0,720,78
11920,Con cobertura,72,342.0,280.0,622,78
11921,Con cobertura,73,243.0,336.0,579,78
11922,Con cobertura,74,225.0,310.0,535,78
11923,Con cobertura,75,194.0,249.0,443,78
11924,Con cobertura,76,207.0,242.0,449,78
11925,Con cobertura,77,229.0,192.0,421,78
11926,Con cobertura,78,137.0,228.0,365,78
11927,Con cobertura,79,147.0,203.0,350,78
11928,Con cobertura,80,168.0,232.0,400,78
11929,Con cobertura,81,122.0,173.0,295,78
11930,Con cobertura,82,99.0,122.0,221,78
11931,Con cobertura,83,99.0,116.0,215,78
11932,Con cobertura,84,80.0,117.0,197,78
11933,Con cobertura,85,95.0,111.0,206,78
11934,Con cobertura,86,26.0,77.0,103,78
11935,Con cobertura,87,26.0,75.0,101,78
11936,Con cobertura,88,44.0,86.0,130,78
11937,Con cobertura,89,43.0,75.0,118,78
11938,Con cobertura,90,19.0,33.0,52,78
11939,Con cobertura,91,8.0,9.0,17,78
11940,Con cobertura,92,15.0,27.0,42,78
11941,Con cobertura,93,1.0,19.0,20,78
11942,Con cobertura,94,5.0,26.0,31,78
11943,Con cobertura,95,4.0,5.0,9,78
11944,Con cobertura,96,0.0,2.0,2,78
11945,Con cobertura,97,0.0,5.0,5,78
11946,Con cobertura,98,10.0,3.0,13,78
11947,Con cobertura,99,0.0,1.0,1,78
11948,Con cobertura,104,1.0,0.0,1,78
11951,Con cobertura,0,297.0,285.0,582,78
11952,Con cobertura,1,355.0,297.0,652,78
11953,Con cobertura,2,349.0,298.0,647,78
11954,Con cobertura,3,252.0,285.0,537,78
11955,Con cobertura,4,387.0,336.0,723,78
11956,Con cobertura,5,296.0,312.0,608,78
11957,Con cobertura,6,325.0,347.0,672,78
11958,Con cobertura,7,379.0,315.0,694,78
11959,Con cobertura,8,324.0,321.0,645,78
11960,Con cobertura,9,352.0,291.0,643,78
11961,Con cobertura,10,276.0,345.0,621,78
11962,Con cobertura,11,289.0,297.0,586,78
11963,Con cobertura,12,317.0,298.0,615,78
11964,Con cobertura,13,332.0,299.0,631,78
11965,Con cobertura,14,383.0,321.0,704,78
11966,Con cobertura,15,333.0,315.0,648,78
11967,Con cobertura,16,316.0,215.0,531,78
11968,Con cobertura,17,288.0,266.0,554,78
11969,Con cobertura,18,259.0,207.0,466,78
11970,Con cobertura,19,313.0,173.0,486,78
11971,Con cobertura,20,180.0,183.0,363,78
11972,Con cobertura,21,288.0,180.0,468,78
11973,Con cobertura,22,263.0,214.0,477,78
11974,Con cobertura,23,245.0,191.0,436,78
11975,Con cobertura,24,378.0,266.0,644,78
11976,Con cobertura,25,348.0,303.0,651,78
11977,Con cobertura,26,371.0,307.0,678,78
11978,Con cobertura,27,365.0,293.0,658,78
11979,Con cobertura,28,385.0,326.0,711,78
11980,Con cobertura,29,365.0,353.0,718,78
11981,Con cobertura,30,463.0,375.0,838,78
11982,Con cobertura,31,465.0,378.0,843,78
11983,Con cobertura,32,419.0,350.0,769,78
11984,Con cobertura,33,390.0,346.0,736,78
11985,Con cobertura,34,378.0,235.0,613,78
11986,Con cobertura,35,419.0,359.0,778,78
11987,Con cobertura,36,344.0,258.0,602,78
11988,Con cobertura,37,351.0,224.0,575,78
11989,Con cobertura,38,416.0,219.0,635,78
11990,Con cobertura,39,314.0,214.0,528,78
11991,Con cobertura,40,273.0,188.0,461,78
11992,Con cobertura,41,271.0,200.0,471,78
11993,Con cobertura,42,216.0,235.0,451,78
11994,Con cobertura,43,259.0,205.0,464,78
11995,Con cobertura,44,184.0,196.0,380,78
11996,Con cobertura,45,213.0,168.0,381,78
11997,Con cobertura,46,238.0,208.0,446,78
11998,Con cobertura,47,224.0,208.0,432,78
11999,Con cobertura,48,200.0,169.0,369,78
12000,Con cobertura,49,268.0,203.0,471,78
12001,Con cobertura,50,225.0,119.0,344,78
12002,Con cobertura,51,199.0,159.0,358,78
12003,Con cobertura,52,200.0,136.0,336,78
12004,Con cobertura,53,181.0,103.0,284,78
12005,Con cobertura,54,172.0,124.0,296,78
12006,Con cobertura,55,186.0,124.0,310,78
12007,Con cobertura,56,139.0,150.0,289,78
12008,Con cobertura,57,136.0,132.0,268,78
12009,Con cobertura,58,126.0,66.0,192,78
12010,Con cobertura,59,107.0,83.0,190,78
12011,Con cobertura,60,109.0,64.0,173,78
12012,Con cobertura,61,85.0,87.0,172,78
12013,Con cobertura,62,119.0,77.0,196,78
12014,Con cobertura,63,71.0,44.0,115,78
12015,Con cobertura,64,66.0,71.0,137,78
12016,Con cobertura,65,54.0,55.0,109,78
12017,Con cobertura,66,83.0,38.0,121,78
12018,Con cobertura,67,32.0,30.0,62,78
12019,Con cobertura,68,57.0,23.0,80,78
12020,Con cobertura,69,25.0,12.0,37,78
12021,Con cobertura,70,14.0,30.0,44,78
12022,Con cobertura,71,21.0,32.0,53,78
12023,Con cobertura,72,16.0,15.0,31,78
12024,Con cobertura,73,9.0,17.0,26,78
12025,Con cobertura,74,28.0,19.0,47,78
12026,Con cobertura,75,17.0,19.0,36,78
12027,Con cobertura,76,13.0,8.0,21,78
12028,Con cobertura,77,7.0,26.0,33,78
12029,Con cobertura,78,4.0,30.0,34,78
12030,Con cobertura,79,11.0,5.0,16,78
12031,Con cobertura,80,8.0,9.0,17,78
12032,Con cobertura,81,7.0,10.0,17,78
12033,Con cobertura,82,2.0,0.0,2,78
12034,Con cobertura,83,5.0,4.0,9,78
12035,Con cobertura,84,2.0,4.0,6,78
12036,Con cobertura,85,9.0,2.0,11,78
12037,Con cobertura,86,1.0,2.0,3,78
12038,Con cobertura,87,17.0,3.0,20,78
12039,Con cobertura,88,2.0,1.0,3,78
12040,Con cobertura,89,3.0,10.0,13,78
12041,Con cobertura,90,0.0,6.0,6,78
12042,Con cobertura,91,0.0,2.0,2,78
12043,Con cobertura,93,0.0,9.0,9,78
12044,Con cobertura,94,1.0,1.0,2,78
12047,Con cobertura,0,49.0,39.0,88,78
12048,Con cobertura,1,69.0,52.0,121,78
12049,Con cobertura,2,49.0,68.0,117,78
12050,Con cobertura,3,38.0,63.0,101,78
12051,Con cobertura,4,61.0,54.0,115,78
12052,Con cobertura,5,49.0,38.0,87,78
12053,Con cobertura,6,32.0,63.0,95,78
12054,Con cobertura,7,48.0,50.0,98,78
12055,Con cobertura,8,39.0,16.0,55,78
12056,Con cobertura,9,35.0,18.0,53,78
12057,Con cobertura,10,40.0,39.0,79,78
12058,Con cobertura,11,47.0,34.0,81,78
12059,Con cobertura,12,49.0,58.0,107,78
12060,Con cobertura,13,24.0,40.0,64,78
12061,Con cobertura,14,58.0,62.0,120,78
12062,Con cobertura,15,47.0,46.0,93,78
12063,Con cobertura,16,19.0,70.0,89,78
12064,Con cobertura,17,34.0,38.0,72,78
12065,Con cobertura,18,24.0,21.0,45,78
12066,Con cobertura,19,58.0,24.0,82,78
12067,Con cobertura,20,38.0,68.0,106,78
12068,Con cobertura,21,45.0,59.0,104,78
12069,Con cobertura,22,44.0,41.0,85,78
12070,Con cobertura,23,50.0,51.0,101,78
12071,Con cobertura,24,58.0,49.0,107,78
12072,Con cobertura,25,68.0,73.0,141,78
12073,Con cobertura,26,68.0,83.0,151,78
12074,Con cobertura,27,75.0,115.0,190,78
12075,Con cobertura,28,94.0,54.0,148,78
12076,Con cobertura,29,78.0,88.0,166,78
12077,Con cobertura,30,75.0,67.0,142,78
12078,Con cobertura,31,69.0,78.0,147,78
12079,Con cobertura,32,47.0,72.0,119,78
12080,Con cobertura,33,69.0,48.0,117,78
12081,Con cobertura,34,62.0,59.0,121,78
12082,Con cobertura,35,97.0,62.0,159,78
12083,Con cobertura,36,81.0,57.0,138,78
12084,Con cobertura,37,39.0,37.0,76,78
12085,Con cobertura,38,54.0,44.0,98,78
12086,Con cobertura,39,52.0,36.0,88,78
12087,Con cobertura,40,53.0,39.0,92,78
12088,Con cobertura,41,47.0,30.0,77,78
12089,Con cobertura,42,48.0,71.0,119,78
12090,Con cobertura,43,40.0,44.0,84,78
12091,Con cobertura,44,47.0,59.0,106,78
12092,Con cobertura,45,26.0,32.0,58,78
12093,Con cobertura,46,40.0,50.0,90,78
12094,Con cobertura,47,45.0,23.0,68,78
12095,Con cobertura,48,59.0,35.0,94,78
12096,Con cobertura,49,53.0,23.0,76,78
12097,Con cobertura,50,52.0,39.0,91,78
12098,Con cobertura,51,70.0,38.0,108,78
12099,Con cobertura,52,53.0,48.0,101,78
12100,Con cobertura,53,62.0,25.0,87,78
12101,Con cobertura,54,33.0,41.0,74,78
12102,Con cobertura,55,39.0,38.0,77,78
12103,Con cobertura,56,48.0,21.0,69,78
12104,Con cobertura,57,49.0,45.0,94,78
12105,Con cobertura,58,25.0,34.0,59,78
12106,Con cobertura,59,37.0,19.0,56,78
12107,Con cobertura,60,35.0,27.0,62,78
12108,Con cobertura,61,22.0,21.0,43,78
12109,Con cobertura,62,15.0,6.0,21,78
12110,Con cobertura,63,29.0,28.0,57,78
12111,Con cobertura,64,32.0,29.0,61,78
12112,Con cobertura,65,9.0,13.0,22,78
12113,Con cobertura,66,21.0,17.0,38,78
12114,Con cobertura,67,6.0,5.0,11,78
12115,Con cobertura,68,13.0,1.0,14,78
12116,Con cobertura,69,10.0,16.0,26,78
12117,Con cobertura,70,2.0,9.0,11,78
12118,Con cobertura,71,2.0,1.0,3,78
12119,Con cobertura,72,5.0,9.0,14,78
12120,Con cobertura,73,1.0,3.0,4,78
12121,Con cobertura,74,6.0,17.0,23,78
12122,Con cobertura,75,2.0,6.0,8,78
12123,Con cobertura,76,4.0,5.0,9,78
12124,Con cobertura,77,8.0,3.0,11,78
12125,Con cobertura,78,1.0,1.0,2,78
12126,Con cobertura,79,8.0,0.0,8,78
12127,Con cobertura,81,5.0,1.0,6,78
12128,Con cobertura,82,2.0,1.0,3,78
12129,Con cobertura,83,1.0,1.0,2,78
12130,Con cobertura,84,0.0,3.0,3,78
12131,Con cobertura,85,1.0,0.0,1,78
12132,Con cobertura,87,2.0,0.0,2,78
12133,Con cobertura,88,10.0,2.0,12,78
12134,Con cobertura,90,1.0,1.0,2,78
12137,Con cobertura,0,232.0,216.0,448,78
12138,Con cobertura,1,202.0,249.0,451,78
12139,Con cobertura,2,201.0,196.0,397,78
12140,Con cobertura,3,201.0,185.0,386,78
12141,Con cobertura,4,146.0,158.0,304,78
12142,Con cobertura,5,226.0,175.0,401,78
12143,Con cobertura,6,111.0,168.0,279,78
12144,Con cobertura,7,124.0,115.0,239,78
12145,Con cobertura,8,114.0,153.0,267,78
12146,Con cobertura,9,114.0,89.0,203,78
12147,Con cobertura,10,119.0,91.0,210,78
12148,Con cobertura,11,129.0,109.0,238,78
12149,Con cobertura,12,72.0,106.0,178,78
12150,Con cobertura,13,134.0,92.0,226,78
12151,Con cobertura,14,108.0,101.0,209,78
12152,Con cobertura,15,103.0,91.0,194,78
12153,Con cobertura,16,141.0,135.0,276,78
12154,Con cobertura,17,118.0,122.0,240,78
12155,Con cobertura,18,104.0,88.0,192,78
12156,Con cobertura,19,82.0,130.0,212,78
12157,Con cobertura,20,108.0,158.0,266,78
12158,Con cobertura,21,92.0,201.0,293,78
12159,Con cobertura,22,73.0,127.0,200,78
12160,Con cobertura,23,96.0,195.0,291,78
12161,Con cobertura,24,103.0,168.0,271,78
12162,Con cobertura,25,149.0,194.0,343,78
12163,Con cobertura,26,64.0,139.0,203,78
12164,Con cobertura,27,139.0,189.0,328,78
12165,Con cobertura,28,100.0,137.0,237,78
12166,Con cobertura,29,106.0,128.0,234,78
12167,Con cobertura,30,99.0,125.0,224,78
12168,Con cobertura,31,78.0,157.0,235,78
12169,Con cobertura,32,108.0,109.0,217,78
12170,Con cobertura,33,88.0,102.0,190,78
12171,Con cobertura,34,69.0,104.0,173,78
12172,Con cobertura,35,83.0,84.0,167,78
12173,Con cobertura,36,76.0,86.0,162,78
12174,Con cobertura,37,55.0,91.0,146,78
12175,Con cobertura,38,77.0,58.0,135,78
12176,Con cobertura,39,37.0,66.0,103,78
12177,Con cobertura,40,46.0,90.0,136,78
12178,Con cobertura,41,39.0,48.0,87,78
12179,Con cobertura,42,35.0,37.0,72,78
12180,Con cobertura,43,54.0,51.0,105,78
12181,Con cobertura,44,58.0,51.0,109,78
12182,Con cobertura,45,73.0,81.0,154,78
12183,Con cobertura,46,57.0,61.0,118,78
12184,Con cobertura,47,65.0,33.0,98,78
12185,Con cobertura,48,56.0,87.0,143,78
12186,Con cobertura,49,56.0,67.0,123,78
12187,Con cobertura,50,55.0,63.0,118,78
12188,Con cobertura,51,49.0,50.0,99,78
12189,Con cobertura,52,49.0,120.0,169,78
12190,Con cobertura,53,70.0,49.0,119,78
12191,Con cobertura,54,65.0,48.0,113,78
12192,Con cobertura,55,56.0,63.0,119,78
12193,Con cobertura,56,35.0,68.0,103,78
12194,Con cobertura,57,61.0,82.0,143,78
12195,Con cobertura,58,37.0,52.0,89,78
12196,Con cobertura,59,45.0,44.0,89,78
12197,Con cobertura,60,36.0,72.0,108,78
12198,Con cobertura,61,49.0,56.0,105,78
12199,Con cobertura,62,38.0,32.0,70,78
12200,Con cobertura,63,53.0,27.0,80,78
12201,Con cobertura,64,31.0,22.0,53,78
12202,Con cobertura,65,31.0,14.0,45,78
12203,Con cobertura,66,18.0,8.0,26,78
12204,Con cobertura,67,19.0,24.0,43,78
12205,Con cobertura,68,16.0,16.0,32,78
12206,Con cobertura,69,30.0,11.0,41,78
12207,Con cobertura,70,13.0,12.0,25,78
12208,Con cobertura,71,11.0,7.0,18,78
12209,Con cobertura,72,5.0,13.0,18,78
12210,Con cobertura,73,11.0,10.0,21,78
12211,Con cobertura,74,5.0,14.0,19,78
12212,Con cobertura,75,10.0,15.0,25,78
12213,Con cobertura,76,22.0,15.0,37,78
12214,Con cobertura,77,3.0,4.0,7,78
12215,Con cobertura,78,3.0,3.0,6,78
12216,Con cobertura,79,3.0,18.0,21,78
12217,Con cobertura,80,6.0,10.0,16,78
12218,Con cobertura,81,1.0,17.0,18,78
12219,Con cobertura,82,4.0,0.0,4,78
12220,Con cobertura,83,2.0,4.0,6,78
12221,Con cobertura,84,3.0,3.0,6,78
12222,Con cobertura,85,5.0,5.0,10,78
12223,Con cobertura,86,1.0,0.0,1,78
12224,Con cobertura,87,0.0,1.0,1,78
12225,Con cobertura,88,1.0,1.0,2,78
12226,Con cobertura,89,1.0,0.0,1,78
12227,Con cobertura,90,1.0,3.0,4,78
12228,Con cobertura,92,0.0,1.0,1,78
12229,Con cobertura,96,1.0,0.0,1,78
12230,Con cobertura,97,0.0,1.0,1,78
12231,Con cobertura,100,1.0,0.0,1,78
12234,Sin cobertura,0,488.0,476.0,964,78
12235,Sin cobertura,1,431.0,479.0,910,78
12236,Sin cobertura,2,362.0,502.0,864,78
12237,Sin cobertura,3,440.0,384.0,824,78
12238,Sin cobertura,4,384.0,421.0,805,78
12239,Sin cobertura,5,397.0,311.0,708,78
12240,Sin cobertura,6,381.0,335.0,716,78
12241,Sin cobertura,7,328.0,369.0,697,78
12242,Sin cobertura,8,296.0,321.0,617,78
12243,Sin cobertura,9,336.0,312.0,648,78
12244,Sin cobertura,10,323.0,304.0,627,78
12245,Sin cobertura,11,312.0,308.0,620,78
12246,Sin cobertura,12,290.0,319.0,609,78
12247,Sin cobertura,13,310.0,313.0,623,78
12248,Sin cobertura,14,324.0,345.0,669,78
12249,Sin cobertura,15,323.0,273.0,596,78
12250,Sin cobertura,16,440.0,353.0,793,78
12251,Sin cobertura,17,397.0,287.0,684,78
12252,Sin cobertura,18,552.0,573.0,1125,78
12253,Sin cobertura,19,895.0,656.0,1551,78
12254,Sin cobertura,20,839.0,607.0,1446,78
12255,Sin cobertura,21,898.0,786.0,1684,78
12256,Sin cobertura,22,789.0,707.0,1496,78
12257,Sin cobertura,23,901.0,650.0,1551,78
12258,Sin cobertura,24,595.0,578.0,1173,78
12259,Sin cobertura,25,563.0,507.0,1070,78
12260,Sin cobertura,26,640.0,486.0,1126,78
12261,Sin cobertura,27,548.0,574.0,1122,78
12262,Sin cobertura,28,588.0,510.0,1098,78
12263,Sin cobertura,29,534.0,467.0,1001,78
12264,Sin cobertura,30,505.0,419.0,924,78
12265,Sin cobertura,31,473.0,324.0,797,78
12266,Sin cobertura,32,450.0,375.0,825,78
12267,Sin cobertura,33,492.0,354.0,846,78
12268,Sin cobertura,34,374.0,289.0,663,78
12269,Sin cobertura,35,408.0,311.0,719,78
12270,Sin cobertura,36,328.0,274.0,602,78
12271,Sin cobertura,37,383.0,298.0,681,78
12272,Sin cobertura,38,294.0,273.0,567,78
12273,Sin cobertura,39,308.0,216.0,524,78
12274,Sin cobertura,40,302.0,203.0,505,78
12275,Sin cobertura,41,271.0,212.0,483,78
12276,Sin cobertura,42,279.0,195.0,474,78
12277,Sin cobertura,43,247.0,216.0,463,78
12278,Sin cobertura,44,270.0,156.0,426,78
12279,Sin cobertura,45,253.0,136.0,389,78
12280,Sin cobertura,46,249.0,170.0,419,78
12281,Sin cobertura,47,249.0,168.0,417,78
12282,Sin cobertura,48,249.0,197.0,446,78
12283,Sin cobertura,49,187.0,142.0,329,78
12284,Sin cobertura,50,252.0,180.0,432,78
12285,Sin cobertura,51,212.0,133.0,345,78
12286,Sin cobertura,52,207.0,154.0,361,78
12287,Sin cobertura,53,213.0,178.0,391,78
12288,Sin cobertura,54,222.0,127.0,349,78
12289,Sin cobertura,55,176.0,119.0,295,78
12290,Sin cobertura,56,188.0,118.0,306,78
12291,Sin cobertura,57,199.0,139.0,338,78
12292,Sin cobertura,58,161.0,148.0,309,78
12293,Sin cobertura,59,165.0,104.0,269,78
12294,Sin cobertura,60,194.0,129.0,323,78
12295,Sin cobertura,61,162.0,84.0,246,78
12296,Sin cobertura,62,148.0,40.0,188,78
12297,Sin cobertura,63,115.0,78.0,193,78
12298,Sin cobertura,64,105.0,37.0,142,78
12299,Sin cobertura,65,62.0,68.0,130,78
12300,Sin cobertura,66,86.0,12.0,98,78
12301,Sin cobertura,67,43.0,28.0,71,78
12302,Sin cobertura,68,47.0,48.0,95,78
12303,Sin cobertura,69,34.0,12.0,46,78
12304,Sin cobertura,70,47.0,19.0,66,78
12305,Sin cobertura,71,16.0,7.0,23,78
12306,Sin cobertura,72,23.0,14.0,37,78
12307,Sin cobertura,73,13.0,7.0,20,78
12308,Sin cobertura,74,14.0,14.0,28,78
12309,Sin cobertura,75,23.0,11.0,34,78
12310,Sin cobertura,76,17.0,14.0,31,78
12311,Sin cobertura,77,9.0,7.0,16,78
12312,Sin cobertura,78,14.0,4.0,18,78
12313,Sin cobertura,79,16.0,12.0,28,78
12314,Sin cobertura,80,7.0,3.0,10,78
12315,Sin cobertura,81,4.0,3.0,7,78
12316,Sin cobertura,82,22.0,5.0,27,78
12317,Sin cobertura,83,2.0,12.0,14,78
12318,Sin cobertura,84,7.0,6.0,13,78
12319,Sin cobertura,85,4.0,2.0,6,78
12320,Sin cobertura,86,2.0,9.0,11,78
12321,Sin cobertura,87,2.0,2.0,4,78
12322,Sin cobertura,89,4.0,4.0,8,78
12323,Sin cobertura,90,0.0,4.0,4,78
12324,Sin cobertura,91,1.0,4.0,5,78
12325,Sin cobertura,92,1.0,3.0,4,78
12326,Sin cobertura,93,0.0,1.0,1,78
12327,Sin cobertura,94,0.0,1.0,1,78
12328,Sin cobertura,95,1.0,1.0,2,78
12329,Sin cobertura,97,0.0,1.0,1,78
12330,Sin cobertura,99,1.0,0.0,1,78
12440,Con cobertura,0,9205.0,8741.0,17946,82
12441,Con cobertura,1,9048.0,8875.0,17923,82
12442,Con cobertura,2,8878.0,9010.0,17888,82
12443,Con cobertura,3,8723.0,8567.0,17290,82
12444,Con cobertura,4,9405.0,8886.0,18291,82
12445,Con cobertura,5,9606.0,9090.0,18696,82
12446,Con cobertura,6,9514.0,9836.0,19350,82
12447,Con cobertura,7,10044.0,9661.0,19705,82
12448,Con cobertura,8,9475.0,9151.0,18626,82
12449,Con cobertura,9,9449.0,9194.0,18643,82
12450,Con cobertura,10,9850.0,9552.0,19402,82
12451,Con cobertura,11,9680.0,9697.0,19377,82
12452,Con cobertura,12,9944.0,9584.0,19528,82
12453,Con cobertura,13,10002.0,9700.0,19702,82
12454,Con cobertura,14,10912.0,10234.0,21146,82
12455,Con cobertura,15,10609.0,10229.0,20838,82
12456,Con cobertura,16,10905.0,10248.0,21153,82
12457,Con cobertura,17,10392.0,10659.0,21051,82
12458,Con cobertura,18,10271.0,11101.0,21372,82
12459,Con cobertura,19,10723.0,11238.0,21961,82
12460,Con cobertura,20,10822.0,11287.0,22109,82
12461,Con cobertura,21,8926.0,8736.0,17662,82
12462,Con cobertura,22,9030.0,9225.0,18255,82
12463,Con cobertura,23,9719.0,8990.0,18709,82
12464,Con cobertura,24,9512.0,9446.0,18958,82
12465,Con cobertura,25,9768.0,9103.0,18871,82
12466,Con cobertura,26,9746.0,8858.0,18604,82
12467,Con cobertura,27,9718.0,9567.0,19285,82
12468,Con cobertura,28,9825.0,9867.0,19692,82
12469,Con cobertura,29,9986.0,9916.0,19902,82
12470,Con cobertura,30,10408.0,10659.0,21067,82
12471,Con cobertura,31,10460.0,10811.0,21271,82
12472,Con cobertura,32,9991.0,10306.0,20297,82
12473,Con cobertura,33,10382.0,10610.0,20992,82
12474,Con cobertura,34,9237.0,9482.0,18719,82
12475,Con cobertura,35,9163.0,9674.0,18837,82
12476,Con cobertura,36,8411.0,9086.0,17497,82
12477,Con cobertura,37,8188.0,8889.0,17077,82
12478,Con cobertura,38,8280.0,8522.0,16802,82
12479,Con cobertura,39,8178.0,9080.0,17258,82
12480,Con cobertura,40,8204.0,8835.0,17039,82
12481,Con cobertura,41,8232.0,8687.0,16919,82
12482,Con cobertura,42,7572.0,8355.0,15927,82
12483,Con cobertura,43,7412.0,8119.0,15531,82
12484,Con cobertura,44,8106.0,8307.0,16413,82
12485,Con cobertura,45,7780.0,9022.0,16802,82
12486,Con cobertura,46,7705.0,8620.0,16325,82
12487,Con cobertura,47,7874.0,8727.0,16601,82
12488,Con cobertura,48,7958.0,8614.0,16572,82
12489,Con cobertura,49,7326.0,8528.0,15854,82
12490,Con cobertura,50,7382.0,8738.0,16120,82
12491,Con cobertura,51,7305.0,7885.0,15190,82
12492,Con cobertura,52,6901.0,8101.0,15002,82
12493,Con cobertura,53,7032.0,8205.0,15237,82
12494,Con cobertura,54,6878.0,7877.0,14755,82
12495,Con cobertura,55,6970.0,8080.0,15050,82
12496,Con cobertura,56,7029.0,7764.0,14793,82
12497,Con cobertura,57,6747.0,8471.0,15218,82
12498,Con cobertura,58,6644.0,8625.0,15269,82
12499,Con cobertura,59,6660.0,8313.0,14973,82
12500,Con cobertura,60,6456.0,9359.0,15815,82
12501,Con cobertura,61,6283.0,11050.0,17333,82
12502,Con cobertura,62,6091.0,11025.0,17116,82
12503,Con cobertura,63,6126.0,11236.0,17362,82
12504,Con cobertura,64,6358.0,11548.0,17906,82
12505,Con cobertura,65,7536.0,11475.0,19011,82
12506,Con cobertura,66,8334.0,10665.0,18999,82
12507,Con cobertura,67,8474.0,10520.0,18994,82
12508,Con cobertura,68,7659.0,10389.0,18048,82
12509,Con cobertura,69,7561.0,9590.0,17151,82
12510,Con cobertura,70,7536.0,10468.0,18004,82
12511,Con cobertura,71,6897.0,9442.0,16339,82
12512,Con cobertura,72,6992.0,9490.0,16482,82
12513,Con cobertura,73,6389.0,9316.0,15705,82
12514,Con cobertura,74,6271.0,9020.0,15291,82
12515,Con cobertura,75,5880.0,8889.0,14769,82
12516,Con cobertura,76,5087.0,8064.0,13151,82
12517,Con cobertura,77,4782.0,8176.0,12958,82
12518,Con cobertura,78,4820.0,7687.0,12507,82
12519,Con cobertura,79,4275.0,7483.0,11758,82
12520,Con cobertura,80,4088.0,8113.0,12201,82
12521,Con cobertura,81,3487.0,6714.0,10201,82
12522,Con cobertura,82,3297.0,6097.0,9394,82
12523,Con cobertura,83,2762.0,5659.0,8421,82
12524,Con cobertura,84,2408.0,5225.0,7633,82
12525,Con cobertura,85,2319.0,4929.0,7248,82
12526,Con cobertura,86,1931.0,4283.0,6214,82
12527,Con cobertura,87,1519.0,4042.0,5561,82
12528,Con cobertura,88,1247.0,3177.0,4424,82
12529,Con cobertura,89,830.0,2609.0,3439,82
12530,Con cobertura,90,757.0,2099.0,2856,82
12531,Con cobertura,91,487.0,1611.0,2098,82
12532,Con cobertura,92,344.0,1285.0,1629,82
12533,Con cobertura,93,301.0,1105.0,1406,82
12534,Con cobertura,94,244.0,842.0,1086,82
12535,Con cobertura,95,147.0,553.0,700,82
12536,Con cobertura,96,81.0,416.0,497,82
12537,Con cobertura,97,48.0,307.0,355,82
12538,Con cobertura,98,67.0,183.0,250,82
12539,Con cobertura,99,15.0,157.0,172,82
12540,Con cobertura,100,35.0,101.0,136,82
12541,Con cobertura,101,19.0,39.0,58,82
12542,Con cobertura,102,13.0,32.0,45,82
12543,Con cobertura,103,4.0,35.0,39,82
12544,Con cobertura,104,0.0,2.0,2,82
12545,Con cobertura,105,11.0,14.0,25,82
12546,Con cobertura,106,1.0,0.0,1,82
12547,Con cobertura,107,1.0,1.0,2,82
12548,Con cobertura,108,1.0,0.0,1,82
12549,Con cobertura,110,2.0,1.0,3,82
12552,Con cobertura,0,3301.0,3283.0,6584,82
12553,Con cobertura,1,3572.0,3407.0,6979,82
12554,Con cobertura,2,3624.0,3439.0,7063,82
12555,Con cobertura,3,3451.0,3269.0,6720,82
12556,Con cobertura,4,3555.0,3361.0,6916,82
12557,Con cobertura,5,3178.0,3445.0,6623,82
12558,Con cobertura,6,3319.0,3409.0,6728,82
12559,Con cobertura,7,3187.0,3242.0,6429,82
12560,Con cobertura,8,3363.0,3190.0,6553,82
12561,Con cobertura,9,3147.0,3150.0,6297,82
12562,Con cobertura,10,3265.0,3077.0,6342,82
12563,Con cobertura,11,2874.0,3174.0,6048,82
12564,Con cobertura,12,3053.0,2847.0,5900,82
12565,Con cobertura,13,2954.0,2951.0,5905,82
12566,Con cobertura,14,3345.0,3157.0,6502,82
12567,Con cobertura,15,3095.0,3083.0,6178,82
12568,Con cobertura,16,2936.0,2783.0,5719,82
12569,Con cobertura,17,2996.0,3087.0,6083,82
12570,Con cobertura,18,2982.0,2966.0,5948,82
12571,Con cobertura,19,3314.0,3264.0,6578,82
12572,Con cobertura,20,3436.0,3196.0,6632,82
12573,Con cobertura,21,3009.0,2901.0,5910,82
12574,Con cobertura,22,3030.0,3068.0,6098,82
12575,Con cobertura,23,3628.0,3562.0,7190,82
12576,Con cobertura,24,3874.0,3581.0,7455,82
12577,Con cobertura,25,3850.0,3837.0,7687,82
12578,Con cobertura,26,3858.0,3868.0,7726,82
12579,Con cobertura,27,3942.0,3567.0,7509,82
12580,Con cobertura,28,4277.0,4005.0,8282,82
12581,Con cobertura,29,4323.0,4322.0,8645,82
12582,Con cobertura,30,4434.0,4507.0,8941,82
12583,Con cobertura,31,4149.0,4254.0,8403,82
12584,Con cobertura,32,4275.0,4214.0,8489,82
12585,Con cobertura,33,4357.0,4039.0,8396,82
12586,Con cobertura,34,4013.0,4042.0,8055,82
12587,Con cobertura,35,3726.0,3716.0,7442,82
12588,Con cobertura,36,3387.0,3585.0,6972,82
12589,Con cobertura,37,3497.0,3565.0,7062,82
12590,Con cobertura,38,3245.0,3137.0,6382,82
12591,Con cobertura,39,3299.0,3083.0,6382,82
12592,Con cobertura,40,3204.0,3273.0,6477,82
12593,Con cobertura,41,3067.0,2763.0,5830,82
12594,Con cobertura,42,2691.0,2627.0,5318,82
12595,Con cobertura,43,2527.0,2389.0,4916,82
12596,Con cobertura,44,2656.0,2836.0,5492,82
12597,Con cobertura,45,2786.0,2704.0,5490,82
12598,Con cobertura,46,2582.0,2431.0,5013,82
12599,Con cobertura,47,2601.0,2729.0,5330,82
12600,Con cobertura,48,2619.0,2587.0,5206,82
12601,Con cobertura,49,2373.0,2424.0,4797,82
12602,Con cobertura,50,2446.0,2656.0,5102,82
12603,Con cobertura,51,2255.0,2531.0,4786,82
12604,Con cobertura,52,2301.0,2293.0,4594,82
12605,Con cobertura,53,2428.0,2119.0,4547,82
12606,Con cobertura,54,2337.0,2268.0,4605,82
12607,Con cobertura,55,2383.0,2315.0,4698,82
12608,Con cobertura,56,2163.0,2249.0,4412,82
12609,Con cobertura,57,2127.0,1937.0,4064,82
12610,Con cobertura,58,2122.0,2015.0,4137,82
12611,Con cobertura,59,1964.0,1821.0,3785,82
12612,Con cobertura,60,1859.0,1617.0,3476,82
12613,Con cobertura,61,1599.0,1132.0,2731,82
12614,Con cobertura,62,1508.0,1164.0,2672,82
12615,Con cobertura,63,1436.0,966.0,2402,82
12616,Con cobertura,64,1476.0,798.0,2274,82
12617,Con cobertura,65,1036.0,772.0,1808,82
12618,Con cobertura,66,683.0,658.0,1341,82
12619,Con cobertura,67,559.0,580.0,1139,82
12620,Con cobertura,68,578.0,474.0,1052,82
12621,Con cobertura,69,421.0,544.0,965,82
12622,Con cobertura,70,381.0,467.0,848,82
12623,Con cobertura,71,342.0,362.0,704,82
12624,Con cobertura,72,298.0,429.0,727,82
12625,Con cobertura,73,318.0,395.0,713,82
12626,Con cobertura,74,297.0,330.0,627,82
12627,Con cobertura,75,258.0,317.0,575,82
12628,Con cobertura,76,215.0,380.0,595,82
12629,Con cobertura,77,227.0,319.0,546,82
12630,Con cobertura,78,201.0,321.0,522,82
12631,Con cobertura,79,284.0,293.0,577,82
12632,Con cobertura,80,262.0,224.0,486,82
12633,Con cobertura,81,168.0,213.0,381,82
12634,Con cobertura,82,89.0,258.0,347,82
12635,Con cobertura,83,103.0,215.0,318,82
12636,Con cobertura,84,96.0,205.0,301,82
12637,Con cobertura,85,104.0,131.0,235,82
12638,Con cobertura,86,46.0,146.0,192,82
12639,Con cobertura,87,44.0,111.0,155,82
12640,Con cobertura,88,40.0,59.0,99,82
12641,Con cobertura,89,25.0,59.0,84,82
12642,Con cobertura,90,26.0,62.0,88,82
12643,Con cobertura,91,7.0,63.0,70,82
12644,Con cobertura,92,4.0,25.0,29,82
12645,Con cobertura,93,8.0,34.0,42,82
12646,Con cobertura,94,3.0,21.0,24,82
12647,Con cobertura,95,1.0,8.0,9,82
12648,Con cobertura,96,2.0,11.0,13,82
12649,Con cobertura,97,2.0,31.0,33,82
12650,Con cobertura,98,3.0,7.0,10,82
12651,Con cobertura,99,0.0,2.0,2,82
12652,Con cobertura,100,0.0,10.0,10,82
12653,Con cobertura,101,1.0,0.0,1,82
12654,Con cobertura,107,0.0,1.0,1,82
12655,Con cobertura,109,0.0,1.0,1,82
12658,Con cobertura,0,1616.0,1467.0,3083,82
12659,Con cobertura,1,1663.0,1639.0,3302,82
12660,Con cobertura,2,1632.0,1784.0,3416,82
12661,Con cobertura,3,1614.0,1400.0,3014,82
12662,Con cobertura,4,1503.0,1563.0,3066,82
12663,Con cobertura,5,1533.0,1445.0,2978,82
12664,Con cobertura,6,1603.0,1445.0,3048,82
12665,Con cobertura,7,1585.0,1453.0,3038,82
12666,Con cobertura,8,1375.0,1342.0,2717,82
12667,Con cobertura,9,1483.0,1470.0,2953,82
12668,Con cobertura,10,1457.0,1390.0,2847,82
12669,Con cobertura,11,1391.0,1350.0,2741,82
12670,Con cobertura,12,1506.0,1165.0,2671,82
12671,Con cobertura,13,1411.0,1265.0,2676,82
12672,Con cobertura,14,1383.0,1269.0,2652,82
12673,Con cobertura,15,1284.0,1360.0,2644,82
12674,Con cobertura,16,1505.0,1506.0,3011,82
12675,Con cobertura,17,1368.0,1545.0,2913,82
12676,Con cobertura,18,1494.0,1577.0,3071,82
12677,Con cobertura,19,1725.0,1567.0,3292,82
12678,Con cobertura,20,1488.0,1639.0,3127,82
12679,Con cobertura,21,1732.0,2038.0,3770,82
12680,Con cobertura,22,1700.0,2118.0,3818,82
12681,Con cobertura,23,1852.0,2112.0,3964,82
12682,Con cobertura,24,1828.0,2493.0,4321,82
12683,Con cobertura,25,2049.0,2464.0,4513,82
12684,Con cobertura,26,2017.0,2570.0,4587,82
12685,Con cobertura,27,2134.0,2360.0,4494,82
12686,Con cobertura,28,2281.0,2637.0,4918,82
12687,Con cobertura,29,1972.0,2581.0,4553,82
12688,Con cobertura,30,2263.0,2604.0,4867,82
12689,Con cobertura,31,1946.0,2414.0,4360,82
12690,Con cobertura,32,2003.0,2424.0,4427,82
12691,Con cobertura,33,1997.0,2034.0,4031,82
12692,Con cobertura,34,1984.0,2179.0,4163,82
12693,Con cobertura,35,1896.0,1827.0,3723,82
12694,Con cobertura,36,1889.0,2003.0,3892,82
12695,Con cobertura,37,1631.0,1641.0,3272,82
12696,Con cobertura,38,1643.0,1745.0,3388,82
12697,Con cobertura,39,1571.0,1616.0,3187,82
12698,Con cobertura,40,1587.0,1509.0,3096,82
12699,Con cobertura,41,1591.0,1385.0,2976,82
12700,Con cobertura,42,1407.0,1494.0,2901,82
12701,Con cobertura,43,1511.0,1450.0,2961,82
12702,Con cobertura,44,1514.0,1294.0,2808,82
12703,Con cobertura,45,1389.0,1585.0,2974,82
12704,Con cobertura,46,1476.0,1586.0,3062,82
12705,Con cobertura,47,1480.0,1655.0,3135,82
12706,Con cobertura,48,1463.0,1500.0,2963,82
12707,Con cobertura,49,1552.0,1586.0,3138,82
12708,Con cobertura,50,1423.0,1683.0,3106,82
12709,Con cobertura,51,1455.0,1845.0,3300,82
12710,Con cobertura,52,1453.0,1701.0,3154,82
12711,Con cobertura,53,1626.0,1928.0,3554,82
12712,Con cobertura,54,1631.0,1915.0,3546,82
12713,Con cobertura,55,1601.0,1712.0,3313,82
12714,Con cobertura,56,1514.0,1837.0,3351,82
12715,Con cobertura,57,1583.0,1735.0,3318,82
12716,Con cobertura,58,1596.0,1631.0,3227,82
12717,Con cobertura,59,1500.0,1647.0,3147,82
12718,Con cobertura,60,1625.0,1347.0,2972,82
12719,Con cobertura,61,1202.0,820.0,2022,82
12720,Con cobertura,62,1422.0,823.0,2245,82
12721,Con cobertura,63,1152.0,669.0,1821,82
12722,Con cobertura,64,1024.0,643.0,1667,82
12723,Con cobertura,65,804.0,752.0,1556,82
12724,Con cobertura,66,524.0,470.0,994,82
12725,Con cobertura,67,492.0,529.0,1021,82
12726,Con cobertura,68,452.0,392.0,844,82
12727,Con cobertura,69,394.0,350.0,744,82
12728,Con cobertura,70,373.0,443.0,816,82
12729,Con cobertura,71,366.0,336.0,702,82
12730,Con cobertura,72,320.0,288.0,608,82
12731,Con cobertura,73,278.0,345.0,623,82
12732,Con cobertura,74,270.0,242.0,512,82
12733,Con cobertura,75,214.0,240.0,454,82
12734,Con cobertura,76,166.0,249.0,415,82
12735,Con cobertura,77,185.0,191.0,376,82
12736,Con cobertura,78,143.0,231.0,374,82
12737,Con cobertura,79,121.0,199.0,320,82
12738,Con cobertura,80,165.0,168.0,333,82
12739,Con cobertura,81,109.0,159.0,268,82
12740,Con cobertura,82,77.0,205.0,282,82
12741,Con cobertura,83,81.0,127.0,208,82
12742,Con cobertura,84,77.0,180.0,257,82
12743,Con cobertura,85,71.0,133.0,204,82
12744,Con cobertura,86,39.0,65.0,104,82
12745,Con cobertura,87,37.0,72.0,109,82
12746,Con cobertura,88,22.0,75.0,97,82
12747,Con cobertura,89,55.0,34.0,89,82
12748,Con cobertura,90,70.0,32.0,102,82
12749,Con cobertura,91,6.0,24.0,30,82
12750,Con cobertura,92,6.0,20.0,26,82
12751,Con cobertura,93,4.0,26.0,30,82
12752,Con cobertura,94,2.0,9.0,11,82
12753,Con cobertura,95,3.0,25.0,28,82
12754,Con cobertura,96,3.0,2.0,5,82
12755,Con cobertura,97,0.0,13.0,13,82
12756,Con cobertura,98,10.0,16.0,26,82
12757,Con cobertura,99,0.0,1.0,1,82
12758,Con cobertura,100,0.0,1.0,1,82
12759,Con cobertura,103,0.0,1.0,1,82
12762,Con cobertura,0,427.0,496.0,923,82
12763,Con cobertura,1,545.0,556.0,1101,82
12764,Con cobertura,2,560.0,549.0,1109,82
12765,Con cobertura,3,447.0,514.0,961,82
12766,Con cobertura,4,613.0,505.0,1118,82
12767,Con cobertura,5,437.0,545.0,982,82
12768,Con cobertura,6,594.0,489.0,1083,82
12769,Con cobertura,7,565.0,427.0,992,82
12770,Con cobertura,8,552.0,467.0,1019,82
12771,Con cobertura,9,479.0,488.0,967,82
12772,Con cobertura,10,566.0,529.0,1095,82
12773,Con cobertura,11,552.0,523.0,1075,82
12774,Con cobertura,12,585.0,471.0,1056,82
12775,Con cobertura,13,570.0,550.0,1120,82
12776,Con cobertura,14,595.0,521.0,1116,82
12777,Con cobertura,15,530.0,499.0,1029,82
12778,Con cobertura,16,497.0,478.0,975,82
12779,Con cobertura,17,495.0,471.0,966,82
12780,Con cobertura,18,521.0,465.0,986,82
12781,Con cobertura,19,569.0,523.0,1092,82
12782,Con cobertura,20,500.0,415.0,915,82
12783,Con cobertura,21,568.0,406.0,974,82
12784,Con cobertura,22,645.0,362.0,1007,82
12785,Con cobertura,23,475.0,419.0,894,82
12786,Con cobertura,24,624.0,383.0,1007,82
12787,Con cobertura,25,413.0,434.0,847,82
12788,Con cobertura,26,536.0,368.0,904,82
12789,Con cobertura,27,491.0,423.0,914,82
12790,Con cobertura,28,479.0,421.0,900,82
12791,Con cobertura,29,412.0,335.0,747,82
12792,Con cobertura,30,527.0,425.0,952,82
12793,Con cobertura,31,410.0,487.0,897,82
12794,Con cobertura,32,384.0,444.0,828,82
12795,Con cobertura,33,389.0,373.0,762,82
12796,Con cobertura,34,337.0,334.0,671,82
12797,Con cobertura,35,373.0,313.0,686,82
12798,Con cobertura,36,324.0,408.0,732,82
12799,Con cobertura,37,319.0,397.0,716,82
12800,Con cobertura,38,297.0,365.0,662,82
12801,Con cobertura,39,378.0,364.0,742,82
12802,Con cobertura,40,296.0,433.0,729,82
12803,Con cobertura,41,270.0,346.0,616,82
12804,Con cobertura,42,252.0,279.0,531,82
12805,Con cobertura,43,235.0,339.0,574,82
12806,Con cobertura,44,268.0,330.0,598,82
12807,Con cobertura,45,347.0,353.0,700,82
12808,Con cobertura,46,333.0,373.0,706,82
12809,Con cobertura,47,300.0,286.0,586,82
12810,Con cobertura,48,331.0,479.0,810,82
12811,Con cobertura,49,309.0,351.0,660,82
12812,Con cobertura,50,305.0,314.0,619,82
12813,Con cobertura,51,296.0,332.0,628,82
12814,Con cobertura,52,258.0,293.0,551,82
12815,Con cobertura,53,253.0,318.0,571,82
12816,Con cobertura,54,250.0,319.0,569,82
12817,Con cobertura,55,305.0,288.0,593,82
12818,Con cobertura,56,291.0,290.0,581,82
12819,Con cobertura,57,209.0,320.0,529,82
12820,Con cobertura,58,263.0,249.0,512,82
12821,Con cobertura,59,225.0,291.0,516,82
12822,Con cobertura,60,274.0,296.0,570,82
12823,Con cobertura,61,196.0,213.0,409,82
12824,Con cobertura,62,182.0,139.0,321,82
12825,Con cobertura,63,285.0,238.0,523,82
12826,Con cobertura,64,129.0,105.0,234,82
12827,Con cobertura,65,239.0,103.0,342,82
12828,Con cobertura,66,74.0,121.0,195,82
12829,Con cobertura,67,53.0,77.0,130,82
12830,Con cobertura,68,132.0,77.0,209,82
12831,Con cobertura,69,33.0,105.0,138,82
12832,Con cobertura,70,49.0,89.0,138,82
12833,Con cobertura,71,35.0,58.0,93,82
12834,Con cobertura,72,32.0,80.0,112,82
12835,Con cobertura,73,25.0,95.0,120,82
12836,Con cobertura,74,52.0,42.0,94,82
12837,Con cobertura,75,35.0,63.0,98,82
12838,Con cobertura,76,38.0,54.0,92,82
12839,Con cobertura,77,54.0,85.0,139,82
12840,Con cobertura,78,32.0,48.0,80,82
12841,Con cobertura,79,31.0,62.0,93,82
12842,Con cobertura,80,53.0,62.0,115,82
12843,Con cobertura,81,23.0,59.0,82,82
12844,Con cobertura,82,32.0,41.0,73,82
12845,Con cobertura,83,18.0,51.0,69,82
12846,Con cobertura,84,12.0,26.0,38,82
12847,Con cobertura,85,9.0,80.0,89,82
12848,Con cobertura,86,3.0,40.0,43,82
12849,Con cobertura,87,34.0,16.0,50,82
12850,Con cobertura,88,12.0,14.0,26,82
12851,Con cobertura,89,26.0,10.0,36,82
12852,Con cobertura,90,4.0,9.0,13,82
12853,Con cobertura,91,4.0,10.0,14,82
12854,Con cobertura,92,3.0,4.0,7,82
12855,Con cobertura,93,10.0,12.0,22,82
12856,Con cobertura,94,20.0,11.0,31,82
12857,Con cobertura,95,11.0,3.0,14,82
12858,Con cobertura,96,0.0,1.0,1,82
12859,Con cobertura,97,0.0,12.0,12,82
12860,Con cobertura,98,0.0,2.0,2,82
12861,Con cobertura,100,1.0,2.0,3,82
12862,Con cobertura,101,1.0,0.0,1,82
12863,Con cobertura,110,0.0,1.0,1,82
12866,Sin cobertura,0,10663.0,10163.0,20826,82
12867,Sin cobertura,1,10200.0,10212.0,20412,82
12868,Sin cobertura,2,10612.0,9815.0,20427,82
12869,Sin cobertura,3,10257.0,9848.0,20105,82
12870,Sin cobertura,4,10197.0,9230.0,19427,82
12871,Sin cobertura,5,10059.0,9834.0,19893,82
12872,Sin cobertura,6,10765.0,10493.0,21258,82
12873,Sin cobertura,7,11391.0,10673.0,22064,82
12874,Sin cobertura,8,10821.0,10213.0,21034,82
12875,Sin cobertura,9,10854.0,10268.0,21122,82
12876,Sin cobertura,10,11371.0,11187.0,22558,82
12877,Sin cobertura,11,11030.0,10909.0,21939,82
12878,Sin cobertura,12,11032.0,10762.0,21794,82
12879,Sin cobertura,13,10955.0,10524.0,21479,82
12880,Sin cobertura,14,11855.0,11645.0,23500,82
12881,Sin cobertura,15,11511.0,11836.0,23347,82
12882,Sin cobertura,16,11519.0,11298.0,22817,82
12883,Sin cobertura,17,11409.0,11150.0,22559,82
12884,Sin cobertura,18,11730.0,11823.0,23553,82
12885,Sin cobertura,19,12411.0,12227.0,24638,82
12886,Sin cobertura,20,11597.0,11482.0,23079,82
12887,Sin cobertura,21,12126.0,12438.0,24564,82
12888,Sin cobertura,22,11599.0,11855.0,23454,82
12889,Sin cobertura,23,10856.0,11276.0,22132,82
12890,Sin cobertura,24,10786.0,10745.0,21531,82
12891,Sin cobertura,25,10163.0,10540.0,20703,82
12892,Sin cobertura,26,9273.0,9910.0,19183,82
12893,Sin cobertura,27,9026.0,9115.0,18141,82
12894,Sin cobertura,28,9465.0,9331.0,18796,82
12895,Sin cobertura,29,8719.0,9135.0,17854,82
12896,Sin cobertura,30,8995.0,9136.0,18131,82
12897,Sin cobertura,31,8429.0,8705.0,17134,82
12898,Sin cobertura,32,8251.0,8069.0,16320,82
12899,Sin cobertura,33,7819.0,7973.0,15792,82
12900,Sin cobertura,34,6993.0,6749.0,13742,82
12901,Sin cobertura,35,6903.0,6591.0,13494,82
12902,Sin cobertura,36,6235.0,6250.0,12485,82
12903,Sin cobertura,37,6353.0,6273.0,12626,82
12904,Sin cobertura,38,5935.0,6121.0,12056,82
12905,Sin cobertura,39,5829.0,6229.0,12058,82
12906,Sin cobertura,40,6087.0,5813.0,11900,82
12907,Sin cobertura,41,5306.0,5234.0,10540,82
12908,Sin cobertura,42,5406.0,5332.0,10738,82
12909,Sin cobertura,43,5101.0,5529.0,10630,82
12910,Sin cobertura,44,5151.0,5080.0,10231,82
12911,Sin cobertura,45,5408.0,5184.0,10592,82
12912,Sin cobertura,46,5415.0,5089.0,10504,82
12913,Sin cobertura,47,5088.0,4962.0,10050,82
12914,Sin cobertura,48,4925.0,4920.0,9845,82
12915,Sin cobertura,49,4978.0,4741.0,9719,82
12916,Sin cobertura,50,4991.0,4971.0,9962,82
12917,Sin cobertura,51,4967.0,4619.0,9586,82
12918,Sin cobertura,52,4680.0,4175.0,8855,82
12919,Sin cobertura,53,4672.0,4468.0,9140,82
12920,Sin cobertura,54,4501.0,4050.0,8551,82
12921,Sin cobertura,55,4612.0,3933.0,8545,82
12922,Sin cobertura,56,4601.0,3898.0,8499,82
12923,Sin cobertura,57,4335.0,3549.0,7884,82
12924,Sin cobertura,58,4308.0,3644.0,7952,82
12925,Sin cobertura,59,4138.0,3276.0,7414,82
12926,Sin cobertura,60,3663.0,2847.0,6510,82
12927,Sin cobertura,61,3207.0,1554.0,4761,82
12928,Sin cobertura,62,3395.0,1173.0,4568,82
12929,Sin cobertura,63,2948.0,714.0,3662,82
12930,Sin cobertura,64,2540.0,481.0,3021,82
12931,Sin cobertura,65,1733.0,423.0,2156,82
12932,Sin cobertura,66,750.0,311.0,1061,82
12933,Sin cobertura,67,522.0,300.0,822,82
12934,Sin cobertura,68,433.0,346.0,779,82
12935,Sin cobertura,69,340.0,279.0,619,82
12936,Sin cobertura,70,410.0,275.0,685,82
12937,Sin cobertura,71,171.0,200.0,371,82
12938,Sin cobertura,72,149.0,180.0,329,82
12939,Sin cobertura,73,164.0,153.0,317,82
12940,Sin cobertura,74,178.0,186.0,364,82
12941,Sin cobertura,75,212.0,213.0,425,82
12942,Sin cobertura,76,134.0,114.0,248,82
12943,Sin cobertura,77,123.0,128.0,251,82
12944,Sin cobertura,78,124.0,181.0,305,82
12945,Sin cobertura,79,103.0,119.0,222,82
12946,Sin cobertura,80,89.0,195.0,284,82
12947,Sin cobertura,81,59.0,124.0,183,82
12948,Sin cobertura,82,80.0,87.0,167,82
12949,Sin cobertura,83,58.0,104.0,162,82
12950,Sin cobertura,84,49.0,94.0,143,82
12951,Sin cobertura,85,33.0,61.0,94,82
12952,Sin cobertura,86,28.0,56.0,84,82
12953,Sin cobertura,87,33.0,44.0,77,82
12954,Sin cobertura,88,16.0,56.0,72,82
12955,Sin cobertura,89,18.0,46.0,64,82
12956,Sin cobertura,90,14.0,64.0,78,82
12957,Sin cobertura,91,14.0,17.0,31,82
12958,Sin cobertura,92,9.0,24.0,33,82
12959,Sin cobertura,93,15.0,40.0,55,82
12960,Sin cobertura,94,5.0,6.0,11,82
12961,Sin cobertura,95,0.0,7.0,7,82
12962,Sin cobertura,96,2.0,8.0,10,82
12963,Sin cobertura,97,2.0,2.0,4,82
12964,Sin cobertura,98,3.0,3.0,6,82
12965,Sin cobertura,99,2.0,12.0,14,82
12966,Sin cobertura,100,0.0,11.0,11,82
12967,Sin cobertura,101,0.0,1.0,1,82
12968,Sin cobertura,103,1.0,0.0,1,82
12969,Sin cobertura,107,0.0,1.0,1,82
12970,Sin cobertura,108,1.0,0.0,1,82
12971,Sin cobertura,109,1.0,1.0,2,82
12972,Sin cobertura,110,1.0,1.0,2,82
13091,Con cobertura,0,1702.0,1535.0,3237,86
13092,Con cobertura,1,1619.0,1654.0,3273,86
13093,Con cobertura,2,1900.0,1768.0,3668,86
13094,Con cobertura,3,1758.0,1794.0,3552,86
13095,Con cobertura,4,1867.0,2018.0,3885,86
13096,Con cobertura,5,2189.0,2261.0,4450,86
13097,Con cobertura,6,2293.0,2072.0,4365,86
13098,Con cobertura,7,2193.0,2222.0,4415,86
13099,Con cobertura,8,2433.0,2453.0,4886,86
13100,Con cobertura,9,2445.0,2548.0,4993,86
13101,Con cobertura,10,2742.0,2603.0,5345,86
13102,Con cobertura,11,2737.0,2668.0,5405,86
13103,Con cobertura,12,2799.0,2880.0,5679,86
13104,Con cobertura,13,2829.0,2953.0,5782,86
13105,Con cobertura,14,3026.0,3014.0,6040,86
13106,Con cobertura,15,2898.0,2906.0,5804,86
13107,Con cobertura,16,2997.0,2941.0,5938,86
13108,Con cobertura,17,2828.0,2742.0,5570,86
13109,Con cobertura,18,2384.0,2393.0,4777,86
13110,Con cobertura,19,1879.0,2456.0,4335,86
13111,Con cobertura,20,1648.0,2110.0,3758,86
13112,Con cobertura,21,1223.0,1400.0,2623,86
13113,Con cobertura,22,1320.0,1370.0,2690,86
13114,Con cobertura,23,1159.0,1363.0,2522,86
13115,Con cobertura,24,1273.0,1397.0,2670,86
13116,Con cobertura,25,1098.0,1215.0,2313,86
13117,Con cobertura,26,1290.0,1120.0,2410,86
13118,Con cobertura,27,1231.0,1327.0,2558,86
13119,Con cobertura,28,1559.0,1531.0,3090,86
13120,Con cobertura,29,1494.0,1603.0,3097,86
13121,Con cobertura,30,1752.0,1882.0,3634,86
13122,Con cobertura,31,1798.0,1881.0,3679,86
13123,Con cobertura,32,1664.0,1914.0,3578,86
13124,Con cobertura,33,1755.0,1938.0,3693,86
13125,Con cobertura,34,1794.0,1751.0,3545,86
13126,Con cobertura,35,1715.0,1775.0,3490,86
13127,Con cobertura,36,1599.0,1792.0,3391,86
13128,Con cobertura,37,1566.0,1786.0,3352,86
13129,Con cobertura,38,1530.0,1730.0,3260,86
13130,Con cobertura,39,1511.0,1846.0,3357,86
13131,Con cobertura,40,1343.0,1740.0,3083,86
13132,Con cobertura,41,1332.0,1584.0,2916,86
13133,Con cobertura,42,1384.0,1719.0,3103,86
13134,Con cobertura,43,1282.0,1674.0,2956,86
13135,Con cobertura,44,1402.0,1654.0,3056,86
13136,Con cobertura,45,1444.0,1557.0,3001,86
13137,Con cobertura,46,1398.0,1809.0,3207,86
13138,Con cobertura,47,1563.0,1752.0,3315,86
13139,Con cobertura,48,1548.0,1486.0,3034,86
13140,Con cobertura,49,1468.0,1737.0,3205,86
13141,Con cobertura,50,1425.0,1874.0,3299,86
13142,Con cobertura,51,1457.0,1762.0,3219,86
13143,Con cobertura,52,1460.0,1809.0,3269,86
13144,Con cobertura,53,1421.0,1854.0,3275,86
13145,Con cobertura,54,1403.0,1780.0,3183,86
13146,Con cobertura,55,1425.0,1591.0,3016,86
13147,Con cobertura,56,1226.0,1805.0,3031,86
13148,Con cobertura,57,1260.0,1685.0,2945,86
13149,Con cobertura,58,1373.0,1700.0,3073,86
13150,Con cobertura,59,1341.0,1634.0,2975,86
13151,Con cobertura,60,1271.0,1870.0,3141,86
13152,Con cobertura,61,1241.0,1927.0,3168,86
13153,Con cobertura,62,1109.0,2431.0,3540,86
13154,Con cobertura,63,1055.0,2170.0,3225,86
13155,Con cobertura,64,1135.0,2181.0,3316,86
13156,Con cobertura,65,1287.0,2243.0,3530,86
13157,Con cobertura,66,1696.0,2038.0,3734,86
13158,Con cobertura,67,1669.0,2061.0,3730,86
13159,Con cobertura,68,1650.0,1811.0,3461,86
13160,Con cobertura,69,1542.0,1845.0,3387,86
13161,Con cobertura,70,1775.0,2155.0,3930,86
13162,Con cobertura,71,1533.0,1662.0,3195,86
13163,Con cobertura,72,1436.0,1608.0,3044,86
13164,Con cobertura,73,1232.0,1493.0,2725,86
13165,Con cobertura,74,1264.0,1434.0,2698,86
13166,Con cobertura,75,1049.0,1372.0,2421,86
13167,Con cobertura,76,924.0,1258.0,2182,86
13168,Con cobertura,77,817.0,1051.0,1868,86
13169,Con cobertura,78,912.0,1363.0,2275,86
13170,Con cobertura,79,812.0,1097.0,1909,86
13171,Con cobertura,80,860.0,1213.0,2073,86
13172,Con cobertura,81,655.0,942.0,1597,86
13173,Con cobertura,82,611.0,951.0,1562,86
13174,Con cobertura,83,465.0,829.0,1294,86
13175,Con cobertura,84,404.0,646.0,1050,86
13176,Con cobertura,85,297.0,653.0,950,86
13177,Con cobertura,86,321.0,625.0,946,86
13178,Con cobertura,87,213.0,447.0,660,86
13179,Con cobertura,88,205.0,373.0,578,86
13180,Con cobertura,89,202.0,339.0,541,86
13181,Con cobertura,90,123.0,387.0,510,86
13182,Con cobertura,91,73.0,189.0,262,86
13183,Con cobertura,92,72.0,188.0,260,86
13184,Con cobertura,93,63.0,132.0,195,86
13185,Con cobertura,94,48.0,132.0,180,86
13186,Con cobertura,95,28.0,90.0,118,86
13187,Con cobertura,96,23.0,47.0,70,86
13188,Con cobertura,97,10.0,27.0,37,86
13189,Con cobertura,98,3.0,23.0,26,86
13190,Con cobertura,99,2.0,16.0,18,86
13191,Con cobertura,100,13.0,8.0,21,86
13192,Con cobertura,101,1.0,24.0,25,86
13193,Con cobertura,102,1.0,3.0,4,86
13194,Con cobertura,103,2.0,1.0,3,86
13195,Con cobertura,104,3.0,1.0,4,86
13196,Con cobertura,105,1.0,2.0,3,86
13197,Con cobertura,106,1.0,0.0,1,86
13198,Con cobertura,107,1.0,0.0,1,86
13199,Con cobertura,108,0.0,1.0,1,86
13200,Con cobertura,109,0.0,1.0,1,86
13201,Con cobertura,110,0.0,2.0,2,86
13204,Con cobertura,0,361.0,430.0,791,86
13205,Con cobertura,1,400.0,422.0,822,86
13206,Con cobertura,2,518.0,389.0,907,86
13207,Con cobertura,3,407.0,397.0,804,86
13208,Con cobertura,4,374.0,400.0,774,86
13209,Con cobertura,5,593.0,499.0,1092,86
13210,Con cobertura,6,517.0,452.0,969,86
13211,Con cobertura,7,476.0,483.0,959,86
13212,Con cobertura,8,440.0,600.0,1040,86
13213,Con cobertura,9,498.0,572.0,1070,86
13214,Con cobertura,10,512.0,495.0,1007,86
13215,Con cobertura,11,487.0,598.0,1085,86
13216,Con cobertura,12,555.0,580.0,1135,86
13217,Con cobertura,13,560.0,591.0,1151,86
13218,Con cobertura,14,526.0,605.0,1131,86
13219,Con cobertura,15,567.0,585.0,1152,86
13220,Con cobertura,16,505.0,573.0,1078,86
13221,Con cobertura,17,554.0,548.0,1102,86
13222,Con cobertura,18,426.0,384.0,810,86
13223,Con cobertura,19,340.0,447.0,787,86
13224,Con cobertura,20,359.0,445.0,804,86
13225,Con cobertura,21,308.0,274.0,582,86
13226,Con cobertura,22,250.0,240.0,490,86
13227,Con cobertura,23,343.0,220.0,563,86
13228,Con cobertura,24,320.0,362.0,682,86
13229,Con cobertura,25,313.0,259.0,572,86
13230,Con cobertura,26,322.0,386.0,708,86
13231,Con cobertura,27,348.0,338.0,686,86
13232,Con cobertura,28,382.0,331.0,713,86
13233,Con cobertura,29,500.0,327.0,827,86
13234,Con cobertura,30,486.0,425.0,911,86
13235,Con cobertura,31,562.0,475.0,1037,86
13236,Con cobertura,32,502.0,435.0,937,86
13237,Con cobertura,33,419.0,398.0,817,86
13238,Con cobertura,34,469.0,404.0,873,86
13239,Con cobertura,35,403.0,358.0,761,86
13240,Con cobertura,36,382.0,402.0,784,86
13241,Con cobertura,37,361.0,421.0,782,86
13242,Con cobertura,38,463.0,320.0,783,86
13243,Con cobertura,39,320.0,306.0,626,86
13244,Con cobertura,40,371.0,318.0,689,86
13245,Con cobertura,41,390.0,298.0,688,86
13246,Con cobertura,42,318.0,289.0,607,86
13247,Con cobertura,43,290.0,331.0,621,86
13248,Con cobertura,44,292.0,307.0,599,86
13249,Con cobertura,45,168.0,224.0,392,86
13250,Con cobertura,46,352.0,307.0,659,86
13251,Con cobertura,47,305.0,252.0,557,86
13252,Con cobertura,48,344.0,339.0,683,86
13253,Con cobertura,49,264.0,223.0,487,86
13254,Con cobertura,50,269.0,347.0,616,86
13255,Con cobertura,51,224.0,292.0,516,86
13256,Con cobertura,52,283.0,295.0,578,86
13257,Con cobertura,53,228.0,350.0,578,86
13258,Con cobertura,54,264.0,318.0,582,86
13259,Con cobertura,55,284.0,265.0,549,86
13260,Con cobertura,56,352.0,298.0,650,86
13261,Con cobertura,57,270.0,270.0,540,86
13262,Con cobertura,58,283.0,254.0,537,86
13263,Con cobertura,59,255.0,242.0,497,86
13264,Con cobertura,60,225.0,216.0,441,86
13265,Con cobertura,61,204.0,114.0,318,86
13266,Con cobertura,62,141.0,135.0,276,86
13267,Con cobertura,63,169.0,101.0,270,86
13268,Con cobertura,64,138.0,103.0,241,86
13269,Con cobertura,65,107.0,53.0,160,86
13270,Con cobertura,66,52.0,57.0,109,86
13271,Con cobertura,67,56.0,70.0,126,86
13272,Con cobertura,68,94.0,45.0,139,86
13273,Con cobertura,69,59.0,32.0,91,86
13274,Con cobertura,70,66.0,71.0,137,86
13275,Con cobertura,71,45.0,64.0,109,86
13276,Con cobertura,72,38.0,62.0,100,86
13277,Con cobertura,73,35.0,76.0,111,86
13278,Con cobertura,74,65.0,74.0,139,86
13279,Con cobertura,75,51.0,57.0,108,86
13280,Con cobertura,76,43.0,42.0,85,86
13281,Con cobertura,77,32.0,36.0,68,86
13282,Con cobertura,78,36.0,35.0,71,86
13283,Con cobertura,79,10.0,44.0,54,86
13284,Con cobertura,80,14.0,40.0,54,86
13285,Con cobertura,81,19.0,52.0,71,86
13286,Con cobertura,82,9.0,31.0,40,86
13287,Con cobertura,83,6.0,35.0,41,86
13288,Con cobertura,84,6.0,15.0,21,86
13289,Con cobertura,85,2.0,15.0,17,86
13290,Con cobertura,86,4.0,28.0,32,86
13291,Con cobertura,87,2.0,7.0,9,86
13292,Con cobertura,88,7.0,5.0,12,86
13293,Con cobertura,89,1.0,4.0,5,86
13294,Con cobertura,90,3.0,9.0,12,86
13295,Con cobertura,91,9.0,6.0,15,86
13296,Con cobertura,92,10.0,13.0,23,86
13297,Con cobertura,93,1.0,12.0,13,86
13298,Con cobertura,94,2.0,2.0,4,86
13299,Con cobertura,95,0.0,1.0,1,86
13300,Con cobertura,96,0.0,1.0,1,86
13301,Con cobertura,98,0.0,3.0,3,86
13302,Con cobertura,99,1.0,0.0,1,86
13303,Con cobertura,107,1.0,0.0,1,86
13306,Con cobertura,0,173.0,224.0,397,86
13307,Con cobertura,1,194.0,196.0,390,86
13308,Con cobertura,2,110.0,179.0,289,86
13309,Con cobertura,3,205.0,147.0,352,86
13310,Con cobertura,4,197.0,174.0,371,86
13311,Con cobertura,5,276.0,150.0,426,86
13312,Con cobertura,6,141.0,118.0,259,86
13313,Con cobertura,7,216.0,184.0,400,86
13314,Con cobertura,8,192.0,158.0,350,86
13315,Con cobertura,9,147.0,234.0,381,86
13316,Con cobertura,10,299.0,125.0,424,86
13317,Con cobertura,11,223.0,258.0,481,86
13318,Con cobertura,12,165.0,252.0,417,86
13319,Con cobertura,13,197.0,190.0,387,86
13320,Con cobertura,14,212.0,196.0,408,86
13321,Con cobertura,15,149.0,195.0,344,86
13322,Con cobertura,16,149.0,158.0,307,86
13323,Con cobertura,17,199.0,213.0,412,86
13324,Con cobertura,18,206.0,192.0,398,86
13325,Con cobertura,19,135.0,240.0,375,86
13326,Con cobertura,20,235.0,158.0,393,86
13327,Con cobertura,21,171.0,186.0,357,86
13328,Con cobertura,22,141.0,108.0,249,86
13329,Con cobertura,23,119.0,160.0,279,86
13330,Con cobertura,24,136.0,243.0,379,86
13331,Con cobertura,25,170.0,130.0,300,86
13332,Con cobertura,26,192.0,210.0,402,86
13333,Con cobertura,27,186.0,270.0,456,86
13334,Con cobertura,28,186.0,316.0,502,86
13335,Con cobertura,29,173.0,232.0,405,86
13336,Con cobertura,30,240.0,175.0,415,86
13337,Con cobertura,31,255.0,277.0,532,86
13338,Con cobertura,32,169.0,180.0,349,86
13339,Con cobertura,33,177.0,260.0,437,86
13340,Con cobertura,34,194.0,163.0,357,86
13341,Con cobertura,35,194.0,211.0,405,86
13342,Con cobertura,36,148.0,141.0,289,86
13343,Con cobertura,37,161.0,123.0,284,86
13344,Con cobertura,38,154.0,171.0,325,86
13345,Con cobertura,39,166.0,210.0,376,86
13346,Con cobertura,40,103.0,193.0,296,86
13347,Con cobertura,41,210.0,176.0,386,86
13348,Con cobertura,42,182.0,171.0,353,86
13349,Con cobertura,43,114.0,113.0,227,86
13350,Con cobertura,44,98.0,103.0,201,86
13351,Con cobertura,45,130.0,131.0,261,86
13352,Con cobertura,46,78.0,123.0,201,86
13353,Con cobertura,47,132.0,93.0,225,86
13354,Con cobertura,48,87.0,62.0,149,86
13355,Con cobertura,49,91.0,113.0,204,86
13356,Con cobertura,50,102.0,83.0,185,86
13357,Con cobertura,51,97.0,82.0,179,86
13358,Con cobertura,52,115.0,126.0,241,86
13359,Con cobertura,53,91.0,161.0,252,86
13360,Con cobertura,54,74.0,87.0,161,86
13361,Con cobertura,55,86.0,92.0,178,86
13362,Con cobertura,56,84.0,125.0,209,86
13363,Con cobertura,57,112.0,76.0,188,86
13364,Con cobertura,58,65.0,110.0,175,86
13365,Con cobertura,59,50.0,113.0,163,86
13366,Con cobertura,60,65.0,62.0,127,86
13367,Con cobertura,61,50.0,31.0,81,86
13368,Con cobertura,62,78.0,51.0,129,86
13369,Con cobertura,63,66.0,31.0,97,86
13370,Con cobertura,64,26.0,13.0,39,86
13371,Con cobertura,65,57.0,7.0,64,86
13372,Con cobertura,66,30.0,18.0,48,86
13373,Con cobertura,67,12.0,6.0,18,86
13374,Con cobertura,68,10.0,16.0,26,86
13375,Con cobertura,69,4.0,7.0,11,86
13376,Con cobertura,70,17.0,20.0,37,86
13377,Con cobertura,71,7.0,18.0,25,86
13378,Con cobertura,72,18.0,13.0,31,86
13379,Con cobertura,73,4.0,4.0,8,86
13380,Con cobertura,74,17.0,7.0,24,86
13381,Con cobertura,75,9.0,16.0,25,86
13382,Con cobertura,76,3.0,6.0,9,86
13383,Con cobertura,77,3.0,4.0,7,86
13384,Con cobertura,78,0.0,4.0,4,86
13385,Con cobertura,79,1.0,12.0,13,86
13386,Con cobertura,80,1.0,3.0,4,86
13387,Con cobertura,81,3.0,2.0,5,86
13388,Con cobertura,82,1.0,12.0,13,86
13389,Con cobertura,83,2.0,3.0,5,86
13390,Con cobertura,84,3.0,0.0,3,86
13391,Con cobertura,85,2.0,0.0,2,86
13392,Con cobertura,86,3.0,4.0,7,86
13393,Con cobertura,87,2.0,2.0,4,86
13394,Con cobertura,88,0.0,2.0,2,86
13395,Con cobertura,95,1.0,0.0,1,86
13396,Con cobertura,100,0.0,1.0,1,86
13397,Con cobertura,110,0.0,1.0,1,86
13400,Con cobertura,0,359.0,404.0,763,86
13401,Con cobertura,1,434.0,469.0,903,86
13402,Con cobertura,2,407.0,391.0,798,86
13403,Con cobertura,3,381.0,305.0,686,86
13404,Con cobertura,4,377.0,388.0,765,86
13405,Con cobertura,5,363.0,344.0,707,86
13406,Con cobertura,6,248.0,227.0,475,86
13407,Con cobertura,7,187.0,185.0,372,86
13408,Con cobertura,8,302.0,211.0,513,86
13409,Con cobertura,9,259.0,184.0,443,86
13410,Con cobertura,10,259.0,277.0,536,86
13411,Con cobertura,11,200.0,241.0,441,86
13412,Con cobertura,12,227.0,235.0,462,86
13413,Con cobertura,13,235.0,253.0,488,86
13414,Con cobertura,14,240.0,271.0,511,86
13415,Con cobertura,15,265.0,247.0,512,86
13416,Con cobertura,16,229.0,243.0,472,86
13417,Con cobertura,17,173.0,186.0,359,86
13418,Con cobertura,18,135.0,139.0,274,86
13419,Con cobertura,19,97.0,119.0,216,86
13420,Con cobertura,20,72.0,110.0,182,86
13421,Con cobertura,21,60.0,86.0,146,86
13422,Con cobertura,22,48.0,70.0,118,86
13423,Con cobertura,23,47.0,62.0,109,86
13424,Con cobertura,24,57.0,74.0,131,86
13425,Con cobertura,25,62.0,71.0,133,86
13426,Con cobertura,26,98.0,60.0,158,86
13427,Con cobertura,27,85.0,66.0,151,86
13428,Con cobertura,28,46.0,68.0,114,86
13429,Con cobertura,29,59.0,99.0,158,86
13430,Con cobertura,30,102.0,140.0,242,86
13431,Con cobertura,31,52.0,100.0,152,86
13432,Con cobertura,32,63.0,157.0,220,86
13433,Con cobertura,33,43.0,88.0,131,86
13434,Con cobertura,34,75.0,123.0,198,86
13435,Con cobertura,35,53.0,93.0,146,86
13436,Con cobertura,36,114.0,152.0,266,86
13437,Con cobertura,37,73.0,122.0,195,86
13438,Con cobertura,38,82.0,122.0,204,86
13439,Con cobertura,39,55.0,147.0,202,86
13440,Con cobertura,40,67.0,172.0,239,86
13441,Con cobertura,41,69.0,138.0,207,86
13442,Con cobertura,42,52.0,155.0,207,86
13443,Con cobertura,43,85.0,188.0,273,86
13444,Con cobertura,44,60.0,117.0,177,86
13445,Con cobertura,45,72.0,179.0,251,86
13446,Con cobertura,46,70.0,166.0,236,86
13447,Con cobertura,47,81.0,193.0,274,86
13448,Con cobertura,48,65.0,145.0,210,86
13449,Con cobertura,49,104.0,166.0,270,86
13450,Con cobertura,50,115.0,202.0,317,86
13451,Con cobertura,51,58.0,190.0,248,86
13452,Con cobertura,52,85.0,208.0,293,86
13453,Con cobertura,53,84.0,240.0,324,86
13454,Con cobertura,54,141.0,188.0,329,86
13455,Con cobertura,55,76.0,206.0,282,86
13456,Con cobertura,56,83.0,246.0,329,86
13457,Con cobertura,57,83.0,189.0,272,86
13458,Con cobertura,58,122.0,236.0,358,86
13459,Con cobertura,59,114.0,127.0,241,86
13460,Con cobertura,60,151.0,150.0,301,86
13461,Con cobertura,61,100.0,105.0,205,86
13462,Con cobertura,62,96.0,105.0,201,86
13463,Con cobertura,63,68.0,70.0,138,86
13464,Con cobertura,64,64.0,68.0,132,86
13465,Con cobertura,65,59.0,54.0,113,86
13466,Con cobertura,66,56.0,44.0,100,86
13467,Con cobertura,67,48.0,55.0,103,86
13468,Con cobertura,68,41.0,78.0,119,86
13469,Con cobertura,69,21.0,36.0,57,86
13470,Con cobertura,70,19.0,38.0,57,86
13471,Con cobertura,71,43.0,51.0,94,86
13472,Con cobertura,72,10.0,58.0,68,86
13473,Con cobertura,73,24.0,24.0,48,86
13474,Con cobertura,74,7.0,33.0,40,86
13475,Con cobertura,75,26.0,44.0,70,86
13476,Con cobertura,76,17.0,69.0,86,86
13477,Con cobertura,77,17.0,28.0,45,86
13478,Con cobertura,78,11.0,25.0,36,86
13479,Con cobertura,79,18.0,16.0,34,86
13480,Con cobertura,80,17.0,21.0,38,86
13481,Con cobertura,81,12.0,20.0,32,86
13482,Con cobertura,82,29.0,26.0,55,86
13483,Con cobertura,83,12.0,25.0,37,86
13484,Con cobertura,84,7.0,14.0,21,86
13485,Con cobertura,85,9.0,44.0,53,86
13486,Con cobertura,86,4.0,20.0,24,86
13487,Con cobertura,87,8.0,17.0,25,86
13488,Con cobertura,88,7.0,11.0,18,86
13489,Con cobertura,89,3.0,9.0,12,86
13490,Con cobertura,90,11.0,13.0,24,86
13491,Con cobertura,91,2.0,4.0,6,86
13492,Con cobertura,92,2.0,9.0,11,86
13493,Con cobertura,93,2.0,6.0,8,86
13494,Con cobertura,94,0.0,3.0,3,86
13495,Con cobertura,95,1.0,2.0,3,86
13496,Con cobertura,96,0.0,1.0,1,86
13497,Con cobertura,97,1.0,0.0,1,86
13498,Con cobertura,98,0.0,2.0,2,86
13499,Con cobertura,99,0.0,2.0,2,86
13500,Con cobertura,100,1.0,0.0,1,86
13503,Sin cobertura,0,6149.0,6195.0,12344,86
13504,Sin cobertura,1,6297.0,6266.0,12563,86
13505,Sin cobertura,2,5760.0,5510.0,11270,86
13506,Sin cobertura,3,5457.0,5238.0,10695,86
13507,Sin cobertura,4,5459.0,5304.0,10763,86
13508,Sin cobertura,5,5697.0,5917.0,11614,86
13509,Sin cobertura,6,6045.0,5770.0,11815,86
13510,Sin cobertura,7,6002.0,5917.0,11919,86
13511,Sin cobertura,8,6072.0,5769.0,11841,86
13512,Sin cobertura,9,5955.0,5808.0,11763,86
13513,Sin cobertura,10,6739.0,6184.0,12923,86
13514,Sin cobertura,11,6345.0,6100.0,12445,86
13515,Sin cobertura,12,6241.0,5833.0,12074,86
13516,Sin cobertura,13,5920.0,5519.0,11439,86
13517,Sin cobertura,14,6582.0,6206.0,12788,86
13518,Sin cobertura,15,5848.0,5799.0,11647,86
13519,Sin cobertura,16,5417.0,5393.0,10810,86
13520,Sin cobertura,17,5328.0,5153.0,10481,86
13521,Sin cobertura,18,5788.0,5688.0,11476,86
13522,Sin cobertura,19,5876.0,5338.0,11214,86
13523,Sin cobertura,20,5461.0,4654.0,10115,86
13524,Sin cobertura,21,5246.0,5061.0,10307,86
13525,Sin cobertura,22,5339.0,4814.0,10153,86
13526,Sin cobertura,23,4699.0,4968.0,9667,86
13527,Sin cobertura,24,4934.0,4761.0,9695,86
13528,Sin cobertura,25,4520.0,4929.0,9449,86
13529,Sin cobertura,26,4343.0,4568.0,8911,86
13530,Sin cobertura,27,4416.0,4159.0,8575,86
13531,Sin cobertura,28,4506.0,4941.0,9447,86
13532,Sin cobertura,29,4187.0,4493.0,8680,86
13533,Sin cobertura,30,4649.0,4874.0,9523,86
13534,Sin cobertura,31,3802.0,4026.0,7828,86
13535,Sin cobertura,32,3825.0,3821.0,7646,86
13536,Sin cobertura,33,3587.0,3764.0,7351,86
13537,Sin cobertura,34,3413.0,3565.0,6978,86
13538,Sin cobertura,35,3661.0,3320.0,6981,86
13539,Sin cobertura,36,3188.0,2946.0,6134,86
13540,Sin cobertura,37,3001.0,2865.0,5866,86
13541,Sin cobertura,38,2892.0,2749.0,5641,86
13542,Sin cobertura,39,2774.0,2467.0,5241,86
13543,Sin cobertura,40,2968.0,2405.0,5373,86
13544,Sin cobertura,41,2285.0,2045.0,4330,86
13545,Sin cobertura,42,2493.0,2206.0,4699,86
13546,Sin cobertura,43,2498.0,1964.0,4462,86
13547,Sin cobertura,44,2042.0,1942.0,3984,86
13548,Sin cobertura,45,2383.0,2149.0,4532,86
13549,Sin cobertura,46,2170.0,1929.0,4099,86
13550,Sin cobertura,47,1999.0,1717.0,3716,86
13551,Sin cobertura,48,2130.0,1887.0,4017,86
13552,Sin cobertura,49,1979.0,1717.0,3696,86
13553,Sin cobertura,50,2129.0,1809.0,3938,86
13554,Sin cobertura,51,1838.0,1520.0,3358,86
13555,Sin cobertura,52,1815.0,1403.0,3218,86
13556,Sin cobertura,53,1963.0,1361.0,3324,86
13557,Sin cobertura,54,1693.0,1445.0,3138,86
13558,Sin cobertura,55,1941.0,1375.0,3316,86
13559,Sin cobertura,56,1808.0,1303.0,3111,86
13560,Sin cobertura,57,1783.0,1075.0,2858,86
13561,Sin cobertura,58,1677.0,1088.0,2765,86
13562,Sin cobertura,59,1560.0,1070.0,2630,86
13563,Sin cobertura,60,1617.0,1299.0,2916,86
13564,Sin cobertura,61,1257.0,590.0,1847,86
13565,Sin cobertura,62,1198.0,438.0,1636,86
13566,Sin cobertura,63,1142.0,296.0,1438,86
13567,Sin cobertura,64,1067.0,200.0,1267,86
13568,Sin cobertura,65,879.0,172.0,1051,86
13569,Sin cobertura,66,450.0,211.0,661,86
13570,Sin cobertura,67,289.0,161.0,450,86
13571,Sin cobertura,68,201.0,131.0,332,86
13572,Sin cobertura,69,195.0,155.0,350,86
13573,Sin cobertura,70,209.0,221.0,430,86
13574,Sin cobertura,71,131.0,113.0,244,86
13575,Sin cobertura,72,123.0,126.0,249,86
13576,Sin cobertura,73,106.0,117.0,223,86
13577,Sin cobertura,74,107.0,120.0,227,86
13578,Sin cobertura,75,126.0,110.0,236,86
13579,Sin cobertura,76,108.0,108.0,216,86
13580,Sin cobertura,77,87.0,99.0,186,86
13581,Sin cobertura,78,94.0,112.0,206,86
13582,Sin cobertura,79,94.0,85.0,179,86
13583,Sin cobertura,80,86.0,62.0,148,86
13584,Sin cobertura,81,48.0,64.0,112,86
13585,Sin cobertura,82,54.0,58.0,112,86
13586,Sin cobertura,83,42.0,52.0,94,86
13587,Sin cobertura,84,38.0,45.0,83,86
13588,Sin cobertura,85,25.0,63.0,88,86
13589,Sin cobertura,86,17.0,37.0,54,86
13590,Sin cobertura,87,27.0,32.0,59,86
13591,Sin cobertura,88,19.0,29.0,48,86
13592,Sin cobertura,89,12.0,20.0,32,86
13593,Sin cobertura,90,18.0,27.0,45,86
13594,Sin cobertura,91,10.0,14.0,24,86
13595,Sin cobertura,92,7.0,9.0,16,86
13596,Sin cobertura,93,8.0,6.0,14,86
13597,Sin cobertura,94,7.0,4.0,11,86
13598,Sin cobertura,95,4.0,9.0,13,86
13599,Sin cobertura,96,3.0,3.0,6,86
13600,Sin cobertura,97,1.0,4.0,5,86
13601,Sin cobertura,98,2.0,5.0,7,86
13602,Sin cobertura,99,2.0,3.0,5,86
13603,Sin cobertura,100,3.0,1.0,4,86
13604,Sin cobertura,101,0.0,1.0,1,86
13605,Sin cobertura,102,1.0,2.0,3,86
13606,Sin cobertura,103,3.0,0.0,3,86
13607,Sin cobertura,104,1.0,0.0,1,86
13608,Sin cobertura,105,1.0,0.0,1,86
13609,Sin cobertura,106,1.0,0.0,1,86
13610,Sin cobertura,108,1.0,0.0,1,86
13611,Sin cobertura,109,1.0,1.0,2,86
13612,Sin cobertura,110,2.0,2.0,4,86
13731,Con cobertura,0,4306.0,4528.0,8834,90
13732,Con cobertura,1,4488.0,4428.0,8916,90
13733,Con cobertura,2,4760.0,4818.0,9578,90
13734,Con cobertura,3,4514.0,4438.0,8952,90
13735,Con cobertura,4,4677.0,4719.0,9396,90
13736,Con cobertura,5,4652.0,5115.0,9767,90
13737,Con cobertura,6,4993.0,5004.0,9997,90
13738,Con cobertura,7,5495.0,5257.0,10752,90
13739,Con cobertura,8,5549.0,5526.0,11075,90
13740,Con cobertura,9,5285.0,5655.0,10940,90
13741,Con cobertura,10,5621.0,5676.0,11297,90
13742,Con cobertura,11,5750.0,5639.0,11389,90
13743,Con cobertura,12,5568.0,5260.0,10828,90
13744,Con cobertura,13,5696.0,5205.0,10901,90
13745,Con cobertura,14,6054.0,6241.0,12295,90
13746,Con cobertura,15,5890.0,6057.0,11947,90
13747,Con cobertura,16,5501.0,5633.0,11134,90
13748,Con cobertura,17,5951.0,5970.0,11921,90
13749,Con cobertura,18,5669.0,5941.0,11610,90
13750,Con cobertura,19,5329.0,5710.0,11039,90
13751,Con cobertura,20,4848.0,5493.0,10341,90
13752,Con cobertura,21,3615.0,3646.0,7261,90
13753,Con cobertura,22,3801.0,4077.0,7878,90
13754,Con cobertura,23,3865.0,4122.0,7987,90
13755,Con cobertura,24,3915.0,4304.0,8219,90
13756,Con cobertura,25,3472.0,4100.0,7572,90
13757,Con cobertura,26,3483.0,3780.0,7263,90
13758,Con cobertura,27,3966.0,3955.0,7921,90
13759,Con cobertura,28,4134.0,4485.0,8619,90
13760,Con cobertura,29,4263.0,4713.0,8976,90
13761,Con cobertura,30,4524.0,4395.0,8919,90
13762,Con cobertura,31,4776.0,4781.0,9557,90
13763,Con cobertura,32,4648.0,5295.0,9943,90
13764,Con cobertura,33,4136.0,4703.0,8839,90
13765,Con cobertura,34,4012.0,4061.0,8073,90
13766,Con cobertura,35,3829.0,4495.0,8324,90
13767,Con cobertura,36,3623.0,4127.0,7750,90
13768,Con cobertura,37,3879.0,3800.0,7679,90
13769,Con cobertura,38,3320.0,3931.0,7251,90
13770,Con cobertura,39,3667.0,4220.0,7887,90
13771,Con cobertura,40,3501.0,3601.0,7102,90
13772,Con cobertura,41,3104.0,3899.0,7003,90
13773,Con cobertura,42,2925.0,3365.0,6290,90
13774,Con cobertura,43,3046.0,3612.0,6658,90
13775,Con cobertura,44,2965.0,3451.0,6416,90
13776,Con cobertura,45,3336.0,3597.0,6933,90
13777,Con cobertura,46,3136.0,3641.0,6777,90
13778,Con cobertura,47,3433.0,3659.0,7092,90
13779,Con cobertura,48,3390.0,3547.0,6937,90
13780,Con cobertura,49,2990.0,3473.0,6463,90
13781,Con cobertura,50,3206.0,3602.0,6808,90
13782,Con cobertura,51,3091.0,3755.0,6846,90
13783,Con cobertura,52,3164.0,3552.0,6716,90
13784,Con cobertura,53,3170.0,3879.0,7049,90
13785,Con cobertura,54,3134.0,3889.0,7023,90
13786,Con cobertura,55,3157.0,3661.0,6818,90
13787,Con cobertura,56,3007.0,3645.0,6652,90
13788,Con cobertura,57,2885.0,3408.0,6293,90
13789,Con cobertura,58,2914.0,3494.0,6408,90
13790,Con cobertura,59,3008.0,3728.0,6736,90
13791,Con cobertura,60,2986.0,3780.0,6766,90
13792,Con cobertura,61,2720.0,3780.0,6500,90
13793,Con cobertura,62,2571.0,4271.0,6842,90
13794,Con cobertura,63,2598.0,4139.0,6737,90
13795,Con cobertura,64,2445.0,3682.0,6127,90
13796,Con cobertura,65,2341.0,4242.0,6583,90
13797,Con cobertura,66,2678.0,3631.0,6309,90
13798,Con cobertura,67,2945.0,3788.0,6733,90
13799,Con cobertura,68,3020.0,3520.0,6540,90
13800,Con cobertura,69,2920.0,3313.0,6233,90
13801,Con cobertura,70,2641.0,3651.0,6292,90
13802,Con cobertura,71,2334.0,3038.0,5372,90
13803,Con cobertura,72,2123.0,2971.0,5094,90
13804,Con cobertura,73,1917.0,2555.0,4472,90
13805,Con cobertura,74,1818.0,2499.0,4317,90
13806,Con cobertura,75,1663.0,2564.0,4227,90
13807,Con cobertura,76,1460.0,2482.0,3942,90
13808,Con cobertura,77,1759.0,2494.0,4253,90
13809,Con cobertura,78,1595.0,2426.0,4021,90
13810,Con cobertura,79,1337.0,2197.0,3534,90
13811,Con cobertura,80,1413.0,2048.0,3461,90
13812,Con cobertura,81,1167.0,1970.0,3137,90
13813,Con cobertura,82,1047.0,1694.0,2741,90
13814,Con cobertura,83,820.0,1683.0,2503,90
13815,Con cobertura,84,722.0,1152.0,1874,90
13816,Con cobertura,85,636.0,1044.0,1680,90
13817,Con cobertura,86,447.0,1020.0,1467,90
13818,Con cobertura,87,559.0,971.0,1530,90
13819,Con cobertura,88,420.0,792.0,1212,90
13820,Con cobertura,89,271.0,686.0,957,90
13821,Con cobertura,90,184.0,582.0,766,90
13822,Con cobertura,91,144.0,415.0,559,90
13823,Con cobertura,92,90.0,252.0,342,90
13824,Con cobertura,93,97.0,240.0,337,90
13825,Con cobertura,94,48.0,135.0,183,90
13826,Con cobertura,95,47.0,153.0,200,90
13827,Con cobertura,96,47.0,113.0,160,90
13828,Con cobertura,97,21.0,82.0,103,90
13829,Con cobertura,98,12.0,14.0,26,90
13830,Con cobertura,99,18.0,24.0,42,90
13831,Con cobertura,100,1.0,21.0,22,90
13832,Con cobertura,101,12.0,3.0,15,90
13833,Con cobertura,102,1.0,6.0,7,90
13834,Con cobertura,103,1.0,7.0,8,90
13835,Con cobertura,104,0.0,2.0,2,90
13836,Con cobertura,109,0.0,1.0,1,90
13837,Con cobertura,110,5.0,1.0,6,90
13840,Con cobertura,0,961.0,906.0,1867,90
13841,Con cobertura,1,994.0,1010.0,2004,90
13842,Con cobertura,2,1283.0,874.0,2157,90
13843,Con cobertura,3,1009.0,990.0,1999,90
13844,Con cobertura,4,1006.0,932.0,1938,90
13845,Con cobertura,5,1095.0,1137.0,2232,90
13846,Con cobertura,6,1294.0,1018.0,2312,90
13847,Con cobertura,7,1068.0,1044.0,2112,90
13848,Con cobertura,8,1190.0,1117.0,2307,90
13849,Con cobertura,9,1099.0,1159.0,2258,90
13850,Con cobertura,10,1379.0,1188.0,2567,90
13851,Con cobertura,11,1230.0,1153.0,2383,90
13852,Con cobertura,12,1187.0,1131.0,2318,90
13853,Con cobertura,13,1198.0,1125.0,2323,90
13854,Con cobertura,14,1278.0,1079.0,2357,90
13855,Con cobertura,15,1184.0,1248.0,2432,90
13856,Con cobertura,16,1051.0,1133.0,2184,90
13857,Con cobertura,17,1057.0,1010.0,2067,90
13858,Con cobertura,18,895.0,1167.0,2062,90
13859,Con cobertura,19,1060.0,1181.0,2241,90
13860,Con cobertura,20,917.0,932.0,1849,90
13861,Con cobertura,21,1057.0,907.0,1964,90
13862,Con cobertura,22,1021.0,929.0,1950,90
13863,Con cobertura,23,934.0,966.0,1900,90
13864,Con cobertura,24,1072.0,926.0,1998,90
13865,Con cobertura,25,931.0,1129.0,2060,90
13866,Con cobertura,26,797.0,1075.0,1872,90
13867,Con cobertura,27,953.0,968.0,1921,90
13868,Con cobertura,28,1089.0,1048.0,2137,90
13869,Con cobertura,29,1166.0,1074.0,2240,90
13870,Con cobertura,30,1137.0,1167.0,2304,90
13871,Con cobertura,31,1129.0,984.0,2113,90
13872,Con cobertura,32,1218.0,1115.0,2333,90
13873,Con cobertura,33,1022.0,966.0,1988,90
13874,Con cobertura,34,920.0,1055.0,1975,90
13875,Con cobertura,35,857.0,971.0,1828,90
13876,Con cobertura,36,708.0,849.0,1557,90
13877,Con cobertura,37,693.0,996.0,1689,90
13878,Con cobertura,38,884.0,760.0,1644,90
13879,Con cobertura,39,833.0,891.0,1724,90
13880,Con cobertura,40,722.0,883.0,1605,90
13881,Con cobertura,41,729.0,714.0,1443,90
13882,Con cobertura,42,653.0,638.0,1291,90
13883,Con cobertura,43,613.0,701.0,1314,90
13884,Con cobertura,44,657.0,626.0,1283,90
13885,Con cobertura,45,684.0,698.0,1382,90
13886,Con cobertura,46,605.0,686.0,1291,90
13887,Con cobertura,47,607.0,626.0,1233,90
13888,Con cobertura,48,821.0,651.0,1472,90
13889,Con cobertura,49,720.0,628.0,1348,90
13890,Con cobertura,50,525.0,496.0,1021,90
13891,Con cobertura,51,591.0,759.0,1350,90
13892,Con cobertura,52,599.0,645.0,1244,90
13893,Con cobertura,53,611.0,570.0,1181,90
13894,Con cobertura,54,563.0,571.0,1134,90
13895,Con cobertura,55,586.0,553.0,1139,90
13896,Con cobertura,56,558.0,553.0,1111,90
13897,Con cobertura,57,465.0,510.0,975,90
13898,Con cobertura,58,457.0,490.0,947,90
13899,Con cobertura,59,532.0,516.0,1048,90
13900,Con cobertura,60,626.0,468.0,1094,90
13901,Con cobertura,61,394.0,257.0,651,90
13902,Con cobertura,62,421.0,222.0,643,90
13903,Con cobertura,63,300.0,195.0,495,90
13904,Con cobertura,64,292.0,191.0,483,90
13905,Con cobertura,65,218.0,172.0,390,90
13906,Con cobertura,66,214.0,79.0,293,90
13907,Con cobertura,67,135.0,109.0,244,90
13908,Con cobertura,68,67.0,119.0,186,90
13909,Con cobertura,69,102.0,60.0,162,90
13910,Con cobertura,70,82.0,116.0,198,90
13911,Con cobertura,71,122.0,126.0,248,90
13912,Con cobertura,72,45.0,73.0,118,90
13913,Con cobertura,73,64.0,59.0,123,90
13914,Con cobertura,74,46.0,98.0,144,90
13915,Con cobertura,75,71.0,78.0,149,90
13916,Con cobertura,76,45.0,69.0,114,90
13917,Con cobertura,77,52.0,41.0,93,90
13918,Con cobertura,78,57.0,44.0,101,90
13919,Con cobertura,79,45.0,52.0,97,90
13920,Con cobertura,80,41.0,38.0,79,90
13921,Con cobertura,81,57.0,18.0,75,90
13922,Con cobertura,82,26.0,44.0,70,90
13923,Con cobertura,83,17.0,55.0,72,90
13924,Con cobertura,84,5.0,24.0,29,90
13925,Con cobertura,85,4.0,21.0,25,90
13926,Con cobertura,86,36.0,42.0,78,90
13927,Con cobertura,87,23.0,15.0,38,90
13928,Con cobertura,88,3.0,16.0,19,90
13929,Con cobertura,89,4.0,30.0,34,90
13930,Con cobertura,90,11.0,2.0,13,90
13931,Con cobertura,91,0.0,4.0,4,90
13932,Con cobertura,92,11.0,13.0,24,90
13933,Con cobertura,93,12.0,2.0,14,90
13934,Con cobertura,94,2.0,12.0,14,90
13935,Con cobertura,95,0.0,1.0,1,90
13936,Con cobertura,96,0.0,1.0,1,90
13937,Con cobertura,97,0.0,3.0,3,90
13938,Con cobertura,98,0.0,1.0,1,90
13939,Con cobertura,99,0.0,1.0,1,90
13940,Con cobertura,100,0.0,1.0,1,90
13941,Con cobertura,101,0.0,1.0,1,90
13944,Con cobertura,0,1217.0,884.0,2101,90
13945,Con cobertura,1,1007.0,1011.0,2018,90
13946,Con cobertura,2,926.0,989.0,1915,90
13947,Con cobertura,3,1117.0,1040.0,2157,90
13948,Con cobertura,4,1019.0,1096.0,2115,90
13949,Con cobertura,5,1078.0,983.0,2061,90
13950,Con cobertura,6,1076.0,858.0,1934,90
13951,Con cobertura,7,1186.0,958.0,2144,90
13952,Con cobertura,8,1090.0,1004.0,2094,90
13953,Con cobertura,9,1101.0,1048.0,2149,90
13954,Con cobertura,10,1276.0,1266.0,2542,90
13955,Con cobertura,11,1081.0,1157.0,2238,90
13956,Con cobertura,12,1014.0,1066.0,2080,90
13957,Con cobertura,13,1051.0,981.0,2032,90
13958,Con cobertura,14,1321.0,1125.0,2446,90
13959,Con cobertura,15,1177.0,1295.0,2472,90
13960,Con cobertura,16,1084.0,936.0,2020,90
13961,Con cobertura,17,1155.0,1094.0,2249,90
13962,Con cobertura,18,1016.0,1217.0,2233,90
13963,Con cobertura,19,977.0,1187.0,2164,90
13964,Con cobertura,20,1084.0,1064.0,2148,90
13965,Con cobertura,21,1001.0,1318.0,2319,90
13966,Con cobertura,22,978.0,1243.0,2221,90
13967,Con cobertura,23,1150.0,1331.0,2481,90
13968,Con cobertura,24,991.0,1242.0,2233,90
13969,Con cobertura,25,1132.0,1158.0,2290,90
13970,Con cobertura,26,1148.0,1147.0,2295,90
13971,Con cobertura,27,950.0,1235.0,2185,90
13972,Con cobertura,28,1033.0,1522.0,2555,90
13973,Con cobertura,29,1088.0,1082.0,2170,90
13974,Con cobertura,30,1238.0,1222.0,2460,90
13975,Con cobertura,31,928.0,1454.0,2382,90
13976,Con cobertura,32,1163.0,1262.0,2425,90
13977,Con cobertura,33,945.0,1257.0,2202,90
13978,Con cobertura,34,942.0,877.0,1819,90
13979,Con cobertura,35,842.0,882.0,1724,90
13980,Con cobertura,36,680.0,994.0,1674,90
13981,Con cobertura,37,763.0,917.0,1680,90
13982,Con cobertura,38,881.0,825.0,1706,90
13983,Con cobertura,39,795.0,897.0,1692,90
13984,Con cobertura,40,597.0,905.0,1502,90
13985,Con cobertura,41,655.0,757.0,1412,90
13986,Con cobertura,42,659.0,810.0,1469,90
13987,Con cobertura,43,654.0,648.0,1302,90
13988,Con cobertura,44,651.0,685.0,1336,90
13989,Con cobertura,45,659.0,756.0,1415,90
13990,Con cobertura,46,531.0,682.0,1213,90
13991,Con cobertura,47,643.0,619.0,1262,90
13992,Con cobertura,48,586.0,753.0,1339,90
13993,Con cobertura,49,521.0,676.0,1197,90
13994,Con cobertura,50,631.0,755.0,1386,90
13995,Con cobertura,51,599.0,792.0,1391,90
13996,Con cobertura,52,641.0,794.0,1435,90
13997,Con cobertura,53,603.0,845.0,1448,90
13998,Con cobertura,54,718.0,705.0,1423,90
13999,Con cobertura,55,636.0,613.0,1249,90
14000,Con cobertura,56,616.0,573.0,1189,90
14001,Con cobertura,57,633.0,529.0,1162,90
14002,Con cobertura,58,611.0,632.0,1243,90
14003,Con cobertura,59,547.0,708.0,1255,90
14004,Con cobertura,60,619.0,547.0,1166,90
14005,Con cobertura,61,632.0,333.0,965,90
14006,Con cobertura,62,417.0,222.0,639,90
14007,Con cobertura,63,321.0,211.0,532,90
14008,Con cobertura,64,278.0,152.0,430,90
14009,Con cobertura,65,257.0,153.0,410,90
14010,Con cobertura,66,205.0,98.0,303,90
14011,Con cobertura,67,141.0,111.0,252,90
14012,Con cobertura,68,98.0,96.0,194,90
14013,Con cobertura,69,49.0,106.0,155,90
14014,Con cobertura,70,71.0,66.0,137,90
14015,Con cobertura,71,71.0,58.0,129,90
14016,Con cobertura,72,86.0,65.0,151,90
14017,Con cobertura,73,41.0,69.0,110,90
14018,Con cobertura,74,24.0,74.0,98,90
14019,Con cobertura,75,62.0,53.0,115,90
14020,Con cobertura,76,42.0,68.0,110,90
14021,Con cobertura,77,71.0,63.0,134,90
14022,Con cobertura,78,50.0,37.0,87,90
14023,Con cobertura,79,24.0,44.0,68,90
14024,Con cobertura,80,13.0,41.0,54,90
14025,Con cobertura,81,10.0,15.0,25,90
14026,Con cobertura,82,17.0,29.0,46,90
14027,Con cobertura,83,16.0,30.0,46,90
14028,Con cobertura,84,6.0,20.0,26,90
14029,Con cobertura,85,24.0,14.0,38,90
14030,Con cobertura,86,4.0,15.0,19,90
14031,Con cobertura,87,0.0,9.0,9,90
14032,Con cobertura,88,3.0,17.0,20,90
14033,Con cobertura,89,4.0,8.0,12,90
14034,Con cobertura,90,2.0,4.0,6,90
14035,Con cobertura,91,2.0,2.0,4,90
14036,Con cobertura,92,1.0,5.0,6,90
14037,Con cobertura,94,1.0,1.0,2,90
14038,Con cobertura,96,0.0,2.0,2,90
14039,Con cobertura,97,0.0,2.0,2,90
14040,Con cobertura,98,0.0,11.0,11,90
14041,Con cobertura,99,0.0,1.0,1,90
14044,Con cobertura,0,630.0,485.0,1115,90
14045,Con cobertura,1,661.0,646.0,1307,90
14046,Con cobertura,2,544.0,542.0,1086,90
14047,Con cobertura,3,449.0,612.0,1061,90
14048,Con cobertura,4,463.0,421.0,884,90
14049,Con cobertura,5,540.0,477.0,1017,90
14050,Con cobertura,6,326.0,393.0,719,90
14051,Con cobertura,7,412.0,270.0,682,90
14052,Con cobertura,8,395.0,268.0,663,90
14053,Con cobertura,9,269.0,317.0,586,90
14054,Con cobertura,10,308.0,295.0,603,90
14055,Con cobertura,11,348.0,321.0,669,90
14056,Con cobertura,12,303.0,303.0,606,90
14057,Con cobertura,13,279.0,299.0,578,90
14058,Con cobertura,14,401.0,395.0,796,90
14059,Con cobertura,15,377.0,366.0,743,90
14060,Con cobertura,16,314.0,350.0,664,90
14061,Con cobertura,17,349.0,356.0,705,90
14062,Con cobertura,18,284.0,278.0,562,90
14063,Con cobertura,19,339.0,342.0,681,90
14064,Con cobertura,20,321.0,217.0,538,90
14065,Con cobertura,21,250.0,222.0,472,90
14066,Con cobertura,22,178.0,272.0,450,90
14067,Con cobertura,23,176.0,196.0,372,90
14068,Con cobertura,24,251.0,257.0,508,90
14069,Con cobertura,25,210.0,294.0,504,90
14070,Con cobertura,26,189.0,206.0,395,90
14071,Con cobertura,27,196.0,228.0,424,90
14072,Con cobertura,28,205.0,281.0,486,90
14073,Con cobertura,29,187.0,184.0,371,90
14074,Con cobertura,30,208.0,228.0,436,90
14075,Con cobertura,31,165.0,202.0,367,90
14076,Con cobertura,32,192.0,274.0,466,90
14077,Con cobertura,33,200.0,253.0,453,90
14078,Con cobertura,34,125.0,247.0,372,90
14079,Con cobertura,35,166.0,190.0,356,90
14080,Con cobertura,36,194.0,216.0,410,90
14081,Con cobertura,37,127.0,242.0,369,90
14082,Con cobertura,38,134.0,230.0,364,90
14083,Con cobertura,39,134.0,216.0,350,90
14084,Con cobertura,40,131.0,247.0,378,90
14085,Con cobertura,41,141.0,288.0,429,90
14086,Con cobertura,42,117.0,197.0,314,90
14087,Con cobertura,43,128.0,267.0,395,90
14088,Con cobertura,44,163.0,284.0,447,90
14089,Con cobertura,45,151.0,268.0,419,90
14090,Con cobertura,46,187.0,260.0,447,90
14091,Con cobertura,47,124.0,252.0,376,90
14092,Con cobertura,48,206.0,257.0,463,90
14093,Con cobertura,49,156.0,279.0,435,90
14094,Con cobertura,50,243.0,356.0,599,90
14095,Con cobertura,51,200.0,277.0,477,90
14096,Con cobertura,52,188.0,274.0,462,90
14097,Con cobertura,53,244.0,385.0,629,90
14098,Con cobertura,54,216.0,307.0,523,90
14099,Con cobertura,55,198.0,354.0,552,90
14100,Con cobertura,56,219.0,398.0,617,90
14101,Con cobertura,57,221.0,263.0,484,90
14102,Con cobertura,58,259.0,227.0,486,90
14103,Con cobertura,59,177.0,325.0,502,90
14104,Con cobertura,60,203.0,390.0,593,90
14105,Con cobertura,61,177.0,245.0,422,90
14106,Con cobertura,62,171.0,218.0,389,90
14107,Con cobertura,63,164.0,228.0,392,90
14108,Con cobertura,64,99.0,110.0,209,90
14109,Con cobertura,65,122.0,129.0,251,90
14110,Con cobertura,66,72.0,109.0,181,90
14111,Con cobertura,67,80.0,98.0,178,90
14112,Con cobertura,68,68.0,62.0,130,90
14113,Con cobertura,69,82.0,98.0,180,90
14114,Con cobertura,70,72.0,86.0,158,90
14115,Con cobertura,71,72.0,76.0,148,90
14116,Con cobertura,72,40.0,76.0,116,90
14117,Con cobertura,73,32.0,81.0,113,90
14118,Con cobertura,74,67.0,74.0,141,90
14119,Con cobertura,75,86.0,80.0,166,90
14120,Con cobertura,76,63.0,62.0,125,90
14121,Con cobertura,77,36.0,40.0,76,90
14122,Con cobertura,78,43.0,85.0,128,90
14123,Con cobertura,79,60.0,83.0,143,90
14124,Con cobertura,80,31.0,73.0,104,90
14125,Con cobertura,81,29.0,35.0,64,90
14126,Con cobertura,82,19.0,31.0,50,90
14127,Con cobertura,83,14.0,49.0,63,90
14128,Con cobertura,84,9.0,39.0,48,90
14129,Con cobertura,85,23.0,29.0,52,90
14130,Con cobertura,86,11.0,17.0,28,90
14131,Con cobertura,87,4.0,45.0,49,90
14132,Con cobertura,88,4.0,21.0,25,90
14133,Con cobertura,89,7.0,22.0,29,90
14134,Con cobertura,90,15.0,8.0,23,90
14135,Con cobertura,91,6.0,8.0,14,90
14136,Con cobertura,92,2.0,5.0,7,90
14137,Con cobertura,93,2.0,20.0,22,90
14138,Con cobertura,94,1.0,0.0,1,90
14139,Con cobertura,95,0.0,1.0,1,90
14140,Con cobertura,96,1.0,1.0,2,90
14141,Con cobertura,97,0.0,11.0,11,90
14142,Con cobertura,98,0.0,1.0,1,90
14143,Con cobertura,99,0.0,1.0,1,90
14144,Con cobertura,102,1.0,0.0,1,90
14147,Sin cobertura,0,6380.0,6054.0,12434,90
14148,Sin cobertura,1,6102.0,5520.0,11622,90
14149,Sin cobertura,2,5628.0,5686.0,11314,90
14150,Sin cobertura,3,5421.0,5431.0,10852,90
14151,Sin cobertura,4,5542.0,5385.0,10927,90
14152,Sin cobertura,5,5916.0,5475.0,11391,90
14153,Sin cobertura,6,5839.0,5648.0,11487,90
14154,Sin cobertura,7,5805.0,5705.0,11510,90
14155,Sin cobertura,8,6011.0,6082.0,12093,90
14156,Sin cobertura,9,5882.0,5947.0,11829,90
14157,Sin cobertura,10,6348.0,6176.0,12524,90
14158,Sin cobertura,11,6222.0,6032.0,12254,90
14159,Sin cobertura,12,6029.0,5581.0,11610,90
14160,Sin cobertura,13,5676.0,5604.0,11280,90
14161,Sin cobertura,14,6411.0,5880.0,12291,90
14162,Sin cobertura,15,6000.0,5662.0,11662,90
14163,Sin cobertura,16,5405.0,5689.0,11094,90
14164,Sin cobertura,17,5910.0,5272.0,11182,90
14165,Sin cobertura,18,5981.0,5611.0,11592,90
14166,Sin cobertura,19,6208.0,5842.0,12050,90
14167,Sin cobertura,20,5505.0,5133.0,10638,90
14168,Sin cobertura,21,6259.0,5840.0,12099,90
14169,Sin cobertura,22,6282.0,6259.0,12541,90
14170,Sin cobertura,23,6157.0,5673.0,11830,90
14171,Sin cobertura,24,6172.0,6103.0,12275,90
14172,Sin cobertura,25,5642.0,5206.0,10848,90
14173,Sin cobertura,26,5096.0,4985.0,10081,90
14174,Sin cobertura,27,4883.0,4828.0,9711,90
14175,Sin cobertura,28,5329.0,5170.0,10499,90
14176,Sin cobertura,29,5346.0,4928.0,10274,90
14177,Sin cobertura,30,4995.0,5257.0,10252,90
14178,Sin cobertura,31,4866.0,5111.0,9977,90
14179,Sin cobertura,32,4824.0,4718.0,9542,90
14180,Sin cobertura,33,4235.0,4013.0,8248,90
14181,Sin cobertura,34,3955.0,4086.0,8041,90
14182,Sin cobertura,35,4031.0,3787.0,7818,90
14183,Sin cobertura,36,3541.0,3687.0,7228,90
14184,Sin cobertura,37,3065.0,3072.0,6137,90
14185,Sin cobertura,38,3038.0,2803.0,5841,90
14186,Sin cobertura,39,3107.0,3035.0,6142,90
14187,Sin cobertura,40,2948.0,2808.0,5756,90
14188,Sin cobertura,41,2718.0,2442.0,5160,90
14189,Sin cobertura,42,2772.0,2546.0,5318,90
14190,Sin cobertura,43,2337.0,2252.0,4589,90
14191,Sin cobertura,44,2408.0,2240.0,4648,90
14192,Sin cobertura,45,2505.0,2369.0,4874,90
14193,Sin cobertura,46,2407.0,2400.0,4807,90
14194,Sin cobertura,47,2373.0,2149.0,4522,90
14195,Sin cobertura,48,2452.0,2193.0,4645,90
14196,Sin cobertura,49,2099.0,1945.0,4044,90
14197,Sin cobertura,50,2390.0,2036.0,4426,90
14198,Sin cobertura,51,2164.0,1832.0,3996,90
14199,Sin cobertura,52,2231.0,2083.0,4314,90
14200,Sin cobertura,53,2408.0,1945.0,4353,90
14201,Sin cobertura,54,2155.0,2013.0,4168,90
14202,Sin cobertura,55,2224.0,1702.0,3926,90
14203,Sin cobertura,56,2069.0,1934.0,4003,90
14204,Sin cobertura,57,2092.0,1797.0,3889,90
14205,Sin cobertura,58,1862.0,1536.0,3398,90
14206,Sin cobertura,59,1907.0,1447.0,3354,90
14207,Sin cobertura,60,1718.0,1603.0,3321,90
14208,Sin cobertura,61,1587.0,778.0,2365,90
14209,Sin cobertura,62,1430.0,471.0,1901,90
14210,Sin cobertura,63,1339.0,410.0,1749,90
14211,Sin cobertura,64,967.0,304.0,1271,90
14212,Sin cobertura,65,1019.0,220.0,1239,90
14213,Sin cobertura,66,490.0,204.0,694,90
14214,Sin cobertura,67,314.0,201.0,515,90
14215,Sin cobertura,68,253.0,155.0,408,90
14216,Sin cobertura,69,133.0,118.0,251,90
14217,Sin cobertura,70,199.0,178.0,377,90
14218,Sin cobertura,71,147.0,129.0,276,90
14219,Sin cobertura,72,112.0,112.0,224,90
14220,Sin cobertura,73,129.0,82.0,211,90
14221,Sin cobertura,74,138.0,86.0,224,90
14222,Sin cobertura,75,151.0,184.0,335,90
14223,Sin cobertura,76,89.0,162.0,251,90
14224,Sin cobertura,77,84.0,115.0,199,90
14225,Sin cobertura,78,134.0,133.0,267,90
14226,Sin cobertura,79,73.0,93.0,166,90
14227,Sin cobertura,80,111.0,76.0,187,90
14228,Sin cobertura,81,79.0,72.0,151,90
14229,Sin cobertura,82,49.0,54.0,103,90
14230,Sin cobertura,83,38.0,53.0,91,90
14231,Sin cobertura,84,36.0,66.0,102,90
14232,Sin cobertura,85,26.0,60.0,86,90
14233,Sin cobertura,86,28.0,52.0,80,90
14234,Sin cobertura,87,24.0,37.0,61,90
14235,Sin cobertura,88,11.0,32.0,43,90
14236,Sin cobertura,89,9.0,16.0,25,90
14237,Sin cobertura,90,13.0,36.0,49,90
14238,Sin cobertura,91,14.0,10.0,24,90
14239,Sin cobertura,92,8.0,6.0,14,90
14240,Sin cobertura,93,8.0,4.0,12,90
14241,Sin cobertura,94,2.0,10.0,12,90
14242,Sin cobertura,95,0.0,3.0,3,90
14243,Sin cobertura,96,2.0,13.0,15,90
14244,Sin cobertura,97,1.0,3.0,4,90
14245,Sin cobertura,98,0.0,2.0,2,90
14246,Sin cobertura,99,1.0,1.0,2,90
14247,Sin cobertura,100,3.0,0.0,3,90
14248,Sin cobertura,105,1.0,0.0,1,90
14249,Sin cobertura,110,1.0,0.0,1,90
14365,Con cobertura,0,611.0,504.0,1115,94
14366,Con cobertura,1,679.0,647.0,1326,94
14367,Con cobertura,2,621.0,501.0,1122,94
14368,Con cobertura,3,587.0,539.0,1126,94
14369,Con cobertura,4,652.0,642.0,1294,94
14370,Con cobertura,5,673.0,611.0,1284,94
14371,Con cobertura,6,610.0,661.0,1271,94
14372,Con cobertura,7,697.0,690.0,1387,94
14373,Con cobertura,8,671.0,709.0,1380,94
14374,Con cobertura,9,571.0,685.0,1256,94
14375,Con cobertura,10,707.0,715.0,1422,94
14376,Con cobertura,11,528.0,695.0,1223,94
14377,Con cobertura,12,727.0,744.0,1471,94
14378,Con cobertura,13,696.0,659.0,1355,94
14379,Con cobertura,14,718.0,723.0,1441,94
14380,Con cobertura,15,774.0,740.0,1514,94
14381,Con cobertura,16,767.0,739.0,1506,94
14382,Con cobertura,17,668.0,673.0,1341,94
14383,Con cobertura,18,516.0,702.0,1218,94
14384,Con cobertura,19,575.0,539.0,1114,94
14385,Con cobertura,20,621.0,546.0,1167,94
14386,Con cobertura,21,441.0,372.0,813,94
14387,Con cobertura,22,535.0,438.0,973,94
14388,Con cobertura,23,440.0,527.0,967,94
14389,Con cobertura,24,548.0,502.0,1050,94
14390,Con cobertura,25,631.0,499.0,1130,94
14391,Con cobertura,26,572.0,574.0,1146,94
14392,Con cobertura,27,449.0,619.0,1068,94
14393,Con cobertura,28,569.0,529.0,1098,94
14394,Con cobertura,29,544.0,582.0,1126,94
14395,Con cobertura,30,588.0,678.0,1266,94
14396,Con cobertura,31,757.0,613.0,1370,94
14397,Con cobertura,32,673.0,578.0,1251,94
14398,Con cobertura,33,613.0,551.0,1164,94
14399,Con cobertura,34,659.0,507.0,1166,94
14400,Con cobertura,35,600.0,641.0,1241,94
14401,Con cobertura,36,541.0,488.0,1029,94
14402,Con cobertura,37,533.0,501.0,1034,94
14403,Con cobertura,38,474.0,627.0,1101,94
14404,Con cobertura,39,504.0,513.0,1017,94
14405,Con cobertura,40,559.0,455.0,1014,94
14406,Con cobertura,41,343.0,446.0,789,94
14407,Con cobertura,42,539.0,585.0,1124,94
14408,Con cobertura,43,458.0,374.0,832,94
14409,Con cobertura,44,420.0,608.0,1028,94
14410,Con cobertura,45,493.0,455.0,948,94
14411,Con cobertura,46,447.0,455.0,902,94
14412,Con cobertura,47,629.0,521.0,1150,94
14413,Con cobertura,48,542.0,642.0,1184,94
14414,Con cobertura,49,558.0,535.0,1093,94
14415,Con cobertura,50,580.0,316.0,896,94
14416,Con cobertura,51,456.0,348.0,804,94
14417,Con cobertura,52,398.0,265.0,663,94
14418,Con cobertura,53,392.0,387.0,779,94
14419,Con cobertura,54,249.0,387.0,636,94
14420,Con cobertura,55,480.0,348.0,828,94
14421,Con cobertura,56,377.0,317.0,694,94
14422,Con cobertura,57,357.0,186.0,543,94
14423,Con cobertura,58,282.0,205.0,487,94
14424,Con cobertura,59,348.0,247.0,595,94
14425,Con cobertura,60,223.0,244.0,467,94
14426,Con cobertura,61,193.0,255.0,448,94
14427,Con cobertura,62,186.0,259.0,445,94
14428,Con cobertura,63,158.0,127.0,285,94
14429,Con cobertura,64,235.0,150.0,385,94
14430,Con cobertura,65,113.0,219.0,332,94
14431,Con cobertura,66,125.0,157.0,282,94
14432,Con cobertura,67,184.0,142.0,326,94
14433,Con cobertura,68,92.0,174.0,266,94
14434,Con cobertura,69,110.0,157.0,267,94
14435,Con cobertura,70,161.0,149.0,310,94
14436,Con cobertura,71,86.0,91.0,177,94
14437,Con cobertura,72,48.0,90.0,138,94
14438,Con cobertura,73,83.0,93.0,176,94
14439,Con cobertura,74,83.0,71.0,154,94
14440,Con cobertura,75,51.0,64.0,115,94
14441,Con cobertura,76,50.0,109.0,159,94
14442,Con cobertura,77,69.0,74.0,143,94
14443,Con cobertura,78,85.0,80.0,165,94
14444,Con cobertura,79,56.0,94.0,150,94
14445,Con cobertura,80,12.0,92.0,104,94
14446,Con cobertura,81,21.0,99.0,120,94
14447,Con cobertura,82,19.0,48.0,67,94
14448,Con cobertura,83,32.0,37.0,69,94
14449,Con cobertura,84,1.0,48.0,49,94
14450,Con cobertura,85,16.0,36.0,52,94
14451,Con cobertura,86,27.0,13.0,40,94
14452,Con cobertura,87,27.0,50.0,77,94
14453,Con cobertura,88,0.0,34.0,34,94
14454,Con cobertura,89,25.0,7.0,32,94
14455,Con cobertura,90,0.0,30.0,30,94
14456,Con cobertura,91,0.0,5.0,5,94
14457,Con cobertura,92,0.0,30.0,30,94
14460,Con cobertura,0,158.0,167.0,325,94
14461,Con cobertura,1,211.0,144.0,355,94
14462,Con cobertura,2,161.0,193.0,354,94
14463,Con cobertura,3,205.0,193.0,398,94
14464,Con cobertura,4,155.0,169.0,324,94
14465,Con cobertura,5,208.0,165.0,373,94
14466,Con cobertura,6,195.0,137.0,332,94
14467,Con cobertura,7,202.0,127.0,329,94
14468,Con cobertura,8,213.0,194.0,407,94
14469,Con cobertura,9,142.0,151.0,293,94
14470,Con cobertura,10,116.0,213.0,329,94
14471,Con cobertura,11,185.0,123.0,308,94
14472,Con cobertura,12,151.0,155.0,306,94
14473,Con cobertura,13,113.0,194.0,307,94
14474,Con cobertura,14,170.0,170.0,340,94
14475,Con cobertura,15,142.0,244.0,386,94
14476,Con cobertura,16,127.0,163.0,290,94
14477,Con cobertura,17,209.0,145.0,354,94
14478,Con cobertura,18,131.0,102.0,233,94
14479,Con cobertura,19,165.0,99.0,264,94
14480,Con cobertura,20,152.0,157.0,309,94
14481,Con cobertura,21,117.0,142.0,259,94
14482,Con cobertura,22,161.0,117.0,278,94
14483,Con cobertura,23,119.0,229.0,348,94
14484,Con cobertura,24,152.0,132.0,284,94
14485,Con cobertura,25,160.0,141.0,301,94
14486,Con cobertura,26,233.0,127.0,360,94
14487,Con cobertura,27,229.0,181.0,410,94
14488,Con cobertura,28,207.0,169.0,376,94
14489,Con cobertura,29,185.0,146.0,331,94
14490,Con cobertura,30,176.0,191.0,367,94
14491,Con cobertura,31,221.0,211.0,432,94
14492,Con cobertura,32,242.0,143.0,385,94
14493,Con cobertura,33,329.0,189.0,518,94
14494,Con cobertura,34,261.0,121.0,382,94
14495,Con cobertura,35,179.0,158.0,337,94
14496,Con cobertura,36,106.0,140.0,246,94
14497,Con cobertura,37,184.0,107.0,291,94
14498,Con cobertura,38,163.0,126.0,289,94
14499,Con cobertura,39,190.0,150.0,340,94
14500,Con cobertura,40,161.0,127.0,288,94
14501,Con cobertura,41,126.0,111.0,237,94
14502,Con cobertura,42,109.0,118.0,227,94
14503,Con cobertura,43,151.0,105.0,256,94
14504,Con cobertura,44,162.0,90.0,252,94
14505,Con cobertura,45,181.0,134.0,315,94
14506,Con cobertura,46,123.0,129.0,252,94
14507,Con cobertura,47,176.0,138.0,314,94
14508,Con cobertura,48,146.0,123.0,269,94
14509,Con cobertura,49,115.0,111.0,226,94
14510,Con cobertura,50,160.0,144.0,304,94
14511,Con cobertura,51,87.0,92.0,179,94
14512,Con cobertura,52,126.0,64.0,190,94
14513,Con cobertura,53,91.0,68.0,159,94
14514,Con cobertura,54,100.0,86.0,186,94
14515,Con cobertura,55,88.0,51.0,139,94
14516,Con cobertura,56,29.0,81.0,110,94
14517,Con cobertura,57,49.0,51.0,100,94
14518,Con cobertura,58,48.0,45.0,93,94
14519,Con cobertura,59,41.0,59.0,100,94
14520,Con cobertura,60,69.0,45.0,114,94
14521,Con cobertura,61,50.0,7.0,57,94
14522,Con cobertura,62,61.0,14.0,75,94
14523,Con cobertura,63,45.0,0.0,45,94
14524,Con cobertura,64,49.0,35.0,84,94
14525,Con cobertura,65,47.0,31.0,78,94
14526,Con cobertura,66,17.0,24.0,41,94
14527,Con cobertura,67,27.0,7.0,34,94
14528,Con cobertura,68,19.0,0.0,19,94
14529,Con cobertura,69,16.0,0.0,16,94
14530,Con cobertura,70,6.0,0.0,6,94
14531,Con cobertura,71,0.0,2.0,2,94
14532,Con cobertura,72,19.0,8.0,27,94
14533,Con cobertura,73,6.0,6.0,12,94
14534,Con cobertura,74,5.0,0.0,5,94
14535,Con cobertura,75,8.0,0.0,8,94
14536,Con cobertura,76,0.0,5.0,5,94
14537,Con cobertura,79,0.0,6.0,6,94
14538,Con cobertura,80,1.0,0.0,1,94
14539,Con cobertura,81,21.0,10.0,31,94
14540,Con cobertura,82,0.0,5.0,5,94
14541,Con cobertura,83,6.0,0.0,6,94
14542,Con cobertura,90,0.0,14.0,14,94
14543,Con cobertura,91,0.0,6.0,6,94
14546,Con cobertura,0,29.0,37.0,66,94
14547,Con cobertura,1,28.0,21.0,49,94
14548,Con cobertura,2,16.0,32.0,48,94
14549,Con cobertura,3,17.0,24.0,41,94
14550,Con cobertura,4,11.0,11.0,22,94
14551,Con cobertura,5,1.0,11.0,12,94
14552,Con cobertura,6,12.0,13.0,25,94
14553,Con cobertura,7,5.0,13.0,18,94
14554,Con cobertura,8,11.0,6.0,17,94
14555,Con cobertura,9,22.0,12.0,34,94
14556,Con cobertura,10,13.0,53.0,66,94
14557,Con cobertura,11,35.0,25.0,60,94
14558,Con cobertura,12,6.0,16.0,22,94
14559,Con cobertura,13,36.0,30.0,66,94
14560,Con cobertura,14,23.0,35.0,58,94
14561,Con cobertura,15,8.0,31.0,39,94
14562,Con cobertura,16,9.0,36.0,45,94
14563,Con cobertura,17,14.0,35.0,49,94
14564,Con cobertura,18,7.0,0.0,7,94
14565,Con cobertura,19,7.0,6.0,13,94
14566,Con cobertura,20,18.0,9.0,27,94
14567,Con cobertura,21,15.0,25.0,40,94
14568,Con cobertura,22,16.0,12.0,28,94
14569,Con cobertura,23,24.0,21.0,45,94
14570,Con cobertura,24,20.0,19.0,39,94
14571,Con cobertura,25,11.0,34.0,45,94
14572,Con cobertura,26,32.0,17.0,49,94
14573,Con cobertura,27,28.0,16.0,44,94
14574,Con cobertura,28,7.0,24.0,31,94
14575,Con cobertura,29,31.0,16.0,47,94
14576,Con cobertura,30,17.0,17.0,34,94
14577,Con cobertura,31,44.0,23.0,67,94
14578,Con cobertura,32,7.0,17.0,24,94
14579,Con cobertura,33,39.0,45.0,84,94
14580,Con cobertura,34,43.0,33.0,76,94
14581,Con cobertura,35,31.0,21.0,52,94
14582,Con cobertura,36,76.0,24.0,100,94
14583,Con cobertura,37,42.0,31.0,73,94
14584,Con cobertura,38,32.0,24.0,56,94
14585,Con cobertura,39,36.0,6.0,42,94
14586,Con cobertura,40,32.0,45.0,77,94
14587,Con cobertura,41,42.0,27.0,69,94
14588,Con cobertura,42,18.0,2.0,20,94
14589,Con cobertura,43,19.0,11.0,30,94
14590,Con cobertura,44,21.0,33.0,54,94
14591,Con cobertura,45,54.0,18.0,72,94
14592,Con cobertura,46,46.0,14.0,60,94
14593,Con cobertura,47,33.0,10.0,43,94
14594,Con cobertura,48,11.0,74.0,85,94
14595,Con cobertura,49,55.0,13.0,68,94
14596,Con cobertura,50,37.0,50.0,87,94
14597,Con cobertura,51,21.0,15.0,36,94
14598,Con cobertura,52,33.0,21.0,54,94
14599,Con cobertura,53,12.0,17.0,29,94
14600,Con cobertura,54,45.0,38.0,83,94
14601,Con cobertura,55,23.0,1.0,24,94
14602,Con cobertura,56,32.0,9.0,41,94
14603,Con cobertura,57,27.0,13.0,40,94
14604,Con cobertura,58,20.0,19.0,39,94
14605,Con cobertura,59,27.0,6.0,33,94
14606,Con cobertura,60,29.0,9.0,38,94
14607,Con cobertura,61,10.0,7.0,17,94
14608,Con cobertura,62,5.0,1.0,6,94
14609,Con cobertura,63,8.0,9.0,17,94
14610,Con cobertura,64,21.0,37.0,58,94
14611,Con cobertura,65,16.0,5.0,21,94
14612,Con cobertura,66,2.0,9.0,11,94
14613,Con cobertura,67,1.0,7.0,8,94
14614,Con cobertura,68,1.0,5.0,6,94
14615,Con cobertura,69,14.0,1.0,15,94
14616,Con cobertura,70,3.0,4.0,7,94
14617,Con cobertura,72,1.0,0.0,1,94
14618,Con cobertura,73,0.0,1.0,1,94
14619,Con cobertura,74,1.0,3.0,4,94
14620,Con cobertura,75,1.0,0.0,1,94
14621,Con cobertura,77,6.0,0.0,6,94
14622,Con cobertura,80,6.0,7.0,13,94
14623,Con cobertura,83,0.0,6.0,6,94
14624,Con cobertura,92,5.0,0.0,5,94
14625,Con cobertura,99,1.0,0.0,1,94
14626,Con cobertura,104,1.0,0.0,1,94
14629,Con cobertura,0,190.0,193.0,383,94
14630,Con cobertura,1,245.0,264.0,509,94
14631,Con cobertura,2,189.0,164.0,353,94
14632,Con cobertura,3,171.0,159.0,330,94
14633,Con cobertura,4,183.0,139.0,322,94
14634,Con cobertura,5,113.0,107.0,220,94
14635,Con cobertura,6,97.0,74.0,171,94
14636,Con cobertura,7,57.0,56.0,113,94
14637,Con cobertura,8,33.0,36.0,69,94
14638,Con cobertura,9,109.0,53.0,162,94
14639,Con cobertura,10,72.0,84.0,156,94
14640,Con cobertura,11,17.0,48.0,65,94
14641,Con cobertura,12,52.0,49.0,101,94
14642,Con cobertura,13,46.0,44.0,90,94
14643,Con cobertura,14,78.0,36.0,114,94
14644,Con cobertura,15,30.0,89.0,119,94
14645,Con cobertura,16,47.0,41.0,88,94
14646,Con cobertura,17,81.0,74.0,155,94
14647,Con cobertura,18,29.0,26.0,55,94
14648,Con cobertura,19,51.0,53.0,104,94
14649,Con cobertura,20,35.0,43.0,78,94
14650,Con cobertura,21,13.0,73.0,86,94
14651,Con cobertura,22,68.0,60.0,128,94
14652,Con cobertura,23,28.0,32.0,60,94
14653,Con cobertura,24,68.0,66.0,134,94
14654,Con cobertura,25,24.0,67.0,91,94
14655,Con cobertura,26,41.0,43.0,84,94
14656,Con cobertura,27,42.0,68.0,110,94
14657,Con cobertura,28,55.0,69.0,124,94
14658,Con cobertura,29,23.0,50.0,73,94
14659,Con cobertura,30,31.0,63.0,94,94
14660,Con cobertura,31,24.0,31.0,55,94
14661,Con cobertura,32,39.0,114.0,153,94
14662,Con cobertura,33,27.0,37.0,64,94
14663,Con cobertura,34,23.0,18.0,41,94
14664,Con cobertura,35,12.0,29.0,41,94
14665,Con cobertura,36,39.0,59.0,98,94
14666,Con cobertura,37,56.0,44.0,100,94
14667,Con cobertura,38,41.0,35.0,76,94
14668,Con cobertura,39,41.0,7.0,48,94
14669,Con cobertura,40,44.0,25.0,69,94
14670,Con cobertura,41,9.0,28.0,37,94
14671,Con cobertura,42,16.0,33.0,49,94
14672,Con cobertura,43,16.0,43.0,59,94
14673,Con cobertura,44,31.0,1.0,32,94
14674,Con cobertura,45,7.0,90.0,97,94
14675,Con cobertura,46,35.0,47.0,82,94
14676,Con cobertura,47,29.0,49.0,78,94
14677,Con cobertura,48,65.0,39.0,104,94
14678,Con cobertura,49,35.0,17.0,52,94
14679,Con cobertura,50,35.0,36.0,71,94
14680,Con cobertura,51,45.0,16.0,61,94
14681,Con cobertura,52,45.0,64.0,109,94
14682,Con cobertura,53,41.0,6.0,47,94
14683,Con cobertura,54,48.0,41.0,89,94
14684,Con cobertura,55,42.0,21.0,63,94
14685,Con cobertura,56,20.0,35.0,55,94
14686,Con cobertura,57,37.0,33.0,70,94
14687,Con cobertura,58,0.0,20.0,20,94
14688,Con cobertura,59,41.0,22.0,63,94
14689,Con cobertura,60,36.0,33.0,69,94
14690,Con cobertura,61,6.0,9.0,15,94
14691,Con cobertura,62,8.0,63.0,71,94
14692,Con cobertura,63,12.0,11.0,23,94
14693,Con cobertura,64,4.0,6.0,10,94
14694,Con cobertura,65,20.0,1.0,21,94
14695,Con cobertura,66,12.0,1.0,13,94
14696,Con cobertura,67,14.0,0.0,14,94
14697,Con cobertura,68,7.0,2.0,9,94
14698,Con cobertura,69,28.0,5.0,33,94
14699,Con cobertura,70,3.0,1.0,4,94
14700,Con cobertura,71,1.0,11.0,12,94
14701,Con cobertura,72,1.0,0.0,1,94
14702,Con cobertura,73,3.0,1.0,4,94
14703,Con cobertura,74,13.0,0.0,13,94
14704,Con cobertura,76,13.0,2.0,15,94
14705,Con cobertura,79,0.0,7.0,7,94
14706,Con cobertura,84,0.0,1.0,1,94
14707,Con cobertura,86,0.0,1.0,1,94
14708,Con cobertura,91,1.0,0.0,1,94
14711,Sin cobertura,0,152.0,111.0,263,94
14712,Sin cobertura,1,182.0,121.0,303,94
14713,Sin cobertura,2,137.0,192.0,329,94
14714,Sin cobertura,3,178.0,170.0,348,94
14715,Sin cobertura,4,194.0,250.0,444,94
14716,Sin cobertura,5,173.0,221.0,394,94
14717,Sin cobertura,6,244.0,243.0,487,94
14718,Sin cobertura,7,225.0,238.0,463,94
14719,Sin cobertura,8,210.0,254.0,464,94
14720,Sin cobertura,9,274.0,237.0,511,94
14721,Sin cobertura,10,214.0,256.0,470,94
14722,Sin cobertura,11,208.0,273.0,481,94
14723,Sin cobertura,12,273.0,269.0,542,94
14724,Sin cobertura,13,215.0,251.0,466,94
14725,Sin cobertura,14,260.0,267.0,527,94
14726,Sin cobertura,15,275.0,230.0,505,94
14727,Sin cobertura,16,148.0,199.0,347,94
14728,Sin cobertura,17,253.0,282.0,535,94
14729,Sin cobertura,18,382.0,326.0,708,94
14730,Sin cobertura,19,387.0,227.0,614,94
14731,Sin cobertura,20,250.0,321.0,571,94
14732,Sin cobertura,21,397.0,384.0,781,94
14733,Sin cobertura,22,320.0,407.0,727,94
14734,Sin cobertura,23,427.0,321.0,748,94
14735,Sin cobertura,24,297.0,350.0,647,94
14736,Sin cobertura,25,278.0,305.0,583,94
14737,Sin cobertura,26,273.0,306.0,579,94
14738,Sin cobertura,27,249.0,282.0,531,94
14739,Sin cobertura,28,403.0,368.0,771,94
14740,Sin cobertura,29,324.0,235.0,559,94
14741,Sin cobertura,30,341.0,277.0,618,94
14742,Sin cobertura,31,314.0,239.0,553,94
14743,Sin cobertura,32,284.0,225.0,509,94
14744,Sin cobertura,33,354.0,225.0,579,94
14745,Sin cobertura,34,278.0,195.0,473,94
14746,Sin cobertura,35,181.0,163.0,344,94
14747,Sin cobertura,36,193.0,167.0,360,94
14748,Sin cobertura,37,240.0,197.0,437,94
14749,Sin cobertura,38,150.0,162.0,312,94
14750,Sin cobertura,39,154.0,111.0,265,94
14751,Sin cobertura,40,202.0,146.0,348,94
14752,Sin cobertura,41,265.0,168.0,433,94
14753,Sin cobertura,42,168.0,136.0,304,94
14754,Sin cobertura,43,117.0,138.0,255,94
14755,Sin cobertura,44,142.0,161.0,303,94
14756,Sin cobertura,45,148.0,152.0,300,94
14757,Sin cobertura,46,158.0,150.0,308,94
14758,Sin cobertura,47,219.0,115.0,334,94
14759,Sin cobertura,48,104.0,183.0,287,94
14760,Sin cobertura,49,177.0,127.0,304,94
14761,Sin cobertura,50,242.0,163.0,405,94
14762,Sin cobertura,51,188.0,115.0,303,94
14763,Sin cobertura,52,162.0,105.0,267,94
14764,Sin cobertura,53,153.0,99.0,252,94
14765,Sin cobertura,54,121.0,71.0,192,94
14766,Sin cobertura,55,122.0,90.0,212,94
14767,Sin cobertura,56,118.0,114.0,232,94
14768,Sin cobertura,57,118.0,70.0,188,94
14769,Sin cobertura,58,109.0,77.0,186,94
14770,Sin cobertura,59,89.0,78.0,167,94
14771,Sin cobertura,60,118.0,46.0,164,94
14772,Sin cobertura,61,78.0,33.0,111,94
14773,Sin cobertura,62,77.0,18.0,95,94
14774,Sin cobertura,63,69.0,6.0,75,94
14775,Sin cobertura,64,64.0,11.0,75,94
14776,Sin cobertura,65,65.0,18.0,83,94
14777,Sin cobertura,66,78.0,7.0,85,94
14778,Sin cobertura,67,18.0,6.0,24,94
14779,Sin cobertura,68,13.0,8.0,21,94
14780,Sin cobertura,69,20.0,21.0,41,94
14781,Sin cobertura,70,13.0,18.0,31,94
14782,Sin cobertura,71,16.0,6.0,22,94
14783,Sin cobertura,72,18.0,15.0,33,94
14784,Sin cobertura,73,0.0,1.0,1,94
14785,Sin cobertura,75,2.0,0.0,2,94
14786,Sin cobertura,76,0.0,15.0,15,94
14787,Sin cobertura,82,0.0,11.0,11,94
14788,Sin cobertura,84,6.0,0.0,6,94
14789,Sin cobertura,88,0.0,8.0,8,94
14790,Sin cobertura,94,6.0,0.0,6,94
14791,Sin cobertura,95,0.0,1.0,1,94
14897,Con cobertura,0,122804.0,117425.0,240229,
14898,Con cobertura,1,123820.0,119906.0,243726,
14899,Con cobertura,2,128488.0,123473.0,251961,
14900,Con cobertura,3,124933.0,118431.0,243364,
14901,Con cobertura,4,131008.0,127393.0,258401,
14902,Con cobertura,5,131455.0,131574.0,263029,
14903,Con cobertura,6,137059.0,131517.0,268576,
14904,Con cobertura,7,137384.0,133202.0,270586,
14905,Con cobertura,8,136233.0,131666.0,267899,
14906,Con cobertura,9,139216.0,135540.0,274756,
14907,Con cobertura,10,144230.0,139310.0,283540,
14908,Con cobertura,11,142496.0,136225.0,278721,
14909,Con cobertura,12,142709.0,136377.0,279086,
14910,Con cobertura,13,140327.0,138705.0,279032,
14911,Con cobertura,14,153455.0,146581.0,300036,
14912,Con cobertura,15,147938.0,146640.0,294578,
14913,Con cobertura,16,144712.0,142471.0,287183,
14914,Con cobertura,17,143297.0,141919.0,285216,
14915,Con cobertura,18,138196.0,139959.0,278155,
14916,Con cobertura,19,135489.0,140843.0,276332,
14917,Con cobertura,20,130905.0,134322.0,265227,
14918,Con cobertura,21,109313.0,105753.0,215066,
14919,Con cobertura,22,108879.0,107037.0,215916,
14920,Con cobertura,23,114423.0,112524.0,226947,
14921,Con cobertura,24,115819.0,115908.0,231727,
14922,Con cobertura,25,114416.0,114124.0,228540,
14923,Con cobertura,26,113339.0,109543.0,222882,
14924,Con cobertura,27,115449.0,116549.0,231998,
14925,Con cobertura,28,125256.0,125122.0,250378,
14926,Con cobertura,29,124421.0,126353.0,250774,
14927,Con cobertura,30,132268.0,134579.0,266847,
14928,Con cobertura,31,132165.0,134762.0,266927,
14929,Con cobertura,32,125684.0,134205.0,259889,
14930,Con cobertura,33,126000.0,133545.0,259545,
14931,Con cobertura,34,118251.0,126662.0,244913,
14932,Con cobertura,35,118091.0,128685.0,246776,
14933,Con cobertura,36,112330.0,119738.0,232068,
14934,Con cobertura,37,112752.0,119601.0,232353,
14935,Con cobertura,38,110604.0,117251.0,227855,
14936,Con cobertura,39,109196.0,118525.0,227721,
14937,Con cobertura,40,108691.0,117456.0,226147,
14938,Con cobertura,41,100145.0,112721.0,212866,
14939,Con cobertura,42,97021.0,109510.0,206531,
14940,Con cobertura,43,94934.0,105760.0,200694,
14941,Con cobertura,44,94274.0,105421.0,199695,
14942,Con cobertura,45,97622.0,109189.0,206811,
14943,Con cobertura,46,97135.0,110263.0,207398,
14944,Con cobertura,47,99868.0,108591.0,208459,
14945,Con cobertura,48,97773.0,107274.0,205047,
14946,Con cobertura,49,92318.0,104402.0,196720,
14947,Con cobertura,50,94133.0,105657.0,199790,
14948,Con cobertura,51,87379.0,101353.0,188732,
14949,Con cobertura,52,85580.0,99787.0,185367,
14950,Con cobertura,53,87656.0,100732.0,188388,
14951,Con cobertura,54,82248.0,102096.0,184344,
14952,Con cobertura,55,83867.0,99626.0,183493,
14953,Con cobertura,56,80406.0,97410.0,177816,
14954,Con cobertura,57,80100.0,98340.0,178440,
14955,Con cobertura,58,77576.0,98800.0,176376,
14956,Con cobertura,59,75575.0,98596.0,174171,
14957,Con cobertura,60,79813.0,111998.0,191811,
14958,Con cobertura,61,72510.0,119430.0,191940,
14959,Con cobertura,62,72873.0,128494.0,201367,
14960,Con cobertura,63,72364.0,129086.0,201450,
14961,Con cobertura,64,71470.0,128961.0,200431,
14962,Con cobertura,65,85531.0,133644.0,219175,
14963,Con cobertura,66,94727.0,122845.0,217572,
14964,Con cobertura,67,93205.0,118902.0,212107,
14965,Con cobertura,68,89497.0,113371.0,202868,
14966,Con cobertura,69,85792.0,107438.0,193230,
14967,Con cobertura,70,88421.0,117305.0,205726,
14968,Con cobertura,71,78893.0,101055.0,179948,
14969,Con cobertura,72,73670.0,98005.0,171675,
14970,Con cobertura,73,68863.0,95983.0,164846,
14971,Con cobertura,74,66664.0,91475.0,158139,
14972,Con cobertura,75,64187.0,93540.0,157727,
14973,Con cobertura,76,55655.0,84048.0,139703,
14974,Con cobertura,77,53721.0,83149.0,136870,
14975,Con cobertura,78,53066.0,81435.0,134501,
14976,Con cobertura,79,49479.0,77553.0,127032,
14977,Con cobertura,80,45346.0,79804.0,125150,
14978,Con cobertura,81,38504.0,68526.0,107030,
14979,Con cobertura,82,34618.0,63309.0,97927,
14980,Con cobertura,83,30161.0,58558.0,88719,
14981,Con cobertura,84,26035.0,53427.0,79462,
14982,Con cobertura,85,23248.0,47801.0,71049,
14983,Con cobertura,86,19702.0,42103.0,61805,
14984,Con cobertura,87,16216.0,36927.0,53143,
14985,Con cobertura,88,12750.0,32100.0,44850,
14986,Con cobertura,89,10145.0,26445.0,36590,
14987,Con cobertura,90,7855.0,21825.0,29680,
14988,Con cobertura,91,5247.0,15219.0,20466,
14989,Con cobertura,92,3938.0,12243.0,16181,
14990,Con cobertura,93,3005.0,9967.0,12972,
14991,Con cobertura,94,2225.0,7471.0,9696,
14992,Con cobertura,95,1513.0,5646.0,7159,
14993,Con cobertura,96,973.0,3970.0,4943,
14994,Con cobertura,97,617.0,2866.0,3483,
14995,Con cobertura,98,419.0,1956.0,2375,
14996,Con cobertura,99,264.0,1246.0,1510,
14997,Con cobertura,100,186.0,1050.0,1236,
14998,Con cobertura,101,131.0,515.0,646,
14999,Con cobertura,102,86.0,288.0,374,
15000,Con cobertura,103,30.0,165.0,195,
15001,Con cobertura,104,17.0,63.0,80,
15002,Con cobertura,105,19.0,43.0,62,
15003,Con cobertura,106,5.0,35.0,40,
15004,Con cobertura,107,7.0,31.0,38,
15005,Con cobertura,108,14.0,5.0,19,
15006,Con cobertura,109,3.0,13.0,16,
15007,Con cobertura,110,27.0,72.0,99,
15010,Con cobertura,0,37261.0,35350.0,72611,
15011,Con cobertura,1,36757.0,35834.0,72591,
15012,Con cobertura,2,37476.0,36107.0,73583,
15013,Con cobertura,3,35598.0,35057.0,70655,
15014,Con cobertura,4,37308.0,36442.0,73750,
15015,Con cobertura,5,37747.0,36825.0,74572,
15016,Con cobertura,6,38294.0,37307.0,75601,
15017,Con cobertura,7,37003.0,35188.0,72191,
15018,Con cobertura,8,36078.0,34839.0,70917,
15019,Con cobertura,9,35910.0,35444.0,71354,
15020,Con cobertura,10,36130.0,35395.0,71525,
15021,Con cobertura,11,34771.0,33513.0,68284,
15022,Con cobertura,12,34601.0,33376.0,67977,
15023,Con cobertura,13,32275.0,32948.0,65223,
15024,Con cobertura,14,35687.0,32710.0,68397,
15025,Con cobertura,15,34729.0,33107.0,67836,
15026,Con cobertura,16,32880.0,31361.0,64241,
15027,Con cobertura,17,31198.0,32314.0,63512,
15028,Con cobertura,18,31432.0,31033.0,62465,
15029,Con cobertura,19,31738.0,32222.0,63960,
15030,Con cobertura,20,32496.0,31863.0,64359,
15031,Con cobertura,21,29258.0,28019.0,57277,
15032,Con cobertura,22,30795.0,29561.0,60356,
15033,Con cobertura,23,32150.0,32650.0,64800,
15034,Con cobertura,24,36605.0,34283.0,70888,
15035,Con cobertura,25,35756.0,36614.0,72370,
15036,Con cobertura,26,35949.0,36056.0,72005,
15037,Con cobertura,27,36772.0,39329.0,76101,
15038,Con cobertura,28,39502.0,41679.0,81181,
15039,Con cobertura,29,42025.0,42010.0,84035,
15040,Con cobertura,30,43868.0,45345.0,89213,
15041,Con cobertura,31,43423.0,43572.0,86995,
15042,Con cobertura,32,42039.0,43976.0,86015,
15043,Con cobertura,33,41371.0,43821.0,85192,
15044,Con cobertura,34,40776.0,41916.0,82692,
15045,Con cobertura,35,39270.0,41454.0,80724,
15046,Con cobertura,36,36781.0,38251.0,75032,
15047,Con cobertura,37,37247.0,36716.0,73963,
15048,Con cobertura,38,36532.0,36032.0,72564,
15049,Con cobertura,39,35266.0,34877.0,70143,
15050,Con cobertura,40,33438.0,34162.0,67600,
15051,Con cobertura,41,31439.0,30786.0,62225,
15052,Con cobertura,42,29700.0,29254.0,58954,
15053,Con cobertura,43,27465.0,28381.0,55846,
15054,Con cobertura,44,27138.0,28353.0,55491,
15055,Con cobertura,45,28113.0,28117.0,56230,
15056,Con cobertura,46,27166.0,26996.0,54162,
15057,Con cobertura,47,26969.0,27879.0,54848,
15058,Con cobertura,48,27016.0,26655.0,53671,
15059,Con cobertura,49,25779.0,25749.0,51528,
15060,Con cobertura,50,26635.0,26308.0,52943,
15061,Con cobertura,51,23476.0,24998.0,48474,
15062,Con cobertura,52,22679.0,24051.0,46730,
15063,Con cobertura,53,23156.0,23640.0,46796,
15064,Con cobertura,54,22171.0,24172.0,46343,
15065,Con cobertura,55,22729.0,23205.0,45934,
15066,Con cobertura,56,20742.0,21936.0,42678,
15067,Con cobertura,57,20572.0,21429.0,42001,
15068,Con cobertura,58,19705.0,19814.0,39519,
15069,Con cobertura,59,18532.0,19300.0,37832,
15070,Con cobertura,60,19259.0,17232.0,36491,
15071,Con cobertura,61,16618.0,12478.0,29096,
15072,Con cobertura,62,15852.0,11329.0,27181,
15073,Con cobertura,63,14544.0,9846.0,24390,
15074,Con cobertura,64,13934.0,9460.0,23394,
15075,Con cobertura,65,11234.0,8482.0,19716,
15076,Con cobertura,66,7748.0,6914.0,14662,
15077,Con cobertura,67,6135.0,6277.0,12412,
15078,Con cobertura,68,5506.0,5588.0,11094,
15079,Con cobertura,69,4687.0,5482.0,10169,
15080,Con cobertura,70,5236.0,5471.0,10707,
15081,Con cobertura,71,4174.0,4972.0,9146,
15082,Con cobertura,72,3590.0,4895.0,8485,
15083,Con cobertura,73,3520.0,4219.0,7739,
15084,Con cobertura,74,3109.0,4167.0,7276,
15085,Con cobertura,75,3015.0,4256.0,7271,
15086,Con cobertura,76,2745.0,3768.0,6513,
15087,Con cobertura,77,2441.0,3381.0,5822,
15088,Con cobertura,78,2457.0,3528.0,5985,
15089,Con cobertura,79,2391.0,3452.0,5843,
15090,Con cobertura,80,2088.0,3337.0,5425,
15091,Con cobertura,81,1994.0,2821.0,4815,
15092,Con cobertura,82,1443.0,2592.0,4035,
15093,Con cobertura,83,1187.0,2267.0,3454,
15094,Con cobertura,84,1132.0,2297.0,3429,
15095,Con cobertura,85,1125.0,1893.0,3018,
15096,Con cobertura,86,900.0,1705.0,2605,
15097,Con cobertura,87,719.0,1397.0,2116,
15098,Con cobertura,88,644.0,1229.0,1873,
15099,Con cobertura,89,534.0,1103.0,1637,
15100,Con cobertura,90,399.0,764.0,1163,
15101,Con cobertura,91,232.0,585.0,817,
15102,Con cobertura,92,205.0,577.0,782,
15103,Con cobertura,93,110.0,449.0,559,
15104,Con cobertura,94,95.0,326.0,421,
15105,Con cobertura,95,26.0,225.0,251,
15106,Con cobertura,96,67.0,162.0,229,
15107,Con cobertura,97,21.0,132.0,153,
15108,Con cobertura,98,32.0,70.0,102,
15109,Con cobertura,99,3.0,46.0,49,
15110,Con cobertura,100,14.0,55.0,69,
15111,Con cobertura,101,12.0,20.0,32,
15112,Con cobertura,102,0.0,4.0,4,
15113,Con cobertura,103,1.0,6.0,7,
15114,Con cobertura,104,0.0,1.0,1,
15115,Con cobertura,105,0.0,2.0,2,
15116,Con cobertura,106,2.0,11.0,13,
15117,Con cobertura,107,1.0,1.0,2,
15118,Con cobertura,108,0.0,1.0,1,
15119,Con cobertura,109,2.0,11.0,13,
15120,Con cobertura,110,1.0,2.0,3,
15123,Con cobertura,0,15046.0,14485.0,29531,
15124,Con cobertura,1,14817.0,14555.0,29372,
15125,Con cobertura,2,14774.0,14516.0,29290,
15126,Con cobertura,3,14222.0,13502.0,27724,
15127,Con cobertura,4,14429.0,13863.0,28292,
15128,Con cobertura,5,14643.0,13528.0,28171,
15129,Con cobertura,6,14312.0,13806.0,28118,
15130,Con cobertura,7,14721.0,13280.0,28001,
15131,Con cobertura,8,13997.0,12843.0,26840,
15132,Con cobertura,9,13414.0,13223.0,26637,
15133,Con cobertura,10,13933.0,13381.0,27314,
15134,Con cobertura,11,13232.0,12419.0,25651,
15135,Con cobertura,12,13061.0,12410.0,25471,
15136,Con cobertura,13,13152.0,12281.0,25433,
15137,Con cobertura,14,13770.0,13255.0,27025,
15138,Con cobertura,15,13364.0,13205.0,26569,
15139,Con cobertura,16,12860.0,12145.0,25005,
15140,Con cobertura,17,12916.0,13245.0,26161,
15141,Con cobertura,18,12669.0,13876.0,26545,
15142,Con cobertura,19,13644.0,14175.0,27819,
15143,Con cobertura,20,13891.0,14237.0,28128,
15144,Con cobertura,21,14179.0,15685.0,29864,
15145,Con cobertura,22,13818.0,15843.0,29661,
15146,Con cobertura,23,15298.0,17227.0,32525,
15147,Con cobertura,24,14885.0,17985.0,32870,
15148,Con cobertura,25,15988.0,17922.0,33910,
15149,Con cobertura,26,16065.0,18865.0,34930,
15150,Con cobertura,27,16270.0,18228.0,34498,
15151,Con cobertura,28,16747.0,20169.0,36916,
15152,Con cobertura,29,15905.0,18709.0,34614,
15153,Con cobertura,30,16843.0,19792.0,36635,
15154,Con cobertura,31,16650.0,19860.0,36510,
15155,Con cobertura,32,16900.0,18842.0,35742,
15156,Con cobertura,33,16939.0,18845.0,35784,
15157,Con cobertura,34,16749.0,17820.0,34569,
15158,Con cobertura,35,16969.0,18256.0,35225,
15159,Con cobertura,36,16199.0,16909.0,33108,
15160,Con cobertura,37,15575.0,16591.0,32166,
15161,Con cobertura,38,14948.0,15988.0,30936,
15162,Con cobertura,39,14910.0,15719.0,30629,
15163,Con cobertura,40,15347.0,15565.0,30912,
15164,Con cobertura,41,14483.0,14076.0,28559,
15165,Con cobertura,42,13597.0,14098.0,27695,
15166,Con cobertura,43,13215.0,13880.0,27095,
15167,Con cobertura,44,12928.0,13657.0,26585,
15168,Con cobertura,45,13736.0,13879.0,27615,
15169,Con cobertura,46,13002.0,14006.0,27008,
15170,Con cobertura,47,13668.0,14448.0,28116,
15171,Con cobertura,48,12926.0,14181.0,27107,
15172,Con cobertura,49,13878.0,14792.0,28670,
15173,Con cobertura,50,14214.0,15436.0,29650,
15174,Con cobertura,51,13661.0,15272.0,28933,
15175,Con cobertura,52,12985.0,14318.0,27303,
15176,Con cobertura,53,13826.0,14988.0,28814,
15177,Con cobertura,54,13608.0,15020.0,28628,
15178,Con cobertura,55,13871.0,15526.0,29397,
15179,Con cobertura,56,13643.0,14575.0,28218,
15180,Con cobertura,57,13416.0,14271.0,27687,
15181,Con cobertura,58,13273.0,14354.0,27627,
15182,Con cobertura,59,13415.0,14609.0,28024,
15183,Con cobertura,60,13589.0,14015.0,27604,
15184,Con cobertura,61,12725.0,10024.0,22749,
15185,Con cobertura,62,13000.0,9298.0,22298,
15186,Con cobertura,63,11481.0,8179.0,19660,
15187,Con cobertura,64,10458.0,7885.0,18343,
15188,Con cobertura,65,8392.0,7932.0,16324,
15189,Con cobertura,66,6694.0,7036.0,13730,
15190,Con cobertura,67,5757.0,6291.0,12048,
15191,Con cobertura,68,5245.0,5769.0,11014,
15192,Con cobertura,69,4569.0,4944.0,9513,
15193,Con cobertura,70,4398.0,5625.0,10023,
15194,Con cobertura,71,3913.0,4614.0,8527,
15195,Con cobertura,72,3663.0,4274.0,7937,
15196,Con cobertura,73,3129.0,4369.0,7498,
15197,Con cobertura,74,2974.0,3963.0,6937,
15198,Con cobertura,75,2888.0,3851.0,6739,
15199,Con cobertura,76,2012.0,3443.0,5455,
15200,Con cobertura,77,2763.0,3027.0,5790,
15201,Con cobertura,78,2251.0,3261.0,5512,
15202,Con cobertura,79,2016.0,3230.0,5246,
15203,Con cobertura,80,2164.0,3331.0,5495,
15204,Con cobertura,81,1671.0,2912.0,4583,
15205,Con cobertura,82,1627.0,2778.0,4405,
15206,Con cobertura,83,1426.0,2325.0,3751,
15207,Con cobertura,84,1290.0,2293.0,3583,
15208,Con cobertura,85,1226.0,2384.0,3610,
15209,Con cobertura,86,799.0,1687.0,2486,
15210,Con cobertura,87,666.0,1471.0,2137,
15211,Con cobertura,88,605.0,1260.0,1865,
15212,Con cobertura,89,428.0,944.0,1372,
15213,Con cobertura,90,507.0,881.0,1388,
15214,Con cobertura,91,211.0,471.0,682,
15215,Con cobertura,92,247.0,493.0,740,
15216,Con cobertura,93,125.0,490.0,615,
15217,Con cobertura,94,105.0,315.0,420,
15218,Con cobertura,95,56.0,317.0,373,
15219,Con cobertura,96,65.0,187.0,252,
15220,Con cobertura,97,24.0,117.0,141,
15221,Con cobertura,98,30.0,76.0,106,
15222,Con cobertura,99,6.0,68.0,74,
15223,Con cobertura,100,2.0,37.0,39,
15224,Con cobertura,101,1.0,4.0,5,
15225,Con cobertura,102,0.0,12.0,12,
15226,Con cobertura,103,0.0,4.0,4,
15227,Con cobertura,104,2.0,11.0,13,
15228,Con cobertura,105,0.0,14.0,14,
15229,Con cobertura,106,0.0,13.0,13,
15230,Con cobertura,107,0.0,4.0,4,
15231,Con cobertura,110,12.0,3.0,15,
15234,Con cobertura,0,11650.0,11124.0,22774,
15235,Con cobertura,1,11684.0,11250.0,22934,
15236,Con cobertura,2,11387.0,10753.0,22140,
15237,Con cobertura,3,10327.0,10517.0,20844,
15238,Con cobertura,4,10271.0,9405.0,19676,
15239,Con cobertura,5,9783.0,9155.0,18938,
15240,Con cobertura,6,7930.0,7496.0,15426,
15241,Con cobertura,7,7077.0,6785.0,13862,
15242,Con cobertura,8,7214.0,6699.0,13913,
15243,Con cobertura,9,6922.0,7037.0,13959,
15244,Con cobertura,10,7607.0,6672.0,14279,
15245,Con cobertura,11,7155.0,6675.0,13830,
15246,Con cobertura,12,7419.0,7380.0,14799,
15247,Con cobertura,13,7044.0,6981.0,14025,
15248,Con cobertura,14,7906.0,7229.0,15135,
15249,Con cobertura,15,7685.0,7196.0,14881,
15250,Con cobertura,16,7030.0,6798.0,13828,
15251,Con cobertura,17,6654.0,6712.0,13366,
15252,Con cobertura,18,6039.0,5956.0,11995,
15253,Con cobertura,19,5795.0,5995.0,11790,
15254,Con cobertura,20,5398.0,5598.0,10996,
15255,Con cobertura,21,4949.0,5435.0,10384,
15256,Con cobertura,22,4575.0,5153.0,9728,
15257,Con cobertura,23,4491.0,5454.0,9945,
15258,Con cobertura,24,5177.0,5042.0,10219,
15259,Con cobertura,25,4332.0,4899.0,9231,
15260,Con cobertura,26,4284.0,4601.0,8885,
15261,Con cobertura,27,4358.0,5031.0,9389,
15262,Con cobertura,28,4597.0,5550.0,10147,
15263,Con cobertura,29,4420.0,5085.0,9505,
15264,Con cobertura,30,4710.0,5692.0,10402,
15265,Con cobertura,31,4375.0,5412.0,9787,
15266,Con cobertura,32,4237.0,5351.0,9588,
15267,Con cobertura,33,4281.0,4725.0,9006,
15268,Con cobertura,34,3731.0,5021.0,8752,
15269,Con cobertura,35,4149.0,4869.0,9018,
15270,Con cobertura,36,3617.0,4977.0,8594,
15271,Con cobertura,37,3239.0,5018.0,8257,
15272,Con cobertura,38,3486.0,4926.0,8412,
15273,Con cobertura,39,3648.0,4987.0,8635,
15274,Con cobertura,40,3747.0,5275.0,9022,
15275,Con cobertura,41,3390.0,4970.0,8360,
15276,Con cobertura,42,3322.0,4826.0,8148,
15277,Con cobertura,43,3085.0,4873.0,7958,
15278,Con cobertura,44,3209.0,4792.0,8001,
15279,Con cobertura,45,3584.0,5537.0,9121,
15280,Con cobertura,46,3436.0,5021.0,8457,
15281,Con cobertura,47,3320.0,5507.0,8827,
15282,Con cobertura,48,3545.0,5025.0,8570,
15283,Con cobertura,49,3450.0,5364.0,8814,
15284,Con cobertura,50,3775.0,5368.0,9143,
15285,Con cobertura,51,3355.0,5190.0,8545,
15286,Con cobertura,52,3173.0,5304.0,8477,
15287,Con cobertura,53,3563.0,5456.0,9019,
15288,Con cobertura,54,3532.0,5056.0,8588,
15289,Con cobertura,55,3491.0,5403.0,8894,
15290,Con cobertura,56,3226.0,5132.0,8358,
15291,Con cobertura,57,3337.0,5201.0,8538,
15292,Con cobertura,58,3301.0,4749.0,8050,
15293,Con cobertura,59,3493.0,4914.0,8407,
15294,Con cobertura,60,3521.0,4316.0,7837,
15295,Con cobertura,61,3285.0,3395.0,6680,
15296,Con cobertura,62,3099.0,3004.0,6103,
15297,Con cobertura,63,2895.0,2659.0,5554,
15298,Con cobertura,64,2481.0,1715.0,4196,
15299,Con cobertura,65,2097.0,1813.0,3910,
15300,Con cobertura,66,1537.0,1507.0,3044,
15301,Con cobertura,67,1139.0,1469.0,2608,
15302,Con cobertura,68,1219.0,1413.0,2632,
15303,Con cobertura,69,942.0,1227.0,2169,
15304,Con cobertura,70,796.0,1320.0,2116,
15305,Con cobertura,71,844.0,1191.0,2035,
15306,Con cobertura,72,733.0,1037.0,1770,
15307,Con cobertura,73,762.0,923.0,1685,
15308,Con cobertura,74,774.0,1060.0,1834,
15309,Con cobertura,75,662.0,1120.0,1782,
15310,Con cobertura,76,729.0,1284.0,2013,
15311,Con cobertura,77,653.0,1012.0,1665,
15312,Con cobertura,78,554.0,1057.0,1611,
15313,Con cobertura,79,598.0,863.0,1461,
15314,Con cobertura,80,561.0,921.0,1482,
15315,Con cobertura,81,401.0,823.0,1224,
15316,Con cobertura,82,447.0,693.0,1140,
15317,Con cobertura,83,350.0,653.0,1003,
15318,Con cobertura,84,319.0,609.0,928,
15319,Con cobertura,85,279.0,621.0,900,
15320,Con cobertura,86,212.0,409.0,621,
15321,Con cobertura,87,164.0,355.0,519,
15322,Con cobertura,88,155.0,416.0,571,
15323,Con cobertura,89,142.0,300.0,442,
15324,Con cobertura,90,99.0,229.0,328,
15325,Con cobertura,91,75.0,171.0,246,
15326,Con cobertura,92,42.0,158.0,200,
15327,Con cobertura,93,38.0,151.0,189,
15328,Con cobertura,94,57.0,104.0,161,
15329,Con cobertura,95,40.0,66.0,106,
15330,Con cobertura,96,20.0,60.0,80,
15331,Con cobertura,97,15.0,67.0,82,
15332,Con cobertura,98,3.0,21.0,24,
15333,Con cobertura,99,2.0,26.0,28,
15334,Con cobertura,100,5.0,24.0,29,
15335,Con cobertura,101,5.0,4.0,9,
15336,Con cobertura,102,2.0,1.0,3,
15337,Con cobertura,103,0.0,2.0,2,
15338,Con cobertura,104,1.0,1.0,2,
15339,Con cobertura,105,0.0,2.0,2,
15340,Con cobertura,106,0.0,1.0,1,
15341,Con cobertura,107,0.0,1.0,1,
15342,Con cobertura,110,1.0,11.0,12,
15345,Sin cobertura,0,162463.0,155074.0,317537,
15346,Sin cobertura,1,154312.0,150959.0,305271,
15347,Sin cobertura,2,151733.0,146111.0,297844,
15348,Sin cobertura,3,143635.0,141840.0,285475,
15349,Sin cobertura,4,143024.0,138491.0,281515,
15350,Sin cobertura,5,146169.0,141523.0,287692,
15351,Sin cobertura,6,149313.0,146253.0,295566,
15352,Sin cobertura,7,147675.0,145184.0,292859,
15353,Sin cobertura,8,148907.0,144223.0,293130,
15354,Sin cobertura,9,150099.0,143921.0,294020,
15355,Sin cobertura,10,157445.0,154111.0,311556,
15356,Sin cobertura,11,152855.0,149314.0,302169,
15357,Sin cobertura,12,153881.0,149654.0,303535,
15358,Sin cobertura,13,148756.0,146494.0,295250,
15359,Sin cobertura,14,166173.0,159954.0,326127,
15360,Sin cobertura,15,161112.0,158668.0,319780,
15361,Sin cobertura,16,155842.0,152521.0,308363,
15362,Sin cobertura,17,155137.0,148335.0,303472,
15363,Sin cobertura,18,170924.0,163073.0,333997,
15364,Sin cobertura,19,171793.0,166732.0,338525,
15365,Sin cobertura,20,165797.0,159223.0,325020,
15366,Sin cobertura,21,170054.0,169555.0,339609,
15367,Sin cobertura,22,164717.0,166881.0,331598,
15368,Sin cobertura,23,156619.0,161341.0,317960,
15369,Sin cobertura,24,152758.0,155560.0,308318,
15370,Sin cobertura,25,140093.0,142094.0,282187,
15371,Sin cobertura,26,132249.0,135397.0,267646,
15372,Sin cobertura,27,130852.0,130598.0,261450,
15373,Sin cobertura,28,135028.0,137144.0,272172,
15374,Sin cobertura,29,127261.0,127197.0,254458,
15375,Sin cobertura,30,130515.0,129965.0,260480,
15376,Sin cobertura,31,117944.0,119217.0,237161,
15377,Sin cobertura,32,113721.0,114749.0,228470,
15378,Sin cobertura,33,111033.0,110851.0,221884,
15379,Sin cobertura,34,100729.0,99284.0,200013,
15380,Sin cobertura,35,102904.0,101445.0,204349,
15381,Sin cobertura,36,93599.0,94425.0,188024,
15382,Sin cobertura,37,92649.0,90838.0,183487,
15383,Sin cobertura,38,90305.0,90028.0,180333,
15384,Sin cobertura,39,86754.0,85657.0,172411,
15385,Sin cobertura,40,90054.0,86479.0,176533,
15386,Sin cobertura,41,78840.0,77590.0,156430,
15387,Sin cobertura,42,78494.0,76452.0,154946,
15388,Sin cobertura,43,74692.0,73174.0,147866,
15389,Sin cobertura,44,73268.0,71445.0,144713,
15390,Sin cobertura,45,76339.0,74183.0,150522,
15391,Sin cobertura,46,75250.0,71463.0,146713,
15392,Sin cobertura,47,72821.0,72302.0,145123,
15393,Sin cobertura,48,71080.0,69123.0,140203,
15394,Sin cobertura,49,70216.0,67029.0,137245,
15395,Sin cobertura,50,74461.0,70656.0,145117,
15396,Sin cobertura,51,67469.0,63709.0,131178,
15397,Sin cobertura,52,66129.0,63490.0,129619,
15398,Sin cobertura,53,68824.0,63373.0,132197,
15399,Sin cobertura,54,65832.0,61444.0,127276,
15400,Sin cobertura,55,65311.0,58769.0,124080,
15401,Sin cobertura,56,63134.0,57445.0,120579,
15402,Sin cobertura,57,61102.0,54011.0,115113,
15403,Sin cobertura,58,60711.0,53432.0,114143,
15404,Sin cobertura,59,56982.0,49529.0,106511,
15405,Sin cobertura,60,56548.0,48278.0,104826,
15406,Sin cobertura,61,48938.0,26835.0,75773,
15407,Sin cobertura,62,47432.0,21205.0,68637,
15408,Sin cobertura,63,44902.0,14799.0,59701,
15409,Sin cobertura,64,38193.0,9807.0,48000,
15410,Sin cobertura,65,30216.0,9150.0,39366,
15411,Sin cobertura,66,13939.0,6863.0,20802,
15412,Sin cobertura,67,9789.0,6520.0,16309,
15413,Sin cobertura,68,7974.0,5819.0,13793,
15414,Sin cobertura,69,5710.0,4907.0,10617,
15415,Sin cobertura,70,6788.0,5967.0,12755,
15416,Sin cobertura,71,4142.0,4465.0,8607,
15417,Sin cobertura,72,3642.0,3774.0,7416,
15418,Sin cobertura,73,3784.0,3539.0,7323,
15419,Sin cobertura,74,3479.0,3445.0,6924,
15420,Sin cobertura,75,3321.0,4179.0,7500,
15421,Sin cobertura,76,2895.0,3467.0,6362,
15422,Sin cobertura,77,2752.0,3384.0,6136,
15423,Sin cobertura,78,2649.0,3284.0,5933,
15424,Sin cobertura,79,2345.0,2920.0,5265,
15425,Sin cobertura,80,2000.0,3198.0,5198,
15426,Sin cobertura,81,1459.0,2160.0,3619,
15427,Sin cobertura,82,1319.0,2003.0,3322,
15428,Sin cobertura,83,1076.0,1649.0,2725,
15429,Sin cobertura,84,881.0,1481.0,2362,
15430,Sin cobertura,85,784.0,1346.0,2130,
15431,Sin cobertura,86,665.0,1226.0,1891,
15432,Sin cobertura,87,489.0,1070.0,1559,
15433,Sin cobertura,88,405.0,946.0,1351,
15434,Sin cobertura,89,344.0,854.0,1198,
15435,Sin cobertura,90,274.0,838.0,1112,
15436,Sin cobertura,91,233.0,533.0,766,
15437,Sin cobertura,92,180.0,450.0,630,
15438,Sin cobertura,93,162.0,307.0,469,
15439,Sin cobertura,94,178.0,264.0,442,
15440,Sin cobertura,95,115.0,235.0,350,
15441,Sin cobertura,96,110.0,172.0,282,
15442,Sin cobertura,97,25.0,82.0,107,
15443,Sin cobertura,98,37.0,94.0,131,
15444,Sin cobertura,99,19.0,80.0,99,
15445,Sin cobertura,100,56.0,60.0,116,
15446,Sin cobertura,101,11.0,22.0,33,
15447,Sin cobertura,102,15.0,35.0,50,
15448,Sin cobertura,103,8.0,20.0,28,
15449,Sin cobertura,104,4.0,15.0,19,
15450,Sin cobertura,105,2.0,8.0,10,
15451,Sin cobertura,106,3.0,0.0,3,
15452,Sin cobertura,107,1.0,4.0,5,
15453,Sin cobertura,108,9.0,9.0,18,
15454,Sin cobertura,109,6.0,13.0,19,
15455,Sin cobertura,110,52.0,45.0,97,
