,cobertura,edad,varon,mujer,total,provincia
4,Obra social (incluye PAMI),0,5906,5544,11450,Ciudad Autónoma de Buenos Aires
5,Obra social (incluye PAMI),1,5229,5830,11059,Ciudad Autónoma de Buenos Aires
6,Obra social (incluye PAMI),2,5844,5608,11452,Ciudad Autónoma de Buenos Aires
7,Obra social (incluye PAMI),3,5461,5130,10591,Ciudad Autónoma de Buenos Aires
8,Obra social (incluye PAMI),4,5908,5811,11719,Ciudad Autónoma de Buenos Aires
9,Obra social (incluye PAMI),5,5796,5610,11406,Ciudad Autónoma de Buenos Aires
10,Obra social (incluye PAMI),6,6135,6314,12449,Ciudad Autónoma de Buenos Aires
11,Obra social (incluye PAMI),7,5941,5633,11574,Ciudad Autónoma de Buenos Aires
12,Obra social (incluye PAMI),8,5998,5551,11549,Ciudad Autónoma de Buenos Aires
13,Obra social (incluye PAMI),9,5789,5625,11414,Ciudad Autónoma de Buenos Aires
14,Obra social (incluye PAMI),10,6261,5994,12255,Ciudad Autónoma de Buenos Aires
15,Obra social (incluye PAMI),11,5595,5642,11237,Ciudad Autónoma de Buenos Aires
16,Obra social (incluye PAMI),12,6211,5734,11945,Ciudad Autónoma de Buenos Aires
17,Obra social (incluye PAMI),13,5821,6132,11953,Ciudad Autónoma de Buenos Aires
18,Obra social (incluye PAMI),14,6655,5955,12610,Ciudad Autónoma de Buenos Aires
19,Obra social (incluye PAMI),15,6438,6188,12626,Ciudad Autónoma de Buenos Aires
20,Obra social (incluye PAMI),16,6202,6136,12338,Ciudad Autónoma de Buenos Aires
21,Obra social (incluye PAMI),17,6166,6320,12486,Ciudad Autónoma de Buenos Aires
22,Obra social (incluye PAMI),18,7114,7354,14468,Ciudad Autónoma de Buenos Aires
23,Obra social (incluye PAMI),19,7932,7979,15911,Ciudad Autónoma de Buenos Aires
24,Obra social (incluye PAMI),20,8508,8607,17115,Ciudad Autónoma de Buenos Aires
25,Obra social (incluye PAMI),21,8239,8198,16437,Ciudad Autónoma de Buenos Aires
26,Obra social (incluye PAMI),22,8130,8331,16461,Ciudad Autónoma de Buenos Aires
27,Obra social (incluye PAMI),23,8601,9613,18214,Ciudad Autónoma de Buenos Aires
28,Obra social (incluye PAMI),24,9594,9398,18992,Ciudad Autónoma de Buenos Aires
29,Obra social (incluye PAMI),25,9015,8950,17965,Ciudad Autónoma de Buenos Aires
30,Obra social (incluye PAMI),26,9230,8657,17887,Ciudad Autónoma de Buenos Aires
31,Obra social (incluye PAMI),27,9350,9056,18406,Ciudad Autónoma de Buenos Aires
32,Obra social (incluye PAMI),28,9623,9762,19385,Ciudad Autónoma de Buenos Aires
33,Obra social (incluye PAMI),29,9556,8913,18469,Ciudad Autónoma de Buenos Aires
34,Obra social (incluye PAMI),30,10540,10351,20891,Ciudad Autónoma de Buenos Aires
35,Obra social (incluye PAMI),31,9453,9489,18942,Ciudad Autónoma de Buenos Aires
36,Obra social (incluye PAMI),32,8970,9301,18271,Ciudad Autónoma de Buenos Aires
37,Obra social (incluye PAMI),33,8758,9452,18210,Ciudad Autónoma de Buenos Aires
38,Obra social (incluye PAMI),34,8415,9308,17723,Ciudad Autónoma de Buenos Aires
39,Obra social (incluye PAMI),35,8056,9041,17097,Ciudad Autónoma de Buenos Aires
40,Obra social (incluye PAMI),36,8093,8705,16798,Ciudad Autónoma de Buenos Aires
41,Obra social (incluye PAMI),37,7854,8106,15960,Ciudad Autónoma de Buenos Aires
42,Obra social (incluye PAMI),38,7304,8053,15357,Ciudad Autónoma de Buenos Aires
43,Obra social (incluye PAMI),39,7896,7932,15828,Ciudad Autónoma de Buenos Aires
44,Obra social (incluye PAMI),40,7463,8034,15497,Ciudad Autónoma de Buenos Aires
45,Obra social (incluye PAMI),41,7168,7625,14793,Ciudad Autónoma de Buenos Aires
46,Obra social (incluye PAMI),42,6772,7368,14140,Ciudad Autónoma de Buenos Aires
47,Obra social (incluye PAMI),43,6044,7591,13635,Ciudad Autónoma de Buenos Aires
48,Obra social (incluye PAMI),44,6064,7128,13192,Ciudad Autónoma de Buenos Aires
49,Obra social (incluye PAMI),45,6436,7518,13954,Ciudad Autónoma de Buenos Aires
50,Obra social (incluye PAMI),46,6873,7728,14601,Ciudad Autónoma de Buenos Aires
51,Obra social (incluye PAMI),47,7133,7480,14613,Ciudad Autónoma de Buenos Aires
52,Obra social (incluye PAMI),48,6770,7861,14631,Ciudad Autónoma de Buenos Aires
53,Obra social (incluye PAMI),49,6533,8133,14666,Ciudad Autónoma de Buenos Aires
54,Obra social (incluye PAMI),50,6646,8379,15025,Ciudad Autónoma de Buenos Aires
55,Obra social (incluye PAMI),51,6331,7841,14172,Ciudad Autónoma de Buenos Aires
56,Obra social (incluye PAMI),52,6601,8152,14753,Ciudad Autónoma de Buenos Aires
57,Obra social (incluye PAMI),53,6966,8523,15489,Ciudad Autónoma de Buenos Aires
58,Obra social (incluye PAMI),54,6317,8502,14819,Ciudad Autónoma de Buenos Aires
59,Obra social (incluye PAMI),55,6561,8020,14581,Ciudad Autónoma de Buenos Aires
60,Obra social (incluye PAMI),56,6107,7863,13970,Ciudad Autónoma de Buenos Aires
61,Obra social (incluye PAMI),57,6457,8000,14457,Ciudad Autónoma de Buenos Aires
62,Obra social (incluye PAMI),58,5807,7672,13479,Ciudad Autónoma de Buenos Aires
63,Obra social (incluye PAMI),59,5402,7579,12981,Ciudad Autónoma de Buenos Aires
64,Obra social (incluye PAMI),60,6548,9304,15852,Ciudad Autónoma de Buenos Aires
65,Obra social (incluye PAMI),61,5633,9525,15158,Ciudad Autónoma de Buenos Aires
66,Obra social (incluye PAMI),62,5521,10849,16370,Ciudad Autónoma de Buenos Aires
67,Obra social (incluye PAMI),63,5517,10409,15926,Ciudad Autónoma de Buenos Aires
68,Obra social (incluye PAMI),64,5302,10239,15541,Ciudad Autónoma de Buenos Aires
69,Obra social (incluye PAMI),65,6319,11145,17464,Ciudad Autónoma de Buenos Aires
70,Obra social (incluye PAMI),66,6717,9766,16483,Ciudad Autónoma de Buenos Aires
71,Obra social (incluye PAMI),67,6436,9520,15956,Ciudad Autónoma de Buenos Aires
72,Obra social (incluye PAMI),68,6099,8886,14985,Ciudad Autónoma de Buenos Aires
73,Obra social (incluye PAMI),69,5773,8805,14578,Ciudad Autónoma de Buenos Aires
74,Obra social (incluye PAMI),70,6464,11378,17842,Ciudad Autónoma de Buenos Aires
75,Obra social (incluye PAMI),71,5530,8739,14269,Ciudad Autónoma de Buenos Aires
76,Obra social (incluye PAMI),72,5710,8853,14563,Ciudad Autónoma de Buenos Aires
77,Obra social (incluye PAMI),73,5086,8477,13563,Ciudad Autónoma de Buenos Aires
78,Obra social (incluye PAMI),74,5348,8354,13702,Ciudad Autónoma de Buenos Aires
79,Obra social (incluye PAMI),75,5184,9243,14427,Ciudad Autónoma de Buenos Aires
80,Obra social (incluye PAMI),76,4588,8740,13328,Ciudad Autónoma de Buenos Aires
81,Obra social (incluye PAMI),77,4977,8015,12992,Ciudad Autónoma de Buenos Aires
82,Obra social (incluye PAMI),78,5015,8987,14002,Ciudad Autónoma de Buenos Aires
83,Obra social (incluye PAMI),79,4803,8512,13315,Ciudad Autónoma de Buenos Aires
84,Obra social (incluye PAMI),80,4560,9129,13689,Ciudad Autónoma de Buenos Aires
85,Obra social (incluye PAMI),81,3965,8101,12066,Ciudad Autónoma de Buenos Aires
86,Obra social (incluye PAMI),82,3697,7970,11667,Ciudad Autónoma de Buenos Aires
87,Obra social (incluye PAMI),83,3305,7460,10765,Ciudad Autónoma de Buenos Aires
88,Obra social (incluye PAMI),84,2491,6981,9472,Ciudad Autónoma de Buenos Aires
89,Obra social (incluye PAMI),85,2855,6684,9539,Ciudad Autónoma de Buenos Aires
90,Obra social (incluye PAMI),86,2348,5968,8316,Ciudad Autónoma de Buenos Aires
91,Obra social (incluye PAMI),87,1925,5018,6943,Ciudad Autónoma de Buenos Aires
92,Obra social (incluye PAMI),88,1560,4710,6270,Ciudad Autónoma de Buenos Aires
93,Obra social (incluye PAMI),89,1316,3781,5097,Ciudad Autónoma de Buenos Aires
94,Obra social (incluye PAMI),90,1028,3234,4262,Ciudad Autónoma de Buenos Aires
95,Obra social (incluye PAMI),91,725,2050,2775,Ciudad Autónoma de Buenos Aires
96,Obra social (incluye PAMI),92,537,1823,2360,Ciudad Autónoma de Buenos Aires
97,Obra social (incluye PAMI),93,232,1642,1874,Ciudad Autónoma de Buenos Aires
98,Obra social (incluye PAMI),94,282,1221,1503,Ciudad Autónoma de Buenos Aires
99,Obra social (incluye PAMI),95,193,931,1124,Ciudad Autónoma de Buenos Aires
100,Obra social (incluye PAMI),96,122,634,756,Ciudad Autónoma de Buenos Aires
101,Obra social (incluye PAMI),97,66,446,512,Ciudad Autónoma de Buenos Aires
102,Obra social (incluye PAMI),98,61,362,423,Ciudad Autónoma de Buenos Aires
103,Obra social (incluye PAMI),99,36,162,198,Ciudad Autónoma de Buenos Aires
104,Obra social (incluye PAMI),100,26,199,225,Ciudad Autónoma de Buenos Aires
105,Obra social (incluye PAMI),101,1,94,95,Ciudad Autónoma de Buenos Aires
106,Obra social (incluye PAMI),102,11,64,75,Ciudad Autónoma de Buenos Aires
107,Obra social (incluye PAMI),103,-,27,27,Ciudad Autónoma de Buenos Aires
108,Obra social (incluye PAMI),104,10,17,27,Ciudad Autónoma de Buenos Aires
109,Obra social (incluye PAMI),105,3,6,9,Ciudad Autónoma de Buenos Aires
110,Obra social (incluye PAMI),106,-,4,4,Ciudad Autónoma de Buenos Aires
111,Obra social (incluye PAMI),107,-,2,2,Ciudad Autónoma de Buenos Aires
112,Obra social (incluye PAMI),108,-,1,1,Ciudad Autónoma de Buenos Aires
113,Obra social (incluye PAMI),109,1,2,3,Ciudad Autónoma de Buenos Aires
114,Obra social (incluye PAMI),110,-,10,10,Ciudad Autónoma de Buenos Aires
116,Prepaga a través de obra social,,Varón,Mujer,Total,Ciudad Autónoma de Buenos Aires
117,Prepaga a través de obra social,0,4954,4441,9395,Ciudad Autónoma de Buenos Aires
118,Prepaga a través de obra social,1,4285,4230,8515,Ciudad Autónoma de Buenos Aires
119,Prepaga a través de obra social,2,4576,4292,8868,Ciudad Autónoma de Buenos Aires
120,Prepaga a través de obra social,3,4255,3957,8212,Ciudad Autónoma de Buenos Aires
121,Prepaga a través de obra social,4,4149,4185,8334,Ciudad Autónoma de Buenos Aires
122,Prepaga a través de obra social,5,4468,4183,8651,Ciudad Autónoma de Buenos Aires
123,Prepaga a través de obra social,6,4009,3710,7719,Ciudad Autónoma de Buenos Aires
124,Prepaga a través de obra social,7,3654,3642,7296,Ciudad Autónoma de Buenos Aires
125,Prepaga a través de obra social,8,3728,3714,7442,Ciudad Autónoma de Buenos Aires
126,Prepaga a través de obra social,9,3743,3792,7535,Ciudad Autónoma de Buenos Aires
127,Prepaga a través de obra social,10,3608,3328,6936,Ciudad Autónoma de Buenos Aires
128,Prepaga a través de obra social,11,3208,3022,6230,Ciudad Autónoma de Buenos Aires
129,Prepaga a través de obra social,12,3436,3248,6684,Ciudad Autónoma de Buenos Aires
130,Prepaga a través de obra social,13,2800,2835,5635,Ciudad Autónoma de Buenos Aires
131,Prepaga a través de obra social,14,3285,2853,6138,Ciudad Autónoma de Buenos Aires
132,Prepaga a través de obra social,15,3220,3120,6340,Ciudad Autónoma de Buenos Aires
133,Prepaga a través de obra social,16,2929,2980,5909,Ciudad Autónoma de Buenos Aires
134,Prepaga a través de obra social,17,2787,3102,5889,Ciudad Autónoma de Buenos Aires
135,Prepaga a través de obra social,18,3251,3053,6304,Ciudad Autónoma de Buenos Aires
136,Prepaga a través de obra social,19,3323,3780,7103,Ciudad Autónoma de Buenos Aires
137,Prepaga a través de obra social,20,4117,3633,7750,Ciudad Autónoma de Buenos Aires
138,Prepaga a través de obra social,21,4039,4514,8553,Ciudad Autónoma de Buenos Aires
139,Prepaga a través de obra social,22,4347,4634,8981,Ciudad Autónoma de Buenos Aires
140,Prepaga a través de obra social,23,4544,4726,9270,Ciudad Autónoma de Buenos Aires
141,Prepaga a través de obra social,24,5220,5519,10739,Ciudad Autónoma de Buenos Aires
142,Prepaga a través de obra social,25,5196,6117,11313,Ciudad Autónoma de Buenos Aires
143,Prepaga a través de obra social,26,5516,6254,11770,Ciudad Autónoma de Buenos Aires
144,Prepaga a través de obra social,27,5350,6432,11782,Ciudad Autónoma de Buenos Aires
145,Prepaga a través de obra social,28,5646,6840,12486,Ciudad Autónoma de Buenos Aires
146,Prepaga a través de obra social,29,6292,7356,13648,Ciudad Autónoma de Buenos Aires
147,Prepaga a través de obra social,30,6815,7775,14590,Ciudad Autónoma de Buenos Aires
148,Prepaga a través de obra social,31,6933,7706,14639,Ciudad Autónoma de Buenos Aires
149,Prepaga a través de obra social,32,6408,7779,14187,Ciudad Autónoma de Buenos Aires
150,Prepaga a través de obra social,33,6373,7631,14004,Ciudad Autónoma de Buenos Aires
151,Prepaga a través de obra social,34,6647,7836,14483,Ciudad Autónoma de Buenos Aires
152,Prepaga a través de obra social,35,6312,7286,13598,Ciudad Autónoma de Buenos Aires
153,Prepaga a través de obra social,36,6067,7058,13125,Ciudad Autónoma de Buenos Aires
154,Prepaga a través de obra social,37,5686,6357,12043,Ciudad Autónoma de Buenos Aires
155,Prepaga a través de obra social,38,5988,5945,11933,Ciudad Autónoma de Buenos Aires
156,Prepaga a través de obra social,39,5338,5934,11272,Ciudad Autónoma de Buenos Aires
157,Prepaga a través de obra social,40,4840,6045,10885,Ciudad Autónoma de Buenos Aires
158,Prepaga a través de obra social,41,4580,5196,9776,Ciudad Autónoma de Buenos Aires
159,Prepaga a través de obra social,42,4430,4908,9338,Ciudad Autónoma de Buenos Aires
160,Prepaga a través de obra social,43,4074,4934,9008,Ciudad Autónoma de Buenos Aires
161,Prepaga a través de obra social,44,3837,4716,8553,Ciudad Autónoma de Buenos Aires
162,Prepaga a través de obra social,45,4259,4182,8441,Ciudad Autónoma de Buenos Aires
163,Prepaga a través de obra social,46,4038,4180,8218,Ciudad Autónoma de Buenos Aires
164,Prepaga a través de obra social,47,3804,4563,8367,Ciudad Autónoma de Buenos Aires
165,Prepaga a través de obra social,48,4022,4200,8222,Ciudad Autónoma de Buenos Aires
166,Prepaga a través de obra social,49,3523,4031,7554,Ciudad Autónoma de Buenos Aires
167,Prepaga a través de obra social,50,4009,4589,8598,Ciudad Autónoma de Buenos Aires
168,Prepaga a través de obra social,51,3301,4197,7498,Ciudad Autónoma de Buenos Aires
169,Prepaga a través de obra social,52,3564,3978,7542,Ciudad Autónoma de Buenos Aires
170,Prepaga a través de obra social,53,3392,3789,7181,Ciudad Autónoma de Buenos Aires
171,Prepaga a través de obra social,54,3179,4427,7606,Ciudad Autónoma de Buenos Aires
172,Prepaga a través de obra social,55,3408,4259,7667,Ciudad Autónoma de Buenos Aires
173,Prepaga a través de obra social,56,2978,4066,7044,Ciudad Autónoma de Buenos Aires
174,Prepaga a través de obra social,57,3132,3888,7020,Ciudad Autónoma de Buenos Aires
175,Prepaga a través de obra social,58,2910,3523,6433,Ciudad Autónoma de Buenos Aires
176,Prepaga a través de obra social,59,3049,3561,6610,Ciudad Autónoma de Buenos Aires
177,Prepaga a través de obra social,60,2850,3735,6585,Ciudad Autónoma de Buenos Aires
178,Prepaga a través de obra social,61,2657,2984,5641,Ciudad Autónoma de Buenos Aires
179,Prepaga a través de obra social,62,2737,2615,5352,Ciudad Autónoma de Buenos Aires
180,Prepaga a través de obra social,63,2692,2470,5162,Ciudad Autónoma de Buenos Aires
181,Prepaga a través de obra social,64,2339,2398,4737,Ciudad Autónoma de Buenos Aires
182,Prepaga a través de obra social,65,2269,2292,4561,Ciudad Autónoma de Buenos Aires
183,Prepaga a través de obra social,66,1804,1877,3681,Ciudad Autónoma de Buenos Aires
184,Prepaga a través de obra social,67,1303,1679,2982,Ciudad Autónoma de Buenos Aires
185,Prepaga a través de obra social,68,1298,1741,3039,Ciudad Autónoma de Buenos Aires
186,Prepaga a través de obra social,69,1190,1418,2608,Ciudad Autónoma de Buenos Aires
187,Prepaga a través de obra social,70,1053,1504,2557,Ciudad Autónoma de Buenos Aires
188,Prepaga a través de obra social,71,1068,1453,2521,Ciudad Autónoma de Buenos Aires
189,Prepaga a través de obra social,72,942,1457,2399,Ciudad Autónoma de Buenos Aires
190,Prepaga a través de obra social,73,841,1179,2020,Ciudad Autónoma de Buenos Aires
191,Prepaga a través de obra social,74,656,1126,1782,Ciudad Autónoma de Buenos Aires
192,Prepaga a través de obra social,75,692,1289,1981,Ciudad Autónoma de Buenos Aires
193,Prepaga a través de obra social,76,716,1076,1792,Ciudad Autónoma de Buenos Aires
194,Prepaga a través de obra social,77,578,1087,1665,Ciudad Autónoma de Buenos Aires
195,Prepaga a través de obra social,78,790,1186,1976,Ciudad Autónoma de Buenos Aires
196,Prepaga a través de obra social,79,625,1224,1849,Ciudad Autónoma de Buenos Aires
197,Prepaga a través de obra social,80,551,1171,1722,Ciudad Autónoma de Buenos Aires
198,Prepaga a través de obra social,81,631,1071,1702,Ciudad Autónoma de Buenos Aires
199,Prepaga a través de obra social,82,422,886,1308,Ciudad Autónoma de Buenos Aires
200,Prepaga a través de obra social,83,419,752,1171,Ciudad Autónoma de Buenos Aires
201,Prepaga a través de obra social,84,328,861,1189,Ciudad Autónoma de Buenos Aires
202,Prepaga a través de obra social,85,412,796,1208,Ciudad Autónoma de Buenos Aires
203,Prepaga a través de obra social,86,358,698,1056,Ciudad Autónoma de Buenos Aires
204,Prepaga a través de obra social,87,288,596,884,Ciudad Autónoma de Buenos Aires
205,Prepaga a través de obra social,88,248,488,736,Ciudad Autónoma de Buenos Aires
206,Prepaga a través de obra social,89,183,425,608,Ciudad Autónoma de Buenos Aires
207,Prepaga a través de obra social,90,180,316,496,Ciudad Autónoma de Buenos Aires
208,Prepaga a través de obra social,91,110,272,382,Ciudad Autónoma de Buenos Aires
209,Prepaga a través de obra social,92,87,238,325,Ciudad Autónoma de Buenos Aires
210,Prepaga a través de obra social,93,25,226,251,Ciudad Autónoma de Buenos Aires
211,Prepaga a través de obra social,94,52,137,189,Ciudad Autónoma de Buenos Aires
212,Prepaga a través de obra social,95,4,104,108,Ciudad Autónoma de Buenos Aires
213,Prepaga a través de obra social,96,45,92,137,Ciudad Autónoma de Buenos Aires
214,Prepaga a través de obra social,97,2,45,47,Ciudad Autónoma de Buenos Aires
215,Prepaga a través de obra social,98,3,36,39,Ciudad Autónoma de Buenos Aires
216,Prepaga a través de obra social,99,1,17,18,Ciudad Autónoma de Buenos Aires
217,Prepaga a través de obra social,100,12,17,29,Ciudad Autónoma de Buenos Aires
218,Prepaga a través de obra social,101,-,4,4,Ciudad Autónoma de Buenos Aires
219,Prepaga a través de obra social,102,-,2,2,Ciudad Autónoma de Buenos Aires
220,Prepaga a través de obra social,103,1,4,5,Ciudad Autónoma de Buenos Aires
221,Prepaga a través de obra social,105,-,1,1,Ciudad Autónoma de Buenos Aires
222,Prepaga a través de obra social,106,1,-,1,Ciudad Autónoma de Buenos Aires
223,Prepaga a través de obra social,108,-,1,1,Ciudad Autónoma de Buenos Aires
225,Prepaga sólo por contratación voluntaria,,Varón,Mujer,Total,Ciudad Autónoma de Buenos Aires
226,Prepaga sólo por contratación voluntaria,0,2467,2390,4857,Ciudad Autónoma de Buenos Aires
227,Prepaga sólo por contratación voluntaria,1,2150,2285,4435,Ciudad Autónoma de Buenos Aires
228,Prepaga sólo por contratación voluntaria,2,2434,2124,4558,Ciudad Autónoma de Buenos Aires
229,Prepaga sólo por contratación voluntaria,3,2208,2103,4311,Ciudad Autónoma de Buenos Aires
230,Prepaga sólo por contratación voluntaria,4,2133,2110,4243,Ciudad Autónoma de Buenos Aires
231,Prepaga sólo por contratación voluntaria,5,2039,2085,4124,Ciudad Autónoma de Buenos Aires
232,Prepaga sólo por contratación voluntaria,6,2094,2271,4365,Ciudad Autónoma de Buenos Aires
233,Prepaga sólo por contratación voluntaria,7,2101,1878,3979,Ciudad Autónoma de Buenos Aires
234,Prepaga sólo por contratación voluntaria,8,2136,1966,4102,Ciudad Autónoma de Buenos Aires
235,Prepaga sólo por contratación voluntaria,9,1848,1888,3736,Ciudad Autónoma de Buenos Aires
236,Prepaga sólo por contratación voluntaria,10,1795,2063,3858,Ciudad Autónoma de Buenos Aires
237,Prepaga sólo por contratación voluntaria,11,1803,1689,3492,Ciudad Autónoma de Buenos Aires
238,Prepaga sólo por contratación voluntaria,12,1761,1809,3570,Ciudad Autónoma de Buenos Aires
239,Prepaga sólo por contratación voluntaria,13,1945,1662,3607,Ciudad Autónoma de Buenos Aires
240,Prepaga sólo por contratación voluntaria,14,1932,2065,3997,Ciudad Autónoma de Buenos Aires
241,Prepaga sólo por contratación voluntaria,15,2130,1818,3948,Ciudad Autónoma de Buenos Aires
242,Prepaga sólo por contratación voluntaria,16,2019,1844,3863,Ciudad Autónoma de Buenos Aires
243,Prepaga sólo por contratación voluntaria,17,2075,1968,4043,Ciudad Autónoma de Buenos Aires
244,Prepaga sólo por contratación voluntaria,18,2085,2323,4408,Ciudad Autónoma de Buenos Aires
245,Prepaga sólo por contratación voluntaria,19,2588,2630,5218,Ciudad Autónoma de Buenos Aires
246,Prepaga sólo por contratación voluntaria,20,2502,2598,5100,Ciudad Autónoma de Buenos Aires
247,Prepaga sólo por contratación voluntaria,21,2699,2982,5681,Ciudad Autónoma de Buenos Aires
248,Prepaga sólo por contratación voluntaria,22,2581,3085,5666,Ciudad Autónoma de Buenos Aires
249,Prepaga sólo por contratación voluntaria,23,3016,3026,6042,Ciudad Autónoma de Buenos Aires
250,Prepaga sólo por contratación voluntaria,24,2582,3544,6126,Ciudad Autónoma de Buenos Aires
251,Prepaga sólo por contratación voluntaria,25,3053,3592,6645,Ciudad Autónoma de Buenos Aires
252,Prepaga sólo por contratación voluntaria,26,3143,3904,7047,Ciudad Autónoma de Buenos Aires
253,Prepaga sólo por contratación voluntaria,27,2808,3157,5965,Ciudad Autónoma de Buenos Aires
254,Prepaga sólo por contratación voluntaria,28,2791,3365,6156,Ciudad Autónoma de Buenos Aires
255,Prepaga sólo por contratación voluntaria,29,2614,3372,5986,Ciudad Autónoma de Buenos Aires
256,Prepaga sólo por contratación voluntaria,30,2874,3476,6350,Ciudad Autónoma de Buenos Aires
257,Prepaga sólo por contratación voluntaria,31,2927,3573,6500,Ciudad Autónoma de Buenos Aires
258,Prepaga sólo por contratación voluntaria,32,2963,3385,6348,Ciudad Autónoma de Buenos Aires
259,Prepaga sólo por contratación voluntaria,33,3110,3688,6798,Ciudad Autónoma de Buenos Aires
260,Prepaga sólo por contratación voluntaria,34,3119,3522,6641,Ciudad Autónoma de Buenos Aires
261,Prepaga sólo por contratación voluntaria,35,3151,3779,6930,Ciudad Autónoma de Buenos Aires
262,Prepaga sólo por contratación voluntaria,36,3161,2969,6130,Ciudad Autónoma de Buenos Aires
263,Prepaga sólo por contratación voluntaria,37,2885,3163,6048,Ciudad Autónoma de Buenos Aires
264,Prepaga sólo por contratación voluntaria,38,2526,3063,5589,Ciudad Autónoma de Buenos Aires
265,Prepaga sólo por contratación voluntaria,39,2684,3035,5719,Ciudad Autónoma de Buenos Aires
266,Prepaga sólo por contratación voluntaria,40,2677,2925,5602,Ciudad Autónoma de Buenos Aires
267,Prepaga sólo por contratación voluntaria,41,2613,2420,5033,Ciudad Autónoma de Buenos Aires
268,Prepaga sólo por contratación voluntaria,42,2365,2581,4946,Ciudad Autónoma de Buenos Aires
269,Prepaga sólo por contratación voluntaria,43,2403,3153,5556,Ciudad Autónoma de Buenos Aires
270,Prepaga sólo por contratación voluntaria,44,2312,2992,5304,Ciudad Autónoma de Buenos Aires
271,Prepaga sólo por contratación voluntaria,45,2503,2733,5236,Ciudad Autónoma de Buenos Aires
272,Prepaga sólo por contratación voluntaria,46,2285,2929,5214,Ciudad Autónoma de Buenos Aires
273,Prepaga sólo por contratación voluntaria,47,2418,2891,5309,Ciudad Autónoma de Buenos Aires
274,Prepaga sólo por contratación voluntaria,48,2362,2637,4999,Ciudad Autónoma de Buenos Aires
275,Prepaga sólo por contratación voluntaria,49,2490,2925,5415,Ciudad Autónoma de Buenos Aires
276,Prepaga sólo por contratación voluntaria,50,2654,3166,5820,Ciudad Autónoma de Buenos Aires
277,Prepaga sólo por contratación voluntaria,51,2537,2872,5409,Ciudad Autónoma de Buenos Aires
278,Prepaga sólo por contratación voluntaria,52,2333,2889,5222,Ciudad Autónoma de Buenos Aires
279,Prepaga sólo por contratación voluntaria,53,2610,2933,5543,Ciudad Autónoma de Buenos Aires
280,Prepaga sólo por contratación voluntaria,54,2416,3102,5518,Ciudad Autónoma de Buenos Aires
281,Prepaga sólo por contratación voluntaria,55,2771,3343,6114,Ciudad Autónoma de Buenos Aires
282,Prepaga sólo por contratación voluntaria,56,2623,2894,5517,Ciudad Autónoma de Buenos Aires
283,Prepaga sólo por contratación voluntaria,57,2299,2941,5240,Ciudad Autónoma de Buenos Aires
284,Prepaga sólo por contratación voluntaria,58,2268,3302,5570,Ciudad Autónoma de Buenos Aires
285,Prepaga sólo por contratación voluntaria,59,2511,3523,6034,Ciudad Autónoma de Buenos Aires
286,Prepaga sólo por contratación voluntaria,60,2906,3856,6762,Ciudad Autónoma de Buenos Aires
287,Prepaga sólo por contratación voluntaria,61,2503,3162,5665,Ciudad Autónoma de Buenos Aires
288,Prepaga sólo por contratación voluntaria,62,2832,3183,6015,Ciudad Autónoma de Buenos Aires
289,Prepaga sólo por contratación voluntaria,63,2516,2931,5447,Ciudad Autónoma de Buenos Aires
290,Prepaga sólo por contratación voluntaria,64,2616,3250,5866,Ciudad Autónoma de Buenos Aires
291,Prepaga sólo por contratación voluntaria,65,2347,3169,5516,Ciudad Autónoma de Buenos Aires
292,Prepaga sólo por contratación voluntaria,66,2222,2958,5180,Ciudad Autónoma de Buenos Aires
293,Prepaga sólo por contratación voluntaria,67,2036,2696,4732,Ciudad Autónoma de Buenos Aires
294,Prepaga sólo por contratación voluntaria,68,1888,2432,4320,Ciudad Autónoma de Buenos Aires
295,Prepaga sólo por contratación voluntaria,69,1559,2137,3696,Ciudad Autónoma de Buenos Aires
296,Prepaga sólo por contratación voluntaria,70,1687,2489,4176,Ciudad Autónoma de Buenos Aires
297,Prepaga sólo por contratación voluntaria,71,1599,1901,3500,Ciudad Autónoma de Buenos Aires
298,Prepaga sólo por contratación voluntaria,72,1433,1882,3315,Ciudad Autónoma de Buenos Aires
299,Prepaga sólo por contratación voluntaria,73,1357,1983,3340,Ciudad Autónoma de Buenos Aires
300,Prepaga sólo por contratación voluntaria,74,1154,1961,3115,Ciudad Autónoma de Buenos Aires
301,Prepaga sólo por contratación voluntaria,75,1270,1923,3193,Ciudad Autónoma de Buenos Aires
302,Prepaga sólo por contratación voluntaria,76,648,1614,2262,Ciudad Autónoma de Buenos Aires
303,Prepaga sólo por contratación voluntaria,77,1134,1444,2578,Ciudad Autónoma de Buenos Aires
304,Prepaga sólo por contratación voluntaria,78,1019,1602,2621,Ciudad Autónoma de Buenos Aires
305,Prepaga sólo por contratación voluntaria,79,1030,1778,2808,Ciudad Autónoma de Buenos Aires
306,Prepaga sólo por contratación voluntaria,80,877,1861,2738,Ciudad Autónoma de Buenos Aires
307,Prepaga sólo por contratación voluntaria,81,791,1459,2250,Ciudad Autónoma de Buenos Aires
308,Prepaga sólo por contratación voluntaria,82,950,1463,2413,Ciudad Autónoma de Buenos Aires
309,Prepaga sólo por contratación voluntaria,83,634,1400,2034,Ciudad Autónoma de Buenos Aires
310,Prepaga sólo por contratación voluntaria,84,648,1232,1880,Ciudad Autónoma de Buenos Aires
311,Prepaga sólo por contratación voluntaria,85,727,1349,2076,Ciudad Autónoma de Buenos Aires
312,Prepaga sólo por contratación voluntaria,86,395,947,1342,Ciudad Autónoma de Buenos Aires
313,Prepaga sólo por contratación voluntaria,87,350,842,1192,Ciudad Autónoma de Buenos Aires
314,Prepaga sólo por contratación voluntaria,88,350,812,1162,Ciudad Autónoma de Buenos Aires
315,Prepaga sólo por contratación voluntaria,89,222,574,796,Ciudad Autónoma de Buenos Aires
316,Prepaga sólo por contratación voluntaria,90,205,567,772,Ciudad Autónoma de Buenos Aires
317,Prepaga sólo por contratación voluntaria,91,116,218,334,Ciudad Autónoma de Buenos Aires
318,Prepaga sólo por contratación voluntaria,92,144,302,446,Ciudad Autónoma de Buenos Aires
319,Prepaga sólo por contratación voluntaria,93,83,304,387,Ciudad Autónoma de Buenos Aires
320,Prepaga sólo por contratación voluntaria,94,53,151,204,Ciudad Autónoma de Buenos Aires
321,Prepaga sólo por contratación voluntaria,95,14,197,211,Ciudad Autónoma de Buenos Aires
322,Prepaga sólo por contratación voluntaria,96,50,117,167,Ciudad Autónoma de Buenos Aires
323,Prepaga sólo por contratación voluntaria,97,1,50,51,Ciudad Autónoma de Buenos Aires
324,Prepaga sólo por contratación voluntaria,98,20,28,48,Ciudad Autónoma de Buenos Aires
325,Prepaga sólo por contratación voluntaria,99,3,50,53,Ciudad Autónoma de Buenos Aires
326,Prepaga sólo por contratación voluntaria,100,2,14,16,Ciudad Autónoma de Buenos Aires
327,Prepaga sólo por contratación voluntaria,101,1,3,4,Ciudad Autónoma de Buenos Aires
328,Prepaga sólo por contratación voluntaria,102,-,11,11,Ciudad Autónoma de Buenos Aires
329,Prepaga sólo por contratación voluntaria,103,-,2,2,Ciudad Autónoma de Buenos Aires
330,Prepaga sólo por contratación voluntaria,104,-,11,11,Ciudad Autónoma de Buenos Aires
331,Prepaga sólo por contratación voluntaria,105,-,2,2,Ciudad Autónoma de Buenos Aires
332,Prepaga sólo por contratación voluntaria,106,-,12,12,Ciudad Autónoma de Buenos Aires
333,Prepaga sólo por contratación voluntaria,107,-,3,3,Ciudad Autónoma de Buenos Aires
335,Programas o planes estatales de salud,,Varón,Mujer,Total,Ciudad Autónoma de Buenos Aires
336,Programas o planes estatales de salud,0,285,213,498,Ciudad Autónoma de Buenos Aires
337,Programas o planes estatales de salud,1,395,325,720,Ciudad Autónoma de Buenos Aires
338,Programas o planes estatales de salud,2,387,274,661,Ciudad Autónoma de Buenos Aires
339,Programas o planes estatales de salud,3,277,328,605,Ciudad Autónoma de Buenos Aires
340,Programas o planes estatales de salud,4,372,279,651,Ciudad Autónoma de Buenos Aires
341,Programas o planes estatales de salud,5,296,353,649,Ciudad Autónoma de Buenos Aires
342,Programas o planes estatales de salud,6,273,295,568,Ciudad Autónoma de Buenos Aires
343,Programas o planes estatales de salud,7,283,305,588,Ciudad Autónoma de Buenos Aires
344,Programas o planes estatales de salud,8,248,321,569,Ciudad Autónoma de Buenos Aires
345,Programas o planes estatales de salud,9,386,361,747,Ciudad Autónoma de Buenos Aires
346,Programas o planes estatales de salud,10,307,288,595,Ciudad Autónoma de Buenos Aires
347,Programas o planes estatales de salud,11,422,324,746,Ciudad Autónoma de Buenos Aires
348,Programas o planes estatales de salud,12,402,380,782,Ciudad Autónoma de Buenos Aires
349,Programas o planes estatales de salud,13,388,421,809,Ciudad Autónoma de Buenos Aires
350,Programas o planes estatales de salud,14,407,356,763,Ciudad Autónoma de Buenos Aires
351,Programas o planes estatales de salud,15,418,445,863,Ciudad Autónoma de Buenos Aires
352,Programas o planes estatales de salud,16,306,337,643,Ciudad Autónoma de Buenos Aires
353,Programas o planes estatales de salud,17,376,382,758,Ciudad Autónoma de Buenos Aires
354,Programas o planes estatales de salud,18,446,440,886,Ciudad Autónoma de Buenos Aires
355,Programas o planes estatales de salud,19,375,390,765,Ciudad Autónoma de Buenos Aires
356,Programas o planes estatales de salud,20,271,348,619,Ciudad Autónoma de Buenos Aires
357,Programas o planes estatales de salud,21,408,402,810,Ciudad Autónoma de Buenos Aires
358,Programas o planes estatales de salud,22,386,437,823,Ciudad Autónoma de Buenos Aires
359,Programas o planes estatales de salud,23,249,412,661,Ciudad Autónoma de Buenos Aires
360,Programas o planes estatales de salud,24,291,337,628,Ciudad Autónoma de Buenos Aires
361,Programas o planes estatales de salud,25,227,289,516,Ciudad Autónoma de Buenos Aires
362,Programas o planes estatales de salud,26,278,328,606,Ciudad Autónoma de Buenos Aires
363,Programas o planes estatales de salud,27,319,350,669,Ciudad Autónoma de Buenos Aires
364,Programas o planes estatales de salud,28,277,340,617,Ciudad Autónoma de Buenos Aires
365,Programas o planes estatales de salud,29,179,313,492,Ciudad Autónoma de Buenos Aires
366,Programas o planes estatales de salud,30,233,291,524,Ciudad Autónoma de Buenos Aires
367,Programas o planes estatales de salud,31,372,288,660,Ciudad Autónoma de Buenos Aires
368,Programas o planes estatales de salud,32,205,296,501,Ciudad Autónoma de Buenos Aires
369,Programas o planes estatales de salud,33,183,284,467,Ciudad Autónoma de Buenos Aires
370,Programas o planes estatales de salud,34,194,373,567,Ciudad Autónoma de Buenos Aires
371,Programas o planes estatales de salud,35,180,302,482,Ciudad Autónoma de Buenos Aires
372,Programas o planes estatales de salud,36,297,293,590,Ciudad Autónoma de Buenos Aires
373,Programas o planes estatales de salud,37,157,437,594,Ciudad Autónoma de Buenos Aires
374,Programas o planes estatales de salud,38,257,239,496,Ciudad Autónoma de Buenos Aires
375,Programas o planes estatales de salud,39,258,168,426,Ciudad Autónoma de Buenos Aires
376,Programas o planes estatales de salud,40,232,288,520,Ciudad Autónoma de Buenos Aires
377,Programas o planes estatales de salud,41,139,347,486,Ciudad Autónoma de Buenos Aires
378,Programas o planes estatales de salud,42,169,338,507,Ciudad Autónoma de Buenos Aires
379,Programas o planes estatales de salud,43,174,256,430,Ciudad Autónoma de Buenos Aires
380,Programas o planes estatales de salud,44,183,328,511,Ciudad Autónoma de Buenos Aires
381,Programas o planes estatales de salud,45,229,444,673,Ciudad Autónoma de Buenos Aires
382,Programas o planes estatales de salud,46,268,266,534,Ciudad Autónoma de Buenos Aires
383,Programas o planes estatales de salud,47,207,458,665,Ciudad Autónoma de Buenos Aires
384,Programas o planes estatales de salud,48,202,296,498,Ciudad Autónoma de Buenos Aires
385,Programas o planes estatales de salud,49,179,446,625,Ciudad Autónoma de Buenos Aires
386,Programas o planes estatales de salud,50,260,366,626,Ciudad Autónoma de Buenos Aires
387,Programas o planes estatales de salud,51,208,334,542,Ciudad Autónoma de Buenos Aires
388,Programas o planes estatales de salud,52,227,266,493,Ciudad Autónoma de Buenos Aires
389,Programas o planes estatales de salud,53,222,398,620,Ciudad Autónoma de Buenos Aires
390,Programas o planes estatales de salud,54,229,329,558,Ciudad Autónoma de Buenos Aires
391,Programas o planes estatales de salud,55,189,339,528,Ciudad Autónoma de Buenos Aires
392,Programas o planes estatales de salud,56,154,281,435,Ciudad Autónoma de Buenos Aires
393,Programas o planes estatales de salud,57,212,279,491,Ciudad Autónoma de Buenos Aires
394,Programas o planes estatales de salud,58,232,306,538,Ciudad Autónoma de Buenos Aires
395,Programas o planes estatales de salud,59,260,473,733,Ciudad Autónoma de Buenos Aires
396,Programas o planes estatales de salud,60,262,263,525,Ciudad Autónoma de Buenos Aires
397,Programas o planes estatales de salud,61,198,257,455,Ciudad Autónoma de Buenos Aires
398,Programas o planes estatales de salud,62,258,227,485,Ciudad Autónoma de Buenos Aires
399,Programas o planes estatales de salud,63,243,169,412,Ciudad Autónoma de Buenos Aires
400,Programas o planes estatales de salud,64,175,82,257,Ciudad Autónoma de Buenos Aires
401,Programas o planes estatales de salud,65,179,117,296,Ciudad Autónoma de Buenos Aires
402,Programas o planes estatales de salud,66,119,85,204,Ciudad Autónoma de Buenos Aires
403,Programas o planes estatales de salud,67,68,108,176,Ciudad Autónoma de Buenos Aires
404,Programas o planes estatales de salud,68,67,94,161,Ciudad Autónoma de Buenos Aires
405,Programas o planes estatales de salud,69,51,116,167,Ciudad Autónoma de Buenos Aires
406,Programas o planes estatales de salud,70,43,92,135,Ciudad Autónoma de Buenos Aires
407,Programas o planes estatales de salud,71,96,114,210,Ciudad Autónoma de Buenos Aires
408,Programas o planes estatales de salud,72,87,96,183,Ciudad Autónoma de Buenos Aires
409,Programas o planes estatales de salud,73,50,77,127,Ciudad Autónoma de Buenos Aires
410,Programas o planes estatales de salud,74,53,97,150,Ciudad Autónoma de Buenos Aires
411,Programas o planes estatales de salud,75,6,106,112,Ciudad Autónoma de Buenos Aires
412,Programas o planes estatales de salud,76,49,138,187,Ciudad Autónoma de Buenos Aires
413,Programas o planes estatales de salud,77,77,138,215,Ciudad Autónoma de Buenos Aires
414,Programas o planes estatales de salud,78,47,214,261,Ciudad Autónoma de Buenos Aires
415,Programas o planes estatales de salud,79,88,49,137,Ciudad Autónoma de Buenos Aires
416,Programas o planes estatales de salud,80,55,143,198,Ciudad Autónoma de Buenos Aires
417,Programas o planes estatales de salud,81,28,92,120,Ciudad Autónoma de Buenos Aires
418,Programas o planes estatales de salud,82,45,146,191,Ciudad Autónoma de Buenos Aires
419,Programas o planes estatales de salud,83,15,83,98,Ciudad Autónoma de Buenos Aires
420,Programas o planes estatales de salud,84,23,62,85,Ciudad Autónoma de Buenos Aires
421,Programas o planes estatales de salud,85,32,52,84,Ciudad Autónoma de Buenos Aires
422,Programas o planes estatales de salud,86,22,19,41,Ciudad Autónoma de Buenos Aires
423,Programas o planes estatales de salud,87,12,38,50,Ciudad Autónoma de Buenos Aires
424,Programas o planes estatales de salud,88,41,54,95,Ciudad Autónoma de Buenos Aires
425,Programas o planes estatales de salud,89,12,20,32,Ciudad Autónoma de Buenos Aires
426,Programas o planes estatales de salud,90,-,29,29,Ciudad Autónoma de Buenos Aires
427,Programas o planes estatales de salud,91,22,10,32,Ciudad Autónoma de Buenos Aires
428,Programas o planes estatales de salud,92,3,15,18,Ciudad Autónoma de Buenos Aires
429,Programas o planes estatales de salud,93,10,6,16,Ciudad Autónoma de Buenos Aires
430,Programas o planes estatales de salud,94,1,8,9,Ciudad Autónoma de Buenos Aires
431,Programas o planes estatales de salud,95,10,15,25,Ciudad Autónoma de Buenos Aires
432,Programas o planes estatales de salud,96,-,10,10,Ciudad Autónoma de Buenos Aires
433,Programas o planes estatales de salud,97,1,1,2,Ciudad Autónoma de Buenos Aires
434,Programas o planes estatales de salud,98,-,1,1,Ciudad Autónoma de Buenos Aires
435,Programas o planes estatales de salud,99,1,-,1,Ciudad Autónoma de Buenos Aires
436,Programas o planes estatales de salud,100,-,14,14,Ciudad Autónoma de Buenos Aires
437,Programas o planes estatales de salud,101,-,1,1,Ciudad Autónoma de Buenos Aires
439,"No tiene obra social, prepaga o plan estatal",,Varón,Mujer,Total,Ciudad Autónoma de Buenos Aires
440,"No tiene obra social, prepaga o plan estatal",0,4612,4539,9151,Ciudad Autónoma de Buenos Aires
441,"No tiene obra social, prepaga o plan estatal",1,4442,4083,8525,Ciudad Autónoma de Buenos Aires
442,"No tiene obra social, prepaga o plan estatal",2,4084,3974,8058,Ciudad Autónoma de Buenos Aires
443,"No tiene obra social, prepaga o plan estatal",3,4056,3848,7904,Ciudad Autónoma de Buenos Aires
444,"No tiene obra social, prepaga o plan estatal",4,4108,3828,7936,Ciudad Autónoma de Buenos Aires
445,"No tiene obra social, prepaga o plan estatal",5,3478,3623,7101,Ciudad Autónoma de Buenos Aires
446,"No tiene obra social, prepaga o plan estatal",6,3480,3356,6836,Ciudad Autónoma de Buenos Aires
447,"No tiene obra social, prepaga o plan estatal",7,3748,3422,7170,Ciudad Autónoma de Buenos Aires
448,"No tiene obra social, prepaga o plan estatal",8,3672,3347,7019,Ciudad Autónoma de Buenos Aires
449,"No tiene obra social, prepaga o plan estatal",9,3801,3464,7265,Ciudad Autónoma de Buenos Aires
450,"No tiene obra social, prepaga o plan estatal",10,3874,3325,7199,Ciudad Autónoma de Buenos Aires
451,"No tiene obra social, prepaga o plan estatal",11,3509,3425,6934,Ciudad Autónoma de Buenos Aires
452,"No tiene obra social, prepaga o plan estatal",12,3733,3599,7332,Ciudad Autónoma de Buenos Aires
453,"No tiene obra social, prepaga o plan estatal",13,3281,3439,6720,Ciudad Autónoma de Buenos Aires
454,"No tiene obra social, prepaga o plan estatal",14,3800,3751,7551,Ciudad Autónoma de Buenos Aires
455,"No tiene obra social, prepaga o plan estatal",15,3845,3715,7560,Ciudad Autónoma de Buenos Aires
456,"No tiene obra social, prepaga o plan estatal",16,3718,3702,7420,Ciudad Autónoma de Buenos Aires
457,"No tiene obra social, prepaga o plan estatal",17,3955,4054,8009,Ciudad Autónoma de Buenos Aires
458,"No tiene obra social, prepaga o plan estatal",18,4730,4764,9494,Ciudad Autónoma de Buenos Aires
459,"No tiene obra social, prepaga o plan estatal",19,4850,5512,10362,Ciudad Autónoma de Buenos Aires
460,"No tiene obra social, prepaga o plan estatal",20,5709,6217,11926,Ciudad Autónoma de Buenos Aires
461,"No tiene obra social, prepaga o plan estatal",21,6084,6666,12750,Ciudad Autónoma de Buenos Aires
462,"No tiene obra social, prepaga o plan estatal",22,6652,6448,13100,Ciudad Autónoma de Buenos Aires
463,"No tiene obra social, prepaga o plan estatal",23,6400,6257,12657,Ciudad Autónoma de Buenos Aires
464,"No tiene obra social, prepaga o plan estatal",24,6497,6418,12915,Ciudad Autónoma de Buenos Aires
465,"No tiene obra social, prepaga o plan estatal",25,6536,6379,12915,Ciudad Autónoma de Buenos Aires
466,"No tiene obra social, prepaga o plan estatal",26,6294,5861,12155,Ciudad Autónoma de Buenos Aires
467,"No tiene obra social, prepaga o plan estatal",27,5905,5621,11526,Ciudad Autónoma de Buenos Aires
468,"No tiene obra social, prepaga o plan estatal",28,5846,5925,11771,Ciudad Autónoma de Buenos Aires
469,"No tiene obra social, prepaga o plan estatal",29,5751,5326,11077,Ciudad Autónoma de Buenos Aires
470,"No tiene obra social, prepaga o plan estatal",30,5791,5133,10924,Ciudad Autónoma de Buenos Aires
471,"No tiene obra social, prepaga o plan estatal",31,4710,4858,9568,Ciudad Autónoma de Buenos Aires
472,"No tiene obra social, prepaga o plan estatal",32,5053,4450,9503,Ciudad Autónoma de Buenos Aires
473,"No tiene obra social, prepaga o plan estatal",33,4703,4789,9492,Ciudad Autónoma de Buenos Aires
474,"No tiene obra social, prepaga o plan estatal",34,4153,4221,8374,Ciudad Autónoma de Buenos Aires
475,"No tiene obra social, prepaga o plan estatal",35,4466,4462,8928,Ciudad Autónoma de Buenos Aires
476,"No tiene obra social, prepaga o plan estatal",36,4267,4185,8452,Ciudad Autónoma de Buenos Aires
477,"No tiene obra social, prepaga o plan estatal",37,4044,3821,7865,Ciudad Autónoma de Buenos Aires
478,"No tiene obra social, prepaga o plan estatal",38,3609,3681,7290,Ciudad Autónoma de Buenos Aires
479,"No tiene obra social, prepaga o plan estatal",39,3292,3763,7055,Ciudad Autónoma de Buenos Aires
480,"No tiene obra social, prepaga o plan estatal",40,3625,3841,7466,Ciudad Autónoma de Buenos Aires
481,"No tiene obra social, prepaga o plan estatal",41,3099,3515,6614,Ciudad Autónoma de Buenos Aires
482,"No tiene obra social, prepaga o plan estatal",42,3247,3428,6675,Ciudad Autónoma de Buenos Aires
483,"No tiene obra social, prepaga o plan estatal",43,3263,2990,6253,Ciudad Autónoma de Buenos Aires
484,"No tiene obra social, prepaga o plan estatal",44,2924,2856,5780,Ciudad Autónoma de Buenos Aires
485,"No tiene obra social, prepaga o plan estatal",45,2884,3067,5951,Ciudad Autónoma de Buenos Aires
486,"No tiene obra social, prepaga o plan estatal",46,2937,2993,5930,Ciudad Autónoma de Buenos Aires
487,"No tiene obra social, prepaga o plan estatal",47,2929,2724,5653,Ciudad Autónoma de Buenos Aires
488,"No tiene obra social, prepaga o plan estatal",48,2506,2882,5388,Ciudad Autónoma de Buenos Aires
489,"No tiene obra social, prepaga o plan estatal",49,2813,3085,5898,Ciudad Autónoma de Buenos Aires
490,"No tiene obra social, prepaga o plan estatal",50,3030,3568,6598,Ciudad Autónoma de Buenos Aires
491,"No tiene obra social, prepaga o plan estatal",51,2344,3275,5619,Ciudad Autónoma de Buenos Aires
492,"No tiene obra social, prepaga o plan estatal",52,2714,2838,5552,Ciudad Autónoma de Buenos Aires
493,"No tiene obra social, prepaga o plan estatal",53,2192,2864,5056,Ciudad Autónoma de Buenos Aires
494,"No tiene obra social, prepaga o plan estatal",54,2413,2841,5254,Ciudad Autónoma de Buenos Aires
495,"No tiene obra social, prepaga o plan estatal",55,2488,2641,5129,Ciudad Autónoma de Buenos Aires
496,"No tiene obra social, prepaga o plan estatal",56,2359,2851,5210,Ciudad Autónoma de Buenos Aires
497,"No tiene obra social, prepaga o plan estatal",57,2360,2468,4828,Ciudad Autónoma de Buenos Aires
498,"No tiene obra social, prepaga o plan estatal",58,2212,2630,4842,Ciudad Autónoma de Buenos Aires
499,"No tiene obra social, prepaga o plan estatal",59,1891,2286,4177,Ciudad Autónoma de Buenos Aires
500,"No tiene obra social, prepaga o plan estatal",60,2204,2588,4792,Ciudad Autónoma de Buenos Aires
501,"No tiene obra social, prepaga o plan estatal",61,1968,1463,3431,Ciudad Autónoma de Buenos Aires
502,"No tiene obra social, prepaga o plan estatal",62,1666,1308,2974,Ciudad Autónoma de Buenos Aires
503,"No tiene obra social, prepaga o plan estatal",63,1739,1151,2890,Ciudad Autónoma de Buenos Aires
504,"No tiene obra social, prepaga o plan estatal",64,1718,823,2541,Ciudad Autónoma de Buenos Aires
505,"No tiene obra social, prepaga o plan estatal",65,1512,791,2303,Ciudad Autónoma de Buenos Aires
506,"No tiene obra social, prepaga o plan estatal",66,834,591,1425,Ciudad Autónoma de Buenos Aires
507,"No tiene obra social, prepaga o plan estatal",67,648,551,1199,Ciudad Autónoma de Buenos Aires
508,"No tiene obra social, prepaga o plan estatal",68,521,516,1037,Ciudad Autónoma de Buenos Aires
509,"No tiene obra social, prepaga o plan estatal",69,342,376,718,Ciudad Autónoma de Buenos Aires
510,"No tiene obra social, prepaga o plan estatal",70,397,530,927,Ciudad Autónoma de Buenos Aires
511,"No tiene obra social, prepaga o plan estatal",71,196,318,514,Ciudad Autónoma de Buenos Aires
512,"No tiene obra social, prepaga o plan estatal",72,268,271,539,Ciudad Autónoma de Buenos Aires
513,"No tiene obra social, prepaga o plan estatal",73,232,229,461,Ciudad Autónoma de Buenos Aires
514,"No tiene obra social, prepaga o plan estatal",74,204,277,481,Ciudad Autónoma de Buenos Aires
515,"No tiene obra social, prepaga o plan estatal",75,159,245,404,Ciudad Autónoma de Buenos Aires
516,"No tiene obra social, prepaga o plan estatal",76,206,187,393,Ciudad Autónoma de Buenos Aires
517,"No tiene obra social, prepaga o plan estatal",77,103,152,255,Ciudad Autónoma de Buenos Aires
518,"No tiene obra social, prepaga o plan estatal",78,146,239,385,Ciudad Autónoma de Buenos Aires
519,"No tiene obra social, prepaga o plan estatal",79,72,229,301,Ciudad Autónoma de Buenos Aires
520,"No tiene obra social, prepaga o plan estatal",80,67,255,322,Ciudad Autónoma de Buenos Aires
521,"No tiene obra social, prepaga o plan estatal",81,81,158,239,Ciudad Autónoma de Buenos Aires
522,"No tiene obra social, prepaga o plan estatal",82,40,166,206,Ciudad Autónoma de Buenos Aires
523,"No tiene obra social, prepaga o plan estatal",83,58,133,191,Ciudad Autónoma de Buenos Aires
524,"No tiene obra social, prepaga o plan estatal",84,22,126,148,Ciudad Autónoma de Buenos Aires
525,"No tiene obra social, prepaga o plan estatal",85,62,125,187,Ciudad Autónoma de Buenos Aires
526,"No tiene obra social, prepaga o plan estatal",86,59,93,152,Ciudad Autónoma de Buenos Aires
527,"No tiene obra social, prepaga o plan estatal",87,17,145,162,Ciudad Autónoma de Buenos Aires
528,"No tiene obra social, prepaga o plan estatal",88,13,97,110,Ciudad Autónoma de Buenos Aires
529,"No tiene obra social, prepaga o plan estatal",89,3,110,113,Ciudad Autónoma de Buenos Aires
530,"No tiene obra social, prepaga o plan estatal",90,10,61,71,Ciudad Autónoma de Buenos Aires
531,"No tiene obra social, prepaga o plan estatal",91,10,77,87,Ciudad Autónoma de Buenos Aires
532,"No tiene obra social, prepaga o plan estatal",92,2,24,26,Ciudad Autónoma de Buenos Aires
533,"No tiene obra social, prepaga o plan estatal",93,-,14,14,Ciudad Autónoma de Buenos Aires
534,"No tiene obra social, prepaga o plan estatal",94,10,25,35,Ciudad Autónoma de Buenos Aires
535,"No tiene obra social, prepaga o plan estatal",95,12,16,28,Ciudad Autónoma de Buenos Aires
536,"No tiene obra social, prepaga o plan estatal",96,19,2,21,Ciudad Autónoma de Buenos Aires
537,"No tiene obra social, prepaga o plan estatal",97,9,14,23,Ciudad Autónoma de Buenos Aires
538,"No tiene obra social, prepaga o plan estatal",98,13,21,34,Ciudad Autónoma de Buenos Aires
539,"No tiene obra social, prepaga o plan estatal",99,-,1,1,Ciudad Autónoma de Buenos Aires
540,"No tiene obra social, prepaga o plan estatal",101,-,1,1,Ciudad Autónoma de Buenos Aires
541,"No tiene obra social, prepaga o plan estatal",102,-,10,10,Ciudad Autónoma de Buenos Aires
542,"No tiene obra social, prepaga o plan estatal",103,2,-,2,Ciudad Autónoma de Buenos Aires
543,"No tiene obra social, prepaga o plan estatal",104,1,-,1,Ciudad Autónoma de Buenos Aires
544,"No tiene obra social, prepaga o plan estatal",107,-,1,1,Ciudad Autónoma de Buenos Aires
660,AREA # 06,Buenos Aires,,,,Buenos Aires
661,AREA # 06,,,,,Buenos Aires
662,Cobertura de salud,Edad,Sexo,,,Buenos Aires
663,Obra social (incluye PAMI),,Varón,Mujer,Total,Buenos Aires
664,Obra social (incluye PAMI),0,50336,47844,98180,Buenos Aires
665,Obra social (incluye PAMI),1,50624,48760,99384,Buenos Aires
666,Obra social (incluye PAMI),2,52523,49981,102504,Buenos Aires
667,Obra social (incluye PAMI),3,51035,48063,99098,Buenos Aires
668,Obra social (incluye PAMI),4,53862,52669,106531,Buenos Aires
669,Obra social (incluye PAMI),5,53050,54447,107497,Buenos Aires
670,Obra social (incluye PAMI),6,56188,53305,109493,Buenos Aires
671,Obra social (incluye PAMI),7,54243,52130,106373,Buenos Aires
672,Obra social (incluye PAMI),8,54198,51571,105769,Buenos Aires
673,Obra social (incluye PAMI),9,55157,53619,108776,Buenos Aires
674,Obra social (incluye PAMI),10,55867,54342,110209,Buenos Aires
675,Obra social (incluye PAMI),11,54693,51239,105932,Buenos Aires
676,Obra social (incluye PAMI),12,54498,52252,106750,Buenos Aires
677,Obra social (incluye PAMI),13,52528,52326,104854,Buenos Aires
678,Obra social (incluye PAMI),14,58004,55351,113355,Buenos Aires
679,Obra social (incluye PAMI),15,54891,53985,108876,Buenos Aires
680,Obra social (incluye PAMI),16,53559,53108,106667,Buenos Aires
681,Obra social (incluye PAMI),17,53328,51586,104914,Buenos Aires
682,Obra social (incluye PAMI),18,52092,51556,103648,Buenos Aires
683,Obra social (incluye PAMI),19,52307,53953,106260,Buenos Aires
684,Obra social (incluye PAMI),20,52059,52338,104397,Buenos Aires
685,Obra social (incluye PAMI),21,45501,41184,86685,Buenos Aires
686,Obra social (incluye PAMI),22,45446,42454,87900,Buenos Aires
687,Obra social (incluye PAMI),23,48314,44515,92829,Buenos Aires
688,Obra social (incluye PAMI),24,48148,45572,93720,Buenos Aires
689,Obra social (incluye PAMI),25,47521,45637,93158,Buenos Aires
690,Obra social (incluye PAMI),26,47708,44212,91920,Buenos Aires
691,Obra social (incluye PAMI),27,47163,46997,94160,Buenos Aires
692,Obra social (incluye PAMI),28,51979,50424,102403,Buenos Aires
693,Obra social (incluye PAMI),29,51033,51191,102224,Buenos Aires
694,Obra social (incluye PAMI),30,54836,53303,108139,Buenos Aires
695,Obra social (incluye PAMI),31,53639,53670,107309,Buenos Aires
696,Obra social (incluye PAMI),32,51351,53410,104761,Buenos Aires
697,Obra social (incluye PAMI),33,52675,53803,106478,Buenos Aires
698,Obra social (incluye PAMI),34,48077,50938,99015,Buenos Aires
699,Obra social (incluye PAMI),35,49242,51138,100380,Buenos Aires
700,Obra social (incluye PAMI),36,46223,47144,93367,Buenos Aires
701,Obra social (incluye PAMI),37,47286,48282,95568,Buenos Aires
702,Obra social (incluye PAMI),38,46439,47123,93562,Buenos Aires
703,Obra social (incluye PAMI),39,45231,48147,93378,Buenos Aires
704,Obra social (incluye PAMI),40,45269,47581,92850,Buenos Aires
705,Obra social (incluye PAMI),41,40696,45730,86426,Buenos Aires
706,Obra social (incluye PAMI),42,39583,43847,83430,Buenos Aires
707,Obra social (incluye PAMI),43,38852,41238,80090,Buenos Aires
708,Obra social (incluye PAMI),44,38062,41656,79718,Buenos Aires
709,Obra social (incluye PAMI),45,39130,42074,81204,Buenos Aires
710,Obra social (incluye PAMI),46,38193,42941,81134,Buenos Aires
711,Obra social (incluye PAMI),47,39383,41734,81117,Buenos Aires
712,Obra social (incluye PAMI),48,38015,41907,79922,Buenos Aires
713,Obra social (incluye PAMI),49,36419,39908,76327,Buenos Aires
714,Obra social (incluye PAMI),50,37409,40289,77698,Buenos Aires
715,Obra social (incluye PAMI),51,34424,39764,74188,Buenos Aires
716,Obra social (incluye PAMI),52,33642,38595,72237,Buenos Aires
717,Obra social (incluye PAMI),53,34117,38251,72368,Buenos Aires
718,Obra social (incluye PAMI),54,32240,39054,71294,Buenos Aires
719,Obra social (incluye PAMI),55,31736,38448,70184,Buenos Aires
720,Obra social (incluye PAMI),56,30352,37865,68217,Buenos Aires
721,Obra social (incluye PAMI),57,30785,37845,68630,Buenos Aires
722,Obra social (incluye PAMI),58,29545,39166,68711,Buenos Aires
723,Obra social (incluye PAMI),59,29064,39884,68948,Buenos Aires
724,Obra social (incluye PAMI),60,31419,45268,76687,Buenos Aires
725,Obra social (incluye PAMI),61,28215,48874,77089,Buenos Aires
726,Obra social (incluye PAMI),62,29202,53472,82674,Buenos Aires
727,Obra social (incluye PAMI),63,29451,53249,82700,Buenos Aires
728,Obra social (incluye PAMI),64,28851,54003,82854,Buenos Aires
729,Obra social (incluye PAMI),65,36104,55419,91523,Buenos Aires
730,Obra social (incluye PAMI),66,40154,50931,91085,Buenos Aires
731,Obra social (incluye PAMI),67,38670,50365,89035,Buenos Aires
732,Obra social (incluye PAMI),68,36759,47019,83778,Buenos Aires
733,Obra social (incluye PAMI),69,35409,44918,80327,Buenos Aires
734,Obra social (incluye PAMI),70,37231,48074,85305,Buenos Aires
735,Obra social (incluye PAMI),71,33832,42348,76180,Buenos Aires
736,Obra social (incluye PAMI),72,29970,40021,69991,Buenos Aires
737,Obra social (incluye PAMI),73,28964,40570,69534,Buenos Aires
738,Obra social (incluye PAMI),74,27124,38030,65154,Buenos Aires
739,Obra social (incluye PAMI),75,27237,39029,66266,Buenos Aires
740,Obra social (incluye PAMI),76,23100,35367,58467,Buenos Aires
741,Obra social (incluye PAMI),77,21821,35783,57604,Buenos Aires
742,Obra social (incluye PAMI),78,22267,34177,56444,Buenos Aires
743,Obra social (incluye PAMI),79,20911,32686,53597,Buenos Aires
744,Obra social (incluye PAMI),80,18361,33258,51619,Buenos Aires
745,Obra social (incluye PAMI),81,16463,28803,45266,Buenos Aires
746,Obra social (incluye PAMI),82,14431,26626,41057,Buenos Aires
747,Obra social (incluye PAMI),83,12521,24646,37167,Buenos Aires
748,Obra social (incluye PAMI),84,11249,22881,34130,Buenos Aires
749,Obra social (incluye PAMI),85,9771,20026,29797,Buenos Aires
750,Obra social (incluye PAMI),86,8318,17779,26097,Buenos Aires
751,Obra social (incluye PAMI),87,7123,15682,22805,Buenos Aires
752,Obra social (incluye PAMI),88,5097,13654,18751,Buenos Aires
753,Obra social (incluye PAMI),89,4211,11221,15432,Buenos Aires
754,Obra social (incluye PAMI),90,3230,8920,12150,Buenos Aires
755,Obra social (incluye PAMI),91,1995,6174,8169,Buenos Aires
756,Obra social (incluye PAMI),92,1507,5106,6613,Buenos Aires
757,Obra social (incluye PAMI),93,1194,3846,5040,Buenos Aires
758,Obra social (incluye PAMI),94,815,2971,3786,Buenos Aires
759,Obra social (incluye PAMI),95,546,2318,2864,Buenos Aires
760,Obra social (incluye PAMI),96,407,1528,1935,Buenos Aires
761,Obra social (incluye PAMI),97,270,1199,1469,Buenos Aires
762,Obra social (incluye PAMI),98,142,839,981,Buenos Aires
763,Obra social (incluye PAMI),99,79,431,510,Buenos Aires
764,Obra social (incluye PAMI),100,61,409,470,Buenos Aires
765,Obra social (incluye PAMI),101,36,218,254,Buenos Aires
766,Obra social (incluye PAMI),102,20,109,129,Buenos Aires
767,Obra social (incluye PAMI),103,12,52,64,Buenos Aires
768,Obra social (incluye PAMI),104,1,21,22,Buenos Aires
769,Obra social (incluye PAMI),105,2,8,10,Buenos Aires
770,Obra social (incluye PAMI),106,3,17,20,Buenos Aires
771,Obra social (incluye PAMI),107,2,7,9,Buenos Aires
772,Obra social (incluye PAMI),108,10,-,10,Buenos Aires
773,Obra social (incluye PAMI),109,1,2,3,Buenos Aires
774,Obra social (incluye PAMI),110,6,45,51,Buenos Aires
776,Prepaga a través de obra social,,Varón,Mujer,Total,Buenos Aires
777,Prepaga a través de obra social,0,15193,14442,29635,Buenos Aires
778,Prepaga a través de obra social,1,15039,14447,29486,Buenos Aires
779,Prepaga a través de obra social,2,14906,14668,29574,Buenos Aires
780,Prepaga a través de obra social,3,14153,14274,28427,Buenos Aires
781,Prepaga a través de obra social,4,15585,15047,30632,Buenos Aires
782,Prepaga a través de obra social,5,15256,15135,30391,Buenos Aires
783,Prepaga a través de obra social,6,15937,15813,31750,Buenos Aires
784,Prepaga a través de obra social,7,15612,14185,29797,Buenos Aires
785,Prepaga a través de obra social,8,14558,13704,28262,Buenos Aires
786,Prepaga a través de obra social,9,14647,13804,28451,Buenos Aires
787,Prepaga a través de obra social,10,14337,14363,28700,Buenos Aires
788,Prepaga a través de obra social,11,13590,13262,26852,Buenos Aires
789,Prepaga a través de obra social,12,13723,13080,26803,Buenos Aires
790,Prepaga a través de obra social,13,12661,12970,25631,Buenos Aires
791,Prepaga a través de obra social,14,14097,12368,26465,Buenos Aires
792,Prepaga a través de obra social,15,13927,12739,26666,Buenos Aires
793,Prepaga a través de obra social,16,12885,12036,24921,Buenos Aires
794,Prepaga a través de obra social,17,11634,12594,24228,Buenos Aires
795,Prepaga a través de obra social,18,12684,11984,24668,Buenos Aires
796,Prepaga a través de obra social,19,12401,12375,24776,Buenos Aires
797,Prepaga a través de obra social,20,12905,12837,25742,Buenos Aires
798,Prepaga a través de obra social,21,11869,10407,22276,Buenos Aires
799,Prepaga a través de obra social,22,12530,11510,24040,Buenos Aires
800,Prepaga a través de obra social,23,12495,13275,25770,Buenos Aires
801,Prepaga a través de obra social,24,14957,13135,28092,Buenos Aires
802,Prepaga a través de obra social,25,14167,13987,28154,Buenos Aires
803,Prepaga a través de obra social,26,14268,13656,27924,Buenos Aires
804,Prepaga a través de obra social,27,14222,15773,29995,Buenos Aires
805,Prepaga a través de obra social,28,15231,15996,31227,Buenos Aires
806,Prepaga a través de obra social,29,16461,15901,32362,Buenos Aires
807,Prepaga a través de obra social,30,16593,17119,33712,Buenos Aires
808,Prepaga a través de obra social,31,16913,16730,33643,Buenos Aires
809,Prepaga a través de obra social,32,16456,17405,33861,Buenos Aires
810,Prepaga a través de obra social,33,15842,17547,33389,Buenos Aires
811,Prepaga a través de obra social,34,16125,16499,32624,Buenos Aires
812,Prepaga a través de obra social,35,15424,16685,32109,Buenos Aires
813,Prepaga a través de obra social,36,14962,15163,30125,Buenos Aires
814,Prepaga a través de obra social,37,15633,14876,30509,Buenos Aires
815,Prepaga a través de obra social,38,14804,15114,29918,Buenos Aires
816,Prepaga a través de obra social,39,14790,14673,29463,Buenos Aires
817,Prepaga a través de obra social,40,13780,14009,27789,Buenos Aires
818,Prepaga a través de obra social,41,13415,12859,26274,Buenos Aires
819,Prepaga a través de obra social,42,12622,12053,24675,Buenos Aires
820,Prepaga a través de obra social,43,11538,11625,23163,Buenos Aires
821,Prepaga a través de obra social,44,11284,11535,22819,Buenos Aires
822,Prepaga a través de obra social,45,11181,11579,22760,Buenos Aires
823,Prepaga a través de obra social,46,11152,11007,22159,Buenos Aires
824,Prepaga a través de obra social,47,10975,11228,22203,Buenos Aires
825,Prepaga a través de obra social,48,11040,10875,21915,Buenos Aires
826,Prepaga a través de obra social,49,10542,10476,21018,Buenos Aires
827,Prepaga a través de obra social,50,11325,10626,21951,Buenos Aires
828,Prepaga a través de obra social,51,9816,9798,19614,Buenos Aires
829,Prepaga a través de obra social,52,8839,9814,18653,Buenos Aires
830,Prepaga a través de obra social,53,9293,9390,18683,Buenos Aires
831,Prepaga a través de obra social,54,9030,9538,18568,Buenos Aires
832,Prepaga a través de obra social,55,9008,9142,18150,Buenos Aires
833,Prepaga a través de obra social,56,8234,8335,16569,Buenos Aires
834,Prepaga a través de obra social,57,8287,8543,16830,Buenos Aires
835,Prepaga a través de obra social,58,8110,8247,16357,Buenos Aires
836,Prepaga a través de obra social,59,7154,7675,14829,Buenos Aires
837,Prepaga a través de obra social,60,7792,6302,14094,Buenos Aires
838,Prepaga a través de obra social,61,6652,4667,11319,Buenos Aires
839,Prepaga a través de obra social,62,6256,4273,10529,Buenos Aires
840,Prepaga a través de obra social,63,5860,3798,9658,Buenos Aires
841,Prepaga a través de obra social,64,5673,3370,9043,Buenos Aires
842,Prepaga a través de obra social,65,4177,3214,7391,Buenos Aires
843,Prepaga a través de obra social,66,2965,2419,5384,Buenos Aires
844,Prepaga a través de obra social,67,2328,2367,4695,Buenos Aires
845,Prepaga a través de obra social,68,1913,1989,3902,Buenos Aires
846,Prepaga a través de obra social,69,1568,2149,3717,Buenos Aires
847,Prepaga a través de obra social,70,2462,1873,4335,Buenos Aires
848,Prepaga a través de obra social,71,1623,1829,3452,Buenos Aires
849,Prepaga a través de obra social,72,1340,1792,3132,Buenos Aires
850,Prepaga a través de obra social,73,1249,1521,2770,Buenos Aires
851,Prepaga a través de obra social,74,1234,1560,2794,Buenos Aires
852,Prepaga a través de obra social,75,1132,1483,2615,Buenos Aires
853,Prepaga a través de obra social,76,1102,1306,2408,Buenos Aires
854,Prepaga a través de obra social,77,889,1222,2111,Buenos Aires
855,Prepaga a través de obra social,78,854,1169,2023,Buenos Aires
856,Prepaga a través de obra social,79,876,1122,1998,Buenos Aires
857,Prepaga a través de obra social,80,752,1237,1989,Buenos Aires
858,Prepaga a través de obra social,81,687,830,1517,Buenos Aires
859,Prepaga a través de obra social,82,629,778,1407,Buenos Aires
860,Prepaga a través de obra social,83,434,794,1228,Buenos Aires
861,Prepaga a través de obra social,84,431,880,1311,Buenos Aires
862,Prepaga a través de obra social,85,377,555,932,Buenos Aires
863,Prepaga a través de obra social,86,298,485,783,Buenos Aires
864,Prepaga a través de obra social,87,208,492,700,Buenos Aires
865,Prepaga a través de obra social,88,229,454,683,Buenos Aires
866,Prepaga a través de obra social,89,148,419,567,Buenos Aires
867,Prepaga a través de obra social,90,120,263,383,Buenos Aires
868,Prepaga a través de obra social,91,63,142,205,Buenos Aires
869,Prepaga a través de obra social,92,66,206,272,Buenos Aires
870,Prepaga a través de obra social,93,41,110,151,Buenos Aires
871,Prepaga a través de obra social,94,13,107,120,Buenos Aires
872,Prepaga a través de obra social,95,3,93,96,Buenos Aires
873,Prepaga a través de obra social,96,15,45,60,Buenos Aires
874,Prepaga a través de obra social,97,15,35,50,Buenos Aires
875,Prepaga a través de obra social,98,23,20,43,Buenos Aires
876,Prepaga a través de obra social,99,1,25,26,Buenos Aires
877,Prepaga a través de obra social,100,2,15,17,Buenos Aires
878,Prepaga a través de obra social,101,9,13,22,Buenos Aires
879,Prepaga a través de obra social,102,-,1,1,Buenos Aires
880,Prepaga a través de obra social,103,-,1,1,Buenos Aires
881,Prepaga a través de obra social,106,1,11,12,Buenos Aires
882,Prepaga a través de obra social,109,2,-,2,Buenos Aires
884,Prepaga sólo por contratación voluntaria,,Varón,Mujer,Total,Buenos Aires
885,Prepaga sólo por contratación voluntaria,0,5395,5183,10578,Buenos Aires
886,Prepaga sólo por contratación voluntaria,1,5595,5111,10706,Buenos Aires
887,Prepaga sólo por contratación voluntaria,2,5150,5184,10334,Buenos Aires
888,Prepaga sólo por contratación voluntaria,3,4921,4831,9752,Buenos Aires
889,Prepaga sólo por contratación voluntaria,4,5276,4959,10235,Buenos Aires
890,Prepaga sólo por contratación voluntaria,5,5387,4898,10285,Buenos Aires
891,Prepaga sólo por contratación voluntaria,6,5443,4988,10431,Buenos Aires
892,Prepaga sólo por contratación voluntaria,7,5528,4950,10478,Buenos Aires
893,Prepaga sólo por contratación voluntaria,8,5199,4765,9964,Buenos Aires
894,Prepaga sólo por contratación voluntaria,9,4993,4681,9674,Buenos Aires
895,Prepaga sólo por contratación voluntaria,10,5159,4639,9798,Buenos Aires
896,Prepaga sólo por contratación voluntaria,11,4659,4228,8887,Buenos Aires
897,Prepaga sólo por contratación voluntaria,12,4851,4399,9250,Buenos Aires
898,Prepaga sólo por contratación voluntaria,13,4778,4587,9365,Buenos Aires
899,Prepaga sólo por contratación voluntaria,14,4951,4939,9890,Buenos Aires
900,Prepaga sólo por contratación voluntaria,15,4743,4861,9604,Buenos Aires
901,Prepaga sólo por contratación voluntaria,16,4336,4325,8661,Buenos Aires
902,Prepaga sólo por contratación voluntaria,17,4222,4772,8994,Buenos Aires
903,Prepaga sólo por contratación voluntaria,18,4251,4944,9195,Buenos Aires
904,Prepaga sólo por contratación voluntaria,19,4620,4565,9185,Buenos Aires
905,Prepaga sólo por contratación voluntaria,20,4927,4990,9917,Buenos Aires
906,Prepaga sólo por contratación voluntaria,21,4784,5356,10140,Buenos Aires
907,Prepaga sólo por contratación voluntaria,22,4867,5083,9950,Buenos Aires
908,Prepaga sólo por contratación voluntaria,23,5189,5699,10888,Buenos Aires
909,Prepaga sólo por contratación voluntaria,24,5350,5388,10738,Buenos Aires
910,Prepaga sólo por contratación voluntaria,25,5021,5699,10720,Buenos Aires
911,Prepaga sólo por contratación voluntaria,26,5024,5759,10783,Buenos Aires
912,Prepaga sólo por contratación voluntaria,27,5459,5587,11046,Buenos Aires
913,Prepaga sólo por contratación voluntaria,28,5431,6736,12167,Buenos Aires
914,Prepaga sólo por contratación voluntaria,29,5038,5885,10923,Buenos Aires
915,Prepaga sólo por contratación voluntaria,30,5135,6467,11602,Buenos Aires
916,Prepaga sólo por contratación voluntaria,31,5243,6430,11673,Buenos Aires
917,Prepaga sólo por contratación voluntaria,32,5488,5954,11442,Buenos Aires
918,Prepaga sólo por contratación voluntaria,33,5711,6405,12116,Buenos Aires
919,Prepaga sólo por contratación voluntaria,34,5789,6508,12297,Buenos Aires
920,Prepaga sólo por contratación voluntaria,35,5879,6465,12344,Buenos Aires
921,Prepaga sólo por contratación voluntaria,36,5895,6245,12140,Buenos Aires
922,Prepaga sólo por contratación voluntaria,37,5550,6162,11712,Buenos Aires
923,Prepaga sólo por contratación voluntaria,38,5347,5937,11284,Buenos Aires
924,Prepaga sólo por contratación voluntaria,39,5569,5945,11514,Buenos Aires
925,Prepaga sólo por contratación voluntaria,40,5935,6048,11983,Buenos Aires
926,Prepaga sólo por contratación voluntaria,41,5767,5726,11493,Buenos Aires
927,Prepaga sólo por contratación voluntaria,42,5115,5321,10436,Buenos Aires
928,Prepaga sólo por contratación voluntaria,43,5165,5165,10330,Buenos Aires
929,Prepaga sólo por contratación voluntaria,44,4830,5246,10076,Buenos Aires
930,Prepaga sólo por contratación voluntaria,45,5385,4979,10364,Buenos Aires
931,Prepaga sólo por contratación voluntaria,46,4865,5195,10060,Buenos Aires
932,Prepaga sólo por contratación voluntaria,47,5320,5675,10995,Buenos Aires
933,Prepaga sólo por contratación voluntaria,48,5059,5617,10676,Buenos Aires
934,Prepaga sólo por contratación voluntaria,49,5519,5938,11457,Buenos Aires
935,Prepaga sólo por contratación voluntaria,50,5726,5963,11689,Buenos Aires
936,Prepaga sólo por contratación voluntaria,51,5538,5791,11329,Buenos Aires
937,Prepaga sólo por contratación voluntaria,52,4924,5211,10135,Buenos Aires
938,Prepaga sólo por contratación voluntaria,53,5554,5637,11191,Buenos Aires
939,Prepaga sólo por contratación voluntaria,54,5167,5536,10703,Buenos Aires
940,Prepaga sólo por contratación voluntaria,55,5108,6392,11500,Buenos Aires
941,Prepaga sólo por contratación voluntaria,56,5208,5678,10886,Buenos Aires
942,Prepaga sólo por contratación voluntaria,57,5563,5698,11261,Buenos Aires
943,Prepaga sólo por contratación voluntaria,58,5445,5633,11078,Buenos Aires
944,Prepaga sólo por contratación voluntaria,59,5331,5436,10767,Buenos Aires
945,Prepaga sólo por contratación voluntaria,60,4973,5365,10338,Buenos Aires
946,Prepaga sólo por contratación voluntaria,61,5337,3876,9213,Buenos Aires
947,Prepaga sólo por contratación voluntaria,62,5253,3470,8723,Buenos Aires
948,Prepaga sólo por contratación voluntaria,63,4913,3025,7938,Buenos Aires
949,Prepaga sólo por contratación voluntaria,64,4296,2619,6915,Buenos Aires
950,Prepaga sólo por contratación voluntaria,65,3065,2742,5807,Buenos Aires
951,Prepaga sólo por contratación voluntaria,66,2535,2556,5091,Buenos Aires
952,Prepaga sólo por contratación voluntaria,67,2106,2024,4130,Buenos Aires
953,Prepaga sólo por contratación voluntaria,68,1908,2133,4041,Buenos Aires
954,Prepaga sólo por contratación voluntaria,69,1866,1735,3601,Buenos Aires
955,Prepaga sólo por contratación voluntaria,70,1699,1999,3698,Buenos Aires
956,Prepaga sólo por contratación voluntaria,71,1248,1758,3006,Buenos Aires
957,Prepaga sólo por contratación voluntaria,72,1297,1549,2846,Buenos Aires
958,Prepaga sólo por contratación voluntaria,73,1113,1352,2465,Buenos Aires
959,Prepaga sólo por contratación voluntaria,74,1080,1292,2372,Buenos Aires
960,Prepaga sólo por contratación voluntaria,75,981,1224,2205,Buenos Aires
961,Prepaga sólo por contratación voluntaria,76,809,1119,1928,Buenos Aires
962,Prepaga sólo por contratación voluntaria,77,999,945,1944,Buenos Aires
963,Prepaga sólo por contratación voluntaria,78,772,1118,1890,Buenos Aires
964,Prepaga sólo por contratación voluntaria,79,604,932,1536,Buenos Aires
965,Prepaga sólo por contratación voluntaria,80,862,963,1825,Buenos Aires
966,Prepaga sólo por contratación voluntaria,81,618,1024,1642,Buenos Aires
967,Prepaga sólo por contratación voluntaria,82,398,851,1249,Buenos Aires
968,Prepaga sólo por contratación voluntaria,83,571,559,1130,Buenos Aires
969,Prepaga sólo por contratación voluntaria,84,438,665,1103,Buenos Aires
970,Prepaga sólo por contratación voluntaria,85,312,724,1036,Buenos Aires
971,Prepaga sólo por contratación voluntaria,86,308,564,872,Buenos Aires
972,Prepaga sólo por contratación voluntaria,87,194,448,642,Buenos Aires
973,Prepaga sólo por contratación voluntaria,88,201,280,481,Buenos Aires
974,Prepaga sólo por contratación voluntaria,89,121,276,397,Buenos Aires
975,Prepaga sólo por contratación voluntaria,90,210,194,404,Buenos Aires
976,Prepaga sólo por contratación voluntaria,91,57,168,225,Buenos Aires
977,Prepaga sólo por contratación voluntaria,92,85,135,220,Buenos Aires
978,Prepaga sólo por contratación voluntaria,93,21,144,165,Buenos Aires
979,Prepaga sólo por contratación voluntaria,94,34,123,157,Buenos Aires
980,Prepaga sólo por contratación voluntaria,95,25,87,112,Buenos Aires
981,Prepaga sólo por contratación voluntaria,96,10,51,61,Buenos Aires
982,Prepaga sólo por contratación voluntaria,97,20,37,57,Buenos Aires
983,Prepaga sólo por contratación voluntaria,98,-,11,11,Buenos Aires
984,Prepaga sólo por contratación voluntaria,99,1,16,17,Buenos Aires
985,Prepaga sólo por contratación voluntaria,100,-,18,18,Buenos Aires
986,Prepaga sólo por contratación voluntaria,101,-,1,1,Buenos Aires
987,Prepaga sólo por contratación voluntaria,102,-,1,1,Buenos Aires
988,Prepaga sólo por contratación voluntaria,103,-,1,1,Buenos Aires
989,Prepaga sólo por contratación voluntaria,104,1,-,1,Buenos Aires
990,Prepaga sólo por contratación voluntaria,105,-,12,12,Buenos Aires
991,Prepaga sólo por contratación voluntaria,106,-,1,1,Buenos Aires
992,Prepaga sólo por contratación voluntaria,107,-,1,1,Buenos Aires
993,Prepaga sólo por contratación voluntaria,110,12,1,13,Buenos Aires
995,Programas o planes estatales de salud,,Varón,Mujer,Total,Buenos Aires
996,Programas o planes estatales de salud,0,2371,2227,4598,Buenos Aires
997,Programas o planes estatales de salud,1,2375,2214,4589,Buenos Aires
998,Programas o planes estatales de salud,2,2471,2372,4843,Buenos Aires
999,Programas o planes estatales de salud,3,2457,2418,4875,Buenos Aires
1000,Programas o planes estatales de salud,4,2605,2272,4877,Buenos Aires
1001,Programas o planes estatales de salud,5,2240,2235,4475,Buenos Aires
1002,Programas o planes estatales de salud,6,2275,2015,4290,Buenos Aires
1003,Programas o planes estatales de salud,7,1898,2005,3903,Buenos Aires
1004,Programas o planes estatales de salud,8,2093,1777,3870,Buenos Aires
1005,Programas o planes estatales de salud,9,2002,2121,4123,Buenos Aires
1006,Programas o planes estatales de salud,10,2318,1894,4212,Buenos Aires
1007,Programas o planes estatales de salud,11,1982,1936,3918,Buenos Aires
1008,Programas o planes estatales de salud,12,2112,2426,4538,Buenos Aires
1009,Programas o planes estatales de salud,13,1911,1933,3844,Buenos Aires
1010,Programas o planes estatales de salud,14,2320,2044,4364,Buenos Aires
1011,Programas o planes estatales de salud,15,2176,2072,4248,Buenos Aires
1012,Programas o planes estatales de salud,16,2001,1904,3905,Buenos Aires
1013,Programas o planes estatales de salud,17,1706,1775,3481,Buenos Aires
1014,Programas o planes estatales de salud,18,1743,1598,3341,Buenos Aires
1015,Programas o planes estatales de salud,19,1844,1690,3534,Buenos Aires
1016,Programas o planes estatales de salud,20,1823,1668,3491,Buenos Aires
1017,Programas o planes estatales de salud,21,1668,1553,3221,Buenos Aires
1018,Programas o planes estatales de salud,22,1366,1749,3115,Buenos Aires
1019,Programas o planes estatales de salud,23,1683,1655,3338,Buenos Aires
1020,Programas o planes estatales de salud,24,1747,1390,3137,Buenos Aires
1021,Programas o planes estatales de salud,25,1499,1222,2721,Buenos Aires
1022,Programas o planes estatales de salud,26,1396,1391,2787,Buenos Aires
1023,Programas o planes estatales de salud,27,1364,1460,2824,Buenos Aires
1024,Programas o planes estatales de salud,28,1501,1680,3181,Buenos Aires
1025,Programas o planes estatales de salud,29,1589,1537,3126,Buenos Aires
1026,Programas o planes estatales de salud,30,1600,1704,3304,Buenos Aires
1027,Programas o planes estatales de salud,31,1467,1646,3113,Buenos Aires
1028,Programas o planes estatales de salud,32,1433,1593,3026,Buenos Aires
1029,Programas o planes estatales de salud,33,1492,1334,2826,Buenos Aires
1030,Programas o planes estatales de salud,34,1246,1509,2755,Buenos Aires
1031,Programas o planes estatales de salud,35,1580,1374,2954,Buenos Aires
1032,Programas o planes estatales de salud,36,1108,1295,2403,Buenos Aires
1033,Programas o planes estatales de salud,37,1106,1411,2517,Buenos Aires
1034,Programas o planes estatales de salud,38,1198,1475,2673,Buenos Aires
1035,Programas o planes estatales de salud,39,1069,1589,2658,Buenos Aires
1036,Programas o planes estatales de salud,40,1265,1713,2978,Buenos Aires
1037,Programas o planes estatales de salud,41,1145,1503,2648,Buenos Aires
1038,Programas o planes estatales de salud,42,1184,1358,2542,Buenos Aires
1039,Programas o planes estatales de salud,43,849,1408,2257,Buenos Aires
1040,Programas o planes estatales de salud,44,1035,1418,2453,Buenos Aires
1041,Programas o planes estatales de salud,45,1064,1672,2736,Buenos Aires
1042,Programas o planes estatales de salud,46,957,1359,2316,Buenos Aires
1043,Programas o planes estatales de salud,47,998,1663,2661,Buenos Aires
1044,Programas o planes estatales de salud,48,1025,1282,2307,Buenos Aires
1045,Programas o planes estatales de salud,49,1070,1445,2515,Buenos Aires
1046,Programas o planes estatales de salud,50,1217,1527,2744,Buenos Aires
1047,Programas o planes estatales de salud,51,920,1445,2365,Buenos Aires
1048,Programas o planes estatales de salud,52,887,1499,2386,Buenos Aires
1049,Programas o planes estatales de salud,53,1007,1379,2386,Buenos Aires
1050,Programas o planes estatales de salud,54,967,1427,2394,Buenos Aires
1051,Programas o planes estatales de salud,55,986,1492,2478,Buenos Aires
1052,Programas o planes estatales de salud,56,1041,1320,2361,Buenos Aires
1053,Programas o planes estatales de salud,57,887,1662,2549,Buenos Aires
1054,Programas o planes estatales de salud,58,930,1416,2346,Buenos Aires
1055,Programas o planes estatales de salud,59,1104,1428,2532,Buenos Aires
1056,Programas o planes estatales de salud,60,899,1057,1956,Buenos Aires
1057,Programas o planes estatales de salud,61,1103,861,1964,Buenos Aires
1058,Programas o planes estatales de salud,62,877,821,1698,Buenos Aires
1059,Programas o planes estatales de salud,63,843,631,1474,Buenos Aires
1060,Programas o planes estatales de salud,64,774,494,1268,Buenos Aires
1061,Programas o planes estatales de salud,65,479,564,1043,Buenos Aires
1062,Programas o planes estatales de salud,66,446,356,802,Buenos Aires
1063,Programas o planes estatales de salud,67,311,365,676,Buenos Aires
1064,Programas o planes estatales de salud,68,272,386,658,Buenos Aires
1065,Programas o planes estatales de salud,69,228,210,438,Buenos Aires
1066,Programas o planes estatales de salud,70,177,332,509,Buenos Aires
1067,Programas o planes estatales de salud,71,181,316,497,Buenos Aires
1068,Programas o planes estatales de salud,72,210,257,467,Buenos Aires
1069,Programas o planes estatales de salud,73,231,231,462,Buenos Aires
1070,Programas o planes estatales de salud,74,205,323,528,Buenos Aires
1071,Programas o planes estatales de salud,75,137,282,419,Buenos Aires
1072,Programas o planes estatales de salud,76,181,373,554,Buenos Aires
1073,Programas o planes estatales de salud,77,182,234,416,Buenos Aires
1074,Programas o planes estatales de salud,78,125,219,344,Buenos Aires
1075,Programas o planes estatales de salud,79,130,309,439,Buenos Aires
1076,Programas o planes estatales de salud,80,125,184,309,Buenos Aires
1077,Programas o planes estatales de salud,81,92,259,351,Buenos Aires
1078,Programas o planes estatales de salud,82,126,202,328,Buenos Aires
1079,Programas o planes estatales de salud,83,118,195,313,Buenos Aires
1080,Programas o planes estatales de salud,84,100,215,315,Buenos Aires
1081,Programas o planes estatales de salud,85,57,109,166,Buenos Aires
1082,Programas o planes estatales de salud,86,73,128,201,Buenos Aires
1083,Programas o planes estatales de salud,87,24,86,110,Buenos Aires
1084,Programas o planes estatales de salud,88,24,178,202,Buenos Aires
1085,Programas o planes estatales de salud,89,26,83,109,Buenos Aires
1086,Programas o planes estatales de salud,90,26,79,105,Buenos Aires
1087,Programas o planes estatales de salud,91,4,82,86,Buenos Aires
1088,Programas o planes estatales de salud,92,1,60,61,Buenos Aires
1089,Programas o planes estatales de salud,93,2,51,53,Buenos Aires
1090,Programas o planes estatales de salud,94,4,51,55,Buenos Aires
1091,Programas o planes estatales de salud,95,3,18,21,Buenos Aires
1092,Programas o planes estatales de salud,96,3,2,5,Buenos Aires
1093,Programas o planes estatales de salud,97,10,3,13,Buenos Aires
1094,Programas o planes estatales de salud,98,-,10,10,Buenos Aires
1095,Programas o planes estatales de salud,99,-,17,17,Buenos Aires
1096,Programas o planes estatales de salud,100,1,-,1,Buenos Aires
1097,Programas o planes estatales de salud,101,-,1,1,Buenos Aires
1098,Programas o planes estatales de salud,102,-,1,1,Buenos Aires
1099,Programas o planes estatales de salud,104,1,-,1,Buenos Aires
1100,Programas o planes estatales de salud,105,-,1,1,Buenos Aires
1101,Programas o planes estatales de salud,110,1,10,11,Buenos Aires
1103,"No tiene obra social, prepaga o plan estatal",,Varón,Mujer,Total,Buenos Aires
1104,"No tiene obra social, prepaga o plan estatal",0,62059,58994,121053,Buenos Aires
1105,"No tiene obra social, prepaga o plan estatal",1,58452,58317,116769,Buenos Aires
1106,"No tiene obra social, prepaga o plan estatal",2,56715,55492,112207,Buenos Aires
1107,"No tiene obra social, prepaga o plan estatal",3,54916,54241,109157,Buenos Aires
1108,"No tiene obra social, prepaga o plan estatal",4,53271,51650,104921,Buenos Aires
1109,"No tiene obra social, prepaga o plan estatal",5,54355,52342,106697,Buenos Aires
1110,"No tiene obra social, prepaga o plan estatal",6,54421,53609,108030,Buenos Aires
1111,"No tiene obra social, prepaga o plan estatal",7,52923,52080,105003,Buenos Aires
1112,"No tiene obra social, prepaga o plan estatal",8,52715,51280,103995,Buenos Aires
1113,"No tiene obra social, prepaga o plan estatal",9,54318,51386,105704,Buenos Aires
1114,"No tiene obra social, prepaga o plan estatal",10,55835,54978,110813,Buenos Aires
1115,"No tiene obra social, prepaga o plan estatal",11,53281,51794,105075,Buenos Aires
1116,"No tiene obra social, prepaga o plan estatal",12,54997,53606,108603,Buenos Aires
1117,"No tiene obra social, prepaga o plan estatal",13,54002,53288,107290,Buenos Aires
1118,"No tiene obra social, prepaga o plan estatal",14,60223,57528,117751,Buenos Aires
1119,"No tiene obra social, prepaga o plan estatal",15,59671,58983,118654,Buenos Aires
1120,"No tiene obra social, prepaga o plan estatal",16,58222,56530,114752,Buenos Aires
1121,"No tiene obra social, prepaga o plan estatal",17,57871,54387,112258,Buenos Aires
1122,"No tiene obra social, prepaga o plan estatal",18,64480,61816,126296,Buenos Aires
1123,"No tiene obra social, prepaga o plan estatal",19,64876,63893,128769,Buenos Aires
1124,"No tiene obra social, prepaga o plan estatal",20,64957,63338,128295,Buenos Aires
1125,"No tiene obra social, prepaga o plan estatal",21,64889,66242,131131,Buenos Aires
1126,"No tiene obra social, prepaga o plan estatal",22,61607,63919,125526,Buenos Aires
1127,"No tiene obra social, prepaga o plan estatal",23,57991,62870,120861,Buenos Aires
1128,"No tiene obra social, prepaga o plan estatal",24,56685,59123,115808,Buenos Aires
1129,"No tiene obra social, prepaga o plan estatal",25,49666,52719,102385,Buenos Aires
1130,"No tiene obra social, prepaga o plan estatal",26,47284,50551,97835,Buenos Aires
1131,"No tiene obra social, prepaga o plan estatal",27,48349,49543,97892,Buenos Aires
1132,"No tiene obra social, prepaga o plan estatal",28,49203,51901,101104,Buenos Aires
1133,"No tiene obra social, prepaga o plan estatal",29,46480,47599,94079,Buenos Aires
1134,"No tiene obra social, prepaga o plan estatal",30,48252,48654,96906,Buenos Aires
1135,"No tiene obra social, prepaga o plan estatal",31,43742,44229,87971,Buenos Aires
1136,"No tiene obra social, prepaga o plan estatal",32,42112,43538,85650,Buenos Aires
1137,"No tiene obra social, prepaga o plan estatal",33,42194,42626,84820,Buenos Aires
1138,"No tiene obra social, prepaga o plan estatal",34,37586,37408,74994,Buenos Aires
1139,"No tiene obra social, prepaga o plan estatal",35,39035,38250,77285,Buenos Aires
1140,"No tiene obra social, prepaga o plan estatal",36,35230,36539,71769,Buenos Aires
1141,"No tiene obra social, prepaga o plan estatal",37,36428,36461,72889,Buenos Aires
1142,"No tiene obra social, prepaga o plan estatal",38,35834,36587,72421,Buenos Aires
1143,"No tiene obra social, prepaga o plan estatal",39,34761,34470,69231,Buenos Aires
1144,"No tiene obra social, prepaga o plan estatal",40,36481,36033,72514,Buenos Aires
1145,"No tiene obra social, prepaga o plan estatal",41,31964,32861,64825,Buenos Aires
1146,"No tiene obra social, prepaga o plan estatal",42,30775,31374,62149,Buenos Aires
1147,"No tiene obra social, prepaga o plan estatal",43,29604,29550,59154,Buenos Aires
1148,"No tiene obra social, prepaga o plan estatal",44,29423,28827,58250,Buenos Aires
1149,"No tiene obra social, prepaga o plan estatal",45,30369,31154,61523,Buenos Aires
1150,"No tiene obra social, prepaga o plan estatal",46,30130,29736,59866,Buenos Aires
1151,"No tiene obra social, prepaga o plan estatal",47,29600,31177,60777,Buenos Aires
1152,"No tiene obra social, prepaga o plan estatal",48,28172,28617,56789,Buenos Aires
1153,"No tiene obra social, prepaga o plan estatal",49,28109,28256,56365,Buenos Aires
1154,"No tiene obra social, prepaga o plan estatal",50,30478,29949,60427,Buenos Aires
1155,"No tiene obra social, prepaga o plan estatal",51,27959,27117,55076,Buenos Aires
1156,"No tiene obra social, prepaga o plan estatal",52,27202,27424,54626,Buenos Aires
1157,"No tiene obra social, prepaga o plan estatal",53,28329,27111,55440,Buenos Aires
1158,"No tiene obra social, prepaga o plan estatal",54,27079,26726,53805,Buenos Aires
1159,"No tiene obra social, prepaga o plan estatal",55,26705,25687,52392,Buenos Aires
1160,"No tiene obra social, prepaga o plan estatal",56,26074,24639,50713,Buenos Aires
1161,"No tiene obra social, prepaga o plan estatal",57,24811,23508,48319,Buenos Aires
1162,"No tiene obra social, prepaga o plan estatal",58,25533,22808,48341,Buenos Aires
1163,"No tiene obra social, prepaga o plan estatal",59,23940,22189,46129,Buenos Aires
1164,"No tiene obra social, prepaga o plan estatal",60,23642,21316,44958,Buenos Aires
1165,"No tiene obra social, prepaga o plan estatal",61,20677,11328,32005,Buenos Aires
1166,"No tiene obra social, prepaga o plan estatal",62,20015,9438,29453,Buenos Aires
1167,"No tiene obra social, prepaga o plan estatal",63,19294,6065,25359,Buenos Aires
1168,"No tiene obra social, prepaga o plan estatal",64,16395,3836,20231,Buenos Aires
1169,"No tiene obra social, prepaga o plan estatal",65,12268,3888,16156,Buenos Aires
1170,"No tiene obra social, prepaga o plan estatal",66,5385,2790,8175,Buenos Aires
1171,"No tiene obra social, prepaga o plan estatal",67,3688,2585,6273,Buenos Aires
1172,"No tiene obra social, prepaga o plan estatal",68,2874,2061,4935,Buenos Aires
1173,"No tiene obra social, prepaga o plan estatal",69,2010,1797,3807,Buenos Aires
1174,"No tiene obra social, prepaga o plan estatal",70,2409,2053,4462,Buenos Aires
1175,"No tiene obra social, prepaga o plan estatal",71,1496,1706,3202,Buenos Aires
1176,"No tiene obra social, prepaga o plan estatal",72,1139,1388,2527,Buenos Aires
1177,"No tiene obra social, prepaga o plan estatal",73,1204,1189,2393,Buenos Aires
1178,"No tiene obra social, prepaga o plan estatal",74,1087,1151,2238,Buenos Aires
1179,"No tiene obra social, prepaga o plan estatal",75,958,1379,2337,Buenos Aires
1180,"No tiene obra social, prepaga o plan estatal",76,975,1306,2281,Buenos Aires
1181,"No tiene obra social, prepaga o plan estatal",77,915,1275,2190,Buenos Aires
1182,"No tiene obra social, prepaga o plan estatal",78,831,1197,2028,Buenos Aires
1183,"No tiene obra social, prepaga o plan estatal",79,892,1017,1909,Buenos Aires
1184,"No tiene obra social, prepaga o plan estatal",80,627,1056,1683,Buenos Aires
1185,"No tiene obra social, prepaga o plan estatal",81,451,842,1293,Buenos Aires
1186,"No tiene obra social, prepaga o plan estatal",82,414,788,1202,Buenos Aires
1187,"No tiene obra social, prepaga o plan estatal",83,294,459,753,Buenos Aires
1188,"No tiene obra social, prepaga o plan estatal",84,214,412,626,Buenos Aires
1189,"No tiene obra social, prepaga o plan estatal",85,214,411,625,Buenos Aires
1190,"No tiene obra social, prepaga o plan estatal",86,167,412,579,Buenos Aires
1191,"No tiene obra social, prepaga o plan estatal",87,108,313,421,Buenos Aires
1192,"No tiene obra social, prepaga o plan estatal",88,103,270,373,Buenos Aires
1193,"No tiene obra social, prepaga o plan estatal",89,92,240,332,Buenos Aires
1194,"No tiene obra social, prepaga o plan estatal",90,46,231,277,Buenos Aires
1195,"No tiene obra social, prepaga o plan estatal",91,72,151,223,Buenos Aires
1196,"No tiene obra social, prepaga o plan estatal",92,44,194,238,Buenos Aires
1197,"No tiene obra social, prepaga o plan estatal",93,22,90,112,Buenos Aires
1198,"No tiene obra social, prepaga o plan estatal",94,56,86,142,Buenos Aires
1199,"No tiene obra social, prepaga o plan estatal",95,41,86,127,Buenos Aires
1200,"No tiene obra social, prepaga o plan estatal",96,28,66,94,Buenos Aires
1201,"No tiene obra social, prepaga o plan estatal",97,3,15,18,Buenos Aires
1202,"No tiene obra social, prepaga o plan estatal",98,5,25,30,Buenos Aires
1203,"No tiene obra social, prepaga o plan estatal",99,3,34,37,Buenos Aires
1204,"No tiene obra social, prepaga o plan estatal",100,29,22,51,Buenos Aires
1205,"No tiene obra social, prepaga o plan estatal",101,2,-,2,Buenos Aires
1206,"No tiene obra social, prepaga o plan estatal",102,-,18,18,Buenos Aires
1207,"No tiene obra social, prepaga o plan estatal",103,1,16,17,Buenos Aires
1208,"No tiene obra social, prepaga o plan estatal",107,1,-,1,Buenos Aires
1209,"No tiene obra social, prepaga o plan estatal",108,-,1,1,Buenos Aires
1210,"No tiene obra social, prepaga o plan estatal",109,3,8,11,Buenos Aires
1211,"No tiene obra social, prepaga o plan estatal",110,24,23,47,Buenos Aires
1327,AREA # 10,Catamarca,,,,Catamarca
1328,AREA # 10,,,,,Catamarca
1329,Cobertura de salud,Edad,Sexo,,,Catamarca
1330,Obra social (incluye PAMI),,Varón,Mujer,Total,Catamarca
1331,Obra social (incluye PAMI),0,1035,1181,2216,Catamarca
1332,Obra social (incluye PAMI),1,1407,1263,2670,Catamarca
1333,Obra social (incluye PAMI),2,1350,1362,2712,Catamarca
1334,Obra social (incluye PAMI),3,1351,1319,2670,Catamarca
1335,Obra social (incluye PAMI),4,1387,1523,2910,Catamarca
1336,Obra social (incluye PAMI),5,1333,1606,2939,Catamarca
1337,Obra social (incluye PAMI),6,1463,1537,3000,Catamarca
1338,Obra social (incluye PAMI),7,1643,1677,3320,Catamarca
1339,Obra social (incluye PAMI),8,1777,1687,3464,Catamarca
1340,Obra social (incluye PAMI),9,1782,1863,3645,Catamarca
1341,Obra social (incluye PAMI),10,1853,1848,3701,Catamarca
1342,Obra social (incluye PAMI),11,1946,1775,3721,Catamarca
1343,Obra social (incluye PAMI),12,2081,1866,3947,Catamarca
1344,Obra social (incluye PAMI),13,1904,2051,3955,Catamarca
1345,Obra social (incluye PAMI),14,2074,1981,4055,Catamarca
1346,Obra social (incluye PAMI),15,2201,2098,4299,Catamarca
1347,Obra social (incluye PAMI),16,2096,1945,4041,Catamarca
1348,Obra social (incluye PAMI),17,2083,1959,4042,Catamarca
1349,Obra social (incluye PAMI),18,1692,1821,3513,Catamarca
1350,Obra social (incluye PAMI),19,1624,1715,3339,Catamarca
1351,Obra social (incluye PAMI),20,1355,1424,2779,Catamarca
1352,Obra social (incluye PAMI),21,854,622,1476,Catamarca
1353,Obra social (incluye PAMI),22,720,659,1379,Catamarca
1354,Obra social (incluye PAMI),23,745,823,1568,Catamarca
1355,Obra social (incluye PAMI),24,912,855,1767,Catamarca
1356,Obra social (incluye PAMI),25,839,977,1816,Catamarca
1357,Obra social (incluye PAMI),26,918,844,1762,Catamarca
1358,Obra social (incluye PAMI),27,1094,1024,2118,Catamarca
1359,Obra social (incluye PAMI),28,1229,1040,2269,Catamarca
1360,Obra social (incluye PAMI),29,1030,1225,2255,Catamarca
1361,Obra social (incluye PAMI),30,1197,1213,2410,Catamarca
1362,Obra social (incluye PAMI),31,1244,1248,2492,Catamarca
1363,Obra social (incluye PAMI),32,1266,1338,2604,Catamarca
1364,Obra social (incluye PAMI),33,1504,1363,2867,Catamarca
1365,Obra social (incluye PAMI),34,1280,1483,2763,Catamarca
1366,Obra social (incluye PAMI),35,1348,1316,2664,Catamarca
1367,Obra social (incluye PAMI),36,1269,1274,2543,Catamarca
1368,Obra social (incluye PAMI),37,1281,1295,2576,Catamarca
1369,Obra social (incluye PAMI),38,1211,1194,2405,Catamarca
1370,Obra social (incluye PAMI),39,1277,1382,2659,Catamarca
1371,Obra social (incluye PAMI),40,1231,1185,2416,Catamarca
1372,Obra social (incluye PAMI),41,1276,1165,2441,Catamarca
1373,Obra social (incluye PAMI),42,1108,1104,2212,Catamarca
1374,Obra social (incluye PAMI),43,1020,1302,2322,Catamarca
1375,Obra social (incluye PAMI),44,982,1112,2094,Catamarca
1376,Obra social (incluye PAMI),45,1114,1195,2309,Catamarca
1377,Obra social (incluye PAMI),46,1080,1016,2096,Catamarca
1378,Obra social (incluye PAMI),47,1078,1157,2235,Catamarca
1379,Obra social (incluye PAMI),48,1136,1209,2345,Catamarca
1380,Obra social (incluye PAMI),49,1028,1125,2153,Catamarca
1381,Obra social (incluye PAMI),50,1145,938,2083,Catamarca
1382,Obra social (incluye PAMI),51,986,1031,2017,Catamarca
1383,Obra social (incluye PAMI),52,942,1047,1989,Catamarca
1384,Obra social (incluye PAMI),53,916,943,1859,Catamarca
1385,Obra social (incluye PAMI),54,875,1108,1983,Catamarca
1386,Obra social (incluye PAMI),55,1033,1092,2125,Catamarca
1387,Obra social (incluye PAMI),56,892,1139,2031,Catamarca
1388,Obra social (incluye PAMI),57,888,965,1853,Catamarca
1389,Obra social (incluye PAMI),58,964,965,1929,Catamarca
1390,Obra social (incluye PAMI),59,839,932,1771,Catamarca
1391,Obra social (incluye PAMI),60,1012,938,1950,Catamarca
1392,Obra social (incluye PAMI),61,770,930,1700,Catamarca
1393,Obra social (incluye PAMI),62,863,978,1841,Catamarca
1394,Obra social (incluye PAMI),63,655,933,1588,Catamarca
1395,Obra social (incluye PAMI),64,708,1078,1786,Catamarca
1396,Obra social (incluye PAMI),65,742,986,1728,Catamarca
1397,Obra social (incluye PAMI),66,713,900,1613,Catamarca
1398,Obra social (incluye PAMI),67,717,876,1593,Catamarca
1399,Obra social (incluye PAMI),68,749,915,1664,Catamarca
1400,Obra social (incluye PAMI),69,659,758,1417,Catamarca
1401,Obra social (incluye PAMI),70,621,858,1479,Catamarca
1402,Obra social (incluye PAMI),71,556,669,1225,Catamarca
1403,Obra social (incluye PAMI),72,562,744,1306,Catamarca
1404,Obra social (incluye PAMI),73,432,603,1035,Catamarca
1405,Obra social (incluye PAMI),74,451,624,1075,Catamarca
1406,Obra social (incluye PAMI),75,470,641,1111,Catamarca
1407,Obra social (incluye PAMI),76,457,514,971,Catamarca
1408,Obra social (incluye PAMI),77,419,619,1038,Catamarca
1409,Obra social (incluye PAMI),78,381,548,929,Catamarca
1410,Obra social (incluye PAMI),79,370,580,950,Catamarca
1411,Obra social (incluye PAMI),80,290,453,743,Catamarca
1412,Obra social (incluye PAMI),81,273,483,756,Catamarca
1413,Obra social (incluye PAMI),82,245,404,649,Catamarca
1414,Obra social (incluye PAMI),83,183,440,623,Catamarca
1415,Obra social (incluye PAMI),84,218,340,558,Catamarca
1416,Obra social (incluye PAMI),85,172,351,523,Catamarca
1417,Obra social (incluye PAMI),86,91,269,360,Catamarca
1418,Obra social (incluye PAMI),87,108,201,309,Catamarca
1419,Obra social (incluye PAMI),88,108,205,313,Catamarca
1420,Obra social (incluye PAMI),89,75,167,242,Catamarca
1421,Obra social (incluye PAMI),90,66,130,196,Catamarca
1422,Obra social (incluye PAMI),91,46,115,161,Catamarca
1423,Obra social (incluye PAMI),92,45,85,130,Catamarca
1424,Obra social (incluye PAMI),93,22,55,77,Catamarca
1425,Obra social (incluye PAMI),94,17,75,92,Catamarca
1426,Obra social (incluye PAMI),95,26,26,52,Catamarca
1427,Obra social (incluye PAMI),96,3,19,22,Catamarca
1428,Obra social (incluye PAMI),97,5,19,24,Catamarca
1429,Obra social (incluye PAMI),98,4,10,14,Catamarca
1430,Obra social (incluye PAMI),99,4,6,10,Catamarca
1431,Obra social (incluye PAMI),100,1,14,15,Catamarca
1432,Obra social (incluye PAMI),101,9,1,10,Catamarca
1433,Obra social (incluye PAMI),102,2,-,2,Catamarca
1434,Obra social (incluye PAMI),103,-,2,2,Catamarca
1435,Obra social (incluye PAMI),107,-,7,7,Catamarca
1436,Obra social (incluye PAMI),109,1,-,1,Catamarca
1437,Obra social (incluye PAMI),110,2,2,4,Catamarca
1439,Prepaga a través de obra social,,Varón,Mujer,Total,Catamarca
1440,Prepaga a través de obra social,0,198,157,355,Catamarca
1441,Prepaga a través de obra social,1,159,188,347,Catamarca
1442,Prepaga a través de obra social,2,254,210,464,Catamarca
1443,Prepaga a través de obra social,3,279,184,463,Catamarca
1444,Prepaga a través de obra social,4,200,191,391,Catamarca
1445,Prepaga a través de obra social,5,199,138,337,Catamarca
1446,Prepaga a través de obra social,6,172,172,344,Catamarca
1447,Prepaga a través de obra social,7,198,206,404,Catamarca
1448,Prepaga a través de obra social,8,198,131,329,Catamarca
1449,Prepaga a través de obra social,9,235,246,481,Catamarca
1450,Prepaga a través de obra social,10,255,184,439,Catamarca
1451,Prepaga a través de obra social,11,213,233,446,Catamarca
1452,Prepaga a través de obra social,12,229,295,524,Catamarca
1453,Prepaga a través de obra social,13,191,210,401,Catamarca
1454,Prepaga a través de obra social,14,200,245,445,Catamarca
1455,Prepaga a través de obra social,15,240,170,410,Catamarca
1456,Prepaga a través de obra social,16,225,208,433,Catamarca
1457,Prepaga a través de obra social,17,280,195,475,Catamarca
1458,Prepaga a través de obra social,18,204,227,431,Catamarca
1459,Prepaga a través de obra social,19,170,171,341,Catamarca
1460,Prepaga a través de obra social,20,201,212,413,Catamarca
1461,Prepaga a través de obra social,21,134,87,221,Catamarca
1462,Prepaga a través de obra social,22,162,103,265,Catamarca
1463,Prepaga a través de obra social,23,148,81,229,Catamarca
1464,Prepaga a través de obra social,24,176,137,313,Catamarca
1465,Prepaga a través de obra social,25,189,143,332,Catamarca
1466,Prepaga a través de obra social,26,197,139,336,Catamarca
1467,Prepaga a través de obra social,27,131,113,244,Catamarca
1468,Prepaga a través de obra social,28,196,165,361,Catamarca
1469,Prepaga a través de obra social,29,185,183,368,Catamarca
1470,Prepaga a través de obra social,30,221,176,397,Catamarca
1471,Prepaga a través de obra social,31,185,161,346,Catamarca
1472,Prepaga a través de obra social,32,210,208,418,Catamarca
1473,Prepaga a través de obra social,33,169,169,338,Catamarca
1474,Prepaga a través de obra social,34,201,239,440,Catamarca
1475,Prepaga a través de obra social,35,253,224,477,Catamarca
1476,Prepaga a través de obra social,36,181,165,346,Catamarca
1477,Prepaga a través de obra social,37,183,155,338,Catamarca
1478,Prepaga a través de obra social,38,128,160,288,Catamarca
1479,Prepaga a través de obra social,39,168,105,273,Catamarca
1480,Prepaga a través de obra social,40,198,149,347,Catamarca
1481,Prepaga a través de obra social,41,119,108,227,Catamarca
1482,Prepaga a través de obra social,42,113,93,206,Catamarca
1483,Prepaga a través de obra social,43,104,91,195,Catamarca
1484,Prepaga a través de obra social,44,124,135,259,Catamarca
1485,Prepaga a través de obra social,45,127,115,242,Catamarca
1486,Prepaga a través de obra social,46,153,82,235,Catamarca
1487,Prepaga a través de obra social,47,102,112,214,Catamarca
1488,Prepaga a través de obra social,48,143,189,332,Catamarca
1489,Prepaga a través de obra social,49,138,138,276,Catamarca
1490,Prepaga a través de obra social,50,131,99,230,Catamarca
1491,Prepaga a través de obra social,51,144,94,238,Catamarca
1492,Prepaga a través de obra social,52,117,72,189,Catamarca
1493,Prepaga a través de obra social,53,95,79,174,Catamarca
1494,Prepaga a través de obra social,54,102,92,194,Catamarca
1495,Prepaga a través de obra social,55,98,80,178,Catamarca
1496,Prepaga a través de obra social,56,95,118,213,Catamarca
1497,Prepaga a través de obra social,57,113,94,207,Catamarca
1498,Prepaga a través de obra social,58,87,110,197,Catamarca
1499,Prepaga a través de obra social,59,110,75,185,Catamarca
1500,Prepaga a través de obra social,60,87,47,134,Catamarca
1501,Prepaga a través de obra social,61,82,65,147,Catamarca
1502,Prepaga a través de obra social,62,69,27,96,Catamarca
1503,Prepaga a través de obra social,63,36,27,63,Catamarca
1504,Prepaga a través de obra social,64,51,26,77,Catamarca
1505,Prepaga a través de obra social,65,61,39,100,Catamarca
1506,Prepaga a través de obra social,66,36,31,67,Catamarca
1507,Prepaga a través de obra social,67,33,54,87,Catamarca
1508,Prepaga a través de obra social,68,26,12,38,Catamarca
1509,Prepaga a través de obra social,69,48,34,82,Catamarca
1510,Prepaga a través de obra social,70,23,26,49,Catamarca
1511,Prepaga a través de obra social,71,26,18,44,Catamarca
1512,Prepaga a través de obra social,72,18,20,38,Catamarca
1513,Prepaga a través de obra social,73,21,9,30,Catamarca
1514,Prepaga a través de obra social,74,15,29,44,Catamarca
1515,Prepaga a través de obra social,75,19,31,50,Catamarca
1516,Prepaga a través de obra social,76,27,20,47,Catamarca
1517,Prepaga a través de obra social,77,25,17,42,Catamarca
1518,Prepaga a través de obra social,78,4,22,26,Catamarca
1519,Prepaga a través de obra social,79,8,11,19,Catamarca
1520,Prepaga a través de obra social,80,5,19,24,Catamarca
1521,Prepaga a través de obra social,81,4,33,37,Catamarca
1522,Prepaga a través de obra social,82,8,28,36,Catamarca
1523,Prepaga a través de obra social,83,6,10,16,Catamarca
1524,Prepaga a través de obra social,84,5,13,18,Catamarca
1525,Prepaga a través de obra social,85,2,4,6,Catamarca
1526,Prepaga a través de obra social,86,1,12,13,Catamarca
1527,Prepaga a través de obra social,87,2,9,11,Catamarca
1528,Prepaga a través de obra social,88,1,1,2,Catamarca
1529,Prepaga a través de obra social,89,1,2,3,Catamarca
1530,Prepaga a través de obra social,90,2,4,6,Catamarca
1531,Prepaga a través de obra social,91,-,4,4,Catamarca
1532,Prepaga a través de obra social,92,1,2,3,Catamarca
1533,Prepaga a través de obra social,93,1,3,4,Catamarca
1534,Prepaga a través de obra social,94,-,3,3,Catamarca
1535,Prepaga a través de obra social,95,1,1,2,Catamarca
1536,Prepaga a través de obra social,96,-,1,1,Catamarca
1538,Prepaga sólo por contratación voluntaria,,Varón,Mujer,Total,Catamarca
1539,Prepaga sólo por contratación voluntaria,0,20,53,73,Catamarca
1540,Prepaga sólo por contratación voluntaria,1,54,73,127,Catamarca
1541,Prepaga sólo por contratación voluntaria,2,48,60,108,Catamarca
1542,Prepaga sólo por contratación voluntaria,3,51,89,140,Catamarca
1543,Prepaga sólo por contratación voluntaria,4,41,64,105,Catamarca
1544,Prepaga sólo por contratación voluntaria,5,40,55,95,Catamarca
1545,Prepaga sólo por contratación voluntaria,6,29,54,83,Catamarca
1546,Prepaga sólo por contratación voluntaria,7,68,32,100,Catamarca
1547,Prepaga sólo por contratación voluntaria,8,48,50,98,Catamarca
1548,Prepaga sólo por contratación voluntaria,9,35,64,99,Catamarca
1549,Prepaga sólo por contratación voluntaria,10,57,62,119,Catamarca
1550,Prepaga sólo por contratación voluntaria,11,35,62,97,Catamarca
1551,Prepaga sólo por contratación voluntaria,12,62,29,91,Catamarca
1552,Prepaga sólo por contratación voluntaria,13,52,51,103,Catamarca
1553,Prepaga sólo por contratación voluntaria,14,42,56,98,Catamarca
1554,Prepaga sólo por contratación voluntaria,15,66,23,89,Catamarca
1555,Prepaga sólo por contratación voluntaria,16,42,35,77,Catamarca
1556,Prepaga sólo por contratación voluntaria,17,46,29,75,Catamarca
1557,Prepaga sólo por contratación voluntaria,18,35,41,76,Catamarca
1558,Prepaga sólo por contratación voluntaria,19,47,71,118,Catamarca
1559,Prepaga sólo por contratación voluntaria,20,34,42,76,Catamarca
1560,Prepaga sólo por contratación voluntaria,21,79,54,133,Catamarca
1561,Prepaga sólo por contratación voluntaria,22,118,77,195,Catamarca
1562,Prepaga sólo por contratación voluntaria,23,55,74,129,Catamarca
1563,Prepaga sólo por contratación voluntaria,24,60,115,175,Catamarca
1564,Prepaga sólo por contratación voluntaria,25,88,129,217,Catamarca
1565,Prepaga sólo por contratación voluntaria,26,107,97,204,Catamarca
1566,Prepaga sólo por contratación voluntaria,27,105,73,178,Catamarca
1567,Prepaga sólo por contratación voluntaria,28,43,84,127,Catamarca
1568,Prepaga sólo por contratación voluntaria,29,64,70,134,Catamarca
1569,Prepaga sólo por contratación voluntaria,30,51,88,139,Catamarca
1570,Prepaga sólo por contratación voluntaria,31,147,108,255,Catamarca
1571,Prepaga sólo por contratación voluntaria,32,57,86,143,Catamarca
1572,Prepaga sólo por contratación voluntaria,33,45,80,125,Catamarca
1573,Prepaga sólo por contratación voluntaria,34,86,34,120,Catamarca
1574,Prepaga sólo por contratación voluntaria,35,98,93,191,Catamarca
1575,Prepaga sólo por contratación voluntaria,36,39,46,85,Catamarca
1576,Prepaga sólo por contratación voluntaria,37,62,68,130,Catamarca
1577,Prepaga sólo por contratación voluntaria,38,73,60,133,Catamarca
1578,Prepaga sólo por contratación voluntaria,39,57,71,128,Catamarca
1579,Prepaga sólo por contratación voluntaria,40,30,45,75,Catamarca
1580,Prepaga sólo por contratación voluntaria,41,42,44,86,Catamarca
1581,Prepaga sólo por contratación voluntaria,42,57,45,102,Catamarca
1582,Prepaga sólo por contratación voluntaria,43,49,55,104,Catamarca
1583,Prepaga sólo por contratación voluntaria,44,39,21,60,Catamarca
1584,Prepaga sólo por contratación voluntaria,45,28,43,71,Catamarca
1585,Prepaga sólo por contratación voluntaria,46,62,30,92,Catamarca
1586,Prepaga sólo por contratación voluntaria,47,19,24,43,Catamarca
1587,Prepaga sólo por contratación voluntaria,48,29,23,52,Catamarca
1588,Prepaga sólo por contratación voluntaria,49,44,25,69,Catamarca
1589,Prepaga sólo por contratación voluntaria,50,53,47,100,Catamarca
1590,Prepaga sólo por contratación voluntaria,51,48,25,73,Catamarca
1591,Prepaga sólo por contratación voluntaria,52,45,48,93,Catamarca
1592,Prepaga sólo por contratación voluntaria,53,42,41,83,Catamarca
1593,Prepaga sólo por contratación voluntaria,54,62,57,119,Catamarca
1594,Prepaga sólo por contratación voluntaria,55,28,43,71,Catamarca
1595,Prepaga sólo por contratación voluntaria,56,33,29,62,Catamarca
1596,Prepaga sólo por contratación voluntaria,57,32,28,60,Catamarca
1597,Prepaga sólo por contratación voluntaria,58,28,28,56,Catamarca
1598,Prepaga sólo por contratación voluntaria,59,17,36,53,Catamarca
1599,Prepaga sólo por contratación voluntaria,60,48,43,91,Catamarca
1600,Prepaga sólo por contratación voluntaria,61,27,44,71,Catamarca
1601,Prepaga sólo por contratación voluntaria,62,33,13,46,Catamarca
1602,Prepaga sólo por contratación voluntaria,63,20,21,41,Catamarca
1603,Prepaga sólo por contratación voluntaria,64,7,11,18,Catamarca
1604,Prepaga sólo por contratación voluntaria,65,36,18,54,Catamarca
1605,Prepaga sólo por contratación voluntaria,66,4,1,5,Catamarca
1606,Prepaga sólo por contratación voluntaria,67,2,2,4,Catamarca
1607,Prepaga sólo por contratación voluntaria,68,9,-,9,Catamarca
1608,Prepaga sólo por contratación voluntaria,69,1,2,3,Catamarca
1609,Prepaga sólo por contratación voluntaria,70,1,10,11,Catamarca
1610,Prepaga sólo por contratación voluntaria,71,1,1,2,Catamarca
1611,Prepaga sólo por contratación voluntaria,72,1,10,11,Catamarca
1612,Prepaga sólo por contratación voluntaria,73,11,-,11,Catamarca
1613,Prepaga sólo por contratación voluntaria,74,1,-,1,Catamarca
1614,Prepaga sólo por contratación voluntaria,75,1,-,1,Catamarca
1615,Prepaga sólo por contratación voluntaria,76,2,11,13,Catamarca
1616,Prepaga sólo por contratación voluntaria,77,2,1,3,Catamarca
1617,Prepaga sólo por contratación voluntaria,78,-,10,10,Catamarca
1618,Prepaga sólo por contratación voluntaria,80,1,1,2,Catamarca
1619,Prepaga sólo por contratación voluntaria,81,-,2,2,Catamarca
1620,Prepaga sólo por contratación voluntaria,83,8,11,19,Catamarca
1621,Prepaga sólo por contratación voluntaria,84,1,1,2,Catamarca
1622,Prepaga sólo por contratación voluntaria,85,4,-,4,Catamarca
1623,Prepaga sólo por contratación voluntaria,86,-,1,1,Catamarca
1624,Prepaga sólo por contratación voluntaria,89,-,11,11,Catamarca
1625,Prepaga sólo por contratación voluntaria,95,-,1,1,Catamarca
1626,Prepaga sólo por contratación voluntaria,96,-,1,1,Catamarca
1627,Prepaga sólo por contratación voluntaria,99,1,-,1,Catamarca
1629,Programas o planes estatales de salud,,Varón,Mujer,Total,Catamarca
1630,Programas o planes estatales de salud,0,119,159,278,Catamarca
1631,Programas o planes estatales de salud,1,140,125,265,Catamarca
1632,Programas o planes estatales de salud,2,144,125,269,Catamarca
1633,Programas o planes estatales de salud,3,92,168,260,Catamarca
1634,Programas o planes estatales de salud,4,82,75,157,Catamarca
1635,Programas o planes estatales de salud,5,115,68,183,Catamarca
1636,Programas o planes estatales de salud,6,73,103,176,Catamarca
1637,Programas o planes estatales de salud,7,68,85,153,Catamarca
1638,Programas o planes estatales de salud,8,74,39,113,Catamarca
1639,Programas o planes estatales de salud,9,86,92,178,Catamarca
1640,Programas o planes estatales de salud,10,71,59,130,Catamarca
1641,Programas o planes estatales de salud,11,96,32,128,Catamarca
1642,Programas o planes estatales de salud,12,76,48,124,Catamarca
1643,Programas o planes estatales de salud,13,48,67,115,Catamarca
1644,Programas o planes estatales de salud,14,65,66,131,Catamarca
1645,Programas o planes estatales de salud,15,79,61,140,Catamarca
1646,Programas o planes estatales de salud,16,55,56,111,Catamarca
1647,Programas o planes estatales de salud,17,52,78,130,Catamarca
1648,Programas o planes estatales de salud,18,34,74,108,Catamarca
1649,Programas o planes estatales de salud,19,22,65,87,Catamarca
1650,Programas o planes estatales de salud,20,60,34,94,Catamarca
1651,Programas o planes estatales de salud,21,18,22,40,Catamarca
1652,Programas o planes estatales de salud,22,22,26,48,Catamarca
1653,Programas o planes estatales de salud,23,32,38,70,Catamarca
1654,Programas o planes estatales de salud,24,20,13,33,Catamarca
1655,Programas o planes estatales de salud,25,29,40,69,Catamarca
1656,Programas o planes estatales de salud,26,21,27,48,Catamarca
1657,Programas o planes estatales de salud,27,17,32,49,Catamarca
1658,Programas o planes estatales de salud,28,36,33,69,Catamarca
1659,Programas o planes estatales de salud,29,32,37,69,Catamarca
1660,Programas o planes estatales de salud,30,19,51,70,Catamarca
1661,Programas o planes estatales de salud,31,27,71,98,Catamarca
1662,Programas o planes estatales de salud,32,39,39,78,Catamarca
1663,Programas o planes estatales de salud,33,64,44,108,Catamarca
1664,Programas o planes estatales de salud,34,31,40,71,Catamarca
1665,Programas o planes estatales de salud,35,29,57,86,Catamarca
1666,Programas o planes estatales de salud,36,21,27,48,Catamarca
1667,Programas o planes estatales de salud,37,13,57,70,Catamarca
1668,Programas o planes estatales de salud,38,11,52,63,Catamarca
1669,Programas o planes estatales de salud,39,29,21,50,Catamarca
1670,Programas o planes estatales de salud,40,43,42,85,Catamarca
1671,Programas o planes estatales de salud,41,15,31,46,Catamarca
1672,Programas o planes estatales de salud,42,18,49,67,Catamarca
1673,Programas o planes estatales de salud,43,26,34,60,Catamarca
1674,Programas o planes estatales de salud,44,36,22,58,Catamarca
1675,Programas o planes estatales de salud,45,21,55,76,Catamarca
1676,Programas o planes estatales de salud,46,21,47,68,Catamarca
1677,Programas o planes estatales de salud,47,16,67,83,Catamarca
1678,Programas o planes estatales de salud,48,42,40,82,Catamarca
1679,Programas o planes estatales de salud,49,20,39,59,Catamarca
1680,Programas o planes estatales de salud,50,50,52,102,Catamarca
1681,Programas o planes estatales de salud,51,32,67,99,Catamarca
1682,Programas o planes estatales de salud,52,15,38,53,Catamarca
1683,Programas o planes estatales de salud,53,41,24,65,Catamarca
1684,Programas o planes estatales de salud,54,17,68,85,Catamarca
1685,Programas o planes estatales de salud,55,41,45,86,Catamarca
1686,Programas o planes estatales de salud,56,19,59,78,Catamarca
1687,Programas o planes estatales de salud,57,29,45,74,Catamarca
1688,Programas o planes estatales de salud,58,21,36,57,Catamarca
1689,Programas o planes estatales de salud,59,17,56,73,Catamarca
1690,Programas o planes estatales de salud,60,47,25,72,Catamarca
1691,Programas o planes estatales de salud,61,26,83,109,Catamarca
1692,Programas o planes estatales de salud,62,12,18,30,Catamarca
1693,Programas o planes estatales de salud,63,34,30,64,Catamarca
1694,Programas o planes estatales de salud,64,24,10,34,Catamarca
1695,Programas o planes estatales de salud,65,20,31,51,Catamarca
1696,Programas o planes estatales de salud,66,20,26,46,Catamarca
1697,Programas o planes estatales de salud,67,34,47,81,Catamarca
1698,Programas o planes estatales de salud,68,6,3,9,Catamarca
1699,Programas o planes estatales de salud,69,26,31,57,Catamarca
1700,Programas o planes estatales de salud,70,9,8,17,Catamarca
1701,Programas o planes estatales de salud,71,4,26,30,Catamarca
1702,Programas o planes estatales de salud,72,11,1,12,Catamarca
1703,Programas o planes estatales de salud,73,3,17,20,Catamarca
1704,Programas o planes estatales de salud,74,5,4,9,Catamarca
1705,Programas o planes estatales de salud,75,10,23,33,Catamarca
1706,Programas o planes estatales de salud,76,11,18,29,Catamarca
1707,Programas o planes estatales de salud,77,3,11,14,Catamarca
1708,Programas o planes estatales de salud,78,6,4,10,Catamarca
1709,Programas o planes estatales de salud,79,7,2,9,Catamarca
1710,Programas o planes estatales de salud,80,11,12,23,Catamarca
1711,Programas o planes estatales de salud,81,8,6,14,Catamarca
1712,Programas o planes estatales de salud,82,5,11,16,Catamarca
1713,Programas o planes estatales de salud,83,2,2,4,Catamarca
1714,Programas o planes estatales de salud,84,4,4,8,Catamarca
1715,Programas o planes estatales de salud,85,10,7,17,Catamarca
1716,Programas o planes estatales de salud,86,3,3,6,Catamarca
1717,Programas o planes estatales de salud,87,4,2,6,Catamarca
1718,Programas o planes estatales de salud,88,1,3,4,Catamarca
1719,Programas o planes estatales de salud,89,-,3,3,Catamarca
1720,Programas o planes estatales de salud,90,4,4,8,Catamarca
1721,Programas o planes estatales de salud,91,1,4,5,Catamarca
1722,Programas o planes estatales de salud,92,1,2,3,Catamarca
1723,Programas o planes estatales de salud,93,2,2,4,Catamarca
1724,Programas o planes estatales de salud,94,2,1,3,Catamarca
1725,Programas o planes estatales de salud,95,1,-,1,Catamarca
1726,Programas o planes estatales de salud,96,-,2,2,Catamarca
1727,Programas o planes estatales de salud,102,1,-,1,Catamarca
1729,"No tiene obra social, prepaga o plan estatal",,Varón,Mujer,Total,Catamarca
1730,"No tiene obra social, prepaga o plan estatal",0,1723,1625,3348,Catamarca
1731,"No tiene obra social, prepaga o plan estatal",1,1552,1516,3068,Catamarca
1732,"No tiene obra social, prepaga o plan estatal",2,1545,1563,3108,Catamarca
1733,"No tiene obra social, prepaga o plan estatal",3,1562,1574,3136,Catamarca
1734,"No tiene obra social, prepaga o plan estatal",4,1561,1581,3142,Catamarca
1735,"No tiene obra social, prepaga o plan estatal",5,1389,1619,3008,Catamarca
1736,"No tiene obra social, prepaga o plan estatal",6,1673,1542,3215,Catamarca
1737,"No tiene obra social, prepaga o plan estatal",7,1551,1647,3198,Catamarca
1738,"No tiene obra social, prepaga o plan estatal",8,1738,1545,3283,Catamarca
1739,"No tiene obra social, prepaga o plan estatal",9,1739,1649,3388,Catamarca
1740,"No tiene obra social, prepaga o plan estatal",10,1852,1629,3481,Catamarca
1741,"No tiene obra social, prepaga o plan estatal",11,1602,1641,3243,Catamarca
1742,"No tiene obra social, prepaga o plan estatal",12,1624,1652,3276,Catamarca
1743,"No tiene obra social, prepaga o plan estatal",13,1481,1450,2931,Catamarca
1744,"No tiene obra social, prepaga o plan estatal",14,1665,1595,3260,Catamarca
1745,"No tiene obra social, prepaga o plan estatal",15,1563,1539,3102,Catamarca
1746,"No tiene obra social, prepaga o plan estatal",16,1398,1348,2746,Catamarca
1747,"No tiene obra social, prepaga o plan estatal",17,1521,1506,3027,Catamarca
1748,"No tiene obra social, prepaga o plan estatal",18,1617,1333,2950,Catamarca
1749,"No tiene obra social, prepaga o plan estatal",19,1633,1448,3081,Catamarca
1750,"No tiene obra social, prepaga o plan estatal",20,1584,1340,2924,Catamarca
1751,"No tiene obra social, prepaga o plan estatal",21,2002,1815,3817,Catamarca
1752,"No tiene obra social, prepaga o plan estatal",22,1919,1871,3790,Catamarca
1753,"No tiene obra social, prepaga o plan estatal",23,1798,2058,3856,Catamarca
1754,"No tiene obra social, prepaga o plan estatal",24,1702,1827,3529,Catamarca
1755,"No tiene obra social, prepaga o plan estatal",25,1699,1517,3216,Catamarca
1756,"No tiene obra social, prepaga o plan estatal",26,1395,1720,3115,Catamarca
1757,"No tiene obra social, prepaga o plan estatal",27,1461,1431,2892,Catamarca
1758,"No tiene obra social, prepaga o plan estatal",28,1469,1403,2872,Catamarca
1759,"No tiene obra social, prepaga o plan estatal",29,1414,1372,2786,Catamarca
1760,"No tiene obra social, prepaga o plan estatal",30,1582,1386,2968,Catamarca
1761,"No tiene obra social, prepaga o plan estatal",31,1153,1241,2394,Catamarca
1762,"No tiene obra social, prepaga o plan estatal",32,1217,1176,2393,Catamarca
1763,"No tiene obra social, prepaga o plan estatal",33,1173,1262,2435,Catamarca
1764,"No tiene obra social, prepaga o plan estatal",34,1098,1128,2226,Catamarca
1765,"No tiene obra social, prepaga o plan estatal",35,1208,971,2179,Catamarca
1766,"No tiene obra social, prepaga o plan estatal",36,970,900,1870,Catamarca
1767,"No tiene obra social, prepaga o plan estatal",37,821,811,1632,Catamarca
1768,"No tiene obra social, prepaga o plan estatal",38,742,819,1561,Catamarca
1769,"No tiene obra social, prepaga o plan estatal",39,836,758,1594,Catamarca
1770,"No tiene obra social, prepaga o plan estatal",40,764,684,1448,Catamarca
1771,"No tiene obra social, prepaga o plan estatal",41,624,696,1320,Catamarca
1772,"No tiene obra social, prepaga o plan estatal",42,626,751,1377,Catamarca
1773,"No tiene obra social, prepaga o plan estatal",43,620,609,1229,Catamarca
1774,"No tiene obra social, prepaga o plan estatal",44,549,632,1181,Catamarca
1775,"No tiene obra social, prepaga o plan estatal",45,559,492,1051,Catamarca
1776,"No tiene obra social, prepaga o plan estatal",46,597,511,1108,Catamarca
1777,"No tiene obra social, prepaga o plan estatal",47,635,475,1110,Catamarca
1778,"No tiene obra social, prepaga o plan estatal",48,597,510,1107,Catamarca
1779,"No tiene obra social, prepaga o plan estatal",49,571,459,1030,Catamarca
1780,"No tiene obra social, prepaga o plan estatal",50,603,560,1163,Catamarca
1781,"No tiene obra social, prepaga o plan estatal",51,612,491,1103,Catamarca
1782,"No tiene obra social, prepaga o plan estatal",52,471,509,980,Catamarca
1783,"No tiene obra social, prepaga o plan estatal",53,501,540,1041,Catamarca
1784,"No tiene obra social, prepaga o plan estatal",54,502,422,924,Catamarca
1785,"No tiene obra social, prepaga o plan estatal",55,498,359,857,Catamarca
1786,"No tiene obra social, prepaga o plan estatal",56,401,411,812,Catamarca
1787,"No tiene obra social, prepaga o plan estatal",57,457,399,856,Catamarca
1788,"No tiene obra social, prepaga o plan estatal",58,427,452,879,Catamarca
1789,"No tiene obra social, prepaga o plan estatal",59,403,386,789,Catamarca
1790,"No tiene obra social, prepaga o plan estatal",60,419,349,768,Catamarca
1791,"No tiene obra social, prepaga o plan estatal",61,407,177,584,Catamarca
1792,"No tiene obra social, prepaga o plan estatal",62,286,193,479,Catamarca
1793,"No tiene obra social, prepaga o plan estatal",63,375,150,525,Catamarca
1794,"No tiene obra social, prepaga o plan estatal",64,282,93,375,Catamarca
1795,"No tiene obra social, prepaga o plan estatal",65,256,66,322,Catamarca
1796,"No tiene obra social, prepaga o plan estatal",66,106,62,168,Catamarca
1797,"No tiene obra social, prepaga o plan estatal",67,113,64,177,Catamarca
1798,"No tiene obra social, prepaga o plan estatal",68,82,73,155,Catamarca
1799,"No tiene obra social, prepaga o plan estatal",69,45,50,95,Catamarca
1800,"No tiene obra social, prepaga o plan estatal",70,67,93,160,Catamarca
1801,"No tiene obra social, prepaga o plan estatal",71,43,42,85,Catamarca
1802,"No tiene obra social, prepaga o plan estatal",72,41,42,83,Catamarca
1803,"No tiene obra social, prepaga o plan estatal",73,38,40,78,Catamarca
1804,"No tiene obra social, prepaga o plan estatal",74,34,47,81,Catamarca
1805,"No tiene obra social, prepaga o plan estatal",75,42,61,103,Catamarca
1806,"No tiene obra social, prepaga o plan estatal",76,41,33,74,Catamarca
1807,"No tiene obra social, prepaga o plan estatal",77,41,37,78,Catamarca
1808,"No tiene obra social, prepaga o plan estatal",78,49,43,92,Catamarca
1809,"No tiene obra social, prepaga o plan estatal",79,31,35,66,Catamarca
1810,"No tiene obra social, prepaga o plan estatal",80,21,28,49,Catamarca
1811,"No tiene obra social, prepaga o plan estatal",81,12,26,38,Catamarca
1812,"No tiene obra social, prepaga o plan estatal",82,31,18,49,Catamarca
1813,"No tiene obra social, prepaga o plan estatal",83,16,24,40,Catamarca
1814,"No tiene obra social, prepaga o plan estatal",84,15,18,33,Catamarca
1815,"No tiene obra social, prepaga o plan estatal",85,10,22,32,Catamarca
1816,"No tiene obra social, prepaga o plan estatal",86,11,13,24,Catamarca
1817,"No tiene obra social, prepaga o plan estatal",87,10,22,32,Catamarca
1818,"No tiene obra social, prepaga o plan estatal",88,8,17,25,Catamarca
1819,"No tiene obra social, prepaga o plan estatal",89,10,8,18,Catamarca
1820,"No tiene obra social, prepaga o plan estatal",90,5,5,10,Catamarca
1821,"No tiene obra social, prepaga o plan estatal",91,9,1,10,Catamarca
1822,"No tiene obra social, prepaga o plan estatal",92,1,9,10,Catamarca
1823,"No tiene obra social, prepaga o plan estatal",93,3,4,7,Catamarca
1824,"No tiene obra social, prepaga o plan estatal",94,6,4,10,Catamarca
1825,"No tiene obra social, prepaga o plan estatal",95,2,1,3,Catamarca
1826,"No tiene obra social, prepaga o plan estatal",96,-,1,1,Catamarca
1827,"No tiene obra social, prepaga o plan estatal",97,-,1,1,Catamarca
1828,"No tiene obra social, prepaga o plan estatal",98,1,1,2,Catamarca
1829,"No tiene obra social, prepaga o plan estatal",99,1,2,3,Catamarca
1830,"No tiene obra social, prepaga o plan estatal",100,-,1,1,Catamarca
1831,"No tiene obra social, prepaga o plan estatal",104,1,-,1,Catamarca
1832,"No tiene obra social, prepaga o plan estatal",105,-,1,1,Catamarca
1833,"No tiene obra social, prepaga o plan estatal",110,1,-,1,Catamarca
1947,AREA # 14,Córdoba,,,,Córdoba
1948,AREA # 14,,,,,Córdoba
1949,Cobertura de salud,Edad,Sexo,,,Córdoba
1950,Obra social (incluye PAMI),,Varón,Mujer,Total,Córdoba
1951,Obra social (incluye PAMI),0,10273,9303,19576,Córdoba
1952,Obra social (incluye PAMI),1,9829,9656,19485,Córdoba
1953,Obra social (incluye PAMI),2,10555,10599,21154,Córdoba
1954,Obra social (incluye PAMI),3,10201,9389,19590,Córdoba
1955,Obra social (incluye PAMI),4,10726,9804,20530,Córdoba
1956,Obra social (incluye PAMI),5,10412,10206,20618,Córdoba
1957,Obra social (incluye PAMI),6,10951,9666,20617,Córdoba
1958,Obra social (incluye PAMI),7,11404,11018,22422,Córdoba
1959,Obra social (incluye PAMI),8,10322,10195,20517,Córdoba
1960,Obra social (incluye PAMI),9,11269,10549,21818,Córdoba
1961,Obra social (incluye PAMI),10,11693,10767,22460,Córdoba
1962,Obra social (incluye PAMI),11,11220,11437,22657,Córdoba
1963,Obra social (incluye PAMI),12,11220,11058,22278,Córdoba
1964,Obra social (incluye PAMI),13,11045,10921,21966,Córdoba
1965,Obra social (incluye PAMI),14,11538,11346,22884,Córdoba
1966,Obra social (incluye PAMI),15,11210,10966,22176,Córdoba
1967,Obra social (incluye PAMI),16,11255,10687,21942,Córdoba
1968,Obra social (incluye PAMI),17,11318,10990,22308,Córdoba
1969,Obra social (incluye PAMI),18,11188,11224,22412,Córdoba
1970,Obra social (incluye PAMI),19,11538,11349,22887,Córdoba
1971,Obra social (incluye PAMI),20,11365,11906,23271,Córdoba
1972,Obra social (incluye PAMI),21,9506,9650,19156,Córdoba
1973,Obra social (incluye PAMI),22,9960,9995,19955,Córdoba
1974,Obra social (incluye PAMI),23,10113,10235,20348,Córdoba
1975,Obra social (incluye PAMI),24,10060,10416,20476,Córdoba
1976,Obra social (incluye PAMI),25,10242,10192,20434,Córdoba
1977,Obra social (incluye PAMI),26,8998,9353,18351,Córdoba
1978,Obra social (incluye PAMI),27,9576,9485,19061,Córdoba
1979,Obra social (incluye PAMI),28,10435,10087,20522,Córdoba
1980,Obra social (incluye PAMI),29,10219,10827,21046,Córdoba
1981,Obra social (incluye PAMI),30,10443,11393,21836,Córdoba
1982,Obra social (incluye PAMI),31,11029,11183,22212,Córdoba
1983,Obra social (incluye PAMI),32,10176,10867,21043,Córdoba
1984,Obra social (incluye PAMI),33,9681,10880,20561,Córdoba
1985,Obra social (incluye PAMI),34,9232,10278,19510,Córdoba
1986,Obra social (incluye PAMI),35,9403,10801,20204,Córdoba
1987,Obra social (incluye PAMI),36,8904,9266,18170,Córdoba
1988,Obra social (incluye PAMI),37,8856,9612,18468,Córdoba
1989,Obra social (incluye PAMI),38,8855,9106,17961,Córdoba
1990,Obra social (incluye PAMI),39,8874,9102,17976,Córdoba
1991,Obra social (incluye PAMI),40,8538,9006,17544,Córdoba
1992,Obra social (incluye PAMI),41,7847,8949,16796,Córdoba
1993,Obra social (incluye PAMI),42,7513,8614,16127,Córdoba
1994,Obra social (incluye PAMI),43,7300,8249,15549,Córdoba
1995,Obra social (incluye PAMI),44,7306,8239,15545,Córdoba
1996,Obra social (incluye PAMI),45,7471,8875,16346,Córdoba
1997,Obra social (incluye PAMI),46,7905,9077,16982,Córdoba
1998,Obra social (incluye PAMI),47,8301,8617,16918,Córdoba
1999,Obra social (incluye PAMI),48,7869,8579,16448,Córdoba
2000,Obra social (incluye PAMI),49,7481,8911,16392,Córdoba
2001,Obra social (incluye PAMI),50,7797,8772,16569,Córdoba
2002,Obra social (incluye PAMI),51,6670,7634,14304,Córdoba
2003,Obra social (incluye PAMI),52,6631,8071,14702,Córdoba
2004,Obra social (incluye PAMI),53,6863,8321,15184,Córdoba
2005,Obra social (incluye PAMI),54,6536,8523,15059,Córdoba
2006,Obra social (incluye PAMI),55,6683,8433,15116,Córdoba
2007,Obra social (incluye PAMI),56,6512,8595,15107,Córdoba
2008,Obra social (incluye PAMI),57,6479,8439,14918,Córdoba
2009,Obra social (incluye PAMI),58,6533,8548,15081,Córdoba
2010,Obra social (incluye PAMI),59,6133,8481,14614,Córdoba
2011,Obra social (incluye PAMI),60,6806,10654,17460,Córdoba
2012,Obra social (incluye PAMI),61,6418,11710,18128,Córdoba
2013,Obra social (incluye PAMI),62,6652,12218,18870,Córdoba
2014,Obra social (incluye PAMI),63,6511,12705,19216,Córdoba
2015,Obra social (incluye PAMI),64,6806,12779,19585,Córdoba
2016,Obra social (incluye PAMI),65,8218,12803,21021,Córdoba
2017,Obra social (incluye PAMI),66,8501,11727,20228,Córdoba
2018,Obra social (incluye PAMI),67,8377,11053,19430,Córdoba
2019,Obra social (incluye PAMI),68,8658,10887,19545,Córdoba
2020,Obra social (incluye PAMI),69,8191,10601,18792,Córdoba
2021,Obra social (incluye PAMI),70,8368,11134,19502,Córdoba
2022,Obra social (incluye PAMI),71,7297,9554,16851,Córdoba
2023,Obra social (incluye PAMI),72,6837,9284,16121,Córdoba
2024,Obra social (incluye PAMI),73,6359,8994,15353,Córdoba
2025,Obra social (incluye PAMI),74,6502,8910,15412,Córdoba
2026,Obra social (incluye PAMI),75,5767,8969,14736,Córdoba
2027,Obra social (incluye PAMI),76,5269,7954,13223,Córdoba
2028,Obra social (incluye PAMI),77,4926,7720,12646,Córdoba
2029,Obra social (incluye PAMI),78,4784,7757,12541,Córdoba
2030,Obra social (incluye PAMI),79,4705,7583,12288,Córdoba
2031,Obra social (incluye PAMI),80,4440,7623,12063,Córdoba
2032,Obra social (incluye PAMI),81,3585,6443,10028,Córdoba
2033,Obra social (incluye PAMI),82,3250,5877,9127,Córdoba
2034,Obra social (incluye PAMI),83,2984,5254,8238,Córdoba
2035,Obra social (incluye PAMI),84,2325,5027,7352,Córdoba
2036,Obra social (incluye PAMI),85,2172,4504,6676,Córdoba
2037,Obra social (incluye PAMI),86,1706,3884,5590,Córdoba
2038,Obra social (incluye PAMI),87,1372,3338,4710,Córdoba
2039,Obra social (incluye PAMI),88,1149,2840,3989,Córdoba
2040,Obra social (incluye PAMI),89,782,2567,3349,Córdoba
2041,Obra social (incluye PAMI),90,746,2202,2948,Córdoba
2042,Obra social (incluye PAMI),91,522,1487,2009,Córdoba
2043,Obra social (incluye PAMI),92,333,1110,1443,Córdoba
2044,Obra social (incluye PAMI),93,289,957,1246,Córdoba
2045,Obra social (incluye PAMI),94,222,682,904,Córdoba
2046,Obra social (incluye PAMI),95,99,535,634,Córdoba
2047,Obra social (incluye PAMI),96,85,403,488,Córdoba
2048,Obra social (incluye PAMI),97,48,226,274,Córdoba
2049,Obra social (incluye PAMI),98,38,163,201,Córdoba
2050,Obra social (incluye PAMI),99,9,82,91,Córdoba
2051,Obra social (incluye PAMI),100,7,69,76,Córdoba
2052,Obra social (incluye PAMI),101,5,48,53,Córdoba
2053,Obra social (incluye PAMI),102,2,45,47,Córdoba
2054,Obra social (incluye PAMI),103,3,13,16,Córdoba
2055,Obra social (incluye PAMI),104,2,6,8,Córdoba
2056,Obra social (incluye PAMI),105,-,2,2,Córdoba
2057,Obra social (incluye PAMI),107,1,1,2,Córdoba
2058,Obra social (incluye PAMI),108,-,1,1,Córdoba
2059,Obra social (incluye PAMI),109,-,1,1,Córdoba
2060,Obra social (incluye PAMI),110,9,-,9,Córdoba
2062,Prepaga a través de obra social,,Varón,Mujer,Total,Córdoba
2063,Prepaga a través de obra social,0,3510,3440,6950,Córdoba
2064,Prepaga a través de obra social,1,3357,3547,6904,Córdoba
2065,Prepaga a través de obra social,2,3576,3494,7070,Córdoba
2066,Prepaga a través de obra social,3,3621,3233,6854,Córdoba
2067,Prepaga a través de obra social,4,3410,3326,6736,Córdoba
2068,Prepaga a través de obra social,5,3486,3368,6854,Córdoba
2069,Prepaga a través de obra social,6,3652,3527,7179,Córdoba
2070,Prepaga a través de obra social,7,3591,3229,6820,Córdoba
2071,Prepaga a través de obra social,8,3368,3242,6610,Córdoba
2072,Prepaga a través de obra social,9,3449,3398,6847,Córdoba
2073,Prepaga a través de obra social,10,3496,3154,6650,Córdoba
2074,Prepaga a través de obra social,11,3352,3215,6567,Córdoba
2075,Prepaga a través de obra social,12,3257,3353,6610,Córdoba
2076,Prepaga a través de obra social,13,3215,3234,6449,Córdoba
2077,Prepaga a través de obra social,14,3237,3004,6241,Córdoba
2078,Prepaga a través de obra social,15,3301,3044,6345,Córdoba
2079,Prepaga a través de obra social,16,3126,3098,6224,Córdoba
2080,Prepaga a través de obra social,17,2889,3033,5922,Córdoba
2081,Prepaga a través de obra social,18,3184,3206,6390,Córdoba
2082,Prepaga a través de obra social,19,3445,3238,6683,Córdoba
2083,Prepaga a través de obra social,20,3260,3208,6468,Córdoba
2084,Prepaga a través de obra social,21,2993,3131,6124,Córdoba
2085,Prepaga a través de obra social,22,3303,3050,6353,Córdoba
2086,Prepaga a través de obra social,23,3398,3495,6893,Córdoba
2087,Prepaga a través de obra social,24,3790,3637,7427,Córdoba
2088,Prepaga a través de obra social,25,3607,3527,7134,Córdoba
2089,Prepaga a través de obra social,26,3569,3603,7172,Córdoba
2090,Prepaga a través de obra social,27,3635,4138,7773,Córdoba
2091,Prepaga a través de obra social,28,4027,4466,8493,Córdoba
2092,Prepaga a través de obra social,29,3988,4024,8012,Córdoba
2093,Prepaga a través de obra social,30,4299,4399,8698,Córdoba
2094,Prepaga a través de obra social,31,4076,4059,8135,Córdoba
2095,Prepaga a través de obra social,32,3841,4087,7928,Córdoba
2096,Prepaga a través de obra social,33,3866,3960,7826,Córdoba
2097,Prepaga a través de obra social,34,3537,3615,7152,Córdoba
2098,Prepaga a través de obra social,35,3342,3537,6879,Córdoba
2099,Prepaga a través de obra social,36,3165,3374,6539,Córdoba
2100,Prepaga a través de obra social,37,3146,3221,6367,Córdoba
2101,Prepaga a través de obra social,38,3352,3278,6630,Córdoba
2102,Prepaga a través de obra social,39,3062,3018,6080,Córdoba
2103,Prepaga a través de obra social,40,3184,2803,5987,Córdoba
2104,Prepaga a través de obra social,41,2576,2617,5193,Córdoba
2105,Prepaga a través de obra social,42,2507,2576,5083,Córdoba
2106,Prepaga a través de obra social,43,2416,2407,4823,Córdoba
2107,Prepaga a través de obra social,44,2254,2255,4509,Córdoba
2108,Prepaga a través de obra social,45,2565,2798,5363,Córdoba
2109,Prepaga a través de obra social,46,2521,2462,4983,Córdoba
2110,Prepaga a través de obra social,47,2399,2496,4895,Córdoba
2111,Prepaga a través de obra social,48,2182,2358,4540,Córdoba
2112,Prepaga a través de obra social,49,2487,2391,4878,Córdoba
2113,Prepaga a través de obra social,50,2277,2232,4509,Córdoba
2114,Prepaga a través de obra social,51,2143,2171,4314,Córdoba
2115,Prepaga a través de obra social,52,2102,2125,4227,Córdoba
2116,Prepaga a través de obra social,53,1856,2398,4254,Córdoba
2117,Prepaga a través de obra social,54,1876,1985,3861,Córdoba
2118,Prepaga a través de obra social,55,2090,1986,4076,Córdoba
2119,Prepaga a través de obra social,56,2005,1899,3904,Córdoba
2120,Prepaga a través de obra social,57,1838,2001,3839,Córdoba
2121,Prepaga a través de obra social,58,1779,1763,3542,Córdoba
2122,Prepaga a través de obra social,59,1694,1642,3336,Córdoba
2123,Prepaga a través de obra social,60,1652,1531,3183,Córdoba
2124,Prepaga a través de obra social,61,1443,977,2420,Córdoba
2125,Prepaga a través de obra social,62,1569,791,2360,Córdoba
2126,Prepaga a través de obra social,63,1228,654,1882,Córdoba
2127,Prepaga a través de obra social,64,1222,779,2001,Córdoba
2128,Prepaga a través de obra social,65,914,581,1495,Córdoba
2129,Prepaga a través de obra social,66,524,550,1074,Córdoba
2130,Prepaga a través de obra social,67,442,406,848,Córdoba
2131,Prepaga a través de obra social,68,481,398,879,Córdoba
2132,Prepaga a través de obra social,69,415,441,856,Córdoba
2133,Prepaga a través de obra social,70,322,421,743,Córdoba
2134,Prepaga a través de obra social,71,340,330,670,Córdoba
2135,Prepaga a través de obra social,72,251,347,598,Córdoba
2136,Prepaga a través de obra social,73,265,279,544,Córdoba
2137,Prepaga a través de obra social,74,252,362,614,Córdoba
2138,Prepaga a través de obra social,75,269,371,640,Córdoba
2139,Prepaga a través de obra social,76,218,272,490,Córdoba
2140,Prepaga a través de obra social,77,203,157,360,Córdoba
2141,Prepaga a través de obra social,78,177,227,404,Córdoba
2142,Prepaga a través de obra social,79,223,212,435,Córdoba
2143,Prepaga a través de obra social,80,146,193,339,Córdoba
2144,Prepaga a través de obra social,81,119,157,276,Córdoba
2145,Prepaga a través de obra social,82,88,202,290,Córdoba
2146,Prepaga a través de obra social,83,57,163,220,Córdoba
2147,Prepaga a través de obra social,84,86,112,198,Córdoba
2148,Prepaga a través de obra social,85,59,124,183,Córdoba
2149,Prepaga a través de obra social,86,59,78,137,Córdoba
2150,Prepaga a través de obra social,87,53,43,96,Córdoba
2151,Prepaga a través de obra social,88,40,78,118,Córdoba
2152,Prepaga a través de obra social,89,60,25,85,Córdoba
2153,Prepaga a través de obra social,90,3,33,36,Córdoba
2154,Prepaga a través de obra social,91,13,53,66,Córdoba
2155,Prepaga a través de obra social,92,13,29,42,Córdoba
2156,Prepaga a través de obra social,93,3,18,21,Córdoba
2157,Prepaga a través de obra social,94,5,23,28,Córdoba
2158,Prepaga a través de obra social,95,2,11,13,Córdoba
2159,Prepaga a través de obra social,96,-,4,4,Córdoba
2160,Prepaga a través de obra social,97,1,12,13,Córdoba
2161,Prepaga a través de obra social,98,1,1,2,Córdoba
2162,Prepaga a través de obra social,100,-,11,11,Córdoba
2163,Prepaga a través de obra social,101,1,-,1,Córdoba
2164,Prepaga a través de obra social,102,-,1,1,Córdoba
2165,Prepaga a través de obra social,103,-,1,1,Córdoba
2167,Prepaga sólo por contratación voluntaria,,Varón,Mujer,Total,Córdoba
2168,Prepaga sólo por contratación voluntaria,0,1710,1457,3167,Córdoba
2169,Prepaga sólo por contratación voluntaria,1,1436,1708,3144,Córdoba
2170,Prepaga sólo por contratación voluntaria,2,1449,1368,2817,Córdoba
2171,Prepaga sólo por contratación voluntaria,3,1444,1368,2812,Córdoba
2172,Prepaga sólo por contratación voluntaria,4,1491,1467,2958,Córdoba
2173,Prepaga sólo por contratación voluntaria,5,1576,1534,3110,Córdoba
2174,Prepaga sólo por contratación voluntaria,6,1366,1393,2759,Córdoba
2175,Prepaga sólo por contratación voluntaria,7,1428,1461,2889,Córdoba
2176,Prepaga sólo por contratación voluntaria,8,1397,1256,2653,Córdoba
2177,Prepaga sólo por contratación voluntaria,9,1384,1370,2754,Córdoba
2178,Prepaga sólo por contratación voluntaria,10,1345,1298,2643,Córdoba
2179,Prepaga sólo por contratación voluntaria,11,1473,1300,2773,Córdoba
2180,Prepaga sólo por contratación voluntaria,12,1444,1420,2864,Córdoba
2181,Prepaga sólo por contratación voluntaria,13,1431,1235,2666,Córdoba
2182,Prepaga sólo por contratación voluntaria,14,1427,1363,2790,Córdoba
2183,Prepaga sólo por contratación voluntaria,15,1565,1232,2797,Córdoba
2184,Prepaga sólo por contratación voluntaria,16,1443,1223,2666,Córdoba
2185,Prepaga sólo por contratación voluntaria,17,1479,1444,2923,Córdoba
2186,Prepaga sólo por contratación voluntaria,18,1561,1632,3193,Córdoba
2187,Prepaga sólo por contratación voluntaria,19,1444,1736,3180,Córdoba
2188,Prepaga sólo por contratación voluntaria,20,1577,1702,3279,Córdoba
2189,Prepaga sólo por contratación voluntaria,21,1507,1453,2960,Córdoba
2190,Prepaga sólo por contratación voluntaria,22,1391,1782,3173,Córdoba
2191,Prepaga sólo por contratación voluntaria,23,1592,1822,3414,Córdoba
2192,Prepaga sólo por contratación voluntaria,24,1431,1856,3287,Córdoba
2193,Prepaga sólo por contratación voluntaria,25,1729,1916,3645,Córdoba
2194,Prepaga sólo por contratación voluntaria,26,1751,2178,3929,Córdoba
2195,Prepaga sólo por contratación voluntaria,27,1987,2057,4044,Córdoba
2196,Prepaga sólo por contratación voluntaria,28,1769,2309,4078,Córdoba
2197,Prepaga sólo por contratación voluntaria,29,1844,2137,3981,Córdoba
2198,Prepaga sólo por contratación voluntaria,30,1869,2259,4128,Córdoba
2199,Prepaga sólo por contratación voluntaria,31,1836,2011,3847,Córdoba
2200,Prepaga sólo por contratación voluntaria,32,1781,2076,3857,Córdoba
2201,Prepaga sólo por contratación voluntaria,33,2004,1924,3928,Córdoba
2202,Prepaga sólo por contratación voluntaria,34,1679,1671,3350,Córdoba
2203,Prepaga sólo por contratación voluntaria,35,1783,1707,3490,Córdoba
2204,Prepaga sólo por contratación voluntaria,36,1522,1713,3235,Córdoba
2205,Prepaga sólo por contratación voluntaria,37,1740,1654,3394,Córdoba
2206,Prepaga sólo por contratación voluntaria,38,1399,1481,2880,Córdoba
2207,Prepaga sólo por contratación voluntaria,39,1538,1417,2955,Córdoba
2208,Prepaga sólo por contratación voluntaria,40,1605,1632,3237,Córdoba
2209,Prepaga sólo por contratación voluntaria,41,1335,1319,2654,Córdoba
2210,Prepaga sólo por contratación voluntaria,42,1433,1522,2955,Córdoba
2211,Prepaga sólo por contratación voluntaria,43,1279,1365,2644,Córdoba
2212,Prepaga sólo por contratación voluntaria,44,1210,1322,2532,Córdoba
2213,Prepaga sólo por contratación voluntaria,45,1343,1432,2775,Córdoba
2214,Prepaga sólo por contratación voluntaria,46,1427,1413,2840,Córdoba
2215,Prepaga sólo por contratación voluntaria,47,1417,1457,2874,Córdoba
2216,Prepaga sólo por contratación voluntaria,48,1261,1362,2623,Córdoba
2217,Prepaga sólo por contratación voluntaria,49,1490,1467,2957,Córdoba
2218,Prepaga sólo por contratación voluntaria,50,1321,1548,2869,Córdoba
2219,Prepaga sólo por contratación voluntaria,51,1180,1707,2887,Córdoba
2220,Prepaga sólo por contratación voluntaria,52,1259,1440,2699,Córdoba
2221,Prepaga sólo por contratación voluntaria,53,1259,1424,2683,Córdoba
2222,Prepaga sólo por contratación voluntaria,54,1449,1414,2863,Córdoba
2223,Prepaga sólo por contratación voluntaria,55,1433,1440,2873,Córdoba
2224,Prepaga sólo por contratación voluntaria,56,1448,1392,2840,Córdoba
2225,Prepaga sólo por contratación voluntaria,57,1123,1391,2514,Córdoba
2226,Prepaga sólo por contratación voluntaria,58,1258,1210,2468,Córdoba
2227,Prepaga sólo por contratación voluntaria,59,1477,1370,2847,Córdoba
2228,Prepaga sólo por contratación voluntaria,60,1370,1132,2502,Córdoba
2229,Prepaga sólo por contratación voluntaria,61,1221,620,1841,Córdoba
2230,Prepaga sólo por contratación voluntaria,62,1100,568,1668,Córdoba
2231,Prepaga sólo por contratación voluntaria,63,934,542,1476,Córdoba
2232,Prepaga sólo por contratación voluntaria,64,966,528,1494,Córdoba
2233,Prepaga sólo por contratación voluntaria,65,676,418,1094,Córdoba
2234,Prepaga sólo por contratación voluntaria,66,523,445,968,Córdoba
2235,Prepaga sólo por contratación voluntaria,67,437,451,888,Córdoba
2236,Prepaga sólo por contratación voluntaria,68,421,325,746,Córdoba
2237,Prepaga sólo por contratación voluntaria,69,334,232,566,Córdoba
2238,Prepaga sólo por contratación voluntaria,70,251,232,483,Córdoba
2239,Prepaga sólo por contratación voluntaria,71,302,237,539,Córdoba
2240,Prepaga sólo por contratación voluntaria,72,276,253,529,Córdoba
2241,Prepaga sólo por contratación voluntaria,73,153,281,434,Córdoba
2242,Prepaga sólo por contratación voluntaria,74,132,130,262,Córdoba
2243,Prepaga sólo por contratación voluntaria,75,177,137,314,Córdoba
2244,Prepaga sólo por contratación voluntaria,76,124,150,274,Córdoba
2245,Prepaga sólo por contratación voluntaria,77,135,165,300,Córdoba
2246,Prepaga sólo por contratación voluntaria,78,144,114,258,Córdoba
2247,Prepaga sólo por contratación voluntaria,79,95,115,210,Córdoba
2248,Prepaga sólo por contratación voluntaria,80,89,173,262,Córdoba
2249,Prepaga sólo por contratación voluntaria,81,75,110,185,Córdoba
2250,Prepaga sólo por contratación voluntaria,82,82,77,159,Córdoba
2251,Prepaga sólo por contratación voluntaria,83,28,116,144,Córdoba
2252,Prepaga sólo por contratación voluntaria,84,73,124,197,Córdoba
2253,Prepaga sólo por contratación voluntaria,85,38,89,127,Córdoba
2254,Prepaga sólo por contratación voluntaria,86,27,44,71,Córdoba
2255,Prepaga sólo por contratación voluntaria,87,46,64,110,Córdoba
2256,Prepaga sólo por contratación voluntaria,88,3,33,36,Córdoba
2257,Prepaga sólo por contratación voluntaria,89,16,11,27,Córdoba
2258,Prepaga sólo por contratación voluntaria,90,2,30,32,Córdoba
2259,Prepaga sólo por contratación voluntaria,91,21,27,48,Córdoba
2260,Prepaga sólo por contratación voluntaria,92,4,17,21,Córdoba
2261,Prepaga sólo por contratación voluntaria,93,2,12,14,Córdoba
2262,Prepaga sólo por contratación voluntaria,94,4,23,27,Córdoba
2263,Prepaga sólo por contratación voluntaria,95,-,4,4,Córdoba
2264,Prepaga sólo por contratación voluntaria,96,-,7,7,Córdoba
2265,Prepaga sólo por contratación voluntaria,97,-,1,1,Córdoba
2266,Prepaga sólo por contratación voluntaria,98,-,9,9,Córdoba
2267,Prepaga sólo por contratación voluntaria,100,-,3,3,Córdoba
2269,Programas o planes estatales de salud,,Varón,Mujer,Total,Córdoba
2270,Programas o planes estatales de salud,0,1170,1209,2379,Córdoba
2271,Programas o planes estatales de salud,1,1163,1106,2269,Córdoba
2272,Programas o planes estatales de salud,2,1047,1013,2060,Córdoba
2273,Programas o planes estatales de salud,3,912,1106,2018,Córdoba
2274,Programas o planes estatales de salud,4,869,845,1714,Córdoba
2275,Programas o planes estatales de salud,5,720,803,1523,Córdoba
2276,Programas o planes estatales de salud,6,566,566,1132,Córdoba
2277,Programas o planes estatales de salud,7,485,478,963,Córdoba
2278,Programas o planes estatales de salud,8,409,500,909,Córdoba
2279,Programas o planes estatales de salud,9,438,455,893,Córdoba
2280,Programas o planes estatales de salud,10,464,385,849,Córdoba
2281,Programas o planes estatales de salud,11,502,514,1016,Córdoba
2282,Programas o planes estatales de salud,12,521,559,1080,Córdoba
2283,Programas o planes estatales de salud,13,482,437,919,Córdoba
2284,Programas o planes estatales de salud,14,508,471,979,Córdoba
2285,Programas o planes estatales de salud,15,496,458,954,Córdoba
2286,Programas o planes estatales de salud,16,413,428,841,Córdoba
2287,Programas o planes estatales de salud,17,432,482,914,Córdoba
2288,Programas o planes estatales de salud,18,530,472,1002,Córdoba
2289,Programas o planes estatales de salud,19,487,338,825,Córdoba
2290,Programas o planes estatales de salud,20,386,456,842,Córdoba
2291,Programas o planes estatales de salud,21,433,519,952,Córdoba
2292,Programas o planes estatales de salud,22,289,442,731,Córdoba
2293,Programas o planes estatales de salud,23,319,453,772,Córdoba
2294,Programas o planes estatales de salud,24,463,483,946,Córdoba
2295,Programas o planes estatales de salud,25,399,447,846,Córdoba
2296,Programas o planes estatales de salud,26,262,371,633,Córdoba
2297,Programas o planes estatales de salud,27,327,387,714,Córdoba
2298,Programas o planes estatales de salud,28,428,432,860,Córdoba
2299,Programas o planes estatales de salud,29,417,440,857,Córdoba
2300,Programas o planes estatales de salud,30,386,536,922,Córdoba
2301,Programas o planes estatales de salud,31,392,387,779,Córdoba
2302,Programas o planes estatales de salud,32,351,356,707,Córdoba
2303,Programas o planes estatales de salud,33,437,305,742,Córdoba
2304,Programas o planes estatales de salud,34,283,375,658,Córdoba
2305,Programas o planes estatales de salud,35,290,316,606,Córdoba
2306,Programas o planes estatales de salud,36,258,377,635,Córdoba
2307,Programas o planes estatales de salud,37,214,289,503,Córdoba
2308,Programas o planes estatales de salud,38,209,273,482,Córdoba
2309,Programas o planes estatales de salud,39,205,400,605,Córdoba
2310,Programas o planes estatales de salud,40,238,297,535,Córdoba
2311,Programas o planes estatales de salud,41,219,372,591,Córdoba
2312,Programas o planes estatales de salud,42,158,336,494,Córdoba
2313,Programas o planes estatales de salud,43,290,346,636,Córdoba
2314,Programas o planes estatales de salud,44,209,317,526,Córdoba
2315,Programas o planes estatales de salud,45,253,323,576,Córdoba
2316,Programas o planes estatales de salud,46,225,379,604,Córdoba
2317,Programas o planes estatales de salud,47,225,387,612,Córdoba
2318,Programas o planes estatales de salud,48,243,407,650,Córdoba
2319,Programas o planes estatales de salud,49,244,374,618,Córdoba
2320,Programas o planes estatales de salud,50,215,349,564,Córdoba
2321,Programas o planes estatales de salud,51,207,355,562,Córdoba
2322,Programas o planes estatales de salud,52,238,403,641,Córdoba
2323,Programas o planes estatales de salud,53,258,434,692,Córdoba
2324,Programas o planes estatales de salud,54,283,316,599,Córdoba
2325,Programas o planes estatales de salud,55,234,380,614,Córdoba
2326,Programas o planes estatales de salud,56,207,389,596,Córdoba
2327,Programas o planes estatales de salud,57,214,363,577,Córdoba
2328,Programas o planes estatales de salud,58,295,313,608,Córdoba
2329,Programas o planes estatales de salud,59,223,373,596,Córdoba
2330,Programas o planes estatales de salud,60,304,355,659,Córdoba
2331,Programas o planes estatales de salud,61,252,206,458,Córdoba
2332,Programas o planes estatales de salud,62,267,150,417,Córdoba
2333,Programas o planes estatales de salud,63,188,182,370,Córdoba
2334,Programas o planes estatales de salud,64,213,140,353,Córdoba
2335,Programas o planes estatales de salud,65,188,177,365,Córdoba
2336,Programas o planes estatales de salud,66,144,156,300,Córdoba
2337,Programas o planes estatales de salud,67,71,163,234,Córdoba
2338,Programas o planes estatales de salud,68,132,84,216,Córdoba
2339,Programas o planes estatales de salud,69,62,134,196,Córdoba
2340,Programas o planes estatales de salud,70,84,106,190,Córdoba
2341,Programas o planes estatales de salud,71,97,95,192,Córdoba
2342,Programas o planes estatales de salud,72,86,77,163,Córdoba
2343,Programas o planes estatales de salud,73,70,60,130,Córdoba
2344,Programas o planes estatales de salud,74,115,88,203,Córdoba
2345,Programas o planes estatales de salud,75,99,99,198,Córdoba
2346,Programas o planes estatales de salud,76,97,109,206,Córdoba
2347,Programas o planes estatales de salud,77,48,113,161,Córdoba
2348,Programas o planes estatales de salud,78,86,101,187,Córdoba
2349,Programas o planes estatales de salud,79,61,80,141,Córdoba
2350,Programas o planes estatales de salud,80,57,75,132,Córdoba
2351,Programas o planes estatales de salud,81,44,75,119,Córdoba
2352,Programas o planes estatales de salud,82,54,37,91,Córdoba
2353,Programas o planes estatales de salud,83,31,58,89,Córdoba
2354,Programas o planes estatales de salud,84,25,70,95,Córdoba
2355,Programas o planes estatales de salud,85,32,49,81,Córdoba
2356,Programas o planes estatales de salud,86,32,42,74,Córdoba
2357,Programas o planes estatales de salud,87,12,49,61,Córdoba
2358,Programas o planes estatales de salud,88,8,27,35,Córdoba
2359,Programas o planes estatales de salud,89,-,58,58,Córdoba
2360,Programas o planes estatales de salud,90,6,13,19,Córdoba
2361,Programas o planes estatales de salud,91,5,11,16,Córdoba
2362,Programas o planes estatales de salud,92,3,6,9,Córdoba
2363,Programas o planes estatales de salud,93,3,4,7,Córdoba
2364,Programas o planes estatales de salud,94,-,4,4,Córdoba
2365,Programas o planes estatales de salud,95,2,3,5,Córdoba
2366,Programas o planes estatales de salud,96,-,15,15,Córdoba
2367,Programas o planes estatales de salud,97,1,23,24,Córdoba
2368,Programas o planes estatales de salud,98,2,1,3,Córdoba
2369,Programas o planes estatales de salud,99,-,2,2,Córdoba
2370,Programas o planes estatales de salud,100,-,3,3,Córdoba
2371,Programas o planes estatales de salud,101,-,1,1,Córdoba
2372,Programas o planes estatales de salud,105,-,1,1,Córdoba
2374,"No tiene obra social, prepaga o plan estatal",,Varón,Mujer,Total,Córdoba
2375,"No tiene obra social, prepaga o plan estatal",0,10574,10006,20580,Córdoba
2376,"No tiene obra social, prepaga o plan estatal",1,10552,10099,20651,Córdoba
2377,"No tiene obra social, prepaga o plan estatal",2,10318,10228,20546,Córdoba
2378,"No tiene obra social, prepaga o plan estatal",3,9701,9808,19509,Córdoba
2379,"No tiene obra social, prepaga o plan estatal",4,9760,9591,19351,Córdoba
2380,"No tiene obra social, prepaga o plan estatal",5,10149,9915,20064,Córdoba
2381,"No tiene obra social, prepaga o plan estatal",6,11006,10705,21711,Córdoba
2382,"No tiene obra social, prepaga o plan estatal",7,10800,11089,21889,Córdoba
2383,"No tiene obra social, prepaga o plan estatal",8,10776,10409,21185,Córdoba
2384,"No tiene obra social, prepaga o plan estatal",9,10856,10602,21458,Córdoba
2385,"No tiene obra social, prepaga o plan estatal",10,11038,11559,22597,Córdoba
2386,"No tiene obra social, prepaga o plan estatal",11,11260,11270,22530,Córdoba
2387,"No tiene obra social, prepaga o plan estatal",12,10974,11076,22050,Córdoba
2388,"No tiene obra social, prepaga o plan estatal",13,10858,10833,21691,Córdoba
2389,"No tiene obra social, prepaga o plan estatal",14,12196,12419,24615,Córdoba
2390,"No tiene obra social, prepaga o plan estatal",15,11761,11415,23176,Córdoba
2391,"No tiene obra social, prepaga o plan estatal",16,12304,11486,23790,Córdoba
2392,"No tiene obra social, prepaga o plan estatal",17,12130,11415,23545,Córdoba
2393,"No tiene obra social, prepaga o plan estatal",18,12915,12378,25293,Córdoba
2394,"No tiene obra social, prepaga o plan estatal",19,12797,12530,25327,Córdoba
2395,"No tiene obra social, prepaga o plan estatal",20,12398,11655,24053,Córdoba
2396,"No tiene obra social, prepaga o plan estatal",21,12169,12019,24188,Córdoba
2397,"No tiene obra social, prepaga o plan estatal",22,11680,11583,23263,Córdoba
2398,"No tiene obra social, prepaga o plan estatal",23,11453,11266,22719,Córdoba
2399,"No tiene obra social, prepaga o plan estatal",24,11122,10919,22041,Córdoba
2400,"No tiene obra social, prepaga o plan estatal",25,10424,10029,20453,Córdoba
2401,"No tiene obra social, prepaga o plan estatal",26,9994,9791,19785,Córdoba
2402,"No tiene obra social, prepaga o plan estatal",27,10167,9678,19845,Córdoba
2403,"No tiene obra social, prepaga o plan estatal",28,10518,9597,20115,Córdoba
2404,"No tiene obra social, prepaga o plan estatal",29,9761,9546,19307,Córdoba
2405,"No tiene obra social, prepaga o plan estatal",30,9510,9841,19351,Córdoba
2406,"No tiene obra social, prepaga o plan estatal",31,9144,8972,18116,Córdoba
2407,"No tiene obra social, prepaga o plan estatal",32,9022,8615,17637,Córdoba
2408,"No tiene obra social, prepaga o plan estatal",33,8400,8474,16874,Córdoba
2409,"No tiene obra social, prepaga o plan estatal",34,7563,7649,15212,Córdoba
2410,"No tiene obra social, prepaga o plan estatal",35,7501,7457,14958,Córdoba
2411,"No tiene obra social, prepaga o plan estatal",36,7143,7110,14253,Córdoba
2412,"No tiene obra social, prepaga o plan estatal",37,7232,7036,14268,Córdoba
2413,"No tiene obra social, prepaga o plan estatal",38,7150,7136,14286,Córdoba
2414,"No tiene obra social, prepaga o plan estatal",39,6770,6940,13710,Córdoba
2415,"No tiene obra social, prepaga o plan estatal",40,7217,6832,14049,Córdoba
2416,"No tiene obra social, prepaga o plan estatal",41,6709,6126,12835,Córdoba
2417,"No tiene obra social, prepaga o plan estatal",42,6543,6032,12575,Córdoba
2418,"No tiene obra social, prepaga o plan estatal",43,5962,6143,12105,Córdoba
2419,"No tiene obra social, prepaga o plan estatal",44,6058,5780,11838,Córdoba
2420,"No tiene obra social, prepaga o plan estatal",45,6315,6096,12411,Córdoba
2421,"No tiene obra social, prepaga o plan estatal",46,6233,6065,12298,Córdoba
2422,"No tiene obra social, prepaga o plan estatal",47,6218,5892,12110,Córdoba
2423,"No tiene obra social, prepaga o plan estatal",48,6033,5933,11966,Córdoba
2424,"No tiene obra social, prepaga o plan estatal",49,6143,5776,11919,Córdoba
2425,"No tiene obra social, prepaga o plan estatal",50,6502,5841,12343,Córdoba
2426,"No tiene obra social, prepaga o plan estatal",51,5659,5078,10737,Córdoba
2427,"No tiene obra social, prepaga o plan estatal",52,5317,4893,10210,Córdoba
2428,"No tiene obra social, prepaga o plan estatal",53,5796,4902,10698,Córdoba
2429,"No tiene obra social, prepaga o plan estatal",54,5581,5084,10665,Córdoba
2430,"No tiene obra social, prepaga o plan estatal",55,5312,4676,9988,Córdoba
2431,"No tiene obra social, prepaga o plan estatal",56,5135,4415,9550,Córdoba
2432,"No tiene obra social, prepaga o plan estatal",57,4969,4618,9587,Córdoba
2433,"No tiene obra social, prepaga o plan estatal",58,5042,4311,9353,Córdoba
2434,"No tiene obra social, prepaga o plan estatal",59,4929,4332,9261,Córdoba
2435,"No tiene obra social, prepaga o plan estatal",60,4886,3725,8611,Córdoba
2436,"No tiene obra social, prepaga o plan estatal",61,4078,1828,5906,Córdoba
2437,"No tiene obra social, prepaga o plan estatal",62,3853,1320,5173,Córdoba
2438,"No tiene obra social, prepaga o plan estatal",63,3952,907,4859,Córdoba
2439,"No tiene obra social, prepaga o plan estatal",64,3116,567,3683,Córdoba
2440,"No tiene obra social, prepaga o plan estatal",65,2337,463,2800,Córdoba
2441,"No tiene obra social, prepaga o plan estatal",66,966,413,1379,Córdoba
2442,"No tiene obra social, prepaga o plan estatal",67,757,454,1211,Córdoba
2443,"No tiene obra social, prepaga o plan estatal",68,586,379,965,Córdoba
2444,"No tiene obra social, prepaga o plan estatal",69,455,323,778,Córdoba
2445,"No tiene obra social, prepaga o plan estatal",70,482,418,900,Córdoba
2446,"No tiene obra social, prepaga o plan estatal",71,273,269,542,Córdoba
2447,"No tiene obra social, prepaga o plan estatal",72,247,196,443,Córdoba
2448,"No tiene obra social, prepaga o plan estatal",73,243,226,469,Córdoba
2449,"No tiene obra social, prepaga o plan estatal",74,267,248,515,Córdoba
2450,"No tiene obra social, prepaga o plan estatal",75,253,336,589,Córdoba
2451,"No tiene obra social, prepaga o plan estatal",76,213,280,493,Córdoba
2452,"No tiene obra social, prepaga o plan estatal",77,257,248,505,Córdoba
2453,"No tiene obra social, prepaga o plan estatal",78,238,244,482,Córdoba
2454,"No tiene obra social, prepaga o plan estatal",79,171,230,401,Córdoba
2455,"No tiene obra social, prepaga o plan estatal",80,177,296,473,Córdoba
2456,"No tiene obra social, prepaga o plan estatal",81,112,172,284,Córdoba
2457,"No tiene obra social, prepaga o plan estatal",82,112,175,287,Córdoba
2458,"No tiene obra social, prepaga o plan estatal",83,74,137,211,Córdoba
2459,"No tiene obra social, prepaga o plan estatal",84,82,140,222,Córdoba
2460,"No tiene obra social, prepaga o plan estatal",85,49,123,172,Córdoba
2461,"No tiene obra social, prepaga o plan estatal",86,49,108,157,Córdoba
2462,"No tiene obra social, prepaga o plan estatal",87,33,82,115,Córdoba
2463,"No tiene obra social, prepaga o plan estatal",88,46,52,98,Córdoba
2464,"No tiene obra social, prepaga o plan estatal",89,37,48,85,Córdoba
2465,"No tiene obra social, prepaga o plan estatal",90,20,57,77,Córdoba
2466,"No tiene obra social, prepaga o plan estatal",91,12,47,59,Córdoba
2467,"No tiene obra social, prepaga o plan estatal",92,17,35,52,Córdoba
2468,"No tiene obra social, prepaga o plan estatal",93,4,32,36,Córdoba
2469,"No tiene obra social, prepaga o plan estatal",94,13,42,55,Córdoba
2470,"No tiene obra social, prepaga o plan estatal",95,13,13,26,Córdoba
2471,"No tiene obra social, prepaga o plan estatal",96,5,9,14,Córdoba
2472,"No tiene obra social, prepaga o plan estatal",97,1,6,7,Córdoba
2473,"No tiene obra social, prepaga o plan estatal",98,2,4,6,Córdoba
2474,"No tiene obra social, prepaga o plan estatal",99,1,3,4,Córdoba
2475,"No tiene obra social, prepaga o plan estatal",100,1,1,2,Córdoba
2476,"No tiene obra social, prepaga o plan estatal",101,-,1,1,Córdoba
2477,"No tiene obra social, prepaga o plan estatal",102,-,2,2,Córdoba
2478,"No tiene obra social, prepaga o plan estatal",103,-,1,1,Córdoba
2479,"No tiene obra social, prepaga o plan estatal",104,-,1,1,Córdoba
2594,AREA # 18,Corrientes,,,,Corrientes
2595,AREA # 18,,,,,Corrientes
2596,Cobertura de salud,Edad,Sexo,,,Corrientes
2597,Obra social (incluye PAMI),,Varón,Mujer,Total,Corrientes
2598,Obra social (incluye PAMI),0,2447,2502,4949,Corrientes
2599,Obra social (incluye PAMI),1,2501,2510,5011,Corrientes
2600,Obra social (incluye PAMI),2,2655,2407,5062,Corrientes
2601,Obra social (incluye PAMI),3,2664,2386,5050,Corrientes
2602,Obra social (incluye PAMI),4,2627,2646,5273,Corrientes
2603,Obra social (incluye PAMI),5,2960,2919,5879,Corrientes
2604,Obra social (incluye PAMI),6,3065,3101,6166,Corrientes
2605,Obra social (incluye PAMI),7,3271,3131,6402,Corrientes
2606,Obra social (incluye PAMI),8,3332,3055,6387,Corrientes
2607,Obra social (incluye PAMI),9,3115,3232,6347,Corrientes
2608,Obra social (incluye PAMI),10,3530,3439,6969,Corrientes
2609,Obra social (incluye PAMI),11,3601,3441,7042,Corrientes
2610,Obra social (incluye PAMI),12,3476,3457,6933,Corrientes
2611,Obra social (incluye PAMI),13,3469,3339,6808,Corrientes
2612,Obra social (incluye PAMI),14,3867,3552,7419,Corrientes
2613,Obra social (incluye PAMI),15,3808,3788,7596,Corrientes
2614,Obra social (incluye PAMI),16,3794,3591,7385,Corrientes
2615,Obra social (incluye PAMI),17,3442,3726,7168,Corrientes
2616,Obra social (incluye PAMI),18,3507,3540,7047,Corrientes
2617,Obra social (incluye PAMI),19,3161,3663,6824,Corrientes
2618,Obra social (incluye PAMI),20,3144,3382,6526,Corrientes
2619,Obra social (incluye PAMI),21,1995,2406,4401,Corrientes
2620,Obra social (incluye PAMI),22,1939,2182,4121,Corrientes
2621,Obra social (incluye PAMI),23,2207,2157,4364,Corrientes
2622,Obra social (incluye PAMI),24,2155,2115,4270,Corrientes
2623,Obra social (incluye PAMI),25,2090,2402,4492,Corrientes
2624,Obra social (incluye PAMI),26,1969,2063,4032,Corrientes
2625,Obra social (incluye PAMI),27,2268,2108,4376,Corrientes
2626,Obra social (incluye PAMI),28,2263,2291,4554,Corrientes
2627,Obra social (incluye PAMI),29,2084,2546,4630,Corrientes
2628,Obra social (incluye PAMI),30,2488,2604,5092,Corrientes
2629,Obra social (incluye PAMI),31,2450,2779,5229,Corrientes
2630,Obra social (incluye PAMI),32,2119,2477,4596,Corrientes
2631,Obra social (incluye PAMI),33,2317,2272,4589,Corrientes
2632,Obra social (incluye PAMI),34,2223,2333,4556,Corrientes
2633,Obra social (incluye PAMI),35,1991,2500,4491,Corrientes
2634,Obra social (incluye PAMI),36,2050,2261,4311,Corrientes
2635,Obra social (incluye PAMI),37,2179,2326,4505,Corrientes
2636,Obra social (incluye PAMI),38,1889,2196,4085,Corrientes
2637,Obra social (incluye PAMI),39,1863,2358,4221,Corrientes
2638,Obra social (incluye PAMI),40,2181,2461,4642,Corrientes
2639,Obra social (incluye PAMI),41,1991,2359,4350,Corrientes
2640,Obra social (incluye PAMI),42,1786,2468,4254,Corrientes
2641,Obra social (incluye PAMI),43,1815,2344,4159,Corrientes
2642,Obra social (incluye PAMI),44,1862,2520,4382,Corrientes
2643,Obra social (incluye PAMI),45,2078,2632,4710,Corrientes
2644,Obra social (incluye PAMI),46,2170,2443,4613,Corrientes
2645,Obra social (incluye PAMI),47,2169,2668,4837,Corrientes
2646,Obra social (incluye PAMI),48,2284,2534,4818,Corrientes
2647,Obra social (incluye PAMI),49,2023,2262,4285,Corrientes
2648,Obra social (incluye PAMI),50,1941,2473,4414,Corrientes
2649,Obra social (incluye PAMI),51,1913,2374,4287,Corrientes
2650,Obra social (incluye PAMI),52,1707,2359,4066,Corrientes
2651,Obra social (incluye PAMI),53,1862,2343,4205,Corrientes
2652,Obra social (incluye PAMI),54,1783,2242,4025,Corrientes
2653,Obra social (incluye PAMI),55,1712,2199,3911,Corrientes
2654,Obra social (incluye PAMI),56,1834,1919,3753,Corrientes
2655,Obra social (incluye PAMI),57,1766,2154,3920,Corrientes
2656,Obra social (incluye PAMI),58,1654,2022,3676,Corrientes
2657,Obra social (incluye PAMI),59,1614,2023,3637,Corrientes
2658,Obra social (incluye PAMI),60,1605,2255,3860,Corrientes
2659,Obra social (incluye PAMI),61,1401,2320,3721,Corrientes
2660,Obra social (incluye PAMI),62,1419,2508,3927,Corrientes
2661,Obra social (incluye PAMI),63,1446,2696,4142,Corrientes
2662,Obra social (incluye PAMI),64,1313,2581,3894,Corrientes
2663,Obra social (incluye PAMI),65,1812,2825,4637,Corrientes
2664,Obra social (incluye PAMI),66,1944,2646,4590,Corrientes
2665,Obra social (incluye PAMI),67,1977,2402,4379,Corrientes
2666,Obra social (incluye PAMI),68,2040,2343,4383,Corrientes
2667,Obra social (incluye PAMI),69,1860,2395,4255,Corrientes
2668,Obra social (incluye PAMI),70,1739,2237,3976,Corrientes
2669,Obra social (incluye PAMI),71,1686,1966,3652,Corrientes
2670,Obra social (incluye PAMI),72,1546,1923,3469,Corrientes
2671,Obra social (incluye PAMI),73,1343,1903,3246,Corrientes
2672,Obra social (incluye PAMI),74,1563,2029,3592,Corrientes
2673,Obra social (incluye PAMI),75,1218,1864,3082,Corrientes
2674,Obra social (incluye PAMI),76,1172,1489,2661,Corrientes
2675,Obra social (incluye PAMI),77,1112,1489,2601,Corrientes
2676,Obra social (incluye PAMI),78,962,1511,2473,Corrientes
2677,Obra social (incluye PAMI),79,882,1364,2246,Corrientes
2678,Obra social (incluye PAMI),80,796,1305,2101,Corrientes
2679,Obra social (incluye PAMI),81,686,1100,1786,Corrientes
2680,Obra social (incluye PAMI),82,563,1065,1628,Corrientes
2681,Obra social (incluye PAMI),83,576,1034,1610,Corrientes
2682,Obra social (incluye PAMI),84,491,859,1350,Corrientes
2683,Obra social (incluye PAMI),85,420,748,1168,Corrientes
2684,Obra social (incluye PAMI),86,354,642,996,Corrientes
2685,Obra social (incluye PAMI),87,269,564,833,Corrientes
2686,Obra social (incluye PAMI),88,249,487,736,Corrientes
2687,Obra social (incluye PAMI),89,178,395,573,Corrientes
2688,Obra social (incluye PAMI),90,174,346,520,Corrientes
2689,Obra social (incluye PAMI),91,112,242,354,Corrientes
2690,Obra social (incluye PAMI),92,52,158,210,Corrientes
2691,Obra social (incluye PAMI),93,68,170,238,Corrientes
2692,Obra social (incluye PAMI),94,43,139,182,Corrientes
2693,Obra social (incluye PAMI),95,40,119,159,Corrientes
2694,Obra social (incluye PAMI),96,27,71,98,Corrientes
2695,Obra social (incluye PAMI),97,10,48,58,Corrientes
2696,Obra social (incluye PAMI),98,4,22,26,Corrientes
2697,Obra social (incluye PAMI),99,16,34,50,Corrientes
2698,Obra social (incluye PAMI),100,1,37,38,Corrientes
2699,Obra social (incluye PAMI),101,1,16,17,Corrientes
2700,Obra social (incluye PAMI),102,1,3,4,Corrientes
2701,Obra social (incluye PAMI),103,1,5,6,Corrientes
2702,Obra social (incluye PAMI),106,-,1,1,Corrientes
2703,Obra social (incluye PAMI),109,-,1,1,Corrientes
2705,Prepaga a través de obra social,,Varón,Mujer,Total,Corrientes
2706,Prepaga a través de obra social,0,663,541,1204,Corrientes
2707,Prepaga a través de obra social,1,592,659,1251,Corrientes
2708,Prepaga a través de obra social,2,526,574,1100,Corrientes
2709,Prepaga a través de obra social,3,541,553,1094,Corrientes
2710,Prepaga a través de obra social,4,630,567,1197,Corrientes
2711,Prepaga a través de obra social,5,645,615,1260,Corrientes
2712,Prepaga a través de obra social,6,719,656,1375,Corrientes
2713,Prepaga a través de obra social,7,754,679,1433,Corrientes
2714,Prepaga a través de obra social,8,630,626,1256,Corrientes
2715,Prepaga a través de obra social,9,696,772,1468,Corrientes
2716,Prepaga a través de obra social,10,750,800,1550,Corrientes
2717,Prepaga a través de obra social,11,824,770,1594,Corrientes
2718,Prepaga a través de obra social,12,671,637,1308,Corrientes
2719,Prepaga a través de obra social,13,715,628,1343,Corrientes
2720,Prepaga a través de obra social,14,797,618,1415,Corrientes
2721,Prepaga a través de obra social,15,643,788,1431,Corrientes
2722,Prepaga a través de obra social,16,611,682,1293,Corrientes
2723,Prepaga a través de obra social,17,648,695,1343,Corrientes
2724,Prepaga a través de obra social,18,548,759,1307,Corrientes
2725,Prepaga a través de obra social,19,644,669,1313,Corrientes
2726,Prepaga a través de obra social,20,566,632,1198,Corrientes
2727,Prepaga a través de obra social,21,427,417,844,Corrientes
2728,Prepaga a través de obra social,22,480,470,950,Corrientes
2729,Prepaga a través de obra social,23,410,503,913,Corrientes
2730,Prepaga a través de obra social,24,442,499,941,Corrientes
2731,Prepaga a través de obra social,25,483,427,910,Corrientes
2732,Prepaga a través de obra social,26,485,416,901,Corrientes
2733,Prepaga a través de obra social,27,536,481,1017,Corrientes
2734,Prepaga a través de obra social,28,703,532,1235,Corrientes
2735,Prepaga a través de obra social,29,614,582,1196,Corrientes
2736,Prepaga a través de obra social,30,673,639,1312,Corrientes
2737,Prepaga a través de obra social,31,619,605,1224,Corrientes
2738,Prepaga a través de obra social,32,579,559,1138,Corrientes
2739,Prepaga a través de obra social,33,491,592,1083,Corrientes
2740,Prepaga a través de obra social,34,495,506,1001,Corrientes
2741,Prepaga a través de obra social,35,573,512,1085,Corrientes
2742,Prepaga a través de obra social,36,568,550,1118,Corrientes
2743,Prepaga a través de obra social,37,459,552,1011,Corrientes
2744,Prepaga a través de obra social,38,460,447,907,Corrientes
2745,Prepaga a través de obra social,39,492,447,939,Corrientes
2746,Prepaga a través de obra social,40,457,460,917,Corrientes
2747,Prepaga a través de obra social,41,491,386,877,Corrientes
2748,Prepaga a través de obra social,42,534,473,1007,Corrientes
2749,Prepaga a través de obra social,43,380,422,802,Corrientes
2750,Prepaga a través de obra social,44,378,472,850,Corrientes
2751,Prepaga a través de obra social,45,515,391,906,Corrientes
2752,Prepaga a través de obra social,46,405,446,851,Corrientes
2753,Prepaga a través de obra social,47,447,494,941,Corrientes
2754,Prepaga a través de obra social,48,404,408,812,Corrientes
2755,Prepaga a través de obra social,49,414,438,852,Corrientes
2756,Prepaga a través de obra social,50,466,377,843,Corrientes
2757,Prepaga a través de obra social,51,394,403,797,Corrientes
2758,Prepaga a través de obra social,52,340,400,740,Corrientes
2759,Prepaga a través de obra social,53,426,374,800,Corrientes
2760,Prepaga a través de obra social,54,349,308,657,Corrientes
2761,Prepaga a través de obra social,55,362,343,705,Corrientes
2762,Prepaga a través de obra social,56,401,305,706,Corrientes
2763,Prepaga a través de obra social,57,333,242,575,Corrientes
2764,Prepaga a través de obra social,58,276,271,547,Corrientes
2765,Prepaga a través de obra social,59,258,366,624,Corrientes
2766,Prepaga a través de obra social,60,345,208,553,Corrientes
2767,Prepaga a través de obra social,61,269,124,393,Corrientes
2768,Prepaga a través de obra social,62,219,126,345,Corrientes
2769,Prepaga a través de obra social,63,214,172,386,Corrientes
2770,Prepaga a través de obra social,64,193,140,333,Corrientes
2771,Prepaga a través de obra social,65,178,111,289,Corrientes
2772,Prepaga a través de obra social,66,76,71,147,Corrientes
2773,Prepaga a través de obra social,67,72,54,126,Corrientes
2774,Prepaga a través de obra social,68,98,60,158,Corrientes
2775,Prepaga a través de obra social,69,50,49,99,Corrientes
2776,Prepaga a través de obra social,70,61,86,147,Corrientes
2777,Prepaga a través de obra social,71,38,54,92,Corrientes
2778,Prepaga a través de obra social,72,38,39,77,Corrientes
2779,Prepaga a través de obra social,73,52,29,81,Corrientes
2780,Prepaga a través de obra social,74,41,23,64,Corrientes
2781,Prepaga a través de obra social,75,33,86,119,Corrientes
2782,Prepaga a través de obra social,76,25,79,104,Corrientes
2783,Prepaga a través de obra social,77,28,22,50,Corrientes
2784,Prepaga a través de obra social,78,28,46,74,Corrientes
2785,Prepaga a través de obra social,79,52,51,103,Corrientes
2786,Prepaga a través de obra social,80,39,41,80,Corrientes
2787,Prepaga a través de obra social,81,28,31,59,Corrientes
2788,Prepaga a través de obra social,82,25,46,71,Corrientes
2789,Prepaga a través de obra social,83,26,16,42,Corrientes
2790,Prepaga a través de obra social,84,6,13,19,Corrientes
2791,Prepaga a través de obra social,85,6,22,28,Corrientes
2792,Prepaga a través de obra social,86,9,6,15,Corrientes
2793,Prepaga a través de obra social,87,-,15,15,Corrientes
2794,Prepaga a través de obra social,88,25,5,30,Corrientes
2795,Prepaga a través de obra social,89,3,14,17,Corrientes
2796,Prepaga a través de obra social,90,3,3,6,Corrientes
2797,Prepaga a través de obra social,91,6,2,8,Corrientes
2798,Prepaga a través de obra social,93,-,1,1,Corrientes
2799,Prepaga a través de obra social,94,1,1,2,Corrientes
2800,Prepaga a través de obra social,95,-,1,1,Corrientes
2801,Prepaga a través de obra social,96,2,1,3,Corrientes
2802,Prepaga a través de obra social,97,-,2,2,Corrientes
2803,Prepaga a través de obra social,110,1,-,1,Corrientes
2805,Prepaga sólo por contratación voluntaria,,Varón,Mujer,Total,Corrientes
2806,Prepaga sólo por contratación voluntaria,0,118,95,213,Corrientes
2807,Prepaga sólo por contratación voluntaria,1,125,111,236,Corrientes
2808,Prepaga sólo por contratación voluntaria,2,168,154,322,Corrientes
2809,Prepaga sólo por contratación voluntaria,3,95,141,236,Corrientes
2810,Prepaga sólo por contratación voluntaria,4,114,128,242,Corrientes
2811,Prepaga sólo por contratación voluntaria,5,95,103,198,Corrientes
2812,Prepaga sólo por contratación voluntaria,6,136,118,254,Corrientes
2813,Prepaga sólo por contratación voluntaria,7,113,172,285,Corrientes
2814,Prepaga sólo por contratación voluntaria,8,129,108,237,Corrientes
2815,Prepaga sólo por contratación voluntaria,9,124,109,233,Corrientes
2816,Prepaga sólo por contratación voluntaria,10,123,148,271,Corrientes
2817,Prepaga sólo por contratación voluntaria,11,95,125,220,Corrientes
2818,Prepaga sólo por contratación voluntaria,12,129,92,221,Corrientes
2819,Prepaga sólo por contratación voluntaria,13,117,150,267,Corrientes
2820,Prepaga sólo por contratación voluntaria,14,105,99,204,Corrientes
2821,Prepaga sólo por contratación voluntaria,15,82,96,178,Corrientes
2822,Prepaga sólo por contratación voluntaria,16,120,144,264,Corrientes
2823,Prepaga sólo por contratación voluntaria,17,106,91,197,Corrientes
2824,Prepaga sólo por contratación voluntaria,18,114,117,231,Corrientes
2825,Prepaga sólo por contratación voluntaria,19,122,112,234,Corrientes
2826,Prepaga sólo por contratación voluntaria,20,141,78,219,Corrientes
2827,Prepaga sólo por contratación voluntaria,21,147,126,273,Corrientes
2828,Prepaga sólo por contratación voluntaria,22,101,115,216,Corrientes
2829,Prepaga sólo por contratación voluntaria,23,138,228,366,Corrientes
2830,Prepaga sólo por contratación voluntaria,24,140,183,323,Corrientes
2831,Prepaga sólo por contratación voluntaria,25,187,162,349,Corrientes
2832,Prepaga sólo por contratación voluntaria,26,161,170,331,Corrientes
2833,Prepaga sólo por contratación voluntaria,27,169,189,358,Corrientes
2834,Prepaga sólo por contratación voluntaria,28,225,187,412,Corrientes
2835,Prepaga sólo por contratación voluntaria,29,199,203,402,Corrientes
2836,Prepaga sólo por contratación voluntaria,30,161,216,377,Corrientes
2837,Prepaga sólo por contratación voluntaria,31,171,125,296,Corrientes
2838,Prepaga sólo por contratación voluntaria,32,177,153,330,Corrientes
2839,Prepaga sólo por contratación voluntaria,33,160,129,289,Corrientes
2840,Prepaga sólo por contratación voluntaria,34,149,190,339,Corrientes
2841,Prepaga sólo por contratación voluntaria,35,195,179,374,Corrientes
2842,Prepaga sólo por contratación voluntaria,36,164,166,330,Corrientes
2843,Prepaga sólo por contratación voluntaria,37,173,152,325,Corrientes
2844,Prepaga sólo por contratación voluntaria,38,156,132,288,Corrientes
2845,Prepaga sólo por contratación voluntaria,39,150,114,264,Corrientes
2846,Prepaga sólo por contratación voluntaria,40,138,89,227,Corrientes
2847,Prepaga sólo por contratación voluntaria,41,102,125,227,Corrientes
2848,Prepaga sólo por contratación voluntaria,42,120,110,230,Corrientes
2849,Prepaga sólo por contratación voluntaria,43,137,115,252,Corrientes
2850,Prepaga sólo por contratación voluntaria,44,144,166,310,Corrientes
2851,Prepaga sólo por contratación voluntaria,45,148,123,271,Corrientes
2852,Prepaga sólo por contratación voluntaria,46,128,102,230,Corrientes
2853,Prepaga sólo por contratación voluntaria,47,175,98,273,Corrientes
2854,Prepaga sólo por contratación voluntaria,48,132,111,243,Corrientes
2855,Prepaga sólo por contratación voluntaria,49,126,158,284,Corrientes
2856,Prepaga sólo por contratación voluntaria,50,137,123,260,Corrientes
2857,Prepaga sólo por contratación voluntaria,51,83,105,188,Corrientes
2858,Prepaga sólo por contratación voluntaria,52,152,99,251,Corrientes
2859,Prepaga sólo por contratación voluntaria,53,159,81,240,Corrientes
2860,Prepaga sólo por contratación voluntaria,54,125,119,244,Corrientes
2861,Prepaga sólo por contratación voluntaria,55,126,123,249,Corrientes
2862,Prepaga sólo por contratación voluntaria,56,110,87,197,Corrientes
2863,Prepaga sólo por contratación voluntaria,57,104,93,197,Corrientes
2864,Prepaga sólo por contratación voluntaria,58,124,95,219,Corrientes
2865,Prepaga sólo por contratación voluntaria,59,110,105,215,Corrientes
2866,Prepaga sólo por contratación voluntaria,60,101,62,163,Corrientes
2867,Prepaga sólo por contratación voluntaria,61,131,65,196,Corrientes
2868,Prepaga sólo por contratación voluntaria,62,61,32,93,Corrientes
2869,Prepaga sólo por contratación voluntaria,63,143,33,176,Corrientes
2870,Prepaga sólo por contratación voluntaria,64,63,10,73,Corrientes
2871,Prepaga sólo por contratación voluntaria,65,74,23,97,Corrientes
2872,Prepaga sólo por contratación voluntaria,66,26,10,36,Corrientes
2873,Prepaga sólo por contratación voluntaria,67,36,33,69,Corrientes
2874,Prepaga sólo por contratación voluntaria,68,10,25,35,Corrientes
2875,Prepaga sólo por contratación voluntaria,69,19,6,25,Corrientes
2876,Prepaga sólo por contratación voluntaria,70,9,18,27,Corrientes
2877,Prepaga sólo por contratación voluntaria,71,18,6,24,Corrientes
2878,Prepaga sólo por contratación voluntaria,72,4,13,17,Corrientes
2879,Prepaga sólo por contratación voluntaria,73,4,6,10,Corrientes
2880,Prepaga sólo por contratación voluntaria,74,11,4,15,Corrientes
2881,Prepaga sólo por contratación voluntaria,75,7,13,20,Corrientes
2882,Prepaga sólo por contratación voluntaria,76,9,4,13,Corrientes
2883,Prepaga sólo por contratación voluntaria,77,15,14,29,Corrientes
2884,Prepaga sólo por contratación voluntaria,78,3,6,9,Corrientes
2885,Prepaga sólo por contratación voluntaria,79,2,7,9,Corrientes
2886,Prepaga sólo por contratación voluntaria,80,5,-,5,Corrientes
2887,Prepaga sólo por contratación voluntaria,81,3,3,6,Corrientes
2888,Prepaga sólo por contratación voluntaria,82,22,1,23,Corrientes
2889,Prepaga sólo por contratación voluntaria,83,2,1,3,Corrientes
2890,Prepaga sólo por contratación voluntaria,84,-,1,1,Corrientes
2891,Prepaga sólo por contratación voluntaria,86,1,-,1,Corrientes
2892,Prepaga sólo por contratación voluntaria,87,2,3,5,Corrientes
2893,Prepaga sólo por contratación voluntaria,88,-,1,1,Corrientes
2894,Prepaga sólo por contratación voluntaria,90,10,2,12,Corrientes
2895,Prepaga sólo por contratación voluntaria,93,12,-,12,Corrientes
2896,Prepaga sólo por contratación voluntaria,95,-,1,1,Corrientes
2897,Prepaga sólo por contratación voluntaria,96,1,-,1,Corrientes
2898,Prepaga sólo por contratación voluntaria,97,1,1,2,Corrientes
2899,Prepaga sólo por contratación voluntaria,110,-,1,1,Corrientes
2901,Programas o planes estatales de salud,,Varón,Mujer,Total,Corrientes
2902,Programas o planes estatales de salud,0,953,887,1840,Corrientes
2903,Programas o planes estatales de salud,1,1071,1043,2114,Corrientes
2904,Programas o planes estatales de salud,2,941,980,1921,Corrientes
2905,Programas o planes estatales de salud,3,941,806,1747,Corrientes
2906,Programas o planes estatales de salud,4,905,791,1696,Corrientes
2907,Programas o planes estatales de salud,5,923,703,1626,Corrientes
2908,Programas o planes estatales de salud,6,555,476,1031,Corrientes
2909,Programas o planes estatales de salud,7,445,383,828,Corrientes
2910,Programas o planes estatales de salud,8,397,352,749,Corrientes
2911,Programas o planes estatales de salud,9,357,375,732,Corrientes
2912,Programas o planes estatales de salud,10,428,339,767,Corrientes
2913,Programas o planes estatales de salud,11,377,377,754,Corrientes
2914,Programas o planes estatales de salud,12,368,401,769,Corrientes
2915,Programas o planes estatales de salud,13,383,335,718,Corrientes
2916,Programas o planes estatales de salud,14,471,383,854,Corrientes
2917,Programas o planes estatales de salud,15,460,399,859,Corrientes
2918,Programas o planes estatales de salud,16,373,282,655,Corrientes
2919,Programas o planes estatales de salud,17,342,335,677,Corrientes
2920,Programas o planes estatales de salud,18,183,187,370,Corrientes
2921,Programas o planes estatales de salud,19,207,234,441,Corrientes
2922,Programas o planes estatales de salud,20,164,187,351,Corrientes
2923,Programas o planes estatales de salud,21,94,203,297,Corrientes
2924,Programas o planes estatales de salud,22,82,186,268,Corrientes
2925,Programas o planes estatales de salud,23,149,249,398,Corrientes
2926,Programas o planes estatales de salud,24,156,136,292,Corrientes
2927,Programas o planes estatales de salud,25,87,183,270,Corrientes
2928,Programas o planes estatales de salud,26,126,170,296,Corrientes
2929,Programas o planes estatales de salud,27,114,167,281,Corrientes
2930,Programas o planes estatales de salud,28,93,205,298,Corrientes
2931,Programas o planes estatales de salud,29,115,194,309,Corrientes
2932,Programas o planes estatales de salud,30,147,196,343,Corrientes
2933,Programas o planes estatales de salud,31,119,218,337,Corrientes
2934,Programas o planes estatales de salud,32,115,288,403,Corrientes
2935,Programas o planes estatales de salud,33,124,235,359,Corrientes
2936,Programas o planes estatales de salud,34,78,206,284,Corrientes
2937,Programas o planes estatales de salud,35,66,198,264,Corrientes
2938,Programas o planes estatales de salud,36,81,226,307,Corrientes
2939,Programas o planes estatales de salud,37,75,220,295,Corrientes
2940,Programas o planes estatales de salud,38,97,303,400,Corrientes
2941,Programas o planes estatales de salud,39,85,204,289,Corrientes
2942,Programas o planes estatales de salud,40,154,206,360,Corrientes
2943,Programas o planes estatales de salud,41,100,235,335,Corrientes
2944,Programas o planes estatales de salud,42,116,314,430,Corrientes
2945,Programas o planes estatales de salud,43,133,201,334,Corrientes
2946,Programas o planes estatales de salud,44,114,211,325,Corrientes
2947,Programas o planes estatales de salud,45,163,269,432,Corrientes
2948,Programas o planes estatales de salud,46,99,217,316,Corrientes
2949,Programas o planes estatales de salud,47,155,261,416,Corrientes
2950,Programas o planes estatales de salud,48,132,238,370,Corrientes
2951,Programas o planes estatales de salud,49,94,222,316,Corrientes
2952,Programas o planes estatales de salud,50,120,208,328,Corrientes
2953,Programas o planes estatales de salud,51,79,237,316,Corrientes
2954,Programas o planes estatales de salud,52,145,294,439,Corrientes
2955,Programas o planes estatales de salud,53,111,284,395,Corrientes
2956,Programas o planes estatales de salud,54,101,219,320,Corrientes
2957,Programas o planes estatales de salud,55,119,275,394,Corrientes
2958,Programas o planes estatales de salud,56,148,183,331,Corrientes
2959,Programas o planes estatales de salud,57,152,193,345,Corrientes
2960,Programas o planes estatales de salud,58,109,231,340,Corrientes
2961,Programas o planes estatales de salud,59,131,219,350,Corrientes
2962,Programas o planes estatales de salud,60,115,154,269,Corrientes
2963,Programas o planes estatales de salud,61,121,191,312,Corrientes
2964,Programas o planes estatales de salud,62,107,123,230,Corrientes
2965,Programas o planes estatales de salud,63,95,118,213,Corrientes
2966,Programas o planes estatales de salud,64,85,85,170,Corrientes
2967,Programas o planes estatales de salud,65,66,57,123,Corrientes
2968,Programas o planes estatales de salud,66,45,49,94,Corrientes
2969,Programas o planes estatales de salud,67,50,59,109,Corrientes
2970,Programas o planes estatales de salud,68,35,42,77,Corrientes
2971,Programas o planes estatales de salud,69,17,37,54,Corrientes
2972,Programas o planes estatales de salud,70,40,78,118,Corrientes
2973,Programas o planes estatales de salud,71,7,36,43,Corrientes
2974,Programas o planes estatales de salud,72,17,31,48,Corrientes
2975,Programas o planes estatales de salud,73,17,20,37,Corrientes
2976,Programas o planes estatales de salud,74,23,30,53,Corrientes
2977,Programas o planes estatales de salud,75,36,17,53,Corrientes
2978,Programas o planes estatales de salud,76,13,49,62,Corrientes
2979,Programas o planes estatales de salud,77,11,36,47,Corrientes
2980,Programas o planes estatales de salud,78,21,38,59,Corrientes
2981,Programas o planes estatales de salud,79,13,21,34,Corrientes
2982,Programas o planes estatales de salud,80,21,22,43,Corrientes
2983,Programas o planes estatales de salud,81,6,24,30,Corrientes
2984,Programas o planes estatales de salud,82,12,17,29,Corrientes
2985,Programas o planes estatales de salud,83,18,13,31,Corrientes
2986,Programas o planes estatales de salud,84,7,9,16,Corrientes
2987,Programas o planes estatales de salud,85,11,49,60,Corrientes
2988,Programas o planes estatales de salud,86,2,7,9,Corrientes
2989,Programas o planes estatales de salud,87,8,11,19,Corrientes
2990,Programas o planes estatales de salud,88,15,6,21,Corrientes
2991,Programas o planes estatales de salud,89,3,3,6,Corrientes
2992,Programas o planes estatales de salud,90,-,7,7,Corrientes
2993,Programas o planes estatales de salud,91,1,3,4,Corrientes
2994,Programas o planes estatales de salud,92,3,5,8,Corrientes
2995,Programas o planes estatales de salud,93,-,2,2,Corrientes
2996,Programas o planes estatales de salud,94,23,5,28,Corrientes
2997,Programas o planes estatales de salud,95,-,1,1,Corrientes
2998,Programas o planes estatales de salud,96,2,1,3,Corrientes
2999,Programas o planes estatales de salud,97,-,2,2,Corrientes
3000,Programas o planes estatales de salud,99,-,1,1,Corrientes
3001,Programas o planes estatales de salud,100,-,1,1,Corrientes
3002,Programas o planes estatales de salud,101,3,-,3,Corrientes
3003,Programas o planes estatales de salud,107,-,1,1,Corrientes
3005,"No tiene obra social, prepaga o plan estatal",,Varón,Mujer,Total,Corrientes
3006,"No tiene obra social, prepaga o plan estatal",0,5357,4861,10218,Corrientes
3007,"No tiene obra social, prepaga o plan estatal",1,4834,4802,9636,Corrientes
3008,"No tiene obra social, prepaga o plan estatal",2,4857,4539,9396,Corrientes
3009,"No tiene obra social, prepaga o plan estatal",3,4423,4440,8863,Corrientes
3010,"No tiene obra social, prepaga o plan estatal",4,4410,4324,8734,Corrientes
3011,"No tiene obra social, prepaga o plan estatal",5,5123,4758,9881,Corrientes
3012,"No tiene obra social, prepaga o plan estatal",6,5508,5158,10666,Corrientes
3013,"No tiene obra social, prepaga o plan estatal",7,5477,5376,10853,Corrientes
3014,"No tiene obra social, prepaga o plan estatal",8,5757,5432,11189,Corrientes
3015,"No tiene obra social, prepaga o plan estatal",9,5430,5456,10886,Corrientes
3016,"No tiene obra social, prepaga o plan estatal",10,6124,5760,11884,Corrientes
3017,"No tiene obra social, prepaga o plan estatal",11,5871,5723,11594,Corrientes
3018,"No tiene obra social, prepaga o plan estatal",12,5538,5880,11418,Corrientes
3019,"No tiene obra social, prepaga o plan estatal",13,5380,5448,10828,Corrientes
3020,"No tiene obra social, prepaga o plan estatal",14,6292,6010,12302,Corrientes
3021,"No tiene obra social, prepaga o plan estatal",15,5919,6001,11920,Corrientes
3022,"No tiene obra social, prepaga o plan estatal",16,5540,5577,11117,Corrientes
3023,"No tiene obra social, prepaga o plan estatal",17,5445,5437,10882,Corrientes
3024,"No tiene obra social, prepaga o plan estatal",18,6318,5932,12250,Corrientes
3025,"No tiene obra social, prepaga o plan estatal",19,6114,5993,12107,Corrientes
3026,"No tiene obra social, prepaga o plan estatal",20,5417,5479,10896,Corrientes
3027,"No tiene obra social, prepaga o plan estatal",21,5382,5645,11027,Corrientes
3028,"No tiene obra social, prepaga o plan estatal",22,5499,5597,11096,Corrientes
3029,"No tiene obra social, prepaga o plan estatal",23,4665,5279,9944,Corrientes
3030,"No tiene obra social, prepaga o plan estatal",24,4720,5242,9962,Corrientes
3031,"No tiene obra social, prepaga o plan estatal",25,4447,4820,9267,Corrientes
3032,"No tiene obra social, prepaga o plan estatal",26,4364,4374,8738,Corrientes
3033,"No tiene obra social, prepaga o plan estatal",27,4400,4268,8668,Corrientes
3034,"No tiene obra social, prepaga o plan estatal",28,4122,4548,8670,Corrientes
3035,"No tiene obra social, prepaga o plan estatal",29,3889,4205,8094,Corrientes
3036,"No tiene obra social, prepaga o plan estatal",30,4043,4410,8453,Corrientes
3037,"No tiene obra social, prepaga o plan estatal",31,3736,3863,7599,Corrientes
3038,"No tiene obra social, prepaga o plan estatal",32,3466,3648,7114,Corrientes
3039,"No tiene obra social, prepaga o plan estatal",33,3281,3509,6790,Corrientes
3040,"No tiene obra social, prepaga o plan estatal",34,3124,3183,6307,Corrientes
3041,"No tiene obra social, prepaga o plan estatal",35,3383,3398,6781,Corrientes
3042,"No tiene obra social, prepaga o plan estatal",36,2895,3093,5988,Corrientes
3043,"No tiene obra social, prepaga o plan estatal",37,2637,3028,5665,Corrientes
3044,"No tiene obra social, prepaga o plan estatal",38,2859,2880,5739,Corrientes
3045,"No tiene obra social, prepaga o plan estatal",39,2712,2728,5440,Corrientes
3046,"No tiene obra social, prepaga o plan estatal",40,2826,2565,5391,Corrientes
3047,"No tiene obra social, prepaga o plan estatal",41,2684,2373,5057,Corrientes
3048,"No tiene obra social, prepaga o plan estatal",42,2638,2352,4990,Corrientes
3049,"No tiene obra social, prepaga o plan estatal",43,2402,2275,4677,Corrientes
3050,"No tiene obra social, prepaga o plan estatal",44,2420,2087,4507,Corrientes
3051,"No tiene obra social, prepaga o plan estatal",45,2380,2230,4610,Corrientes
3052,"No tiene obra social, prepaga o plan estatal",46,2317,2253,4570,Corrientes
3053,"No tiene obra social, prepaga o plan estatal",47,2150,2014,4164,Corrientes
3054,"No tiene obra social, prepaga o plan estatal",48,2082,2107,4189,Corrientes
3055,"No tiene obra social, prepaga o plan estatal",49,2276,1923,4199,Corrientes
3056,"No tiene obra social, prepaga o plan estatal",50,2171,2092,4263,Corrientes
3057,"No tiene obra social, prepaga o plan estatal",51,2203,1826,4029,Corrientes
3058,"No tiene obra social, prepaga o plan estatal",52,2059,1798,3857,Corrientes
3059,"No tiene obra social, prepaga o plan estatal",53,2035,1806,3841,Corrientes
3060,"No tiene obra social, prepaga o plan estatal",54,2149,1804,3953,Corrientes
3061,"No tiene obra social, prepaga o plan estatal",55,2183,1759,3942,Corrientes
3062,"No tiene obra social, prepaga o plan estatal",56,2081,1722,3803,Corrientes
3063,"No tiene obra social, prepaga o plan estatal",57,2030,1427,3457,Corrientes
3064,"No tiene obra social, prepaga o plan estatal",58,1911,1540,3451,Corrientes
3065,"No tiene obra social, prepaga o plan estatal",59,1889,1392,3281,Corrientes
3066,"No tiene obra social, prepaga o plan estatal",60,1794,1269,3063,Corrientes
3067,"No tiene obra social, prepaga o plan estatal",61,1590,856,2446,Corrientes
3068,"No tiene obra social, prepaga o plan estatal",62,1531,610,2141,Corrientes
3069,"No tiene obra social, prepaga o plan estatal",63,1345,369,1714,Corrientes
3070,"No tiene obra social, prepaga o plan estatal",64,1154,229,1383,Corrientes
3071,"No tiene obra social, prepaga o plan estatal",65,897,224,1121,Corrientes
3072,"No tiene obra social, prepaga o plan estatal",66,367,182,549,Corrientes
3073,"No tiene obra social, prepaga o plan estatal",67,259,156,415,Corrientes
3074,"No tiene obra social, prepaga o plan estatal",68,237,174,411,Corrientes
3075,"No tiene obra social, prepaga o plan estatal",69,144,110,254,Corrientes
3076,"No tiene obra social, prepaga o plan estatal",70,170,155,325,Corrientes
3077,"No tiene obra social, prepaga o plan estatal",71,114,142,256,Corrientes
3078,"No tiene obra social, prepaga o plan estatal",72,111,142,253,Corrientes
3079,"No tiene obra social, prepaga o plan estatal",73,128,115,243,Corrientes
3080,"No tiene obra social, prepaga o plan estatal",74,72,124,196,Corrientes
3081,"No tiene obra social, prepaga o plan estatal",75,107,135,242,Corrientes
3082,"No tiene obra social, prepaga o plan estatal",76,88,101,189,Corrientes
3083,"No tiene obra social, prepaga o plan estatal",77,87,111,198,Corrientes
3084,"No tiene obra social, prepaga o plan estatal",78,78,103,181,Corrientes
3085,"No tiene obra social, prepaga o plan estatal",79,67,93,160,Corrientes
3086,"No tiene obra social, prepaga o plan estatal",80,87,103,190,Corrientes
3087,"No tiene obra social, prepaga o plan estatal",81,42,53,95,Corrientes
3088,"No tiene obra social, prepaga o plan estatal",82,34,45,79,Corrientes
3089,"No tiene obra social, prepaga o plan estatal",83,27,48,75,Corrientes
3090,"No tiene obra social, prepaga o plan estatal",84,20,63,83,Corrientes
3091,"No tiene obra social, prepaga o plan estatal",85,23,30,53,Corrientes
3092,"No tiene obra social, prepaga o plan estatal",86,18,38,56,Corrientes
3093,"No tiene obra social, prepaga o plan estatal",87,12,27,39,Corrientes
3094,"No tiene obra social, prepaga o plan estatal",88,10,23,33,Corrientes
3095,"No tiene obra social, prepaga o plan estatal",89,27,24,51,Corrientes
3096,"No tiene obra social, prepaga o plan estatal",90,11,32,43,Corrientes
3097,"No tiene obra social, prepaga o plan estatal",91,11,36,47,Corrientes
3098,"No tiene obra social, prepaga o plan estatal",92,4,17,21,Corrientes
3099,"No tiene obra social, prepaga o plan estatal",93,16,4,20,Corrientes
3100,"No tiene obra social, prepaga o plan estatal",94,4,3,7,Corrientes
3101,"No tiene obra social, prepaga o plan estatal",95,1,10,11,Corrientes
3102,"No tiene obra social, prepaga o plan estatal",96,3,5,8,Corrientes
3103,"No tiene obra social, prepaga o plan estatal",97,-,5,5,Corrientes
3104,"No tiene obra social, prepaga o plan estatal",98,-,2,2,Corrientes
3105,"No tiene obra social, prepaga o plan estatal",99,1,2,3,Corrientes
3106,"No tiene obra social, prepaga o plan estatal",101,7,2,9,Corrientes
3107,"No tiene obra social, prepaga o plan estatal",108,-,5,5,Corrientes
3108,"No tiene obra social, prepaga o plan estatal",109,1,1,2,Corrientes
3109,"No tiene obra social, prepaga o plan estatal",110,14,3,17,Corrientes
3223,AREA # 22,Chaco,,,,Chaco
3224,AREA # 22,,,,,Chaco
3225,Cobertura de salud,Edad,Sexo,,,Chaco
3226,Obra social (incluye PAMI),,Varón,Mujer,Total,Chaco
3227,Obra social (incluye PAMI),0,2056,2054,4110,Chaco
3228,Obra social (incluye PAMI),1,2076,1871,3947,Chaco
3229,Obra social (incluye PAMI),2,2117,1928,4045,Chaco
3230,Obra social (incluye PAMI),3,2222,1882,4104,Chaco
3231,Obra social (incluye PAMI),4,2242,2343,4585,Chaco
3232,Obra social (incluye PAMI),5,2550,2130,4680,Chaco
3233,Obra social (incluye PAMI),6,2610,2394,5004,Chaco
3234,Obra social (incluye PAMI),7,2608,2482,5090,Chaco
3235,Obra social (incluye PAMI),8,2647,2615,5262,Chaco
3236,Obra social (incluye PAMI),9,2747,2636,5383,Chaco
3237,Obra social (incluye PAMI),10,2781,2852,5633,Chaco
3238,Obra social (incluye PAMI),11,2984,2841,5825,Chaco
3239,Obra social (incluye PAMI),12,3020,3076,6096,Chaco
3240,Obra social (incluye PAMI),13,2981,2993,5974,Chaco
3241,Obra social (incluye PAMI),14,3605,3244,6849,Chaco
3242,Obra social (incluye PAMI),15,3537,3295,6832,Chaco
3243,Obra social (incluye PAMI),16,3188,3298,6486,Chaco
3244,Obra social (incluye PAMI),17,3175,3260,6435,Chaco
3245,Obra social (incluye PAMI),18,2595,2809,5404,Chaco
3246,Obra social (incluye PAMI),19,2424,2691,5115,Chaco
3247,Obra social (incluye PAMI),20,2184,2280,4464,Chaco
3248,Obra social (incluye PAMI),21,1846,2029,3875,Chaco
3249,Obra social (incluye PAMI),22,1680,1716,3396,Chaco
3250,Obra social (incluye PAMI),23,1973,2121,4094,Chaco
3251,Obra social (incluye PAMI),24,1877,2151,4028,Chaco
3252,Obra social (incluye PAMI),25,1777,2140,3917,Chaco
3253,Obra social (incluye PAMI),26,1648,1827,3475,Chaco
3254,Obra social (incluye PAMI),27,1508,2026,3534,Chaco
3255,Obra social (incluye PAMI),28,1998,2197,4195,Chaco
3256,Obra social (incluye PAMI),29,2184,2176,4360,Chaco
3257,Obra social (incluye PAMI),30,2234,2280,4514,Chaco
3258,Obra social (incluye PAMI),31,2355,2482,4837,Chaco
3259,Obra social (incluye PAMI),32,2140,2397,4537,Chaco
3260,Obra social (incluye PAMI),33,2020,2465,4485,Chaco
3261,Obra social (incluye PAMI),34,1914,2470,4384,Chaco
3262,Obra social (incluye PAMI),35,1903,2272,4175,Chaco
3263,Obra social (incluye PAMI),36,1912,2361,4273,Chaco
3264,Obra social (incluye PAMI),37,2043,2526,4569,Chaco
3265,Obra social (incluye PAMI),38,1782,2267,4049,Chaco
3266,Obra social (incluye PAMI),39,1926,2172,4098,Chaco
3267,Obra social (incluye PAMI),40,1807,2235,4042,Chaco
3268,Obra social (incluye PAMI),41,2060,2302,4362,Chaco
3269,Obra social (incluye PAMI),42,1843,2314,4157,Chaco
3270,Obra social (incluye PAMI),43,1823,2375,4198,Chaco
3271,Obra social (incluye PAMI),44,2007,2154,4161,Chaco
3272,Obra social (incluye PAMI),45,2008,2439,4447,Chaco
3273,Obra social (incluye PAMI),46,2016,2548,4564,Chaco
3274,Obra social (incluye PAMI),47,1987,2120,4107,Chaco
3275,Obra social (incluye PAMI),48,2447,2025,4472,Chaco
3276,Obra social (incluye PAMI),49,1924,2190,4114,Chaco
3277,Obra social (incluye PAMI),50,1947,2286,4233,Chaco
3278,Obra social (incluye PAMI),51,1851,2188,4039,Chaco
3279,Obra social (incluye PAMI),52,1521,2190,3711,Chaco
3280,Obra social (incluye PAMI),53,1918,2109,4027,Chaco
3281,Obra social (incluye PAMI),54,1634,2145,3779,Chaco
3282,Obra social (incluye PAMI),55,1708,1916,3624,Chaco
3283,Obra social (incluye PAMI),56,1697,2041,3738,Chaco
3284,Obra social (incluye PAMI),57,1695,1992,3687,Chaco
3285,Obra social (incluye PAMI),58,1507,2067,3574,Chaco
3286,Obra social (incluye PAMI),59,1440,2096,3536,Chaco
3287,Obra social (incluye PAMI),60,1567,1869,3436,Chaco
3288,Obra social (incluye PAMI),61,1536,1963,3499,Chaco
3289,Obra social (incluye PAMI),62,1200,2397,3597,Chaco
3290,Obra social (incluye PAMI),63,1156,2539,3695,Chaco
3291,Obra social (incluye PAMI),64,1197,2299,3496,Chaco
3292,Obra social (incluye PAMI),65,1536,2585,4121,Chaco
3293,Obra social (incluye PAMI),66,1880,2293,4173,Chaco
3294,Obra social (incluye PAMI),67,1817,2343,4160,Chaco
3295,Obra social (incluye PAMI),68,1716,2319,4035,Chaco
3296,Obra social (incluye PAMI),69,1630,1834,3464,Chaco
3297,Obra social (incluye PAMI),70,1692,2248,3940,Chaco
3298,Obra social (incluye PAMI),71,1612,2010,3622,Chaco
3299,Obra social (incluye PAMI),72,1480,1760,3240,Chaco
3300,Obra social (incluye PAMI),73,1337,1727,3064,Chaco
3301,Obra social (incluye PAMI),74,1344,1699,3043,Chaco
3302,Obra social (incluye PAMI),75,1380,1698,3078,Chaco
3303,Obra social (incluye PAMI),76,964,1356,2320,Chaco
3304,Obra social (incluye PAMI),77,976,1465,2441,Chaco
3305,Obra social (incluye PAMI),78,909,1328,2237,Chaco
3306,Obra social (incluye PAMI),79,787,1162,1949,Chaco
3307,Obra social (incluye PAMI),80,833,1498,2331,Chaco
3308,Obra social (incluye PAMI),81,657,1180,1837,Chaco
3309,Obra social (incluye PAMI),82,532,983,1515,Chaco
3310,Obra social (incluye PAMI),83,420,955,1375,Chaco
3311,Obra social (incluye PAMI),84,337,719,1056,Chaco
3312,Obra social (incluye PAMI),85,330,602,932,Chaco
3313,Obra social (incluye PAMI),86,277,609,886,Chaco
3314,Obra social (incluye PAMI),87,185,457,642,Chaco
3315,Obra social (incluye PAMI),88,175,325,500,Chaco
3316,Obra social (incluye PAMI),89,162,395,557,Chaco
3317,Obra social (incluye PAMI),90,99,304,403,Chaco
3318,Obra social (incluye PAMI),91,80,223,303,Chaco
3319,Obra social (incluye PAMI),92,59,178,237,Chaco
3320,Obra social (incluye PAMI),93,68,137,205,Chaco
3321,Obra social (incluye PAMI),94,48,114,162,Chaco
3322,Obra social (incluye PAMI),95,30,67,97,Chaco
3323,Obra social (incluye PAMI),96,15,29,44,Chaco
3324,Obra social (incluye PAMI),97,6,50,56,Chaco
3325,Obra social (incluye PAMI),98,9,32,41,Chaco
3326,Obra social (incluye PAMI),99,5,27,32,Chaco
3327,Obra social (incluye PAMI),100,4,27,31,Chaco
3328,Obra social (incluye PAMI),101,3,5,8,Chaco
3329,Obra social (incluye PAMI),102,1,4,5,Chaco
3330,Obra social (incluye PAMI),104,-,1,1,Chaco
3331,Obra social (incluye PAMI),105,-,2,2,Chaco
3332,Obra social (incluye PAMI),108,1,-,1,Chaco
3333,Obra social (incluye PAMI),110,1,1,2,Chaco
3335,Prepaga a través de obra social,,Varón,Mujer,Total,Chaco
3336,Prepaga a través de obra social,0,332,398,730,Chaco
3337,Prepaga a través de obra social,1,387,444,831,Chaco
3338,Prepaga a través de obra social,2,341,444,785,Chaco
3339,Prepaga a través de obra social,3,346,378,724,Chaco
3340,Prepaga a través de obra social,4,439,462,901,Chaco
3341,Prepaga a través de obra social,5,599,510,1109,Chaco
3342,Prepaga a través de obra social,6,491,505,996,Chaco
3343,Prepaga a través de obra social,7,448,466,914,Chaco
3344,Prepaga a través de obra social,8,461,534,995,Chaco
3345,Prepaga a través de obra social,9,472,490,962,Chaco
3346,Prepaga a través de obra social,10,500,523,1023,Chaco
3347,Prepaga a través de obra social,11,624,593,1217,Chaco
3348,Prepaga a través de obra social,12,546,514,1060,Chaco
3349,Prepaga a través de obra social,13,470,518,988,Chaco
3350,Prepaga a través de obra social,14,595,550,1145,Chaco
3351,Prepaga a través de obra social,15,488,506,994,Chaco
3352,Prepaga a través de obra social,16,518,474,992,Chaco
3353,Prepaga a través de obra social,17,506,471,977,Chaco
3354,Prepaga a través de obra social,18,417,488,905,Chaco
3355,Prepaga a través de obra social,19,388,379,767,Chaco
3356,Prepaga a través de obra social,20,345,382,727,Chaco
3357,Prepaga a través de obra social,21,323,358,681,Chaco
3358,Prepaga a través de obra social,22,238,394,632,Chaco
3359,Prepaga a través de obra social,23,421,295,716,Chaco
3360,Prepaga a través de obra social,24,366,295,661,Chaco
3361,Prepaga a través de obra social,25,395,339,734,Chaco
3362,Prepaga a través de obra social,26,341,469,810,Chaco
3363,Prepaga a través de obra social,27,493,496,989,Chaco
3364,Prepaga a través de obra social,28,532,489,1021,Chaco
3365,Prepaga a través de obra social,29,502,552,1054,Chaco
3366,Prepaga a través de obra social,30,567,514,1081,Chaco
3367,Prepaga a través de obra social,31,491,475,966,Chaco
3368,Prepaga a través de obra social,32,442,491,933,Chaco
3369,Prepaga a través de obra social,33,497,573,1070,Chaco
3370,Prepaga a través de obra social,34,500,403,903,Chaco
3371,Prepaga a través de obra social,35,385,469,854,Chaco
3372,Prepaga a través de obra social,36,447,405,852,Chaco
3373,Prepaga a través de obra social,37,372,372,744,Chaco
3374,Prepaga a través de obra social,38,396,378,774,Chaco
3375,Prepaga a través de obra social,39,391,415,806,Chaco
3376,Prepaga a través de obra social,40,445,371,816,Chaco
3377,Prepaga a través de obra social,41,304,353,657,Chaco
3378,Prepaga a través de obra social,42,348,309,657,Chaco
3379,Prepaga a través de obra social,43,369,323,692,Chaco
3380,Prepaga a través de obra social,44,334,310,644,Chaco
3381,Prepaga a través de obra social,45,310,362,672,Chaco
3382,Prepaga a través de obra social,46,282,275,557,Chaco
3383,Prepaga a través de obra social,47,314,267,581,Chaco
3384,Prepaga a través de obra social,48,431,341,772,Chaco
3385,Prepaga a través de obra social,49,291,280,571,Chaco
3386,Prepaga a través de obra social,50,309,391,700,Chaco
3387,Prepaga a través de obra social,51,336,354,690,Chaco
3388,Prepaga a través de obra social,52,325,247,572,Chaco
3389,Prepaga a través de obra social,53,274,290,564,Chaco
3390,Prepaga a través de obra social,54,310,370,680,Chaco
3391,Prepaga a través de obra social,55,260,355,615,Chaco
3392,Prepaga a través de obra social,56,245,354,599,Chaco
3393,Prepaga a través de obra social,57,270,304,574,Chaco
3394,Prepaga a través de obra social,58,238,209,447,Chaco
3395,Prepaga a través de obra social,59,280,235,515,Chaco
3396,Prepaga a través de obra social,60,250,207,457,Chaco
3397,Prepaga a través de obra social,61,218,124,342,Chaco
3398,Prepaga a través de obra social,62,220,117,337,Chaco
3399,Prepaga a través de obra social,63,142,61,203,Chaco
3400,Prepaga a través de obra social,64,122,69,191,Chaco
3401,Prepaga a través de obra social,65,144,41,185,Chaco
3402,Prepaga a través de obra social,66,96,72,168,Chaco
3403,Prepaga a través de obra social,67,86,75,161,Chaco
3404,Prepaga a través de obra social,68,67,25,92,Chaco
3405,Prepaga a través de obra social,69,58,71,129,Chaco
3406,Prepaga a través de obra social,70,22,46,68,Chaco
3407,Prepaga a través de obra social,71,31,47,78,Chaco
3408,Prepaga a través de obra social,72,23,49,72,Chaco
3409,Prepaga a través de obra social,73,18,45,63,Chaco
3410,Prepaga a través de obra social,74,42,38,80,Chaco
3411,Prepaga a través de obra social,75,37,38,75,Chaco
3412,Prepaga a través de obra social,76,18,31,49,Chaco
3413,Prepaga a través de obra social,77,19,51,70,Chaco
3414,Prepaga a través de obra social,78,18,48,66,Chaco
3415,Prepaga a través de obra social,79,30,31,61,Chaco
3416,Prepaga a través de obra social,80,17,9,26,Chaco
3417,Prepaga a través de obra social,81,13,19,32,Chaco
3418,Prepaga a través de obra social,82,21,12,33,Chaco
3419,Prepaga a través de obra social,83,14,7,21,Chaco
3420,Prepaga a través de obra social,84,13,13,26,Chaco
3421,Prepaga a través de obra social,85,6,14,20,Chaco
3422,Prepaga a través de obra social,86,2,24,26,Chaco
3423,Prepaga a través de obra social,87,11,3,14,Chaco
3424,Prepaga a través de obra social,88,1,2,3,Chaco
3425,Prepaga a través de obra social,89,13,10,23,Chaco
3426,Prepaga a través de obra social,90,1,4,5,Chaco
3427,Prepaga a través de obra social,91,1,-,1,Chaco
3428,Prepaga a través de obra social,92,-,1,1,Chaco
3429,Prepaga a través de obra social,94,-,2,2,Chaco
3430,Prepaga a través de obra social,96,-,1,1,Chaco
3431,Prepaga a través de obra social,98,-,1,1,Chaco
3433,Prepaga sólo por contratación voluntaria,,Varón,Mujer,Total,Chaco
3434,Prepaga sólo por contratación voluntaria,0,133,144,277,Chaco
3435,Prepaga sólo por contratación voluntaria,1,130,139,269,Chaco
3436,Prepaga sólo por contratación voluntaria,2,145,228,373,Chaco
3437,Prepaga sólo por contratación voluntaria,3,112,169,281,Chaco
3438,Prepaga sólo por contratación voluntaria,4,212,115,327,Chaco
3439,Prepaga sólo por contratación voluntaria,5,124,146,270,Chaco
3440,Prepaga sólo por contratación voluntaria,6,132,169,301,Chaco
3441,Prepaga sólo por contratación voluntaria,7,143,74,217,Chaco
3442,Prepaga sólo por contratación voluntaria,8,137,112,249,Chaco
3443,Prepaga sólo por contratación voluntaria,9,135,128,263,Chaco
3444,Prepaga sólo por contratación voluntaria,10,133,119,252,Chaco
3445,Prepaga sólo por contratación voluntaria,11,187,113,300,Chaco
3446,Prepaga sólo por contratación voluntaria,12,121,154,275,Chaco
3447,Prepaga sólo por contratación voluntaria,13,109,134,243,Chaco
3448,Prepaga sólo por contratación voluntaria,14,169,110,279,Chaco
3449,Prepaga sólo por contratación voluntaria,15,127,143,270,Chaco
3450,Prepaga sólo por contratación voluntaria,16,134,120,254,Chaco
3451,Prepaga sólo por contratación voluntaria,17,93,147,240,Chaco
3452,Prepaga sólo por contratación voluntaria,18,102,89,191,Chaco
3453,Prepaga sólo por contratación voluntaria,19,126,129,255,Chaco
3454,Prepaga sólo por contratación voluntaria,20,168,112,280,Chaco
3455,Prepaga sólo por contratación voluntaria,21,138,120,258,Chaco
3456,Prepaga sólo por contratación voluntaria,22,96,113,209,Chaco
3457,Prepaga sólo por contratación voluntaria,23,171,180,351,Chaco
3458,Prepaga sólo por contratación voluntaria,24,143,220,363,Chaco
3459,Prepaga sólo por contratación voluntaria,25,120,127,247,Chaco
3460,Prepaga sólo por contratación voluntaria,26,171,134,305,Chaco
3461,Prepaga sólo por contratación voluntaria,27,168,219,387,Chaco
3462,Prepaga sólo por contratación voluntaria,28,174,207,381,Chaco
3463,Prepaga sólo por contratación voluntaria,29,186,174,360,Chaco
3464,Prepaga sólo por contratación voluntaria,30,173,259,432,Chaco
3465,Prepaga sólo por contratación voluntaria,31,163,239,402,Chaco
3466,Prepaga sólo por contratación voluntaria,32,113,210,323,Chaco
3467,Prepaga sólo por contratación voluntaria,33,225,219,444,Chaco
3468,Prepaga sólo por contratación voluntaria,34,156,146,302,Chaco
3469,Prepaga sólo por contratación voluntaria,35,149,192,341,Chaco
3470,Prepaga sólo por contratación voluntaria,36,174,156,330,Chaco
3471,Prepaga sólo por contratación voluntaria,37,202,166,368,Chaco
3472,Prepaga sólo por contratación voluntaria,38,203,168,371,Chaco
3473,Prepaga sólo por contratación voluntaria,39,128,172,300,Chaco
3474,Prepaga sólo por contratación voluntaria,40,122,160,282,Chaco
3475,Prepaga sólo por contratación voluntaria,41,132,108,240,Chaco
3476,Prepaga sólo por contratación voluntaria,42,99,184,283,Chaco
3477,Prepaga sólo por contratación voluntaria,43,102,151,253,Chaco
3478,Prepaga sólo por contratación voluntaria,44,149,113,262,Chaco
3479,Prepaga sólo por contratación voluntaria,45,88,130,218,Chaco
3480,Prepaga sólo por contratación voluntaria,46,118,108,226,Chaco
3481,Prepaga sólo por contratación voluntaria,47,143,106,249,Chaco
3482,Prepaga sólo por contratación voluntaria,48,104,93,197,Chaco
3483,Prepaga sólo por contratación voluntaria,49,70,101,171,Chaco
3484,Prepaga sólo por contratación voluntaria,50,107,106,213,Chaco
3485,Prepaga sólo por contratación voluntaria,51,120,144,264,Chaco
3486,Prepaga sólo por contratación voluntaria,52,98,132,230,Chaco
3487,Prepaga sólo por contratación voluntaria,53,88,94,182,Chaco
3488,Prepaga sólo por contratación voluntaria,54,93,97,190,Chaco
3489,Prepaga sólo por contratación voluntaria,55,81,120,201,Chaco
3490,Prepaga sólo por contratación voluntaria,56,92,53,145,Chaco
3491,Prepaga sólo por contratación voluntaria,57,129,61,190,Chaco
3492,Prepaga sólo por contratación voluntaria,58,130,80,210,Chaco
3493,Prepaga sólo por contratación voluntaria,59,72,79,151,Chaco
3494,Prepaga sólo por contratación voluntaria,60,66,45,111,Chaco
3495,Prepaga sólo por contratación voluntaria,61,54,48,102,Chaco
3496,Prepaga sólo por contratación voluntaria,62,85,21,106,Chaco
3497,Prepaga sólo por contratación voluntaria,63,40,25,65,Chaco
3498,Prepaga sólo por contratación voluntaria,64,31,30,61,Chaco
3499,Prepaga sólo por contratación voluntaria,65,38,25,63,Chaco
3500,Prepaga sólo por contratación voluntaria,66,46,7,53,Chaco
3501,Prepaga sólo por contratación voluntaria,67,30,12,42,Chaco
3502,Prepaga sólo por contratación voluntaria,68,35,22,57,Chaco
3503,Prepaga sólo por contratación voluntaria,69,7,11,18,Chaco
3504,Prepaga sólo por contratación voluntaria,70,3,8,11,Chaco
3505,Prepaga sólo por contratación voluntaria,71,12,-,12,Chaco
3506,Prepaga sólo por contratación voluntaria,72,2,11,13,Chaco
3507,Prepaga sólo por contratación voluntaria,73,4,15,19,Chaco
3508,Prepaga sólo por contratación voluntaria,74,3,14,17,Chaco
3509,Prepaga sólo por contratación voluntaria,75,6,12,18,Chaco
3510,Prepaga sólo por contratación voluntaria,76,-,12,12,Chaco
3511,Prepaga sólo por contratación voluntaria,77,2,3,5,Chaco
3512,Prepaga sólo por contratación voluntaria,78,1,2,3,Chaco
3513,Prepaga sólo por contratación voluntaria,79,2,9,11,Chaco
3514,Prepaga sólo por contratación voluntaria,80,1,-,1,Chaco
3515,Prepaga sólo por contratación voluntaria,81,1,11,12,Chaco
3516,Prepaga sólo por contratación voluntaria,82,9,11,20,Chaco
3517,Prepaga sólo por contratación voluntaria,83,11,2,13,Chaco
3518,Prepaga sólo por contratación voluntaria,89,-,1,1,Chaco
3519,Prepaga sólo por contratación voluntaria,90,-,10,10,Chaco
3521,Programas o planes estatales de salud,,Varón,Mujer,Total,Chaco
3522,Programas o planes estatales de salud,0,246,245,491,Chaco
3523,Programas o planes estatales de salud,1,270,186,456,Chaco
3524,Programas o planes estatales de salud,2,263,292,555,Chaco
3525,Programas o planes estatales de salud,3,259,242,501,Chaco
3526,Programas o planes estatales de salud,4,284,251,535,Chaco
3527,Programas o planes estatales de salud,5,256,218,474,Chaco
3528,Programas o planes estatales de salud,6,222,194,416,Chaco
3529,Programas o planes estatales de salud,7,270,245,515,Chaco
3530,Programas o planes estatales de salud,8,238,234,472,Chaco
3531,Programas o planes estatales de salud,9,242,223,465,Chaco
3532,Programas o planes estatales de salud,10,276,214,490,Chaco
3533,Programas o planes estatales de salud,11,272,202,474,Chaco
3534,Programas o planes estatales de salud,12,270,243,513,Chaco
3535,Programas o planes estatales de salud,13,228,278,506,Chaco
3536,Programas o planes estatales de salud,14,341,252,593,Chaco
3537,Programas o planes estatales de salud,15,267,211,478,Chaco
3538,Programas o planes estatales de salud,16,264,263,527,Chaco
3539,Programas o planes estatales de salud,17,229,207,436,Chaco
3540,Programas o planes estatales de salud,18,198,193,391,Chaco
3541,Programas o planes estatales de salud,19,135,168,303,Chaco
3542,Programas o planes estatales de salud,20,130,162,292,Chaco
3543,Programas o planes estatales de salud,21,87,162,249,Chaco
3544,Programas o planes estatales de salud,22,120,118,238,Chaco
3545,Programas o planes estatales de salud,23,118,194,312,Chaco
3546,Programas o planes estatales de salud,24,189,139,328,Chaco
3547,Programas o planes estatales de salud,25,114,150,264,Chaco
3548,Programas o planes estatales de salud,26,138,132,270,Chaco
3549,Programas o planes estatales de salud,27,186,145,331,Chaco
3550,Programas o planes estatales de salud,28,174,203,377,Chaco
3551,Programas o planes estatales de salud,29,121,165,286,Chaco
3552,Programas o planes estatales de salud,30,127,178,305,Chaco
3553,Programas o planes estatales de salud,31,138,162,300,Chaco
3554,Programas o planes estatales de salud,32,114,153,267,Chaco
3555,Programas o planes estatales de salud,33,122,173,295,Chaco
3556,Programas o planes estatales de salud,34,148,195,343,Chaco
3557,Programas o planes estatales de salud,35,166,173,339,Chaco
3558,Programas o planes estatales de salud,36,120,209,329,Chaco
3559,Programas o planes estatales de salud,37,104,197,301,Chaco
3560,Programas o planes estatales de salud,38,90,220,310,Chaco
3561,Programas o planes estatales de salud,39,169,188,357,Chaco
3562,Programas o planes estatales de salud,40,124,168,292,Chaco
3563,Programas o planes estatales de salud,41,91,210,301,Chaco
3564,Programas o planes estatales de salud,42,171,223,394,Chaco
3565,Programas o planes estatales de salud,43,140,224,364,Chaco
3566,Programas o planes estatales de salud,44,130,179,309,Chaco
3567,Programas o planes estatales de salud,45,139,180,319,Chaco
3568,Programas o planes estatales de salud,46,136,240,376,Chaco
3569,Programas o planes estatales de salud,47,99,228,327,Chaco
3570,Programas o planes estatales de salud,48,166,185,351,Chaco
3571,Programas o planes estatales de salud,49,100,200,300,Chaco
3572,Programas o planes estatales de salud,50,125,228,353,Chaco
3573,Programas o planes estatales de salud,51,93,239,332,Chaco
3574,Programas o planes estatales de salud,52,182,171,353,Chaco
3575,Programas o planes estatales de salud,53,171,192,363,Chaco
3576,Programas o planes estatales de salud,54,164,191,355,Chaco
3577,Programas o planes estatales de salud,55,162,225,387,Chaco
3578,Programas o planes estatales de salud,56,96,231,327,Chaco
3579,Programas o planes estatales de salud,57,164,238,402,Chaco
3580,Programas o planes estatales de salud,58,149,217,366,Chaco
3581,Programas o planes estatales de salud,59,121,199,320,Chaco
3582,Programas o planes estatales de salud,60,162,186,348,Chaco
3583,Programas o planes estatales de salud,61,144,139,283,Chaco
3584,Programas o planes estatales de salud,62,140,137,277,Chaco
3585,Programas o planes estatales de salud,63,72,99,171,Chaco
3586,Programas o planes estatales de salud,64,79,51,130,Chaco
3587,Programas o planes estatales de salud,65,59,83,142,Chaco
3588,Programas o planes estatales de salud,66,48,57,105,Chaco
3589,Programas o planes estatales de salud,67,38,50,88,Chaco
3590,Programas o planes estatales de salud,68,52,69,121,Chaco
3591,Programas o planes estatales de salud,69,20,30,50,Chaco
3592,Programas o planes estatales de salud,70,17,36,53,Chaco
3593,Programas o planes estatales de salud,71,22,50,72,Chaco
3594,Programas o planes estatales de salud,72,33,44,77,Chaco
3595,Programas o planes estatales de salud,73,13,22,35,Chaco
3596,Programas o planes estatales de salud,74,9,57,66,Chaco
3597,Programas o planes estatales de salud,75,24,22,46,Chaco
3598,Programas o planes estatales de salud,76,27,41,68,Chaco
3599,Programas o planes estatales de salud,77,28,27,55,Chaco
3600,Programas o planes estatales de salud,78,20,36,56,Chaco
3601,Programas o planes estatales de salud,79,34,14,48,Chaco
3602,Programas o planes estatales de salud,80,9,37,46,Chaco
3603,Programas o planes estatales de salud,81,3,7,10,Chaco
3604,Programas o planes estatales de salud,82,11,14,25,Chaco
3605,Programas o planes estatales de salud,83,3,5,8,Chaco
3606,Programas o planes estatales de salud,84,15,10,25,Chaco
3607,Programas o planes estatales de salud,85,4,25,29,Chaco
3608,Programas o planes estatales de salud,86,4,17,21,Chaco
3609,Programas o planes estatales de salud,87,1,15,16,Chaco
3610,Programas o planes estatales de salud,88,1,5,6,Chaco
3611,Programas o planes estatales de salud,89,13,4,17,Chaco
3612,Programas o planes estatales de salud,90,3,10,13,Chaco
3613,Programas o planes estatales de salud,91,1,4,5,Chaco
3614,Programas o planes estatales de salud,92,11,3,14,Chaco
3615,Programas o planes estatales de salud,93,-,2,2,Chaco
3616,Programas o planes estatales de salud,94,-,1,1,Chaco
3617,Programas o planes estatales de salud,96,-,10,10,Chaco
3618,Programas o planes estatales de salud,98,-,1,1,Chaco
3619,Programas o planes estatales de salud,99,-,1,1,Chaco
3621,"No tiene obra social, prepaga o plan estatal",,Varón,Mujer,Total,Chaco
3622,"No tiene obra social, prepaga o plan estatal",0,7221,6936,14157,Chaco
3623,"No tiene obra social, prepaga o plan estatal",1,6792,6610,13402,Chaco
3624,"No tiene obra social, prepaga o plan estatal",2,6676,6844,13520,Chaco
3625,"No tiene obra social, prepaga o plan estatal",3,6254,6317,12571,Chaco
3626,"No tiene obra social, prepaga o plan estatal",4,6694,6649,13343,Chaco
3627,"No tiene obra social, prepaga o plan estatal",5,7044,7010,14054,Chaco
3628,"No tiene obra social, prepaga o plan estatal",6,7022,7426,14448,Chaco
3629,"No tiene obra social, prepaga o plan estatal",7,7532,7262,14794,Chaco
3630,"No tiene obra social, prepaga o plan estatal",8,7827,7627,15454,Chaco
3631,"No tiene obra social, prepaga o plan estatal",9,7267,6749,14016,Chaco
3632,"No tiene obra social, prepaga o plan estatal",10,7699,7278,14977,Chaco
3633,"No tiene obra social, prepaga o plan estatal",11,8331,7707,16038,Chaco
3634,"No tiene obra social, prepaga o plan estatal",12,7975,7761,15736,Chaco
3635,"No tiene obra social, prepaga o plan estatal",13,7635,7364,14999,Chaco
3636,"No tiene obra social, prepaga o plan estatal",14,8328,7987,16315,Chaco
3637,"No tiene obra social, prepaga o plan estatal",15,7847,7928,15775,Chaco
3638,"No tiene obra social, prepaga o plan estatal",16,7464,7326,14790,Chaco
3639,"No tiene obra social, prepaga o plan estatal",17,6960,7073,14033,Chaco
3640,"No tiene obra social, prepaga o plan estatal",18,8506,7635,16141,Chaco
3641,"No tiene obra social, prepaga o plan estatal",19,7894,7714,15608,Chaco
3642,"No tiene obra social, prepaga o plan estatal",20,7439,6744,14183,Chaco
3643,"No tiene obra social, prepaga o plan estatal",21,6553,6393,12946,Chaco
3644,"No tiene obra social, prepaga o plan estatal",22,6041,6582,12623,Chaco
3645,"No tiene obra social, prepaga o plan estatal",23,6219,6239,12458,Chaco
3646,"No tiene obra social, prepaga o plan estatal",24,5733,6156,11889,Chaco
3647,"No tiene obra social, prepaga o plan estatal",25,5288,5815,11103,Chaco
3648,"No tiene obra social, prepaga o plan estatal",26,5323,5653,10976,Chaco
3649,"No tiene obra social, prepaga o plan estatal",27,5506,5365,10871,Chaco
3650,"No tiene obra social, prepaga o plan estatal",28,5370,5652,11022,Chaco
3651,"No tiene obra social, prepaga o plan estatal",29,5000,5208,10208,Chaco
3652,"No tiene obra social, prepaga o plan estatal",30,5569,5513,11082,Chaco
3653,"No tiene obra social, prepaga o plan estatal",31,4704,4933,9637,Chaco
3654,"No tiene obra social, prepaga o plan estatal",32,4415,4629,9044,Chaco
3655,"No tiene obra social, prepaga o plan estatal",33,4000,4029,8029,Chaco
3656,"No tiene obra social, prepaga o plan estatal",34,4040,3955,7995,Chaco
3657,"No tiene obra social, prepaga o plan estatal",35,4035,3906,7941,Chaco
3658,"No tiene obra social, prepaga o plan estatal",36,3786,3515,7301,Chaco
3659,"No tiene obra social, prepaga o plan estatal",37,3376,3354,6730,Chaco
3660,"No tiene obra social, prepaga o plan estatal",38,3320,3195,6515,Chaco
3661,"No tiene obra social, prepaga o plan estatal",39,3188,3193,6381,Chaco
3662,"No tiene obra social, prepaga o plan estatal",40,3486,3088,6574,Chaco
3663,"No tiene obra social, prepaga o plan estatal",41,2777,2745,5522,Chaco
3664,"No tiene obra social, prepaga o plan estatal",42,3029,2692,5721,Chaco
3665,"No tiene obra social, prepaga o plan estatal",43,2928,2731,5659,Chaco
3666,"No tiene obra social, prepaga o plan estatal",44,2768,2662,5430,Chaco
3667,"No tiene obra social, prepaga o plan estatal",45,2944,2706,5650,Chaco
3668,"No tiene obra social, prepaga o plan estatal",46,2803,2432,5235,Chaco
3669,"No tiene obra social, prepaga o plan estatal",47,2686,2684,5370,Chaco
3670,"No tiene obra social, prepaga o plan estatal",48,2417,2382,4799,Chaco
3671,"No tiene obra social, prepaga o plan estatal",49,2492,2387,4879,Chaco
3672,"No tiene obra social, prepaga o plan estatal",50,2934,2481,5415,Chaco
3673,"No tiene obra social, prepaga o plan estatal",51,2446,2159,4605,Chaco
3674,"No tiene obra social, prepaga o plan estatal",52,2619,2109,4728,Chaco
3675,"No tiene obra social, prepaga o plan estatal",53,2722,2310,5032,Chaco
3676,"No tiene obra social, prepaga o plan estatal",54,2462,1905,4367,Chaco
3677,"No tiene obra social, prepaga o plan estatal",55,2188,1771,3959,Chaco
3678,"No tiene obra social, prepaga o plan estatal",56,2248,1757,4005,Chaco
3679,"No tiene obra social, prepaga o plan estatal",57,2386,1728,4114,Chaco
3680,"No tiene obra social, prepaga o plan estatal",58,2102,1703,3805,Chaco
3681,"No tiene obra social, prepaga o plan estatal",59,1998,1588,3586,Chaco
3682,"No tiene obra social, prepaga o plan estatal",60,1801,1298,3099,Chaco
3683,"No tiene obra social, prepaga o plan estatal",61,1518,817,2335,Chaco
3684,"No tiene obra social, prepaga o plan estatal",62,1491,679,2170,Chaco
3685,"No tiene obra social, prepaga o plan estatal",63,1306,499,1805,Chaco
3686,"No tiene obra social, prepaga o plan estatal",64,1117,371,1488,Chaco
3687,"No tiene obra social, prepaga o plan estatal",65,1017,308,1325,Chaco
3688,"No tiene obra social, prepaga o plan estatal",66,483,266,749,Chaco
3689,"No tiene obra social, prepaga o plan estatal",67,330,309,639,Chaco
3690,"No tiene obra social, prepaga o plan estatal",68,284,243,527,Chaco
3691,"No tiene obra social, prepaga o plan estatal",69,221,195,416,Chaco
3692,"No tiene obra social, prepaga o plan estatal",70,244,213,457,Chaco
3693,"No tiene obra social, prepaga o plan estatal",71,164,147,311,Chaco
3694,"No tiene obra social, prepaga o plan estatal",72,241,153,394,Chaco
3695,"No tiene obra social, prepaga o plan estatal",73,179,187,366,Chaco
3696,"No tiene obra social, prepaga o plan estatal",74,171,143,314,Chaco
3697,"No tiene obra social, prepaga o plan estatal",75,143,202,345,Chaco
3698,"No tiene obra social, prepaga o plan estatal",76,158,141,299,Chaco
3699,"No tiene obra social, prepaga o plan estatal",77,151,135,286,Chaco
3700,"No tiene obra social, prepaga o plan estatal",78,149,106,255,Chaco
3701,"No tiene obra social, prepaga o plan estatal",79,104,99,203,Chaco
3702,"No tiene obra social, prepaga o plan estatal",80,67,133,200,Chaco
3703,"No tiene obra social, prepaga o plan estatal",81,60,74,134,Chaco
3704,"No tiene obra social, prepaga o plan estatal",82,53,49,102,Chaco
3705,"No tiene obra social, prepaga o plan estatal",83,67,47,114,Chaco
3706,"No tiene obra social, prepaga o plan estatal",84,44,31,75,Chaco
3707,"No tiene obra social, prepaga o plan estatal",85,47,45,92,Chaco
3708,"No tiene obra social, prepaga o plan estatal",86,43,31,74,Chaco
3709,"No tiene obra social, prepaga o plan estatal",87,28,43,71,Chaco
3710,"No tiene obra social, prepaga o plan estatal",88,22,29,51,Chaco
3711,"No tiene obra social, prepaga o plan estatal",89,32,21,53,Chaco
3712,"No tiene obra social, prepaga o plan estatal",90,15,24,39,Chaco
3713,"No tiene obra social, prepaga o plan estatal",91,7,12,19,Chaco
3714,"No tiene obra social, prepaga o plan estatal",92,8,18,26,Chaco
3715,"No tiene obra social, prepaga o plan estatal",93,7,6,13,Chaco
3716,"No tiene obra social, prepaga o plan estatal",94,13,5,18,Chaco
3717,"No tiene obra social, prepaga o plan estatal",95,1,6,7,Chaco
3718,"No tiene obra social, prepaga o plan estatal",96,-,3,3,Chaco
3719,"No tiene obra social, prepaga o plan estatal",97,2,1,3,Chaco
3720,"No tiene obra social, prepaga o plan estatal",98,1,-,1,Chaco
3721,"No tiene obra social, prepaga o plan estatal",99,1,2,3,Chaco
3722,"No tiene obra social, prepaga o plan estatal",100,1,-,1,Chaco
3723,"No tiene obra social, prepaga o plan estatal",104,-,1,1,Chaco
3724,"No tiene obra social, prepaga o plan estatal",108,-,1,1,Chaco
3725,"No tiene obra social, prepaga o plan estatal",110,-,1,1,Chaco
3837,AREA # 26,Chubut,,,,Chubut
3838,AREA # 26,,,,,Chubut
3839,Cobertura de salud,Edad,Sexo,,,Chubut
3840,Obra social (incluye PAMI),,Varón,Mujer,Total,Chubut
3841,Obra social (incluye PAMI),0,2318,2192,4510,Chubut
3842,Obra social (incluye PAMI),1,2377,2187,4564,Chubut
3843,Obra social (incluye PAMI),2,2385,2420,4805,Chubut
3844,Obra social (incluye PAMI),3,2431,2491,4922,Chubut
3845,Obra social (incluye PAMI),4,2353,2435,4788,Chubut
3846,Obra social (incluye PAMI),5,2415,2593,5008,Chubut
3847,Obra social (incluye PAMI),6,2381,2300,4681,Chubut
3848,Obra social (incluye PAMI),7,2575,2592,5167,Chubut
3849,Obra social (incluye PAMI),8,2574,2616,5190,Chubut
3850,Obra social (incluye PAMI),9,2695,2548,5243,Chubut
3851,Obra social (incluye PAMI),10,2635,2524,5159,Chubut
3852,Obra social (incluye PAMI),11,2761,2278,5039,Chubut
3853,Obra social (incluye PAMI),12,2690,2580,5270,Chubut
3854,Obra social (incluye PAMI),13,2559,2682,5241,Chubut
3855,Obra social (incluye PAMI),14,2957,2668,5625,Chubut
3856,Obra social (incluye PAMI),15,2983,2762,5745,Chubut
3857,Obra social (incluye PAMI),16,2786,2740,5526,Chubut
3858,Obra social (incluye PAMI),17,2491,2651,5142,Chubut
3859,Obra social (incluye PAMI),18,2401,2426,4827,Chubut
3860,Obra social (incluye PAMI),19,2129,1991,4120,Chubut
3861,Obra social (incluye PAMI),20,2132,2198,4330,Chubut
3862,Obra social (incluye PAMI),21,1787,1413,3200,Chubut
3863,Obra social (incluye PAMI),22,1649,1644,3293,Chubut
3864,Obra social (incluye PAMI),23,1933,1961,3894,Chubut
3865,Obra social (incluye PAMI),24,1981,2059,4040,Chubut
3866,Obra social (incluye PAMI),25,2125,1850,3975,Chubut
3867,Obra social (incluye PAMI),26,1957,1897,3854,Chubut
3868,Obra social (incluye PAMI),27,2353,2191,4544,Chubut
3869,Obra social (incluye PAMI),28,2259,2370,4629,Chubut
3870,Obra social (incluye PAMI),29,2208,2331,4539,Chubut
3871,Obra social (incluye PAMI),30,2309,2226,4535,Chubut
3872,Obra social (incluye PAMI),31,2381,2377,4758,Chubut
3873,Obra social (incluye PAMI),32,2362,2586,4948,Chubut
3874,Obra social (incluye PAMI),33,2143,2550,4693,Chubut
3875,Obra social (incluye PAMI),34,2066,2542,4608,Chubut
3876,Obra social (incluye PAMI),35,1958,2284,4242,Chubut
3877,Obra social (incluye PAMI),36,1949,2287,4236,Chubut
3878,Obra social (incluye PAMI),37,1934,1984,3918,Chubut
3879,Obra social (incluye PAMI),38,1956,1934,3890,Chubut
3880,Obra social (incluye PAMI),39,1824,2070,3894,Chubut
3881,Obra social (incluye PAMI),40,1837,1996,3833,Chubut
3882,Obra social (incluye PAMI),41,1718,1940,3658,Chubut
3883,Obra social (incluye PAMI),42,1759,1598,3357,Chubut
3884,Obra social (incluye PAMI),43,1717,1666,3383,Chubut
3885,Obra social (incluye PAMI),44,1328,1586,2914,Chubut
3886,Obra social (incluye PAMI),45,1405,1818,3223,Chubut
3887,Obra social (incluye PAMI),46,1530,1905,3435,Chubut
3888,Obra social (incluye PAMI),47,1828,1891,3719,Chubut
3889,Obra social (incluye PAMI),48,1728,1811,3539,Chubut
3890,Obra social (incluye PAMI),49,1716,1782,3498,Chubut
3891,Obra social (incluye PAMI),50,1407,1499,2906,Chubut
3892,Obra social (incluye PAMI),51,1429,1449,2878,Chubut
3893,Obra social (incluye PAMI),52,1256,1516,2772,Chubut
3894,Obra social (incluye PAMI),53,1279,1403,2682,Chubut
3895,Obra social (incluye PAMI),54,1222,1678,2900,Chubut
3896,Obra social (incluye PAMI),55,1389,1277,2666,Chubut
3897,Obra social (incluye PAMI),56,1094,1381,2475,Chubut
3898,Obra social (incluye PAMI),57,1128,1377,2505,Chubut
3899,Obra social (incluye PAMI),58,1154,1261,2415,Chubut
3900,Obra social (incluye PAMI),59,1065,1360,2425,Chubut
3901,Obra social (incluye PAMI),60,1045,1288,2333,Chubut
3902,Obra social (incluye PAMI),61,1028,1130,2158,Chubut
3903,Obra social (incluye PAMI),62,1080,1373,2453,Chubut
3904,Obra social (incluye PAMI),63,1009,1284,2293,Chubut
3905,Obra social (incluye PAMI),64,843,1113,1956,Chubut
3906,Obra social (incluye PAMI),65,883,1197,2080,Chubut
3907,Obra social (incluye PAMI),66,964,984,1948,Chubut
3908,Obra social (incluye PAMI),67,971,1260,2231,Chubut
3909,Obra social (incluye PAMI),68,780,1169,1949,Chubut
3910,Obra social (incluye PAMI),69,1038,1113,2151,Chubut
3911,Obra social (incluye PAMI),70,903,1176,2079,Chubut
3912,Obra social (incluye PAMI),71,756,756,1512,Chubut
3913,Obra social (incluye PAMI),72,751,868,1619,Chubut
3914,Obra social (incluye PAMI),73,709,892,1601,Chubut
3915,Obra social (incluye PAMI),74,570,673,1243,Chubut
3916,Obra social (incluye PAMI),75,684,1034,1718,Chubut
3917,Obra social (incluye PAMI),76,555,592,1147,Chubut
3918,Obra social (incluye PAMI),77,570,708,1278,Chubut
3919,Obra social (incluye PAMI),78,456,500,956,Chubut
3920,Obra social (incluye PAMI),79,298,558,856,Chubut
3921,Obra social (incluye PAMI),80,351,482,833,Chubut
3922,Obra social (incluye PAMI),81,298,608,906,Chubut
3923,Obra social (incluye PAMI),82,333,509,842,Chubut
3924,Obra social (incluye PAMI),83,265,474,739,Chubut
3925,Obra social (incluye PAMI),84,240,462,702,Chubut
3926,Obra social (incluye PAMI),85,163,352,515,Chubut
3927,Obra social (incluye PAMI),86,153,355,508,Chubut
3928,Obra social (incluye PAMI),87,157,317,474,Chubut
3929,Obra social (incluye PAMI),88,116,204,320,Chubut
3930,Obra social (incluye PAMI),89,79,179,258,Chubut
3931,Obra social (incluye PAMI),90,67,158,225,Chubut
3932,Obra social (incluye PAMI),91,79,78,157,Chubut
3933,Obra social (incluye PAMI),92,56,54,110,Chubut
3934,Obra social (incluye PAMI),93,41,57,98,Chubut
3935,Obra social (incluye PAMI),94,19,73,92,Chubut
3936,Obra social (incluye PAMI),95,18,23,41,Chubut
3937,Obra social (incluye PAMI),96,12,9,21,Chubut
3938,Obra social (incluye PAMI),97,5,24,29,Chubut
3939,Obra social (incluye PAMI),98,2,8,10,Chubut
3940,Obra social (incluye PAMI),99,10,35,45,Chubut
3941,Obra social (incluye PAMI),100,1,4,5,Chubut
3942,Obra social (incluye PAMI),101,-,1,1,Chubut
3943,Obra social (incluye PAMI),102,-,1,1,Chubut
3944,Obra social (incluye PAMI),107,1,11,12,Chubut
3945,Obra social (incluye PAMI),108,1,-,1,Chubut
3947,Prepaga a través de obra social,,Varón,Mujer,Total,Chubut
3948,Prepaga a través de obra social,0,742,459,1201,Chubut
3949,Prepaga a través de obra social,1,564,541,1105,Chubut
3950,Prepaga a través de obra social,2,577,518,1095,Chubut
3951,Prepaga a través de obra social,3,481,601,1082,Chubut
3952,Prepaga a través de obra social,4,579,541,1120,Chubut
3953,Prepaga a través de obra social,5,508,505,1013,Chubut
3954,Prepaga a través de obra social,6,424,559,983,Chubut
3955,Prepaga a través de obra social,7,463,463,926,Chubut
3956,Prepaga a través de obra social,8,545,526,1071,Chubut
3957,Prepaga a través de obra social,9,583,400,983,Chubut
3958,Prepaga a través de obra social,10,478,527,1005,Chubut
3959,Prepaga a través de obra social,11,401,581,982,Chubut
3960,Prepaga a través de obra social,12,363,424,787,Chubut
3961,Prepaga a través de obra social,13,518,483,1001,Chubut
3962,Prepaga a través de obra social,14,428,540,968,Chubut
3963,Prepaga a través de obra social,15,516,451,967,Chubut
3964,Prepaga a través de obra social,16,526,490,1016,Chubut
3965,Prepaga a través de obra social,17,402,431,833,Chubut
3966,Prepaga a través de obra social,18,390,399,789,Chubut
3967,Prepaga a través de obra social,19,494,428,922,Chubut
3968,Prepaga a través de obra social,20,433,469,902,Chubut
3969,Prepaga a través de obra social,21,336,319,655,Chubut
3970,Prepaga a través de obra social,22,360,384,744,Chubut
3971,Prepaga a través de obra social,23,340,344,684,Chubut
3972,Prepaga a través de obra social,24,471,422,893,Chubut
3973,Prepaga a través de obra social,25,630,501,1131,Chubut
3974,Prepaga a través de obra social,26,444,496,940,Chubut
3975,Prepaga a través de obra social,27,500,496,996,Chubut
3976,Prepaga a través de obra social,28,608,583,1191,Chubut
3977,Prepaga a través de obra social,29,583,536,1119,Chubut
3978,Prepaga a través de obra social,30,717,654,1371,Chubut
3979,Prepaga a través de obra social,31,558,609,1167,Chubut
3980,Prepaga a través de obra social,32,618,532,1150,Chubut
3981,Prepaga a través de obra social,33,628,516,1144,Chubut
3982,Prepaga a través de obra social,34,654,537,1191,Chubut
3983,Prepaga a través de obra social,35,607,694,1301,Chubut
3984,Prepaga a través de obra social,36,484,481,965,Chubut
3985,Prepaga a través de obra social,37,470,326,796,Chubut
3986,Prepaga a través de obra social,38,427,382,809,Chubut
3987,Prepaga a través de obra social,39,379,444,823,Chubut
3988,Prepaga a través de obra social,40,394,295,689,Chubut
3989,Prepaga a través de obra social,41,400,287,687,Chubut
3990,Prepaga a través de obra social,42,360,304,664,Chubut
3991,Prepaga a través de obra social,43,398,363,761,Chubut
3992,Prepaga a través de obra social,44,437,315,752,Chubut
3993,Prepaga a través de obra social,45,508,289,797,Chubut
3994,Prepaga a través de obra social,46,331,349,680,Chubut
3995,Prepaga a través de obra social,47,303,331,634,Chubut
3996,Prepaga a través de obra social,48,332,351,683,Chubut
3997,Prepaga a través de obra social,49,274,339,613,Chubut
3998,Prepaga a través de obra social,50,374,269,643,Chubut
3999,Prepaga a través de obra social,51,272,301,573,Chubut
4000,Prepaga a través de obra social,52,361,252,613,Chubut
4001,Prepaga a través de obra social,53,322,278,600,Chubut
4002,Prepaga a través de obra social,54,378,282,660,Chubut
4003,Prepaga a través de obra social,55,301,222,523,Chubut
4004,Prepaga a través de obra social,56,181,243,424,Chubut
4005,Prepaga a través de obra social,57,193,253,446,Chubut
4006,Prepaga a través de obra social,58,239,167,406,Chubut
4007,Prepaga a través de obra social,59,243,210,453,Chubut
4008,Prepaga a través de obra social,60,265,248,513,Chubut
4009,Prepaga a través de obra social,61,257,147,404,Chubut
4010,Prepaga a través de obra social,62,142,141,283,Chubut
4011,Prepaga a través de obra social,63,149,88,237,Chubut
4012,Prepaga a través de obra social,64,153,134,287,Chubut
4013,Prepaga a través de obra social,65,110,120,230,Chubut
4014,Prepaga a través de obra social,66,100,65,165,Chubut
4015,Prepaga a través de obra social,67,66,53,119,Chubut
4016,Prepaga a través de obra social,68,41,41,82,Chubut
4017,Prepaga a través de obra social,69,45,21,66,Chubut
4018,Prepaga a través de obra social,70,77,64,141,Chubut
4019,Prepaga a través de obra social,71,33,52,85,Chubut
4020,Prepaga a través de obra social,72,30,53,83,Chubut
4021,Prepaga a través de obra social,73,39,71,110,Chubut
4022,Prepaga a través de obra social,74,34,35,69,Chubut
4023,Prepaga a través de obra social,75,41,31,72,Chubut
4024,Prepaga a través de obra social,76,19,51,70,Chubut
4025,Prepaga a través de obra social,77,50,18,68,Chubut
4026,Prepaga a través de obra social,78,8,28,36,Chubut
4027,Prepaga a través de obra social,79,13,42,55,Chubut
4028,Prepaga a través de obra social,80,8,9,17,Chubut
4029,Prepaga a través de obra social,81,6,19,25,Chubut
4030,Prepaga a través de obra social,82,2,21,23,Chubut
4031,Prepaga a través de obra social,83,10,2,12,Chubut
4032,Prepaga a través de obra social,84,4,12,16,Chubut
4033,Prepaga a través de obra social,85,5,14,19,Chubut
4034,Prepaga a través de obra social,86,1,3,4,Chubut
4035,Prepaga a través de obra social,87,2,12,14,Chubut
4036,Prepaga a través de obra social,88,1,2,3,Chubut
4037,Prepaga a través de obra social,89,22,-,22,Chubut
4038,Prepaga a través de obra social,91,1,-,1,Chubut
4039,Prepaga a través de obra social,93,-,2,2,Chubut
4040,Prepaga a través de obra social,94,-,1,1,Chubut
4041,Prepaga a través de obra social,96,1,-,1,Chubut
4043,Prepaga sólo por contratación voluntaria,,Varón,Mujer,Total,Chubut
4044,Prepaga sólo por contratación voluntaria,0,190,207,397,Chubut
4045,Prepaga sólo por contratación voluntaria,1,90,140,230,Chubut
4046,Prepaga sólo por contratación voluntaria,2,172,132,304,Chubut
4047,Prepaga sólo por contratación voluntaria,3,155,192,347,Chubut
4048,Prepaga sólo por contratación voluntaria,4,158,124,282,Chubut
4049,Prepaga sólo por contratación voluntaria,5,140,87,227,Chubut
4050,Prepaga sólo por contratación voluntaria,6,154,75,229,Chubut
4051,Prepaga sólo por contratación voluntaria,7,155,135,290,Chubut
4052,Prepaga sólo por contratación voluntaria,8,77,163,240,Chubut
4053,Prepaga sólo por contratación voluntaria,9,178,168,346,Chubut
4054,Prepaga sólo por contratación voluntaria,10,125,188,313,Chubut
4055,Prepaga sólo por contratación voluntaria,11,108,122,230,Chubut
4056,Prepaga sólo por contratación voluntaria,12,129,121,250,Chubut
4057,Prepaga sólo por contratación voluntaria,13,98,73,171,Chubut
4058,Prepaga sólo por contratación voluntaria,14,94,124,218,Chubut
4059,Prepaga sólo por contratación voluntaria,15,132,57,189,Chubut
4060,Prepaga sólo por contratación voluntaria,16,124,64,188,Chubut
4061,Prepaga sólo por contratación voluntaria,17,84,128,212,Chubut
4062,Prepaga sólo por contratación voluntaria,18,100,37,137,Chubut
4063,Prepaga sólo por contratación voluntaria,19,74,49,123,Chubut
4064,Prepaga sólo por contratación voluntaria,20,67,32,99,Chubut
4065,Prepaga sólo por contratación voluntaria,21,75,106,181,Chubut
4066,Prepaga sólo por contratación voluntaria,22,93,92,185,Chubut
4067,Prepaga sólo por contratación voluntaria,23,104,177,281,Chubut
4068,Prepaga sólo por contratación voluntaria,24,105,224,329,Chubut
4069,Prepaga sólo por contratación voluntaria,25,168,143,311,Chubut
4070,Prepaga sólo por contratación voluntaria,26,153,166,319,Chubut
4071,Prepaga sólo por contratación voluntaria,27,186,237,423,Chubut
4072,Prepaga sólo por contratación voluntaria,28,194,155,349,Chubut
4073,Prepaga sólo por contratación voluntaria,29,232,192,424,Chubut
4074,Prepaga sólo por contratación voluntaria,30,154,176,330,Chubut
4075,Prepaga sólo por contratación voluntaria,31,278,153,431,Chubut
4076,Prepaga sólo por contratación voluntaria,32,230,275,505,Chubut
4077,Prepaga sólo por contratación voluntaria,33,146,134,280,Chubut
4078,Prepaga sólo por contratación voluntaria,34,216,196,412,Chubut
4079,Prepaga sólo por contratación voluntaria,35,145,187,332,Chubut
4080,Prepaga sólo por contratación voluntaria,36,129,125,254,Chubut
4081,Prepaga sólo por contratación voluntaria,37,178,179,357,Chubut
4082,Prepaga sólo por contratación voluntaria,38,213,81,294,Chubut
4083,Prepaga sólo por contratación voluntaria,39,190,121,311,Chubut
4084,Prepaga sólo por contratación voluntaria,40,160,142,302,Chubut
4085,Prepaga sólo por contratación voluntaria,41,134,117,251,Chubut
4086,Prepaga sólo por contratación voluntaria,42,134,134,268,Chubut
4087,Prepaga sólo por contratación voluntaria,43,86,139,225,Chubut
4088,Prepaga sólo por contratación voluntaria,44,190,73,263,Chubut
4089,Prepaga sólo por contratación voluntaria,45,103,119,222,Chubut
4090,Prepaga sólo por contratación voluntaria,46,135,158,293,Chubut
4091,Prepaga sólo por contratación voluntaria,47,172,100,272,Chubut
4092,Prepaga sólo por contratación voluntaria,48,83,166,249,Chubut
4093,Prepaga sólo por contratación voluntaria,49,153,59,212,Chubut
4094,Prepaga sólo por contratación voluntaria,50,169,115,284,Chubut
4095,Prepaga sólo por contratación voluntaria,51,135,79,214,Chubut
4096,Prepaga sólo por contratación voluntaria,52,151,131,282,Chubut
4097,Prepaga sólo por contratación voluntaria,53,122,88,210,Chubut
4098,Prepaga sólo por contratación voluntaria,54,88,71,159,Chubut
4099,Prepaga sólo por contratación voluntaria,55,105,110,215,Chubut
4100,Prepaga sólo por contratación voluntaria,56,78,157,235,Chubut
4101,Prepaga sólo por contratación voluntaria,57,140,91,231,Chubut
4102,Prepaga sólo por contratación voluntaria,58,172,134,306,Chubut
4103,Prepaga sólo por contratación voluntaria,59,91,120,211,Chubut
4104,Prepaga sólo por contratación voluntaria,60,134,59,193,Chubut
4105,Prepaga sólo por contratación voluntaria,61,97,69,166,Chubut
4106,Prepaga sólo por contratación voluntaria,62,123,85,208,Chubut
4107,Prepaga sólo por contratación voluntaria,63,76,44,120,Chubut
4108,Prepaga sólo por contratación voluntaria,64,81,30,111,Chubut
4109,Prepaga sólo por contratación voluntaria,65,53,32,85,Chubut
4110,Prepaga sólo por contratación voluntaria,66,21,54,75,Chubut
4111,Prepaga sólo por contratación voluntaria,67,25,33,58,Chubut
4112,Prepaga sólo por contratación voluntaria,68,23,35,58,Chubut
4113,Prepaga sólo por contratación voluntaria,69,48,27,75,Chubut
4114,Prepaga sólo por contratación voluntaria,70,22,23,45,Chubut
4115,Prepaga sólo por contratación voluntaria,71,27,26,53,Chubut
4116,Prepaga sólo por contratación voluntaria,72,9,6,15,Chubut
4117,Prepaga sólo por contratación voluntaria,73,20,18,38,Chubut
4118,Prepaga sólo por contratación voluntaria,74,14,-,14,Chubut
4119,Prepaga sólo por contratación voluntaria,75,2,20,22,Chubut
4120,Prepaga sólo por contratación voluntaria,76,12,1,13,Chubut
4121,Prepaga sólo por contratación voluntaria,77,13,29,42,Chubut
4122,Prepaga sólo por contratación voluntaria,78,3,31,34,Chubut
4123,Prepaga sólo por contratación voluntaria,79,13,24,37,Chubut
4124,Prepaga sólo por contratación voluntaria,80,-,1,1,Chubut
4125,Prepaga sólo por contratación voluntaria,81,10,11,21,Chubut
4126,Prepaga sólo por contratación voluntaria,82,1,28,29,Chubut
4127,Prepaga sólo por contratación voluntaria,83,2,3,5,Chubut
4128,Prepaga sólo por contratación voluntaria,84,10,-,10,Chubut
4129,Prepaga sólo por contratación voluntaria,85,-,1,1,Chubut
4130,Prepaga sólo por contratación voluntaria,86,1,-,1,Chubut
4131,Prepaga sólo por contratación voluntaria,87,1,-,1,Chubut
4132,Prepaga sólo por contratación voluntaria,89,1,-,1,Chubut
4133,Prepaga sólo por contratación voluntaria,90,-,2,2,Chubut
4134,Prepaga sólo por contratación voluntaria,91,-,1,1,Chubut
4136,Programas o planes estatales de salud,,Varón,Mujer,Total,Chubut
4137,Programas o planes estatales de salud,0,258,272,530,Chubut
4138,Programas o planes estatales de salud,1,187,128,315,Chubut
4139,Programas o planes estatales de salud,2,184,183,367,Chubut
4140,Programas o planes estatales de salud,3,202,172,374,Chubut
4141,Programas o planes estatales de salud,4,159,149,308,Chubut
4142,Programas o planes estatales de salud,5,100,96,196,Chubut
4143,Programas o planes estatales de salud,6,92,85,177,Chubut
4144,Programas o planes estatales de salud,7,48,70,118,Chubut
4145,Programas o planes estatales de salud,8,98,96,194,Chubut
4146,Programas o planes estatales de salud,9,89,68,157,Chubut
4147,Programas o planes estatales de salud,10,61,60,121,Chubut
4148,Programas o planes estatales de salud,11,78,56,134,Chubut
4149,Programas o planes estatales de salud,12,62,50,112,Chubut
4150,Programas o planes estatales de salud,13,51,53,104,Chubut
4151,Programas o planes estatales de salud,14,64,120,184,Chubut
4152,Programas o planes estatales de salud,15,84,123,207,Chubut
4153,Programas o planes estatales de salud,16,42,83,125,Chubut
4154,Programas o planes estatales de salud,17,75,98,173,Chubut
4155,Programas o planes estatales de salud,18,48,69,117,Chubut
4156,Programas o planes estatales de salud,19,48,85,133,Chubut
4157,Programas o planes estatales de salud,20,102,93,195,Chubut
4158,Programas o planes estatales de salud,21,69,126,195,Chubut
4159,Programas o planes estatales de salud,22,109,99,208,Chubut
4160,Programas o planes estatales de salud,23,63,56,119,Chubut
4161,Programas o planes estatales de salud,24,112,76,188,Chubut
4162,Programas o planes estatales de salud,25,97,48,145,Chubut
4163,Programas o planes estatales de salud,26,98,53,151,Chubut
4164,Programas o planes estatales de salud,27,91,43,134,Chubut
4165,Programas o planes estatales de salud,28,104,47,151,Chubut
4166,Programas o planes estatales de salud,29,72,90,162,Chubut
4167,Programas o planes estatales de salud,30,66,64,130,Chubut
4168,Programas o planes estatales de salud,31,59,75,134,Chubut
4169,Programas o planes estatales de salud,32,63,37,100,Chubut
4170,Programas o planes estatales de salud,33,52,65,117,Chubut
4171,Programas o planes estatales de salud,34,63,54,117,Chubut
4172,Programas o planes estatales de salud,35,75,54,129,Chubut
4173,Programas o planes estatales de salud,36,51,39,90,Chubut
4174,Programas o planes estatales de salud,37,59,33,92,Chubut
4175,Programas o planes estatales de salud,38,33,67,100,Chubut
4176,Programas o planes estatales de salud,39,76,80,156,Chubut
4177,Programas o planes estatales de salud,40,48,52,100,Chubut
4178,Programas o planes estatales de salud,41,43,83,126,Chubut
4179,Programas o planes estatales de salud,42,29,62,91,Chubut
4180,Programas o planes estatales de salud,43,56,37,93,Chubut
4181,Programas o planes estatales de salud,44,19,40,59,Chubut
4182,Programas o planes estatales de salud,45,38,50,88,Chubut
4183,Programas o planes estatales de salud,46,62,92,154,Chubut
4184,Programas o planes estatales de salud,47,69,62,131,Chubut
4185,Programas o planes estatales de salud,48,21,51,72,Chubut
4186,Programas o planes estatales de salud,49,42,79,121,Chubut
4187,Programas o planes estatales de salud,50,20,109,129,Chubut
4188,Programas o planes estatales de salud,51,52,44,96,Chubut
4189,Programas o planes estatales de salud,52,16,60,76,Chubut
4190,Programas o planes estatales de salud,53,35,56,91,Chubut
4191,Programas o planes estatales de salud,54,89,29,118,Chubut
4192,Programas o planes estatales de salud,55,51,52,103,Chubut
4193,Programas o planes estatales de salud,56,18,96,114,Chubut
4194,Programas o planes estatales de salud,57,32,47,79,Chubut
4195,Programas o planes estatales de salud,58,25,46,71,Chubut
4196,Programas o planes estatales de salud,59,12,10,22,Chubut
4197,Programas o planes estatales de salud,60,28,20,48,Chubut
4198,Programas o planes estatales de salud,61,10,38,48,Chubut
4199,Programas o planes estatales de salud,62,56,31,87,Chubut
4200,Programas o planes estatales de salud,63,35,50,85,Chubut
4201,Programas o planes estatales de salud,64,20,33,53,Chubut
4202,Programas o planes estatales de salud,65,19,8,27,Chubut
4203,Programas o planes estatales de salud,66,15,11,26,Chubut
4204,Programas o planes estatales de salud,67,28,19,47,Chubut
4205,Programas o planes estatales de salud,68,8,32,40,Chubut
4206,Programas o planes estatales de salud,69,16,29,45,Chubut
4207,Programas o planes estatales de salud,70,16,6,22,Chubut
4208,Programas o planes estatales de salud,71,14,5,19,Chubut
4209,Programas o planes estatales de salud,72,13,19,32,Chubut
4210,Programas o planes estatales de salud,73,4,6,10,Chubut
4211,Programas o planes estatales de salud,74,11,14,25,Chubut
4212,Programas o planes estatales de salud,75,5,14,19,Chubut
4213,Programas o planes estatales de salud,76,14,14,28,Chubut
4214,Programas o planes estatales de salud,77,14,21,35,Chubut
4215,Programas o planes estatales de salud,78,3,14,17,Chubut
4216,Programas o planes estatales de salud,79,24,2,26,Chubut
4217,Programas o planes estatales de salud,80,2,13,15,Chubut
4218,Programas o planes estatales de salud,81,4,23,27,Chubut
4219,Programas o planes estatales de salud,82,11,4,15,Chubut
4220,Programas o planes estatales de salud,83,15,36,51,Chubut
4221,Programas o planes estatales de salud,84,2,11,13,Chubut
4222,Programas o planes estatales de salud,85,2,19,21,Chubut
4223,Programas o planes estatales de salud,86,3,2,5,Chubut
4224,Programas o planes estatales de salud,87,3,1,4,Chubut
4225,Programas o planes estatales de salud,89,-,1,1,Chubut
4226,Programas o planes estatales de salud,90,-,1,1,Chubut
4227,Programas o planes estatales de salud,91,-,1,1,Chubut
4228,Programas o planes estatales de salud,92,1,1,2,Chubut
4229,Programas o planes estatales de salud,93,1,-,1,Chubut
4230,Programas o planes estatales de salud,94,1,-,1,Chubut
4231,Programas o planes estatales de salud,95,-,1,1,Chubut
4232,Programas o planes estatales de salud,101,-,1,1,Chubut
4234,"No tiene obra social, prepaga o plan estatal",,Varón,Mujer,Total,Chubut
4235,"No tiene obra social, prepaga o plan estatal",0,1294,1452,2746,Chubut
4236,"No tiene obra social, prepaga o plan estatal",1,1311,1282,2593,Chubut
4237,"No tiene obra social, prepaga o plan estatal",2,1391,1315,2706,Chubut
4238,"No tiene obra social, prepaga o plan estatal",3,1197,1175,2372,Chubut
4239,"No tiene obra social, prepaga o plan estatal",4,1206,1286,2492,Chubut
4240,"No tiene obra social, prepaga o plan estatal",5,1231,1098,2329,Chubut
4241,"No tiene obra social, prepaga o plan estatal",6,1187,1126,2313,Chubut
4242,"No tiene obra social, prepaga o plan estatal",7,1137,1140,2277,Chubut
4243,"No tiene obra social, prepaga o plan estatal",8,1141,1267,2408,Chubut
4244,"No tiene obra social, prepaga o plan estatal",9,1274,1095,2369,Chubut
4245,"No tiene obra social, prepaga o plan estatal",10,1381,1420,2801,Chubut
4246,"No tiene obra social, prepaga o plan estatal",11,1106,1090,2196,Chubut
4247,"No tiene obra social, prepaga o plan estatal",12,1347,1383,2730,Chubut
4248,"No tiene obra social, prepaga o plan estatal",13,1419,1329,2748,Chubut
4249,"No tiene obra social, prepaga o plan estatal",14,1303,1250,2553,Chubut
4250,"No tiene obra social, prepaga o plan estatal",15,1243,1356,2599,Chubut
4251,"No tiene obra social, prepaga o plan estatal",16,1321,1348,2669,Chubut
4252,"No tiene obra social, prepaga o plan estatal",17,1438,1348,2786,Chubut
4253,"No tiene obra social, prepaga o plan estatal",18,1543,1254,2797,Chubut
4254,"No tiene obra social, prepaga o plan estatal",19,1825,1587,3412,Chubut
4255,"No tiene obra social, prepaga o plan estatal",20,1631,1449,3080,Chubut
4256,"No tiene obra social, prepaga o plan estatal",21,2054,1616,3670,Chubut
4257,"No tiene obra social, prepaga o plan estatal",22,1923,1830,3753,Chubut
4258,"No tiene obra social, prepaga o plan estatal",23,1801,1749,3550,Chubut
4259,"No tiene obra social, prepaga o plan estatal",24,1732,1759,3491,Chubut
4260,"No tiene obra social, prepaga o plan estatal",25,1520,1538,3058,Chubut
4261,"No tiene obra social, prepaga o plan estatal",26,1485,1306,2791,Chubut
4262,"No tiene obra social, prepaga o plan estatal",27,1507,1217,2724,Chubut
4263,"No tiene obra social, prepaga o plan estatal",28,1499,1427,2926,Chubut
4264,"No tiene obra social, prepaga o plan estatal",29,1470,1173,2643,Chubut
4265,"No tiene obra social, prepaga o plan estatal",30,1460,1272,2732,Chubut
4266,"No tiene obra social, prepaga o plan estatal",31,1383,1173,2556,Chubut
4267,"No tiene obra social, prepaga o plan estatal",32,1091,1105,2196,Chubut
4268,"No tiene obra social, prepaga o plan estatal",33,1386,1037,2423,Chubut
4269,"No tiene obra social, prepaga o plan estatal",34,1107,1022,2129,Chubut
4270,"No tiene obra social, prepaga o plan estatal",35,1006,1113,2119,Chubut
4271,"No tiene obra social, prepaga o plan estatal",36,1093,923,2016,Chubut
4272,"No tiene obra social, prepaga o plan estatal",37,1047,796,1843,Chubut
4273,"No tiene obra social, prepaga o plan estatal",38,962,809,1771,Chubut
4274,"No tiene obra social, prepaga o plan estatal",39,960,785,1745,Chubut
4275,"No tiene obra social, prepaga o plan estatal",40,829,713,1542,Chubut
4276,"No tiene obra social, prepaga o plan estatal",41,632,816,1448,Chubut
4277,"No tiene obra social, prepaga o plan estatal",42,846,692,1538,Chubut
4278,"No tiene obra social, prepaga o plan estatal",43,767,586,1353,Chubut
4279,"No tiene obra social, prepaga o plan estatal",44,802,670,1472,Chubut
4280,"No tiene obra social, prepaga o plan estatal",45,794,616,1410,Chubut
4281,"No tiene obra social, prepaga o plan estatal",46,762,647,1409,Chubut
4282,"No tiene obra social, prepaga o plan estatal",47,618,647,1265,Chubut
4283,"No tiene obra social, prepaga o plan estatal",48,621,599,1220,Chubut
4284,"No tiene obra social, prepaga o plan estatal",49,767,537,1304,Chubut
4285,"No tiene obra social, prepaga o plan estatal",50,882,633,1515,Chubut
4286,"No tiene obra social, prepaga o plan estatal",51,734,580,1314,Chubut
4287,"No tiene obra social, prepaga o plan estatal",52,607,531,1138,Chubut
4288,"No tiene obra social, prepaga o plan estatal",53,784,646,1430,Chubut
4289,"No tiene obra social, prepaga o plan estatal",54,685,538,1223,Chubut
4290,"No tiene obra social, prepaga o plan estatal",55,767,511,1278,Chubut
4291,"No tiene obra social, prepaga o plan estatal",56,650,541,1191,Chubut
4292,"No tiene obra social, prepaga o plan estatal",57,607,499,1106,Chubut
4293,"No tiene obra social, prepaga o plan estatal",58,573,488,1061,Chubut
4294,"No tiene obra social, prepaga o plan estatal",59,568,402,970,Chubut
4295,"No tiene obra social, prepaga o plan estatal",60,610,447,1057,Chubut
4296,"No tiene obra social, prepaga o plan estatal",61,491,372,863,Chubut
4297,"No tiene obra social, prepaga o plan estatal",62,477,208,685,Chubut
4298,"No tiene obra social, prepaga o plan estatal",63,385,170,555,Chubut
4299,"No tiene obra social, prepaga o plan estatal",64,381,159,540,Chubut
4300,"No tiene obra social, prepaga o plan estatal",65,407,84,491,Chubut
4301,"No tiene obra social, prepaga o plan estatal",66,181,94,275,Chubut
4302,"No tiene obra social, prepaga o plan estatal",67,160,95,255,Chubut
4303,"No tiene obra social, prepaga o plan estatal",68,176,97,273,Chubut
4304,"No tiene obra social, prepaga o plan estatal",69,81,53,134,Chubut
4305,"No tiene obra social, prepaga o plan estatal",70,128,115,243,Chubut
4306,"No tiene obra social, prepaga o plan estatal",71,55,62,117,Chubut
4307,"No tiene obra social, prepaga o plan estatal",72,61,57,118,Chubut
4308,"No tiene obra social, prepaga o plan estatal",73,100,61,161,Chubut
4309,"No tiene obra social, prepaga o plan estatal",74,86,30,116,Chubut
4310,"No tiene obra social, prepaga o plan estatal",75,57,61,118,Chubut
4311,"No tiene obra social, prepaga o plan estatal",76,44,52,96,Chubut
4312,"No tiene obra social, prepaga o plan estatal",77,57,40,97,Chubut
4313,"No tiene obra social, prepaga o plan estatal",78,44,42,86,Chubut
4314,"No tiene obra social, prepaga o plan estatal",79,40,78,118,Chubut
4315,"No tiene obra social, prepaga o plan estatal",80,37,46,83,Chubut
4316,"No tiene obra social, prepaga o plan estatal",81,17,24,41,Chubut
4317,"No tiene obra social, prepaga o plan estatal",82,17,51,68,Chubut
4318,"No tiene obra social, prepaga o plan estatal",83,16,15,31,Chubut
4319,"No tiene obra social, prepaga o plan estatal",84,24,25,49,Chubut
4320,"No tiene obra social, prepaga o plan estatal",85,32,37,69,Chubut
4321,"No tiene obra social, prepaga o plan estatal",86,10,28,38,Chubut
4322,"No tiene obra social, prepaga o plan estatal",87,27,10,37,Chubut
4323,"No tiene obra social, prepaga o plan estatal",88,24,16,40,Chubut
4324,"No tiene obra social, prepaga o plan estatal",89,7,31,38,Chubut
4325,"No tiene obra social, prepaga o plan estatal",90,3,45,48,Chubut
4326,"No tiene obra social, prepaga o plan estatal",91,1,21,22,Chubut
4327,"No tiene obra social, prepaga o plan estatal",92,1,2,3,Chubut
4328,"No tiene obra social, prepaga o plan estatal",93,3,5,8,Chubut
4329,"No tiene obra social, prepaga o plan estatal",94,9,2,11,Chubut
4330,"No tiene obra social, prepaga o plan estatal",95,10,22,32,Chubut
4331,"No tiene obra social, prepaga o plan estatal",96,-,10,10,Chubut
4332,"No tiene obra social, prepaga o plan estatal",97,-,1,1,Chubut
4333,"No tiene obra social, prepaga o plan estatal",98,1,10,11,Chubut
4334,"No tiene obra social, prepaga o plan estatal",99,-,1,1,Chubut
4335,"No tiene obra social, prepaga o plan estatal",100,-,1,1,Chubut
4445,AREA # 30,Entre Ríos,,,,Entre Ríos
4446,AREA # 30,,,,,Entre Ríos
4447,Cobertura de salud,Edad,Sexo,,,Entre Ríos
4448,Obra social (incluye PAMI),,Varón,Mujer,Total,Entre Ríos
4449,Obra social (incluye PAMI),0,4415,3955,8370,Entre Ríos
4450,Obra social (incluye PAMI),1,4252,4375,8627,Entre Ríos
4451,Obra social (incluye PAMI),2,4343,4362,8705,Entre Ríos
4452,Obra social (incluye PAMI),3,4519,4088,8607,Entre Ríos
4453,Obra social (incluye PAMI),4,4678,4388,9066,Entre Ríos
4454,Obra social (incluye PAMI),5,4732,4690,9422,Entre Ríos
4455,Obra social (incluye PAMI),6,4952,4941,9893,Entre Ríos
4456,Obra social (incluye PAMI),7,5195,4928,10123,Entre Ríos
4457,Obra social (incluye PAMI),8,4865,4892,9757,Entre Ríos
4458,Obra social (incluye PAMI),9,5110,4844,9954,Entre Ríos
4459,Obra social (incluye PAMI),10,5389,5460,10849,Entre Ríos
4460,Obra social (incluye PAMI),11,5384,5128,10512,Entre Ríos
4461,Obra social (incluye PAMI),12,5339,5342,10681,Entre Ríos
4462,Obra social (incluye PAMI),13,5310,5520,10830,Entre Ríos
4463,Obra social (incluye PAMI),14,5604,5653,11257,Entre Ríos
4464,Obra social (incluye PAMI),15,5455,5408,10863,Entre Ríos
4465,Obra social (incluye PAMI),16,5361,5304,10665,Entre Ríos
4466,Obra social (incluye PAMI),17,5405,5382,10787,Entre Ríos
4467,Obra social (incluye PAMI),18,5059,4733,9792,Entre Ríos
4468,Obra social (incluye PAMI),19,5038,4813,9851,Entre Ríos
4469,Obra social (incluye PAMI),20,4582,4595,9177,Entre Ríos
4470,Obra social (incluye PAMI),21,3957,3863,7820,Entre Ríos
4471,Obra social (incluye PAMI),22,3561,3607,7168,Entre Ríos
4472,Obra social (incluye PAMI),23,3738,3590,7328,Entre Ríos
4473,Obra social (incluye PAMI),24,3743,3967,7710,Entre Ríos
4474,Obra social (incluye PAMI),25,4044,3833,7877,Entre Ríos
4475,Obra social (incluye PAMI),26,3739,3720,7459,Entre Ríos
4476,Obra social (incluye PAMI),27,3684,4147,7831,Entre Ríos
4477,Obra social (incluye PAMI),28,4280,4531,8811,Entre Ríos
4478,Obra social (incluye PAMI),29,4250,4374,8624,Entre Ríos
4479,Obra social (incluye PAMI),30,4332,4813,9145,Entre Ríos
4480,Obra social (incluye PAMI),31,4466,4644,9110,Entre Ríos
4481,Obra social (incluye PAMI),32,4338,4586,8924,Entre Ríos
4482,Obra social (incluye PAMI),33,4361,4659,9020,Entre Ríos
4483,Obra social (incluye PAMI),34,3945,4178,8123,Entre Ríos
4484,Obra social (incluye PAMI),35,4048,4311,8359,Entre Ríos
4485,Obra social (incluye PAMI),36,3783,4134,7917,Entre Ríos
4486,Obra social (incluye PAMI),37,4088,4464,8552,Entre Ríos
4487,Obra social (incluye PAMI),38,4002,4316,8318,Entre Ríos
4488,Obra social (incluye PAMI),39,3763,4170,7933,Entre Ríos
4489,Obra social (incluye PAMI),40,3778,4338,8116,Entre Ríos
4490,Obra social (incluye PAMI),41,3199,3837,7036,Entre Ríos
4491,Obra social (incluye PAMI),42,3447,3981,7428,Entre Ríos
4492,Obra social (incluye PAMI),43,3431,3962,7393,Entre Ríos
4493,Obra social (incluye PAMI),44,3469,3559,7028,Entre Ríos
4494,Obra social (incluye PAMI),45,3802,4105,7907,Entre Ríos
4495,Obra social (incluye PAMI),46,3689,4221,7910,Entre Ríos
4496,Obra social (incluye PAMI),47,3470,4108,7578,Entre Ríos
4497,Obra social (incluye PAMI),48,3366,3775,7141,Entre Ríos
4498,Obra social (incluye PAMI),49,3239,3871,7110,Entre Ríos
4499,Obra social (incluye PAMI),50,3307,3865,7172,Entre Ríos
4500,Obra social (incluye PAMI),51,3198,3672,6870,Entre Ríos
4501,Obra social (incluye PAMI),52,3109,3451,6560,Entre Ríos
4502,Obra social (incluye PAMI),53,3244,3671,6915,Entre Ríos
4503,Obra social (incluye PAMI),54,2941,3725,6666,Entre Ríos
4504,Obra social (incluye PAMI),55,3253,3794,7047,Entre Ríos
4505,Obra social (incluye PAMI),56,3050,3469,6519,Entre Ríos
4506,Obra social (incluye PAMI),57,3037,3602,6639,Entre Ríos
4507,Obra social (incluye PAMI),58,2825,3389,6214,Entre Ríos
4508,Obra social (incluye PAMI),59,2677,3444,6121,Entre Ríos
4509,Obra social (incluye PAMI),60,2794,3736,6530,Entre Ríos
4510,Obra social (incluye PAMI),61,2689,4315,7004,Entre Ríos
4511,Obra social (incluye PAMI),62,2677,4323,7000,Entre Ríos
4512,Obra social (incluye PAMI),63,2635,4553,7188,Entre Ríos
4513,Obra social (incluye PAMI),64,2521,4310,6831,Entre Ríos
4514,Obra social (incluye PAMI),65,3094,4621,7715,Entre Ríos
4515,Obra social (incluye PAMI),66,3276,3986,7262,Entre Ríos
4516,Obra social (incluye PAMI),67,3252,3847,7099,Entre Ríos
4517,Obra social (incluye PAMI),68,3158,3969,7127,Entre Ríos
4518,Obra social (incluye PAMI),69,3086,3501,6587,Entre Ríos
4519,Obra social (incluye PAMI),70,3131,4174,7305,Entre Ríos
4520,Obra social (incluye PAMI),71,2670,3730,6400,Entre Ríos
4521,Obra social (incluye PAMI),72,2542,3342,5884,Entre Ríos
4522,Obra social (incluye PAMI),73,2256,3351,5607,Entre Ríos
4523,Obra social (incluye PAMI),74,2312,3046,5358,Entre Ríos
4524,Obra social (incluye PAMI),75,2064,3093,5157,Entre Ríos
4525,Obra social (incluye PAMI),76,1893,2704,4597,Entre Ríos
4526,Obra social (incluye PAMI),77,1816,2771,4587,Entre Ríos
4527,Obra social (incluye PAMI),78,1642,2910,4552,Entre Ríos
4528,Obra social (incluye PAMI),79,1562,2504,4066,Entre Ríos
4529,Obra social (incluye PAMI),80,1417,2504,3921,Entre Ríos
4530,Obra social (incluye PAMI),81,1088,2202,3290,Entre Ríos
4531,Obra social (incluye PAMI),82,984,2178,3162,Entre Ríos
4532,Obra social (incluye PAMI),83,829,1942,2771,Entre Ríos
4533,Obra social (incluye PAMI),84,717,1698,2415,Entre Ríos
4534,Obra social (incluye PAMI),85,671,1438,2109,Entre Ríos
4535,Obra social (incluye PAMI),86,507,1167,1674,Entre Ríos
4536,Obra social (incluye PAMI),87,378,1075,1453,Entre Ríos
4537,Obra social (incluye PAMI),88,371,881,1252,Entre Ríos
4538,Obra social (incluye PAMI),89,378,874,1252,Entre Ríos
4539,Obra social (incluye PAMI),90,237,743,980,Entre Ríos
4540,Obra social (incluye PAMI),91,183,578,761,Entre Ríos
4541,Obra social (incluye PAMI),92,183,380,563,Entre Ríos
4542,Obra social (incluye PAMI),93,77,334,411,Entre Ríos
4543,Obra social (incluye PAMI),94,71,192,263,Entre Ríos
4544,Obra social (incluye PAMI),95,40,181,221,Entre Ríos
4545,Obra social (incluye PAMI),96,34,157,191,Entre Ríos
4546,Obra social (incluye PAMI),97,18,100,118,Entre Ríos
4547,Obra social (incluye PAMI),98,13,55,68,Entre Ríos
4548,Obra social (incluye PAMI),99,8,50,58,Entre Ríos
4549,Obra social (incluye PAMI),100,6,45,51,Entre Ríos
4550,Obra social (incluye PAMI),101,6,23,29,Entre Ríos
4551,Obra social (incluye PAMI),102,2,4,6,Entre Ríos
4552,Obra social (incluye PAMI),104,-,4,4,Entre Ríos
4553,Obra social (incluye PAMI),105,-,2,2,Entre Ríos
4554,Obra social (incluye PAMI),110,-,1,1,Entre Ríos
4556,Prepaga a través de obra social,,Varón,Mujer,Total,Entre Ríos
4557,Prepaga a través de obra social,0,585,555,1140,Entre Ríos
4558,Prepaga a través de obra social,1,608,582,1190,Entre Ríos
4559,Prepaga a través de obra social,2,609,637,1246,Entre Ríos
4560,Prepaga a través de obra social,3,625,636,1261,Entre Ríos
4561,Prepaga a través de obra social,4,617,649,1266,Entre Ríos
4562,Prepaga a través de obra social,5,740,597,1337,Entre Ríos
4563,Prepaga a través de obra social,6,797,660,1457,Entre Ríos
4564,Prepaga a través de obra social,7,617,793,1410,Entre Ríos
4565,Prepaga a través de obra social,8,743,675,1418,Entre Ríos
4566,Prepaga a través de obra social,9,616,669,1285,Entre Ríos
4567,Prepaga a través de obra social,10,617,725,1342,Entre Ríos
4568,Prepaga a través de obra social,11,630,615,1245,Entre Ríos
4569,Prepaga a través de obra social,12,689,638,1327,Entre Ríos
4570,Prepaga a través de obra social,13,610,686,1296,Entre Ríos
4571,Prepaga a través de obra social,14,712,624,1336,Entre Ríos
4572,Prepaga a través de obra social,15,549,679,1228,Entre Ríos
4573,Prepaga a través de obra social,16,651,554,1205,Entre Ríos
4574,Prepaga a través de obra social,17,621,547,1168,Entre Ríos
4575,Prepaga a través de obra social,18,609,592,1201,Entre Ríos
4576,Prepaga a través de obra social,19,538,574,1112,Entre Ríos
4577,Prepaga a través de obra social,20,577,631,1208,Entre Ríos
4578,Prepaga a través de obra social,21,511,455,966,Entre Ríos
4579,Prepaga a través de obra social,22,498,490,988,Entre Ríos
4580,Prepaga a través de obra social,23,566,539,1105,Entre Ríos
4581,Prepaga a través de obra social,24,515,540,1055,Entre Ríos
4582,Prepaga a través de obra social,25,641,635,1276,Entre Ríos
4583,Prepaga a través de obra social,26,570,612,1182,Entre Ríos
4584,Prepaga a través de obra social,27,619,571,1190,Entre Ríos
4585,Prepaga a través de obra social,28,604,620,1224,Entre Ríos
4586,Prepaga a través de obra social,29,577,693,1270,Entre Ríos
4587,Prepaga a través de obra social,30,769,670,1439,Entre Ríos
4588,Prepaga a través de obra social,31,626,651,1277,Entre Ríos
4589,Prepaga a través de obra social,32,718,654,1372,Entre Ríos
4590,Prepaga a través de obra social,33,705,783,1488,Entre Ríos
4591,Prepaga a través de obra social,34,666,692,1358,Entre Ríos
4592,Prepaga a través de obra social,35,649,672,1321,Entre Ríos
4593,Prepaga a través de obra social,36,568,592,1160,Entre Ríos
4594,Prepaga a través de obra social,37,588,643,1231,Entre Ríos
4595,Prepaga a través de obra social,38,632,651,1283,Entre Ríos
4596,Prepaga a través de obra social,39,659,540,1199,Entre Ríos
4597,Prepaga a través de obra social,40,691,664,1355,Entre Ríos
4598,Prepaga a través de obra social,41,566,444,1010,Entre Ríos
4599,Prepaga a través de obra social,42,582,517,1099,Entre Ríos
4600,Prepaga a través de obra social,43,437,514,951,Entre Ríos
4601,Prepaga a través de obra social,44,478,440,918,Entre Ríos
4602,Prepaga a través de obra social,45,479,539,1018,Entre Ríos
4603,Prepaga a través de obra social,46,504,504,1008,Entre Ríos
4604,Prepaga a través de obra social,47,546,500,1046,Entre Ríos
4605,Prepaga a través de obra social,48,468,466,934,Entre Ríos
4606,Prepaga a través de obra social,49,544,524,1068,Entre Ríos
4607,Prepaga a través de obra social,50,575,436,1011,Entre Ríos
4608,Prepaga a través de obra social,51,434,384,818,Entre Ríos
4609,Prepaga a través de obra social,52,446,417,863,Entre Ríos
4610,Prepaga a través de obra social,53,496,464,960,Entre Ríos
4611,Prepaga a través de obra social,54,397,493,890,Entre Ríos
4612,Prepaga a través de obra social,55,416,411,827,Entre Ríos
4613,Prepaga a través de obra social,56,331,399,730,Entre Ríos
4614,Prepaga a través de obra social,57,479,419,898,Entre Ríos
4615,Prepaga a través de obra social,58,335,278,613,Entre Ríos
4616,Prepaga a través de obra social,59,349,304,653,Entre Ríos
4617,Prepaga a través de obra social,60,418,328,746,Entre Ríos
4618,Prepaga a través de obra social,61,331,220,551,Entre Ríos
4619,Prepaga a través de obra social,62,308,190,498,Entre Ríos
4620,Prepaga a través de obra social,63,310,147,457,Entre Ríos
4621,Prepaga a través de obra social,64,260,146,406,Entre Ríos
4622,Prepaga a través de obra social,65,257,120,377,Entre Ríos
4623,Prepaga a través de obra social,66,131,81,212,Entre Ríos
4624,Prepaga a través de obra social,67,128,74,202,Entre Ríos
4625,Prepaga a través de obra social,68,116,106,222,Entre Ríos
4626,Prepaga a través de obra social,69,45,48,93,Entre Ríos
4627,Prepaga a través de obra social,70,47,102,149,Entre Ríos
4628,Prepaga a través de obra social,71,53,66,119,Entre Ríos
4629,Prepaga a través de obra social,72,43,76,119,Entre Ríos
4630,Prepaga a través de obra social,73,81,69,150,Entre Ríos
4631,Prepaga a través de obra social,74,52,59,111,Entre Ríos
4632,Prepaga a través de obra social,75,30,42,72,Entre Ríos
4633,Prepaga a través de obra social,76,22,42,64,Entre Ríos
4634,Prepaga a través de obra social,77,15,64,79,Entre Ríos
4635,Prepaga a través de obra social,78,51,66,117,Entre Ríos
4636,Prepaga a través de obra social,79,30,49,79,Entre Ríos
4637,Prepaga a través de obra social,80,54,27,81,Entre Ríos
4638,Prepaga a través de obra social,81,24,26,50,Entre Ríos
4639,Prepaga a través de obra social,82,17,33,50,Entre Ríos
4640,Prepaga a través de obra social,83,4,43,47,Entre Ríos
4641,Prepaga a través de obra social,84,18,10,28,Entre Ríos
4642,Prepaga a través de obra social,85,18,20,38,Entre Ríos
4643,Prepaga a través de obra social,86,4,8,12,Entre Ríos
4644,Prepaga a través de obra social,87,13,14,27,Entre Ríos
4645,Prepaga a través de obra social,88,21,9,30,Entre Ríos
4646,Prepaga a través de obra social,89,13,16,29,Entre Ríos
4647,Prepaga a través de obra social,90,2,11,13,Entre Ríos
4648,Prepaga a través de obra social,91,2,1,3,Entre Ríos
4649,Prepaga a través de obra social,92,-,18,18,Entre Ríos
4650,Prepaga a través de obra social,93,-,2,2,Entre Ríos
4651,Prepaga a través de obra social,94,1,1,2,Entre Ríos
4652,Prepaga a través de obra social,95,1,1,2,Entre Ríos
4653,Prepaga a través de obra social,96,-,2,2,Entre Ríos
4654,Prepaga a través de obra social,101,1,-,1,Entre Ríos
4656,Prepaga sólo por contratación voluntaria,,Varón,Mujer,Total,Entre Ríos
4657,Prepaga sólo por contratación voluntaria,0,348,285,633,Entre Ríos
4658,Prepaga sólo por contratación voluntaria,1,465,318,783,Entre Ríos
4659,Prepaga sólo por contratación voluntaria,2,406,377,783,Entre Ríos
4660,Prepaga sólo por contratación voluntaria,3,286,286,572,Entre Ríos
4661,Prepaga sólo por contratación voluntaria,4,358,397,755,Entre Ríos
4662,Prepaga sólo por contratación voluntaria,5,412,315,727,Entre Ríos
4663,Prepaga sólo por contratación voluntaria,6,334,320,654,Entre Ríos
4664,Prepaga sólo por contratación voluntaria,7,354,324,678,Entre Ríos
4665,Prepaga sólo por contratación voluntaria,8,386,358,744,Entre Ríos
4666,Prepaga sólo por contratación voluntaria,9,395,349,744,Entre Ríos
4667,Prepaga sólo por contratación voluntaria,10,441,332,773,Entre Ríos
4668,Prepaga sólo por contratación voluntaria,11,414,369,783,Entre Ríos
4669,Prepaga sólo por contratación voluntaria,12,309,408,717,Entre Ríos
4670,Prepaga sólo por contratación voluntaria,13,327,327,654,Entre Ríos
4671,Prepaga sólo por contratación voluntaria,14,408,322,730,Entre Ríos
4672,Prepaga sólo por contratación voluntaria,15,341,350,691,Entre Ríos
4673,Prepaga sólo por contratación voluntaria,16,371,275,646,Entre Ríos
4674,Prepaga sólo por contratación voluntaria,17,331,263,594,Entre Ríos
4675,Prepaga sólo por contratación voluntaria,18,311,350,661,Entre Ríos
4676,Prepaga sólo por contratación voluntaria,19,330,358,688,Entre Ríos
4677,Prepaga sólo por contratación voluntaria,20,329,307,636,Entre Ríos
4678,Prepaga sólo por contratación voluntaria,21,387,348,735,Entre Ríos
4679,Prepaga sólo por contratación voluntaria,22,320,381,701,Entre Ríos
4680,Prepaga sólo por contratación voluntaria,23,321,314,635,Entre Ríos
4681,Prepaga sólo por contratación voluntaria,24,303,355,658,Entre Ríos
4682,Prepaga sólo por contratación voluntaria,25,365,295,660,Entre Ríos
4683,Prepaga sólo por contratación voluntaria,26,352,364,716,Entre Ríos
4684,Prepaga sólo por contratación voluntaria,27,325,489,814,Entre Ríos
4685,Prepaga sólo por contratación voluntaria,28,417,392,809,Entre Ríos
4686,Prepaga sólo por contratación voluntaria,29,378,497,875,Entre Ríos
4687,Prepaga sólo por contratación voluntaria,30,397,422,819,Entre Ríos
4688,Prepaga sólo por contratación voluntaria,31,395,516,911,Entre Ríos
4689,Prepaga sólo por contratación voluntaria,32,486,414,900,Entre Ríos
4690,Prepaga sólo por contratación voluntaria,33,389,419,808,Entre Ríos
4691,Prepaga sólo por contratación voluntaria,34,348,476,824,Entre Ríos
4692,Prepaga sólo por contratación voluntaria,35,462,393,855,Entre Ríos
4693,Prepaga sólo por contratación voluntaria,36,424,329,753,Entre Ríos
4694,Prepaga sólo por contratación voluntaria,37,403,381,784,Entre Ríos
4695,Prepaga sólo por contratación voluntaria,38,417,404,821,Entre Ríos
4696,Prepaga sólo por contratación voluntaria,39,325,373,698,Entre Ríos
4697,Prepaga sólo por contratación voluntaria,40,430,320,750,Entre Ríos
4698,Prepaga sólo por contratación voluntaria,41,334,292,626,Entre Ríos
4699,Prepaga sólo por contratación voluntaria,42,375,336,711,Entre Ríos
4700,Prepaga sólo por contratación voluntaria,43,292,304,596,Entre Ríos
4701,Prepaga sólo por contratación voluntaria,44,275,333,608,Entre Ríos
4702,Prepaga sólo por contratación voluntaria,45,407,283,690,Entre Ríos
4703,Prepaga sólo por contratación voluntaria,46,326,371,697,Entre Ríos
4704,Prepaga sólo por contratación voluntaria,47,352,367,719,Entre Ríos
4705,Prepaga sólo por contratación voluntaria,48,342,368,710,Entre Ríos
4706,Prepaga sólo por contratación voluntaria,49,350,374,724,Entre Ríos
4707,Prepaga sólo por contratación voluntaria,50,337,323,660,Entre Ríos
4708,Prepaga sólo por contratación voluntaria,51,376,346,722,Entre Ríos
4709,Prepaga sólo por contratación voluntaria,52,362,369,731,Entre Ríos
4710,Prepaga sólo por contratación voluntaria,53,325,434,759,Entre Ríos
4711,Prepaga sólo por contratación voluntaria,54,349,431,780,Entre Ríos
4712,Prepaga sólo por contratación voluntaria,55,381,346,727,Entre Ríos
4713,Prepaga sólo por contratación voluntaria,56,347,302,649,Entre Ríos
4714,Prepaga sólo por contratación voluntaria,57,349,317,666,Entre Ríos
4715,Prepaga sólo por contratación voluntaria,58,337,326,663,Entre Ríos
4716,Prepaga sólo por contratación voluntaria,59,372,327,699,Entre Ríos
4717,Prepaga sólo por contratación voluntaria,60,334,265,599,Entre Ríos
4718,Prepaga sólo por contratación voluntaria,61,305,191,496,Entre Ríos
4719,Prepaga sólo por contratación voluntaria,62,261,105,366,Entre Ríos
4720,Prepaga sólo por contratación voluntaria,63,252,100,352,Entre Ríos
4721,Prepaga sólo por contratación voluntaria,64,262,110,372,Entre Ríos
4722,Prepaga sólo por contratación voluntaria,65,167,85,252,Entre Ríos
4723,Prepaga sólo por contratación voluntaria,66,71,76,147,Entre Ríos
4724,Prepaga sólo por contratación voluntaria,67,80,74,154,Entre Ríos
4725,Prepaga sólo por contratación voluntaria,68,46,100,146,Entre Ríos
4726,Prepaga sólo por contratación voluntaria,69,75,33,108,Entre Ríos
4727,Prepaga sólo por contratación voluntaria,70,34,65,99,Entre Ríos
4728,Prepaga sólo por contratación voluntaria,71,93,64,157,Entre Ríos
4729,Prepaga sólo por contratación voluntaria,72,26,26,52,Entre Ríos
4730,Prepaga sólo por contratación voluntaria,73,35,46,81,Entre Ríos
4731,Prepaga sólo por contratación voluntaria,74,49,30,79,Entre Ríos
4732,Prepaga sólo por contratación voluntaria,75,46,14,60,Entre Ríos
4733,Prepaga sólo por contratación voluntaria,76,44,28,72,Entre Ríos
4734,Prepaga sólo por contratación voluntaria,77,25,30,55,Entre Ríos
4735,Prepaga sólo por contratación voluntaria,78,7,32,39,Entre Ríos
4736,Prepaga sólo por contratación voluntaria,79,37,10,47,Entre Ríos
4737,Prepaga sólo por contratación voluntaria,80,11,16,27,Entre Ríos
4738,Prepaga sólo por contratación voluntaria,81,7,14,21,Entre Ríos
4739,Prepaga sólo por contratación voluntaria,82,11,17,28,Entre Ríos
4740,Prepaga sólo por contratación voluntaria,83,6,10,16,Entre Ríos
4741,Prepaga sólo por contratación voluntaria,84,3,25,28,Entre Ríos
4742,Prepaga sólo por contratación voluntaria,85,2,13,15,Entre Ríos
4743,Prepaga sólo por contratación voluntaria,86,3,13,16,Entre Ríos
4744,Prepaga sólo por contratación voluntaria,87,11,14,25,Entre Ríos
4745,Prepaga sólo por contratación voluntaria,88,3,2,5,Entre Ríos
4746,Prepaga sólo por contratación voluntaria,89,5,6,11,Entre Ríos
4747,Prepaga sólo por contratación voluntaria,90,1,7,8,Entre Ríos
4748,Prepaga sólo por contratación voluntaria,91,8,8,16,Entre Ríos
4749,Prepaga sólo por contratación voluntaria,93,-,1,1,Entre Ríos
4750,Prepaga sólo por contratación voluntaria,94,1,-,1,Entre Ríos
4751,Prepaga sólo por contratación voluntaria,95,1,1,2,Entre Ríos
4752,Prepaga sólo por contratación voluntaria,97,1,1,2,Entre Ríos
4753,Prepaga sólo por contratación voluntaria,98,-,1,1,Entre Ríos
4755,Programas o planes estatales de salud,,Varón,Mujer,Total,Entre Ríos
4756,Programas o planes estatales de salud,0,437,359,796,Entre Ríos
4757,Programas o planes estatales de salud,1,324,391,715,Entre Ríos
4758,Programas o planes estatales de salud,2,412,376,788,Entre Ríos
4759,Programas o planes estatales de salud,3,336,367,703,Entre Ríos
4760,Programas o planes estatales de salud,4,295,282,577,Entre Ríos
4761,Programas o planes estatales de salud,5,331,242,573,Entre Ríos
4762,Programas o planes estatales de salud,6,245,229,474,Entre Ríos
4763,Programas o planes estatales de salud,7,105,164,269,Entre Ríos
4764,Programas o planes estatales de salud,8,195,241,436,Entre Ríos
4765,Programas o planes estatales de salud,9,124,153,277,Entre Ríos
4766,Programas o planes estatales de salud,10,162,150,312,Entre Ríos
4767,Programas o planes estatales de salud,11,147,146,293,Entre Ríos
4768,Programas o planes estatales de salud,12,165,186,351,Entre Ríos
4769,Programas o planes estatales de salud,13,159,155,314,Entre Ríos
4770,Programas o planes estatales de salud,14,124,131,255,Entre Ríos
4771,Programas o planes estatales de salud,15,171,193,364,Entre Ríos
4772,Programas o planes estatales de salud,16,145,155,300,Entre Ríos
4773,Programas o planes estatales de salud,17,113,156,269,Entre Ríos
4774,Programas o planes estatales de salud,18,111,167,278,Entre Ríos
4775,Programas o planes estatales de salud,19,147,150,297,Entre Ríos
4776,Programas o planes estatales de salud,20,124,130,254,Entre Ríos
4777,Programas o planes estatales de salud,21,74,149,223,Entre Ríos
4778,Programas o planes estatales de salud,22,60,59,119,Entre Ríos
4779,Programas o planes estatales de salud,23,95,128,223,Entre Ríos
4780,Programas o planes estatales de salud,24,89,179,268,Entre Ríos
4781,Programas o planes estatales de salud,25,102,109,211,Entre Ríos
4782,Programas o planes estatales de salud,26,40,87,127,Entre Ríos
4783,Programas o planes estatales de salud,27,90,137,227,Entre Ríos
4784,Programas o planes estatales de salud,28,94,159,253,Entre Ríos
4785,Programas o planes estatales de salud,29,82,129,211,Entre Ríos
4786,Programas o planes estatales de salud,30,104,141,245,Entre Ríos
4787,Programas o planes estatales de salud,31,57,120,177,Entre Ríos
4788,Programas o planes estatales de salud,32,111,118,229,Entre Ríos
4789,Programas o planes estatales de salud,33,135,140,275,Entre Ríos
4790,Programas o planes estatales de salud,34,56,105,161,Entre Ríos
4791,Programas o planes estatales de salud,35,80,120,200,Entre Ríos
4792,Programas o planes estatales de salud,36,64,101,165,Entre Ríos
4793,Programas o planes estatales de salud,37,44,116,160,Entre Ríos
4794,Programas o planes estatales de salud,38,71,105,176,Entre Ríos
4795,Programas o planes estatales de salud,39,40,120,160,Entre Ríos
4796,Programas o planes estatales de salud,40,73,174,247,Entre Ríos
4797,Programas o planes estatales de salud,41,72,111,183,Entre Ríos
4798,Programas o planes estatales de salud,42,76,90,166,Entre Ríos
4799,Programas o planes estatales de salud,43,58,136,194,Entre Ríos
4800,Programas o planes estatales de salud,44,58,126,184,Entre Ríos
4801,Programas o planes estatales de salud,45,63,133,196,Entre Ríos
4802,Programas o planes estatales de salud,46,60,122,182,Entre Ríos
4803,Programas o planes estatales de salud,47,99,109,208,Entre Ríos
4804,Programas o planes estatales de salud,48,104,125,229,Entre Ríos
4805,Programas o planes estatales de salud,49,111,144,255,Entre Ríos
4806,Programas o planes estatales de salud,50,84,137,221,Entre Ríos
4807,Programas o planes estatales de salud,51,73,103,176,Entre Ríos
4808,Programas o planes estatales de salud,52,76,150,226,Entre Ríos
4809,Programas o planes estatales de salud,53,72,175,247,Entre Ríos
4810,Programas o planes estatales de salud,54,84,144,228,Entre Ríos
4811,Programas o planes estatales de salud,55,110,101,211,Entre Ríos
4812,Programas o planes estatales de salud,56,77,140,217,Entre Ríos
4813,Programas o planes estatales de salud,57,100,119,219,Entre Ríos
4814,Programas o planes estatales de salud,58,78,106,184,Entre Ríos
4815,Programas o planes estatales de salud,59,107,84,191,Entre Ríos
4816,Programas o planes estatales de salud,60,85,110,195,Entre Ríos
4817,Programas o planes estatales de salud,61,83,86,169,Entre Ríos
4818,Programas o planes estatales de salud,62,90,59,149,Entre Ríos
4819,Programas o planes estatales de salud,63,57,72,129,Entre Ríos
4820,Programas o planes estatales de salud,64,51,49,100,Entre Ríos
4821,Programas o planes estatales de salud,65,66,26,92,Entre Ríos
4822,Programas o planes estatales de salud,66,23,61,84,Entre Ríos
4823,Programas o planes estatales de salud,67,21,24,45,Entre Ríos
4824,Programas o planes estatales de salud,68,22,26,48,Entre Ríos
4825,Programas o planes estatales de salud,69,12,14,26,Entre Ríos
4826,Programas o planes estatales de salud,70,17,11,28,Entre Ríos
4827,Programas o planes estatales de salud,71,23,17,40,Entre Ríos
4828,Programas o planes estatales de salud,72,37,41,78,Entre Ríos
4829,Programas o planes estatales de salud,73,8,28,36,Entre Ríos
4830,Programas o planes estatales de salud,74,36,24,60,Entre Ríos
4831,Programas o planes estatales de salud,75,6,12,18,Entre Ríos
4832,Programas o planes estatales de salud,76,8,17,25,Entre Ríos
4833,Programas o planes estatales de salud,77,7,18,25,Entre Ríos
4834,Programas o planes estatales de salud,78,14,12,26,Entre Ríos
4835,Programas o planes estatales de salud,79,5,8,13,Entre Ríos
4836,Programas o planes estatales de salud,80,3,37,40,Entre Ríos
4837,Programas o planes estatales de salud,81,2,9,11,Entre Ríos
4838,Programas o planes estatales de salud,82,2,13,15,Entre Ríos
4839,Programas o planes estatales de salud,83,12,19,31,Entre Ríos
4840,Programas o planes estatales de salud,84,2,16,18,Entre Ríos
4841,Programas o planes estatales de salud,85,2,4,6,Entre Ríos
4842,Programas o planes estatales de salud,86,3,12,15,Entre Ríos
4843,Programas o planes estatales de salud,87,15,3,18,Entre Ríos
4844,Programas o planes estatales de salud,88,3,3,6,Entre Ríos
4845,Programas o planes estatales de salud,89,12,13,25,Entre Ríos
4846,Programas o planes estatales de salud,90,-,2,2,Entre Ríos
4847,Programas o planes estatales de salud,91,11,1,12,Entre Ríos
4848,Programas o planes estatales de salud,93,-,1,1,Entre Ríos
4849,Programas o planes estatales de salud,94,-,2,2,Entre Ríos
4850,Programas o planes estatales de salud,95,1,2,3,Entre Ríos
4851,Programas o planes estatales de salud,99,-,1,1,Entre Ríos
4852,Programas o planes estatales de salud,104,-,1,1,Entre Ríos
4854,"No tiene obra social, prepaga o plan estatal",,Varón,Mujer,Total,Entre Ríos
4855,"No tiene obra social, prepaga o plan estatal",0,4818,4398,9216,Entre Ríos
4856,"No tiene obra social, prepaga o plan estatal",1,4425,4241,8666,Entre Ríos
4857,"No tiene obra social, prepaga o plan estatal",2,4651,4294,8945,Entre Ríos
4858,"No tiene obra social, prepaga o plan estatal",3,4152,3929,8081,Entre Ríos
4859,"No tiene obra social, prepaga o plan estatal",4,4407,4069,8476,Entre Ríos
4860,"No tiene obra social, prepaga o plan estatal",5,4218,4596,8814,Entre Ríos
4861,"No tiene obra social, prepaga o plan estatal",6,4723,4818,9541,Entre Ríos
4862,"No tiene obra social, prepaga o plan estatal",7,4701,4997,9698,Entre Ríos
4863,"No tiene obra social, prepaga o plan estatal",8,4638,4517,9155,Entre Ríos
4864,"No tiene obra social, prepaga o plan estatal",9,4980,4967,9947,Entre Ríos
4865,"No tiene obra social, prepaga o plan estatal",10,5174,5371,10545,Entre Ríos
4866,"No tiene obra social, prepaga o plan estatal",11,5027,4915,9942,Entre Ríos
4867,"No tiene obra social, prepaga o plan estatal",12,5156,4736,9892,Entre Ríos
4868,"No tiene obra social, prepaga o plan estatal",13,4895,4721,9616,Entre Ríos
4869,"No tiene obra social, prepaga o plan estatal",14,5646,5073,10719,Entre Ríos
4870,"No tiene obra social, prepaga o plan estatal",15,4991,4942,9933,Entre Ríos
4871,"No tiene obra social, prepaga o plan estatal",16,4866,4818,9684,Entre Ríos
4872,"No tiene obra social, prepaga o plan estatal",17,4954,4787,9741,Entre Ríos
4873,"No tiene obra social, prepaga o plan estatal",18,5102,4724,9826,Entre Ríos
4874,"No tiene obra social, prepaga o plan estatal",19,5388,5142,10530,Entre Ríos
4875,"No tiene obra social, prepaga o plan estatal",20,5032,4953,9985,Entre Ríos
4876,"No tiene obra social, prepaga o plan estatal",21,4972,4970,9942,Entre Ríos
4877,"No tiene obra social, prepaga o plan estatal",22,4929,4920,9849,Entre Ríos
4878,"No tiene obra social, prepaga o plan estatal",23,4707,4570,9277,Entre Ríos
4879,"No tiene obra social, prepaga o plan estatal",24,4567,4759,9326,Entre Ríos
4880,"No tiene obra social, prepaga o plan estatal",25,4435,4298,8733,Entre Ríos
4881,"No tiene obra social, prepaga o plan estatal",26,4466,3936,8402,Entre Ríos
4882,"No tiene obra social, prepaga o plan estatal",27,4165,3920,8085,Entre Ríos
4883,"No tiene obra social, prepaga o plan estatal",28,4319,4011,8330,Entre Ríos
4884,"No tiene obra social, prepaga o plan estatal",29,4127,3628,7755,Entre Ríos
4885,"No tiene obra social, prepaga o plan estatal",30,4056,3738,7794,Entre Ríos
4886,"No tiene obra social, prepaga o plan estatal",31,3697,3428,7125,Entre Ríos
4887,"No tiene obra social, prepaga o plan estatal",32,3488,3441,6929,Entre Ríos
4888,"No tiene obra social, prepaga o plan estatal",33,3424,3097,6521,Entre Ríos
4889,"No tiene obra social, prepaga o plan estatal",34,3192,2807,5999,Entre Ríos
4890,"No tiene obra social, prepaga o plan estatal",35,3319,2970,6289,Entre Ríos
4891,"No tiene obra social, prepaga o plan estatal",36,3039,2882,5921,Entre Ríos
4892,"No tiene obra social, prepaga o plan estatal",37,3059,2596,5655,Entre Ríos
4893,"No tiene obra social, prepaga o plan estatal",38,2841,2679,5520,Entre Ríos
4894,"No tiene obra social, prepaga o plan estatal",39,2626,2374,5000,Entre Ríos
4895,"No tiene obra social, prepaga o plan estatal",40,2695,2363,5058,Entre Ríos
4896,"No tiene obra social, prepaga o plan estatal",41,2270,2190,4460,Entre Ríos
4897,"No tiene obra social, prepaga o plan estatal",42,2248,2158,4406,Entre Ríos
4898,"No tiene obra social, prepaga o plan estatal",43,2363,2162,4525,Entre Ríos
4899,"No tiene obra social, prepaga o plan estatal",44,2330,2198,4528,Entre Ríos
4900,"No tiene obra social, prepaga o plan estatal",45,2525,2126,4651,Entre Ríos
4901,"No tiene obra social, prepaga o plan estatal",46,2477,2060,4537,Entre Ríos
4902,"No tiene obra social, prepaga o plan estatal",47,2410,2056,4466,Entre Ríos
4903,"No tiene obra social, prepaga o plan estatal",48,2326,2021,4347,Entre Ríos
4904,"No tiene obra social, prepaga o plan estatal",49,2236,1968,4204,Entre Ríos
4905,"No tiene obra social, prepaga o plan estatal",50,2392,1918,4310,Entre Ríos
4906,"No tiene obra social, prepaga o plan estatal",51,1855,1771,3626,Entre Ríos
4907,"No tiene obra social, prepaga o plan estatal",52,1833,1879,3712,Entre Ríos
4908,"No tiene obra social, prepaga o plan estatal",53,2189,1737,3926,Entre Ríos
4909,"No tiene obra social, prepaga o plan estatal",54,1998,1747,3745,Entre Ríos
4910,"No tiene obra social, prepaga o plan estatal",55,2079,1709,3788,Entre Ríos
4911,"No tiene obra social, prepaga o plan estatal",56,1839,1588,3427,Entre Ríos
4912,"No tiene obra social, prepaga o plan estatal",57,1823,1575,3398,Entre Ríos
4913,"No tiene obra social, prepaga o plan estatal",58,1780,1515,3295,Entre Ríos
4914,"No tiene obra social, prepaga o plan estatal",59,1680,1386,3066,Entre Ríos
4915,"No tiene obra social, prepaga o plan estatal",60,1739,1309,3048,Entre Ríos
4916,"No tiene obra social, prepaga o plan estatal",61,1573,786,2359,Entre Ríos
4917,"No tiene obra social, prepaga o plan estatal",62,1489,551,2040,Entre Ríos
4918,"No tiene obra social, prepaga o plan estatal",63,1373,441,1814,Entre Ríos
4919,"No tiene obra social, prepaga o plan estatal",64,1244,257,1501,Entre Ríos
4920,"No tiene obra social, prepaga o plan estatal",65,943,194,1137,Entre Ríos
4921,"No tiene obra social, prepaga o plan estatal",66,374,190,564,Entre Ríos
4922,"No tiene obra social, prepaga o plan estatal",67,266,113,379,Entre Ríos
4923,"No tiene obra social, prepaga o plan estatal",68,237,104,341,Entre Ríos
4924,"No tiene obra social, prepaga o plan estatal",69,173,112,285,Entre Ríos
4925,"No tiene obra social, prepaga o plan estatal",70,186,167,353,Entre Ríos
4926,"No tiene obra social, prepaga o plan estatal",71,98,148,246,Entre Ríos
4927,"No tiene obra social, prepaga o plan estatal",72,89,117,206,Entre Ríos
4928,"No tiene obra social, prepaga o plan estatal",73,76,79,155,Entre Ríos
4929,"No tiene obra social, prepaga o plan estatal",74,103,157,260,Entre Ríos
4930,"No tiene obra social, prepaga o plan estatal",75,84,167,251,Entre Ríos
4931,"No tiene obra social, prepaga o plan estatal",76,59,78,137,Entre Ríos
4932,"No tiene obra social, prepaga o plan estatal",77,49,89,138,Entre Ríos
4933,"No tiene obra social, prepaga o plan estatal",78,52,67,119,Entre Ríos
4934,"No tiene obra social, prepaga o plan estatal",79,46,102,148,Entre Ríos
4935,"No tiene obra social, prepaga o plan estatal",80,89,95,184,Entre Ríos
4936,"No tiene obra social, prepaga o plan estatal",81,49,44,93,Entre Ríos
4937,"No tiene obra social, prepaga o plan estatal",82,40,78,118,Entre Ríos
4938,"No tiene obra social, prepaga o plan estatal",83,30,96,126,Entre Ríos
4939,"No tiene obra social, prepaga o plan estatal",84,28,58,86,Entre Ríos
4940,"No tiene obra social, prepaga o plan estatal",85,23,66,89,Entre Ríos
4941,"No tiene obra social, prepaga o plan estatal",86,9,33,42,Entre Ríos
4942,"No tiene obra social, prepaga o plan estatal",87,14,34,48,Entre Ríos
4943,"No tiene obra social, prepaga o plan estatal",88,11,30,41,Entre Ríos
4944,"No tiene obra social, prepaga o plan estatal",89,5,40,45,Entre Ríos
4945,"No tiene obra social, prepaga o plan estatal",90,7,12,19,Entre Ríos
4946,"No tiene obra social, prepaga o plan estatal",91,10,14,24,Entre Ríos
4947,"No tiene obra social, prepaga o plan estatal",92,3,20,23,Entre Ríos
4948,"No tiene obra social, prepaga o plan estatal",93,13,6,19,Entre Ríos
4949,"No tiene obra social, prepaga o plan estatal",94,2,7,9,Entre Ríos
4950,"No tiene obra social, prepaga o plan estatal",95,3,5,8,Entre Ríos
4951,"No tiene obra social, prepaga o plan estatal",96,11,4,15,Entre Ríos
4952,"No tiene obra social, prepaga o plan estatal",97,-,1,1,Entre Ríos
4953,"No tiene obra social, prepaga o plan estatal",98,-,1,1,Entre Ríos
4954,"No tiene obra social, prepaga o plan estatal",99,-,2,2,Entre Ríos
4955,"No tiene obra social, prepaga o plan estatal",100,-,8,8,Entre Ríos
4956,"No tiene obra social, prepaga o plan estatal",101,-,1,1,Entre Ríos
4957,"No tiene obra social, prepaga o plan estatal",104,1,-,1,Entre Ríos
4958,"No tiene obra social, prepaga o plan estatal",109,-,1,1,Entre Ríos
5070,AREA # 34,Formosa,,,,Formosa
5071,AREA # 34,,,,,Formosa
5072,Cobertura de salud,Edad,Sexo,,,Formosa
5073,Obra social (incluye PAMI),,Varón,Mujer,Total,Formosa
5074,Obra social (incluye PAMI),0,1164,1008,2172,Formosa
5075,Obra social (incluye PAMI),1,1243,1173,2416,Formosa
5076,Obra social (incluye PAMI),2,1183,1228,2411,Formosa
5077,Obra social (incluye PAMI),3,1160,1086,2246,Formosa
5078,Obra social (incluye PAMI),4,1216,1186,2402,Formosa
5079,Obra social (incluye PAMI),5,1454,1180,2634,Formosa
5080,Obra social (incluye PAMI),6,1365,1348,2713,Formosa
5081,Obra social (incluye PAMI),7,1388,1486,2874,Formosa
5082,Obra social (incluye PAMI),8,1327,1417,2744,Formosa
5083,Obra social (incluye PAMI),9,1590,1594,3184,Formosa
5084,Obra social (incluye PAMI),10,1565,1495,3060,Formosa
5085,Obra social (incluye PAMI),11,1750,1609,3359,Formosa
5086,Obra social (incluye PAMI),12,1635,1479,3114,Formosa
5087,Obra social (incluye PAMI),13,1733,1663,3396,Formosa
5088,Obra social (incluye PAMI),14,1991,1802,3793,Formosa
5089,Obra social (incluye PAMI),15,1818,2201,4019,Formosa
5090,Obra social (incluye PAMI),16,1948,1907,3855,Formosa
5091,Obra social (incluye PAMI),17,1780,1773,3553,Formosa
5092,Obra social (incluye PAMI),18,1614,1917,3531,Formosa
5093,Obra social (incluye PAMI),19,1539,1508,3047,Formosa
5094,Obra social (incluye PAMI),20,1276,1344,2620,Formosa
5095,Obra social (incluye PAMI),21,796,844,1640,Formosa
5096,Obra social (incluye PAMI),22,802,843,1645,Formosa
5097,Obra social (incluye PAMI),23,775,869,1644,Formosa
5098,Obra social (incluye PAMI),24,786,966,1752,Formosa
5099,Obra social (incluye PAMI),25,891,960,1851,Formosa
5100,Obra social (incluye PAMI),26,865,815,1680,Formosa
5101,Obra social (incluye PAMI),27,784,955,1739,Formosa
5102,Obra social (incluye PAMI),28,950,941,1891,Formosa
5103,Obra social (incluye PAMI),29,973,1111,2084,Formosa
5104,Obra social (incluye PAMI),30,1071,1374,2445,Formosa
5105,Obra social (incluye PAMI),31,1065,1302,2367,Formosa
5106,Obra social (incluye PAMI),32,1062,1145,2207,Formosa
5107,Obra social (incluye PAMI),33,1071,1217,2288,Formosa
5108,Obra social (incluye PAMI),34,1105,1064,2169,Formosa
5109,Obra social (incluye PAMI),35,916,1242,2158,Formosa
5110,Obra social (incluye PAMI),36,878,1155,2033,Formosa
5111,Obra social (incluye PAMI),37,930,1105,2035,Formosa
5112,Obra social (incluye PAMI),38,1031,1177,2208,Formosa
5113,Obra social (incluye PAMI),39,952,1205,2157,Formosa
5114,Obra social (incluye PAMI),40,944,1359,2303,Formosa
5115,Obra social (incluye PAMI),41,971,1104,2075,Formosa
5116,Obra social (incluye PAMI),42,933,1320,2253,Formosa
5117,Obra social (incluye PAMI),43,1138,1167,2305,Formosa
5118,Obra social (incluye PAMI),44,1267,1351,2618,Formosa
5119,Obra social (incluye PAMI),45,995,1348,2343,Formosa
5120,Obra social (incluye PAMI),46,1152,1323,2475,Formosa
5121,Obra social (incluye PAMI),47,1140,1191,2331,Formosa
5122,Obra social (incluye PAMI),48,1237,1384,2621,Formosa
5123,Obra social (incluye PAMI),49,1030,1199,2229,Formosa
5124,Obra social (incluye PAMI),50,1241,1359,2600,Formosa
5125,Obra social (incluye PAMI),51,963,1311,2274,Formosa
5126,Obra social (incluye PAMI),52,1192,1132,2324,Formosa
5127,Obra social (incluye PAMI),53,1206,1297,2503,Formosa
5128,Obra social (incluye PAMI),54,964,1199,2163,Formosa
5129,Obra social (incluye PAMI),55,1048,1009,2057,Formosa
5130,Obra social (incluye PAMI),56,880,1005,1885,Formosa
5131,Obra social (incluye PAMI),57,947,1146,2093,Formosa
5132,Obra social (incluye PAMI),58,804,1091,1895,Formosa
5133,Obra social (incluye PAMI),59,1032,881,1913,Formosa
5134,Obra social (incluye PAMI),60,737,1096,1833,Formosa
5135,Obra social (incluye PAMI),61,617,1025,1642,Formosa
5136,Obra social (incluye PAMI),62,767,873,1640,Formosa
5137,Obra social (incluye PAMI),63,719,940,1659,Formosa
5138,Obra social (incluye PAMI),64,636,1009,1645,Formosa
5139,Obra social (incluye PAMI),65,874,1178,2052,Formosa
5140,Obra social (incluye PAMI),66,885,1277,2162,Formosa
5141,Obra social (incluye PAMI),67,867,1064,1931,Formosa
5142,Obra social (incluye PAMI),68,837,1098,1935,Formosa
5143,Obra social (incluye PAMI),69,885,770,1655,Formosa
5144,Obra social (incluye PAMI),70,1059,1142,2201,Formosa
5145,Obra social (incluye PAMI),71,683,838,1521,Formosa
5146,Obra social (incluye PAMI),72,727,835,1562,Formosa
5147,Obra social (incluye PAMI),73,756,856,1612,Formosa
5148,Obra social (incluye PAMI),74,739,711,1450,Formosa
5149,Obra social (incluye PAMI),75,579,792,1371,Formosa
5150,Obra social (incluye PAMI),76,548,673,1221,Formosa
5151,Obra social (incluye PAMI),77,543,613,1156,Formosa
5152,Obra social (incluye PAMI),78,550,581,1131,Formosa
5153,Obra social (incluye PAMI),79,494,610,1104,Formosa
5154,Obra social (incluye PAMI),80,319,565,884,Formosa
5155,Obra social (incluye PAMI),81,294,383,677,Formosa
5156,Obra social (incluye PAMI),82,243,383,626,Formosa
5157,Obra social (incluye PAMI),83,177,375,552,Formosa
5158,Obra social (incluye PAMI),84,263,367,630,Formosa
5159,Obra social (incluye PAMI),85,128,239,367,Formosa
5160,Obra social (incluye PAMI),86,165,187,352,Formosa
5161,Obra social (incluye PAMI),87,77,124,201,Formosa
5162,Obra social (incluye PAMI),88,117,192,309,Formosa
5163,Obra social (incluye PAMI),89,58,114,172,Formosa
5164,Obra social (incluye PAMI),90,56,97,153,Formosa
5165,Obra social (incluye PAMI),91,48,114,162,Formosa
5166,Obra social (incluye PAMI),92,54,73,127,Formosa
5167,Obra social (incluye PAMI),93,30,37,67,Formosa
5168,Obra social (incluye PAMI),94,27,18,45,Formosa
5169,Obra social (incluye PAMI),95,21,22,43,Formosa
5170,Obra social (incluye PAMI),96,5,25,30,Formosa
5171,Obra social (incluye PAMI),97,7,3,10,Formosa
5172,Obra social (incluye PAMI),98,1,7,8,Formosa
5173,Obra social (incluye PAMI),99,-,28,28,Formosa
5174,Obra social (incluye PAMI),100,4,4,8,Formosa
5175,Obra social (incluye PAMI),102,-,1,1,Formosa
5176,Obra social (incluye PAMI),110,-,1,1,Formosa
5178,Prepaga a través de obra social,,Varón,Mujer,Total,Formosa
5179,Prepaga a través de obra social,0,146,160,306,Formosa
5180,Prepaga a través de obra social,1,121,115,236,Formosa
5181,Prepaga a través de obra social,2,212,94,306,Formosa
5182,Prepaga a través de obra social,3,167,160,327,Formosa
5183,Prepaga a través de obra social,4,179,177,356,Formosa
5184,Prepaga a través de obra social,5,159,150,309,Formosa
5185,Prepaga a través de obra social,6,274,183,457,Formosa
5186,Prepaga a través de obra social,7,181,164,345,Formosa
5187,Prepaga a través de obra social,8,137,263,400,Formosa
5188,Prepaga a través de obra social,9,208,222,430,Formosa
5189,Prepaga a través de obra social,10,223,246,469,Formosa
5190,Prepaga a través de obra social,11,312,142,454,Formosa
5191,Prepaga a través de obra social,12,238,249,487,Formosa
5192,Prepaga a través de obra social,13,205,232,437,Formosa
5193,Prepaga a través de obra social,14,216,263,479,Formosa
5194,Prepaga a través de obra social,15,315,271,586,Formosa
5195,Prepaga a través de obra social,16,216,201,417,Formosa
5196,Prepaga a través de obra social,17,270,188,458,Formosa
5197,Prepaga a través de obra social,18,235,174,409,Formosa
5198,Prepaga a través de obra social,19,127,206,333,Formosa
5199,Prepaga a través de obra social,20,200,165,365,Formosa
5200,Prepaga a través de obra social,21,145,119,264,Formosa
5201,Prepaga a través de obra social,22,106,140,246,Formosa
5202,Prepaga a través de obra social,23,89,101,190,Formosa
5203,Prepaga a través de obra social,24,108,154,262,Formosa
5204,Prepaga a través de obra social,25,158,142,300,Formosa
5205,Prepaga a través de obra social,26,136,147,283,Formosa
5206,Prepaga a través de obra social,27,197,200,397,Formosa
5207,Prepaga a través de obra social,28,159,115,274,Formosa
5208,Prepaga a través de obra social,29,174,129,303,Formosa
5209,Prepaga a través de obra social,30,141,245,386,Formosa
5210,Prepaga a través de obra social,31,184,173,357,Formosa
5211,Prepaga a través de obra social,32,119,158,277,Formosa
5212,Prepaga a través de obra social,33,157,146,303,Formosa
5213,Prepaga a través de obra social,34,98,194,292,Formosa
5214,Prepaga a través de obra social,35,215,181,396,Formosa
5215,Prepaga a través de obra social,36,180,168,348,Formosa
5216,Prepaga a través de obra social,37,196,195,391,Formosa
5217,Prepaga a través de obra social,38,140,138,278,Formosa
5218,Prepaga a través de obra social,39,105,149,254,Formosa
5219,Prepaga a través de obra social,40,126,119,245,Formosa
5220,Prepaga a través de obra social,41,109,103,212,Formosa
5221,Prepaga a través de obra social,42,190,157,347,Formosa
5222,Prepaga a través de obra social,43,159,143,302,Formosa
5223,Prepaga a través de obra social,44,168,138,306,Formosa
5224,Prepaga a través de obra social,45,169,189,358,Formosa
5225,Prepaga a través de obra social,46,120,119,239,Formosa
5226,Prepaga a través de obra social,47,194,119,313,Formosa
5227,Prepaga a través de obra social,48,157,163,320,Formosa
5228,Prepaga a través de obra social,49,131,102,233,Formosa
5229,Prepaga a través de obra social,50,126,108,234,Formosa
5230,Prepaga a través de obra social,51,113,130,243,Formosa
5231,Prepaga a través de obra social,52,138,130,268,Formosa
5232,Prepaga a través de obra social,53,129,73,202,Formosa
5233,Prepaga a través de obra social,54,116,123,239,Formosa
5234,Prepaga a través de obra social,55,151,185,336,Formosa
5235,Prepaga a través de obra social,56,115,65,180,Formosa
5236,Prepaga a través de obra social,57,70,83,153,Formosa
5237,Prepaga a través de obra social,58,84,76,160,Formosa
5238,Prepaga a través de obra social,59,99,64,163,Formosa
5239,Prepaga a través de obra social,60,116,74,190,Formosa
5240,Prepaga a través de obra social,61,134,47,181,Formosa
5241,Prepaga a través de obra social,62,102,53,155,Formosa
5242,Prepaga a través de obra social,63,30,63,93,Formosa
5243,Prepaga a través de obra social,64,79,30,109,Formosa
5244,Prepaga a través de obra social,65,52,28,80,Formosa
5245,Prepaga a través de obra social,66,48,20,68,Formosa
5246,Prepaga a través de obra social,67,59,7,66,Formosa
5247,Prepaga a través de obra social,68,14,31,45,Formosa
5248,Prepaga a través de obra social,69,20,32,52,Formosa
5249,Prepaga a través de obra social,70,33,40,73,Formosa
5250,Prepaga a través de obra social,71,14,6,20,Formosa
5251,Prepaga a través de obra social,72,20,27,47,Formosa
5252,Prepaga a través de obra social,73,19,7,26,Formosa
5253,Prepaga a través de obra social,74,47,5,52,Formosa
5254,Prepaga a través de obra social,75,16,19,35,Formosa
5255,Prepaga a través de obra social,76,25,36,61,Formosa
5256,Prepaga a través de obra social,77,38,17,55,Formosa
5257,Prepaga a través de obra social,78,7,3,10,Formosa
5258,Prepaga a través de obra social,79,2,2,4,Formosa
5259,Prepaga a través de obra social,80,3,11,14,Formosa
5260,Prepaga a través de obra social,81,13,1,14,Formosa
5261,Prepaga a través de obra social,82,1,3,4,Formosa
5262,Prepaga a través de obra social,83,3,-,3,Formosa
5263,Prepaga a través de obra social,84,3,1,4,Formosa
5264,Prepaga a través de obra social,85,-,2,2,Formosa
5265,Prepaga a través de obra social,86,10,-,10,Formosa
5266,Prepaga a través de obra social,87,2,1,3,Formosa
5267,Prepaga a través de obra social,88,2,1,3,Formosa
5268,Prepaga a través de obra social,89,3,-,3,Formosa
5269,Prepaga a través de obra social,90,2,-,2,Formosa
5270,Prepaga a través de obra social,91,1,-,1,Formosa
5271,Prepaga a través de obra social,94,1,-,1,Formosa
5272,Prepaga a través de obra social,95,1,-,1,Formosa
5273,Prepaga a través de obra social,96,-,1,1,Formosa
5275,Prepaga sólo por contratación voluntaria,,Varón,Mujer,Total,Formosa
5276,Prepaga sólo por contratación voluntaria,0,31,53,84,Formosa
5277,Prepaga sólo por contratación voluntaria,1,63,25,88,Formosa
5278,Prepaga sólo por contratación voluntaria,2,99,69,168,Formosa
5279,Prepaga sólo por contratación voluntaria,3,59,58,117,Formosa
5280,Prepaga sólo por contratación voluntaria,4,53,37,90,Formosa
5281,Prepaga sólo por contratación voluntaria,5,55,20,75,Formosa
5282,Prepaga sólo por contratación voluntaria,6,37,54,91,Formosa
5283,Prepaga sólo por contratación voluntaria,7,55,40,95,Formosa
5284,Prepaga sólo por contratación voluntaria,8,49,28,77,Formosa
5285,Prepaga sólo por contratación voluntaria,9,46,48,94,Formosa
5286,Prepaga sólo por contratación voluntaria,10,27,21,48,Formosa
5287,Prepaga sólo por contratación voluntaria,11,63,38,101,Formosa
5288,Prepaga sólo por contratación voluntaria,12,71,21,92,Formosa
5289,Prepaga sólo por contratación voluntaria,13,43,41,84,Formosa
5290,Prepaga sólo por contratación voluntaria,14,31,57,88,Formosa
5291,Prepaga sólo por contratación voluntaria,15,58,53,111,Formosa
5292,Prepaga sólo por contratación voluntaria,16,21,26,47,Formosa
5293,Prepaga sólo por contratación voluntaria,17,38,62,100,Formosa
5294,Prepaga sólo por contratación voluntaria,18,43,38,81,Formosa
5295,Prepaga sólo por contratación voluntaria,19,53,37,90,Formosa
5296,Prepaga sólo por contratación voluntaria,20,47,37,84,Formosa
5297,Prepaga sólo por contratación voluntaria,21,33,11,44,Formosa
5298,Prepaga sólo por contratación voluntaria,22,47,43,90,Formosa
5299,Prepaga sólo por contratación voluntaria,23,28,43,71,Formosa
5300,Prepaga sólo por contratación voluntaria,24,50,56,106,Formosa
5301,Prepaga sólo por contratación voluntaria,25,49,76,125,Formosa
5302,Prepaga sólo por contratación voluntaria,26,21,18,39,Formosa
5303,Prepaga sólo por contratación voluntaria,27,67,31,98,Formosa
5304,Prepaga sólo por contratación voluntaria,28,77,50,127,Formosa
5305,Prepaga sólo por contratación voluntaria,29,57,52,109,Formosa
5306,Prepaga sólo por contratación voluntaria,30,49,60,109,Formosa
5307,Prepaga sólo por contratación voluntaria,31,93,56,149,Formosa
5308,Prepaga sólo por contratación voluntaria,32,79,101,180,Formosa
5309,Prepaga sólo por contratación voluntaria,33,74,99,173,Formosa
5310,Prepaga sólo por contratación voluntaria,34,55,47,102,Formosa
5311,Prepaga sólo por contratación voluntaria,35,59,57,116,Formosa
5312,Prepaga sólo por contratación voluntaria,36,39,61,100,Formosa
5313,Prepaga sólo por contratación voluntaria,37,47,36,83,Formosa
5314,Prepaga sólo por contratación voluntaria,38,75,43,118,Formosa
5315,Prepaga sólo por contratación voluntaria,39,24,59,83,Formosa
5316,Prepaga sólo por contratación voluntaria,40,66,29,95,Formosa
5317,Prepaga sólo por contratación voluntaria,41,75,63,138,Formosa
5318,Prepaga sólo por contratación voluntaria,42,27,51,78,Formosa
5319,Prepaga sólo por contratación voluntaria,43,18,40,58,Formosa
5320,Prepaga sólo por contratación voluntaria,44,40,28,68,Formosa
5321,Prepaga sólo por contratación voluntaria,45,34,47,81,Formosa
5322,Prepaga sólo por contratación voluntaria,46,59,46,105,Formosa
5323,Prepaga sólo por contratación voluntaria,47,61,39,100,Formosa
5324,Prepaga sólo por contratación voluntaria,48,38,17,55,Formosa
5325,Prepaga sólo por contratación voluntaria,49,32,18,50,Formosa
5326,Prepaga sólo por contratación voluntaria,50,20,39,59,Formosa
5327,Prepaga sólo por contratación voluntaria,51,58,37,95,Formosa
5328,Prepaga sólo por contratación voluntaria,52,21,32,53,Formosa
5329,Prepaga sólo por contratación voluntaria,53,8,17,25,Formosa
5330,Prepaga sólo por contratación voluntaria,54,22,4,26,Formosa
5331,Prepaga sólo por contratación voluntaria,55,46,19,65,Formosa
5332,Prepaga sólo por contratación voluntaria,56,42,15,57,Formosa
5333,Prepaga sólo por contratación voluntaria,57,24,39,63,Formosa
5334,Prepaga sólo por contratación voluntaria,58,19,9,28,Formosa
5335,Prepaga sólo por contratación voluntaria,59,36,7,43,Formosa
5336,Prepaga sólo por contratación voluntaria,60,18,22,40,Formosa
5337,Prepaga sólo por contratación voluntaria,61,39,14,53,Formosa
5338,Prepaga sólo por contratación voluntaria,62,31,23,54,Formosa
5339,Prepaga sólo por contratación voluntaria,63,18,20,38,Formosa
5340,Prepaga sólo por contratación voluntaria,64,15,1,16,Formosa
5341,Prepaga sólo por contratación voluntaria,65,18,-,18,Formosa
5342,Prepaga sólo por contratación voluntaria,66,10,9,19,Formosa
5343,Prepaga sólo por contratación voluntaria,67,3,2,5,Formosa
5344,Prepaga sólo por contratación voluntaria,68,13,-,13,Formosa
5345,Prepaga sólo por contratación voluntaria,69,1,22,23,Formosa
5346,Prepaga sólo por contratación voluntaria,70,1,10,11,Formosa
5347,Prepaga sólo por contratación voluntaria,71,2,1,3,Formosa
5348,Prepaga sólo por contratación voluntaria,72,2,1,3,Formosa
5349,Prepaga sólo por contratación voluntaria,73,8,-,8,Formosa
5350,Prepaga sólo por contratación voluntaria,74,-,1,1,Formosa
5351,Prepaga sólo por contratación voluntaria,75,4,-,4,Formosa
5352,Prepaga sólo por contratación voluntaria,77,-,11,11,Formosa
5353,Prepaga sólo por contratación voluntaria,79,-,1,1,Formosa
5354,Prepaga sólo por contratación voluntaria,80,1,-,1,Formosa
5355,Prepaga sólo por contratación voluntaria,81,1,-,1,Formosa
5356,Prepaga sólo por contratación voluntaria,82,-,1,1,Formosa
5357,Prepaga sólo por contratación voluntaria,85,10,-,10,Formosa
5358,Prepaga sólo por contratación voluntaria,88,-,10,10,Formosa
5360,Programas o planes estatales de salud,,Varón,Mujer,Total,Formosa
5361,Programas o planes estatales de salud,0,141,104,245,Formosa
5362,Programas o planes estatales de salud,1,191,189,380,Formosa
5363,Programas o planes estatales de salud,2,175,138,313,Formosa
5364,Programas o planes estatales de salud,3,158,101,259,Formosa
5365,Programas o planes estatales de salud,4,183,171,354,Formosa
5366,Programas o planes estatales de salud,5,184,165,349,Formosa
5367,Programas o planes estatales de salud,6,218,246,464,Formosa
5368,Programas o planes estatales de salud,7,221,145,366,Formosa
5369,Programas o planes estatales de salud,8,169,227,396,Formosa
5370,Programas o planes estatales de salud,9,223,176,399,Formosa
5371,Programas o planes estatales de salud,10,240,217,457,Formosa
5372,Programas o planes estatales de salud,11,206,162,368,Formosa
5373,Programas o planes estatales de salud,12,201,230,431,Formosa
5374,Programas o planes estatales de salud,13,212,235,447,Formosa
5375,Programas o planes estatales de salud,14,248,194,442,Formosa
5376,Programas o planes estatales de salud,15,192,223,415,Formosa
5377,Programas o planes estatales de salud,16,250,148,398,Formosa
5378,Programas o planes estatales de salud,17,231,205,436,Formosa
5379,Programas o planes estatales de salud,18,111,160,271,Formosa
5380,Programas o planes estatales de salud,19,125,146,271,Formosa
5381,Programas o planes estatales de salud,20,113,135,248,Formosa
5382,Programas o planes estatales de salud,21,97,118,215,Formosa
5383,Programas o planes estatales de salud,22,69,68,137,Formosa
5384,Programas o planes estatales de salud,23,74,148,222,Formosa
5385,Programas o planes estatales de salud,24,85,118,203,Formosa
5386,Programas o planes estatales de salud,25,67,140,207,Formosa
5387,Programas o planes estatales de salud,26,68,112,180,Formosa
5388,Programas o planes estatales de salud,27,81,130,211,Formosa
5389,Programas o planes estatales de salud,28,117,133,250,Formosa
5390,Programas o planes estatales de salud,29,90,110,200,Formosa
5391,Programas o planes estatales de salud,30,98,91,189,Formosa
5392,Programas o planes estatales de salud,31,84,116,200,Formosa
5393,Programas o planes estatales de salud,32,70,130,200,Formosa
5394,Programas o planes estatales de salud,33,87,94,181,Formosa
5395,Programas o planes estatales de salud,34,70,133,203,Formosa
5396,Programas o planes estatales de salud,35,66,178,244,Formosa
5397,Programas o planes estatales de salud,36,76,105,181,Formosa
5398,Programas o planes estatales de salud,37,91,110,201,Formosa
5399,Programas o planes estatales de salud,38,91,98,189,Formosa
5400,Programas o planes estatales de salud,39,180,158,338,Formosa
5401,Programas o planes estatales de salud,40,85,184,269,Formosa
5402,Programas o planes estatales de salud,41,93,158,251,Formosa
5403,Programas o planes estatales de salud,42,55,147,202,Formosa
5404,Programas o planes estatales de salud,43,67,69,136,Formosa
5405,Programas o planes estatales de salud,44,84,156,240,Formosa
5406,Programas o planes estatales de salud,45,99,142,241,Formosa
5407,Programas o planes estatales de salud,46,105,146,251,Formosa
5408,Programas o planes estatales de salud,47,63,151,214,Formosa
5409,Programas o planes estatales de salud,48,64,115,179,Formosa
5410,Programas o planes estatales de salud,49,121,122,243,Formosa
5411,Programas o planes estatales de salud,50,78,158,236,Formosa
5412,Programas o planes estatales de salud,51,84,198,282,Formosa
5413,Programas o planes estatales de salud,52,111,131,242,Formosa
5414,Programas o planes estatales de salud,53,114,245,359,Formosa
5415,Programas o planes estatales de salud,54,139,136,275,Formosa
5416,Programas o planes estatales de salud,55,87,131,218,Formosa
5417,Programas o planes estatales de salud,56,93,152,245,Formosa
5418,Programas o planes estatales de salud,57,90,156,246,Formosa
5419,Programas o planes estatales de salud,58,100,154,254,Formosa
5420,Programas o planes estatales de salud,59,90,125,215,Formosa
5421,Programas o planes estatales de salud,60,93,102,195,Formosa
5422,Programas o planes estatales de salud,61,89,98,187,Formosa
5423,Programas o planes estatales de salud,62,51,52,103,Formosa
5424,Programas o planes estatales de salud,63,108,89,197,Formosa
5425,Programas o planes estatales de salud,64,90,48,138,Formosa
5426,Programas o planes estatales de salud,65,38,35,73,Formosa
5427,Programas o planes estatales de salud,66,38,65,103,Formosa
5428,Programas o planes estatales de salud,67,36,47,83,Formosa
5429,Programas o planes estatales de salud,68,41,18,59,Formosa
5430,Programas o planes estatales de salud,69,47,32,79,Formosa
5431,Programas o planes estatales de salud,70,36,32,68,Formosa
5432,Programas o planes estatales de salud,71,19,21,40,Formosa
5433,Programas o planes estatales de salud,72,19,27,46,Formosa
5434,Programas o planes estatales de salud,73,35,37,72,Formosa
5435,Programas o planes estatales de salud,74,14,24,38,Formosa
5436,Programas o planes estatales de salud,75,6,10,16,Formosa
5437,Programas o planes estatales de salud,76,18,22,40,Formosa
5438,Programas o planes estatales de salud,77,15,35,50,Formosa
5439,Programas o planes estatales de salud,78,4,5,9,Formosa
5440,Programas o planes estatales de salud,79,7,7,14,Formosa
5441,Programas o planes estatales de salud,80,6,17,23,Formosa
5442,Programas o planes estatales de salud,81,6,5,11,Formosa
5443,Programas o planes estatales de salud,82,4,3,7,Formosa
5444,Programas o planes estatales de salud,83,3,7,10,Formosa
5445,Programas o planes estatales de salud,84,16,19,35,Formosa
5446,Programas o planes estatales de salud,85,3,15,18,Formosa
5447,Programas o planes estatales de salud,86,5,2,7,Formosa
5448,Programas o planes estatales de salud,87,1,6,7,Formosa
5449,Programas o planes estatales de salud,88,3,23,26,Formosa
5450,Programas o planes estatales de salud,89,5,6,11,Formosa
5451,Programas o planes estatales de salud,90,10,5,15,Formosa
5452,Programas o planes estatales de salud,91,3,1,4,Formosa
5453,Programas o planes estatales de salud,92,1,2,3,Formosa
5454,Programas o planes estatales de salud,93,-,3,3,Formosa
5455,Programas o planes estatales de salud,94,1,-,1,Formosa
5456,Programas o planes estatales de salud,96,1,1,2,Formosa
5458,"No tiene obra social, prepaga o plan estatal",,Varón,Mujer,Total,Formosa
5459,"No tiene obra social, prepaga o plan estatal",0,3697,3442,7139,Formosa
5460,"No tiene obra social, prepaga o plan estatal",1,3647,3762,7409,Formosa
5461,"No tiene obra social, prepaga o plan estatal",2,3698,3217,6915,Formosa
5462,"No tiene obra social, prepaga o plan estatal",3,3138,3176,6314,Formosa
5463,"No tiene obra social, prepaga o plan estatal",4,3322,3216,6538,Formosa
5464,"No tiene obra social, prepaga o plan estatal",5,3788,3413,7201,Formosa
5465,"No tiene obra social, prepaga o plan estatal",6,3775,3870,7645,Formosa
5466,"No tiene obra social, prepaga o plan estatal",7,3588,3568,7156,Formosa
5467,"No tiene obra social, prepaga o plan estatal",8,3980,3727,7707,Formosa
5468,"No tiene obra social, prepaga o plan estatal",9,3811,3753,7564,Formosa
5469,"No tiene obra social, prepaga o plan estatal",10,4017,3947,7964,Formosa
5470,"No tiene obra social, prepaga o plan estatal",11,3950,4016,7966,Formosa
5471,"No tiene obra social, prepaga o plan estatal",12,3937,4109,8046,Formosa
5472,"No tiene obra social, prepaga o plan estatal",13,3778,3805,7583,Formosa
5473,"No tiene obra social, prepaga o plan estatal",14,4549,4225,8774,Formosa
5474,"No tiene obra social, prepaga o plan estatal",15,3943,4120,8063,Formosa
5475,"No tiene obra social, prepaga o plan estatal",16,3830,3622,7452,Formosa
5476,"No tiene obra social, prepaga o plan estatal",17,3565,3490,7055,Formosa
5477,"No tiene obra social, prepaga o plan estatal",18,4034,3733,7767,Formosa
5478,"No tiene obra social, prepaga o plan estatal",19,3516,3343,6859,Formosa
5479,"No tiene obra social, prepaga o plan estatal",20,3172,2946,6118,Formosa
5480,"No tiene obra social, prepaga o plan estatal",21,3312,3169,6481,Formosa
5481,"No tiene obra social, prepaga o plan estatal",22,2793,2936,5729,Formosa
5482,"No tiene obra social, prepaga o plan estatal",23,2842,2868,5710,Formosa
5483,"No tiene obra social, prepaga o plan estatal",24,2929,2932,5861,Formosa
5484,"No tiene obra social, prepaga o plan estatal",25,2484,2656,5140,Formosa
5485,"No tiene obra social, prepaga o plan estatal",26,2275,2689,4964,Formosa
5486,"No tiene obra social, prepaga o plan estatal",27,2185,2639,4824,Formosa
5487,"No tiene obra social, prepaga o plan estatal",28,2523,2633,5156,Formosa
5488,"No tiene obra social, prepaga o plan estatal",29,2411,2277,4688,Formosa
5489,"No tiene obra social, prepaga o plan estatal",30,2638,2707,5345,Formosa
5490,"No tiene obra social, prepaga o plan estatal",31,2174,2376,4550,Formosa
5491,"No tiene obra social, prepaga o plan estatal",32,2112,2379,4491,Formosa
5492,"No tiene obra social, prepaga o plan estatal",33,2049,2067,4116,Formosa
5493,"No tiene obra social, prepaga o plan estatal",34,1978,1796,3774,Formosa
5494,"No tiene obra social, prepaga o plan estatal",35,1791,1924,3715,Formosa
5495,"No tiene obra social, prepaga o plan estatal",36,1934,1946,3880,Formosa
5496,"No tiene obra social, prepaga o plan estatal",37,1833,1929,3762,Formosa
5497,"No tiene obra social, prepaga o plan estatal",38,1730,1732,3462,Formosa
5498,"No tiene obra social, prepaga o plan estatal",39,1487,1464,2951,Formosa
5499,"No tiene obra social, prepaga o plan estatal",40,1512,1454,2966,Formosa
5500,"No tiene obra social, prepaga o plan estatal",41,1224,1328,2552,Formosa
5501,"No tiene obra social, prepaga o plan estatal",42,1507,1314,2821,Formosa
5502,"No tiene obra social, prepaga o plan estatal",43,1543,1312,2855,Formosa
5503,"No tiene obra social, prepaga o plan estatal",44,1314,1415,2729,Formosa
5504,"No tiene obra social, prepaga o plan estatal",45,1481,1313,2794,Formosa
5505,"No tiene obra social, prepaga o plan estatal",46,1436,1119,2555,Formosa
5506,"No tiene obra social, prepaga o plan estatal",47,1259,1247,2506,Formosa
5507,"No tiene obra social, prepaga o plan estatal",48,1394,1247,2641,Formosa
5508,"No tiene obra social, prepaga o plan estatal",49,1143,939,2082,Formosa
5509,"No tiene obra social, prepaga o plan estatal",50,1319,1202,2521,Formosa
5510,"No tiene obra social, prepaga o plan estatal",51,932,1096,2028,Formosa
5511,"No tiene obra social, prepaga o plan estatal",52,1047,971,2018,Formosa
5512,"No tiene obra social, prepaga o plan estatal",53,1278,1038,2316,Formosa
5513,"No tiene obra social, prepaga o plan estatal",54,1189,955,2144,Formosa
5514,"No tiene obra social, prepaga o plan estatal",55,955,821,1776,Formosa
5515,"No tiene obra social, prepaga o plan estatal",56,1001,971,1972,Formosa
5516,"No tiene obra social, prepaga o plan estatal",57,950,735,1685,Formosa
5517,"No tiene obra social, prepaga o plan estatal",58,1050,779,1829,Formosa
5518,"No tiene obra social, prepaga o plan estatal",59,941,796,1737,Formosa
5519,"No tiene obra social, prepaga o plan estatal",60,907,732,1639,Formosa
5520,"No tiene obra social, prepaga o plan estatal",61,750,488,1238,Formosa
5521,"No tiene obra social, prepaga o plan estatal",62,709,469,1178,Formosa
5522,"No tiene obra social, prepaga o plan estatal",63,669,458,1127,Formosa
5523,"No tiene obra social, prepaga o plan estatal",64,612,236,848,Formosa
5524,"No tiene obra social, prepaga o plan estatal",65,567,243,810,Formosa
5525,"No tiene obra social, prepaga o plan estatal",66,326,116,442,Formosa
5526,"No tiene obra social, prepaga o plan estatal",67,253,166,419,Formosa
5527,"No tiene obra social, prepaga o plan estatal",68,198,215,413,Formosa
5528,"No tiene obra social, prepaga o plan estatal",69,130,176,306,Formosa
5529,"No tiene obra social, prepaga o plan estatal",70,211,200,411,Formosa
5530,"No tiene obra social, prepaga o plan estatal",71,129,71,200,Formosa
5531,"No tiene obra social, prepaga o plan estatal",72,137,92,229,Formosa
5532,"No tiene obra social, prepaga o plan estatal",73,201,121,322,Formosa
5533,"No tiene obra social, prepaga o plan estatal",74,94,92,186,Formosa
5534,"No tiene obra social, prepaga o plan estatal",75,83,125,208,Formosa
5535,"No tiene obra social, prepaga o plan estatal",76,85,107,192,Formosa
5536,"No tiene obra social, prepaga o plan estatal",77,123,76,199,Formosa
5537,"No tiene obra social, prepaga o plan estatal",78,88,87,175,Formosa
5538,"No tiene obra social, prepaga o plan estatal",79,78,53,131,Formosa
5539,"No tiene obra social, prepaga o plan estatal",80,56,98,154,Formosa
5540,"No tiene obra social, prepaga o plan estatal",81,72,36,108,Formosa
5541,"No tiene obra social, prepaga o plan estatal",82,57,34,91,Formosa
5542,"No tiene obra social, prepaga o plan estatal",83,44,27,71,Formosa
5543,"No tiene obra social, prepaga o plan estatal",84,40,22,62,Formosa
5544,"No tiene obra social, prepaga o plan estatal",85,36,23,59,Formosa
5545,"No tiene obra social, prepaga o plan estatal",86,44,45,89,Formosa
5546,"No tiene obra social, prepaga o plan estatal",87,15,34,49,Formosa
5547,"No tiene obra social, prepaga o plan estatal",88,19,39,58,Formosa
5548,"No tiene obra social, prepaga o plan estatal",89,11,37,48,Formosa
5549,"No tiene obra social, prepaga o plan estatal",90,22,39,61,Formosa
5550,"No tiene obra social, prepaga o plan estatal",91,11,27,38,Formosa
5551,"No tiene obra social, prepaga o plan estatal",92,21,9,30,Formosa
5552,"No tiene obra social, prepaga o plan estatal",93,20,3,23,Formosa
5553,"No tiene obra social, prepaga o plan estatal",94,10,3,13,Formosa
5554,"No tiene obra social, prepaga o plan estatal",95,2,5,7,Formosa
5555,"No tiene obra social, prepaga o plan estatal",96,11,2,13,Formosa
5556,"No tiene obra social, prepaga o plan estatal",97,1,-,1,Formosa
5557,"No tiene obra social, prepaga o plan estatal",98,1,-,1,Formosa
5558,"No tiene obra social, prepaga o plan estatal",100,1,1,2,Formosa
5559,"No tiene obra social, prepaga o plan estatal",101,-,1,1,Formosa
5560,"No tiene obra social, prepaga o plan estatal",102,1,2,3,Formosa
5561,"No tiene obra social, prepaga o plan estatal",104,-,1,1,Formosa
5562,"No tiene obra social, prepaga o plan estatal",105,-,1,1,Formosa
5563,"No tiene obra social, prepaga o plan estatal",107,-,1,1,Formosa
5675,AREA # 38,Jujuy,,,,Jujuy
5676,AREA # 38,,,,,Jujuy
5677,Cobertura de salud,Edad,Sexo,,,Jujuy
5678,Obra social (incluye PAMI),,Varón,Mujer,Total,Jujuy
5679,Obra social (incluye PAMI),0,1820,1689,3509,Jujuy
5680,Obra social (incluye PAMI),1,1975,1901,3876,Jujuy
5681,Obra social (incluye PAMI),2,1847,2114,3961,Jujuy
5682,Obra social (incluye PAMI),3,1878,2046,3924,Jujuy
5683,Obra social (incluye PAMI),4,1960,1988,3948,Jujuy
5684,Obra social (incluye PAMI),5,2058,2103,4161,Jujuy
5685,Obra social (incluye PAMI),6,2498,2403,4901,Jujuy
5686,Obra social (incluye PAMI),7,2442,2353,4795,Jujuy
5687,Obra social (incluye PAMI),8,2629,2580,5209,Jujuy
5688,Obra social (incluye PAMI),9,2716,2457,5173,Jujuy
5689,Obra social (incluye PAMI),10,2651,2689,5340,Jujuy
5690,Obra social (incluye PAMI),11,2762,2971,5733,Jujuy
5691,Obra social (incluye PAMI),12,2945,2590,5535,Jujuy
5692,Obra social (incluye PAMI),13,2754,2846,5600,Jujuy
5693,Obra social (incluye PAMI),14,3083,3126,6209,Jujuy
5694,Obra social (incluye PAMI),15,3419,3101,6520,Jujuy
5695,Obra social (incluye PAMI),16,3069,3140,6209,Jujuy
5696,Obra social (incluye PAMI),17,3237,3156,6393,Jujuy
5697,Obra social (incluye PAMI),18,2963,2843,5806,Jujuy
5698,Obra social (incluye PAMI),19,2420,2627,5047,Jujuy
5699,Obra social (incluye PAMI),20,2114,2133,4247,Jujuy
5700,Obra social (incluye PAMI),21,1262,1245,2507,Jujuy
5701,Obra social (incluye PAMI),22,1364,1225,2589,Jujuy
5702,Obra social (incluye PAMI),23,1383,1285,2668,Jujuy
5703,Obra social (incluye PAMI),24,1443,1256,2699,Jujuy
5704,Obra social (incluye PAMI),25,1652,1304,2956,Jujuy
5705,Obra social (incluye PAMI),26,1425,1202,2627,Jujuy
5706,Obra social (incluye PAMI),27,1368,1386,2754,Jujuy
5707,Obra social (incluye PAMI),28,1571,1482,3053,Jujuy
5708,Obra social (incluye PAMI),29,1791,1691,3482,Jujuy
5709,Obra social (incluye PAMI),30,1746,1742,3488,Jujuy
5710,Obra social (incluye PAMI),31,1763,1816,3579,Jujuy
5711,Obra social (incluye PAMI),32,1604,1784,3388,Jujuy
5712,Obra social (incluye PAMI),33,1743,1909,3652,Jujuy
5713,Obra social (incluye PAMI),34,1949,1829,3778,Jujuy
5714,Obra social (incluye PAMI),35,1847,1955,3802,Jujuy
5715,Obra social (incluye PAMI),36,1801,1784,3585,Jujuy
5716,Obra social (incluye PAMI),37,1575,1776,3351,Jujuy
5717,Obra social (incluye PAMI),38,1504,1863,3367,Jujuy
5718,Obra social (incluye PAMI),39,1719,1847,3566,Jujuy
5719,Obra social (incluye PAMI),40,1705,1953,3658,Jujuy
5720,Obra social (incluye PAMI),41,1600,1883,3483,Jujuy
5721,Obra social (incluye PAMI),42,1464,1629,3093,Jujuy
5722,Obra social (incluye PAMI),43,1472,1656,3128,Jujuy
5723,Obra social (incluye PAMI),44,1418,1661,3079,Jujuy
5724,Obra social (incluye PAMI),45,1482,1795,3277,Jujuy
5725,Obra social (incluye PAMI),46,1674,1789,3463,Jujuy
5726,Obra social (incluye PAMI),47,1634,1705,3339,Jujuy
5727,Obra social (incluye PAMI),48,1471,1718,3189,Jujuy
5728,Obra social (incluye PAMI),49,1355,1622,2977,Jujuy
5729,Obra social (incluye PAMI),50,1372,1816,3188,Jujuy
5730,Obra social (incluye PAMI),51,1340,1726,3066,Jujuy
5731,Obra social (incluye PAMI),52,1308,1629,2937,Jujuy
5732,Obra social (incluye PAMI),53,1254,1673,2927,Jujuy
5733,Obra social (incluye PAMI),54,1281,1777,3058,Jujuy
5734,Obra social (incluye PAMI),55,1429,1684,3113,Jujuy
5735,Obra social (incluye PAMI),56,1277,1537,2814,Jujuy
5736,Obra social (incluye PAMI),57,1278,1438,2716,Jujuy
5737,Obra social (incluye PAMI),58,1173,1426,2599,Jujuy
5738,Obra social (incluye PAMI),59,1278,1360,2638,Jujuy
5739,Obra social (incluye PAMI),60,1083,1544,2627,Jujuy
5740,Obra social (incluye PAMI),61,1017,1535,2552,Jujuy
5741,Obra social (incluye PAMI),62,1146,1501,2647,Jujuy
5742,Obra social (incluye PAMI),63,1055,1698,2753,Jujuy
5743,Obra social (incluye PAMI),64,1040,1505,2545,Jujuy
5744,Obra social (incluye PAMI),65,1008,1676,2684,Jujuy
5745,Obra social (incluye PAMI),66,1230,1502,2732,Jujuy
5746,Obra social (incluye PAMI),67,1370,1398,2768,Jujuy
5747,Obra social (incluye PAMI),68,1158,1607,2765,Jujuy
5748,Obra social (incluye PAMI),69,1312,1287,2599,Jujuy
5749,Obra social (incluye PAMI),70,1141,1534,2675,Jujuy
5750,Obra social (incluye PAMI),71,1020,1307,2327,Jujuy
5751,Obra social (incluye PAMI),72,1001,1173,2174,Jujuy
5752,Obra social (incluye PAMI),73,833,1042,1875,Jujuy
5753,Obra social (incluye PAMI),74,896,1048,1944,Jujuy
5754,Obra social (incluye PAMI),75,783,973,1756,Jujuy
5755,Obra social (incluye PAMI),76,715,906,1621,Jujuy
5756,Obra social (incluye PAMI),77,622,832,1454,Jujuy
5757,Obra social (incluye PAMI),78,705,800,1505,Jujuy
5758,Obra social (incluye PAMI),79,576,664,1240,Jujuy
5759,Obra social (incluye PAMI),80,615,814,1429,Jujuy
5760,Obra social (incluye PAMI),81,378,568,946,Jujuy
5761,Obra social (incluye PAMI),82,446,572,1018,Jujuy
5762,Obra social (incluye PAMI),83,356,445,801,Jujuy
5763,Obra social (incluye PAMI),84,241,445,686,Jujuy
5764,Obra social (incluye PAMI),85,262,292,554,Jujuy
5765,Obra social (incluye PAMI),86,224,305,529,Jujuy
5766,Obra social (incluye PAMI),87,146,264,410,Jujuy
5767,Obra social (incluye PAMI),88,89,237,326,Jujuy
5768,Obra social (incluye PAMI),89,136,177,313,Jujuy
5769,Obra social (incluye PAMI),90,70,133,203,Jujuy
5770,Obra social (incluye PAMI),91,36,123,159,Jujuy
5771,Obra social (incluye PAMI),92,36,73,109,Jujuy
5772,Obra social (incluye PAMI),93,25,59,84,Jujuy
5773,Obra social (incluye PAMI),94,25,43,68,Jujuy
5774,Obra social (incluye PAMI),95,13,40,53,Jujuy
5775,Obra social (incluye PAMI),96,15,38,53,Jujuy
5776,Obra social (incluye PAMI),97,5,6,11,Jujuy
5777,Obra social (incluye PAMI),98,1,4,5,Jujuy
5778,Obra social (incluye PAMI),99,2,7,9,Jujuy
5779,Obra social (incluye PAMI),100,1,6,7,Jujuy
5780,Obra social (incluye PAMI),101,-,9,9,Jujuy
5781,Obra social (incluye PAMI),105,-,1,1,Jujuy
5783,Prepaga a través de obra social,,Varón,Mujer,Total,Jujuy
5784,Prepaga a través de obra social,0,362,430,792,Jujuy
5785,Prepaga a través de obra social,1,484,405,889,Jujuy
5786,Prepaga a través de obra social,2,500,449,949,Jujuy
5787,Prepaga a través de obra social,3,365,449,814,Jujuy
5788,Prepaga a través de obra social,4,537,524,1061,Jujuy
5789,Prepaga a través de obra social,5,510,511,1021,Jujuy
5790,Prepaga a través de obra social,6,597,607,1204,Jujuy
5791,Prepaga a través de obra social,7,502,506,1008,Jujuy
5792,Prepaga a través de obra social,8,599,548,1147,Jujuy
5793,Prepaga a través de obra social,9,504,620,1124,Jujuy
5794,Prepaga a través de obra social,10,610,597,1207,Jujuy
5795,Prepaga a través de obra social,11,668,524,1192,Jujuy
5796,Prepaga a través de obra social,12,583,535,1118,Jujuy
5797,Prepaga a través de obra social,13,520,619,1139,Jujuy
5798,Prepaga a través de obra social,14,689,652,1341,Jujuy
5799,Prepaga a través de obra social,15,584,504,1088,Jujuy
5800,Prepaga a través de obra social,16,634,572,1206,Jujuy
5801,Prepaga a través de obra social,17,532,598,1130,Jujuy
5802,Prepaga a través de obra social,18,458,481,939,Jujuy
5803,Prepaga a través de obra social,19,414,438,852,Jujuy
5804,Prepaga a través de obra social,20,349,367,716,Jujuy
5805,Prepaga a través de obra social,21,194,291,485,Jujuy
5806,Prepaga a través de obra social,22,274,262,536,Jujuy
5807,Prepaga a través de obra social,23,329,262,591,Jujuy
5808,Prepaga a través de obra social,24,314,338,652,Jujuy
5809,Prepaga a través de obra social,25,355,342,697,Jujuy
5810,Prepaga a través de obra social,26,373,254,627,Jujuy
5811,Prepaga a través de obra social,27,379,318,697,Jujuy
5812,Prepaga a través de obra social,28,448,390,838,Jujuy
5813,Prepaga a través de obra social,29,503,435,938,Jujuy
5814,Prepaga a través de obra social,30,487,445,932,Jujuy
5815,Prepaga a través de obra social,31,610,458,1068,Jujuy
5816,Prepaga a través de obra social,32,450,520,970,Jujuy
5817,Prepaga a través de obra social,33,567,391,958,Jujuy
5818,Prepaga a través de obra social,34,476,426,902,Jujuy
5819,Prepaga a través de obra social,35,514,400,914,Jujuy
5820,Prepaga a través de obra social,36,377,409,786,Jujuy
5821,Prepaga a través de obra social,37,425,340,765,Jujuy
5822,Prepaga a través de obra social,38,482,361,843,Jujuy
5823,Prepaga a través de obra social,39,431,316,747,Jujuy
5824,Prepaga a través de obra social,40,388,398,786,Jujuy
5825,Prepaga a través de obra social,41,382,385,767,Jujuy
5826,Prepaga a través de obra social,42,331,328,659,Jujuy
5827,Prepaga a través de obra social,43,255,275,530,Jujuy
5828,Prepaga a través de obra social,44,278,328,606,Jujuy
5829,Prepaga a través de obra social,45,351,308,659,Jujuy
5830,Prepaga a través de obra social,46,283,253,536,Jujuy
5831,Prepaga a través de obra social,47,359,235,594,Jujuy
5832,Prepaga a través de obra social,48,367,229,596,Jujuy
5833,Prepaga a través de obra social,49,285,306,591,Jujuy
5834,Prepaga a través de obra social,50,247,251,498,Jujuy
5835,Prepaga a través de obra social,51,224,254,478,Jujuy
5836,Prepaga a través de obra social,52,194,351,545,Jujuy
5837,Prepaga a través de obra social,53,302,246,548,Jujuy
5838,Prepaga a través de obra social,54,268,237,505,Jujuy
5839,Prepaga a través de obra social,55,273,302,575,Jujuy
5840,Prepaga a través de obra social,56,268,303,571,Jujuy
5841,Prepaga a través de obra social,57,287,211,498,Jujuy
5842,Prepaga a través de obra social,58,221,242,463,Jujuy
5843,Prepaga a través de obra social,59,173,263,436,Jujuy
5844,Prepaga a través de obra social,60,232,216,448,Jujuy
5845,Prepaga a través de obra social,61,182,201,383,Jujuy
5846,Prepaga a través de obra social,62,223,170,393,Jujuy
5847,Prepaga a través de obra social,63,151,88,239,Jujuy
5848,Prepaga a través de obra social,64,208,123,331,Jujuy
5849,Prepaga a través de obra social,65,132,81,213,Jujuy
5850,Prepaga a través de obra social,66,73,69,142,Jujuy
5851,Prepaga a través de obra social,67,56,87,143,Jujuy
5852,Prepaga a través de obra social,68,63,51,114,Jujuy
5853,Prepaga a través de obra social,69,28,50,78,Jujuy
5854,Prepaga a través de obra social,70,61,40,101,Jujuy
5855,Prepaga a través de obra social,71,26,22,48,Jujuy
5856,Prepaga a través de obra social,72,34,27,61,Jujuy
5857,Prepaga a través de obra social,73,62,42,104,Jujuy
5858,Prepaga a través de obra social,74,16,50,66,Jujuy
5859,Prepaga a través de obra social,75,23,28,51,Jujuy
5860,Prepaga a través de obra social,76,9,58,67,Jujuy
5861,Prepaga a través de obra social,77,32,18,50,Jujuy
5862,Prepaga a través de obra social,78,14,33,47,Jujuy
5863,Prepaga a través de obra social,79,26,32,58,Jujuy
5864,Prepaga a través de obra social,80,13,36,49,Jujuy
5865,Prepaga a través de obra social,81,10,39,49,Jujuy
5866,Prepaga a través de obra social,82,3,18,21,Jujuy
5867,Prepaga a través de obra social,83,13,15,28,Jujuy
5868,Prepaga a través de obra social,84,7,16,23,Jujuy
5869,Prepaga a través de obra social,85,5,5,10,Jujuy
5870,Prepaga a través de obra social,86,3,13,16,Jujuy
5871,Prepaga a través de obra social,87,11,10,21,Jujuy
5872,Prepaga a través de obra social,88,1,13,14,Jujuy
5873,Prepaga a través de obra social,89,1,1,2,Jujuy
5874,Prepaga a través de obra social,90,-,11,11,Jujuy
5875,Prepaga a través de obra social,91,2,-,2,Jujuy
5876,Prepaga a través de obra social,92,1,13,14,Jujuy
5877,Prepaga a través de obra social,93,-,1,1,Jujuy
5878,Prepaga a través de obra social,97,-,1,1,Jujuy
5879,Prepaga a través de obra social,109,-,10,10,Jujuy
5881,Prepaga sólo por contratación voluntaria,,Varón,Mujer,Total,Jujuy
5882,Prepaga sólo por contratación voluntaria,0,127,124,251,Jujuy
5883,Prepaga sólo por contratación voluntaria,1,134,144,278,Jujuy
5884,Prepaga sólo por contratación voluntaria,2,155,222,377,Jujuy
5885,Prepaga sólo por contratación voluntaria,3,172,104,276,Jujuy
5886,Prepaga sólo por contratación voluntaria,4,140,194,334,Jujuy
5887,Prepaga sólo por contratación voluntaria,5,180,159,339,Jujuy
5888,Prepaga sólo por contratación voluntaria,6,221,209,430,Jujuy
5889,Prepaga sólo por contratación voluntaria,7,176,160,336,Jujuy
5890,Prepaga sólo por contratación voluntaria,8,255,146,401,Jujuy
5891,Prepaga sólo por contratación voluntaria,9,163,178,341,Jujuy
5892,Prepaga sólo por contratación voluntaria,10,137,194,331,Jujuy
5893,Prepaga sólo por contratación voluntaria,11,97,143,240,Jujuy
5894,Prepaga sólo por contratación voluntaria,12,213,201,414,Jujuy
5895,Prepaga sólo por contratación voluntaria,13,158,197,355,Jujuy
5896,Prepaga sólo por contratación voluntaria,14,178,139,317,Jujuy
5897,Prepaga sólo por contratación voluntaria,15,147,239,386,Jujuy
5898,Prepaga sólo por contratación voluntaria,16,115,143,258,Jujuy
5899,Prepaga sólo por contratación voluntaria,17,230,105,335,Jujuy
5900,Prepaga sólo por contratación voluntaria,18,163,148,311,Jujuy
5901,Prepaga sólo por contratación voluntaria,19,187,87,274,Jujuy
5902,Prepaga sólo por contratación voluntaria,20,116,111,227,Jujuy
5903,Prepaga sólo por contratación voluntaria,21,111,104,215,Jujuy
5904,Prepaga sólo por contratación voluntaria,22,110,128,238,Jujuy
5905,Prepaga sólo por contratación voluntaria,23,110,197,307,Jujuy
5906,Prepaga sólo por contratación voluntaria,24,122,147,269,Jujuy
5907,Prepaga sólo por contratación voluntaria,25,145,188,333,Jujuy
5908,Prepaga sólo por contratación voluntaria,26,156,198,354,Jujuy
5909,Prepaga sólo por contratación voluntaria,27,152,252,404,Jujuy
5910,Prepaga sólo por contratación voluntaria,28,224,204,428,Jujuy
5911,Prepaga sólo por contratación voluntaria,29,170,200,370,Jujuy
5912,Prepaga sólo por contratación voluntaria,30,236,161,397,Jujuy
5913,Prepaga sólo por contratación voluntaria,31,169,223,392,Jujuy
5914,Prepaga sólo por contratación voluntaria,32,206,171,377,Jujuy
5915,Prepaga sólo por contratación voluntaria,33,184,182,366,Jujuy
5916,Prepaga sólo por contratación voluntaria,34,164,182,346,Jujuy
5917,Prepaga sólo por contratación voluntaria,35,151,206,357,Jujuy
5918,Prepaga sólo por contratación voluntaria,36,158,170,328,Jujuy
5919,Prepaga sólo por contratación voluntaria,37,135,138,273,Jujuy
5920,Prepaga sólo por contratación voluntaria,38,162,143,305,Jujuy
5921,Prepaga sólo por contratación voluntaria,39,132,133,265,Jujuy
5922,Prepaga sólo por contratación voluntaria,40,138,90,228,Jujuy
5923,Prepaga sólo por contratación voluntaria,41,78,134,212,Jujuy
5924,Prepaga sólo por contratación voluntaria,42,130,53,183,Jujuy
5925,Prepaga sólo por contratación voluntaria,43,79,125,204,Jujuy
5926,Prepaga sólo por contratación voluntaria,44,56,88,144,Jujuy
5927,Prepaga sólo por contratación voluntaria,45,99,100,199,Jujuy
5928,Prepaga sólo por contratación voluntaria,46,124,87,211,Jujuy
5929,Prepaga sólo por contratación voluntaria,47,48,80,128,Jujuy
5930,Prepaga sólo por contratación voluntaria,48,85,78,163,Jujuy
5931,Prepaga sólo por contratación voluntaria,49,97,99,196,Jujuy
5932,Prepaga sólo por contratación voluntaria,50,91,100,191,Jujuy
5933,Prepaga sólo por contratación voluntaria,51,74,73,147,Jujuy
5934,Prepaga sólo por contratación voluntaria,52,106,43,149,Jujuy
5935,Prepaga sólo por contratación voluntaria,53,125,91,216,Jujuy
5936,Prepaga sólo por contratación voluntaria,54,60,58,118,Jujuy
5937,Prepaga sólo por contratación voluntaria,55,93,70,163,Jujuy
5938,Prepaga sólo por contratación voluntaria,56,125,48,173,Jujuy
5939,Prepaga sólo por contratación voluntaria,57,83,131,214,Jujuy
5940,Prepaga sólo por contratación voluntaria,58,36,37,73,Jujuy
5941,Prepaga sólo por contratación voluntaria,59,73,90,163,Jujuy
5942,Prepaga sólo por contratación voluntaria,60,70,57,127,Jujuy
5943,Prepaga sólo por contratación voluntaria,61,47,16,63,Jujuy
5944,Prepaga sólo por contratación voluntaria,62,39,20,59,Jujuy
5945,Prepaga sólo por contratación voluntaria,63,70,56,126,Jujuy
5946,Prepaga sólo por contratación voluntaria,64,29,11,40,Jujuy
5947,Prepaga sólo por contratación voluntaria,65,26,22,48,Jujuy
5948,Prepaga sólo por contratación voluntaria,66,10,19,29,Jujuy
5949,Prepaga sólo por contratación voluntaria,67,15,3,18,Jujuy
5950,Prepaga sólo por contratación voluntaria,68,18,32,50,Jujuy
5951,Prepaga sólo por contratación voluntaria,69,14,7,21,Jujuy
5952,Prepaga sólo por contratación voluntaria,70,9,16,25,Jujuy
5953,Prepaga sólo por contratación voluntaria,71,3,1,4,Jujuy
5954,Prepaga sólo por contratación voluntaria,72,11,3,14,Jujuy
5955,Prepaga sólo por contratación voluntaria,73,3,13,16,Jujuy
5956,Prepaga sólo por contratación voluntaria,74,-,6,6,Jujuy
5957,Prepaga sólo por contratación voluntaria,75,4,14,18,Jujuy
5958,Prepaga sólo por contratación voluntaria,76,6,13,19,Jujuy
5959,Prepaga sólo por contratación voluntaria,77,2,4,6,Jujuy
5960,Prepaga sólo por contratación voluntaria,78,32,2,34,Jujuy
5961,Prepaga sólo por contratación voluntaria,79,2,2,4,Jujuy
5962,Prepaga sólo por contratación voluntaria,80,17,-,17,Jujuy
5963,Prepaga sólo por contratación voluntaria,81,-,2,2,Jujuy
5964,Prepaga sólo por contratación voluntaria,82,2,2,4,Jujuy
5965,Prepaga sólo por contratación voluntaria,83,1,1,2,Jujuy
5966,Prepaga sólo por contratación voluntaria,84,2,11,13,Jujuy
5967,Prepaga sólo por contratación voluntaria,85,1,24,25,Jujuy
5968,Prepaga sólo por contratación voluntaria,87,1,-,1,Jujuy
5969,Prepaga sólo por contratación voluntaria,88,10,1,11,Jujuy
5970,Prepaga sólo por contratación voluntaria,90,-,6,6,Jujuy
5971,Prepaga sólo por contratación voluntaria,93,1,1,2,Jujuy
5972,Prepaga sólo por contratación voluntaria,95,1,-,1,Jujuy
5974,Programas o planes estatales de salud,,Varón,Mujer,Total,Jujuy
5975,Programas o planes estatales de salud,0,608,551,1159,Jujuy
5976,Programas o planes estatales de salud,1,514,475,989,Jujuy
5977,Programas o planes estatales de salud,2,490,471,961,Jujuy
5978,Programas o planes estatales de salud,3,429,481,910,Jujuy
5979,Programas o planes estatales de salud,4,399,395,794,Jujuy
5980,Programas o planes estatales de salud,5,471,365,836,Jujuy
5981,Programas o planes estatales de salud,6,218,212,430,Jujuy
5982,Programas o planes estatales de salud,7,146,164,310,Jujuy
5983,Programas o planes estatales de salud,8,154,164,318,Jujuy
5984,Programas o planes estatales de salud,9,134,189,323,Jujuy
5985,Programas o planes estatales de salud,10,179,127,306,Jujuy
5986,Programas o planes estatales de salud,11,151,124,275,Jujuy
5987,Programas o planes estatales de salud,12,216,153,369,Jujuy
5988,Programas o planes estatales de salud,13,122,145,267,Jujuy
5989,Programas o planes estatales de salud,14,154,133,287,Jujuy
5990,Programas o planes estatales de salud,15,254,180,434,Jujuy
5991,Programas o planes estatales de salud,16,178,209,387,Jujuy
5992,Programas o planes estatales de salud,17,170,199,369,Jujuy
5993,Programas o planes estatales de salud,18,122,147,269,Jujuy
5994,Programas o planes estatales de salud,19,87,94,181,Jujuy
5995,Programas o planes estatales de salud,20,81,103,184,Jujuy
5996,Programas o planes estatales de salud,21,42,74,116,Jujuy
5997,Programas o planes estatales de salud,22,90,82,172,Jujuy
5998,Programas o planes estatales de salud,23,74,136,210,Jujuy
5999,Programas o planes estatales de salud,24,91,102,193,Jujuy
6000,Programas o planes estatales de salud,25,78,79,157,Jujuy
6001,Programas o planes estatales de salud,26,79,116,195,Jujuy
6002,Programas o planes estatales de salud,27,96,80,176,Jujuy
6003,Programas o planes estatales de salud,28,56,134,190,Jujuy
6004,Programas o planes estatales de salud,29,61,95,156,Jujuy
6005,Programas o planes estatales de salud,30,75,78,153,Jujuy
6006,Programas o planes estatales de salud,31,83,74,157,Jujuy
6007,Programas o planes estatales de salud,32,57,89,146,Jujuy
6008,Programas o planes estatales de salud,33,36,74,110,Jujuy
6009,Programas o planes estatales de salud,34,45,106,151,Jujuy
6010,Programas o planes estatales de salud,35,69,176,245,Jujuy
6011,Programas o planes estatales de salud,36,37,143,180,Jujuy
6012,Programas o planes estatales de salud,37,82,117,199,Jujuy
6013,Programas o planes estatales de salud,38,57,155,212,Jujuy
6014,Programas o planes estatales de salud,39,54,119,173,Jujuy
6015,Programas o planes estatales de salud,40,73,80,153,Jujuy
6016,Programas o planes estatales de salud,41,76,128,204,Jujuy
6017,Programas o planes estatales de salud,42,63,132,195,Jujuy
6018,Programas o planes estatales de salud,43,61,94,155,Jujuy
6019,Programas o planes estatales de salud,44,54,98,152,Jujuy
6020,Programas o planes estatales de salud,45,66,117,183,Jujuy
6021,Programas o planes estatales de salud,46,95,134,229,Jujuy
6022,Programas o planes estatales de salud,47,60,108,168,Jujuy
6023,Programas o planes estatales de salud,48,47,66,113,Jujuy
6024,Programas o planes estatales de salud,49,70,127,197,Jujuy
6025,Programas o planes estatales de salud,50,45,124,169,Jujuy
6026,Programas o planes estatales de salud,51,50,108,158,Jujuy
6027,Programas o planes estatales de salud,52,39,126,165,Jujuy
6028,Programas o planes estatales de salud,53,24,98,122,Jujuy
6029,Programas o planes estatales de salud,54,34,63,97,Jujuy
6030,Programas o planes estatales de salud,55,61,115,176,Jujuy
6031,Programas o planes estatales de salud,56,33,96,129,Jujuy
6032,Programas o planes estatales de salud,57,51,145,196,Jujuy
6033,Programas o planes estatales de salud,58,67,95,162,Jujuy
6034,Programas o planes estatales de salud,59,81,97,178,Jujuy
6035,Programas o planes estatales de salud,60,75,68,143,Jujuy
6036,Programas o planes estatales de salud,61,44,87,131,Jujuy
6037,Programas o planes estatales de salud,62,73,75,148,Jujuy
6038,Programas o planes estatales de salud,63,17,80,97,Jujuy
6039,Programas o planes estatales de salud,64,42,59,101,Jujuy
6040,Programas o planes estatales de salud,65,19,48,67,Jujuy
6041,Programas o planes estatales de salud,66,22,35,57,Jujuy
6042,Programas o planes estatales de salud,67,30,31,61,Jujuy
6043,Programas o planes estatales de salud,68,25,30,55,Jujuy
6044,Programas o planes estatales de salud,69,28,45,73,Jujuy
6045,Programas o planes estatales de salud,70,20,45,65,Jujuy
6046,Programas o planes estatales de salud,71,7,51,58,Jujuy
6047,Programas o planes estatales de salud,72,20,7,27,Jujuy
6048,Programas o planes estatales de salud,73,18,23,41,Jujuy
6049,Programas o planes estatales de salud,74,7,42,49,Jujuy
6050,Programas o planes estatales de salud,75,6,63,69,Jujuy
6051,Programas o planes estatales de salud,76,8,50,58,Jujuy
6052,Programas o planes estatales de salud,77,3,30,33,Jujuy
6053,Programas o planes estatales de salud,78,7,23,30,Jujuy
6054,Programas o planes estatales de salud,79,20,26,46,Jujuy
6055,Programas o planes estatales de salud,80,16,20,36,Jujuy
6056,Programas o planes estatales de salud,81,5,17,22,Jujuy
6057,Programas o planes estatales de salud,82,5,17,22,Jujuy
6058,Programas o planes estatales de salud,83,6,9,15,Jujuy
6059,Programas o planes estatales de salud,84,26,26,52,Jujuy
6060,Programas o planes estatales de salud,85,15,4,19,Jujuy
6061,Programas o planes estatales de salud,86,12,22,34,Jujuy
6062,Programas o planes estatales de salud,87,2,3,5,Jujuy
6063,Programas o planes estatales de salud,88,3,3,6,Jujuy
6064,Programas o planes estatales de salud,89,-,12,12,Jujuy
6065,Programas o planes estatales de salud,90,1,1,2,Jujuy
6066,Programas o planes estatales de salud,91,2,1,3,Jujuy
6067,Programas o planes estatales de salud,92,3,5,8,Jujuy
6068,Programas o planes estatales de salud,93,1,13,14,Jujuy
6069,Programas o planes estatales de salud,94,1,-,1,Jujuy
6070,Programas o planes estatales de salud,95,-,2,2,Jujuy
6071,Programas o planes estatales de salud,96,-,1,1,Jujuy
6072,Programas o planes estatales de salud,97,1,-,1,Jujuy
6073,Programas o planes estatales de salud,100,-,1,1,Jujuy
6075,"No tiene obra social, prepaga o plan estatal",,Varón,Mujer,Total,Jujuy
6076,"No tiene obra social, prepaga o plan estatal",0,3113,3324,6437,Jujuy
6077,"No tiene obra social, prepaga o plan estatal",1,3262,3158,6420,Jujuy
6078,"No tiene obra social, prepaga o plan estatal",2,3081,3169,6250,Jujuy
6079,"No tiene obra social, prepaga o plan estatal",3,2966,2791,5757,Jujuy
6080,"No tiene obra social, prepaga o plan estatal",4,3062,2737,5799,Jujuy
6081,"No tiene obra social, prepaga o plan estatal",5,2968,2899,5867,Jujuy
6082,"No tiene obra social, prepaga o plan estatal",6,3114,3052,6166,Jujuy
6083,"No tiene obra social, prepaga o plan estatal",7,3101,3025,6126,Jujuy
6084,"No tiene obra social, prepaga o plan estatal",8,3338,2929,6267,Jujuy
6085,"No tiene obra social, prepaga o plan estatal",9,3117,3201,6318,Jujuy
6086,"No tiene obra social, prepaga o plan estatal",10,3675,3354,7029,Jujuy
6087,"No tiene obra social, prepaga o plan estatal",11,3341,3344,6685,Jujuy
6088,"No tiene obra social, prepaga o plan estatal",12,3291,3129,6420,Jujuy
6089,"No tiene obra social, prepaga o plan estatal",13,3053,3083,6136,Jujuy
6090,"No tiene obra social, prepaga o plan estatal",14,3600,3643,7243,Jujuy
6091,"No tiene obra social, prepaga o plan estatal",15,3489,3334,6823,Jujuy
6092,"No tiene obra social, prepaga o plan estatal",16,3314,3058,6372,Jujuy
6093,"No tiene obra social, prepaga o plan estatal",17,3074,3174,6248,Jujuy
6094,"No tiene obra social, prepaga o plan estatal",18,3628,3310,6938,Jujuy
6095,"No tiene obra social, prepaga o plan estatal",19,3201,3020,6221,Jujuy
6096,"No tiene obra social, prepaga o plan estatal",20,2931,2833,5764,Jujuy
6097,"No tiene obra social, prepaga o plan estatal",21,3567,3598,7165,Jujuy
6098,"No tiene obra social, prepaga o plan estatal",22,3713,3690,7403,Jujuy
6099,"No tiene obra social, prepaga o plan estatal",23,3455,3744,7199,Jujuy
6100,"No tiene obra social, prepaga o plan estatal",24,3506,3881,7387,Jujuy
6101,"No tiene obra social, prepaga o plan estatal",25,3428,3586,7014,Jujuy
6102,"No tiene obra social, prepaga o plan estatal",26,2910,3554,6464,Jujuy
6103,"No tiene obra social, prepaga o plan estatal",27,2898,3286,6184,Jujuy
6104,"No tiene obra social, prepaga o plan estatal",28,3036,3635,6671,Jujuy
6105,"No tiene obra social, prepaga o plan estatal",29,2996,3324,6320,Jujuy
6106,"No tiene obra social, prepaga o plan estatal",30,3183,3543,6726,Jujuy
6107,"No tiene obra social, prepaga o plan estatal",31,2954,2969,5923,Jujuy
6108,"No tiene obra social, prepaga o plan estatal",32,2674,2990,5664,Jujuy
6109,"No tiene obra social, prepaga o plan estatal",33,2643,2777,5420,Jujuy
6110,"No tiene obra social, prepaga o plan estatal",34,2457,2497,4954,Jujuy
6111,"No tiene obra social, prepaga o plan estatal",35,2351,2614,4965,Jujuy
6112,"No tiene obra social, prepaga o plan estatal",36,2068,2296,4364,Jujuy
6113,"No tiene obra social, prepaga o plan estatal",37,1964,1957,3921,Jujuy
6114,"No tiene obra social, prepaga o plan estatal",38,1928,2173,4101,Jujuy
6115,"No tiene obra social, prepaga o plan estatal",39,1911,1523,3434,Jujuy
6116,"No tiene obra social, prepaga o plan estatal",40,1767,1866,3633,Jujuy
6117,"No tiene obra social, prepaga o plan estatal",41,1463,1592,3055,Jujuy
6118,"No tiene obra social, prepaga o plan estatal",42,1479,1530,3009,Jujuy
6119,"No tiene obra social, prepaga o plan estatal",43,1395,1440,2835,Jujuy
6120,"No tiene obra social, prepaga o plan estatal",44,1327,1332,2659,Jujuy
6121,"No tiene obra social, prepaga o plan estatal",45,1293,1439,2732,Jujuy
6122,"No tiene obra social, prepaga o plan estatal",46,1437,1334,2771,Jujuy
6123,"No tiene obra social, prepaga o plan estatal",47,1318,1257,2575,Jujuy
6124,"No tiene obra social, prepaga o plan estatal",48,1280,1065,2345,Jujuy
6125,"No tiene obra social, prepaga o plan estatal",49,1073,1051,2124,Jujuy
6126,"No tiene obra social, prepaga o plan estatal",50,1142,1208,2350,Jujuy
6127,"No tiene obra social, prepaga o plan estatal",51,1137,1131,2268,Jujuy
6128,"No tiene obra social, prepaga o plan estatal",52,1103,1027,2130,Jujuy
6129,"No tiene obra social, prepaga o plan estatal",53,1089,1149,2238,Jujuy
6130,"No tiene obra social, prepaga o plan estatal",54,1073,1011,2084,Jujuy
6131,"No tiene obra social, prepaga o plan estatal",55,927,1002,1929,Jujuy
6132,"No tiene obra social, prepaga o plan estatal",56,1059,969,2028,Jujuy
6133,"No tiene obra social, prepaga o plan estatal",57,1088,977,2065,Jujuy
6134,"No tiene obra social, prepaga o plan estatal",58,985,899,1884,Jujuy
6135,"No tiene obra social, prepaga o plan estatal",59,777,724,1501,Jujuy
6136,"No tiene obra social, prepaga o plan estatal",60,1019,957,1976,Jujuy
6137,"No tiene obra social, prepaga o plan estatal",61,745,591,1336,Jujuy
6138,"No tiene obra social, prepaga o plan estatal",62,762,410,1172,Jujuy
6139,"No tiene obra social, prepaga o plan estatal",63,768,366,1134,Jujuy
6140,"No tiene obra social, prepaga o plan estatal",64,639,275,914,Jujuy
6141,"No tiene obra social, prepaga o plan estatal",65,464,289,753,Jujuy
6142,"No tiene obra social, prepaga o plan estatal",66,277,169,446,Jujuy
6143,"No tiene obra social, prepaga o plan estatal",67,246,179,425,Jujuy
6144,"No tiene obra social, prepaga o plan estatal",68,160,158,318,Jujuy
6145,"No tiene obra social, prepaga o plan estatal",69,131,142,273,Jujuy
6146,"No tiene obra social, prepaga o plan estatal",70,162,181,343,Jujuy
6147,"No tiene obra social, prepaga o plan estatal",71,131,146,277,Jujuy
6148,"No tiene obra social, prepaga o plan estatal",72,98,147,245,Jujuy
6149,"No tiene obra social, prepaga o plan estatal",73,117,150,267,Jujuy
6150,"No tiene obra social, prepaga o plan estatal",74,73,121,194,Jujuy
6151,"No tiene obra social, prepaga o plan estatal",75,83,134,217,Jujuy
6152,"No tiene obra social, prepaga o plan estatal",76,81,109,190,Jujuy
6153,"No tiene obra social, prepaga o plan estatal",77,71,153,224,Jujuy
6154,"No tiene obra social, prepaga o plan estatal",78,69,118,187,Jujuy
6155,"No tiene obra social, prepaga o plan estatal",79,74,89,163,Jujuy
6156,"No tiene obra social, prepaga o plan estatal",80,47,151,198,Jujuy
6157,"No tiene obra social, prepaga o plan estatal",81,39,61,100,Jujuy
6158,"No tiene obra social, prepaga o plan estatal",82,20,64,84,Jujuy
6159,"No tiene obra social, prepaga o plan estatal",83,21,93,114,Jujuy
6160,"No tiene obra social, prepaga o plan estatal",84,15,73,88,Jujuy
6161,"No tiene obra social, prepaga o plan estatal",85,27,42,69,Jujuy
6162,"No tiene obra social, prepaga o plan estatal",86,28,25,53,Jujuy
6163,"No tiene obra social, prepaga o plan estatal",87,15,63,78,Jujuy
6164,"No tiene obra social, prepaga o plan estatal",88,11,38,49,Jujuy
6165,"No tiene obra social, prepaga o plan estatal",89,8,29,37,Jujuy
6166,"No tiene obra social, prepaga o plan estatal",90,10,32,42,Jujuy
6167,"No tiene obra social, prepaga o plan estatal",91,3,6,9,Jujuy
6168,"No tiene obra social, prepaga o plan estatal",92,10,5,15,Jujuy
6169,"No tiene obra social, prepaga o plan estatal",93,4,7,11,Jujuy
6170,"No tiene obra social, prepaga o plan estatal",94,4,6,10,Jujuy
6171,"No tiene obra social, prepaga o plan estatal",95,10,7,17,Jujuy
6172,"No tiene obra social, prepaga o plan estatal",96,-,1,1,Jujuy
6173,"No tiene obra social, prepaga o plan estatal",97,-,5,5,Jujuy
6174,"No tiene obra social, prepaga o plan estatal",99,-,2,2,Jujuy
6175,"No tiene obra social, prepaga o plan estatal",100,3,2,5,Jujuy
6176,"No tiene obra social, prepaga o plan estatal",101,-,1,1,Jujuy
6177,"No tiene obra social, prepaga o plan estatal",103,-,1,1,Jujuy
6178,"No tiene obra social, prepaga o plan estatal",108,1,-,1,Jujuy
6179,"No tiene obra social, prepaga o plan estatal",110,2,-,2,Jujuy
6291,AREA # 42,La Pampa,,,,La Pampa
6292,AREA # 42,,,,,La Pampa
6293,Cobertura de salud,Edad,Sexo,,,La Pampa
6294,Obra social (incluye PAMI),,Varón,Mujer,Total,La Pampa
6295,Obra social (incluye PAMI),0,1213,980,2193,La Pampa
6296,Obra social (incluye PAMI),1,1119,971,2090,La Pampa
6297,Obra social (incluye PAMI),2,1116,1023,2139,La Pampa
6298,Obra social (incluye PAMI),3,1065,952,2017,La Pampa
6299,Obra social (incluye PAMI),4,1052,1144,2196,La Pampa
6300,Obra social (incluye PAMI),5,1159,1099,2258,La Pampa
6301,Obra social (incluye PAMI),6,1239,1184,2423,La Pampa
6302,Obra social (incluye PAMI),7,1130,1317,2447,La Pampa
6303,Obra social (incluye PAMI),8,1236,1137,2373,La Pampa
6304,Obra social (incluye PAMI),9,1265,1086,2351,La Pampa
6305,Obra social (incluye PAMI),10,1253,1136,2389,La Pampa
6306,Obra social (incluye PAMI),11,1198,1139,2337,La Pampa
6307,Obra social (incluye PAMI),12,1267,1403,2670,La Pampa
6308,Obra social (incluye PAMI),13,1425,1406,2831,La Pampa
6309,Obra social (incluye PAMI),14,1505,1239,2744,La Pampa
6310,Obra social (incluye PAMI),15,1282,1531,2813,La Pampa
6311,Obra social (incluye PAMI),16,1285,1297,2582,La Pampa
6312,Obra social (incluye PAMI),17,1388,1321,2709,La Pampa
6313,Obra social (incluye PAMI),18,1343,1175,2518,La Pampa
6314,Obra social (incluye PAMI),19,1229,1084,2313,La Pampa
6315,Obra social (incluye PAMI),20,1196,1060,2256,La Pampa
6316,Obra social (incluye PAMI),21,842,837,1679,La Pampa
6317,Obra social (incluye PAMI),22,875,910,1785,La Pampa
6318,Obra social (incluye PAMI),23,763,822,1585,La Pampa
6319,Obra social (incluye PAMI),24,916,904,1820,La Pampa
6320,Obra social (incluye PAMI),25,830,830,1660,La Pampa
6321,Obra social (incluye PAMI),26,919,914,1833,La Pampa
6322,Obra social (incluye PAMI),27,876,1005,1881,La Pampa
6323,Obra social (incluye PAMI),28,1014,1022,2036,La Pampa
6324,Obra social (incluye PAMI),29,1062,938,2000,La Pampa
6325,Obra social (incluye PAMI),30,971,1130,2101,La Pampa
6326,Obra social (incluye PAMI),31,1213,1046,2259,La Pampa
6327,Obra social (incluye PAMI),32,985,1120,2105,La Pampa
6328,Obra social (incluye PAMI),33,940,1282,2222,La Pampa
6329,Obra social (incluye PAMI),34,953,1164,2117,La Pampa
6330,Obra social (incluye PAMI),35,977,1229,2206,La Pampa
6331,Obra social (incluye PAMI),36,966,1039,2005,La Pampa
6332,Obra social (incluye PAMI),37,1027,1151,2178,La Pampa
6333,Obra social (incluye PAMI),38,969,987,1956,La Pampa
6334,Obra social (incluye PAMI),39,878,1149,2027,La Pampa
6335,Obra social (incluye PAMI),40,1009,1237,2246,La Pampa
6336,Obra social (incluye PAMI),41,871,994,1865,La Pampa
6337,Obra social (incluye PAMI),42,836,1006,1842,La Pampa
6338,Obra social (incluye PAMI),43,985,1058,2043,La Pampa
6339,Obra social (incluye PAMI),44,963,1154,2117,La Pampa
6340,Obra social (incluye PAMI),45,1120,1011,2131,La Pampa
6341,Obra social (incluye PAMI),46,906,876,1782,La Pampa
6342,Obra social (incluye PAMI),47,887,1099,1986,La Pampa
6343,Obra social (incluye PAMI),48,914,1102,2016,La Pampa
6344,Obra social (incluye PAMI),49,804,914,1718,La Pampa
6345,Obra social (incluye PAMI),50,983,971,1954,La Pampa
6346,Obra social (incluye PAMI),51,874,949,1823,La Pampa
6347,Obra social (incluye PAMI),52,680,935,1615,La Pampa
6348,Obra social (incluye PAMI),53,707,958,1665,La Pampa
6349,Obra social (incluye PAMI),54,793,1006,1799,La Pampa
6350,Obra social (incluye PAMI),55,755,891,1646,La Pampa
6351,Obra social (incluye PAMI),56,800,807,1607,La Pampa
6352,Obra social (incluye PAMI),57,654,806,1460,La Pampa
6353,Obra social (incluye PAMI),58,820,978,1798,La Pampa
6354,Obra social (incluye PAMI),59,670,840,1510,La Pampa
6355,Obra social (incluye PAMI),60,735,1064,1799,La Pampa
6356,Obra social (incluye PAMI),61,745,1127,1872,La Pampa
6357,Obra social (incluye PAMI),62,610,1276,1886,La Pampa
6358,Obra social (incluye PAMI),63,799,1114,1913,La Pampa
6359,Obra social (incluye PAMI),64,688,1228,1916,La Pampa
6360,Obra social (incluye PAMI),65,842,1293,2135,La Pampa
6361,Obra social (incluye PAMI),66,883,1061,1944,La Pampa
6362,Obra social (incluye PAMI),67,901,1099,2000,La Pampa
6363,Obra social (incluye PAMI),68,991,1013,2004,La Pampa
6364,Obra social (incluye PAMI),69,891,979,1870,La Pampa
6365,Obra social (incluye PAMI),70,869,956,1825,La Pampa
6366,Obra social (incluye PAMI),71,726,838,1564,La Pampa
6367,Obra social (incluye PAMI),72,800,914,1714,La Pampa
6368,Obra social (incluye PAMI),73,612,961,1573,La Pampa
6369,Obra social (incluye PAMI),74,772,959,1731,La Pampa
6370,Obra social (incluye PAMI),75,635,820,1455,La Pampa
6371,Obra social (incluye PAMI),76,604,728,1332,La Pampa
6372,Obra social (incluye PAMI),77,517,704,1221,La Pampa
6373,Obra social (incluye PAMI),78,490,667,1157,La Pampa
6374,Obra social (incluye PAMI),79,382,663,1045,La Pampa
6375,Obra social (incluye PAMI),80,421,588,1009,La Pampa
6376,Obra social (incluye PAMI),81,368,587,955,La Pampa
6377,Obra social (incluye PAMI),82,364,554,918,La Pampa
6378,Obra social (incluye PAMI),83,285,551,836,La Pampa
6379,Obra social (incluye PAMI),84,183,550,733,La Pampa
6380,Obra social (incluye PAMI),85,228,454,682,La Pampa
6381,Obra social (incluye PAMI),86,214,339,553,La Pampa
6382,Obra social (incluye PAMI),87,131,371,502,La Pampa
6383,Obra social (incluye PAMI),88,123,261,384,La Pampa
6384,Obra social (incluye PAMI),89,103,215,318,La Pampa
6385,Obra social (incluye PAMI),90,41,190,231,La Pampa
6386,Obra social (incluye PAMI),91,36,208,244,La Pampa
6387,Obra social (incluye PAMI),92,73,120,193,La Pampa
6388,Obra social (incluye PAMI),93,40,102,142,La Pampa
6389,Obra social (incluye PAMI),94,22,36,58,La Pampa
6390,Obra social (incluye PAMI),95,19,55,74,La Pampa
6391,Obra social (incluye PAMI),96,9,38,47,La Pampa
6392,Obra social (incluye PAMI),97,2,31,33,La Pampa
6393,Obra social (incluye PAMI),98,4,8,12,La Pampa
6394,Obra social (incluye PAMI),99,3,22,25,La Pampa
6395,Obra social (incluye PAMI),100,-,7,7,La Pampa
6396,Obra social (incluye PAMI),101,1,3,4,La Pampa
6397,Obra social (incluye PAMI),102,-,1,1,La Pampa
6398,Obra social (incluye PAMI),103,1,1,2,La Pampa
6399,Obra social (incluye PAMI),104,-,1,1,La Pampa
6401,Prepaga a través de obra social,,Varón,Mujer,Total,La Pampa
6402,Prepaga a través de obra social,0,152,190,342,La Pampa
6403,Prepaga a través de obra social,1,198,228,426,La Pampa
6404,Prepaga a través de obra social,2,233,222,455,La Pampa
6405,Prepaga a través de obra social,3,202,217,419,La Pampa
6406,Prepaga a través de obra social,4,261,278,539,La Pampa
6407,Prepaga a través de obra social,5,168,187,355,La Pampa
6408,Prepaga a través de obra social,6,226,200,426,La Pampa
6409,Prepaga a través de obra social,7,227,235,462,La Pampa
6410,Prepaga a través de obra social,8,194,186,380,La Pampa
6411,Prepaga a través de obra social,9,201,288,489,La Pampa
6412,Prepaga a través de obra social,10,155,208,363,La Pampa
6413,Prepaga a través de obra social,11,203,206,409,La Pampa
6414,Prepaga a través de obra social,12,212,157,369,La Pampa
6415,Prepaga a través de obra social,13,171,162,333,La Pampa
6416,Prepaga a través de obra social,14,277,223,500,La Pampa
6417,Prepaga a través de obra social,15,194,221,415,La Pampa
6418,Prepaga a través de obra social,16,232,225,457,La Pampa
6419,Prepaga a través de obra social,17,239,260,499,La Pampa
6420,Prepaga a través de obra social,18,223,140,363,La Pampa
6421,Prepaga a través de obra social,19,232,170,402,La Pampa
6422,Prepaga a través de obra social,20,200,201,401,La Pampa
6423,Prepaga a través de obra social,21,126,192,318,La Pampa
6424,Prepaga a través de obra social,22,147,108,255,La Pampa
6425,Prepaga a través de obra social,23,197,147,344,La Pampa
6426,Prepaga a través de obra social,24,178,236,414,La Pampa
6427,Prepaga a través de obra social,25,190,203,393,La Pampa
6428,Prepaga a través de obra social,26,166,211,377,La Pampa
6429,Prepaga a través de obra social,27,214,195,409,La Pampa
6430,Prepaga a través de obra social,28,179,205,384,La Pampa
6431,Prepaga a través de obra social,29,290,214,504,La Pampa
6432,Prepaga a través de obra social,30,231,224,455,La Pampa
6433,Prepaga a través de obra social,31,245,213,458,La Pampa
6434,Prepaga a través de obra social,32,276,219,495,La Pampa
6435,Prepaga a través de obra social,33,199,244,443,La Pampa
6436,Prepaga a través de obra social,34,188,186,374,La Pampa
6437,Prepaga a través de obra social,35,183,188,371,La Pampa
6438,Prepaga a través de obra social,36,177,202,379,La Pampa
6439,Prepaga a través de obra social,37,205,227,432,La Pampa
6440,Prepaga a través de obra social,38,197,209,406,La Pampa
6441,Prepaga a través de obra social,39,184,187,371,La Pampa
6442,Prepaga a través de obra social,40,172,231,403,La Pampa
6443,Prepaga a través de obra social,41,145,127,272,La Pampa
6444,Prepaga a través de obra social,42,191,156,347,La Pampa
6445,Prepaga a través de obra social,43,156,114,270,La Pampa
6446,Prepaga a través de obra social,44,212,204,416,La Pampa
6447,Prepaga a través de obra social,45,172,215,387,La Pampa
6448,Prepaga a través de obra social,46,156,195,351,La Pampa
6449,Prepaga a través de obra social,47,222,193,415,La Pampa
6450,Prepaga a través de obra social,48,195,146,341,La Pampa
6451,Prepaga a través de obra social,49,209,192,401,La Pampa
6452,Prepaga a través de obra social,50,145,169,314,La Pampa
6453,Prepaga a través de obra social,51,174,148,322,La Pampa
6454,Prepaga a través de obra social,52,150,118,268,La Pampa
6455,Prepaga a través de obra social,53,138,110,248,La Pampa
6456,Prepaga a través de obra social,54,120,185,305,La Pampa
6457,Prepaga a través de obra social,55,138,108,246,La Pampa
6458,Prepaga a través de obra social,56,124,106,230,La Pampa
6459,Prepaga a través de obra social,57,175,163,338,La Pampa
6460,Prepaga a través de obra social,58,127,85,212,La Pampa
6461,Prepaga a través de obra social,59,108,116,224,La Pampa
6462,Prepaga a través de obra social,60,114,95,209,La Pampa
6463,Prepaga a través de obra social,61,145,55,200,La Pampa
6464,Prepaga a través de obra social,62,147,95,242,La Pampa
6465,Prepaga a través de obra social,63,91,36,127,La Pampa
6466,Prepaga a través de obra social,64,108,51,159,La Pampa
6467,Prepaga a través de obra social,65,74,22,96,La Pampa
6468,Prepaga a través de obra social,66,37,44,81,La Pampa
6469,Prepaga a través de obra social,67,38,15,53,La Pampa
6470,Prepaga a través de obra social,68,25,13,38,La Pampa
6471,Prepaga a través de obra social,69,29,19,48,La Pampa
6472,Prepaga a través de obra social,70,8,78,86,La Pampa
6473,Prepaga a través de obra social,71,10,18,28,La Pampa
6474,Prepaga a través de obra social,72,22,51,73,La Pampa
6475,Prepaga a través de obra social,73,25,8,33,La Pampa
6476,Prepaga a través de obra social,74,18,12,30,La Pampa
6477,Prepaga a través de obra social,75,35,21,56,La Pampa
6478,Prepaga a través de obra social,76,27,17,44,La Pampa
6479,Prepaga a través de obra social,77,4,24,28,La Pampa
6480,Prepaga a través de obra social,78,7,21,28,La Pampa
6481,Prepaga a través de obra social,79,14,16,30,La Pampa
6482,Prepaga a través de obra social,80,7,16,23,La Pampa
6483,Prepaga a través de obra social,81,25,2,27,La Pampa
6484,Prepaga a través de obra social,82,5,1,6,La Pampa
6485,Prepaga a través de obra social,83,1,20,21,La Pampa
6486,Prepaga a través de obra social,84,3,3,6,La Pampa
6487,Prepaga a través de obra social,85,3,7,10,La Pampa
6488,Prepaga a través de obra social,86,3,1,4,La Pampa
6489,Prepaga a través de obra social,87,3,13,16,La Pampa
6490,Prepaga a través de obra social,88,-,11,11,La Pampa
6491,Prepaga a través de obra social,89,1,9,10,La Pampa
6492,Prepaga a través de obra social,91,-,1,1,La Pampa
6493,Prepaga a través de obra social,93,3,-,3,La Pampa
6494,Prepaga a través de obra social,94,1,1,2,La Pampa
6496,Prepaga sólo por contratación voluntaria,,Varón,Mujer,Total,La Pampa
6497,Prepaga sólo por contratación voluntaria,0,67,108,175,La Pampa
6498,Prepaga sólo por contratación voluntaria,1,80,73,153,La Pampa
6499,Prepaga sólo por contratación voluntaria,2,100,106,206,La Pampa
6500,Prepaga sólo por contratación voluntaria,3,76,115,191,La Pampa
6501,Prepaga sólo por contratación voluntaria,4,129,106,235,La Pampa
6502,Prepaga sólo por contratación voluntaria,5,112,104,216,La Pampa
6503,Prepaga sólo por contratación voluntaria,6,78,84,162,La Pampa
6504,Prepaga sólo por contratación voluntaria,7,44,67,111,La Pampa
6505,Prepaga sólo por contratación voluntaria,8,101,70,171,La Pampa
6506,Prepaga sólo por contratación voluntaria,9,51,89,140,La Pampa
6507,Prepaga sólo por contratación voluntaria,10,54,102,156,La Pampa
6508,Prepaga sólo por contratación voluntaria,11,73,89,162,La Pampa
6509,Prepaga sólo por contratación voluntaria,12,42,40,82,La Pampa
6510,Prepaga sólo por contratación voluntaria,13,48,56,104,La Pampa
6511,Prepaga sólo por contratación voluntaria,14,69,64,133,La Pampa
6512,Prepaga sólo por contratación voluntaria,15,43,99,142,La Pampa
6513,Prepaga sólo por contratación voluntaria,16,59,54,113,La Pampa
6514,Prepaga sólo por contratación voluntaria,17,100,76,176,La Pampa
6515,Prepaga sólo por contratación voluntaria,18,69,25,94,La Pampa
6516,Prepaga sólo por contratación voluntaria,19,103,62,165,La Pampa
6517,Prepaga sólo por contratación voluntaria,20,83,91,174,La Pampa
6518,Prepaga sólo por contratación voluntaria,21,59,52,111,La Pampa
6519,Prepaga sólo por contratación voluntaria,22,66,92,158,La Pampa
6520,Prepaga sólo por contratación voluntaria,23,69,64,133,La Pampa
6521,Prepaga sólo por contratación voluntaria,24,78,116,194,La Pampa
6522,Prepaga sólo por contratación voluntaria,25,159,114,273,La Pampa
6523,Prepaga sólo por contratación voluntaria,26,60,88,148,La Pampa
6524,Prepaga sólo por contratación voluntaria,27,71,125,196,La Pampa
6525,Prepaga sólo por contratación voluntaria,28,130,112,242,La Pampa
6526,Prepaga sólo por contratación voluntaria,29,124,107,231,La Pampa
6527,Prepaga sólo por contratación voluntaria,30,83,140,223,La Pampa
6528,Prepaga sólo por contratación voluntaria,31,121,118,239,La Pampa
6529,Prepaga sólo por contratación voluntaria,32,151,138,289,La Pampa
6530,Prepaga sólo por contratación voluntaria,33,136,169,305,La Pampa
6531,Prepaga sólo por contratación voluntaria,34,127,70,197,La Pampa
6532,Prepaga sólo por contratación voluntaria,35,143,113,256,La Pampa
6533,Prepaga sólo por contratación voluntaria,36,109,82,191,La Pampa
6534,Prepaga sólo por contratación voluntaria,37,138,117,255,La Pampa
6535,Prepaga sólo por contratación voluntaria,38,109,121,230,La Pampa
6536,Prepaga sólo por contratación voluntaria,39,44,75,119,La Pampa
6537,Prepaga sólo por contratación voluntaria,40,102,116,218,La Pampa
6538,Prepaga sólo por contratación voluntaria,41,75,48,123,La Pampa
6539,Prepaga sólo por contratación voluntaria,42,75,82,157,La Pampa
6540,Prepaga sólo por contratación voluntaria,43,97,54,151,La Pampa
6541,Prepaga sólo por contratación voluntaria,44,73,89,162,La Pampa
6542,Prepaga sólo por contratación voluntaria,45,129,74,203,La Pampa
6543,Prepaga sólo por contratación voluntaria,46,136,59,195,La Pampa
6544,Prepaga sólo por contratación voluntaria,47,79,67,146,La Pampa
6545,Prepaga sólo por contratación voluntaria,48,98,100,198,La Pampa
6546,Prepaga sólo por contratación voluntaria,49,77,96,173,La Pampa
6547,Prepaga sólo por contratación voluntaria,50,173,115,288,La Pampa
6548,Prepaga sólo por contratación voluntaria,51,98,97,195,La Pampa
6549,Prepaga sólo por contratación voluntaria,52,74,49,123,La Pampa
6550,Prepaga sólo por contratación voluntaria,53,127,87,214,La Pampa
6551,Prepaga sólo por contratación voluntaria,54,95,105,200,La Pampa
6552,Prepaga sólo por contratación voluntaria,55,108,71,179,La Pampa
6553,Prepaga sólo por contratación voluntaria,56,96,120,216,La Pampa
6554,Prepaga sólo por contratación voluntaria,57,77,104,181,La Pampa
6555,Prepaga sólo por contratación voluntaria,58,63,91,154,La Pampa
6556,Prepaga sólo por contratación voluntaria,59,128,74,202,La Pampa
6557,Prepaga sólo por contratación voluntaria,60,76,120,196,La Pampa
6558,Prepaga sólo por contratación voluntaria,61,89,50,139,La Pampa
6559,Prepaga sólo por contratación voluntaria,62,123,31,154,La Pampa
6560,Prepaga sólo por contratación voluntaria,63,101,43,144,La Pampa
6561,Prepaga sólo por contratación voluntaria,64,67,35,102,La Pampa
6562,Prepaga sólo por contratación voluntaria,65,80,35,115,La Pampa
6563,Prepaga sólo por contratación voluntaria,66,49,16,65,La Pampa
6564,Prepaga sólo por contratación voluntaria,67,21,26,47,La Pampa
6565,Prepaga sólo por contratación voluntaria,68,22,50,72,La Pampa
6566,Prepaga sólo por contratación voluntaria,69,23,36,59,La Pampa
6567,Prepaga sólo por contratación voluntaria,70,18,19,37,La Pampa
6568,Prepaga sólo por contratación voluntaria,71,18,10,28,La Pampa
6569,Prepaga sólo por contratación voluntaria,72,29,22,51,La Pampa
6570,Prepaga sólo por contratación voluntaria,73,7,16,23,La Pampa
6571,Prepaga sólo por contratación voluntaria,74,17,34,51,La Pampa
6572,Prepaga sólo por contratación voluntaria,75,19,10,29,La Pampa
6573,Prepaga sólo por contratación voluntaria,76,39,26,65,La Pampa
6574,Prepaga sólo por contratación voluntaria,77,9,6,15,La Pampa
6575,Prepaga sólo por contratación voluntaria,78,1,7,8,La Pampa
6576,Prepaga sólo por contratación voluntaria,79,7,3,10,La Pampa
6577,Prepaga sólo por contratación voluntaria,80,3,3,6,La Pampa
6578,Prepaga sólo por contratación voluntaria,81,7,12,19,La Pampa
6579,Prepaga sólo por contratación voluntaria,82,1,2,3,La Pampa
6580,Prepaga sólo por contratación voluntaria,83,3,-,3,La Pampa
6581,Prepaga sólo por contratación voluntaria,84,8,1,9,La Pampa
6582,Prepaga sólo por contratación voluntaria,85,1,2,3,La Pampa
6583,Prepaga sólo por contratación voluntaria,86,1,1,2,La Pampa
6584,Prepaga sólo por contratación voluntaria,88,1,2,3,La Pampa
6585,Prepaga sólo por contratación voluntaria,90,-,1,1,La Pampa
6586,Prepaga sólo por contratación voluntaria,92,-,1,1,La Pampa
6588,Programas o planes estatales de salud,,Varón,Mujer,Total,La Pampa
6589,Programas o planes estatales de salud,0,177,166,343,La Pampa
6590,Programas o planes estatales de salud,1,151,194,345,La Pampa
6591,Programas o planes estatales de salud,2,196,179,375,La Pampa
6592,Programas o planes estatales de salud,3,147,92,239,La Pampa
6593,Programas o planes estatales de salud,4,151,170,321,La Pampa
6594,Programas o planes estatales de salud,5,159,160,319,La Pampa
6595,Programas o planes estatales de salud,6,122,127,249,La Pampa
6596,Programas o planes estatales de salud,7,138,147,285,La Pampa
6597,Programas o planes estatales de salud,8,115,101,216,La Pampa
6598,Programas o planes estatales de salud,9,102,135,237,La Pampa
6599,Programas o planes estatales de salud,10,136,138,274,La Pampa
6600,Programas o planes estatales de salud,11,92,95,187,La Pampa
6601,Programas o planes estatales de salud,12,144,99,243,La Pampa
6602,Programas o planes estatales de salud,13,130,129,259,La Pampa
6603,Programas o planes estatales de salud,14,120,100,220,La Pampa
6604,Programas o planes estatales de salud,15,136,113,249,La Pampa
6605,Programas o planes estatales de salud,16,150,158,308,La Pampa
6606,Programas o planes estatales de salud,17,156,150,306,La Pampa
6607,Programas o planes estatales de salud,18,106,156,262,La Pampa
6608,Programas o planes estatales de salud,19,84,93,177,La Pampa
6609,Programas o planes estatales de salud,20,117,134,251,La Pampa
6610,Programas o planes estatales de salud,21,122,139,261,La Pampa
6611,Programas o planes estatales de salud,22,178,109,287,La Pampa
6612,Programas o planes estatales de salud,23,107,94,201,La Pampa
6613,Programas o planes estatales de salud,24,145,96,241,La Pampa
6614,Programas o planes estatales de salud,25,97,150,247,La Pampa
6615,Programas o planes estatales de salud,26,111,55,166,La Pampa
6616,Programas o planes estatales de salud,27,62,105,167,La Pampa
6617,Programas o planes estatales de salud,28,110,47,157,La Pampa
6618,Programas o planes estatales de salud,29,87,33,120,La Pampa
6619,Programas o planes estatales de salud,30,62,178,240,La Pampa
6620,Programas o planes estatales de salud,31,112,133,245,La Pampa
6621,Programas o planes estatales de salud,32,101,67,168,La Pampa
6622,Programas o planes estatales de salud,33,77,98,175,La Pampa
6623,Programas o planes estatales de salud,34,81,82,163,La Pampa
6624,Programas o planes estatales de salud,35,90,117,207,La Pampa
6625,Programas o planes estatales de salud,36,87,111,198,La Pampa
6626,Programas o planes estatales de salud,37,72,87,159,La Pampa
6627,Programas o planes estatales de salud,38,81,106,187,La Pampa
6628,Programas o planes estatales de salud,39,62,99,161,La Pampa
6629,Programas o planes estatales de salud,40,109,49,158,La Pampa
6630,Programas o planes estatales de salud,41,99,75,174,La Pampa
6631,Programas o planes estatales de salud,42,87,38,125,La Pampa
6632,Programas o planes estatales de salud,43,60,63,123,La Pampa
6633,Programas o planes estatales de salud,44,51,66,117,La Pampa
6634,Programas o planes estatales de salud,45,56,67,123,La Pampa
6635,Programas o planes estatales de salud,46,32,84,116,La Pampa
6636,Programas o planes estatales de salud,47,76,32,108,La Pampa
6637,Programas o planes estatales de salud,48,61,48,109,La Pampa
6638,Programas o planes estatales de salud,49,51,61,112,La Pampa
6639,Programas o planes estatales de salud,50,81,70,151,La Pampa
6640,Programas o planes estatales de salud,51,79,50,129,La Pampa
6641,Programas o planes estatales de salud,52,35,68,103,La Pampa
6642,Programas o planes estatales de salud,53,65,93,158,La Pampa
6643,Programas o planes estatales de salud,54,26,56,82,La Pampa
6644,Programas o planes estatales de salud,55,86,106,192,La Pampa
6645,Programas o planes estatales de salud,56,61,28,89,La Pampa
6646,Programas o planes estatales de salud,57,36,73,109,La Pampa
6647,Programas o planes estatales de salud,58,37,53,90,La Pampa
6648,Programas o planes estatales de salud,59,49,48,97,La Pampa
6649,Programas o planes estatales de salud,60,63,51,114,La Pampa
6650,Programas o planes estatales de salud,61,56,32,88,La Pampa
6651,Programas o planes estatales de salud,62,62,55,117,La Pampa
6652,Programas o planes estatales de salud,63,33,36,69,La Pampa
6653,Programas o planes estatales de salud,64,70,10,80,La Pampa
6654,Programas o planes estatales de salud,65,63,29,92,La Pampa
6655,Programas o planes estatales de salud,66,26,30,56,La Pampa
6656,Programas o planes estatales de salud,67,26,17,43,La Pampa
6657,Programas o planes estatales de salud,68,15,23,38,La Pampa
6658,Programas o planes estatales de salud,69,32,38,70,La Pampa
6659,Programas o planes estatales de salud,70,12,7,19,La Pampa
6660,Programas o planes estatales de salud,71,11,1,12,La Pampa
6661,Programas o planes estatales de salud,72,18,15,33,La Pampa
6662,Programas o planes estatales de salud,73,16,19,35,La Pampa
6663,Programas o planes estatales de salud,74,15,4,19,La Pampa
6664,Programas o planes estatales de salud,75,5,33,38,La Pampa
6665,Programas o planes estatales de salud,76,3,22,25,La Pampa
6666,Programas o planes estatales de salud,77,19,3,22,La Pampa
6667,Programas o planes estatales de salud,78,5,9,14,La Pampa
6668,Programas o planes estatales de salud,79,3,5,8,La Pampa
6669,Programas o planes estatales de salud,80,-,6,6,La Pampa
6670,Programas o planes estatales de salud,81,24,24,48,La Pampa
6671,Programas o planes estatales de salud,82,4,3,7,La Pampa
6672,Programas o planes estatales de salud,83,2,12,14,La Pampa
6673,Programas o planes estatales de salud,84,2,1,3,La Pampa
6674,Programas o planes estatales de salud,85,1,3,4,La Pampa
6675,Programas o planes estatales de salud,86,-,2,2,La Pampa
6676,Programas o planes estatales de salud,87,-,1,1,La Pampa
6677,Programas o planes estatales de salud,88,1,2,3,La Pampa
6678,Programas o planes estatales de salud,89,3,1,4,La Pampa
6679,Programas o planes estatales de salud,90,-,1,1,La Pampa
6680,Programas o planes estatales de salud,92,2,-,2,La Pampa
6681,Programas o planes estatales de salud,97,-,2,2,La Pampa
6682,Programas o planes estatales de salud,99,-,1,1,La Pampa
6684,"No tiene obra social, prepaga o plan estatal",,Varón,Mujer,Total,La Pampa
6685,"No tiene obra social, prepaga o plan estatal",0,1075,1099,2174,La Pampa
6686,"No tiene obra social, prepaga o plan estatal",1,1074,984,2058,La Pampa
6687,"No tiene obra social, prepaga o plan estatal",2,965,1022,1987,La Pampa
6688,"No tiene obra social, prepaga o plan estatal",3,1008,974,1982,La Pampa
6689,"No tiene obra social, prepaga o plan estatal",4,1082,1101,2183,La Pampa
6690,"No tiene obra social, prepaga o plan estatal",5,962,902,1864,La Pampa
6691,"No tiene obra social, prepaga o plan estatal",6,1033,990,2023,La Pampa
6692,"No tiene obra social, prepaga o plan estatal",7,1117,1152,2269,La Pampa
6693,"No tiene obra social, prepaga o plan estatal",8,908,939,1847,La Pampa
6694,"No tiene obra social, prepaga o plan estatal",9,985,989,1974,La Pampa
6695,"No tiene obra social, prepaga o plan estatal",10,1123,996,2119,La Pampa
6696,"No tiene obra social, prepaga o plan estatal",11,1144,1090,2234,La Pampa
6697,"No tiene obra social, prepaga o plan estatal",12,1074,992,2066,La Pampa
6698,"No tiene obra social, prepaga o plan estatal",13,1150,1007,2157,La Pampa
6699,"No tiene obra social, prepaga o plan estatal",14,1147,956,2103,La Pampa
6700,"No tiene obra social, prepaga o plan estatal",15,1089,1020,2109,La Pampa
6701,"No tiene obra social, prepaga o plan estatal",16,994,1100,2094,La Pampa
6702,"No tiene obra social, prepaga o plan estatal",17,1098,930,2028,La Pampa
6703,"No tiene obra social, prepaga o plan estatal",18,1144,1141,2285,La Pampa
6704,"No tiene obra social, prepaga o plan estatal",19,1107,1168,2275,La Pampa
6705,"No tiene obra social, prepaga o plan estatal",20,1009,999,2008,La Pampa
6706,"No tiene obra social, prepaga o plan estatal",21,1221,1219,2440,La Pampa
6707,"No tiene obra social, prepaga o plan estatal",22,1170,1182,2352,La Pampa
6708,"No tiene obra social, prepaga o plan estatal",23,1122,1142,2264,La Pampa
6709,"No tiene obra social, prepaga o plan estatal",24,1171,985,2156,La Pampa
6710,"No tiene obra social, prepaga o plan estatal",25,1172,1072,2244,La Pampa
6711,"No tiene obra social, prepaga o plan estatal",26,1001,965,1966,La Pampa
6712,"No tiene obra social, prepaga o plan estatal",27,991,954,1945,La Pampa
6713,"No tiene obra social, prepaga o plan estatal",28,1051,891,1942,La Pampa
6714,"No tiene obra social, prepaga o plan estatal",29,947,963,1910,La Pampa
6715,"No tiene obra social, prepaga o plan estatal",30,1045,753,1798,La Pampa
6716,"No tiene obra social, prepaga o plan estatal",31,971,771,1742,La Pampa
6717,"No tiene obra social, prepaga o plan estatal",32,714,905,1619,La Pampa
6718,"No tiene obra social, prepaga o plan estatal",33,798,802,1600,La Pampa
6719,"No tiene obra social, prepaga o plan estatal",34,739,626,1365,La Pampa
6720,"No tiene obra social, prepaga o plan estatal",35,805,647,1452,La Pampa
6721,"No tiene obra social, prepaga o plan estatal",36,704,592,1296,La Pampa
6722,"No tiene obra social, prepaga o plan estatal",37,757,641,1398,La Pampa
6723,"No tiene obra social, prepaga o plan estatal",38,567,613,1180,La Pampa
6724,"No tiene obra social, prepaga o plan estatal",39,749,616,1365,La Pampa
6725,"No tiene obra social, prepaga o plan estatal",40,590,559,1149,La Pampa
6726,"No tiene obra social, prepaga o plan estatal",41,682,515,1197,La Pampa
6727,"No tiene obra social, prepaga o plan estatal",42,540,580,1120,La Pampa
6728,"No tiene obra social, prepaga o plan estatal",43,625,518,1143,La Pampa
6729,"No tiene obra social, prepaga o plan estatal",44,575,679,1254,La Pampa
6730,"No tiene obra social, prepaga o plan estatal",45,644,555,1199,La Pampa
6731,"No tiene obra social, prepaga o plan estatal",46,651,491,1142,La Pampa
6732,"No tiene obra social, prepaga o plan estatal",47,658,493,1151,La Pampa
6733,"No tiene obra social, prepaga o plan estatal",48,637,484,1121,La Pampa
6734,"No tiene obra social, prepaga o plan estatal",49,605,462,1067,La Pampa
6735,"No tiene obra social, prepaga o plan estatal",50,531,480,1011,La Pampa
6736,"No tiene obra social, prepaga o plan estatal",51,560,370,930,La Pampa
6737,"No tiene obra social, prepaga o plan estatal",52,618,423,1041,La Pampa
6738,"No tiene obra social, prepaga o plan estatal",53,537,363,900,La Pampa
6739,"No tiene obra social, prepaga o plan estatal",54,469,418,887,La Pampa
6740,"No tiene obra social, prepaga o plan estatal",55,633,451,1084,La Pampa
6741,"No tiene obra social, prepaga o plan estatal",56,671,421,1092,La Pampa
6742,"No tiene obra social, prepaga o plan estatal",57,408,349,757,La Pampa
6743,"No tiene obra social, prepaga o plan estatal",58,552,377,929,La Pampa
6744,"No tiene obra social, prepaga o plan estatal",59,461,358,819,La Pampa
6745,"No tiene obra social, prepaga o plan estatal",60,474,276,750,La Pampa
6746,"No tiene obra social, prepaga o plan estatal",61,441,106,547,La Pampa
6747,"No tiene obra social, prepaga o plan estatal",62,412,100,512,La Pampa
6748,"No tiene obra social, prepaga o plan estatal",63,434,83,517,La Pampa
6749,"No tiene obra social, prepaga o plan estatal",64,317,43,360,La Pampa
6750,"No tiene obra social, prepaga o plan estatal",65,230,39,269,La Pampa
6751,"No tiene obra social, prepaga o plan estatal",66,62,31,93,La Pampa
6752,"No tiene obra social, prepaga o plan estatal",67,91,17,108,La Pampa
6753,"No tiene obra social, prepaga o plan estatal",68,62,50,112,La Pampa
6754,"No tiene obra social, prepaga o plan estatal",69,34,29,63,La Pampa
6755,"No tiene obra social, prepaga o plan estatal",70,36,22,58,La Pampa
6756,"No tiene obra social, prepaga o plan estatal",71,30,33,63,La Pampa
6757,"No tiene obra social, prepaga o plan estatal",72,21,30,51,La Pampa
6758,"No tiene obra social, prepaga o plan estatal",73,23,19,42,La Pampa
6759,"No tiene obra social, prepaga o plan estatal",74,25,20,45,La Pampa
6760,"No tiene obra social, prepaga o plan estatal",75,26,5,31,La Pampa
6761,"No tiene obra social, prepaga o plan estatal",76,24,10,34,La Pampa
6762,"No tiene obra social, prepaga o plan estatal",77,13,17,30,La Pampa
6763,"No tiene obra social, prepaga o plan estatal",78,13,11,24,La Pampa
6764,"No tiene obra social, prepaga o plan estatal",79,10,9,19,La Pampa
6765,"No tiene obra social, prepaga o plan estatal",80,12,11,23,La Pampa
6766,"No tiene obra social, prepaga o plan estatal",81,5,31,36,La Pampa
6767,"No tiene obra social, prepaga o plan estatal",82,9,10,19,La Pampa
6768,"No tiene obra social, prepaga o plan estatal",83,8,8,16,La Pampa
6769,"No tiene obra social, prepaga o plan estatal",84,3,9,12,La Pampa
6770,"No tiene obra social, prepaga o plan estatal",85,3,10,13,La Pampa
6771,"No tiene obra social, prepaga o plan estatal",86,20,7,27,La Pampa
6772,"No tiene obra social, prepaga o plan estatal",87,3,2,5,La Pampa
6773,"No tiene obra social, prepaga o plan estatal",88,3,14,17,La Pampa
6774,"No tiene obra social, prepaga o plan estatal",89,6,3,9,La Pampa
6775,"No tiene obra social, prepaga o plan estatal",90,2,4,6,La Pampa
6776,"No tiene obra social, prepaga o plan estatal",91,1,-,1,La Pampa
6777,"No tiene obra social, prepaga o plan estatal",92,1,3,4,La Pampa
6778,"No tiene obra social, prepaga o plan estatal",93,-,2,2,La Pampa
6779,"No tiene obra social, prepaga o plan estatal",94,2,2,4,La Pampa
6780,"No tiene obra social, prepaga o plan estatal",95,1,1,2,La Pampa
6781,"No tiene obra social, prepaga o plan estatal",96,-,1,1,La Pampa
6782,"No tiene obra social, prepaga o plan estatal",98,-,1,1,La Pampa
6783,"No tiene obra social, prepaga o plan estatal",99,-,1,1,La Pampa
6784,"No tiene obra social, prepaga o plan estatal",100,-,1,1,La Pampa
6785,"No tiene obra social, prepaga o plan estatal",106,1,-,1,La Pampa
6896,AREA # 46,La Rioja,,,,La Rioja
6897,AREA # 46,,,,,La Rioja
6898,Cobertura de salud,Edad,Sexo,,,La Rioja
6899,Obra social (incluye PAMI),,Varón,Mujer,Total,La Rioja
6900,Obra social (incluye PAMI),0,1076,949,2025,La Rioja
6901,Obra social (incluye PAMI),1,1129,1117,2246,La Rioja
6902,Obra social (incluye PAMI),2,1229,1225,2454,La Rioja
6903,Obra social (incluye PAMI),3,1153,1049,2202,La Rioja
6904,Obra social (incluye PAMI),4,1229,1262,2491,La Rioja
6905,Obra social (incluye PAMI),5,1176,1327,2503,La Rioja
6906,Obra social (incluye PAMI),6,1355,1371,2726,La Rioja
6907,Obra social (incluye PAMI),7,1271,1251,2522,La Rioja
6908,Obra social (incluye PAMI),8,1276,1250,2526,La Rioja
6909,Obra social (incluye PAMI),9,1330,1305,2635,La Rioja
6910,Obra social (incluye PAMI),10,1572,1504,3076,La Rioja
6911,Obra social (incluye PAMI),11,1438,1415,2853,La Rioja
6912,Obra social (incluye PAMI),12,1466,1220,2686,La Rioja
6913,Obra social (incluye PAMI),13,1517,1733,3250,La Rioja
6914,Obra social (incluye PAMI),14,1953,1697,3650,La Rioja
6915,Obra social (incluye PAMI),15,1672,1793,3465,La Rioja
6916,Obra social (incluye PAMI),16,1725,1726,3451,La Rioja
6917,Obra social (incluye PAMI),17,1744,1752,3496,La Rioja
6918,Obra social (incluye PAMI),18,1811,1638,3449,La Rioja
6919,Obra social (incluye PAMI),19,1563,1710,3273,La Rioja
6920,Obra social (incluye PAMI),20,1331,1418,2749,La Rioja
6921,Obra social (incluye PAMI),21,1006,1047,2053,La Rioja
6922,Obra social (incluye PAMI),22,715,1099,1814,La Rioja
6923,Obra social (incluye PAMI),23,767,1007,1774,La Rioja
6924,Obra social (incluye PAMI),24,791,794,1585,La Rioja
6925,Obra social (incluye PAMI),25,760,958,1718,La Rioja
6926,Obra social (incluye PAMI),26,721,773,1494,La Rioja
6927,Obra social (incluye PAMI),27,961,974,1935,La Rioja
6928,Obra social (incluye PAMI),28,871,1024,1895,La Rioja
6929,Obra social (incluye PAMI),29,1060,959,2019,La Rioja
6930,Obra social (incluye PAMI),30,1031,1144,2175,La Rioja
6931,Obra social (incluye PAMI),31,1141,1173,2314,La Rioja
6932,Obra social (incluye PAMI),32,1028,1054,2082,La Rioja
6933,Obra social (incluye PAMI),33,945,1361,2306,La Rioja
6934,Obra social (incluye PAMI),34,1002,1203,2205,La Rioja
6935,Obra social (incluye PAMI),35,972,1011,1983,La Rioja
6936,Obra social (incluye PAMI),36,975,1092,2067,La Rioja
6937,Obra social (incluye PAMI),37,978,1013,1991,La Rioja
6938,Obra social (incluye PAMI),38,818,1112,1930,La Rioja
6939,Obra social (incluye PAMI),39,1023,1044,2067,La Rioja
6940,Obra social (incluye PAMI),40,1019,1046,2065,La Rioja
6941,Obra social (incluye PAMI),41,1032,983,2015,La Rioja
6942,Obra social (incluye PAMI),42,1006,991,1997,La Rioja
6943,Obra social (incluye PAMI),43,896,1078,1974,La Rioja
6944,Obra social (incluye PAMI),44,950,989,1939,La Rioja
6945,Obra social (incluye PAMI),45,1027,902,1929,La Rioja
6946,Obra social (incluye PAMI),46,952,1075,2027,La Rioja
6947,Obra social (incluye PAMI),47,771,1061,1832,La Rioja
6948,Obra social (incluye PAMI),48,954,1012,1966,La Rioja
6949,Obra social (incluye PAMI),49,948,1097,2045,La Rioja
6950,Obra social (incluye PAMI),50,975,1036,2011,La Rioja
6951,Obra social (incluye PAMI),51,921,1140,2061,La Rioja
6952,Obra social (incluye PAMI),52,936,797,1733,La Rioja
6953,Obra social (incluye PAMI),53,817,980,1797,La Rioja
6954,Obra social (incluye PAMI),54,725,906,1631,La Rioja
6955,Obra social (incluye PAMI),55,778,852,1630,La Rioja
6956,Obra social (incluye PAMI),56,829,854,1683,La Rioja
6957,Obra social (incluye PAMI),57,747,943,1690,La Rioja
6958,Obra social (incluye PAMI),58,856,816,1672,La Rioja
6959,Obra social (incluye PAMI),59,710,769,1479,La Rioja
6960,Obra social (incluye PAMI),60,713,705,1418,La Rioja
6961,Obra social (incluye PAMI),61,635,783,1418,La Rioja
6962,Obra social (incluye PAMI),62,660,684,1344,La Rioja
6963,Obra social (incluye PAMI),63,545,796,1341,La Rioja
6964,Obra social (incluye PAMI),64,487,809,1296,La Rioja
6965,Obra social (incluye PAMI),65,578,789,1367,La Rioja
6966,Obra social (incluye PAMI),66,703,841,1544,La Rioja
6967,Obra social (incluye PAMI),67,594,565,1159,La Rioja
6968,Obra social (incluye PAMI),68,510,522,1032,La Rioja
6969,Obra social (incluye PAMI),69,582,611,1193,La Rioja
6970,Obra social (incluye PAMI),70,524,685,1209,La Rioja
6971,Obra social (incluye PAMI),71,420,448,868,La Rioja
6972,Obra social (incluye PAMI),72,443,646,1089,La Rioja
6973,Obra social (incluye PAMI),73,416,557,973,La Rioja
6974,Obra social (incluye PAMI),74,416,558,974,La Rioja
6975,Obra social (incluye PAMI),75,391,469,860,La Rioja
6976,Obra social (incluye PAMI),76,407,491,898,La Rioja
6977,Obra social (incluye PAMI),77,294,426,720,La Rioja
6978,Obra social (incluye PAMI),78,267,394,661,La Rioja
6979,Obra social (incluye PAMI),79,288,359,647,La Rioja
6980,Obra social (incluye PAMI),80,276,428,704,La Rioja
6981,Obra social (incluye PAMI),81,193,355,548,La Rioja
6982,Obra social (incluye PAMI),82,207,364,571,La Rioja
6983,Obra social (incluye PAMI),83,180,207,387,La Rioja
6984,Obra social (incluye PAMI),84,135,240,375,La Rioja
6985,Obra social (incluye PAMI),85,90,264,354,La Rioja
6986,Obra social (incluye PAMI),86,111,197,308,La Rioja
6987,Obra social (incluye PAMI),87,105,175,280,La Rioja
6988,Obra social (incluye PAMI),88,103,229,332,La Rioja
6989,Obra social (incluye PAMI),89,63,112,175,La Rioja
6990,Obra social (incluye PAMI),90,40,109,149,La Rioja
6991,Obra social (incluye PAMI),91,21,96,117,La Rioja
6992,Obra social (incluye PAMI),92,28,64,92,La Rioja
6993,Obra social (incluye PAMI),93,15,46,61,La Rioja
6994,Obra social (incluye PAMI),94,10,31,41,La Rioja
6995,Obra social (incluye PAMI),95,4,33,37,La Rioja
6996,Obra social (incluye PAMI),96,3,13,16,La Rioja
6997,Obra social (incluye PAMI),97,7,18,25,La Rioja
6998,Obra social (incluye PAMI),98,13,13,26,La Rioja
6999,Obra social (incluye PAMI),99,3,22,25,La Rioja
7000,Obra social (incluye PAMI),100,11,22,33,La Rioja
7001,Obra social (incluye PAMI),101,10,8,18,La Rioja
7002,Obra social (incluye PAMI),102,-,4,4,La Rioja
7003,Obra social (incluye PAMI),103,1,13,14,La Rioja
7004,Obra social (incluye PAMI),108,1,-,1,La Rioja
7005,Obra social (incluye PAMI),109,-,1,1,La Rioja
7006,Obra social (incluye PAMI),110,-,1,1,La Rioja
7008,Prepaga a través de obra social,,Varón,Mujer,Total,La Rioja
7009,Prepaga a través de obra social,0,242,227,469,La Rioja
7010,Prepaga a través de obra social,1,278,243,521,La Rioja
7011,Prepaga a través de obra social,2,224,272,496,La Rioja
7012,Prepaga a través de obra social,3,289,244,533,La Rioja
7013,Prepaga a través de obra social,4,320,308,628,La Rioja
7014,Prepaga a través de obra social,5,334,252,586,La Rioja
7015,Prepaga a través de obra social,6,319,195,514,La Rioja
7016,Prepaga a través de obra social,7,356,335,691,La Rioja
7017,Prepaga a través de obra social,8,337,327,664,La Rioja
7018,Prepaga a través de obra social,9,346,290,636,La Rioja
7019,Prepaga a través de obra social,10,367,267,634,La Rioja
7020,Prepaga a través de obra social,11,336,259,595,La Rioja
7021,Prepaga a través de obra social,12,325,240,565,La Rioja
7022,Prepaga a través de obra social,13,258,279,537,La Rioja
7023,Prepaga a través de obra social,14,289,277,566,La Rioja
7024,Prepaga a través de obra social,15,441,312,753,La Rioja
7025,Prepaga a través de obra social,16,358,362,720,La Rioja
7026,Prepaga a través de obra social,17,312,326,638,La Rioja
7027,Prepaga a través de obra social,18,301,357,658,La Rioja
7028,Prepaga a través de obra social,19,297,318,615,La Rioja
7029,Prepaga a través de obra social,20,306,278,584,La Rioja
7030,Prepaga a través de obra social,21,257,226,483,La Rioja
7031,Prepaga a través de obra social,22,243,211,454,La Rioja
7032,Prepaga a través de obra social,23,203,236,439,La Rioja
7033,Prepaga a través de obra social,24,290,258,548,La Rioja
7034,Prepaga a través de obra social,25,208,300,508,La Rioja
7035,Prepaga a través de obra social,26,268,199,467,La Rioja
7036,Prepaga a través de obra social,27,247,271,518,La Rioja
7037,Prepaga a través de obra social,28,289,351,640,La Rioja
7038,Prepaga a través de obra social,29,313,281,594,La Rioja
7039,Prepaga a través de obra social,30,356,377,733,La Rioja
7040,Prepaga a través de obra social,31,246,311,557,La Rioja
7041,Prepaga a través de obra social,32,329,296,625,La Rioja
7042,Prepaga a través de obra social,33,247,222,469,La Rioja
7043,Prepaga a través de obra social,34,301,199,500,La Rioja
7044,Prepaga a través de obra social,35,339,265,604,La Rioja
7045,Prepaga a través de obra social,36,293,237,530,La Rioja
7046,Prepaga a través de obra social,37,239,221,460,La Rioja
7047,Prepaga a través de obra social,38,154,215,369,La Rioja
7048,Prepaga a través de obra social,39,250,199,449,La Rioja
7049,Prepaga a través de obra social,40,173,199,372,La Rioja
7050,Prepaga a través de obra social,41,168,195,363,La Rioja
7051,Prepaga a través de obra social,42,152,196,348,La Rioja
7052,Prepaga a través de obra social,43,175,201,376,La Rioja
7053,Prepaga a través de obra social,44,219,250,469,La Rioja
7054,Prepaga a través de obra social,45,224,218,442,La Rioja
7055,Prepaga a través de obra social,46,242,173,415,La Rioja
7056,Prepaga a través de obra social,47,151,219,370,La Rioja
7057,Prepaga a través de obra social,48,183,173,356,La Rioja
7058,Prepaga a través de obra social,49,219,130,349,La Rioja
7059,Prepaga a través de obra social,50,122,178,300,La Rioja
7060,Prepaga a través de obra social,51,189,169,358,La Rioja
7061,Prepaga a través de obra social,52,115,171,286,La Rioja
7062,Prepaga a través de obra social,53,187,200,387,La Rioja
7063,Prepaga a través de obra social,54,96,177,273,La Rioja
7064,Prepaga a través de obra social,55,156,101,257,La Rioja
7065,Prepaga a través de obra social,56,144,133,277,La Rioja
7066,Prepaga a través de obra social,57,142,144,286,La Rioja
7067,Prepaga a través de obra social,58,140,98,238,La Rioja
7068,Prepaga a través de obra social,59,164,106,270,La Rioja
7069,Prepaga a través de obra social,60,93,136,229,La Rioja
7070,Prepaga a través de obra social,61,147,92,239,La Rioja
7071,Prepaga a través de obra social,62,64,73,137,La Rioja
7072,Prepaga a través de obra social,63,79,87,166,La Rioja
7073,Prepaga a través de obra social,64,60,67,127,La Rioja
7074,Prepaga a través de obra social,65,135,39,174,La Rioja
7075,Prepaga a través de obra social,66,77,60,137,La Rioja
7076,Prepaga a través de obra social,67,33,38,71,La Rioja
7077,Prepaga a través de obra social,68,52,28,80,La Rioja
7078,Prepaga a través de obra social,69,21,57,78,La Rioja
7079,Prepaga a través de obra social,70,40,47,87,La Rioja
7080,Prepaga a través de obra social,71,12,49,61,La Rioja
7081,Prepaga a través de obra social,72,8,51,59,La Rioja
7082,Prepaga a través de obra social,73,44,59,103,La Rioja
7083,Prepaga a través de obra social,74,25,51,76,La Rioja
7084,Prepaga a través de obra social,75,28,18,46,La Rioja
7085,Prepaga a través de obra social,76,19,11,30,La Rioja
7086,Prepaga a través de obra social,77,26,11,37,La Rioja
7087,Prepaga a través de obra social,78,14,29,43,La Rioja
7088,Prepaga a través de obra social,79,17,40,57,La Rioja
7089,Prepaga a través de obra social,80,9,40,49,La Rioja
7090,Prepaga a través de obra social,81,15,74,89,La Rioja
7091,Prepaga a través de obra social,82,14,20,34,La Rioja
7092,Prepaga a través de obra social,83,8,10,18,La Rioja
7093,Prepaga a través de obra social,84,5,33,38,La Rioja
7094,Prepaga a través de obra social,85,3,24,27,La Rioja
7095,Prepaga a través de obra social,86,3,3,6,La Rioja
7096,Prepaga a través de obra social,87,2,4,6,La Rioja
7097,Prepaga a través de obra social,88,2,2,4,La Rioja
7098,Prepaga a través de obra social,89,2,12,14,La Rioja
7099,Prepaga a través de obra social,90,28,2,30,La Rioja
7100,Prepaga a través de obra social,91,2,-,2,La Rioja
7101,Prepaga a través de obra social,92,-,1,1,La Rioja
7102,Prepaga a través de obra social,93,2,-,2,La Rioja
7103,Prepaga a través de obra social,95,2,-,2,La Rioja
7105,Prepaga sólo por contratación voluntaria,,Varón,Mujer,Total,La Rioja
7106,Prepaga sólo por contratación voluntaria,0,96,57,153,La Rioja
7107,Prepaga sólo por contratación voluntaria,1,25,90,115,La Rioja
7108,Prepaga sólo por contratación voluntaria,2,156,108,264,La Rioja
7109,Prepaga sólo por contratación voluntaria,3,61,37,98,La Rioja
7110,Prepaga sólo por contratación voluntaria,4,121,46,167,La Rioja
7111,Prepaga sólo por contratación voluntaria,5,63,63,126,La Rioja
7112,Prepaga sólo por contratación voluntaria,6,82,82,164,La Rioja
7113,Prepaga sólo por contratación voluntaria,7,82,71,153,La Rioja
7114,Prepaga sólo por contratación voluntaria,8,54,28,82,La Rioja
7115,Prepaga sólo por contratación voluntaria,9,62,54,116,La Rioja
7116,Prepaga sólo por contratación voluntaria,10,77,84,161,La Rioja
7117,Prepaga sólo por contratación voluntaria,11,64,73,137,La Rioja
7118,Prepaga sólo por contratación voluntaria,12,68,40,108,La Rioja
7119,Prepaga sólo por contratación voluntaria,13,111,102,213,La Rioja
7120,Prepaga sólo por contratación voluntaria,14,79,50,129,La Rioja
7121,Prepaga sólo por contratación voluntaria,15,38,70,108,La Rioja
7122,Prepaga sólo por contratación voluntaria,16,57,40,97,La Rioja
7123,Prepaga sólo por contratación voluntaria,17,37,92,129,La Rioja
7124,Prepaga sólo por contratación voluntaria,18,30,33,63,La Rioja
7125,Prepaga sólo por contratación voluntaria,19,72,34,106,La Rioja
7126,Prepaga sólo por contratación voluntaria,20,48,52,100,La Rioja
7127,Prepaga sólo por contratación voluntaria,21,41,76,117,La Rioja
7128,Prepaga sólo por contratación voluntaria,22,79,50,129,La Rioja
7129,Prepaga sólo por contratación voluntaria,23,40,125,165,La Rioja
7130,Prepaga sólo por contratación voluntaria,24,90,55,145,La Rioja
7131,Prepaga sólo por contratación voluntaria,25,37,65,102,La Rioja
7132,Prepaga sólo por contratación voluntaria,26,59,57,116,La Rioja
7133,Prepaga sólo por contratación voluntaria,27,79,86,165,La Rioja
7134,Prepaga sólo por contratación voluntaria,28,116,107,223,La Rioja
7135,Prepaga sólo por contratación voluntaria,29,67,81,148,La Rioja
7136,Prepaga sólo por contratación voluntaria,30,92,152,244,La Rioja
7137,Prepaga sólo por contratación voluntaria,31,110,108,218,La Rioja
7138,Prepaga sólo por contratación voluntaria,32,71,64,135,La Rioja
7139,Prepaga sólo por contratación voluntaria,33,106,81,187,La Rioja
7140,Prepaga sólo por contratación voluntaria,34,85,73,158,La Rioja
7141,Prepaga sólo por contratación voluntaria,35,55,76,131,La Rioja
7142,Prepaga sólo por contratación voluntaria,36,77,48,125,La Rioja
7143,Prepaga sólo por contratación voluntaria,37,50,102,152,La Rioja
7144,Prepaga sólo por contratación voluntaria,38,52,65,117,La Rioja
7145,Prepaga sólo por contratación voluntaria,39,91,40,131,La Rioja
7146,Prepaga sólo por contratación voluntaria,40,93,33,126,La Rioja
7147,Prepaga sólo por contratación voluntaria,41,30,40,70,La Rioja
7148,Prepaga sólo por contratación voluntaria,42,56,22,78,La Rioja
7149,Prepaga sólo por contratación voluntaria,43,55,47,102,La Rioja
7150,Prepaga sólo por contratación voluntaria,44,37,47,84,La Rioja
7151,Prepaga sólo por contratación voluntaria,45,31,33,64,La Rioja
7152,Prepaga sólo por contratación voluntaria,46,18,36,54,La Rioja
7153,Prepaga sólo por contratación voluntaria,47,74,46,120,La Rioja
7154,Prepaga sólo por contratación voluntaria,48,39,41,80,La Rioja
7155,Prepaga sólo por contratación voluntaria,49,27,61,88,La Rioja
7156,Prepaga sólo por contratación voluntaria,50,77,49,126,La Rioja
7157,Prepaga sólo por contratación voluntaria,51,61,30,91,La Rioja
7158,Prepaga sólo por contratación voluntaria,52,35,29,64,La Rioja
7159,Prepaga sólo por contratación voluntaria,53,35,35,70,La Rioja
7160,Prepaga sólo por contratación voluntaria,54,62,45,107,La Rioja
7161,Prepaga sólo por contratación voluntaria,55,31,44,75,La Rioja
7162,Prepaga sólo por contratación voluntaria,56,34,56,90,La Rioja
7163,Prepaga sólo por contratación voluntaria,57,55,17,72,La Rioja
7164,Prepaga sólo por contratación voluntaria,58,24,4,28,La Rioja
7165,Prepaga sólo por contratación voluntaria,59,6,4,10,La Rioja
7166,Prepaga sólo por contratación voluntaria,60,14,37,51,La Rioja
7167,Prepaga sólo por contratación voluntaria,61,9,26,35,La Rioja
7168,Prepaga sólo por contratación voluntaria,62,36,27,63,La Rioja
7169,Prepaga sólo por contratación voluntaria,63,27,17,44,La Rioja
7170,Prepaga sólo por contratación voluntaria,64,11,6,17,La Rioja
7171,Prepaga sólo por contratación voluntaria,65,26,13,39,La Rioja
7172,Prepaga sólo por contratación voluntaria,66,7,10,17,La Rioja
7173,Prepaga sólo por contratación voluntaria,67,4,12,16,La Rioja
7174,Prepaga sólo por contratación voluntaria,68,16,10,26,La Rioja
7175,Prepaga sólo por contratación voluntaria,69,2,27,29,La Rioja
7176,Prepaga sólo por contratación voluntaria,70,10,11,21,La Rioja
7177,Prepaga sólo por contratación voluntaria,71,3,2,5,La Rioja
7178,Prepaga sólo por contratación voluntaria,72,1,2,3,La Rioja
7179,Prepaga sólo por contratación voluntaria,73,10,1,11,La Rioja
7180,Prepaga sólo por contratación voluntaria,74,-,1,1,La Rioja
7181,Prepaga sólo por contratación voluntaria,75,18,-,18,La Rioja
7182,Prepaga sólo por contratación voluntaria,76,1,1,2,La Rioja
7183,Prepaga sólo por contratación voluntaria,78,2,-,2,La Rioja
7184,Prepaga sólo por contratación voluntaria,79,10,-,10,La Rioja
7185,Prepaga sólo por contratación voluntaria,80,2,2,4,La Rioja
7186,Prepaga sólo por contratación voluntaria,81,1,1,2,La Rioja
7187,Prepaga sólo por contratación voluntaria,82,-,2,2,La Rioja
7188,Prepaga sólo por contratación voluntaria,84,1,1,2,La Rioja
7189,Prepaga sólo por contratación voluntaria,89,-,1,1,La Rioja
7190,Prepaga sólo por contratación voluntaria,91,-,1,1,La Rioja
7191,Prepaga sólo por contratación voluntaria,92,1,-,1,La Rioja
7193,Programas o planes estatales de salud,,Varón,Mujer,Total,La Rioja
7194,Programas o planes estatales de salud,0,35,39,74,La Rioja
7195,Programas o planes estatales de salud,1,107,50,157,La Rioja
7196,Programas o planes estatales de salud,2,64,31,95,La Rioja
7197,Programas o planes estatales de salud,3,66,56,122,La Rioja
7198,Programas o planes estatales de salud,4,52,42,94,La Rioja
7199,Programas o planes estatales de salud,5,39,50,89,La Rioja
7200,Programas o planes estatales de salud,6,35,32,67,La Rioja
7201,Programas o planes estatales de salud,7,58,42,100,La Rioja
7202,Programas o planes estatales de salud,8,32,50,82,La Rioja
7203,Programas o planes estatales de salud,9,27,31,58,La Rioja
7204,Programas o planes estatales de salud,10,34,51,85,La Rioja
7205,Programas o planes estatales de salud,11,39,25,64,La Rioja
7206,Programas o planes estatales de salud,12,50,43,93,La Rioja
7207,Programas o planes estatales de salud,13,73,84,157,La Rioja
7208,Programas o planes estatales de salud,14,65,72,137,La Rioja
7209,Programas o planes estatales de salud,15,69,48,117,La Rioja
7210,Programas o planes estatales de salud,16,77,27,104,La Rioja
7211,Programas o planes estatales de salud,17,94,77,171,La Rioja
7212,Programas o planes estatales de salud,18,35,80,115,La Rioja
7213,Programas o planes estatales de salud,19,70,101,171,La Rioja
7214,Programas o planes estatales de salud,20,59,65,124,La Rioja
7215,Programas o planes estatales de salud,21,94,48,142,La Rioja
7216,Programas o planes estatales de salud,22,33,15,48,La Rioja
7217,Programas o planes estatales de salud,23,17,32,49,La Rioja
7218,Programas o planes estatales de salud,24,29,34,63,La Rioja
7219,Programas o planes estatales de salud,25,17,23,40,La Rioja
7220,Programas o planes estatales de salud,26,9,35,44,La Rioja
7221,Programas o planes estatales de salud,27,30,32,62,La Rioja
7222,Programas o planes estatales de salud,28,53,64,117,La Rioja
7223,Programas o planes estatales de salud,29,34,38,72,La Rioja
7224,Programas o planes estatales de salud,30,39,57,96,La Rioja
7225,Programas o planes estatales de salud,31,32,50,82,La Rioja
7226,Programas o planes estatales de salud,32,24,45,69,La Rioja
7227,Programas o planes estatales de salud,33,27,42,69,La Rioja
7228,Programas o planes estatales de salud,34,21,37,58,La Rioja
7229,Programas o planes estatales de salud,35,14,79,93,La Rioja
7230,Programas o planes estatales de salud,36,26,41,67,La Rioja
7231,Programas o planes estatales de salud,37,16,53,69,La Rioja
7232,Programas o planes estatales de salud,38,10,46,56,La Rioja
7233,Programas o planes estatales de salud,39,55,67,122,La Rioja
7234,Programas o planes estatales de salud,40,36,32,68,La Rioja
7235,Programas o planes estatales de salud,41,34,32,66,La Rioja
7236,Programas o planes estatales de salud,42,43,27,70,La Rioja
7237,Programas o planes estatales de salud,43,23,51,74,La Rioja
7238,Programas o planes estatales de salud,44,41,34,75,La Rioja
7239,Programas o planes estatales de salud,45,41,41,82,La Rioja
7240,Programas o planes estatales de salud,46,39,74,113,La Rioja
7241,Programas o planes estatales de salud,47,36,83,119,La Rioja
7242,Programas o planes estatales de salud,48,40,82,122,La Rioja
7243,Programas o planes estatales de salud,49,33,76,109,La Rioja
7244,Programas o planes estatales de salud,50,37,31,68,La Rioja
7245,Programas o planes estatales de salud,51,18,68,86,La Rioja
7246,Programas o planes estatales de salud,52,41,73,114,La Rioja
7247,Programas o planes estatales de salud,53,75,31,106,La Rioja
7248,Programas o planes estatales de salud,54,27,51,78,La Rioja
7249,Programas o planes estatales de salud,55,30,110,140,La Rioja
7250,Programas o planes estatales de salud,56,30,52,82,La Rioja
7251,Programas o planes estatales de salud,57,59,58,117,La Rioja
7252,Programas o planes estatales de salud,58,24,32,56,La Rioja
7253,Programas o planes estatales de salud,59,52,58,110,La Rioja
7254,Programas o planes estatales de salud,60,81,61,142,La Rioja
7255,Programas o planes estatales de salud,61,43,26,69,La Rioja
7256,Programas o planes estatales de salud,62,15,56,71,La Rioja
7257,Programas o planes estatales de salud,63,35,18,53,La Rioja
7258,Programas o planes estatales de salud,64,48,12,60,La Rioja
7259,Programas o planes estatales de salud,65,35,19,54,La Rioja
7260,Programas o planes estatales de salud,66,6,23,29,La Rioja
7261,Programas o planes estatales de salud,67,11,22,33,La Rioja
7262,Programas o planes estatales de salud,68,13,41,54,La Rioja
7263,Programas o planes estatales de salud,69,23,7,30,La Rioja
7264,Programas o planes estatales de salud,70,16,21,37,La Rioja
7265,Programas o planes estatales de salud,71,15,26,41,La Rioja
7266,Programas o planes estatales de salud,72,7,21,28,La Rioja
7267,Programas o planes estatales de salud,73,25,4,29,La Rioja
7268,Programas o planes estatales de salud,74,5,5,10,La Rioja
7269,Programas o planes estatales de salud,75,12,36,48,La Rioja
7270,Programas o planes estatales de salud,76,6,33,39,La Rioja
7271,Programas o planes estatales de salud,77,30,13,43,La Rioja
7272,Programas o planes estatales de salud,78,5,15,20,La Rioja
7273,Programas o planes estatales de salud,79,18,12,30,La Rioja
7274,Programas o planes estatales de salud,80,28,24,52,La Rioja
7275,Programas o planes estatales de salud,81,10,11,21,La Rioja
7276,Programas o planes estatales de salud,82,14,4,18,La Rioja
7277,Programas o planes estatales de salud,83,10,1,11,La Rioja
7278,Programas o planes estatales de salud,84,1,8,9,La Rioja
7279,Programas o planes estatales de salud,85,3,7,10,La Rioja
7280,Programas o planes estatales de salud,86,1,1,2,La Rioja
7281,Programas o planes estatales de salud,87,-,3,3,La Rioja
7282,Programas o planes estatales de salud,90,-,1,1,La Rioja
7283,Programas o planes estatales de salud,91,1,4,5,La Rioja
7284,Programas o planes estatales de salud,92,1,-,1,La Rioja
7286,"No tiene obra social, prepaga o plan estatal",,Varón,Mujer,Total,La Rioja
7287,"No tiene obra social, prepaga o plan estatal",0,1478,1496,2974,La Rioja
7288,"No tiene obra social, prepaga o plan estatal",1,1471,1412,2883,La Rioja
7289,"No tiene obra social, prepaga o plan estatal",2,1486,1262,2748,La Rioja
7290,"No tiene obra social, prepaga o plan estatal",3,1377,1372,2749,La Rioja
7291,"No tiene obra social, prepaga o plan estatal",4,1299,1326,2625,La Rioja
7292,"No tiene obra social, prepaga o plan estatal",5,1517,1387,2904,La Rioja
7293,"No tiene obra social, prepaga o plan estatal",6,1482,1437,2919,La Rioja
7294,"No tiene obra social, prepaga o plan estatal",7,1387,1402,2789,La Rioja
7295,"No tiene obra social, prepaga o plan estatal",8,1202,1322,2524,La Rioja
7296,"No tiene obra social, prepaga o plan estatal",9,1185,1492,2677,La Rioja
7297,"No tiene obra social, prepaga o plan estatal",10,1341,1545,2886,La Rioja
7298,"No tiene obra social, prepaga o plan estatal",11,1358,1311,2669,La Rioja
7299,"No tiene obra social, prepaga o plan estatal",12,1213,1235,2448,La Rioja
7300,"No tiene obra social, prepaga o plan estatal",13,1215,1304,2519,La Rioja
7301,"No tiene obra social, prepaga o plan estatal",14,1665,1299,2964,La Rioja
7302,"No tiene obra social, prepaga o plan estatal",15,1517,1413,2930,La Rioja
7303,"No tiene obra social, prepaga o plan estatal",16,1353,1383,2736,La Rioja
7304,"No tiene obra social, prepaga o plan estatal",17,1417,1241,2658,La Rioja
7305,"No tiene obra social, prepaga o plan estatal",18,1269,1557,2826,La Rioja
7306,"No tiene obra social, prepaga o plan estatal",19,1427,1293,2720,La Rioja
7307,"No tiene obra social, prepaga o plan estatal",20,1467,1326,2793,La Rioja
7308,"No tiene obra social, prepaga o plan estatal",21,1540,1426,2966,La Rioja
7309,"No tiene obra social, prepaga o plan estatal",22,1843,1744,3587,La Rioja
7310,"No tiene obra social, prepaga o plan estatal",23,1535,1659,3194,La Rioja
7311,"No tiene obra social, prepaga o plan estatal",24,1674,1540,3214,La Rioja
7312,"No tiene obra social, prepaga o plan estatal",25,1526,1618,3144,La Rioja
7313,"No tiene obra social, prepaga o plan estatal",26,1373,1434,2807,La Rioja
7314,"No tiene obra social, prepaga o plan estatal",27,1311,1293,2604,La Rioja
7315,"No tiene obra social, prepaga o plan estatal",28,1438,1315,2753,La Rioja
7316,"No tiene obra social, prepaga o plan estatal",29,1390,1298,2688,La Rioja
7317,"No tiene obra social, prepaga o plan estatal",30,1412,1351,2763,La Rioja
7318,"No tiene obra social, prepaga o plan estatal",31,1350,1317,2667,La Rioja
7319,"No tiene obra social, prepaga o plan estatal",32,1135,1155,2290,La Rioja
7320,"No tiene obra social, prepaga o plan estatal",33,1292,1124,2416,La Rioja
7321,"No tiene obra social, prepaga o plan estatal",34,1026,1097,2123,La Rioja
7322,"No tiene obra social, prepaga o plan estatal",35,1152,893,2045,La Rioja
7323,"No tiene obra social, prepaga o plan estatal",36,861,831,1692,La Rioja
7324,"No tiene obra social, prepaga o plan estatal",37,851,755,1606,La Rioja
7325,"No tiene obra social, prepaga o plan estatal",38,695,715,1410,La Rioja
7326,"No tiene obra social, prepaga o plan estatal",39,786,634,1420,La Rioja
7327,"No tiene obra social, prepaga o plan estatal",40,788,569,1357,La Rioja
7328,"No tiene obra social, prepaga o plan estatal",41,699,567,1266,La Rioja
7329,"No tiene obra social, prepaga o plan estatal",42,627,510,1137,La Rioja
7330,"No tiene obra social, prepaga o plan estatal",43,538,541,1079,La Rioja
7331,"No tiene obra social, prepaga o plan estatal",44,501,617,1118,La Rioja
7332,"No tiene obra social, prepaga o plan estatal",45,610,435,1045,La Rioja
7333,"No tiene obra social, prepaga o plan estatal",46,531,410,941,La Rioja
7334,"No tiene obra social, prepaga o plan estatal",47,466,484,950,La Rioja
7335,"No tiene obra social, prepaga o plan estatal",48,423,394,817,La Rioja
7336,"No tiene obra social, prepaga o plan estatal",49,473,373,846,La Rioja
7337,"No tiene obra social, prepaga o plan estatal",50,570,421,991,La Rioja
7338,"No tiene obra social, prepaga o plan estatal",51,439,346,785,La Rioja
7339,"No tiene obra social, prepaga o plan estatal",52,445,316,761,La Rioja
7340,"No tiene obra social, prepaga o plan estatal",53,435,358,793,La Rioja
7341,"No tiene obra social, prepaga o plan estatal",54,344,437,781,La Rioja
7342,"No tiene obra social, prepaga o plan estatal",55,375,427,802,La Rioja
7343,"No tiene obra social, prepaga o plan estatal",56,412,367,779,La Rioja
7344,"No tiene obra social, prepaga o plan estatal",57,397,271,668,La Rioja
7345,"No tiene obra social, prepaga o plan estatal",58,310,299,609,La Rioja
7346,"No tiene obra social, prepaga o plan estatal",59,293,209,502,La Rioja
7347,"No tiene obra social, prepaga o plan estatal",60,286,322,608,La Rioja
7348,"No tiene obra social, prepaga o plan estatal",61,339,200,539,La Rioja
7349,"No tiene obra social, prepaga o plan estatal",62,282,193,475,La Rioja
7350,"No tiene obra social, prepaga o plan estatal",63,230,88,318,La Rioja
7351,"No tiene obra social, prepaga o plan estatal",64,227,47,274,La Rioja
7352,"No tiene obra social, prepaga o plan estatal",65,174,47,221,La Rioja
7353,"No tiene obra social, prepaga o plan estatal",66,133,50,183,La Rioja
7354,"No tiene obra social, prepaga o plan estatal",67,68,64,132,La Rioja
7355,"No tiene obra social, prepaga o plan estatal",68,69,37,106,La Rioja
7356,"No tiene obra social, prepaga o plan estatal",69,48,35,83,La Rioja
7357,"No tiene obra social, prepaga o plan estatal",70,47,18,65,La Rioja
7358,"No tiene obra social, prepaga o plan estatal",71,55,47,102,La Rioja
7359,"No tiene obra social, prepaga o plan estatal",72,44,24,68,La Rioja
7360,"No tiene obra social, prepaga o plan estatal",73,37,54,91,La Rioja
7361,"No tiene obra social, prepaga o plan estatal",74,24,18,42,La Rioja
7362,"No tiene obra social, prepaga o plan estatal",75,55,36,91,La Rioja
7363,"No tiene obra social, prepaga o plan estatal",76,20,26,46,La Rioja
7364,"No tiene obra social, prepaga o plan estatal",77,22,42,64,La Rioja
7365,"No tiene obra social, prepaga o plan estatal",78,27,42,69,La Rioja
7366,"No tiene obra social, prepaga o plan estatal",79,24,34,58,La Rioja
7367,"No tiene obra social, prepaga o plan estatal",80,27,12,39,La Rioja
7368,"No tiene obra social, prepaga o plan estatal",81,23,21,44,La Rioja
7369,"No tiene obra social, prepaga o plan estatal",82,16,10,26,La Rioja
7370,"No tiene obra social, prepaga o plan estatal",83,14,20,34,La Rioja
7371,"No tiene obra social, prepaga o plan estatal",84,17,8,25,La Rioja
7372,"No tiene obra social, prepaga o plan estatal",85,9,4,13,La Rioja
7373,"No tiene obra social, prepaga o plan estatal",86,12,9,21,La Rioja
7374,"No tiene obra social, prepaga o plan estatal",87,2,19,21,La Rioja
7375,"No tiene obra social, prepaga o plan estatal",88,9,6,15,La Rioja
7376,"No tiene obra social, prepaga o plan estatal",89,4,7,11,La Rioja
7377,"No tiene obra social, prepaga o plan estatal",90,1,5,6,La Rioja
7378,"No tiene obra social, prepaga o plan estatal",91,2,10,12,La Rioja
7379,"No tiene obra social, prepaga o plan estatal",92,1,1,2,La Rioja
7380,"No tiene obra social, prepaga o plan estatal",93,4,2,6,La Rioja
7381,"No tiene obra social, prepaga o plan estatal",94,1,3,4,La Rioja
7382,"No tiene obra social, prepaga o plan estatal",95,-,2,2,La Rioja
7383,"No tiene obra social, prepaga o plan estatal",97,-,4,4,La Rioja
7384,"No tiene obra social, prepaga o plan estatal",99,1,-,1,La Rioja
7385,"No tiene obra social, prepaga o plan estatal",100,11,-,11,La Rioja
7386,"No tiene obra social, prepaga o plan estatal",110,1,-,1,La Rioja
7498,AREA # 50,Mendoza,,,,Mendoza
7499,AREA # 50,,,,,Mendoza
7500,Cobertura de salud,Edad,Sexo,,,Mendoza
7501,Obra social (incluye PAMI),,Varón,Mujer,Total,Mendoza
7502,Obra social (incluye PAMI),0,6294,6378,12672,Mendoza
7503,Obra social (incluye PAMI),1,6134,6178,12312,Mendoza
7504,Obra social (incluye PAMI),2,6969,6263,13232,Mendoza
7505,Obra social (incluye PAMI),3,6519,6276,12795,Mendoza
7506,Obra social (incluye PAMI),4,6563,6238,12801,Mendoza
7507,Obra social (incluye PAMI),5,6717,6524,13241,Mendoza
7508,Obra social (incluye PAMI),6,6529,5837,12366,Mendoza
7509,Obra social (incluye PAMI),7,6424,6000,12424,Mendoza
7510,Obra social (incluye PAMI),8,6135,5946,12081,Mendoza
7511,Obra social (incluye PAMI),9,6375,6588,12963,Mendoza
7512,Obra social (incluye PAMI),10,7121,6413,13534,Mendoza
7513,Obra social (incluye PAMI),11,6929,6485,13414,Mendoza
7514,Obra social (incluye PAMI),12,6810,6281,13091,Mendoza
7515,Obra social (incluye PAMI),13,6752,6431,13183,Mendoza
7516,Obra social (incluye PAMI),14,7419,6834,14253,Mendoza
7517,Obra social (incluye PAMI),15,6836,7191,14027,Mendoza
7518,Obra social (incluye PAMI),16,6801,6670,13471,Mendoza
7519,Obra social (incluye PAMI),17,6815,6689,13504,Mendoza
7520,Obra social (incluye PAMI),18,6863,7019,13882,Mendoza
7521,Obra social (incluye PAMI),19,6713,7204,13917,Mendoza
7522,Obra social (incluye PAMI),20,6642,6157,12799,Mendoza
7523,Obra social (incluye PAMI),21,5138,5308,10446,Mendoza
7524,Obra social (incluye PAMI),22,5174,5016,10190,Mendoza
7525,Obra social (incluye PAMI),23,5613,5473,11086,Mendoza
7526,Obra social (incluye PAMI),24,5357,5823,11180,Mendoza
7527,Obra social (incluye PAMI),25,4965,5119,10084,Mendoza
7528,Obra social (incluye PAMI),26,5133,5553,10686,Mendoza
7529,Obra social (incluye PAMI),27,5288,5379,10667,Mendoza
7530,Obra social (incluye PAMI),28,5792,6133,11925,Mendoza
7531,Obra social (incluye PAMI),29,5618,5901,11519,Mendoza
7532,Obra social (incluye PAMI),30,6005,6370,12375,Mendoza
7533,Obra social (incluye PAMI),31,6083,6389,12472,Mendoza
7534,Obra social (incluye PAMI),32,5595,6856,12451,Mendoza
7535,Obra social (incluye PAMI),33,5471,6371,11842,Mendoza
7536,Obra social (incluye PAMI),34,5571,5934,11505,Mendoza
7537,Obra social (incluye PAMI),35,5216,6409,11625,Mendoza
7538,Obra social (incluye PAMI),36,5501,5953,11454,Mendoza
7539,Obra social (incluye PAMI),37,5015,5573,10588,Mendoza
7540,Obra social (incluye PAMI),38,5192,5433,10625,Mendoza
7541,Obra social (incluye PAMI),39,4963,5409,10372,Mendoza
7542,Obra social (incluye PAMI),40,5036,5522,10558,Mendoza
7543,Obra social (incluye PAMI),41,4639,5374,10013,Mendoza
7544,Obra social (incluye PAMI),42,4310,5341,9651,Mendoza
7545,Obra social (incluye PAMI),43,4542,4701,9243,Mendoza
7546,Obra social (incluye PAMI),44,3803,4614,8417,Mendoza
7547,Obra social (incluye PAMI),45,4165,4787,8952,Mendoza
7548,Obra social (incluye PAMI),46,4499,4880,9379,Mendoza
7549,Obra social (incluye PAMI),47,4162,5169,9331,Mendoza
7550,Obra social (incluye PAMI),48,4271,4694,8965,Mendoza
7551,Obra social (incluye PAMI),49,4181,4861,9042,Mendoza
7552,Obra social (incluye PAMI),50,4277,4667,8944,Mendoza
7553,Obra social (incluye PAMI),51,3868,4436,8304,Mendoza
7554,Obra social (incluye PAMI),52,3807,4417,8224,Mendoza
7555,Obra social (incluye PAMI),53,4063,4513,8576,Mendoza
7556,Obra social (incluye PAMI),54,3637,4430,8067,Mendoza
7557,Obra social (incluye PAMI),55,4087,4797,8884,Mendoza
7558,Obra social (incluye PAMI),56,3656,4248,7904,Mendoza
7559,Obra social (incluye PAMI),57,3750,4913,8663,Mendoza
7560,Obra social (incluye PAMI),58,3866,4680,8546,Mendoza
7561,Obra social (incluye PAMI),59,3630,4518,8148,Mendoza
7562,Obra social (incluye PAMI),60,3946,5350,9296,Mendoza
7563,Obra social (incluye PAMI),61,3452,5982,9434,Mendoza
7564,Obra social (incluye PAMI),62,3362,6022,9384,Mendoza
7565,Obra social (incluye PAMI),63,3490,6453,9943,Mendoza
7566,Obra social (incluye PAMI),64,3309,6278,9587,Mendoza
7567,Obra social (incluye PAMI),65,3774,6205,9979,Mendoza
7568,Obra social (incluye PAMI),66,4672,6169,10841,Mendoza
7569,Obra social (incluye PAMI),67,4652,5498,10150,Mendoza
7570,Obra social (incluye PAMI),68,4274,5068,9342,Mendoza
7571,Obra social (incluye PAMI),69,4003,5048,9051,Mendoza
7572,Obra social (incluye PAMI),70,3966,5305,9271,Mendoza
7573,Obra social (incluye PAMI),71,3738,4747,8485,Mendoza
7574,Obra social (incluye PAMI),72,3575,4531,8106,Mendoza
7575,Obra social (incluye PAMI),73,3097,4197,7294,Mendoza
7576,Obra social (incluye PAMI),74,3044,4265,7309,Mendoza
7577,Obra social (incluye PAMI),75,3078,4243,7321,Mendoza
7578,Obra social (incluye PAMI),76,2720,3880,6600,Mendoza
7579,Obra social (incluye PAMI),77,2642,3669,6311,Mendoza
7580,Obra social (incluye PAMI),78,2663,3613,6276,Mendoza
7581,Obra social (incluye PAMI),79,2518,3609,6127,Mendoza
7582,Obra social (incluye PAMI),80,2138,3348,5486,Mendoza
7583,Obra social (incluye PAMI),81,1781,3209,4990,Mendoza
7584,Obra social (incluye PAMI),82,1642,2751,4393,Mendoza
7585,Obra social (incluye PAMI),83,1561,2710,4271,Mendoza
7586,Obra social (incluye PAMI),84,1332,2463,3795,Mendoza
7587,Obra social (incluye PAMI),85,944,2055,2999,Mendoza
7588,Obra social (incluye PAMI),86,993,1697,2690,Mendoza
7589,Obra social (incluye PAMI),87,750,1486,2236,Mendoza
7590,Obra social (incluye PAMI),88,528,1395,1923,Mendoza
7591,Obra social (incluye PAMI),89,485,964,1449,Mendoza
7592,Obra social (incluye PAMI),90,364,748,1112,Mendoza
7593,Obra social (incluye PAMI),91,247,539,786,Mendoza
7594,Obra social (incluye PAMI),92,161,506,667,Mendoza
7595,Obra social (incluye PAMI),93,199,372,571,Mendoza
7596,Obra social (incluye PAMI),94,65,295,360,Mendoza
7597,Obra social (incluye PAMI),95,70,165,235,Mendoza
7598,Obra social (incluye PAMI),96,31,157,188,Mendoza
7599,Obra social (incluye PAMI),97,23,109,132,Mendoza
7600,Obra social (incluye PAMI),98,4,74,78,Mendoza
7601,Obra social (incluye PAMI),99,31,38,69,Mendoza
7602,Obra social (incluye PAMI),100,3,32,35,Mendoza
7603,Obra social (incluye PAMI),101,-,5,5,Mendoza
7604,Obra social (incluye PAMI),102,1,2,3,Mendoza
7605,Obra social (incluye PAMI),103,-,3,3,Mendoza
7606,Obra social (incluye PAMI),104,-,1,1,Mendoza
7607,Obra social (incluye PAMI),105,-,2,2,Mendoza
7608,Obra social (incluye PAMI),106,-,1,1,Mendoza
7609,Obra social (incluye PAMI),107,-,1,1,Mendoza
7611,Prepaga a través de obra social,,Varón,Mujer,Total,Mendoza
7612,Prepaga a través de obra social,0,1336,1359,2695,Mendoza
7613,Prepaga a través de obra social,1,1486,1229,2715,Mendoza
7614,Prepaga a través de obra social,2,1342,1368,2710,Mendoza
7615,Prepaga a través de obra social,3,1331,1291,2622,Mendoza
7616,Prepaga a través de obra social,4,1218,1243,2461,Mendoza
7617,Prepaga a través de obra social,5,1322,1271,2593,Mendoza
7618,Prepaga a través de obra social,6,1197,1282,2479,Mendoza
7619,Prepaga a través de obra social,7,1082,1413,2495,Mendoza
7620,Prepaga a través de obra social,8,1068,1186,2254,Mendoza
7621,Prepaga a través de obra social,9,1274,1218,2492,Mendoza
7622,Prepaga a través de obra social,10,1207,1153,2360,Mendoza
7623,Prepaga a través de obra social,11,1311,1080,2391,Mendoza
7624,Prepaga a través de obra social,12,1290,1170,2460,Mendoza
7625,Prepaga a través de obra social,13,1091,1174,2265,Mendoza
7626,Prepaga a través de obra social,14,1106,1291,2397,Mendoza
7627,Prepaga a través de obra social,15,1144,1213,2357,Mendoza
7628,Prepaga a través de obra social,16,1251,932,2183,Mendoza
7629,Prepaga a través de obra social,17,1333,1230,2563,Mendoza
7630,Prepaga a través de obra social,18,1135,1227,2362,Mendoza
7631,Prepaga a través de obra social,19,1037,1176,2213,Mendoza
7632,Prepaga a través de obra social,20,1186,1088,2274,Mendoza
7633,Prepaga a través de obra social,21,1017,987,2004,Mendoza
7634,Prepaga a través de obra social,22,1191,867,2058,Mendoza
7635,Prepaga a través de obra social,23,1229,1010,2239,Mendoza
7636,Prepaga a través de obra social,24,1200,1010,2210,Mendoza
7637,Prepaga a través de obra social,25,1098,1297,2395,Mendoza
7638,Prepaga a través de obra social,26,940,1032,1972,Mendoza
7639,Prepaga a través de obra social,27,1293,1210,2503,Mendoza
7640,Prepaga a través de obra social,28,1271,1412,2683,Mendoza
7641,Prepaga a través de obra social,29,1375,1517,2892,Mendoza
7642,Prepaga a través de obra social,30,1469,1654,3123,Mendoza
7643,Prepaga a través de obra social,31,1389,1388,2777,Mendoza
7644,Prepaga a través de obra social,32,1363,1302,2665,Mendoza
7645,Prepaga a través de obra social,33,1284,1443,2727,Mendoza
7646,Prepaga a través de obra social,34,1294,1316,2610,Mendoza
7647,Prepaga a través de obra social,35,1157,1148,2305,Mendoza
7648,Prepaga a través de obra social,36,1137,1226,2363,Mendoza
7649,Prepaga a través de obra social,37,1214,1086,2300,Mendoza
7650,Prepaga a través de obra social,38,1085,1082,2167,Mendoza
7651,Prepaga a través de obra social,39,1181,1093,2274,Mendoza
7652,Prepaga a través de obra social,40,1062,959,2021,Mendoza
7653,Prepaga a través de obra social,41,942,975,1917,Mendoza
7654,Prepaga a través de obra social,42,906,1017,1923,Mendoza
7655,Prepaga a través de obra social,43,820,899,1719,Mendoza
7656,Prepaga a través de obra social,44,846,874,1720,Mendoza
7657,Prepaga a través de obra social,45,808,710,1518,Mendoza
7658,Prepaga a través de obra social,46,820,853,1673,Mendoza
7659,Prepaga a través de obra social,47,828,878,1706,Mendoza
7660,Prepaga a través de obra social,48,861,783,1644,Mendoza
7661,Prepaga a través de obra social,49,879,806,1685,Mendoza
7662,Prepaga a través de obra social,50,711,692,1403,Mendoza
7663,Prepaga a través de obra social,51,677,874,1551,Mendoza
7664,Prepaga a través de obra social,52,738,689,1427,Mendoza
7665,Prepaga a través de obra social,53,743,870,1613,Mendoza
7666,Prepaga a través de obra social,54,718,722,1440,Mendoza
7667,Prepaga a través de obra social,55,666,734,1400,Mendoza
7668,Prepaga a través de obra social,56,748,717,1465,Mendoza
7669,Prepaga a través de obra social,57,661,656,1317,Mendoza
7670,Prepaga a través de obra social,58,616,584,1200,Mendoza
7671,Prepaga a través de obra social,59,573,749,1322,Mendoza
7672,Prepaga a través de obra social,60,631,543,1174,Mendoza
7673,Prepaga a través de obra social,61,602,336,938,Mendoza
7674,Prepaga a través de obra social,62,507,325,832,Mendoza
7675,Prepaga a través de obra social,63,464,271,735,Mendoza
7676,Prepaga a través de obra social,64,421,234,655,Mendoza
7677,Prepaga a través de obra social,65,396,231,627,Mendoza
7678,Prepaga a través de obra social,66,235,183,418,Mendoza
7679,Prepaga a través de obra social,67,240,156,396,Mendoza
7680,Prepaga a través de obra social,68,171,124,295,Mendoza
7681,Prepaga a través de obra social,69,166,162,328,Mendoza
7682,Prepaga a través de obra social,70,155,124,279,Mendoza
7683,Prepaga a través de obra social,71,125,145,270,Mendoza
7684,Prepaga a través de obra social,72,127,120,247,Mendoza
7685,Prepaga a través de obra social,73,88,88,176,Mendoza
7686,Prepaga a través de obra social,74,74,105,179,Mendoza
7687,Prepaga a través de obra social,75,62,117,179,Mendoza
7688,Prepaga a través de obra social,76,68,123,191,Mendoza
7689,Prepaga a través de obra social,77,35,59,94,Mendoza
7690,Prepaga a través de obra social,78,31,63,94,Mendoza
7691,Prepaga a través de obra social,79,35,91,126,Mendoza
7692,Prepaga a través de obra social,80,62,101,163,Mendoza
7693,Prepaga a través de obra social,81,46,77,123,Mendoza
7694,Prepaga a través de obra social,82,32,98,130,Mendoza
7695,Prepaga a través de obra social,83,17,31,48,Mendoza
7696,Prepaga a través de obra social,84,30,42,72,Mendoza
7697,Prepaga a través de obra social,85,25,48,73,Mendoza
7698,Prepaga a través de obra social,86,36,66,102,Mendoza
7699,Prepaga a través de obra social,87,25,18,43,Mendoza
7700,Prepaga a través de obra social,88,6,38,44,Mendoza
7701,Prepaga a través de obra social,89,30,8,38,Mendoza
7702,Prepaga a través de obra social,90,12,4,16,Mendoza
7703,Prepaga a través de obra social,91,11,12,23,Mendoza
7704,Prepaga a través de obra social,92,9,1,10,Mendoza
7705,Prepaga a través de obra social,93,11,3,14,Mendoza
7706,Prepaga a través de obra social,94,1,-,1,Mendoza
7707,Prepaga a través de obra social,95,1,-,1,Mendoza
7708,Prepaga a través de obra social,96,-,2,2,Mendoza
7709,Prepaga a través de obra social,97,-,1,1,Mendoza
7710,Prepaga a través de obra social,104,-,1,1,Mendoza
7711,Prepaga a través de obra social,105,-,1,1,Mendoza
7713,Prepaga sólo por contratación voluntaria,,Varón,Mujer,Total,Mendoza
7714,Prepaga sólo por contratación voluntaria,0,439,537,976,Mendoza
7715,Prepaga sólo por contratación voluntaria,1,551,522,1073,Mendoza
7716,Prepaga sólo por contratación voluntaria,2,429,443,872,Mendoza
7717,Prepaga sólo por contratación voluntaria,3,539,467,1006,Mendoza
7718,Prepaga sólo por contratación voluntaria,4,450,337,787,Mendoza
7719,Prepaga sólo por contratación voluntaria,5,441,442,883,Mendoza
7720,Prepaga sólo por contratación voluntaria,6,378,558,936,Mendoza
7721,Prepaga sólo por contratación voluntaria,7,427,459,886,Mendoza
7722,Prepaga sólo por contratación voluntaria,8,426,424,850,Mendoza
7723,Prepaga sólo por contratación voluntaria,9,396,411,807,Mendoza
7724,Prepaga sólo por contratación voluntaria,10,400,431,831,Mendoza
7725,Prepaga sólo por contratación voluntaria,11,410,309,719,Mendoza
7726,Prepaga sólo por contratación voluntaria,12,377,405,782,Mendoza
7727,Prepaga sólo por contratación voluntaria,13,364,324,688,Mendoza
7728,Prepaga sólo por contratación voluntaria,14,397,339,736,Mendoza
7729,Prepaga sólo por contratación voluntaria,15,420,429,849,Mendoza
7730,Prepaga sólo por contratación voluntaria,16,328,354,682,Mendoza
7731,Prepaga sólo por contratación voluntaria,17,477,352,829,Mendoza
7732,Prepaga sólo por contratación voluntaria,18,310,391,701,Mendoza
7733,Prepaga sólo por contratación voluntaria,19,378,406,784,Mendoza
7734,Prepaga sólo por contratación voluntaria,20,364,438,802,Mendoza
7735,Prepaga sólo por contratación voluntaria,21,478,526,1004,Mendoza
7736,Prepaga sólo por contratación voluntaria,22,434,486,920,Mendoza
7737,Prepaga sólo por contratación voluntaria,23,467,686,1153,Mendoza
7738,Prepaga sólo por contratación voluntaria,24,552,666,1218,Mendoza
7739,Prepaga sólo por contratación voluntaria,25,473,550,1023,Mendoza
7740,Prepaga sólo por contratación voluntaria,26,419,683,1102,Mendoza
7741,Prepaga sólo por contratación voluntaria,27,484,631,1115,Mendoza
7742,Prepaga sólo por contratación voluntaria,28,489,563,1052,Mendoza
7743,Prepaga sólo por contratación voluntaria,29,526,662,1188,Mendoza
7744,Prepaga sólo por contratación voluntaria,30,457,592,1049,Mendoza
7745,Prepaga sólo por contratación voluntaria,31,615,671,1286,Mendoza
7746,Prepaga sólo por contratación voluntaria,32,575,602,1177,Mendoza
7747,Prepaga sólo por contratación voluntaria,33,503,607,1110,Mendoza
7748,Prepaga sólo por contratación voluntaria,34,444,419,863,Mendoza
7749,Prepaga sólo por contratación voluntaria,35,498,536,1034,Mendoza
7750,Prepaga sólo por contratación voluntaria,36,391,632,1023,Mendoza
7751,Prepaga sólo por contratación voluntaria,37,471,552,1023,Mendoza
7752,Prepaga sólo por contratación voluntaria,38,548,490,1038,Mendoza
7753,Prepaga sólo por contratación voluntaria,39,514,487,1001,Mendoza
7754,Prepaga sólo por contratación voluntaria,40,450,423,873,Mendoza
7755,Prepaga sólo por contratación voluntaria,41,319,357,676,Mendoza
7756,Prepaga sólo por contratación voluntaria,42,410,391,801,Mendoza
7757,Prepaga sólo por contratación voluntaria,43,367,261,628,Mendoza
7758,Prepaga sólo por contratación voluntaria,44,422,264,686,Mendoza
7759,Prepaga sólo por contratación voluntaria,45,356,433,789,Mendoza
7760,Prepaga sólo por contratación voluntaria,46,353,369,722,Mendoza
7761,Prepaga sólo por contratación voluntaria,47,300,346,646,Mendoza
7762,Prepaga sólo por contratación voluntaria,48,362,408,770,Mendoza
7763,Prepaga sólo por contratación voluntaria,49,346,387,733,Mendoza
7764,Prepaga sólo por contratación voluntaria,50,378,417,795,Mendoza
7765,Prepaga sólo por contratación voluntaria,51,330,459,789,Mendoza
7766,Prepaga sólo por contratación voluntaria,52,401,447,848,Mendoza
7767,Prepaga sólo por contratación voluntaria,53,284,356,640,Mendoza
7768,Prepaga sólo por contratación voluntaria,54,399,472,871,Mendoza
7769,Prepaga sólo por contratación voluntaria,55,422,409,831,Mendoza
7770,Prepaga sólo por contratación voluntaria,56,325,409,734,Mendoza
7771,Prepaga sólo por contratación voluntaria,57,359,343,702,Mendoza
7772,Prepaga sólo por contratación voluntaria,58,379,400,779,Mendoza
7773,Prepaga sólo por contratación voluntaria,59,345,415,760,Mendoza
7774,Prepaga sólo por contratación voluntaria,60,406,383,789,Mendoza
7775,Prepaga sólo por contratación voluntaria,61,378,327,705,Mendoza
7776,Prepaga sólo por contratación voluntaria,62,463,277,740,Mendoza
7777,Prepaga sólo por contratación voluntaria,63,328,127,455,Mendoza
7778,Prepaga sólo por contratación voluntaria,64,255,208,463,Mendoza
7779,Prepaga sólo por contratación voluntaria,65,291,197,488,Mendoza
7780,Prepaga sólo por contratación voluntaria,66,170,109,279,Mendoza
7781,Prepaga sólo por contratación voluntaria,67,150,99,249,Mendoza
7782,Prepaga sólo por contratación voluntaria,68,105,28,133,Mendoza
7783,Prepaga sólo por contratación voluntaria,69,70,63,133,Mendoza
7784,Prepaga sólo por contratación voluntaria,70,93,75,168,Mendoza
7785,Prepaga sólo por contratación voluntaria,71,51,119,170,Mendoza
7786,Prepaga sólo por contratación voluntaria,72,50,51,101,Mendoza
7787,Prepaga sólo por contratación voluntaria,73,35,115,150,Mendoza
7788,Prepaga sólo por contratación voluntaria,74,85,54,139,Mendoza
7789,Prepaga sólo por contratación voluntaria,75,11,81,92,Mendoza
7790,Prepaga sólo por contratación voluntaria,76,42,59,101,Mendoza
7791,Prepaga sólo por contratación voluntaria,77,71,59,130,Mendoza
7792,Prepaga sólo por contratación voluntaria,78,34,26,60,Mendoza
7793,Prepaga sólo por contratación voluntaria,79,26,41,67,Mendoza
7794,Prepaga sólo por contratación voluntaria,80,42,57,99,Mendoza
7795,Prepaga sólo por contratación voluntaria,81,8,56,64,Mendoza
7796,Prepaga sólo por contratación voluntaria,82,22,43,65,Mendoza
7797,Prepaga sólo por contratación voluntaria,83,24,29,53,Mendoza
7798,Prepaga sólo por contratación voluntaria,84,13,14,27,Mendoza
7799,Prepaga sólo por contratación voluntaria,85,20,22,42,Mendoza
7800,Prepaga sólo por contratación voluntaria,86,13,4,17,Mendoza
7801,Prepaga sólo por contratación voluntaria,87,15,11,26,Mendoza
7802,Prepaga sólo por contratación voluntaria,88,-,11,11,Mendoza
7803,Prepaga sólo por contratación voluntaria,89,1,-,1,Mendoza
7804,Prepaga sólo por contratación voluntaria,90,-,13,13,Mendoza
7805,Prepaga sólo por contratación voluntaria,91,-,10,10,Mendoza
7806,Prepaga sólo por contratación voluntaria,92,-,1,1,Mendoza
7807,Prepaga sólo por contratación voluntaria,93,-,1,1,Mendoza
7808,Prepaga sólo por contratación voluntaria,95,10,-,10,Mendoza
7809,Prepaga sólo por contratación voluntaria,96,1,-,1,Mendoza
7810,Prepaga sólo por contratación voluntaria,97,-,11,11,Mendoza
7812,Programas o planes estatales de salud,,Varón,Mujer,Total,Mendoza
7813,Programas o planes estatales de salud,0,518,512,1030,Mendoza
7814,Programas o planes estatales de salud,1,495,428,923,Mendoza
7815,Programas o planes estatales de salud,2,469,324,793,Mendoza
7816,Programas o planes estatales de salud,3,318,377,695,Mendoza
7817,Programas o planes estatales de salud,4,254,326,580,Mendoza
7818,Programas o planes estatales de salud,5,364,240,604,Mendoza
7819,Programas o planes estatales de salud,6,179,199,378,Mendoza
7820,Programas o planes estatales de salud,7,201,192,393,Mendoza
7821,Programas o planes estatales de salud,8,270,175,445,Mendoza
7822,Programas o planes estatales de salud,9,181,237,418,Mendoza
7823,Programas o planes estatales de salud,10,213,188,401,Mendoza
7824,Programas o planes estatales de salud,11,213,193,406,Mendoza
7825,Programas o planes estatales de salud,12,173,168,341,Mendoza
7826,Programas o planes estatales de salud,13,231,174,405,Mendoza
7827,Programas o planes estatales de salud,14,253,246,499,Mendoza
7828,Programas o planes estatales de salud,15,214,230,444,Mendoza
7829,Programas o planes estatales de salud,16,259,154,413,Mendoza
7830,Programas o planes estatales de salud,17,219,211,430,Mendoza
7831,Programas o planes estatales de salud,18,232,174,406,Mendoza
7832,Programas o planes estatales de salud,19,116,219,335,Mendoza
7833,Programas o planes estatales de salud,20,173,198,371,Mendoza
7834,Programas o planes estatales de salud,21,148,135,283,Mendoza
7835,Programas o planes estatales de salud,22,162,121,283,Mendoza
7836,Programas o planes estatales de salud,23,118,163,281,Mendoza
7837,Programas o planes estatales de salud,24,177,130,307,Mendoza
7838,Programas o planes estatales de salud,25,132,147,279,Mendoza
7839,Programas o planes estatales de salud,26,174,136,310,Mendoza
7840,Programas o planes estatales de salud,27,84,122,206,Mendoza
7841,Programas o planes estatales de salud,28,112,144,256,Mendoza
7842,Programas o planes estatales de salud,29,114,174,288,Mendoza
7843,Programas o planes estatales de salud,30,144,187,331,Mendoza
7844,Programas o planes estatales de salud,31,121,218,339,Mendoza
7845,Programas o planes estatales de salud,32,134,150,284,Mendoza
7846,Programas o planes estatales de salud,33,109,121,230,Mendoza
7847,Programas o planes estatales de salud,34,160,109,269,Mendoza
7848,Programas o planes estatales de salud,35,146,117,263,Mendoza
7849,Programas o planes estatales de salud,36,90,189,279,Mendoza
7850,Programas o planes estatales de salud,37,71,133,204,Mendoza
7851,Programas o planes estatales de salud,38,90,137,227,Mendoza
7852,Programas o planes estatales de salud,39,86,159,245,Mendoza
7853,Programas o planes estatales de salud,40,123,124,247,Mendoza
7854,Programas o planes estatales de salud,41,121,134,255,Mendoza
7855,Programas o planes estatales de salud,42,97,171,268,Mendoza
7856,Programas o planes estatales de salud,43,79,182,261,Mendoza
7857,Programas o planes estatales de salud,44,110,118,228,Mendoza
7858,Programas o planes estatales de salud,45,134,218,352,Mendoza
7859,Programas o planes estatales de salud,46,106,150,256,Mendoza
7860,Programas o planes estatales de salud,47,112,185,297,Mendoza
7861,Programas o planes estatales de salud,48,99,149,248,Mendoza
7862,Programas o planes estatales de salud,49,78,156,234,Mendoza
7863,Programas o planes estatales de salud,50,89,110,199,Mendoza
7864,Programas o planes estatales de salud,51,139,230,369,Mendoza
7865,Programas o planes estatales de salud,52,99,211,310,Mendoza
7866,Programas o planes estatales de salud,53,80,192,272,Mendoza
7867,Programas o planes estatales de salud,54,79,235,314,Mendoza
7868,Programas o planes estatales de salud,55,117,158,275,Mendoza
7869,Programas o planes estatales de salud,56,89,212,301,Mendoza
7870,Programas o planes estatales de salud,57,103,198,301,Mendoza
7871,Programas o planes estatales de salud,58,97,127,224,Mendoza
7872,Programas o planes estatales de salud,59,121,141,262,Mendoza
7873,Programas o planes estatales de salud,60,79,146,225,Mendoza
7874,Programas o planes estatales de salud,61,129,142,271,Mendoza
7875,Programas o planes estatales de salud,62,99,119,218,Mendoza
7876,Programas o planes estatales de salud,63,74,70,144,Mendoza
7877,Programas o planes estatales de salud,64,101,90,191,Mendoza
7878,Programas o planes estatales de salud,65,46,48,94,Mendoza
7879,Programas o planes estatales de salud,66,95,35,130,Mendoza
7880,Programas o planes estatales de salud,67,27,41,68,Mendoza
7881,Programas o planes estatales de salud,68,45,40,85,Mendoza
7882,Programas o planes estatales de salud,69,22,31,53,Mendoza
7883,Programas o planes estatales de salud,70,27,44,71,Mendoza
7884,Programas o planes estatales de salud,71,29,38,67,Mendoza
7885,Programas o planes estatales de salud,72,19,9,28,Mendoza
7886,Programas o planes estatales de salud,73,47,37,84,Mendoza
7887,Programas o planes estatales de salud,74,15,15,30,Mendoza
7888,Programas o planes estatales de salud,75,49,28,77,Mendoza
7889,Programas o planes estatales de salud,76,49,24,73,Mendoza
7890,Programas o planes estatales de salud,77,25,23,48,Mendoza
7891,Programas o planes estatales de salud,78,6,44,50,Mendoza
7892,Programas o planes estatales de salud,79,23,42,65,Mendoza
7893,Programas o planes estatales de salud,80,28,31,59,Mendoza
7894,Programas o planes estatales de salud,81,38,51,89,Mendoza
7895,Programas o planes estatales de salud,82,16,19,35,Mendoza
7896,Programas o planes estatales de salud,83,6,4,10,Mendoza
7897,Programas o planes estatales de salud,84,20,28,48,Mendoza
7898,Programas o planes estatales de salud,85,15,20,35,Mendoza
7899,Programas o planes estatales de salud,86,15,33,48,Mendoza
7900,Programas o planes estatales de salud,87,13,3,16,Mendoza
7901,Programas o planes estatales de salud,88,1,12,13,Mendoza
7902,Programas o planes estatales de salud,89,10,2,12,Mendoza
7903,Programas o planes estatales de salud,90,3,10,13,Mendoza
7904,Programas o planes estatales de salud,91,1,10,11,Mendoza
7905,Programas o planes estatales de salud,92,2,10,12,Mendoza
7906,Programas o planes estatales de salud,93,1,-,1,Mendoza
7907,Programas o planes estatales de salud,94,-,3,3,Mendoza
7908,Programas o planes estatales de salud,95,8,11,19,Mendoza
7909,Programas o planes estatales de salud,96,2,1,3,Mendoza
7910,Programas o planes estatales de salud,97,-,10,10,Mendoza
7911,Programas o planes estatales de salud,103,-,1,1,Mendoza
7913,"No tiene obra social, prepaga o plan estatal",,Varón,Mujer,Total,Mendoza
7914,"No tiene obra social, prepaga o plan estatal",0,7216,6915,14131,Mendoza
7915,"No tiene obra social, prepaga o plan estatal",1,7229,6842,14071,Mendoza
7916,"No tiene obra social, prepaga o plan estatal",2,7141,6689,13830,Mendoza
7917,"No tiene obra social, prepaga o plan estatal",3,6560,6657,13217,Mendoza
7918,"No tiene obra social, prepaga o plan estatal",4,6337,6244,12581,Mendoza
7919,"No tiene obra social, prepaga o plan estatal",5,6810,6479,13289,Mendoza
7920,"No tiene obra social, prepaga o plan estatal",6,6074,6032,12106,Mendoza
7921,"No tiene obra social, prepaga o plan estatal",7,5696,5922,11618,Mendoza
7922,"No tiene obra social, prepaga o plan estatal",8,6004,5620,11624,Mendoza
7923,"No tiene obra social, prepaga o plan estatal",9,5895,5716,11611,Mendoza
7924,"No tiene obra social, prepaga o plan estatal",10,6299,6434,12733,Mendoza
7925,"No tiene obra social, prepaga o plan estatal",11,6338,6268,12606,Mendoza
7926,"No tiene obra social, prepaga o plan estatal",12,6745,6322,13067,Mendoza
7927,"No tiene obra social, prepaga o plan estatal",13,6462,6259,12721,Mendoza
7928,"No tiene obra social, prepaga o plan estatal",14,7066,6918,13984,Mendoza
7929,"No tiene obra social, prepaga o plan estatal",15,7174,7224,14398,Mendoza
7930,"No tiene obra social, prepaga o plan estatal",16,7134,7120,14254,Mendoza
7931,"No tiene obra social, prepaga o plan estatal",17,6962,6582,13544,Mendoza
7932,"No tiene obra social, prepaga o plan estatal",18,7709,7327,15036,Mendoza
7933,"No tiene obra social, prepaga o plan estatal",19,7780,7399,15179,Mendoza
7934,"No tiene obra social, prepaga o plan estatal",20,7535,6851,14386,Mendoza
7935,"No tiene obra social, prepaga o plan estatal",21,8255,8007,16262,Mendoza
7936,"No tiene obra social, prepaga o plan estatal",22,7934,7846,15780,Mendoza
7937,"No tiene obra social, prepaga o plan estatal",23,7979,7745,15724,Mendoza
7938,"No tiene obra social, prepaga o plan estatal",24,7274,7078,14352,Mendoza
7939,"No tiene obra social, prepaga o plan estatal",25,6787,6249,13036,Mendoza
7940,"No tiene obra social, prepaga o plan estatal",26,6116,5632,11748,Mendoza
7941,"No tiene obra social, prepaga o plan estatal",27,5781,5292,11073,Mendoza
7942,"No tiene obra social, prepaga o plan estatal",28,6202,5950,12152,Mendoza
7943,"No tiene obra social, prepaga o plan estatal",29,5794,5545,11339,Mendoza
7944,"No tiene obra social, prepaga o plan estatal",30,5855,5570,11425,Mendoza
7945,"No tiene obra social, prepaga o plan estatal",31,5452,5013,10465,Mendoza
7946,"No tiene obra social, prepaga o plan estatal",32,4887,4898,9785,Mendoza
7947,"No tiene obra social, prepaga o plan estatal",33,5202,4546,9748,Mendoza
7948,"No tiene obra social, prepaga o plan estatal",34,4861,4259,9120,Mendoza
7949,"No tiene obra social, prepaga o plan estatal",35,4327,4931,9258,Mendoza
7950,"No tiene obra social, prepaga o plan estatal",36,4137,4206,8343,Mendoza
7951,"No tiene obra social, prepaga o plan estatal",37,3831,3946,7777,Mendoza
7952,"No tiene obra social, prepaga o plan estatal",38,3896,3756,7652,Mendoza
7953,"No tiene obra social, prepaga o plan estatal",39,3614,3512,7126,Mendoza
7954,"No tiene obra social, prepaga o plan estatal",40,3703,3840,7543,Mendoza
7955,"No tiene obra social, prepaga o plan estatal",41,3216,3232,6448,Mendoza
7956,"No tiene obra social, prepaga o plan estatal",42,3353,3580,6933,Mendoza
7957,"No tiene obra social, prepaga o plan estatal",43,3214,3265,6479,Mendoza
7958,"No tiene obra social, prepaga o plan estatal",44,2885,3117,6002,Mendoza
7959,"No tiene obra social, prepaga o plan estatal",45,3278,3180,6458,Mendoza
7960,"No tiene obra social, prepaga o plan estatal",46,3097,3206,6303,Mendoza
7961,"No tiene obra social, prepaga o plan estatal",47,3004,3243,6247,Mendoza
7962,"No tiene obra social, prepaga o plan estatal",48,3362,3144,6506,Mendoza
7963,"No tiene obra social, prepaga o plan estatal",49,3117,3155,6272,Mendoza
7964,"No tiene obra social, prepaga o plan estatal",50,2933,3153,6086,Mendoza
7965,"No tiene obra social, prepaga o plan estatal",51,2897,2919,5816,Mendoza
7966,"No tiene obra social, prepaga o plan estatal",52,2907,3289,6196,Mendoza
7967,"No tiene obra social, prepaga o plan estatal",53,3042,2974,6016,Mendoza
7968,"No tiene obra social, prepaga o plan estatal",54,2970,3163,6133,Mendoza
7969,"No tiene obra social, prepaga o plan estatal",55,3074,2878,5952,Mendoza
7970,"No tiene obra social, prepaga o plan estatal",56,2837,3192,6029,Mendoza
7971,"No tiene obra social, prepaga o plan estatal",57,3022,2668,5690,Mendoza
7972,"No tiene obra social, prepaga o plan estatal",58,2864,2957,5821,Mendoza
7973,"No tiene obra social, prepaga o plan estatal",59,2618,2533,5151,Mendoza
7974,"No tiene obra social, prepaga o plan estatal",60,2847,2344,5191,Mendoza
7975,"No tiene obra social, prepaga o plan estatal",61,2431,1156,3587,Mendoza
7976,"No tiene obra social, prepaga o plan estatal",62,2534,766,3300,Mendoza
7977,"No tiene obra social, prepaga o plan estatal",63,2221,597,2818,Mendoza
7978,"No tiene obra social, prepaga o plan estatal",64,1796,500,2296,Mendoza
7979,"No tiene obra social, prepaga o plan estatal",65,1486,371,1857,Mendoza
7980,"No tiene obra social, prepaga o plan estatal",66,669,205,874,Mendoza
7981,"No tiene obra social, prepaga o plan estatal",67,448,199,647,Mendoza
7982,"No tiene obra social, prepaga o plan estatal",68,357,234,591,Mendoza
7983,"No tiene obra social, prepaga o plan estatal",69,267,178,445,Mendoza
7984,"No tiene obra social, prepaga o plan estatal",70,305,184,489,Mendoza
7985,"No tiene obra social, prepaga o plan estatal",71,133,152,285,Mendoza
7986,"No tiene obra social, prepaga o plan estatal",72,129,122,251,Mendoza
7987,"No tiene obra social, prepaga o plan estatal",73,161,114,275,Mendoza
7988,"No tiene obra social, prepaga o plan estatal",74,197,96,293,Mendoza
7989,"No tiene obra social, prepaga o plan estatal",75,148,143,291,Mendoza
7990,"No tiene obra social, prepaga o plan estatal",76,89,66,155,Mendoza
7991,"No tiene obra social, prepaga o plan estatal",77,105,124,229,Mendoza
7992,"No tiene obra social, prepaga o plan estatal",78,98,122,220,Mendoza
7993,"No tiene obra social, prepaga o plan estatal",79,107,121,228,Mendoza
7994,"No tiene obra social, prepaga o plan estatal",80,94,133,227,Mendoza
7995,"No tiene obra social, prepaga o plan estatal",81,37,58,95,Mendoza
7996,"No tiene obra social, prepaga o plan estatal",82,53,63,116,Mendoza
7997,"No tiene obra social, prepaga o plan estatal",83,47,89,136,Mendoza
7998,"No tiene obra social, prepaga o plan estatal",84,40,45,85,Mendoza
7999,"No tiene obra social, prepaga o plan estatal",85,32,56,88,Mendoza
8000,"No tiene obra social, prepaga o plan estatal",86,12,50,62,Mendoza
8001,"No tiene obra social, prepaga o plan estatal",87,28,22,50,Mendoza
8002,"No tiene obra social, prepaga o plan estatal",88,11,25,36,Mendoza
8003,"No tiene obra social, prepaga o plan estatal",89,8,47,55,Mendoza
8004,"No tiene obra social, prepaga o plan estatal",90,5,42,47,Mendoza
8005,"No tiene obra social, prepaga o plan estatal",91,7,9,16,Mendoza
8006,"No tiene obra social, prepaga o plan estatal",92,3,4,7,Mendoza
8007,"No tiene obra social, prepaga o plan estatal",93,3,22,25,Mendoza
8008,"No tiene obra social, prepaga o plan estatal",94,12,10,22,Mendoza
8009,"No tiene obra social, prepaga o plan estatal",95,-,9,9,Mendoza
8010,"No tiene obra social, prepaga o plan estatal",96,1,5,6,Mendoza
8011,"No tiene obra social, prepaga o plan estatal",97,1,1,2,Mendoza
8012,"No tiene obra social, prepaga o plan estatal",98,1,2,3,Mendoza
8013,"No tiene obra social, prepaga o plan estatal",99,-,1,1,Mendoza
8014,"No tiene obra social, prepaga o plan estatal",100,2,2,4,Mendoza
8015,"No tiene obra social, prepaga o plan estatal",102,1,-,1,Mendoza
8016,"No tiene obra social, prepaga o plan estatal",108,6,1,7,Mendoza
8130,AREA # 54,Misiones,,,,Misiones
8131,AREA # 54,,,,,Misiones
8132,Cobertura de salud,Edad,Sexo,,,Misiones
8133,Obra social (incluye PAMI),,Varón,Mujer,Total,Misiones
8134,Obra social (incluye PAMI),0,3684,3690,7374,Misiones
8135,Obra social (incluye PAMI),1,3830,3688,7518,Misiones
8136,Obra social (incluye PAMI),2,4033,3507,7540,Misiones
8137,Obra social (incluye PAMI),3,3798,3759,7557,Misiones
8138,Obra social (incluye PAMI),4,4295,3796,8091,Misiones
8139,Obra social (incluye PAMI),5,3871,3832,7703,Misiones
8140,Obra social (incluye PAMI),6,4241,4196,8437,Misiones
8141,Obra social (incluye PAMI),7,4532,4279,8811,Misiones
8142,Obra social (incluye PAMI),8,4721,4152,8873,Misiones
8143,Obra social (incluye PAMI),9,4606,4605,9211,Misiones
8144,Obra social (incluye PAMI),10,4775,4872,9647,Misiones
8145,Obra social (incluye PAMI),11,4905,4722,9627,Misiones
8146,Obra social (incluye PAMI),12,4912,4406,9318,Misiones
8147,Obra social (incluye PAMI),13,4915,4732,9647,Misiones
8148,Obra social (incluye PAMI),14,5396,5240,10636,Misiones
8149,Obra social (incluye PAMI),15,5158,5099,10257,Misiones
8150,Obra social (incluye PAMI),16,4923,4893,9816,Misiones
8151,Obra social (incluye PAMI),17,4661,5057,9718,Misiones
8152,Obra social (incluye PAMI),18,4137,4216,8353,Misiones
8153,Obra social (incluye PAMI),19,4315,4075,8390,Misiones
8154,Obra social (incluye PAMI),20,3170,3880,7050,Misiones
8155,Obra social (incluye PAMI),21,2766,2978,5744,Misiones
8156,Obra social (incluye PAMI),22,2693,2801,5494,Misiones
8157,Obra social (incluye PAMI),23,2577,3150,5727,Misiones
8158,Obra social (incluye PAMI),24,2879,3237,6116,Misiones
8159,Obra social (incluye PAMI),25,2811,3244,6055,Misiones
8160,Obra social (incluye PAMI),26,2827,2955,5782,Misiones
8161,Obra social (incluye PAMI),27,2890,3126,6016,Misiones
8162,Obra social (incluye PAMI),28,3093,3332,6425,Misiones
8163,Obra social (incluye PAMI),29,3132,3073,6205,Misiones
8164,Obra social (incluye PAMI),30,3145,3651,6796,Misiones
8165,Obra social (incluye PAMI),31,3341,3784,7125,Misiones
8166,Obra social (incluye PAMI),32,3076,3574,6650,Misiones
8167,Obra social (incluye PAMI),33,3122,3184,6306,Misiones
8168,Obra social (incluye PAMI),34,2818,3243,6061,Misiones
8169,Obra social (incluye PAMI),35,2870,3424,6294,Misiones
8170,Obra social (incluye PAMI),36,2808,3218,6026,Misiones
8171,Obra social (incluye PAMI),37,2755,3096,5851,Misiones
8172,Obra social (incluye PAMI),38,2795,3204,5999,Misiones
8173,Obra social (incluye PAMI),39,2599,2984,5583,Misiones
8174,Obra social (incluye PAMI),40,2588,3005,5593,Misiones
8175,Obra social (incluye PAMI),41,2495,2582,5077,Misiones
8176,Obra social (incluye PAMI),42,2415,2619,5034,Misiones
8177,Obra social (incluye PAMI),43,2369,2841,5210,Misiones
8178,Obra social (incluye PAMI),44,2503,2779,5282,Misiones
8179,Obra social (incluye PAMI),45,2537,2932,5469,Misiones
8180,Obra social (incluye PAMI),46,2435,3053,5488,Misiones
8181,Obra social (incluye PAMI),47,2783,2890,5673,Misiones
8182,Obra social (incluye PAMI),48,2602,2805,5407,Misiones
8183,Obra social (incluye PAMI),49,2307,2507,4814,Misiones
8184,Obra social (incluye PAMI),50,2347,2806,5153,Misiones
8185,Obra social (incluye PAMI),51,2245,2330,4575,Misiones
8186,Obra social (incluye PAMI),52,2434,2463,4897,Misiones
8187,Obra social (incluye PAMI),53,2111,2333,4444,Misiones
8188,Obra social (incluye PAMI),54,2018,2324,4342,Misiones
8189,Obra social (incluye PAMI),55,2026,2398,4424,Misiones
8190,Obra social (incluye PAMI),56,2030,1942,3972,Misiones
8191,Obra social (incluye PAMI),57,1885,2068,3953,Misiones
8192,Obra social (incluye PAMI),58,1749,1993,3742,Misiones
8193,Obra social (incluye PAMI),59,1570,2037,3607,Misiones
8194,Obra social (incluye PAMI),60,1560,2124,3684,Misiones
8195,Obra social (incluye PAMI),61,1484,2131,3615,Misiones
8196,Obra social (incluye PAMI),62,1300,2101,3401,Misiones
8197,Obra social (incluye PAMI),63,1359,2479,3838,Misiones
8198,Obra social (incluye PAMI),64,1405,2253,3658,Misiones
8199,Obra social (incluye PAMI),65,1529,2291,3820,Misiones
8200,Obra social (incluye PAMI),66,1812,2199,4011,Misiones
8201,Obra social (incluye PAMI),67,1811,2185,3996,Misiones
8202,Obra social (incluye PAMI),68,1788,1945,3733,Misiones
8203,Obra social (incluye PAMI),69,1697,1837,3534,Misiones
8204,Obra social (incluye PAMI),70,1774,2025,3799,Misiones
8205,Obra social (incluye PAMI),71,1654,1741,3395,Misiones
8206,Obra social (incluye PAMI),72,1406,1776,3182,Misiones
8207,Obra social (incluye PAMI),73,1543,1677,3220,Misiones
8208,Obra social (incluye PAMI),74,1358,1483,2841,Misiones
8209,Obra social (incluye PAMI),75,1233,1466,2699,Misiones
8210,Obra social (incluye PAMI),76,1028,1276,2304,Misiones
8211,Obra social (incluye PAMI),77,1052,1111,2163,Misiones
8212,Obra social (incluye PAMI),78,967,984,1951,Misiones
8213,Obra social (incluye PAMI),79,756,1111,1867,Misiones
8214,Obra social (incluye PAMI),80,856,1229,2085,Misiones
8215,Obra social (incluye PAMI),81,683,964,1647,Misiones
8216,Obra social (incluye PAMI),82,578,762,1340,Misiones
8217,Obra social (incluye PAMI),83,483,776,1259,Misiones
8218,Obra social (incluye PAMI),84,521,576,1097,Misiones
8219,Obra social (incluye PAMI),85,338,564,902,Misiones
8220,Obra social (incluye PAMI),86,280,430,710,Misiones
8221,Obra social (incluye PAMI),87,270,386,656,Misiones
8222,Obra social (incluye PAMI),88,235,322,557,Misiones
8223,Obra social (incluye PAMI),89,103,253,356,Misiones
8224,Obra social (incluye PAMI),90,130,240,370,Misiones
8225,Obra social (incluye PAMI),91,90,147,237,Misiones
8226,Obra social (incluye PAMI),92,62,102,164,Misiones
8227,Obra social (incluye PAMI),93,75,108,183,Misiones
8228,Obra social (incluye PAMI),94,40,54,94,Misiones
8229,Obra social (incluye PAMI),95,26,76,102,Misiones
8230,Obra social (incluye PAMI),96,16,28,44,Misiones
8231,Obra social (incluye PAMI),97,9,25,34,Misiones
8232,Obra social (incluye PAMI),98,3,22,25,Misiones
8233,Obra social (incluye PAMI),99,1,23,24,Misiones
8234,Obra social (incluye PAMI),100,1,15,16,Misiones
8235,Obra social (incluye PAMI),101,3,4,7,Misiones
8236,Obra social (incluye PAMI),102,1,-,1,Misiones
8237,Obra social (incluye PAMI),103,1,3,4,Misiones
8238,Obra social (incluye PAMI),104,-,1,1,Misiones
8239,Obra social (incluye PAMI),105,1,2,3,Misiones
8240,Obra social (incluye PAMI),106,-,1,1,Misiones
8241,Obra social (incluye PAMI),107,1,1,2,Misiones
8242,Obra social (incluye PAMI),110,1,2,3,Misiones
8244,Prepaga a través de obra social,,Varón,Mujer,Total,Misiones
8245,Prepaga a través de obra social,0,795,756,1551,Misiones
8246,Prepaga a través de obra social,1,673,734,1407,Misiones
8247,Prepaga a través de obra social,2,759,864,1623,Misiones
8248,Prepaga a través de obra social,3,739,799,1538,Misiones
8249,Prepaga a través de obra social,4,674,697,1371,Misiones
8250,Prepaga a través de obra social,5,758,766,1524,Misiones
8251,Prepaga a través de obra social,6,843,760,1603,Misiones
8252,Prepaga a través de obra social,7,861,839,1700,Misiones
8253,Prepaga a través de obra social,8,850,743,1593,Misiones
8254,Prepaga a través de obra social,9,744,850,1594,Misiones
8255,Prepaga a través de obra social,10,861,884,1745,Misiones
8256,Prepaga a través de obra social,11,942,877,1819,Misiones
8257,Prepaga a través de obra social,12,821,823,1644,Misiones
8258,Prepaga a través de obra social,13,841,782,1623,Misiones
8259,Prepaga a través de obra social,14,960,978,1938,Misiones
8260,Prepaga a través de obra social,15,870,870,1740,Misiones
8261,Prepaga a través de obra social,16,753,893,1646,Misiones
8262,Prepaga a través de obra social,17,731,858,1589,Misiones
8263,Prepaga a través de obra social,18,714,610,1324,Misiones
8264,Prepaga a través de obra social,19,621,752,1373,Misiones
8265,Prepaga a través de obra social,20,557,724,1281,Misiones
8266,Prepaga a través de obra social,21,357,569,926,Misiones
8267,Prepaga a través de obra social,22,435,470,905,Misiones
8268,Prepaga a través de obra social,23,480,576,1056,Misiones
8269,Prepaga a través de obra social,24,616,659,1275,Misiones
8270,Prepaga a través de obra social,25,609,642,1251,Misiones
8271,Prepaga a través de obra social,26,627,637,1264,Misiones
8272,Prepaga a través de obra social,27,664,717,1381,Misiones
8273,Prepaga a través de obra social,28,637,646,1283,Misiones
8274,Prepaga a través de obra social,29,638,584,1222,Misiones
8275,Prepaga a través de obra social,30,717,770,1487,Misiones
8276,Prepaga a través de obra social,31,686,645,1331,Misiones
8277,Prepaga a través de obra social,32,622,594,1216,Misiones
8278,Prepaga a través de obra social,33,702,637,1339,Misiones
8279,Prepaga a través de obra social,34,629,647,1276,Misiones
8280,Prepaga a través de obra social,35,655,590,1245,Misiones
8281,Prepaga a través de obra social,36,608,488,1096,Misiones
8282,Prepaga a través de obra social,37,592,594,1186,Misiones
8283,Prepaga a través de obra social,38,577,520,1097,Misiones
8284,Prepaga a través de obra social,39,503,543,1046,Misiones
8285,Prepaga a través de obra social,40,555,464,1019,Misiones
8286,Prepaga a través de obra social,41,451,524,975,Misiones
8287,Prepaga a través de obra social,42,461,456,917,Misiones
8288,Prepaga a través de obra social,43,466,392,858,Misiones
8289,Prepaga a través de obra social,44,450,427,877,Misiones
8290,Prepaga a través de obra social,45,514,491,1005,Misiones
8291,Prepaga a través de obra social,46,419,477,896,Misiones
8292,Prepaga a través de obra social,47,479,478,957,Misiones
8293,Prepaga a través de obra social,48,438,483,921,Misiones
8294,Prepaga a través de obra social,49,388,412,800,Misiones
8295,Prepaga a través de obra social,50,545,434,979,Misiones
8296,Prepaga a través de obra social,51,338,420,758,Misiones
8297,Prepaga a través de obra social,52,378,306,684,Misiones
8298,Prepaga a través de obra social,53,537,254,791,Misiones
8299,Prepaga a través de obra social,54,308,324,632,Misiones
8300,Prepaga a través de obra social,55,328,238,566,Misiones
8301,Prepaga a través de obra social,56,338,285,623,Misiones
8302,Prepaga a través de obra social,57,276,241,517,Misiones
8303,Prepaga a través de obra social,58,344,292,636,Misiones
8304,Prepaga a través de obra social,59,209,223,432,Misiones
8305,Prepaga a través de obra social,60,308,211,519,Misiones
8306,Prepaga a través de obra social,61,243,110,353,Misiones
8307,Prepaga a través de obra social,62,221,141,362,Misiones
8308,Prepaga a través de obra social,63,162,74,236,Misiones
8309,Prepaga a través de obra social,64,186,104,290,Misiones
8310,Prepaga a través de obra social,65,158,43,201,Misiones
8311,Prepaga a través de obra social,66,84,61,145,Misiones
8312,Prepaga a través de obra social,67,92,48,140,Misiones
8313,Prepaga a través de obra social,68,71,48,119,Misiones
8314,Prepaga a través de obra social,69,76,36,112,Misiones
8315,Prepaga a través de obra social,70,50,39,89,Misiones
8316,Prepaga a través de obra social,71,36,26,62,Misiones
8317,Prepaga a través de obra social,72,41,30,71,Misiones
8318,Prepaga a través de obra social,73,25,18,43,Misiones
8319,Prepaga a través de obra social,74,11,35,46,Misiones
8320,Prepaga a través de obra social,75,20,29,49,Misiones
8321,Prepaga a través de obra social,76,7,27,34,Misiones
8322,Prepaga a través de obra social,77,38,36,74,Misiones
8323,Prepaga a través de obra social,78,13,36,49,Misiones
8324,Prepaga a través de obra social,79,13,6,19,Misiones
8325,Prepaga a través de obra social,80,10,8,18,Misiones
8326,Prepaga a través de obra social,81,32,29,61,Misiones
8327,Prepaga a través de obra social,82,17,27,44,Misiones
8328,Prepaga a través de obra social,83,2,3,5,Misiones
8329,Prepaga a través de obra social,84,12,2,14,Misiones
8330,Prepaga a través de obra social,85,5,2,7,Misiones
8331,Prepaga a través de obra social,86,1,18,19,Misiones
8332,Prepaga a través de obra social,87,-,1,1,Misiones
8333,Prepaga a través de obra social,88,-,3,3,Misiones
8334,Prepaga a través de obra social,89,12,3,15,Misiones
8335,Prepaga a través de obra social,90,1,-,1,Misiones
8336,Prepaga a través de obra social,91,1,1,2,Misiones
8337,Prepaga a través de obra social,92,2,2,4,Misiones
8338,Prepaga a través de obra social,93,2,1,3,Misiones
8339,Prepaga a través de obra social,94,1,-,1,Misiones
8340,Prepaga a través de obra social,95,1,1,2,Misiones
8341,Prepaga a través de obra social,98,1,-,1,Misiones
8342,Prepaga a través de obra social,100,-,1,1,Misiones
8344,Prepaga sólo por contratación voluntaria,,Varón,Mujer,Total,Misiones
8345,Prepaga sólo por contratación voluntaria,0,166,285,451,Misiones
8346,Prepaga sólo por contratación voluntaria,1,207,177,384,Misiones
8347,Prepaga sólo por contratación voluntaria,2,226,169,395,Misiones
8348,Prepaga sólo por contratación voluntaria,3,220,193,413,Misiones
8349,Prepaga sólo por contratación voluntaria,4,162,186,348,Misiones
8350,Prepaga sólo por contratación voluntaria,5,203,243,446,Misiones
8351,Prepaga sólo por contratación voluntaria,6,191,151,342,Misiones
8352,Prepaga sólo por contratación voluntaria,7,240,197,437,Misiones
8353,Prepaga sólo por contratación voluntaria,8,193,137,330,Misiones
8354,Prepaga sólo por contratación voluntaria,9,185,231,416,Misiones
8355,Prepaga sólo por contratación voluntaria,10,194,194,388,Misiones
8356,Prepaga sólo por contratación voluntaria,11,233,241,474,Misiones
8357,Prepaga sólo por contratación voluntaria,12,165,192,357,Misiones
8358,Prepaga sólo por contratación voluntaria,13,204,223,427,Misiones
8359,Prepaga sólo por contratación voluntaria,14,188,220,408,Misiones
8360,Prepaga sólo por contratación voluntaria,15,220,211,431,Misiones
8361,Prepaga sólo por contratación voluntaria,16,171,143,314,Misiones
8362,Prepaga sólo por contratación voluntaria,17,181,200,381,Misiones
8363,Prepaga sólo por contratación voluntaria,18,173,174,347,Misiones
8364,Prepaga sólo por contratación voluntaria,19,147,241,388,Misiones
8365,Prepaga sólo por contratación voluntaria,20,193,175,368,Misiones
8366,Prepaga sólo por contratación voluntaria,21,146,213,359,Misiones
8367,Prepaga sólo por contratación voluntaria,22,149,134,283,Misiones
8368,Prepaga sólo por contratación voluntaria,23,169,150,319,Misiones
8369,Prepaga sólo por contratación voluntaria,24,168,233,401,Misiones
8370,Prepaga sólo por contratación voluntaria,25,211,219,430,Misiones
8371,Prepaga sólo por contratación voluntaria,26,221,215,436,Misiones
8372,Prepaga sólo por contratación voluntaria,27,152,244,396,Misiones
8373,Prepaga sólo por contratación voluntaria,28,216,211,427,Misiones
8374,Prepaga sólo por contratación voluntaria,29,248,178,426,Misiones
8375,Prepaga sólo por contratación voluntaria,30,267,211,478,Misiones
8376,Prepaga sólo por contratación voluntaria,31,212,320,532,Misiones
8377,Prepaga sólo por contratación voluntaria,32,255,294,549,Misiones
8378,Prepaga sólo por contratación voluntaria,33,205,234,439,Misiones
8379,Prepaga sólo por contratación voluntaria,34,216,207,423,Misiones
8380,Prepaga sólo por contratación voluntaria,35,238,242,480,Misiones
8381,Prepaga sólo por contratación voluntaria,36,194,168,362,Misiones
8382,Prepaga sólo por contratación voluntaria,37,151,147,298,Misiones
8383,Prepaga sólo por contratación voluntaria,38,127,159,286,Misiones
8384,Prepaga sólo por contratación voluntaria,39,218,128,346,Misiones
8385,Prepaga sólo por contratación voluntaria,40,236,171,407,Misiones
8386,Prepaga sólo por contratación voluntaria,41,210,171,381,Misiones
8387,Prepaga sólo por contratación voluntaria,42,146,128,274,Misiones
8388,Prepaga sólo por contratación voluntaria,43,194,136,330,Misiones
8389,Prepaga sólo por contratación voluntaria,44,210,140,350,Misiones
8390,Prepaga sólo por contratación voluntaria,45,177,157,334,Misiones
8391,Prepaga sólo por contratación voluntaria,46,152,114,266,Misiones
8392,Prepaga sólo por contratación voluntaria,47,152,128,280,Misiones
8393,Prepaga sólo por contratación voluntaria,48,132,87,219,Misiones
8394,Prepaga sólo por contratación voluntaria,49,149,177,326,Misiones
8395,Prepaga sólo por contratación voluntaria,50,126,108,234,Misiones
8396,Prepaga sólo por contratación voluntaria,51,153,128,281,Misiones
8397,Prepaga sólo por contratación voluntaria,52,144,109,253,Misiones
8398,Prepaga sólo por contratación voluntaria,53,144,118,262,Misiones
8399,Prepaga sólo por contratación voluntaria,54,126,126,252,Misiones
8400,Prepaga sólo por contratación voluntaria,55,149,103,252,Misiones
8401,Prepaga sólo por contratación voluntaria,56,100,88,188,Misiones
8402,Prepaga sólo por contratación voluntaria,57,117,149,266,Misiones
8403,Prepaga sólo por contratación voluntaria,58,155,74,229,Misiones
8404,Prepaga sólo por contratación voluntaria,59,136,90,226,Misiones
8405,Prepaga sólo por contratación voluntaria,60,157,109,266,Misiones
8406,Prepaga sólo por contratación voluntaria,61,134,33,167,Misiones
8407,Prepaga sólo por contratación voluntaria,62,121,28,149,Misiones
8408,Prepaga sólo por contratación voluntaria,63,56,57,113,Misiones
8409,Prepaga sólo por contratación voluntaria,64,53,9,62,Misiones
8410,Prepaga sólo por contratación voluntaria,65,69,10,79,Misiones
8411,Prepaga sólo por contratación voluntaria,66,36,7,43,Misiones
8412,Prepaga sólo por contratación voluntaria,67,18,11,29,Misiones
8413,Prepaga sólo por contratación voluntaria,68,17,29,46,Misiones
8414,Prepaga sólo por contratación voluntaria,69,19,25,44,Misiones
8415,Prepaga sólo por contratación voluntaria,70,6,3,9,Misiones
8416,Prepaga sólo por contratación voluntaria,71,17,15,32,Misiones
8417,Prepaga sólo por contratación voluntaria,72,20,6,26,Misiones
8418,Prepaga sólo por contratación voluntaria,73,6,3,9,Misiones
8419,Prepaga sólo por contratación voluntaria,74,25,5,30,Misiones
8420,Prepaga sólo por contratación voluntaria,75,13,13,26,Misiones
8421,Prepaga sólo por contratación voluntaria,76,3,5,8,Misiones
8422,Prepaga sólo por contratación voluntaria,77,5,15,20,Misiones
8423,Prepaga sólo por contratación voluntaria,78,13,1,14,Misiones
8424,Prepaga sólo por contratación voluntaria,79,2,1,3,Misiones
8425,Prepaga sólo por contratación voluntaria,80,2,10,12,Misiones
8426,Prepaga sólo por contratación voluntaria,81,2,2,4,Misiones
8427,Prepaga sólo por contratación voluntaria,82,1,2,3,Misiones
8428,Prepaga sólo por contratación voluntaria,83,-,1,1,Misiones
8429,Prepaga sólo por contratación voluntaria,86,1,1,2,Misiones
8430,Prepaga sólo por contratación voluntaria,87,2,1,3,Misiones
8431,Prepaga sólo por contratación voluntaria,89,-,14,14,Misiones
8432,Prepaga sólo por contratación voluntaria,92,1,-,1,Misiones
8433,Prepaga sólo por contratación voluntaria,93,-,1,1,Misiones
8434,Prepaga sólo por contratación voluntaria,94,10,-,10,Misiones
8436,Programas o planes estatales de salud,,Varón,Mujer,Total,Misiones
8437,Programas o planes estatales de salud,0,1104,1204,2308,Misiones
8438,Programas o planes estatales de salud,1,1052,1028,2080,Misiones
8439,Programas o planes estatales de salud,2,1010,964,1974,Misiones
8440,Programas o planes estatales de salud,3,967,896,1863,Misiones
8441,Programas o planes estatales de salud,4,853,807,1660,Misiones
8442,Programas o planes estatales de salud,5,837,807,1644,Misiones
8443,Programas o planes estatales de salud,6,695,682,1377,Misiones
8444,Programas o planes estatales de salud,7,597,587,1184,Misiones
8445,Programas o planes estatales de salud,8,623,502,1125,Misiones
8446,Programas o planes estatales de salud,9,508,470,978,Misiones
8447,Programas o planes estatales de salud,10,615,570,1185,Misiones
8448,Programas o planes estatales de salud,11,530,562,1092,Misiones
8449,Programas o planes estatales de salud,12,596,493,1089,Misiones
8450,Programas o planes estatales de salud,13,562,632,1194,Misiones
8451,Programas o planes estatales de salud,14,586,615,1201,Misiones
8452,Programas o planes estatales de salud,15,629,528,1157,Misiones
8453,Programas o planes estatales de salud,16,560,597,1157,Misiones
8454,Programas o planes estatales de salud,17,480,467,947,Misiones
8455,Programas o planes estatales de salud,18,430,412,842,Misiones
8456,Programas o planes estatales de salud,19,372,424,796,Misiones
8457,Programas o planes estatales de salud,20,309,396,705,Misiones
8458,Programas o planes estatales de salud,21,218,285,503,Misiones
8459,Programas o planes estatales de salud,22,191,238,429,Misiones
8460,Programas o planes estatales de salud,23,172,270,442,Misiones
8461,Programas o planes estatales de salud,24,125,388,513,Misiones
8462,Programas o planes estatales de salud,25,163,364,527,Misiones
8463,Programas o planes estatales de salud,26,202,286,488,Misiones
8464,Programas o planes estatales de salud,27,205,373,578,Misiones
8465,Programas o planes estatales de salud,28,156,304,460,Misiones
8466,Programas o planes estatales de salud,29,191,373,564,Misiones
8467,Programas o planes estatales de salud,30,197,342,539,Misiones
8468,Programas o planes estatales de salud,31,192,319,511,Misiones
8469,Programas o planes estatales de salud,32,217,326,543,Misiones
8470,Programas o planes estatales de salud,33,216,339,555,Misiones
8471,Programas o planes estatales de salud,34,175,315,490,Misiones
8472,Programas o planes estatales de salud,35,235,308,543,Misiones
8473,Programas o planes estatales de salud,36,151,317,468,Misiones
8474,Programas o planes estatales de salud,37,197,307,504,Misiones
8475,Programas o planes estatales de salud,38,235,399,634,Misiones
8476,Programas o planes estatales de salud,39,199,312,511,Misiones
8477,Programas o planes estatales de salud,40,221,354,575,Misiones
8478,Programas o planes estatales de salud,41,282,255,537,Misiones
8479,Programas o planes estatales de salud,42,204,275,479,Misiones
8480,Programas o planes estatales de salud,43,223,340,563,Misiones
8481,Programas o planes estatales de salud,44,176,360,536,Misiones
8482,Programas o planes estatales de salud,45,199,309,508,Misiones
8483,Programas o planes estatales de salud,46,264,285,549,Misiones
8484,Programas o planes estatales de salud,47,219,329,548,Misiones
8485,Programas o planes estatales de salud,48,262,351,613,Misiones
8486,Programas o planes estatales de salud,49,271,326,597,Misiones
8487,Programas o planes estatales de salud,50,246,344,590,Misiones
8488,Programas o planes estatales de salud,51,198,318,516,Misiones
8489,Programas o planes estatales de salud,52,154,241,395,Misiones
8490,Programas o planes estatales de salud,53,226,291,517,Misiones
8491,Programas o planes estatales de salud,54,220,347,567,Misiones
8492,Programas o planes estatales de salud,55,224,322,546,Misiones
8493,Programas o planes estatales de salud,56,159,281,440,Misiones
8494,Programas o planes estatales de salud,57,192,300,492,Misiones
8495,Programas o planes estatales de salud,58,185,311,496,Misiones
8496,Programas o planes estatales de salud,59,243,240,483,Misiones
8497,Programas o planes estatales de salud,60,213,285,498,Misiones
8498,Programas o planes estatales de salud,61,216,184,400,Misiones
8499,Programas o planes estatales de salud,62,148,170,318,Misiones
8500,Programas o planes estatales de salud,63,201,129,330,Misiones
8501,Programas o planes estatales de salud,64,164,95,259,Misiones
8502,Programas o planes estatales de salud,65,138,69,207,Misiones
8503,Programas o planes estatales de salud,66,73,67,140,Misiones
8504,Programas o planes estatales de salud,67,48,97,145,Misiones
8505,Programas o planes estatales de salud,68,50,61,111,Misiones
8506,Programas o planes estatales de salud,69,42,65,107,Misiones
8507,Programas o planes estatales de salud,70,42,84,126,Misiones
8508,Programas o planes estatales de salud,71,22,51,73,Misiones
8509,Programas o planes estatales de salud,72,24,58,82,Misiones
8510,Programas o planes estatales de salud,73,26,25,51,Misiones
8511,Programas o planes estatales de salud,74,50,42,92,Misiones
8512,Programas o planes estatales de salud,75,23,43,66,Misiones
8513,Programas o planes estatales de salud,76,24,52,76,Misiones
8514,Programas o planes estatales de salud,77,11,20,31,Misiones
8515,Programas o planes estatales de salud,78,13,23,36,Misiones
8516,Programas o planes estatales de salud,79,14,11,25,Misiones
8517,Programas o planes estatales de salud,80,15,24,39,Misiones
8518,Programas o planes estatales de salud,81,17,37,54,Misiones
8519,Programas o planes estatales de salud,82,11,15,26,Misiones
8520,Programas o planes estatales de salud,83,13,19,32,Misiones
8521,Programas o planes estatales de salud,84,7,6,13,Misiones
8522,Programas o planes estatales de salud,85,7,29,36,Misiones
8523,Programas o planes estatales de salud,86,1,8,9,Misiones
8524,Programas o planes estatales de salud,87,-,4,4,Misiones
8525,Programas o planes estatales de salud,88,7,11,18,Misiones
8526,Programas o planes estatales de salud,89,3,26,29,Misiones
8527,Programas o planes estatales de salud,90,4,9,13,Misiones
8528,Programas o planes estatales de salud,91,4,4,8,Misiones
8529,Programas o planes estatales de salud,92,2,4,6,Misiones
8530,Programas o planes estatales de salud,93,1,2,3,Misiones
8531,Programas o planes estatales de salud,94,1,5,6,Misiones
8532,Programas o planes estatales de salud,95,1,1,2,Misiones
8533,Programas o planes estatales de salud,96,-,11,11,Misiones
8534,Programas o planes estatales de salud,97,-,1,1,Misiones
8535,Programas o planes estatales de salud,98,-,1,1,Misiones
8536,Programas o planes estatales de salud,103,-,1,1,Misiones
8537,Programas o planes estatales de salud,106,-,1,1,Misiones
8539,"No tiene obra social, prepaga o plan estatal",,Varón,Mujer,Total,Misiones
8540,"No tiene obra social, prepaga o plan estatal",0,6516,6234,12750,Misiones
8541,"No tiene obra social, prepaga o plan estatal",1,5745,5467,11212,Misiones
8542,"No tiene obra social, prepaga o plan estatal",2,5515,5409,10924,Misiones
8543,"No tiene obra social, prepaga o plan estatal",3,5060,5220,10280,Misiones
8544,"No tiene obra social, prepaga o plan estatal",4,5424,5247,10671,Misiones
8545,"No tiene obra social, prepaga o plan estatal",5,5440,4928,10368,Misiones
8546,"No tiene obra social, prepaga o plan estatal",6,5699,5609,11308,Misiones
8547,"No tiene obra social, prepaga o plan estatal",7,6050,5647,11697,Misiones
8548,"No tiene obra social, prepaga o plan estatal",8,6085,5897,11982,Misiones
8549,"No tiene obra social, prepaga o plan estatal",9,6203,6076,12279,Misiones
8550,"No tiene obra social, prepaga o plan estatal",10,6680,6384,13064,Misiones
8551,"No tiene obra social, prepaga o plan estatal",11,6341,6258,12599,Misiones
8552,"No tiene obra social, prepaga o plan estatal",12,6300,6095,12395,Misiones
8553,"No tiene obra social, prepaga o plan estatal",13,5821,5854,11675,Misiones
8554,"No tiene obra social, prepaga o plan estatal",14,6720,6466,13186,Misiones
8555,"No tiene obra social, prepaga o plan estatal",15,6336,6121,12457,Misiones
8556,"No tiene obra social, prepaga o plan estatal",16,5870,5578,11448,Misiones
8557,"No tiene obra social, prepaga o plan estatal",17,5818,5699,11517,Misiones
8558,"No tiene obra social, prepaga o plan estatal",18,5948,5692,11640,Misiones
8559,"No tiene obra social, prepaga o plan estatal",19,5810,6142,11952,Misiones
8560,"No tiene obra social, prepaga o plan estatal",20,5302,5147,10449,Misiones
8561,"No tiene obra social, prepaga o plan estatal",21,5378,5156,10534,Misiones
8562,"No tiene obra social, prepaga o plan estatal",22,5304,5354,10658,Misiones
8563,"No tiene obra social, prepaga o plan estatal",23,5299,4588,9887,Misiones
8564,"No tiene obra social, prepaga o plan estatal",24,4877,4692,9569,Misiones
8565,"No tiene obra social, prepaga o plan estatal",25,4527,4125,8652,Misiones
8566,"No tiene obra social, prepaga o plan estatal",26,4265,3911,8176,Misiones
8567,"No tiene obra social, prepaga o plan estatal",27,3913,4076,7989,Misiones
8568,"No tiene obra social, prepaga o plan estatal",28,4219,4014,8233,Misiones
8569,"No tiene obra social, prepaga o plan estatal",29,3819,3611,7430,Misiones
8570,"No tiene obra social, prepaga o plan estatal",30,3997,3626,7623,Misiones
8571,"No tiene obra social, prepaga o plan estatal",31,3153,3222,6375,Misiones
8572,"No tiene obra social, prepaga o plan estatal",32,3414,3273,6687,Misiones
8573,"No tiene obra social, prepaga o plan estatal",33,3066,3187,6253,Misiones
8574,"No tiene obra social, prepaga o plan estatal",34,2849,2753,5602,Misiones
8575,"No tiene obra social, prepaga o plan estatal",35,3033,2934,5967,Misiones
8576,"No tiene obra social, prepaga o plan estatal",36,2790,2643,5433,Misiones
8577,"No tiene obra social, prepaga o plan estatal",37,2515,2509,5024,Misiones
8578,"No tiene obra social, prepaga o plan estatal",38,2689,2562,5251,Misiones
8579,"No tiene obra social, prepaga o plan estatal",39,2409,2409,4818,Misiones
8580,"No tiene obra social, prepaga o plan estatal",40,2566,2436,5002,Misiones
8581,"No tiene obra social, prepaga o plan estatal",41,2176,2035,4211,Misiones
8582,"No tiene obra social, prepaga o plan estatal",42,2209,2045,4254,Misiones
8583,"No tiene obra social, prepaga o plan estatal",43,2285,2079,4364,Misiones
8584,"No tiene obra social, prepaga o plan estatal",44,2082,2127,4209,Misiones
8585,"No tiene obra social, prepaga o plan estatal",45,2421,2075,4496,Misiones
8586,"No tiene obra social, prepaga o plan estatal",46,2216,1992,4208,Misiones
8587,"No tiene obra social, prepaga o plan estatal",47,2058,2107,4165,Misiones
8588,"No tiene obra social, prepaga o plan estatal",48,2206,1995,4201,Misiones
8589,"No tiene obra social, prepaga o plan estatal",49,2046,1869,3915,Misiones
8590,"No tiene obra social, prepaga o plan estatal",50,2317,1790,4107,Misiones
8591,"No tiene obra social, prepaga o plan estatal",51,1947,1703,3650,Misiones
8592,"No tiene obra social, prepaga o plan estatal",52,1938,1680,3618,Misiones
8593,"No tiene obra social, prepaga o plan estatal",53,2125,1772,3897,Misiones
8594,"No tiene obra social, prepaga o plan estatal",54,1854,1423,3277,Misiones
8595,"No tiene obra social, prepaga o plan estatal",55,2043,1417,3460,Misiones
8596,"No tiene obra social, prepaga o plan estatal",56,1840,1331,3171,Misiones
8597,"No tiene obra social, prepaga o plan estatal",57,1611,1378,2989,Misiones
8598,"No tiene obra social, prepaga o plan estatal",58,1659,1273,2932,Misiones
8599,"No tiene obra social, prepaga o plan estatal",59,1476,1073,2549,Misiones
8600,"No tiene obra social, prepaga o plan estatal",60,1512,1069,2581,Misiones
8601,"No tiene obra social, prepaga o plan estatal",61,1155,787,1942,Misiones
8602,"No tiene obra social, prepaga o plan estatal",62,1211,655,1866,Misiones
8603,"No tiene obra social, prepaga o plan estatal",63,1222,452,1674,Misiones
8604,"No tiene obra social, prepaga o plan estatal",64,1012,331,1343,Misiones
8605,"No tiene obra social, prepaga o plan estatal",65,898,300,1198,Misiones
8606,"No tiene obra social, prepaga o plan estatal",66,405,202,607,Misiones
8607,"No tiene obra social, prepaga o plan estatal",67,287,213,500,Misiones
8608,"No tiene obra social, prepaga o plan estatal",68,266,162,428,Misiones
8609,"No tiene obra social, prepaga o plan estatal",69,202,141,343,Misiones
8610,"No tiene obra social, prepaga o plan estatal",70,247,283,530,Misiones
8611,"No tiene obra social, prepaga o plan estatal",71,156,150,306,Misiones
8612,"No tiene obra social, prepaga o plan estatal",72,165,153,318,Misiones
8613,"No tiene obra social, prepaga o plan estatal",73,147,138,285,Misiones
8614,"No tiene obra social, prepaga o plan estatal",74,161,138,299,Misiones
8615,"No tiene obra social, prepaga o plan estatal",75,136,171,307,Misiones
8616,"No tiene obra social, prepaga o plan estatal",76,90,102,192,Misiones
8617,"No tiene obra social, prepaga o plan estatal",77,100,155,255,Misiones
8618,"No tiene obra social, prepaga o plan estatal",78,113,99,212,Misiones
8619,"No tiene obra social, prepaga o plan estatal",79,83,97,180,Misiones
8620,"No tiene obra social, prepaga o plan estatal",80,80,118,198,Misiones
8621,"No tiene obra social, prepaga o plan estatal",81,62,67,129,Misiones
8622,"No tiene obra social, prepaga o plan estatal",82,56,73,129,Misiones
8623,"No tiene obra social, prepaga o plan estatal",83,55,82,137,Misiones
8624,"No tiene obra social, prepaga o plan estatal",84,60,85,145,Misiones
8625,"No tiene obra social, prepaga o plan estatal",85,38,46,84,Misiones
8626,"No tiene obra social, prepaga o plan estatal",86,27,33,60,Misiones
8627,"No tiene obra social, prepaga o plan estatal",87,24,32,56,Misiones
8628,"No tiene obra social, prepaga o plan estatal",88,24,43,67,Misiones
8629,"No tiene obra social, prepaga o plan estatal",89,10,31,41,Misiones
8630,"No tiene obra social, prepaga o plan estatal",90,29,42,71,Misiones
8631,"No tiene obra social, prepaga o plan estatal",91,4,33,37,Misiones
8632,"No tiene obra social, prepaga o plan estatal",92,8,11,19,Misiones
8633,"No tiene obra social, prepaga o plan estatal",93,20,12,32,Misiones
8634,"No tiene obra social, prepaga o plan estatal",94,4,10,14,Misiones
8635,"No tiene obra social, prepaga o plan estatal",95,7,11,18,Misiones
8636,"No tiene obra social, prepaga o plan estatal",96,10,5,15,Misiones
8637,"No tiene obra social, prepaga o plan estatal",97,1,13,14,Misiones
8638,"No tiene obra social, prepaga o plan estatal",98,4,4,8,Misiones
8639,"No tiene obra social, prepaga o plan estatal",99,1,5,6,Misiones
8640,"No tiene obra social, prepaga o plan estatal",100,2,3,5,Misiones
8641,"No tiene obra social, prepaga o plan estatal",101,1,4,5,Misiones
8642,"No tiene obra social, prepaga o plan estatal",102,11,-,11,Misiones
8643,"No tiene obra social, prepaga o plan estatal",103,1,1,2,Misiones
8644,"No tiene obra social, prepaga o plan estatal",104,-,11,11,Misiones
8645,"No tiene obra social, prepaga o plan estatal",105,-,3,3,Misiones
8646,"No tiene obra social, prepaga o plan estatal",106,1,-,1,Misiones
8647,"No tiene obra social, prepaga o plan estatal",108,-,1,1,Misiones
8648,"No tiene obra social, prepaga o plan estatal",110,3,2,5,Misiones
8763,AREA # 58,Neuquén,,,,Neuquén
8764,AREA # 58,,,,,Neuquén
8765,Cobertura de salud,Edad,Sexo,,,Neuquén
8766,Obra social (incluye PAMI),,Varón,Mujer,Total,Neuquén
8767,Obra social (incluye PAMI),0,2072,2199,4271,Neuquén
8768,Obra social (incluye PAMI),1,2465,2265,4730,Neuquén
8769,Obra social (incluye PAMI),2,2392,2373,4765,Neuquén
8770,Obra social (incluye PAMI),3,2407,2094,4501,Neuquén
8771,Obra social (incluye PAMI),4,2311,2344,4655,Neuquén
8772,Obra social (incluye PAMI),5,2408,2111,4519,Neuquén
8773,Obra social (incluye PAMI),6,2336,2095,4431,Neuquén
8774,Obra social (incluye PAMI),7,2035,2282,4317,Neuquén
8775,Obra social (incluye PAMI),8,2453,2270,4723,Neuquén
8776,Obra social (incluye PAMI),9,2611,2072,4683,Neuquén
8777,Obra social (incluye PAMI),10,2670,2287,4957,Neuquén
8778,Obra social (incluye PAMI),11,2868,2416,5284,Neuquén
8779,Obra social (incluye PAMI),12,2480,2289,4769,Neuquén
8780,Obra social (incluye PAMI),13,2711,2576,5287,Neuquén
8781,Obra social (incluye PAMI),14,2719,2498,5217,Neuquén
8782,Obra social (incluye PAMI),15,2753,2770,5523,Neuquén
8783,Obra social (incluye PAMI),16,2721,2917,5638,Neuquén
8784,Obra social (incluye PAMI),17,2859,2737,5596,Neuquén
8785,Obra social (incluye PAMI),18,2372,2568,4940,Neuquén
8786,Obra social (incluye PAMI),19,2151,2287,4438,Neuquén
8787,Obra social (incluye PAMI),20,1890,1821,3711,Neuquén
8788,Obra social (incluye PAMI),21,1631,1529,3160,Neuquén
8789,Obra social (incluye PAMI),22,1733,1528,3261,Neuquén
8790,Obra social (incluye PAMI),23,1742,1491,3233,Neuquén
8791,Obra social (incluye PAMI),24,1595,1958,3553,Neuquén
8792,Obra social (incluye PAMI),25,1783,1769,3552,Neuquén
8793,Obra social (incluye PAMI),26,1639,1816,3455,Neuquén
8794,Obra social (incluye PAMI),27,1938,2110,4048,Neuquén
8795,Obra social (incluye PAMI),28,2164,2261,4425,Neuquén
8796,Obra social (incluye PAMI),29,1919,2257,4176,Neuquén
8797,Obra social (incluye PAMI),30,2312,2371,4683,Neuquén
8798,Obra social (incluye PAMI),31,2136,2445,4581,Neuquén
8799,Obra social (incluye PAMI),32,2192,2367,4559,Neuquén
8800,Obra social (incluye PAMI),33,2196,2506,4702,Neuquén
8801,Obra social (incluye PAMI),34,1991,2142,4133,Neuquén
8802,Obra social (incluye PAMI),35,2057,2290,4347,Neuquén
8803,Obra social (incluye PAMI),36,1841,2284,4125,Neuquén
8804,Obra social (incluye PAMI),37,1928,2316,4244,Neuquén
8805,Obra social (incluye PAMI),38,2092,2248,4340,Neuquén
8806,Obra social (incluye PAMI),39,1856,2081,3937,Neuquén
8807,Obra social (incluye PAMI),40,1872,2188,4060,Neuquén
8808,Obra social (incluye PAMI),41,1722,2003,3725,Neuquén
8809,Obra social (incluye PAMI),42,1567,1996,3563,Neuquén
8810,Obra social (incluye PAMI),43,1573,1803,3376,Neuquén
8811,Obra social (incluye PAMI),44,1705,1934,3639,Neuquén
8812,Obra social (incluye PAMI),45,1581,2052,3633,Neuquén
8813,Obra social (incluye PAMI),46,1813,2153,3966,Neuquén
8814,Obra social (incluye PAMI),47,1787,1969,3756,Neuquén
8815,Obra social (incluye PAMI),48,1537,1807,3344,Neuquén
8816,Obra social (incluye PAMI),49,1533,1533,3066,Neuquén
8817,Obra social (incluye PAMI),50,1455,1588,3043,Neuquén
8818,Obra social (incluye PAMI),51,1297,1624,2921,Neuquén
8819,Obra social (incluye PAMI),52,1381,1426,2807,Neuquén
8820,Obra social (incluye PAMI),53,1316,1323,2639,Neuquén
8821,Obra social (incluye PAMI),54,1294,1745,3039,Neuquén
8822,Obra social (incluye PAMI),55,1232,1236,2468,Neuquén
8823,Obra social (incluye PAMI),56,1218,1316,2534,Neuquén
8824,Obra social (incluye PAMI),57,1188,1327,2515,Neuquén
8825,Obra social (incluye PAMI),58,1107,1444,2551,Neuquén
8826,Obra social (incluye PAMI),59,1085,1408,2493,Neuquén
8827,Obra social (incluye PAMI),60,1144,1370,2514,Neuquén
8828,Obra social (incluye PAMI),61,884,1327,2211,Neuquén
8829,Obra social (incluye PAMI),62,900,1426,2326,Neuquén
8830,Obra social (incluye PAMI),63,927,1261,2188,Neuquén
8831,Obra social (incluye PAMI),64,924,1247,2171,Neuquén
8832,Obra social (incluye PAMI),65,961,1314,2275,Neuquén
8833,Obra social (incluye PAMI),66,861,1143,2004,Neuquén
8834,Obra social (incluye PAMI),67,961,974,1935,Neuquén
8835,Obra social (incluye PAMI),68,911,994,1905,Neuquén
8836,Obra social (incluye PAMI),69,831,1039,1870,Neuquén
8837,Obra social (incluye PAMI),70,969,1021,1990,Neuquén
8838,Obra social (incluye PAMI),71,698,822,1520,Neuquén
8839,Obra social (incluye PAMI),72,710,867,1577,Neuquén
8840,Obra social (incluye PAMI),73,586,866,1452,Neuquén
8841,Obra social (incluye PAMI),74,606,711,1317,Neuquén
8842,Obra social (incluye PAMI),75,552,821,1373,Neuquén
8843,Obra social (incluye PAMI),76,476,740,1216,Neuquén
8844,Obra social (incluye PAMI),77,500,660,1160,Neuquén
8845,Obra social (incluye PAMI),78,414,679,1093,Neuquén
8846,Obra social (incluye PAMI),79,444,481,925,Neuquén
8847,Obra social (incluye PAMI),80,375,631,1006,Neuquén
8848,Obra social (incluye PAMI),81,277,445,722,Neuquén
8849,Obra social (incluye PAMI),82,238,469,707,Neuquén
8850,Obra social (incluye PAMI),83,182,356,538,Neuquén
8851,Obra social (incluye PAMI),84,136,370,506,Neuquén
8852,Obra social (incluye PAMI),85,155,301,456,Neuquén
8853,Obra social (incluye PAMI),86,146,251,397,Neuquén
8854,Obra social (incluye PAMI),87,147,273,420,Neuquén
8855,Obra social (incluye PAMI),88,78,229,307,Neuquén
8856,Obra social (incluye PAMI),89,60,182,242,Neuquén
8857,Obra social (incluye PAMI),90,36,168,204,Neuquén
8858,Obra social (incluye PAMI),91,42,128,170,Neuquén
8859,Obra social (incluye PAMI),92,33,57,90,Neuquén
8860,Obra social (incluye PAMI),93,26,66,92,Neuquén
8861,Obra social (incluye PAMI),94,22,41,63,Neuquén
8862,Obra social (incluye PAMI),95,22,32,54,Neuquén
8863,Obra social (incluye PAMI),96,9,28,37,Neuquén
8864,Obra social (incluye PAMI),97,2,18,20,Neuquén
8865,Obra social (incluye PAMI),98,3,17,20,Neuquén
8866,Obra social (incluye PAMI),99,2,14,16,Neuquén
8867,Obra social (incluye PAMI),100,1,4,5,Neuquén
8868,Obra social (incluye PAMI),101,-,5,5,Neuquén
8869,Obra social (incluye PAMI),102,-,1,1,Neuquén
8870,Obra social (incluye PAMI),103,1,-,1,Neuquén
8871,Obra social (incluye PAMI),104,-,2,2,Neuquén
8872,Obra social (incluye PAMI),105,-,1,1,Neuquén
8873,Obra social (incluye PAMI),108,-,1,1,Neuquén
8874,Obra social (incluye PAMI),109,-,1,1,Neuquén
8876,Prepaga a través de obra social,,Varón,Mujer,Total,Neuquén
8877,Prepaga a través de obra social,0,483,447,930,Neuquén
8878,Prepaga a través de obra social,1,494,561,1055,Neuquén
8879,Prepaga a través de obra social,2,538,592,1130,Neuquén
8880,Prepaga a través de obra social,3,552,549,1101,Neuquén
8881,Prepaga a través de obra social,4,541,576,1117,Neuquén
8882,Prepaga a través de obra social,5,533,733,1266,Neuquén
8883,Prepaga a través de obra social,6,548,518,1066,Neuquén
8884,Prepaga a través de obra social,7,493,421,914,Neuquén
8885,Prepaga a través de obra social,8,546,515,1061,Neuquén
8886,Prepaga a través de obra social,9,495,421,916,Neuquén
8887,Prepaga a través de obra social,10,557,513,1070,Neuquén
8888,Prepaga a través de obra social,11,524,463,987,Neuquén
8889,Prepaga a través de obra social,12,511,475,986,Neuquén
8890,Prepaga a través de obra social,13,546,501,1047,Neuquén
8891,Prepaga a través de obra social,14,502,480,982,Neuquén
8892,Prepaga a través de obra social,15,560,425,985,Neuquén
8893,Prepaga a través de obra social,16,491,424,915,Neuquén
8894,Prepaga a través de obra social,17,513,511,1024,Neuquén
8895,Prepaga a través de obra social,18,355,485,840,Neuquén
8896,Prepaga a través de obra social,19,374,401,775,Neuquén
8897,Prepaga a través de obra social,20,455,370,825,Neuquén
8898,Prepaga a través de obra social,21,379,313,692,Neuquén
8899,Prepaga a través de obra social,22,334,390,724,Neuquén
8900,Prepaga a través de obra social,23,465,476,941,Neuquén
8901,Prepaga a través de obra social,24,435,459,894,Neuquén
8902,Prepaga a través de obra social,25,625,500,1125,Neuquén
8903,Prepaga a través de obra social,26,507,461,968,Neuquén
8904,Prepaga a través de obra social,27,500,491,991,Neuquén
8905,Prepaga a través de obra social,28,554,657,1211,Neuquén
8906,Prepaga a través de obra social,29,690,610,1300,Neuquén
8907,Prepaga a través de obra social,30,587,574,1161,Neuquén
8908,Prepaga a través de obra social,31,664,627,1291,Neuquén
8909,Prepaga a través de obra social,32,597,593,1190,Neuquén
8910,Prepaga a través de obra social,33,637,691,1328,Neuquén
8911,Prepaga a través de obra social,34,600,571,1171,Neuquén
8912,Prepaga a través de obra social,35,659,675,1334,Neuquén
8913,Prepaga a través de obra social,36,572,470,1042,Neuquén
8914,Prepaga a través de obra social,37,567,453,1020,Neuquén
8915,Prepaga a través de obra social,38,505,526,1031,Neuquén
8916,Prepaga a través de obra social,39,393,464,857,Neuquén
8917,Prepaga a través de obra social,40,509,440,949,Neuquén
8918,Prepaga a través de obra social,41,446,440,886,Neuquén
8919,Prepaga a través de obra social,42,381,375,756,Neuquén
8920,Prepaga a través de obra social,43,387,370,757,Neuquén
8921,Prepaga a través de obra social,44,379,298,677,Neuquén
8922,Prepaga a través de obra social,45,353,365,718,Neuquén
8923,Prepaga a través de obra social,46,368,429,797,Neuquén
8924,Prepaga a través de obra social,47,354,340,694,Neuquén
8925,Prepaga a través de obra social,48,364,302,666,Neuquén
8926,Prepaga a través de obra social,49,333,322,655,Neuquén
8927,Prepaga a través de obra social,50,337,326,663,Neuquén
8928,Prepaga a través de obra social,51,333,293,626,Neuquén
8929,Prepaga a través de obra social,52,214,237,451,Neuquén
8930,Prepaga a través de obra social,53,273,329,602,Neuquén
8931,Prepaga a través de obra social,54,366,277,643,Neuquén
8932,Prepaga a través de obra social,55,301,228,529,Neuquén
8933,Prepaga a través de obra social,56,195,230,425,Neuquén
8934,Prepaga a través de obra social,57,238,309,547,Neuquén
8935,Prepaga a través de obra social,58,162,172,334,Neuquén
8936,Prepaga a través de obra social,59,220,182,402,Neuquén
8937,Prepaga a través de obra social,60,209,161,370,Neuquén
8938,Prepaga a través de obra social,61,152,104,256,Neuquén
8939,Prepaga a través de obra social,62,133,94,227,Neuquén
8940,Prepaga a través de obra social,63,115,78,193,Neuquén
8941,Prepaga a través de obra social,64,138,128,266,Neuquén
8942,Prepaga a través de obra social,65,104,110,214,Neuquén
8943,Prepaga a través de obra social,66,80,75,155,Neuquén
8944,Prepaga a través de obra social,67,89,52,141,Neuquén
8945,Prepaga a través de obra social,68,44,59,103,Neuquén
8946,Prepaga a través de obra social,69,84,36,120,Neuquén
8947,Prepaga a través de obra social,70,38,29,67,Neuquén
8948,Prepaga a través de obra social,71,33,59,92,Neuquén
8949,Prepaga a través de obra social,72,47,23,70,Neuquén
8950,Prepaga a través de obra social,73,32,42,74,Neuquén
8951,Prepaga a través de obra social,74,30,29,59,Neuquén
8952,Prepaga a través de obra social,75,25,52,77,Neuquén
8953,Prepaga a través de obra social,76,37,37,74,Neuquén
8954,Prepaga a través de obra social,77,16,23,39,Neuquén
8955,Prepaga a través de obra social,78,8,17,25,Neuquén
8956,Prepaga a través de obra social,79,12,11,23,Neuquén
8957,Prepaga a través de obra social,80,26,23,49,Neuquén
8958,Prepaga a través de obra social,81,10,9,19,Neuquén
8959,Prepaga a través de obra social,82,8,5,13,Neuquén
8960,Prepaga a través de obra social,83,6,39,45,Neuquén
8961,Prepaga a través de obra social,84,7,5,12,Neuquén
8962,Prepaga a través de obra social,85,2,8,10,Neuquén
8963,Prepaga a través de obra social,86,4,17,21,Neuquén
8964,Prepaga a través de obra social,87,3,6,9,Neuquén
8965,Prepaga a través de obra social,88,1,3,4,Neuquén
8966,Prepaga a través de obra social,89,3,14,17,Neuquén
8967,Prepaga a través de obra social,90,2,12,14,Neuquén
8968,Prepaga a través de obra social,91,-,1,1,Neuquén
8969,Prepaga a través de obra social,92,-,11,11,Neuquén
8970,Prepaga a través de obra social,93,-,1,1,Neuquén
8971,Prepaga a través de obra social,94,-,1,1,Neuquén
8972,Prepaga a través de obra social,95,9,1,10,Neuquén
8973,Prepaga a través de obra social,99,-,1,1,Neuquén
8974,Prepaga a través de obra social,110,-,1,1,Neuquén
8976,Prepaga sólo por contratación voluntaria,,Varón,Mujer,Total,Neuquén
8977,Prepaga sólo por contratación voluntaria,0,103,93,196,Neuquén
8978,Prepaga sólo por contratación voluntaria,1,122,78,200,Neuquén
8979,Prepaga sólo por contratación voluntaria,2,116,74,190,Neuquén
8980,Prepaga sólo por contratación voluntaria,3,75,88,163,Neuquén
8981,Prepaga sólo por contratación voluntaria,4,111,79,190,Neuquén
8982,Prepaga sólo por contratación voluntaria,5,118,69,187,Neuquén
8983,Prepaga sólo por contratación voluntaria,6,69,107,176,Neuquén
8984,Prepaga sólo por contratación voluntaria,7,64,72,136,Neuquén
8985,Prepaga sólo por contratación voluntaria,8,81,67,148,Neuquén
8986,Prepaga sólo por contratación voluntaria,9,41,93,134,Neuquén
8987,Prepaga sólo por contratación voluntaria,10,120,56,176,Neuquén
8988,Prepaga sólo por contratación voluntaria,11,112,46,158,Neuquén
8989,Prepaga sólo por contratación voluntaria,12,83,38,121,Neuquén
8990,Prepaga sólo por contratación voluntaria,13,68,51,119,Neuquén
8991,Prepaga sólo por contratación voluntaria,14,77,59,136,Neuquén
8992,Prepaga sólo por contratación voluntaria,15,48,73,121,Neuquén
8993,Prepaga sólo por contratación voluntaria,16,118,73,191,Neuquén
8994,Prepaga sólo por contratación voluntaria,17,77,48,125,Neuquén
8995,Prepaga sólo por contratación voluntaria,18,53,32,85,Neuquén
8996,Prepaga sólo por contratación voluntaria,19,49,72,121,Neuquén
8997,Prepaga sólo por contratación voluntaria,20,37,86,123,Neuquén
8998,Prepaga sólo por contratación voluntaria,21,60,77,137,Neuquén
8999,Prepaga sólo por contratación voluntaria,22,95,125,220,Neuquén
9000,Prepaga sólo por contratación voluntaria,23,90,111,201,Neuquén
9001,Prepaga sólo por contratación voluntaria,24,156,92,248,Neuquén
9002,Prepaga sólo por contratación voluntaria,25,108,156,264,Neuquén
9003,Prepaga sólo por contratación voluntaria,26,139,169,308,Neuquén
9004,Prepaga sólo por contratación voluntaria,27,56,93,149,Neuquén
9005,Prepaga sólo por contratación voluntaria,28,99,93,192,Neuquén
9006,Prepaga sólo por contratación voluntaria,29,134,138,272,Neuquén
9007,Prepaga sólo por contratación voluntaria,30,137,159,296,Neuquén
9008,Prepaga sólo por contratación voluntaria,31,196,126,322,Neuquén
9009,Prepaga sólo por contratación voluntaria,32,107,131,238,Neuquén
9010,Prepaga sólo por contratación voluntaria,33,106,167,273,Neuquén
9011,Prepaga sólo por contratación voluntaria,34,114,99,213,Neuquén
9012,Prepaga sólo por contratación voluntaria,35,122,142,264,Neuquén
9013,Prepaga sólo por contratación voluntaria,36,131,87,218,Neuquén
9014,Prepaga sólo por contratación voluntaria,37,105,84,189,Neuquén
9015,Prepaga sólo por contratación voluntaria,38,99,143,242,Neuquén
9016,Prepaga sólo por contratación voluntaria,39,60,108,168,Neuquén
9017,Prepaga sólo por contratación voluntaria,40,124,78,202,Neuquén
9018,Prepaga sólo por contratación voluntaria,41,112,87,199,Neuquén
9019,Prepaga sólo por contratación voluntaria,42,93,84,177,Neuquén
9020,Prepaga sólo por contratación voluntaria,43,77,55,132,Neuquén
9021,Prepaga sólo por contratación voluntaria,44,65,76,141,Neuquén
9022,Prepaga sólo por contratación voluntaria,45,109,141,250,Neuquén
9023,Prepaga sólo por contratación voluntaria,46,101,81,182,Neuquén
9024,Prepaga sólo por contratación voluntaria,47,56,75,131,Neuquén
9025,Prepaga sólo por contratación voluntaria,48,95,80,175,Neuquén
9026,Prepaga sólo por contratación voluntaria,49,83,58,141,Neuquén
9027,Prepaga sólo por contratación voluntaria,50,109,91,200,Neuquén
9028,Prepaga sólo por contratación voluntaria,51,78,99,177,Neuquén
9029,Prepaga sólo por contratación voluntaria,52,98,69,167,Neuquén
9030,Prepaga sólo por contratación voluntaria,53,122,116,238,Neuquén
9031,Prepaga sólo por contratación voluntaria,54,44,89,133,Neuquén
9032,Prepaga sólo por contratación voluntaria,55,65,67,132,Neuquén
9033,Prepaga sólo por contratación voluntaria,56,95,94,189,Neuquén
9034,Prepaga sólo por contratación voluntaria,57,80,66,146,Neuquén
9035,Prepaga sólo por contratación voluntaria,58,108,56,164,Neuquén
9036,Prepaga sólo por contratación voluntaria,59,42,66,108,Neuquén
9037,Prepaga sólo por contratación voluntaria,60,49,63,112,Neuquén
9038,Prepaga sólo por contratación voluntaria,61,61,38,99,Neuquén
9039,Prepaga sólo por contratación voluntaria,62,72,27,99,Neuquén
9040,Prepaga sólo por contratación voluntaria,63,46,43,89,Neuquén
9041,Prepaga sólo por contratación voluntaria,64,47,26,73,Neuquén
9042,Prepaga sólo por contratación voluntaria,65,66,44,110,Neuquén
9043,Prepaga sólo por contratación voluntaria,66,35,12,47,Neuquén
9044,Prepaga sólo por contratación voluntaria,67,20,15,35,Neuquén
9045,Prepaga sólo por contratación voluntaria,68,9,9,18,Neuquén
9046,Prepaga sólo por contratación voluntaria,69,10,7,17,Neuquén
9047,Prepaga sólo por contratación voluntaria,70,12,7,19,Neuquén
9048,Prepaga sólo por contratación voluntaria,71,7,10,17,Neuquén
9049,Prepaga sólo por contratación voluntaria,72,9,12,21,Neuquén
9050,Prepaga sólo por contratación voluntaria,73,5,17,22,Neuquén
9051,Prepaga sólo por contratación voluntaria,74,20,18,38,Neuquén
9052,Prepaga sólo por contratación voluntaria,75,5,8,13,Neuquén
9053,Prepaga sólo por contratación voluntaria,76,6,5,11,Neuquén
9054,Prepaga sólo por contratación voluntaria,77,20,5,25,Neuquén
9055,Prepaga sólo por contratación voluntaria,78,1,5,6,Neuquén
9056,Prepaga sólo por contratación voluntaria,79,1,3,4,Neuquén
9057,Prepaga sólo por contratación voluntaria,80,3,4,7,Neuquén
9058,Prepaga sólo por contratación voluntaria,81,3,1,4,Neuquén
9059,Prepaga sólo por contratación voluntaria,82,4,4,8,Neuquén
9060,Prepaga sólo por contratación voluntaria,83,11,1,12,Neuquén
9061,Prepaga sólo por contratación voluntaria,84,2,1,3,Neuquén
9062,Prepaga sólo por contratación voluntaria,86,-,1,1,Neuquén
9063,Prepaga sólo por contratación voluntaria,87,-,1,1,Neuquén
9064,Prepaga sólo por contratación voluntaria,88,1,-,1,Neuquén
9065,Prepaga sólo por contratación voluntaria,89,-,2,2,Neuquén
9066,Prepaga sólo por contratación voluntaria,90,1,3,4,Neuquén
9067,Prepaga sólo por contratación voluntaria,91,-,11,11,Neuquén
9068,Prepaga sólo por contratación voluntaria,92,-,1,1,Neuquén
9069,Prepaga sólo por contratación voluntaria,93,1,-,1,Neuquén
9071,Programas o planes estatales de salud,,Varón,Mujer,Total,Neuquén
9072,Programas o planes estatales de salud,0,117,97,214,Neuquén
9073,Programas o planes estatales de salud,1,127,122,249,Neuquén
9074,Programas o planes estatales de salud,2,93,99,192,Neuquén
9075,Programas o planes estatales de salud,3,100,90,190,Neuquén
9076,Programas o planes estatales de salud,4,131,105,236,Neuquén
9077,Programas o planes estatales de salud,5,122,92,214,Neuquén
9078,Programas o planes estatales de salud,6,67,62,129,Neuquén
9079,Programas o planes estatales de salud,7,82,87,169,Neuquén
9080,Programas o planes estatales de salud,8,73,90,163,Neuquén
9081,Programas o planes estatales de salud,9,81,131,212,Neuquén
9082,Programas o planes estatales de salud,10,81,93,174,Neuquén
9083,Programas o planes estatales de salud,11,96,78,174,Neuquén
9084,Programas o planes estatales de salud,12,110,62,172,Neuquén
9085,Programas o planes estatales de salud,13,106,91,197,Neuquén
9086,Programas o planes estatales de salud,14,94,69,163,Neuquén
9087,Programas o planes estatales de salud,15,83,78,161,Neuquén
9088,Programas o planes estatales de salud,16,96,111,207,Neuquén
9089,Programas o planes estatales de salud,17,68,101,169,Neuquén
9090,Programas o planes estatales de salud,18,106,116,222,Neuquén
9091,Programas o planes estatales de salud,19,69,103,172,Neuquén
9092,Programas o planes estatales de salud,20,49,51,100,Neuquén
9093,Programas o planes estatales de salud,21,77,80,157,Neuquén
9094,Programas o planes estatales de salud,22,64,62,126,Neuquén
9095,Programas o planes estatales de salud,23,44,83,127,Neuquén
9096,Programas o planes estatales de salud,24,63,71,134,Neuquén
9097,Programas o planes estatales de salud,25,85,34,119,Neuquén
9098,Programas o planes estatales de salud,26,43,54,97,Neuquén
9099,Programas o planes estatales de salud,27,31,57,88,Neuquén
9100,Programas o planes estatales de salud,28,58,95,153,Neuquén
9101,Programas o planes estatales de salud,29,73,84,157,Neuquén
9102,Programas o planes estatales de salud,30,40,200,240,Neuquén
9103,Programas o planes estatales de salud,31,59,84,143,Neuquén
9104,Programas o planes estatales de salud,32,37,73,110,Neuquén
9105,Programas o planes estatales de salud,33,43,66,109,Neuquén
9106,Programas o planes estatales de salud,34,66,47,113,Neuquén
9107,Programas o planes estatales de salud,35,87,61,148,Neuquén
9108,Programas o planes estatales de salud,36,54,70,124,Neuquén
9109,Programas o planes estatales de salud,37,50,102,152,Neuquén
9110,Programas o planes estatales de salud,38,49,77,126,Neuquén
9111,Programas o planes estatales de salud,39,76,79,155,Neuquén
9112,Programas o planes estatales de salud,40,59,99,158,Neuquén
9113,Programas o planes estatales de salud,41,67,77,144,Neuquén
9114,Programas o planes estatales de salud,42,52,80,132,Neuquén
9115,Programas o planes estatales de salud,43,34,68,102,Neuquén
9116,Programas o planes estatales de salud,44,59,99,158,Neuquén
9117,Programas o planes estatales de salud,45,25,149,174,Neuquén
9118,Programas o planes estatales de salud,46,70,48,118,Neuquén
9119,Programas o planes estatales de salud,47,45,57,102,Neuquén
9120,Programas o planes estatales de salud,48,56,58,114,Neuquén
9121,Programas o planes estatales de salud,49,40,87,127,Neuquén
9122,Programas o planes estatales de salud,50,69,44,113,Neuquén
9123,Programas o planes estatales de salud,51,43,48,91,Neuquén
9124,Programas o planes estatales de salud,52,51,103,154,Neuquén
9125,Programas o planes estatales de salud,53,42,59,101,Neuquén
9126,Programas o planes estatales de salud,54,31,72,103,Neuquén
9127,Programas o planes estatales de salud,55,26,54,80,Neuquén
9128,Programas o planes estatales de salud,56,29,54,83,Neuquén
9129,Programas o planes estatales de salud,57,52,61,113,Neuquén
9130,Programas o planes estatales de salud,58,50,76,126,Neuquén
9131,Programas o planes estatales de salud,59,47,41,88,Neuquén
9132,Programas o planes estatales de salud,60,33,35,68,Neuquén
9133,Programas o planes estatales de salud,61,41,47,88,Neuquén
9134,Programas o planes estatales de salud,62,39,49,88,Neuquén
9135,Programas o planes estatales de salud,63,45,37,82,Neuquén
9136,Programas o planes estatales de salud,64,32,15,47,Neuquén
9137,Programas o planes estatales de salud,65,36,24,60,Neuquén
9138,Programas o planes estatales de salud,66,13,45,58,Neuquén
9139,Programas o planes estatales de salud,67,29,32,61,Neuquén
9140,Programas o planes estatales de salud,68,31,47,78,Neuquén
9141,Programas o planes estatales de salud,69,26,30,56,Neuquén
9142,Programas o planes estatales de salud,70,11,44,55,Neuquén
9143,Programas o planes estatales de salud,71,30,30,60,Neuquén
9144,Programas o planes estatales de salud,72,12,33,45,Neuquén
9145,Programas o planes estatales de salud,73,10,7,17,Neuquén
9146,Programas o planes estatales de salud,74,7,12,19,Neuquén
9147,Programas o planes estatales de salud,75,12,5,17,Neuquén
9148,Programas o planes estatales de salud,76,7,32,39,Neuquén
9149,Programas o planes estatales de salud,77,3,3,6,Neuquén
9150,Programas o planes estatales de salud,78,29,10,39,Neuquén
9151,Programas o planes estatales de salud,79,4,5,9,Neuquén
9152,Programas o planes estatales de salud,80,5,16,21,Neuquén
9153,Programas o planes estatales de salud,81,3,2,5,Neuquén
9154,Programas o planes estatales de salud,82,5,6,11,Neuquén
9155,Programas o planes estatales de salud,83,3,2,5,Neuquén
9156,Programas o planes estatales de salud,84,3,5,8,Neuquén
9157,Programas o planes estatales de salud,85,14,19,33,Neuquén
9158,Programas o planes estatales de salud,86,-,4,4,Neuquén
9159,Programas o planes estatales de salud,87,1,2,3,Neuquén
9160,Programas o planes estatales de salud,88,1,3,4,Neuquén
9161,Programas o planes estatales de salud,89,1,3,4,Neuquén
9162,Programas o planes estatales de salud,90,3,2,5,Neuquén
9163,Programas o planes estatales de salud,92,1,-,1,Neuquén
9164,Programas o planes estatales de salud,93,-,1,1,Neuquén
9165,Programas o planes estatales de salud,94,1,4,5,Neuquén
9166,Programas o planes estatales de salud,95,1,-,1,Neuquén
9167,Programas o planes estatales de salud,100,-,1,1,Neuquén
9169,"No tiene obra social, prepaga o plan estatal",,Varón,Mujer,Total,Neuquén
9170,"No tiene obra social, prepaga o plan estatal",0,2259,2193,4452,Neuquén
9171,"No tiene obra social, prepaga o plan estatal",1,2093,1958,4051,Neuquén
9172,"No tiene obra social, prepaga o plan estatal",2,2438,1768,4206,Neuquén
9173,"No tiene obra social, prepaga o plan estatal",3,1912,1880,3792,Neuquén
9174,"No tiene obra social, prepaga o plan estatal",4,1806,1693,3499,Neuquén
9175,"No tiene obra social, prepaga o plan estatal",5,1752,1623,3375,Neuquén
9176,"No tiene obra social, prepaga o plan estatal",6,1651,1689,3340,Neuquén
9177,"No tiene obra social, prepaga o plan estatal",7,1556,1544,3100,Neuquén
9178,"No tiene obra social, prepaga o plan estatal",8,1605,1623,3228,Neuquén
9179,"No tiene obra social, prepaga o plan estatal",9,1803,1629,3432,Neuquén
9180,"No tiene obra social, prepaga o plan estatal",10,1702,1830,3532,Neuquén
9181,"No tiene obra social, prepaga o plan estatal",11,1917,1632,3549,Neuquén
9182,"No tiene obra social, prepaga o plan estatal",12,1682,1731,3413,Neuquén
9183,"No tiene obra social, prepaga o plan estatal",13,1659,1746,3405,Neuquén
9184,"No tiene obra social, prepaga o plan estatal",14,1885,1794,3679,Neuquén
9185,"No tiene obra social, prepaga o plan estatal",15,1757,1744,3501,Neuquén
9186,"No tiene obra social, prepaga o plan estatal",16,1737,1693,3430,Neuquén
9187,"No tiene obra social, prepaga o plan estatal",17,1708,2074,3782,Neuquén
9188,"No tiene obra social, prepaga o plan estatal",18,2279,2107,4386,Neuquén
9189,"No tiene obra social, prepaga o plan estatal",19,2746,2404,5150,Neuquén
9190,"No tiene obra social, prepaga o plan estatal",20,2592,2568,5160,Neuquén
9191,"No tiene obra social, prepaga o plan estatal",21,2626,2362,4988,Neuquén
9192,"No tiene obra social, prepaga o plan estatal",22,2610,2240,4850,Neuquén
9193,"No tiene obra social, prepaga o plan estatal",23,2255,2221,4476,Neuquén
9194,"No tiene obra social, prepaga o plan estatal",24,2241,2155,4396,Neuquén
9195,"No tiene obra social, prepaga o plan estatal",25,2101,1920,4021,Neuquén
9196,"No tiene obra social, prepaga o plan estatal",26,1916,1787,3703,Neuquén
9197,"No tiene obra social, prepaga o plan estatal",27,1804,1852,3656,Neuquén
9198,"No tiene obra social, prepaga o plan estatal",28,1829,1634,3463,Neuquén
9199,"No tiene obra social, prepaga o plan estatal",29,1741,1779,3520,Neuquén
9200,"No tiene obra social, prepaga o plan estatal",30,1748,1612,3360,Neuquén
9201,"No tiene obra social, prepaga o plan estatal",31,1627,1690,3317,Neuquén
9202,"No tiene obra social, prepaga o plan estatal",32,1556,1340,2896,Neuquén
9203,"No tiene obra social, prepaga o plan estatal",33,1540,1418,2958,Neuquén
9204,"No tiene obra social, prepaga o plan estatal",34,1391,1466,2857,Neuquén
9205,"No tiene obra social, prepaga o plan estatal",35,1448,1272,2720,Neuquén
9206,"No tiene obra social, prepaga o plan estatal",36,1180,1199,2379,Neuquén
9207,"No tiene obra social, prepaga o plan estatal",37,1398,1399,2797,Neuquén
9208,"No tiene obra social, prepaga o plan estatal",38,1400,1182,2582,Neuquén
9209,"No tiene obra social, prepaga o plan estatal",39,1144,1157,2301,Neuquén
9210,"No tiene obra social, prepaga o plan estatal",40,1226,1119,2345,Neuquén
9211,"No tiene obra social, prepaga o plan estatal",41,1074,1010,2084,Neuquén
9212,"No tiene obra social, prepaga o plan estatal",42,1009,931,1940,Neuquén
9213,"No tiene obra social, prepaga o plan estatal",43,936,965,1901,Neuquén
9214,"No tiene obra social, prepaga o plan estatal",44,1010,1022,2032,Neuquén
9215,"No tiene obra social, prepaga o plan estatal",45,1092,857,1949,Neuquén
9216,"No tiene obra social, prepaga o plan estatal",46,1085,935,2020,Neuquén
9217,"No tiene obra social, prepaga o plan estatal",47,969,963,1932,Neuquén
9218,"No tiene obra social, prepaga o plan estatal",48,1079,939,2018,Neuquén
9219,"No tiene obra social, prepaga o plan estatal",49,884,897,1781,Neuquén
9220,"No tiene obra social, prepaga o plan estatal",50,952,965,1917,Neuquén
9221,"No tiene obra social, prepaga o plan estatal",51,907,846,1753,Neuquén
9222,"No tiene obra social, prepaga o plan estatal",52,991,903,1894,Neuquén
9223,"No tiene obra social, prepaga o plan estatal",53,1031,784,1815,Neuquén
9224,"No tiene obra social, prepaga o plan estatal",54,862,721,1583,Neuquén
9225,"No tiene obra social, prepaga o plan estatal",55,957,785,1742,Neuquén
9226,"No tiene obra social, prepaga o plan estatal",56,878,744,1622,Neuquén
9227,"No tiene obra social, prepaga o plan estatal",57,913,648,1561,Neuquén
9228,"No tiene obra social, prepaga o plan estatal",58,833,685,1518,Neuquén
9229,"No tiene obra social, prepaga o plan estatal",59,721,538,1259,Neuquén
9230,"No tiene obra social, prepaga o plan estatal",60,674,660,1334,Neuquén
9231,"No tiene obra social, prepaga o plan estatal",61,667,433,1100,Neuquén
9232,"No tiene obra social, prepaga o plan estatal",62,702,349,1051,Neuquén
9233,"No tiene obra social, prepaga o plan estatal",63,491,221,712,Neuquén
9234,"No tiene obra social, prepaga o plan estatal",64,585,222,807,Neuquén
9235,"No tiene obra social, prepaga o plan estatal",65,425,159,584,Neuquén
9236,"No tiene obra social, prepaga o plan estatal",66,261,122,383,Neuquén
9237,"No tiene obra social, prepaga o plan estatal",67,168,111,279,Neuquén
9238,"No tiene obra social, prepaga o plan estatal",68,150,96,246,Neuquén
9239,"No tiene obra social, prepaga o plan estatal",69,181,112,293,Neuquén
9240,"No tiene obra social, prepaga o plan estatal",70,111,128,239,Neuquén
9241,"No tiene obra social, prepaga o plan estatal",71,132,74,206,Neuquén
9242,"No tiene obra social, prepaga o plan estatal",72,60,58,118,Neuquén
9243,"No tiene obra social, prepaga o plan estatal",73,88,130,218,Neuquén
9244,"No tiene obra social, prepaga o plan estatal",74,72,61,133,Neuquén
9245,"No tiene obra social, prepaga o plan estatal",75,73,41,114,Neuquén
9246,"No tiene obra social, prepaga o plan estatal",76,75,132,207,Neuquén
9247,"No tiene obra social, prepaga o plan estatal",77,45,105,150,Neuquén
9248,"No tiene obra social, prepaga o plan estatal",78,28,40,68,Neuquén
9249,"No tiene obra social, prepaga o plan estatal",79,29,39,68,Neuquén
9250,"No tiene obra social, prepaga o plan estatal",80,39,41,80,Neuquén
9251,"No tiene obra social, prepaga o plan estatal",81,28,37,65,Neuquén
9252,"No tiene obra social, prepaga o plan estatal",82,24,19,43,Neuquén
9253,"No tiene obra social, prepaga o plan estatal",83,35,17,52,Neuquén
9254,"No tiene obra social, prepaga o plan estatal",84,16,3,19,Neuquén
9255,"No tiene obra social, prepaga o plan estatal",85,10,15,25,Neuquén
9256,"No tiene obra social, prepaga o plan estatal",86,25,19,44,Neuquén
9257,"No tiene obra social, prepaga o plan estatal",87,12,11,23,Neuquén
9258,"No tiene obra social, prepaga o plan estatal",88,10,7,17,Neuquén
9259,"No tiene obra social, prepaga o plan estatal",89,8,13,21,Neuquén
9260,"No tiene obra social, prepaga o plan estatal",90,7,16,23,Neuquén
9261,"No tiene obra social, prepaga o plan estatal",91,17,7,24,Neuquén
9262,"No tiene obra social, prepaga o plan estatal",92,1,10,11,Neuquén
9263,"No tiene obra social, prepaga o plan estatal",93,1,9,10,Neuquén
9264,"No tiene obra social, prepaga o plan estatal",94,-,12,12,Neuquén
9265,"No tiene obra social, prepaga o plan estatal",95,2,12,14,Neuquén
9266,"No tiene obra social, prepaga o plan estatal",96,-,1,1,Neuquén
9267,"No tiene obra social, prepaga o plan estatal",97,1,2,3,Neuquén
9268,"No tiene obra social, prepaga o plan estatal",98,1,4,5,Neuquén
9269,"No tiene obra social, prepaga o plan estatal",99,-,1,1,Neuquén
9270,"No tiene obra social, prepaga o plan estatal",100,-,1,1,Neuquén
9271,"No tiene obra social, prepaga o plan estatal",105,-,1,1,Neuquén
9272,"No tiene obra social, prepaga o plan estatal",107,-,1,1,Neuquén
9273,"No tiene obra social, prepaga o plan estatal",110,-,13,13,Neuquén
9388,AREA # 62,Río negro,,,,Río negro
9389,AREA # 62,,,,,Río negro
9390,Cobertura de salud,Edad,Sexo,,,Río negro
9391,Obra social (incluye PAMI),,Varón,Mujer,Total,Río negro
9392,Obra social (incluye PAMI),0,2183,2297,4480,Río negro
9393,Obra social (incluye PAMI),1,2421,2198,4619,Río negro
9394,Obra social (incluye PAMI),2,2441,2510,4951,Río negro
9395,Obra social (incluye PAMI),3,2377,2449,4826,Río negro
9396,Obra social (incluye PAMI),4,2672,2275,4947,Río negro
9397,Obra social (incluye PAMI),5,2716,2528,5244,Río negro
9398,Obra social (incluye PAMI),6,2580,2433,5013,Río negro
9399,Obra social (incluye PAMI),7,2620,2708,5328,Río negro
9400,Obra social (incluye PAMI),8,2623,2758,5381,Río negro
9401,Obra social (incluye PAMI),9,2869,2655,5524,Río negro
9402,Obra social (incluye PAMI),10,3010,2733,5743,Río negro
9403,Obra social (incluye PAMI),11,2961,2856,5817,Río negro
9404,Obra social (incluye PAMI),12,3102,2763,5865,Río negro
9405,Obra social (incluye PAMI),13,2886,2998,5884,Río negro
9406,Obra social (incluye PAMI),14,3263,3120,6383,Río negro
9407,Obra social (incluye PAMI),15,3305,3147,6452,Río negro
9408,Obra social (incluye PAMI),16,3032,2867,5899,Río negro
9409,Obra social (incluye PAMI),17,3009,2936,5945,Río negro
9410,Obra social (incluye PAMI),18,2707,2779,5486,Río negro
9411,Obra social (incluye PAMI),19,2592,2708,5300,Río negro
9412,Obra social (incluye PAMI),20,2220,2336,4556,Río negro
9413,Obra social (incluye PAMI),21,1712,1758,3470,Río negro
9414,Obra social (incluye PAMI),22,1612,1658,3270,Río negro
9415,Obra social (incluye PAMI),23,1739,1811,3550,Río negro
9416,Obra social (incluye PAMI),24,1952,1985,3937,Río negro
9417,Obra social (incluye PAMI),25,1841,1833,3674,Río negro
9418,Obra social (incluye PAMI),26,2022,1960,3982,Río negro
9419,Obra social (incluye PAMI),27,2001,2120,4121,Río negro
9420,Obra social (incluye PAMI),28,2247,2233,4480,Río negro
9421,Obra social (incluye PAMI),29,2182,2389,4571,Río negro
9422,Obra social (incluye PAMI),30,2174,2538,4712,Río negro
9423,Obra social (incluye PAMI),31,2312,2525,4837,Río negro
9424,Obra social (incluye PAMI),32,2291,2564,4855,Río negro
9425,Obra social (incluye PAMI),33,2297,2598,4895,Río negro
9426,Obra social (incluye PAMI),34,2289,2419,4708,Río negro
9427,Obra social (incluye PAMI),35,2024,2461,4485,Río negro
9428,Obra social (incluye PAMI),36,2007,2272,4279,Río negro
9429,Obra social (incluye PAMI),37,2051,2325,4376,Río negro
9430,Obra social (incluye PAMI),38,1997,2325,4322,Río negro
9431,Obra social (incluye PAMI),39,1980,2226,4206,Río negro
9432,Obra social (incluye PAMI),40,1987,2183,4170,Río negro
9433,Obra social (incluye PAMI),41,1753,2054,3807,Río negro
9434,Obra social (incluye PAMI),42,1929,2097,4026,Río negro
9435,Obra social (incluye PAMI),43,1623,2119,3742,Río negro
9436,Obra social (incluye PAMI),44,1779,2073,3852,Río negro
9437,Obra social (incluye PAMI),45,1835,2234,4069,Río negro
9438,Obra social (incluye PAMI),46,1702,2113,3815,Río negro
9439,Obra social (incluye PAMI),47,1845,2122,3967,Río negro
9440,Obra social (incluye PAMI),48,1807,1935,3742,Río negro
9441,Obra social (incluye PAMI),49,1746,1790,3536,Río negro
9442,Obra social (incluye PAMI),50,1607,1896,3503,Río negro
9443,Obra social (incluye PAMI),51,1565,1873,3438,Río negro
9444,Obra social (incluye PAMI),52,1524,1741,3265,Río negro
9445,Obra social (incluye PAMI),53,1583,1803,3386,Río negro
9446,Obra social (incluye PAMI),54,1462,1615,3077,Río negro
9447,Obra social (incluye PAMI),55,1435,1731,3166,Río negro
9448,Obra social (incluye PAMI),56,1456,1707,3163,Río negro
9449,Obra social (incluye PAMI),57,1318,1692,3010,Río negro
9450,Obra social (incluye PAMI),58,1427,1570,2997,Río negro
9451,Obra social (incluye PAMI),59,1310,1562,2872,Río negro
9452,Obra social (incluye PAMI),60,1364,1662,3026,Río negro
9453,Obra social (incluye PAMI),61,1293,1895,3188,Río negro
9454,Obra social (incluye PAMI),62,1272,2046,3318,Río negro
9455,Obra social (incluye PAMI),63,1201,1841,3042,Río negro
9456,Obra social (incluye PAMI),64,1108,1781,2889,Río negro
9457,Obra social (incluye PAMI),65,1246,1980,3226,Río negro
9458,Obra social (incluye PAMI),66,1390,1784,3174,Río negro
9459,Obra social (incluye PAMI),67,1434,1674,3108,Río negro
9460,Obra social (incluye PAMI),68,1620,1648,3268,Río negro
9461,Obra social (incluye PAMI),69,1180,1587,2767,Río negro
9462,Obra social (incluye PAMI),70,1316,1489,2805,Río negro
9463,Obra social (incluye PAMI),71,1139,1300,2439,Río negro
9464,Obra social (incluye PAMI),72,1034,1238,2272,Río negro
9465,Obra social (incluye PAMI),73,1085,1339,2424,Río negro
9466,Obra social (incluye PAMI),74,949,1184,2133,Río negro
9467,Obra social (incluye PAMI),75,954,1243,2197,Río negro
9468,Obra social (incluye PAMI),76,784,1101,1885,Río negro
9469,Obra social (incluye PAMI),77,703,960,1663,Río negro
9470,Obra social (incluye PAMI),78,698,853,1551,Río negro
9471,Obra social (incluye PAMI),79,694,979,1673,Río negro
9472,Obra social (incluye PAMI),80,649,896,1545,Río negro
9473,Obra social (incluye PAMI),81,495,701,1196,Río negro
9474,Obra social (incluye PAMI),82,350,686,1036,Río negro
9475,Obra social (incluye PAMI),83,344,599,943,Río negro
9476,Obra social (incluye PAMI),84,322,576,898,Río negro
9477,Obra social (incluye PAMI),85,278,483,761,Río negro
9478,Obra social (incluye PAMI),86,250,549,799,Río negro
9479,Obra social (incluye PAMI),87,200,443,643,Río negro
9480,Obra social (incluye PAMI),88,179,339,518,Río negro
9481,Obra social (incluye PAMI),89,154,338,492,Río negro
9482,Obra social (incluye PAMI),90,121,321,442,Río negro
9483,Obra social (incluye PAMI),91,76,230,306,Río negro
9484,Obra social (incluye PAMI),92,69,171,240,Río negro
9485,Obra social (incluye PAMI),93,18,68,86,Río negro
9486,Obra social (incluye PAMI),94,62,60,122,Río negro
9487,Obra social (incluye PAMI),95,26,62,88,Río negro
9488,Obra social (incluye PAMI),96,17,48,65,Río negro
9489,Obra social (incluye PAMI),97,15,42,57,Río negro
9490,Obra social (incluye PAMI),98,12,8,20,Río negro
9491,Obra social (incluye PAMI),99,6,4,10,Río negro
9492,Obra social (incluye PAMI),100,2,10,12,Río negro
9493,Obra social (incluye PAMI),101,2,3,5,Río negro
9494,Obra social (incluye PAMI),102,-,1,1,Río negro
9495,Obra social (incluye PAMI),103,-,1,1,Río negro
9496,Obra social (incluye PAMI),104,-,1,1,Río negro
9497,Obra social (incluye PAMI),109,-,2,2,Río negro
9498,Obra social (incluye PAMI),110,-,1,1,Río negro
9500,Prepaga a través de obra social,,Varón,Mujer,Total,Río negro
9501,Prepaga a través de obra social,0,629,560,1189,Río negro
9502,Prepaga a través de obra social,1,671,664,1335,Río negro
9503,Prepaga a través de obra social,2,459,446,905,Río negro
9504,Prepaga a través de obra social,3,493,500,993,Río negro
9505,Prepaga a través de obra social,4,641,617,1258,Río negro
9506,Prepaga a través de obra social,5,595,506,1101,Río negro
9507,Prepaga a través de obra social,6,606,474,1080,Río negro
9508,Prepaga a través de obra social,7,515,491,1006,Río negro
9509,Prepaga a través de obra social,8,593,477,1070,Río negro
9510,Prepaga a través de obra social,9,521,598,1119,Río negro
9511,Prepaga a través de obra social,10,609,507,1116,Río negro
9512,Prepaga a través de obra social,11,521,528,1049,Río negro
9513,Prepaga a través de obra social,12,513,521,1034,Río negro
9514,Prepaga a través de obra social,13,508,604,1112,Río negro
9515,Prepaga a través de obra social,14,602,489,1091,Río negro
9516,Prepaga a través de obra social,15,534,457,991,Río negro
9517,Prepaga a través de obra social,16,482,447,929,Río negro
9518,Prepaga a través de obra social,17,576,556,1132,Río negro
9519,Prepaga a través de obra social,18,451,428,879,Río negro
9520,Prepaga a través de obra social,19,461,402,863,Río negro
9521,Prepaga a través de obra social,20,380,404,784,Río negro
9522,Prepaga a través de obra social,21,346,283,629,Río negro
9523,Prepaga a través de obra social,22,277,331,608,Río negro
9524,Prepaga a través de obra social,23,431,374,805,Río negro
9525,Prepaga a través de obra social,24,370,534,904,Río negro
9526,Prepaga a través de obra social,25,368,486,854,Río negro
9527,Prepaga a través de obra social,26,478,511,989,Río negro
9528,Prepaga a través de obra social,27,436,496,932,Río negro
9529,Prepaga a través de obra social,28,531,581,1112,Río negro
9530,Prepaga a través de obra social,29,616,599,1215,Río negro
9531,Prepaga a través de obra social,30,678,657,1335,Río negro
9532,Prepaga a través de obra social,31,607,673,1280,Río negro
9533,Prepaga a través de obra social,32,604,635,1239,Río negro
9534,Prepaga a través de obra social,33,553,647,1200,Río negro
9535,Prepaga a través de obra social,34,639,504,1143,Río negro
9536,Prepaga a través de obra social,35,679,599,1278,Río negro
9537,Prepaga a través de obra social,36,502,522,1024,Río negro
9538,Prepaga a través de obra social,37,624,448,1072,Río negro
9539,Prepaga a través de obra social,38,544,575,1119,Río negro
9540,Prepaga a través de obra social,39,528,419,947,Río negro
9541,Prepaga a través de obra social,40,381,485,866,Río negro
9542,Prepaga a través de obra social,41,345,356,701,Río negro
9543,Prepaga a través de obra social,42,405,369,774,Río negro
9544,Prepaga a través de obra social,43,334,323,657,Río negro
9545,Prepaga a través de obra social,44,361,443,804,Río negro
9546,Prepaga a través de obra social,45,366,385,751,Río negro
9547,Prepaga a través de obra social,46,365,343,708,Río negro
9548,Prepaga a través de obra social,47,432,379,811,Río negro
9549,Prepaga a través de obra social,48,322,344,666,Río negro
9550,Prepaga a través de obra social,49,359,376,735,Río negro
9551,Prepaga a través de obra social,50,357,289,646,Río negro
9552,Prepaga a través de obra social,51,318,326,644,Río negro
9553,Prepaga a través de obra social,52,299,360,659,Río negro
9554,Prepaga a través de obra social,53,326,332,658,Río negro
9555,Prepaga a través de obra social,54,287,290,577,Río negro
9556,Prepaga a través de obra social,55,241,297,538,Río negro
9557,Prepaga a través de obra social,56,345,245,590,Río negro
9558,Prepaga a través de obra social,57,300,239,539,Río negro
9559,Prepaga a través de obra social,58,283,196,479,Río negro
9560,Prepaga a través de obra social,59,254,222,476,Río negro
9561,Prepaga a través de obra social,60,262,192,454,Río negro
9562,Prepaga a través de obra social,61,193,135,328,Río negro
9563,Prepaga a través de obra social,62,153,105,258,Río negro
9564,Prepaga a través de obra social,63,245,86,331,Río negro
9565,Prepaga a través de obra social,64,274,117,391,Río negro
9566,Prepaga a través de obra social,65,133,57,190,Río negro
9567,Prepaga a través de obra social,66,76,48,124,Río negro
9568,Prepaga a través de obra social,67,86,69,155,Río negro
9569,Prepaga a través de obra social,68,38,40,78,Río negro
9570,Prepaga a través de obra social,69,64,51,115,Río negro
9571,Prepaga a través de obra social,70,33,23,56,Río negro
9572,Prepaga a través de obra social,71,51,17,68,Río negro
9573,Prepaga a través de obra social,72,34,16,50,Río negro
9574,Prepaga a través de obra social,73,23,27,50,Río negro
9575,Prepaga a través de obra social,74,25,42,67,Río negro
9576,Prepaga a través de obra social,75,18,26,44,Río negro
9577,Prepaga a través de obra social,76,16,11,27,Río negro
9578,Prepaga a través de obra social,77,42,8,50,Río negro
9579,Prepaga a través de obra social,78,3,18,21,Río negro
9580,Prepaga a través de obra social,79,4,6,10,Río negro
9581,Prepaga a través de obra social,80,17,13,30,Río negro
9582,Prepaga a través de obra social,81,2,13,15,Río negro
9583,Prepaga a través de obra social,82,6,4,10,Río negro
9584,Prepaga a través de obra social,83,3,5,8,Río negro
9585,Prepaga a través de obra social,84,14,6,20,Río negro
9586,Prepaga a través de obra social,85,1,4,5,Río negro
9587,Prepaga a través de obra social,86,2,2,4,Río negro
9588,Prepaga a través de obra social,87,3,4,7,Río negro
9589,Prepaga a través de obra social,88,-,1,1,Río negro
9590,Prepaga a través de obra social,89,1,-,1,Río negro
9591,Prepaga a través de obra social,90,1,1,2,Río negro
9592,Prepaga a través de obra social,91,-,12,12,Río negro
9593,Prepaga a través de obra social,92,1,-,1,Río negro
9594,Prepaga a través de obra social,94,-,1,1,Río negro
9595,Prepaga a través de obra social,95,-,1,1,Río negro
9596,Prepaga a través de obra social,97,-,1,1,Río negro
9597,Prepaga a través de obra social,98,-,1,1,Río negro
9599,Prepaga sólo por contratación voluntaria,,Varón,Mujer,Total,Río negro
9600,Prepaga sólo por contratación voluntaria,0,183,171,354,Río negro
9601,Prepaga sólo por contratación voluntaria,1,194,189,383,Río negro
9602,Prepaga sólo por contratación voluntaria,2,157,187,344,Río negro
9603,Prepaga sólo por contratación voluntaria,3,225,190,415,Río negro
9604,Prepaga sólo por contratación voluntaria,4,168,221,389,Río negro
9605,Prepaga sólo por contratación voluntaria,5,218,142,360,Río negro
9606,Prepaga sólo por contratación voluntaria,6,172,163,335,Río negro
9607,Prepaga sólo por contratación voluntaria,7,187,160,347,Río negro
9608,Prepaga sólo por contratación voluntaria,8,144,162,306,Río negro
9609,Prepaga sólo por contratación voluntaria,9,173,157,330,Río negro
9610,Prepaga sólo por contratación voluntaria,10,191,117,308,Río negro
9611,Prepaga sólo por contratación voluntaria,11,118,181,299,Río negro
9612,Prepaga sólo por contratación voluntaria,12,114,116,230,Río negro
9613,Prepaga sólo por contratación voluntaria,13,150,159,309,Río negro
9614,Prepaga sólo por contratación voluntaria,14,135,167,302,Río negro
9615,Prepaga sólo por contratación voluntaria,15,131,131,262,Río negro
9616,Prepaga sólo por contratación voluntaria,16,120,196,316,Río negro
9617,Prepaga sólo por contratación voluntaria,17,165,172,337,Río negro
9618,Prepaga sólo por contratación voluntaria,18,153,149,302,Río negro
9619,Prepaga sólo por contratación voluntaria,19,100,147,247,Río negro
9620,Prepaga sólo por contratación voluntaria,20,118,73,191,Río negro
9621,Prepaga sólo por contratación voluntaria,21,111,114,225,Río negro
9622,Prepaga sólo por contratación voluntaria,22,98,110,208,Río negro
9623,Prepaga sólo por contratación voluntaria,23,153,176,329,Río negro
9624,Prepaga sólo por contratación voluntaria,24,200,196,396,Río negro
9625,Prepaga sólo por contratación voluntaria,25,172,181,353,Río negro
9626,Prepaga sólo por contratación voluntaria,26,185,144,329,Río negro
9627,Prepaga sólo por contratación voluntaria,27,167,206,373,Río negro
9628,Prepaga sólo por contratación voluntaria,28,249,247,496,Río negro
9629,Prepaga sólo por contratación voluntaria,29,241,232,473,Río negro
9630,Prepaga sólo por contratación voluntaria,30,221,266,487,Río negro
9631,Prepaga sólo por contratación voluntaria,31,225,227,452,Río negro
9632,Prepaga sólo por contratación voluntaria,32,280,301,581,Río negro
9633,Prepaga sólo por contratación voluntaria,33,191,199,390,Río negro
9634,Prepaga sólo por contratación voluntaria,34,191,183,374,Río negro
9635,Prepaga sólo por contratación voluntaria,35,214,212,426,Río negro
9636,Prepaga sólo por contratación voluntaria,36,244,254,498,Río negro
9637,Prepaga sólo por contratación voluntaria,37,211,262,473,Río negro
9638,Prepaga sólo por contratación voluntaria,38,266,243,509,Río negro
9639,Prepaga sólo por contratación voluntaria,39,174,206,380,Río negro
9640,Prepaga sólo por contratación voluntaria,40,240,173,413,Río negro
9641,Prepaga sólo por contratación voluntaria,41,225,234,459,Río negro
9642,Prepaga sólo por contratación voluntaria,42,227,167,394,Río negro
9643,Prepaga sólo por contratación voluntaria,43,205,184,389,Río negro
9644,Prepaga sólo por contratación voluntaria,44,154,151,305,Río negro
9645,Prepaga sólo por contratación voluntaria,45,146,151,297,Río negro
9646,Prepaga sólo por contratación voluntaria,46,190,114,304,Río negro
9647,Prepaga sólo por contratación voluntaria,47,220,245,465,Río negro
9648,Prepaga sólo por contratación voluntaria,48,200,212,412,Río negro
9649,Prepaga sólo por contratación voluntaria,49,193,148,341,Río negro
9650,Prepaga sólo por contratación voluntaria,50,170,204,374,Río negro
9651,Prepaga sólo por contratación voluntaria,51,217,151,368,Río negro
9652,Prepaga sólo por contratación voluntaria,52,182,223,405,Río negro
9653,Prepaga sólo por contratación voluntaria,53,189,182,371,Río negro
9654,Prepaga sólo por contratación voluntaria,54,227,105,332,Río negro
9655,Prepaga sólo por contratación voluntaria,55,215,135,350,Río negro
9656,Prepaga sólo por contratación voluntaria,56,280,188,468,Río negro
9657,Prepaga sólo por contratación voluntaria,57,138,112,250,Río negro
9658,Prepaga sólo por contratación voluntaria,58,141,135,276,Río negro
9659,Prepaga sólo por contratación voluntaria,59,186,129,315,Río negro
9660,Prepaga sólo por contratación voluntaria,60,224,165,389,Río negro
9661,Prepaga sólo por contratación voluntaria,61,187,92,279,Río negro
9662,Prepaga sólo por contratación voluntaria,62,184,86,270,Río negro
9663,Prepaga sólo por contratación voluntaria,63,148,54,202,Río negro
9664,Prepaga sólo por contratación voluntaria,64,121,40,161,Río negro
9665,Prepaga sólo por contratación voluntaria,65,75,61,136,Río negro
9666,Prepaga sólo por contratación voluntaria,66,54,80,134,Río negro
9667,Prepaga sólo por contratación voluntaria,67,41,58,99,Río negro
9668,Prepaga sólo por contratación voluntaria,68,56,10,66,Río negro
9669,Prepaga sólo por contratación voluntaria,69,22,34,56,Río negro
9670,Prepaga sólo por contratación voluntaria,70,44,30,74,Río negro
9671,Prepaga sólo por contratación voluntaria,71,25,11,36,Río negro
9672,Prepaga sólo por contratación voluntaria,72,32,15,47,Río negro
9673,Prepaga sólo por contratación voluntaria,73,23,37,60,Río negro
9674,Prepaga sólo por contratación voluntaria,74,18,30,48,Río negro
9675,Prepaga sólo por contratación voluntaria,75,16,20,36,Río negro
9676,Prepaga sólo por contratación voluntaria,76,8,18,26,Río negro
9677,Prepaga sólo por contratación voluntaria,77,13,12,25,Río negro
9678,Prepaga sólo por contratación voluntaria,78,6,17,23,Río negro
9679,Prepaga sólo por contratación voluntaria,79,7,18,25,Río negro
9680,Prepaga sólo por contratación voluntaria,80,22,9,31,Río negro
9681,Prepaga sólo por contratación voluntaria,81,14,13,27,Río negro
9682,Prepaga sólo por contratación voluntaria,82,22,13,35,Río negro
9683,Prepaga sólo por contratación voluntaria,83,12,1,13,Río negro
9684,Prepaga sólo por contratación voluntaria,84,1,12,13,Río negro
9685,Prepaga sólo por contratación voluntaria,85,2,1,3,Río negro
9686,Prepaga sólo por contratación voluntaria,86,3,9,12,Río negro
9687,Prepaga sólo por contratación voluntaria,87,2,1,3,Río negro
9688,Prepaga sólo por contratación voluntaria,88,-,1,1,Río negro
9689,Prepaga sólo por contratación voluntaria,89,3,1,4,Río negro
9690,Prepaga sólo por contratación voluntaria,90,3,2,5,Río negro
9691,Prepaga sólo por contratación voluntaria,91,1,1,2,Río negro
9692,Prepaga sólo por contratación voluntaria,94,-,8,8,Río negro
9693,Prepaga sólo por contratación voluntaria,95,-,1,1,Río negro
9694,Prepaga sólo por contratación voluntaria,97,-,1,1,Río negro
9696,Programas o planes estatales de salud,,Varón,Mujer,Total,Río negro
9697,Programas o planes estatales de salud,0,138,138,276,Río negro
9698,Programas o planes estatales de salud,1,125,146,271,Río negro
9699,Programas o planes estatales de salud,2,128,100,228,Río negro
9700,Programas o planes estatales de salud,3,177,148,325,Río negro
9701,Programas o planes estatales de salud,4,141,89,230,Río negro
9702,Programas o planes estatales de salud,5,109,101,210,Río negro
9703,Programas o planes estatales de salud,6,113,74,187,Río negro
9704,Programas o planes estatales de salud,7,73,82,155,Río negro
9705,Programas o planes estatales de salud,8,65,89,154,Río negro
9706,Programas o planes estatales de salud,9,66,83,149,Río negro
9707,Programas o planes estatales de salud,10,106,66,172,Río negro
9708,Programas o planes estatales de salud,11,77,85,162,Río negro
9709,Programas o planes estatales de salud,12,143,111,254,Río negro
9710,Programas o planes estatales de salud,13,97,90,187,Río negro
9711,Programas o planes estatales de salud,14,95,104,199,Río negro
9712,Programas o planes estatales de salud,15,118,74,192,Río negro
9713,Programas o planes estatales de salud,16,125,103,228,Río negro
9714,Programas o planes estatales de salud,17,167,104,271,Río negro
9715,Programas o planes estatales de salud,18,92,119,211,Río negro
9716,Programas o planes estatales de salud,19,81,73,154,Río negro
9717,Programas o planes estatales de salud,20,109,82,191,Río negro
9718,Programas o planes estatales de salud,21,53,46,99,Río negro
9719,Programas o planes estatales de salud,22,67,52,119,Río negro
9720,Programas o planes estatales de salud,23,79,70,149,Río negro
9721,Programas o planes estatales de salud,24,74,65,139,Río negro
9722,Programas o planes estatales de salud,25,41,58,99,Río negro
9723,Programas o planes estatales de salud,26,71,58,129,Río negro
9724,Programas o planes estatales de salud,27,68,89,157,Río negro
9725,Programas o planes estatales de salud,28,72,100,172,Río negro
9726,Programas o planes estatales de salud,29,79,65,144,Río negro
9727,Programas o planes estatales de salud,30,54,68,122,Río negro
9728,Programas o planes estatales de salud,31,61,82,143,Río negro
9729,Programas o planes estatales de salud,32,72,90,162,Río negro
9730,Programas o planes estatales de salud,33,46,64,110,Río negro
9731,Programas o planes estatales de salud,34,83,69,152,Río negro
9732,Programas o planes estatales de salud,35,71,97,168,Río negro
9733,Programas o planes estatales de salud,36,67,70,137,Río negro
9734,Programas o planes estatales de salud,37,51,68,119,Río negro
9735,Programas o planes estatales de salud,38,57,57,114,Río negro
9736,Programas o planes estatales de salud,39,59,69,128,Río negro
9737,Programas o planes estatales de salud,40,76,79,155,Río negro
9738,Programas o planes estatales de salud,41,51,86,137,Río negro
9739,Programas o planes estatales de salud,42,76,62,138,Río negro
9740,Programas o planes estatales de salud,43,94,80,174,Río negro
9741,Programas o planes estatales de salud,44,46,75,121,Río negro
9742,Programas o planes estatales de salud,45,66,59,125,Río negro
9743,Programas o planes estatales de salud,46,51,73,124,Río negro
9744,Programas o planes estatales de salud,47,50,101,151,Río negro
9745,Programas o planes estatales de salud,48,60,92,152,Río negro
9746,Programas o planes estatales de salud,49,27,72,99,Río negro
9747,Programas o planes estatales de salud,50,58,94,152,Río negro
9748,Programas o planes estatales de salud,51,109,70,179,Río negro
9749,Programas o planes estatales de salud,52,50,88,138,Río negro
9750,Programas o planes estatales de salud,53,62,43,105,Río negro
9751,Programas o planes estatales de salud,54,56,67,123,Río negro
9752,Programas o planes estatales de salud,55,54,107,161,Río negro
9753,Programas o planes estatales de salud,56,68,49,117,Río negro
9754,Programas o planes estatales de salud,57,66,30,96,Río negro
9755,Programas o planes estatales de salud,58,23,76,99,Río negro
9756,Programas o planes estatales de salud,59,51,78,129,Río negro
9757,Programas o planes estatales de salud,60,31,48,79,Río negro
9758,Programas o planes estatales de salud,61,43,35,78,Río negro
9759,Programas o planes estatales de salud,62,51,24,75,Río negro
9760,Programas o planes estatales de salud,63,24,69,93,Río negro
9761,Programas o planes estatales de salud,64,26,23,49,Río negro
9762,Programas o planes estatales de salud,65,45,13,58,Río negro
9763,Programas o planes estatales de salud,66,31,33,64,Río negro
9764,Programas o planes estatales de salud,67,18,21,39,Río negro
9765,Programas o planes estatales de salud,68,10,42,52,Río negro
9766,Programas o planes estatales de salud,69,7,13,20,Río negro
9767,Programas o planes estatales de salud,70,14,11,25,Río negro
9768,Programas o planes estatales de salud,71,8,19,27,Río negro
9769,Programas o planes estatales de salud,72,6,9,15,Río negro
9770,Programas o planes estatales de salud,73,16,6,22,Río negro
9771,Programas o planes estatales de salud,74,4,22,26,Río negro
9772,Programas o planes estatales de salud,75,9,7,16,Río negro
9773,Programas o planes estatales de salud,76,7,12,19,Río negro
9774,Programas o planes estatales de salud,77,7,9,16,Río negro
9775,Programas o planes estatales de salud,78,5,6,11,Río negro
9776,Programas o planes estatales de salud,79,7,8,15,Río negro
9777,Programas o planes estatales de salud,80,16,6,22,Río negro
9778,Programas o planes estatales de salud,81,4,6,10,Río negro
9779,Programas o planes estatales de salud,82,7,34,41,Río negro
9780,Programas o planes estatales de salud,83,14,23,37,Río negro
9781,Programas o planes estatales de salud,84,4,7,11,Río negro
9782,Programas o planes estatales de salud,85,5,4,9,Río negro
9783,Programas o planes estatales de salud,86,2,2,4,Río negro
9784,Programas o planes estatales de salud,87,3,12,15,Río negro
9785,Programas o planes estatales de salud,88,-,4,4,Río negro
9786,Programas o planes estatales de salud,89,-,4,4,Río negro
9787,Programas o planes estatales de salud,90,-,11,11,Río negro
9788,Programas o planes estatales de salud,91,1,9,10,Río negro
9789,Programas o planes estatales de salud,92,-,4,4,Río negro
9790,Programas o planes estatales de salud,93,-,9,9,Río negro
9791,Programas o planes estatales de salud,95,-,2,2,Río negro
9792,Programas o planes estatales de salud,100,-,2,2,Río negro
9794,"No tiene obra social, prepaga o plan estatal",,Varón,Mujer,Total,Río negro
9795,"No tiene obra social, prepaga o plan estatal",0,2397,2132,4529,Río negro
9796,"No tiene obra social, prepaga o plan estatal",1,2183,2124,4307,Río negro
9797,"No tiene obra social, prepaga o plan estatal",2,2285,2095,4380,Río negro
9798,"No tiene obra social, prepaga o plan estatal",3,1934,1965,3899,Río negro
9799,"No tiene obra social, prepaga o plan estatal",4,1982,1763,3745,Río negro
9800,"No tiene obra social, prepaga o plan estatal",5,2040,1808,3848,Río negro
9801,"No tiene obra social, prepaga o plan estatal",6,1967,1696,3663,Río negro
9802,"No tiene obra social, prepaga o plan estatal",7,1806,1988,3794,Río negro
9803,"No tiene obra social, prepaga o plan estatal",8,1998,1992,3990,Río negro
9804,"No tiene obra social, prepaga o plan estatal",9,2037,2141,4178,Río negro
9805,"No tiene obra social, prepaga o plan estatal",10,2068,2194,4262,Río negro
9806,"No tiene obra social, prepaga o plan estatal",11,2157,1874,4031,Río negro
9807,"No tiene obra social, prepaga o plan estatal",12,2141,2070,4211,Río negro
9808,"No tiene obra social, prepaga o plan estatal",13,2068,2013,4081,Río negro
9809,"No tiene obra social, prepaga o plan estatal",14,2261,2166,4427,Río negro
9810,"No tiene obra social, prepaga o plan estatal",15,2361,2104,4465,Río negro
9811,"No tiene obra social, prepaga o plan estatal",16,2110,2153,4263,Río negro
9812,"No tiene obra social, prepaga o plan estatal",17,2436,2214,4650,Río negro
9813,"No tiene obra social, prepaga o plan estatal",18,2524,2481,5005,Río negro
9814,"No tiene obra social, prepaga o plan estatal",19,2773,2237,5010,Río negro
9815,"No tiene obra social, prepaga o plan estatal",20,2707,2323,5030,Río negro
9816,"No tiene obra social, prepaga o plan estatal",21,2859,3112,5971,Río negro
9817,"No tiene obra social, prepaga o plan estatal",22,2970,2735,5705,Río negro
9818,"No tiene obra social, prepaga o plan estatal",23,2497,2595,5092,Río negro
9819,"No tiene obra social, prepaga o plan estatal",24,2381,2552,4933,Río negro
9820,"No tiene obra social, prepaga o plan estatal",25,2579,2192,4771,Río negro
9821,"No tiene obra social, prepaga o plan estatal",26,2227,2229,4456,Río negro
9822,"No tiene obra social, prepaga o plan estatal",27,1974,2031,4005,Río negro
9823,"No tiene obra social, prepaga o plan estatal",28,2123,2089,4212,Río negro
9824,"No tiene obra social, prepaga o plan estatal",29,2208,1753,3961,Río negro
9825,"No tiene obra social, prepaga o plan estatal",30,2026,1824,3850,Río negro
9826,"No tiene obra social, prepaga o plan estatal",31,1803,1953,3756,Río negro
9827,"No tiene obra social, prepaga o plan estatal",32,1857,1709,3566,Río negro
9828,"No tiene obra social, prepaga o plan estatal",33,1756,1744,3500,Río negro
9829,"No tiene obra social, prepaga o plan estatal",34,1691,1382,3073,Río negro
9830,"No tiene obra social, prepaga o plan estatal",35,1592,1537,3129,Río negro
9831,"No tiene obra social, prepaga o plan estatal",36,1509,1407,2916,Río negro
9832,"No tiene obra social, prepaga o plan estatal",37,1548,1303,2851,Río negro
9833,"No tiene obra social, prepaga o plan estatal",38,1462,1380,2842,Río negro
9834,"No tiene obra social, prepaga o plan estatal",39,1396,1307,2703,Río negro
9835,"No tiene obra social, prepaga o plan estatal",40,1439,1220,2659,Río negro
9836,"No tiene obra social, prepaga o plan estatal",41,1331,1081,2412,Río negro
9837,"No tiene obra social, prepaga o plan estatal",42,1293,1200,2493,Río negro
9838,"No tiene obra social, prepaga o plan estatal",43,1219,1145,2364,Río negro
9839,"No tiene obra social, prepaga o plan estatal",44,1286,1188,2474,Río negro
9840,"No tiene obra social, prepaga o plan estatal",45,1236,1185,2421,Río negro
9841,"No tiene obra social, prepaga o plan estatal",46,1319,1096,2415,Río negro
9842,"No tiene obra social, prepaga o plan estatal",47,1163,1150,2313,Río negro
9843,"No tiene obra social, prepaga o plan estatal",48,1255,1169,2424,Río negro
9844,"No tiene obra social, prepaga o plan estatal",49,1278,1096,2374,Río negro
9845,"No tiene obra social, prepaga o plan estatal",50,1349,1079,2428,Río negro
9846,"No tiene obra social, prepaga o plan estatal",51,1153,848,2001,Río negro
9847,"No tiene obra social, prepaga o plan estatal",52,1000,878,1878,Río negro
9848,"No tiene obra social, prepaga o plan estatal",53,1179,962,2141,Río negro
9849,"No tiene obra social, prepaga o plan estatal",54,1033,980,2013,Río negro
9850,"No tiene obra social, prepaga o plan estatal",55,965,932,1897,Río negro
9851,"No tiene obra social, prepaga o plan estatal",56,1011,824,1835,Río negro
9852,"No tiene obra social, prepaga o plan estatal",57,917,786,1703,Río negro
9853,"No tiene obra social, prepaga o plan estatal",58,977,808,1785,Río negro
9854,"No tiene obra social, prepaga o plan estatal",59,960,623,1583,Río negro
9855,"No tiene obra social, prepaga o plan estatal",60,1076,790,1866,Río negro
9856,"No tiene obra social, prepaga o plan estatal",61,887,459,1346,Río negro
9857,"No tiene obra social, prepaga o plan estatal",62,802,315,1117,Río negro
9858,"No tiene obra social, prepaga o plan estatal",63,763,264,1027,Río negro
9859,"No tiene obra social, prepaga o plan estatal",64,666,166,832,Río negro
9860,"No tiene obra social, prepaga o plan estatal",65,580,210,790,Río negro
9861,"No tiene obra social, prepaga o plan estatal",66,340,150,490,Río negro
9862,"No tiene obra social, prepaga o plan estatal",67,200,136,336,Río negro
9863,"No tiene obra social, prepaga o plan estatal",68,177,168,345,Río negro
9864,"No tiene obra social, prepaga o plan estatal",69,153,114,267,Río negro
9865,"No tiene obra social, prepaga o plan estatal",70,168,67,235,Río negro
9866,"No tiene obra social, prepaga o plan estatal",71,124,132,256,Río negro
9867,"No tiene obra social, prepaga o plan estatal",72,89,73,162,Río negro
9868,"No tiene obra social, prepaga o plan estatal",73,115,48,163,Río negro
9869,"No tiene obra social, prepaga o plan estatal",74,85,83,168,Río negro
9870,"No tiene obra social, prepaga o plan estatal",75,88,79,167,Río negro
9871,"No tiene obra social, prepaga o plan estatal",76,69,62,131,Río negro
9872,"No tiene obra social, prepaga o plan estatal",77,75,78,153,Río negro
9873,"No tiene obra social, prepaga o plan estatal",78,50,69,119,Río negro
9874,"No tiene obra social, prepaga o plan estatal",79,59,58,117,Río negro
9875,"No tiene obra social, prepaga o plan estatal",80,43,82,125,Río negro
9876,"No tiene obra social, prepaga o plan estatal",81,56,70,126,Río negro
9877,"No tiene obra social, prepaga o plan estatal",82,43,36,79,Río negro
9878,"No tiene obra social, prepaga o plan estatal",83,29,38,67,Río negro
9879,"No tiene obra social, prepaga o plan estatal",84,33,35,68,Río negro
9880,"No tiene obra social, prepaga o plan estatal",85,27,33,60,Río negro
9881,"No tiene obra social, prepaga o plan estatal",86,20,35,55,Río negro
9882,"No tiene obra social, prepaga o plan estatal",87,11,14,25,Río negro
9883,"No tiene obra social, prepaga o plan estatal",88,16,20,36,Río negro
9884,"No tiene obra social, prepaga o plan estatal",89,9,30,39,Río negro
9885,"No tiene obra social, prepaga o plan estatal",90,10,20,30,Río negro
9886,"No tiene obra social, prepaga o plan estatal",91,5,8,13,Río negro
9887,"No tiene obra social, prepaga o plan estatal",92,4,15,19,Río negro
9888,"No tiene obra social, prepaga o plan estatal",93,-,3,3,Río negro
9889,"No tiene obra social, prepaga o plan estatal",94,4,7,11,Río negro
9890,"No tiene obra social, prepaga o plan estatal",95,2,2,4,Río negro
9891,"No tiene obra social, prepaga o plan estatal",96,1,13,14,Río negro
9892,"No tiene obra social, prepaga o plan estatal",97,-,1,1,Río negro
9893,"No tiene obra social, prepaga o plan estatal",98,-,3,3,Río negro
9894,"No tiene obra social, prepaga o plan estatal",100,-,1,1,Río negro
9895,"No tiene obra social, prepaga o plan estatal",105,-,1,1,Río negro
9896,"No tiene obra social, prepaga o plan estatal",110,1,-,1,Río negro
10009,AREA # 66,Salta,,,,Salta
10010,AREA # 66,,,,,Salta
10011,Cobertura de salud,Edad,Sexo,,,Salta
10012,Obra social (incluye PAMI),,Varón,Mujer,Total,Salta
10013,Obra social (incluye PAMI),0,3487,3750,7237,Salta
10014,Obra social (incluye PAMI),1,3920,3499,7419,Salta
10015,Obra social (incluye PAMI),2,3839,3354,7193,Salta
10016,Obra social (incluye PAMI),3,3461,3545,7006,Salta
10017,Obra social (incluye PAMI),4,3742,3676,7418,Salta
10018,Obra social (incluye PAMI),5,3995,3908,7903,Salta
10019,Obra social (incluye PAMI),6,3930,4084,8014,Salta
10020,Obra social (incluye PAMI),7,4420,4326,8746,Salta
10021,Obra social (incluye PAMI),8,4465,4462,8927,Salta
10022,Obra social (incluye PAMI),9,4628,4431,9059,Salta
10023,Obra social (incluye PAMI),10,4784,4513,9297,Salta
10024,Obra social (incluye PAMI),11,4926,4465,9391,Salta
10025,Obra social (incluye PAMI),12,4905,4473,9378,Salta
10026,Obra social (incluye PAMI),13,5035,4375,9410,Salta
10027,Obra social (incluye PAMI),14,5005,4895,9900,Salta
10028,Obra social (incluye PAMI),15,5021,5238,10259,Salta
10029,Obra social (incluye PAMI),16,4912,5147,10059,Salta
10030,Obra social (incluye PAMI),17,4902,4991,9893,Salta
10031,Obra social (incluye PAMI),18,4376,5053,9429,Salta
10032,Obra social (incluye PAMI),19,3872,4488,8360,Salta
10033,Obra social (incluye PAMI),20,3486,3497,6983,Salta
10034,Obra social (incluye PAMI),21,2811,3025,5836,Salta
10035,Obra social (incluye PAMI),22,2511,2633,5144,Salta
10036,Obra social (incluye PAMI),23,2560,2732,5292,Salta
10037,Obra social (incluye PAMI),24,2543,2725,5268,Salta
10038,Obra social (incluye PAMI),25,2598,2941,5539,Salta
10039,Obra social (incluye PAMI),26,2628,2710,5338,Salta
10040,Obra social (incluye PAMI),27,2655,2671,5326,Salta
10041,Obra social (incluye PAMI),28,2858,2776,5634,Salta
10042,Obra social (incluye PAMI),29,2935,3141,6076,Salta
10043,Obra social (incluye PAMI),30,3266,3521,6787,Salta
10044,Obra social (incluye PAMI),31,3120,3387,6507,Salta
10045,Obra social (incluye PAMI),32,3128,3387,6515,Salta
10046,Obra social (incluye PAMI),33,3154,3358,6512,Salta
10047,Obra social (incluye PAMI),34,3210,3417,6627,Salta
10048,Obra social (incluye PAMI),35,3288,3338,6626,Salta
10049,Obra social (incluye PAMI),36,2932,3285,6217,Salta
10050,Obra social (incluye PAMI),37,2711,3050,5761,Salta
10051,Obra social (incluye PAMI),38,2732,3304,6036,Salta
10052,Obra social (incluye PAMI),39,2628,3037,5665,Salta
10053,Obra social (incluye PAMI),40,2886,3175,6061,Salta
10054,Obra social (incluye PAMI),41,2500,2960,5460,Salta
10055,Obra social (incluye PAMI),42,2608,3087,5695,Salta
10056,Obra social (incluye PAMI),43,2678,2844,5522,Salta
10057,Obra social (incluye PAMI),44,2453,2940,5393,Salta
10058,Obra social (incluye PAMI),45,2549,2949,5498,Salta
10059,Obra social (incluye PAMI),46,2384,2717,5101,Salta
10060,Obra social (incluye PAMI),47,2437,2709,5146,Salta
10061,Obra social (incluye PAMI),48,2453,2850,5303,Salta
10062,Obra social (incluye PAMI),49,2336,2673,5009,Salta
10063,Obra social (incluye PAMI),50,2285,2596,4881,Salta
10064,Obra social (incluye PAMI),51,2068,2445,4513,Salta
10065,Obra social (incluye PAMI),52,2005,2579,4584,Salta
10066,Obra social (incluye PAMI),53,2144,2550,4694,Salta
10067,Obra social (incluye PAMI),54,1936,2638,4574,Salta
10068,Obra social (incluye PAMI),55,1901,2543,4444,Salta
10069,Obra social (incluye PAMI),56,2054,2599,4653,Salta
10070,Obra social (incluye PAMI),57,1986,2480,4466,Salta
10071,Obra social (incluye PAMI),58,1785,2407,4192,Salta
10072,Obra social (incluye PAMI),59,2073,2364,4437,Salta
10073,Obra social (incluye PAMI),60,2029,2639,4668,Salta
10074,Obra social (incluye PAMI),61,1777,2428,4205,Salta
10075,Obra social (incluye PAMI),62,1701,2901,4602,Salta
10076,Obra social (incluye PAMI),63,1548,2938,4486,Salta
10077,Obra social (incluye PAMI),64,1805,2777,4582,Salta
10078,Obra social (incluye PAMI),65,2057,2803,4860,Salta
10079,Obra social (incluye PAMI),66,2276,2816,5092,Salta
10080,Obra social (incluye PAMI),67,2196,2666,4862,Salta
10081,Obra social (incluye PAMI),68,2240,2620,4860,Salta
10082,Obra social (incluye PAMI),69,1894,2283,4177,Salta
10083,Obra social (incluye PAMI),70,2094,2480,4574,Salta
10084,Obra social (incluye PAMI),71,1694,2134,3828,Salta
10085,Obra social (incluye PAMI),72,1786,2135,3921,Salta
10086,Obra social (incluye PAMI),73,1875,1879,3754,Salta
10087,Obra social (incluye PAMI),74,1495,1732,3227,Salta
10088,Obra social (incluye PAMI),75,1659,1792,3451,Salta
10089,Obra social (incluye PAMI),76,1334,1585,2919,Salta
10090,Obra social (incluye PAMI),77,1222,1874,3096,Salta
10091,Obra social (incluye PAMI),78,1243,1492,2735,Salta
10092,Obra social (incluye PAMI),79,1176,1348,2524,Salta
10093,Obra social (incluye PAMI),80,1002,1583,2585,Salta
10094,Obra social (incluye PAMI),81,758,1014,1772,Salta
10095,Obra social (incluye PAMI),82,549,909,1458,Salta
10096,Obra social (incluye PAMI),83,716,850,1566,Salta
10097,Obra social (incluye PAMI),84,577,758,1335,Salta
10098,Obra social (incluye PAMI),85,457,798,1255,Salta
10099,Obra social (incluye PAMI),86,376,666,1042,Salta
10100,Obra social (incluye PAMI),87,250,480,730,Salta
10101,Obra social (incluye PAMI),88,320,446,766,Salta
10102,Obra social (incluye PAMI),89,189,367,556,Salta
10103,Obra social (incluye PAMI),90,138,276,414,Salta
10104,Obra social (incluye PAMI),91,73,219,292,Salta
10105,Obra social (incluye PAMI),92,77,175,252,Salta
10106,Obra social (incluye PAMI),93,71,249,320,Salta
10107,Obra social (incluye PAMI),94,41,166,207,Salta
10108,Obra social (incluye PAMI),95,28,81,109,Salta
10109,Obra social (incluye PAMI),96,6,77,83,Salta
10110,Obra social (incluye PAMI),97,35,53,88,Salta
10111,Obra social (incluye PAMI),98,10,60,70,Salta
10112,Obra social (incluye PAMI),99,3,17,20,Salta
10113,Obra social (incluye PAMI),100,5,10,15,Salta
10114,Obra social (incluye PAMI),101,12,3,15,Salta
10115,Obra social (incluye PAMI),102,21,5,26,Salta
10116,Obra social (incluye PAMI),104,-,2,2,Salta
10117,Obra social (incluye PAMI),105,-,1,1,Salta
10118,Obra social (incluye PAMI),110,-,4,4,Salta
10120,Prepaga a través de obra social,,Varón,Mujer,Total,Salta
10121,Prepaga a través de obra social,0,887,812,1699,Salta
10122,Prepaga a través de obra social,1,870,827,1697,Salta
10123,Prepaga a través de obra social,2,866,933,1799,Salta
10124,Prepaga a través de obra social,3,871,815,1686,Salta
10125,Prepaga a través de obra social,4,903,898,1801,Salta
10126,Prepaga a través de obra social,5,1141,866,2007,Salta
10127,Prepaga a través de obra social,6,892,1081,1973,Salta
10128,Prepaga a través de obra social,7,1121,994,2115,Salta
10129,Prepaga a través de obra social,8,993,1050,2043,Salta
10130,Prepaga a través de obra social,9,1052,1164,2216,Salta
10131,Prepaga a través de obra social,10,1045,1030,2075,Salta
10132,Prepaga a través de obra social,11,1086,979,2065,Salta
10133,Prepaga a través de obra social,12,1089,971,2060,Salta
10134,Prepaga a través de obra social,13,1015,1064,2079,Salta
10135,Prepaga a través de obra social,14,1003,1071,2074,Salta
10136,Prepaga a través de obra social,15,995,1166,2161,Salta
10137,Prepaga a través de obra social,16,1107,1092,2199,Salta
10138,Prepaga a través de obra social,17,1053,923,1976,Salta
10139,Prepaga a través de obra social,18,847,871,1718,Salta
10140,Prepaga a través de obra social,19,849,824,1673,Salta
10141,Prepaga a través de obra social,20,809,666,1475,Salta
10142,Prepaga a través de obra social,21,488,495,983,Salta
10143,Prepaga a través de obra social,22,497,562,1059,Salta
10144,Prepaga a través de obra social,23,532,519,1051,Salta
10145,Prepaga a través de obra social,24,551,635,1186,Salta
10146,Prepaga a través de obra social,25,578,689,1267,Salta
10147,Prepaga a través de obra social,26,704,710,1414,Salta
10148,Prepaga a través de obra social,27,686,702,1388,Salta
10149,Prepaga a través de obra social,28,665,835,1500,Salta
10150,Prepaga a través de obra social,29,705,699,1404,Salta
10151,Prepaga a través de obra social,30,871,787,1658,Salta
10152,Prepaga a través de obra social,31,856,882,1738,Salta
10153,Prepaga a través de obra social,32,777,749,1526,Salta
10154,Prepaga a través de obra social,33,880,823,1703,Salta
10155,Prepaga a través de obra social,34,800,744,1544,Salta
10156,Prepaga a través de obra social,35,769,783,1552,Salta
10157,Prepaga a través de obra social,36,724,806,1530,Salta
10158,Prepaga a través de obra social,37,749,634,1383,Salta
10159,Prepaga a través de obra social,38,678,726,1404,Salta
10160,Prepaga a través de obra social,39,679,607,1286,Salta
10161,Prepaga a través de obra social,40,685,654,1339,Salta
10162,Prepaga a través de obra social,41,668,695,1363,Salta
10163,Prepaga a través de obra social,42,563,508,1071,Salta
10164,Prepaga a través de obra social,43,542,700,1242,Salta
10165,Prepaga a través de obra social,44,499,589,1088,Salta
10166,Prepaga a través de obra social,45,644,536,1180,Salta
10167,Prepaga a través de obra social,46,565,582,1147,Salta
10168,Prepaga a través de obra social,47,548,447,995,Salta
10169,Prepaga a través de obra social,48,469,456,925,Salta
10170,Prepaga a través de obra social,49,432,486,918,Salta
10171,Prepaga a través de obra social,50,472,600,1072,Salta
10172,Prepaga a través de obra social,51,488,412,900,Salta
10173,Prepaga a través de obra social,52,445,467,912,Salta
10174,Prepaga a través de obra social,53,406,519,925,Salta
10175,Prepaga a través de obra social,54,405,480,885,Salta
10176,Prepaga a través de obra social,55,478,458,936,Salta
10177,Prepaga a través de obra social,56,368,414,782,Salta
10178,Prepaga a través de obra social,57,310,318,628,Salta
10179,Prepaga a través de obra social,58,420,315,735,Salta
10180,Prepaga a través de obra social,59,315,306,621,Salta
10181,Prepaga a través de obra social,60,402,270,672,Salta
10182,Prepaga a través de obra social,61,266,196,462,Salta
10183,Prepaga a través de obra social,62,234,145,379,Salta
10184,Prepaga a través de obra social,63,196,132,328,Salta
10185,Prepaga a través de obra social,64,217,175,392,Salta
10186,Prepaga a través de obra social,65,169,117,286,Salta
10187,Prepaga a través de obra social,66,87,106,193,Salta
10188,Prepaga a través de obra social,67,88,84,172,Salta
10189,Prepaga a través de obra social,68,73,57,130,Salta
10190,Prepaga a través de obra social,69,51,49,100,Salta
10191,Prepaga a través de obra social,70,72,147,219,Salta
10192,Prepaga a través de obra social,71,53,80,133,Salta
10193,Prepaga a través de obra social,72,90,56,146,Salta
10194,Prepaga a través de obra social,73,72,66,138,Salta
10195,Prepaga a través de obra social,74,54,28,82,Salta
10196,Prepaga a través de obra social,75,54,40,94,Salta
10197,Prepaga a través de obra social,76,32,29,61,Salta
10198,Prepaga a través de obra social,77,31,61,92,Salta
10199,Prepaga a través de obra social,78,48,43,91,Salta
10200,Prepaga a través de obra social,79,23,44,67,Salta
10201,Prepaga a través de obra social,80,10,35,45,Salta
10202,Prepaga a través de obra social,81,40,23,63,Salta
10203,Prepaga a través de obra social,82,5,29,34,Salta
10204,Prepaga a través de obra social,83,13,37,50,Salta
10205,Prepaga a través de obra social,84,6,10,16,Salta
10206,Prepaga a través de obra social,85,51,34,85,Salta
10207,Prepaga a través de obra social,86,3,27,30,Salta
10208,Prepaga a través de obra social,87,2,4,6,Salta
10209,Prepaga a través de obra social,88,4,14,18,Salta
10210,Prepaga a través de obra social,89,4,13,17,Salta
10211,Prepaga a través de obra social,90,1,1,2,Salta
10212,Prepaga a través de obra social,91,-,2,2,Salta
10213,Prepaga a través de obra social,92,-,3,3,Salta
10214,Prepaga a través de obra social,93,1,10,11,Salta
10215,Prepaga a través de obra social,94,10,1,11,Salta
10216,Prepaga a través de obra social,95,-,1,1,Salta
10217,Prepaga a través de obra social,96,1,-,1,Salta
10218,Prepaga a través de obra social,98,1,-,1,Salta
10219,Prepaga a través de obra social,101,-,1,1,Salta
10221,Prepaga sólo por contratación voluntaria,,Varón,Mujer,Total,Salta
10222,Prepaga sólo por contratación voluntaria,0,226,244,470,Salta
10223,Prepaga sólo por contratación voluntaria,1,175,235,410,Salta
10224,Prepaga sólo por contratación voluntaria,2,253,234,487,Salta
10225,Prepaga sólo por contratación voluntaria,3,232,155,387,Salta
10226,Prepaga sólo por contratación voluntaria,4,178,229,407,Salta
10227,Prepaga sólo por contratación voluntaria,5,238,223,461,Salta
10228,Prepaga sólo por contratación voluntaria,6,304,256,560,Salta
10229,Prepaga sólo por contratación voluntaria,7,252,177,429,Salta
10230,Prepaga sólo por contratación voluntaria,8,282,253,535,Salta
10231,Prepaga sólo por contratación voluntaria,9,193,191,384,Salta
10232,Prepaga sólo por contratación voluntaria,10,241,285,526,Salta
10233,Prepaga sólo por contratación voluntaria,11,254,259,513,Salta
10234,Prepaga sólo por contratación voluntaria,12,189,182,371,Salta
10235,Prepaga sólo por contratación voluntaria,13,223,200,423,Salta
10236,Prepaga sólo por contratación voluntaria,14,269,236,505,Salta
10237,Prepaga sólo por contratación voluntaria,15,219,195,414,Salta
10238,Prepaga sólo por contratación voluntaria,16,250,204,454,Salta
10239,Prepaga sólo por contratación voluntaria,17,189,242,431,Salta
10240,Prepaga sólo por contratación voluntaria,18,158,172,330,Salta
10241,Prepaga sólo por contratación voluntaria,19,132,216,348,Salta
10242,Prepaga sólo por contratación voluntaria,20,141,189,330,Salta
10243,Prepaga sólo por contratación voluntaria,21,173,164,337,Salta
10244,Prepaga sólo por contratación voluntaria,22,198,205,403,Salta
10245,Prepaga sólo por contratación voluntaria,23,159,251,410,Salta
10246,Prepaga sólo por contratación voluntaria,24,135,221,356,Salta
10247,Prepaga sólo por contratación voluntaria,25,201,177,378,Salta
10248,Prepaga sólo por contratación voluntaria,26,189,209,398,Salta
10249,Prepaga sólo por contratación voluntaria,27,232,238,470,Salta
10250,Prepaga sólo por contratación voluntaria,28,197,210,407,Salta
10251,Prepaga sólo por contratación voluntaria,29,177,243,420,Salta
10252,Prepaga sólo por contratación voluntaria,30,182,256,438,Salta
10253,Prepaga sólo por contratación voluntaria,31,170,267,437,Salta
10254,Prepaga sólo por contratación voluntaria,32,203,228,431,Salta
10255,Prepaga sólo por contratación voluntaria,33,175,119,294,Salta
10256,Prepaga sólo por contratación voluntaria,34,242,188,430,Salta
10257,Prepaga sólo por contratación voluntaria,35,242,301,543,Salta
10258,Prepaga sólo por contratación voluntaria,36,213,212,425,Salta
10259,Prepaga sólo por contratación voluntaria,37,204,260,464,Salta
10260,Prepaga sólo por contratación voluntaria,38,140,208,348,Salta
10261,Prepaga sólo por contratación voluntaria,39,163,266,429,Salta
10262,Prepaga sólo por contratación voluntaria,40,126,197,323,Salta
10263,Prepaga sólo por contratación voluntaria,41,147,222,369,Salta
10264,Prepaga sólo por contratación voluntaria,42,163,188,351,Salta
10265,Prepaga sólo por contratación voluntaria,43,79,135,214,Salta
10266,Prepaga sólo por contratación voluntaria,44,173,178,351,Salta
10267,Prepaga sólo por contratación voluntaria,45,231,161,392,Salta
10268,Prepaga sólo por contratación voluntaria,46,140,154,294,Salta
10269,Prepaga sólo por contratación voluntaria,47,143,136,279,Salta
10270,Prepaga sólo por contratación voluntaria,48,150,140,290,Salta
10271,Prepaga sólo por contratación voluntaria,49,173,154,327,Salta
10272,Prepaga sólo por contratación voluntaria,50,148,124,272,Salta
10273,Prepaga sólo por contratación voluntaria,51,150,154,304,Salta
10274,Prepaga sólo por contratación voluntaria,52,155,182,337,Salta
10275,Prepaga sólo por contratación voluntaria,53,101,113,214,Salta
10276,Prepaga sólo por contratación voluntaria,54,128,155,283,Salta
10277,Prepaga sólo por contratación voluntaria,55,120,132,252,Salta
10278,Prepaga sólo por contratación voluntaria,56,115,197,312,Salta
10279,Prepaga sólo por contratación voluntaria,57,145,103,248,Salta
10280,Prepaga sólo por contratación voluntaria,58,117,122,239,Salta
10281,Prepaga sólo por contratación voluntaria,59,101,119,220,Salta
10282,Prepaga sólo por contratación voluntaria,60,72,113,185,Salta
10283,Prepaga sólo por contratación voluntaria,61,89,79,168,Salta
10284,Prepaga sólo por contratación voluntaria,62,92,78,170,Salta
10285,Prepaga sólo por contratación voluntaria,63,89,21,110,Salta
10286,Prepaga sólo por contratación voluntaria,64,69,24,93,Salta
10287,Prepaga sólo por contratación voluntaria,65,40,21,61,Salta
10288,Prepaga sólo por contratación voluntaria,66,39,16,55,Salta
10289,Prepaga sólo por contratación voluntaria,67,23,44,67,Salta
10290,Prepaga sólo por contratación voluntaria,68,34,10,44,Salta
10291,Prepaga sólo por contratación voluntaria,69,9,16,25,Salta
10292,Prepaga sólo por contratación voluntaria,70,5,35,40,Salta
10293,Prepaga sólo por contratación voluntaria,71,13,27,40,Salta
10294,Prepaga sólo por contratación voluntaria,72,18,17,35,Salta
10295,Prepaga sólo por contratación voluntaria,73,3,22,25,Salta
10296,Prepaga sólo por contratación voluntaria,74,14,13,27,Salta
10297,Prepaga sólo por contratación voluntaria,75,14,15,29,Salta
10298,Prepaga sólo por contratación voluntaria,76,15,5,20,Salta
10299,Prepaga sólo por contratación voluntaria,77,3,2,5,Salta
10300,Prepaga sólo por contratación voluntaria,78,2,2,4,Salta
10301,Prepaga sólo por contratación voluntaria,79,1,11,12,Salta
10302,Prepaga sólo por contratación voluntaria,80,1,3,4,Salta
10303,Prepaga sólo por contratación voluntaria,81,1,3,4,Salta
10304,Prepaga sólo por contratación voluntaria,82,1,2,3,Salta
10305,Prepaga sólo por contratación voluntaria,83,2,11,13,Salta
10306,Prepaga sólo por contratación voluntaria,84,3,-,3,Salta
10307,Prepaga sólo por contratación voluntaria,85,11,1,12,Salta
10308,Prepaga sólo por contratación voluntaria,87,-,1,1,Salta
10309,Prepaga sólo por contratación voluntaria,88,1,1,2,Salta
10310,Prepaga sólo por contratación voluntaria,89,-,2,2,Salta
10311,Prepaga sólo por contratación voluntaria,90,1,-,1,Salta
10312,Prepaga sólo por contratación voluntaria,92,-,11,11,Salta
10313,Prepaga sólo por contratación voluntaria,97,1,-,1,Salta
10315,Programas o planes estatales de salud,,Varón,Mujer,Total,Salta
10316,Programas o planes estatales de salud,0,735,580,1315,Salta
10317,Programas o planes estatales de salud,1,549,626,1175,Salta
10318,Programas o planes estatales de salud,2,706,685,1391,Salta
10319,Programas o planes estatales de salud,3,493,607,1100,Salta
10320,Programas o planes estatales de salud,4,476,517,993,Salta
10321,Programas o planes estatales de salud,5,526,464,990,Salta
10322,Programas o planes estatales de salud,6,362,307,669,Salta
10323,Programas o planes estatales de salud,7,354,344,698,Salta
10324,Programas o planes estatales de salud,8,346,335,681,Salta
10325,Programas o planes estatales de salud,9,348,349,697,Salta
10326,Programas o planes estatales de salud,10,419,347,766,Salta
10327,Programas o planes estatales de salud,11,341,319,660,Salta
10328,Programas o planes estatales de salud,12,349,333,682,Salta
10329,Programas o planes estatales de salud,13,392,314,706,Salta
10330,Programas o planes estatales de salud,14,351,342,693,Salta
10331,Programas o planes estatales de salud,15,331,249,580,Salta
10332,Programas o planes estatales de salud,16,303,303,606,Salta
10333,Programas o planes estatales de salud,17,371,251,622,Salta
10334,Programas o planes estatales de salud,18,249,205,454,Salta
10335,Programas o planes estatales de salud,19,247,205,452,Salta
10336,Programas o planes estatales de salud,20,165,241,406,Salta
10337,Programas o planes estatales de salud,21,194,250,444,Salta
10338,Programas o planes estatales de salud,22,178,248,426,Salta
10339,Programas o planes estatales de salud,23,157,280,437,Salta
10340,Programas o planes estatales de salud,24,117,201,318,Salta
10341,Programas o planes estatales de salud,25,143,255,398,Salta
10342,Programas o planes estatales de salud,26,151,191,342,Salta
10343,Programas o planes estatales de salud,27,168,184,352,Salta
10344,Programas o planes estatales de salud,28,165,244,409,Salta
10345,Programas o planes estatales de salud,29,164,247,411,Salta
10346,Programas o planes estatales de salud,30,190,157,347,Salta
10347,Programas o planes estatales de salud,31,133,238,371,Salta
10348,Programas o planes estatales de salud,32,173,197,370,Salta
10349,Programas o planes estatales de salud,33,146,243,389,Salta
10350,Programas o planes estatales de salud,34,169,232,401,Salta
10351,Programas o planes estatales de salud,35,133,228,361,Salta
10352,Programas o planes estatales de salud,36,134,207,341,Salta
10353,Programas o planes estatales de salud,37,111,195,306,Salta
10354,Programas o planes estatales de salud,38,99,150,249,Salta
10355,Programas o planes estatales de salud,39,139,193,332,Salta
10356,Programas o planes estatales de salud,40,144,160,304,Salta
10357,Programas o planes estatales de salud,41,130,139,269,Salta
10358,Programas o planes estatales de salud,42,139,231,370,Salta
10359,Programas o planes estatales de salud,43,89,198,287,Salta
10360,Programas o planes estatales de salud,44,87,181,268,Salta
10361,Programas o planes estatales de salud,45,119,184,303,Salta
10362,Programas o planes estatales de salud,46,102,190,292,Salta
10363,Programas o planes estatales de salud,47,61,182,243,Salta
10364,Programas o planes estatales de salud,48,87,197,284,Salta
10365,Programas o planes estatales de salud,49,141,239,380,Salta
10366,Programas o planes estatales de salud,50,106,222,328,Salta
10367,Programas o planes estatales de salud,51,150,176,326,Salta
10368,Programas o planes estatales de salud,52,80,195,275,Salta
10369,Programas o planes estatales de salud,53,92,216,308,Salta
10370,Programas o planes estatales de salud,54,133,204,337,Salta
10371,Programas o planes estatales de salud,55,91,195,286,Salta
10372,Programas o planes estatales de salud,56,97,201,298,Salta
10373,Programas o planes estatales de salud,57,135,172,307,Salta
10374,Programas o planes estatales de salud,58,72,170,242,Salta
10375,Programas o planes estatales de salud,59,53,151,204,Salta
10376,Programas o planes estatales de salud,60,122,132,254,Salta
10377,Programas o planes estatales de salud,61,56,91,147,Salta
10378,Programas o planes estatales de salud,62,95,93,188,Salta
10379,Programas o planes estatales de salud,63,99,95,194,Salta
10380,Programas o planes estatales de salud,64,80,45,125,Salta
10381,Programas o planes estatales de salud,65,65,49,114,Salta
10382,Programas o planes estatales de salud,66,61,39,100,Salta
10383,Programas o planes estatales de salud,67,15,27,42,Salta
10384,Programas o planes estatales de salud,68,46,44,90,Salta
10385,Programas o planes estatales de salud,69,43,43,86,Salta
10386,Programas o planes estatales de salud,70,24,38,62,Salta
10387,Programas o planes estatales de salud,71,27,13,40,Salta
10388,Programas o planes estatales de salud,72,12,35,47,Salta
10389,Programas o planes estatales de salud,73,32,30,62,Salta
10390,Programas o planes estatales de salud,74,26,39,65,Salta
10391,Programas o planes estatales de salud,75,14,47,61,Salta
10392,Programas o planes estatales de salud,76,20,24,44,Salta
10393,Programas o planes estatales de salud,77,19,55,74,Salta
10394,Programas o planes estatales de salud,78,29,40,69,Salta
10395,Programas o planes estatales de salud,79,8,35,43,Salta
10396,Programas o planes estatales de salud,80,22,17,39,Salta
10397,Programas o planes estatales de salud,81,13,22,35,Salta
10398,Programas o planes estatales de salud,82,11,16,27,Salta
10399,Programas o planes estatales de salud,83,7,21,28,Salta
10400,Programas o planes estatales de salud,84,26,6,32,Salta
10401,Programas o planes estatales de salud,85,1,22,23,Salta
10402,Programas o planes estatales de salud,86,9,23,32,Salta
10403,Programas o planes estatales de salud,87,12,14,26,Salta
10404,Programas o planes estatales de salud,88,4,4,8,Salta
10405,Programas o planes estatales de salud,89,13,16,29,Salta
10406,Programas o planes estatales de salud,90,4,6,10,Salta
10407,Programas o planes estatales de salud,91,2,3,5,Salta
10408,Programas o planes estatales de salud,92,-,1,1,Salta
10409,Programas o planes estatales de salud,93,3,13,16,Salta
10410,Programas o planes estatales de salud,94,1,3,4,Salta
10411,Programas o planes estatales de salud,95,-,2,2,Salta
10412,Programas o planes estatales de salud,96,10,1,11,Salta
10413,Programas o planes estatales de salud,97,-,1,1,Salta
10414,Programas o planes estatales de salud,98,-,1,1,Salta
10415,Programas o planes estatales de salud,99,1,-,1,Salta
10416,Programas o planes estatales de salud,100,1,-,1,Salta
10418,"No tiene obra social, prepaga o plan estatal",,Varón,Mujer,Total,Salta
10419,"No tiene obra social, prepaga o plan estatal",0,7850,7278,15128,Salta
10420,"No tiene obra social, prepaga o plan estatal",1,6767,6657,13424,Salta
10421,"No tiene obra social, prepaga o plan estatal",2,6805,6484,13289,Salta
10422,"No tiene obra social, prepaga o plan estatal",3,6472,6215,12687,Salta
10423,"No tiene obra social, prepaga o plan estatal",4,6624,6299,12923,Salta
10424,"No tiene obra social, prepaga o plan estatal",5,6617,6313,12930,Salta
10425,"No tiene obra social, prepaga o plan estatal",6,6856,6270,13126,Salta
10426,"No tiene obra social, prepaga o plan estatal",7,6657,6229,12886,Salta
10427,"No tiene obra social, prepaga o plan estatal",8,7056,6790,13846,Salta
10428,"No tiene obra social, prepaga o plan estatal",9,6816,6298,13114,Salta
10429,"No tiene obra social, prepaga o plan estatal",10,7131,6816,13947,Salta
10430,"No tiene obra social, prepaga o plan estatal",11,7001,7007,14008,Salta
10431,"No tiene obra social, prepaga o plan estatal",12,6916,6422,13338,Salta
10432,"No tiene obra social, prepaga o plan estatal",13,6432,6451,12883,Salta
10433,"No tiene obra social, prepaga o plan estatal",14,7087,7038,14125,Salta
10434,"No tiene obra social, prepaga o plan estatal",15,6999,6560,13559,Salta
10435,"No tiene obra social, prepaga o plan estatal",16,6808,6812,13620,Salta
10436,"No tiene obra social, prepaga o plan estatal",17,6487,6080,12567,Salta
10437,"No tiene obra social, prepaga o plan estatal",18,7295,6532,13827,Salta
10438,"No tiene obra social, prepaga o plan estatal",19,6622,6565,13187,Salta
10439,"No tiene obra social, prepaga o plan estatal",20,5980,5980,11960,Salta
10440,"No tiene obra social, prepaga o plan estatal",21,6255,6233,12488,Salta
10441,"No tiene obra social, prepaga o plan estatal",22,6545,7075,13620,Salta
10442,"No tiene obra social, prepaga o plan estatal",23,6274,6515,12789,Salta
10443,"No tiene obra social, prepaga o plan estatal",24,6308,6133,12441,Salta
10444,"No tiene obra social, prepaga o plan estatal",25,5732,5852,11584,Salta
10445,"No tiene obra social, prepaga o plan estatal",26,5452,5509,10961,Salta
10446,"No tiene obra social, prepaga o plan estatal",27,5370,5210,10580,Salta
10447,"No tiene obra social, prepaga o plan estatal",28,5464,5847,11311,Salta
10448,"No tiene obra social, prepaga o plan estatal",29,5003,5301,10304,Salta
10449,"No tiene obra social, prepaga o plan estatal",30,4826,5316,10142,Salta
10450,"No tiene obra social, prepaga o plan estatal",31,4382,5029,9411,Salta
10451,"No tiene obra social, prepaga o plan estatal",32,4395,4666,9061,Salta
10452,"No tiene obra social, prepaga o plan estatal",33,3972,4512,8484,Salta
10453,"No tiene obra social, prepaga o plan estatal",34,3709,4185,7894,Salta
10454,"No tiene obra social, prepaga o plan estatal",35,3897,4541,8438,Salta
10455,"No tiene obra social, prepaga o plan estatal",36,3433,3917,7350,Salta
10456,"No tiene obra social, prepaga o plan estatal",37,3414,3238,6652,Salta
10457,"No tiene obra social, prepaga o plan estatal",38,3458,3305,6763,Salta
10458,"No tiene obra social, prepaga o plan estatal",39,3051,3173,6224,Salta
10459,"No tiene obra social, prepaga o plan estatal",40,3250,3010,6260,Salta
10460,"No tiene obra social, prepaga o plan estatal",41,2920,2639,5559,Salta
10461,"No tiene obra social, prepaga o plan estatal",42,2847,2742,5589,Salta
10462,"No tiene obra social, prepaga o plan estatal",43,2463,2444,4907,Salta
10463,"No tiene obra social, prepaga o plan estatal",44,2736,2544,5280,Salta
10464,"No tiene obra social, prepaga o plan estatal",45,2526,2565,5091,Salta
10465,"No tiene obra social, prepaga o plan estatal",46,2443,2321,4764,Salta
10466,"No tiene obra social, prepaga o plan estatal",47,2485,2430,4915,Salta
10467,"No tiene obra social, prepaga o plan estatal",48,2640,2299,4939,Salta
10468,"No tiene obra social, prepaga o plan estatal",49,2362,2139,4501,Salta
10469,"No tiene obra social, prepaga o plan estatal",50,2210,2240,4450,Salta
10470,"No tiene obra social, prepaga o plan estatal",51,2096,2020,4116,Salta
10471,"No tiene obra social, prepaga o plan estatal",52,2052,2214,4266,Salta
10472,"No tiene obra social, prepaga o plan estatal",53,2225,2157,4382,Salta
10473,"No tiene obra social, prepaga o plan estatal",54,2406,1823,4229,Salta
10474,"No tiene obra social, prepaga o plan estatal",55,2132,1686,3818,Salta
10475,"No tiene obra social, prepaga o plan estatal",56,2052,1896,3948,Salta
10476,"No tiene obra social, prepaga o plan estatal",57,1903,1751,3654,Salta
10477,"No tiene obra social, prepaga o plan estatal",58,1927,1660,3587,Salta
10478,"No tiene obra social, prepaga o plan estatal",59,1691,1405,3096,Salta
10479,"No tiene obra social, prepaga o plan estatal",60,1667,1455,3122,Salta
10480,"No tiene obra social, prepaga o plan estatal",61,1416,1039,2455,Salta
10481,"No tiene obra social, prepaga o plan estatal",62,1508,642,2150,Salta
10482,"No tiene obra social, prepaga o plan estatal",63,1269,480,1749,Salta
10483,"No tiene obra social, prepaga o plan estatal",64,1112,358,1470,Salta
10484,"No tiene obra social, prepaga o plan estatal",65,913,318,1231,Salta
10485,"No tiene obra social, prepaga o plan estatal",66,488,251,739,Salta
10486,"No tiene obra social, prepaga o plan estatal",67,347,267,614,Salta
10487,"No tiene obra social, prepaga o plan estatal",68,288,224,512,Salta
10488,"No tiene obra social, prepaga o plan estatal",69,204,202,406,Salta
10489,"No tiene obra social, prepaga o plan estatal",70,332,264,596,Salta
10490,"No tiene obra social, prepaga o plan estatal",71,188,199,387,Salta
10491,"No tiene obra social, prepaga o plan estatal",72,148,165,313,Salta
10492,"No tiene obra social, prepaga o plan estatal",73,175,189,364,Salta
10493,"No tiene obra social, prepaga o plan estatal",74,174,125,299,Salta
10494,"No tiene obra social, prepaga o plan estatal",75,142,197,339,Salta
10495,"No tiene obra social, prepaga o plan estatal",76,137,137,274,Salta
10496,"No tiene obra social, prepaga o plan estatal",77,113,118,231,Salta
10497,"No tiene obra social, prepaga o plan estatal",78,121,144,265,Salta
10498,"No tiene obra social, prepaga o plan estatal",79,97,111,208,Salta
10499,"No tiene obra social, prepaga o plan estatal",80,75,115,190,Salta
10500,"No tiene obra social, prepaga o plan estatal",81,79,73,152,Salta
10501,"No tiene obra social, prepaga o plan estatal",82,62,59,121,Salta
10502,"No tiene obra social, prepaga o plan estatal",83,59,64,123,Salta
10503,"No tiene obra social, prepaga o plan estatal",84,55,65,120,Salta
10504,"No tiene obra social, prepaga o plan estatal",85,37,42,79,Salta
10505,"No tiene obra social, prepaga o plan estatal",86,23,69,92,Salta
10506,"No tiene obra social, prepaga o plan estatal",87,23,37,60,Salta
10507,"No tiene obra social, prepaga o plan estatal",88,13,74,87,Salta
10508,"No tiene obra social, prepaga o plan estatal",89,13,20,33,Salta
10509,"No tiene obra social, prepaga o plan estatal",90,11,18,29,Salta
10510,"No tiene obra social, prepaga o plan estatal",91,11,12,23,Salta
10511,"No tiene obra social, prepaga o plan estatal",92,16,14,30,Salta
10512,"No tiene obra social, prepaga o plan estatal",93,8,19,27,Salta
10513,"No tiene obra social, prepaga o plan estatal",94,5,15,20,Salta
10514,"No tiene obra social, prepaga o plan estatal",95,3,2,5,Salta
10515,"No tiene obra social, prepaga o plan estatal",96,3,2,5,Salta
10516,"No tiene obra social, prepaga o plan estatal",97,2,2,4,Salta
10517,"No tiene obra social, prepaga o plan estatal",98,2,5,7,Salta
10518,"No tiene obra social, prepaga o plan estatal",99,2,5,7,Salta
10519,"No tiene obra social, prepaga o plan estatal",100,-,2,2,Salta
10520,"No tiene obra social, prepaga o plan estatal",101,1,9,10,Salta
10521,"No tiene obra social, prepaga o plan estatal",102,1,1,2,Salta
10522,"No tiene obra social, prepaga o plan estatal",103,-,1,1,Salta
10523,"No tiene obra social, prepaga o plan estatal",104,-,1,1,Salta
10524,"No tiene obra social, prepaga o plan estatal",105,-,1,1,Salta
10525,"No tiene obra social, prepaga o plan estatal",109,-,1,1,Salta
10526,"No tiene obra social, prepaga o plan estatal",110,2,-,2,Salta
10639,AREA # 70,San Juan,,,,San Juan
10640,AREA # 70,,,,,San Juan
10641,Cobertura de salud,Edad,Sexo,,,San Juan
10642,Obra social (incluye PAMI),,Varón,Mujer,Total,San Juan
10643,Obra social (incluye PAMI),0,1992,1676,3668,San Juan
10644,Obra social (incluye PAMI),1,2126,1874,4000,San Juan
10645,Obra social (incluye PAMI),2,2042,2040,4082,San Juan
10646,Obra social (incluye PAMI),3,2324,2132,4456,San Juan
10647,Obra social (incluye PAMI),4,2336,2282,4618,San Juan
10648,Obra social (incluye PAMI),5,2244,2154,4398,San Juan
10649,Obra social (incluye PAMI),6,2568,2353,4921,San Juan
10650,Obra social (incluye PAMI),7,2489,2143,4632,San Juan
10651,Obra social (incluye PAMI),8,2404,2374,4778,San Juan
10652,Obra social (incluye PAMI),9,2438,2404,4842,San Juan
10653,Obra social (incluye PAMI),10,2510,2498,5008,San Juan
10654,Obra social (incluye PAMI),11,2353,2368,4721,San Juan
10655,Obra social (incluye PAMI),12,2281,2532,4813,San Juan
10656,Obra social (incluye PAMI),13,2516,2149,4665,San Juan
10657,Obra social (incluye PAMI),14,2582,2676,5258,San Juan
10658,Obra social (incluye PAMI),15,2493,2817,5310,San Juan
10659,Obra social (incluye PAMI),16,2732,2328,5060,San Juan
10660,Obra social (incluye PAMI),17,2608,2418,5026,San Juan
10661,Obra social (incluye PAMI),18,2578,2656,5234,San Juan
10662,Obra social (incluye PAMI),19,1980,2417,4397,San Juan
10663,Obra social (incluye PAMI),20,2104,2056,4160,San Juan
10664,Obra social (incluye PAMI),21,1406,1455,2861,San Juan
10665,Obra social (incluye PAMI),22,1380,1598,2978,San Juan
10666,Obra social (incluye PAMI),23,1281,1556,2837,San Juan
10667,Obra social (incluye PAMI),24,1360,1594,2954,San Juan
10668,Obra social (incluye PAMI),25,1201,1703,2904,San Juan
10669,Obra social (incluye PAMI),26,1269,1343,2612,San Juan
10670,Obra social (incluye PAMI),27,1534,1600,3134,San Juan
10671,Obra social (incluye PAMI),28,1494,1653,3147,San Juan
10672,Obra social (incluye PAMI),29,1677,1552,3229,San Juan
10673,Obra social (incluye PAMI),30,1622,1821,3443,San Juan
10674,Obra social (incluye PAMI),31,1946,1842,3788,San Juan
10675,Obra social (incluye PAMI),32,1683,1986,3669,San Juan
10676,Obra social (incluye PAMI),33,1785,1640,3425,San Juan
10677,Obra social (incluye PAMI),34,1649,1923,3572,San Juan
10678,Obra social (incluye PAMI),35,1821,2166,3987,San Juan
10679,Obra social (incluye PAMI),36,1655,1903,3558,San Juan
10680,Obra social (incluye PAMI),37,1566,1848,3414,San Juan
10681,Obra social (incluye PAMI),38,1688,1893,3581,San Juan
10682,Obra social (incluye PAMI),39,1613,1774,3387,San Juan
10683,Obra social (incluye PAMI),40,1640,1689,3329,San Juan
10684,Obra social (incluye PAMI),41,1484,2065,3549,San Juan
10685,Obra social (incluye PAMI),42,1522,1772,3294,San Juan
10686,Obra social (incluye PAMI),43,1509,1760,3269,San Juan
10687,Obra social (incluye PAMI),44,1398,1835,3233,San Juan
10688,Obra social (incluye PAMI),45,1478,1661,3139,San Juan
10689,Obra social (incluye PAMI),46,1482,1553,3035,San Juan
10690,Obra social (incluye PAMI),47,1510,1912,3422,San Juan
10691,Obra social (incluye PAMI),48,1500,1682,3182,San Juan
10692,Obra social (incluye PAMI),49,1539,1612,3151,San Juan
10693,Obra social (incluye PAMI),50,1455,1807,3262,San Juan
10694,Obra social (incluye PAMI),51,1291,1851,3142,San Juan
10695,Obra social (incluye PAMI),52,1235,1612,2847,San Juan
10696,Obra social (incluye PAMI),53,1514,1507,3021,San Juan
10697,Obra social (incluye PAMI),54,1202,1640,2842,San Juan
10698,Obra social (incluye PAMI),55,1401,1745,3146,San Juan
10699,Obra social (incluye PAMI),56,1404,1671,3075,San Juan
10700,Obra social (incluye PAMI),57,1526,1833,3359,San Juan
10701,Obra social (incluye PAMI),58,1305,1763,3068,San Juan
10702,Obra social (incluye PAMI),59,1275,1576,2851,San Juan
10703,Obra social (incluye PAMI),60,1330,1892,3222,San Juan
10704,Obra social (incluye PAMI),61,1198,1633,2831,San Juan
10705,Obra social (incluye PAMI),62,1335,1878,3213,San Juan
10706,Obra social (incluye PAMI),63,1130,1850,2980,San Juan
10707,Obra social (incluye PAMI),64,1195,2233,3428,San Juan
10708,Obra social (incluye PAMI),65,1412,2387,3799,San Juan
10709,Obra social (incluye PAMI),66,1634,2230,3864,San Juan
10710,Obra social (incluye PAMI),67,1421,1861,3282,San Juan
10711,Obra social (incluye PAMI),68,1476,1812,3288,San Juan
10712,Obra social (incluye PAMI),69,1379,1679,3058,San Juan
10713,Obra social (incluye PAMI),70,1246,1582,2828,San Juan
10714,Obra social (incluye PAMI),71,1137,1638,2775,San Juan
10715,Obra social (incluye PAMI),72,1058,1691,2749,San Juan
10716,Obra social (incluye PAMI),73,978,1486,2464,San Juan
10717,Obra social (incluye PAMI),74,1008,1298,2306,San Juan
10718,Obra social (incluye PAMI),75,892,1410,2302,San Juan
10719,Obra social (incluye PAMI),76,851,1167,2018,San Juan
10720,Obra social (incluye PAMI),77,816,1089,1905,San Juan
10721,Obra social (incluye PAMI),78,654,1177,1831,San Juan
10722,Obra social (incluye PAMI),79,694,987,1681,San Juan
10723,Obra social (incluye PAMI),80,625,1161,1786,San Juan
10724,Obra social (incluye PAMI),81,492,842,1334,San Juan
10725,Obra social (incluye PAMI),82,502,894,1396,San Juan
10726,Obra social (incluye PAMI),83,407,679,1086,San Juan
10727,Obra social (incluye PAMI),84,423,617,1040,San Juan
10728,Obra social (incluye PAMI),85,243,529,772,San Juan
10729,Obra social (incluye PAMI),86,308,481,789,San Juan
10730,Obra social (incluye PAMI),87,152,378,530,San Juan
10731,Obra social (incluye PAMI),88,168,401,569,San Juan
10732,Obra social (incluye PAMI),89,140,255,395,San Juan
10733,Obra social (incluye PAMI),90,88,232,320,San Juan
10734,Obra social (incluye PAMI),91,74,131,205,San Juan
10735,Obra social (incluye PAMI),92,41,94,135,San Juan
10736,Obra social (incluye PAMI),93,39,90,129,San Juan
10737,Obra social (incluye PAMI),94,26,65,91,San Juan
10738,Obra social (incluye PAMI),95,47,60,107,San Juan
10739,Obra social (incluye PAMI),96,4,43,47,San Juan
10740,Obra social (incluye PAMI),97,1,18,19,San Juan
10741,Obra social (incluye PAMI),98,1,6,7,San Juan
10742,Obra social (incluye PAMI),99,1,30,31,San Juan
10743,Obra social (incluye PAMI),100,2,2,4,San Juan
10744,Obra social (incluye PAMI),101,-,2,2,San Juan
10745,Obra social (incluye PAMI),102,9,-,9,San Juan
10746,Obra social (incluye PAMI),103,2,-,2,San Juan
10747,Obra social (incluye PAMI),104,-,1,1,San Juan
10748,Obra social (incluye PAMI),105,1,-,1,San Juan
10749,Obra social (incluye PAMI),108,-,1,1,San Juan
10750,Obra social (incluye PAMI),109,-,1,1,San Juan
10752,Prepaga a través de obra social,,Varón,Mujer,Total,San Juan
10753,Prepaga a través de obra social,0,634,525,1159,San Juan
10754,Prepaga a través de obra social,1,643,550,1193,San Juan
10755,Prepaga a través de obra social,2,707,573,1280,San Juan
10756,Prepaga a través de obra social,3,654,669,1323,San Juan
10757,Prepaga a través de obra social,4,615,607,1222,San Juan
10758,Prepaga a través de obra social,5,653,651,1304,San Juan
10759,Prepaga a través de obra social,6,581,626,1207,San Juan
10760,Prepaga a través de obra social,7,622,572,1194,San Juan
10761,Prepaga a través de obra social,8,633,612,1245,San Juan
10762,Prepaga a través de obra social,9,459,493,952,San Juan
10763,Prepaga a través de obra social,10,529,809,1338,San Juan
10764,Prepaga a través de obra social,11,591,534,1125,San Juan
10765,Prepaga a través de obra social,12,486,687,1173,San Juan
10766,Prepaga a través de obra social,13,412,493,905,San Juan
10767,Prepaga a través de obra social,14,554,480,1034,San Juan
10768,Prepaga a través de obra social,15,558,444,1002,San Juan
10769,Prepaga a través de obra social,16,614,539,1153,San Juan
10770,Prepaga a través de obra social,17,473,525,998,San Juan
10771,Prepaga a través de obra social,18,532,412,944,San Juan
10772,Prepaga a través de obra social,19,417,465,882,San Juan
10773,Prepaga a través de obra social,20,381,446,827,San Juan
10774,Prepaga a través de obra social,21,279,265,544,San Juan
10775,Prepaga a través de obra social,22,371,368,739,San Juan
10776,Prepaga a través de obra social,23,376,326,702,San Juan
10777,Prepaga a través de obra social,24,457,351,808,San Juan
10778,Prepaga a través de obra social,25,409,456,865,San Juan
10779,Prepaga a través de obra social,26,516,337,853,San Juan
10780,Prepaga a través de obra social,27,496,467,963,San Juan
10781,Prepaga a través de obra social,28,563,608,1171,San Juan
10782,Prepaga a través de obra social,29,611,578,1189,San Juan
10783,Prepaga a través de obra social,30,564,639,1203,San Juan
10784,Prepaga a través de obra social,31,593,615,1208,San Juan
10785,Prepaga a través de obra social,32,611,557,1168,San Juan
10786,Prepaga a través de obra social,33,629,498,1127,San Juan
10787,Prepaga a través de obra social,34,553,606,1159,San Juan
10788,Prepaga a través de obra social,35,625,590,1215,San Juan
10789,Prepaga a través de obra social,36,515,401,916,San Juan
10790,Prepaga a través de obra social,37,443,474,917,San Juan
10791,Prepaga a través de obra social,38,523,466,989,San Juan
10792,Prepaga a través de obra social,39,465,434,899,San Juan
10793,Prepaga a través de obra social,40,439,344,783,San Juan
10794,Prepaga a través de obra social,41,444,417,861,San Juan
10795,Prepaga a través de obra social,42,421,310,731,San Juan
10796,Prepaga a través de obra social,43,359,378,737,San Juan
10797,Prepaga a través de obra social,44,328,320,648,San Juan
10798,Prepaga a través de obra social,45,274,287,561,San Juan
10799,Prepaga a través de obra social,46,264,286,550,San Juan
10800,Prepaga a través de obra social,47,317,338,655,San Juan
10801,Prepaga a través de obra social,48,335,325,660,San Juan
10802,Prepaga a través de obra social,49,365,237,602,San Juan
10803,Prepaga a través de obra social,50,275,254,529,San Juan
10804,Prepaga a través de obra social,51,298,288,586,San Juan
10805,Prepaga a través de obra social,52,257,267,524,San Juan
10806,Prepaga a través de obra social,53,234,287,521,San Juan
10807,Prepaga a través de obra social,54,278,307,585,San Juan
10808,Prepaga a través de obra social,55,355,299,654,San Juan
10809,Prepaga a través de obra social,56,204,221,425,San Juan
10810,Prepaga a través de obra social,57,251,247,498,San Juan
10811,Prepaga a través de obra social,58,165,194,359,San Juan
10812,Prepaga a través de obra social,59,207,172,379,San Juan
10813,Prepaga a través de obra social,60,191,221,412,San Juan
10814,Prepaga a través de obra social,61,186,227,413,San Juan
10815,Prepaga a través de obra social,62,207,150,357,San Juan
10816,Prepaga a través de obra social,63,224,107,331,San Juan
10817,Prepaga a través de obra social,64,128,103,231,San Juan
10818,Prepaga a través de obra social,65,157,96,253,San Juan
10819,Prepaga a través de obra social,66,132,125,257,San Juan
10820,Prepaga a través de obra social,67,73,121,194,San Juan
10821,Prepaga a través de obra social,68,72,76,148,San Juan
10822,Prepaga a través de obra social,69,67,59,126,San Juan
10823,Prepaga a través de obra social,70,70,72,142,San Juan
10824,Prepaga a través de obra social,71,41,91,132,San Juan
10825,Prepaga a través de obra social,72,37,44,81,San Juan
10826,Prepaga a través de obra social,73,97,98,195,San Juan
10827,Prepaga a través de obra social,74,33,51,84,San Juan
10828,Prepaga a través de obra social,75,46,26,72,San Juan
10829,Prepaga a través de obra social,76,25,25,50,San Juan
10830,Prepaga a través de obra social,77,21,31,52,San Juan
10831,Prepaga a través de obra social,78,67,28,95,San Juan
10832,Prepaga a través de obra social,79,21,22,43,San Juan
10833,Prepaga a través de obra social,80,25,24,49,San Juan
10834,Prepaga a través de obra social,81,14,49,63,San Juan
10835,Prepaga a través de obra social,82,12,11,23,San Juan
10836,Prepaga a través de obra social,83,13,8,21,San Juan
10837,Prepaga a través de obra social,84,23,13,36,San Juan
10838,Prepaga a través de obra social,85,4,28,32,San Juan
10839,Prepaga a través de obra social,86,2,20,22,San Juan
10840,Prepaga a través de obra social,87,4,14,18,San Juan
10841,Prepaga a través de obra social,88,10,12,22,San Juan
10842,Prepaga a través de obra social,89,1,11,12,San Juan
10843,Prepaga a través de obra social,90,-,3,3,San Juan
10844,Prepaga a través de obra social,93,-,13,13,San Juan
10845,Prepaga a través de obra social,94,-,11,11,San Juan
10846,Prepaga a través de obra social,96,1,-,1,San Juan
10847,Prepaga a través de obra social,97,1,1,2,San Juan
10849,Prepaga sólo por contratación voluntaria,,Varón,Mujer,Total,San Juan
10850,Prepaga sólo por contratación voluntaria,0,96,205,301,San Juan
10851,Prepaga sólo por contratación voluntaria,1,199,170,369,San Juan
10852,Prepaga sólo por contratación voluntaria,2,252,173,425,San Juan
10853,Prepaga sólo por contratación voluntaria,3,212,161,373,San Juan
10854,Prepaga sólo por contratación voluntaria,4,197,109,306,San Juan
10855,Prepaga sólo por contratación voluntaria,5,148,152,300,San Juan
10856,Prepaga sólo por contratación voluntaria,6,132,189,321,San Juan
10857,Prepaga sólo por contratación voluntaria,7,144,137,281,San Juan
10858,Prepaga sólo por contratación voluntaria,8,109,174,283,San Juan
10859,Prepaga sólo por contratación voluntaria,9,86,124,210,San Juan
10860,Prepaga sólo por contratación voluntaria,10,104,126,230,San Juan
10861,Prepaga sólo por contratación voluntaria,11,167,100,267,San Juan
10862,Prepaga sólo por contratación voluntaria,12,113,96,209,San Juan
10863,Prepaga sólo por contratación voluntaria,13,136,125,261,San Juan
10864,Prepaga sólo por contratación voluntaria,14,115,118,233,San Juan
10865,Prepaga sólo por contratación voluntaria,15,107,133,240,San Juan
10866,Prepaga sólo por contratación voluntaria,16,157,87,244,San Juan
10867,Prepaga sólo por contratación voluntaria,17,124,78,202,San Juan
10868,Prepaga sólo por contratación voluntaria,18,148,142,290,San Juan
10869,Prepaga sólo por contratación voluntaria,19,114,128,242,San Juan
10870,Prepaga sólo por contratación voluntaria,20,74,101,175,San Juan
10871,Prepaga sólo por contratación voluntaria,21,114,120,234,San Juan
10872,Prepaga sólo por contratación voluntaria,22,79,152,231,San Juan
10873,Prepaga sólo por contratación voluntaria,23,182,181,363,San Juan
10874,Prepaga sólo por contratación voluntaria,24,114,142,256,San Juan
10875,Prepaga sólo por contratación voluntaria,25,198,165,363,San Juan
10876,Prepaga sólo por contratación voluntaria,26,227,220,447,San Juan
10877,Prepaga sólo por contratación voluntaria,27,159,213,372,San Juan
10878,Prepaga sólo por contratación voluntaria,28,200,254,454,San Juan
10879,Prepaga sólo por contratación voluntaria,29,192,182,374,San Juan
10880,Prepaga sólo por contratación voluntaria,30,325,273,598,San Juan
10881,Prepaga sólo por contratación voluntaria,31,222,247,469,San Juan
10882,Prepaga sólo por contratación voluntaria,32,209,194,403,San Juan
10883,Prepaga sólo por contratación voluntaria,33,159,204,363,San Juan
10884,Prepaga sólo por contratación voluntaria,34,195,192,387,San Juan
10885,Prepaga sólo por contratación voluntaria,35,229,259,488,San Juan
10886,Prepaga sólo por contratación voluntaria,36,175,148,323,San Juan
10887,Prepaga sólo por contratación voluntaria,37,130,172,302,San Juan
10888,Prepaga sólo por contratación voluntaria,38,206,171,377,San Juan
10889,Prepaga sólo por contratación voluntaria,39,143,71,214,San Juan
10890,Prepaga sólo por contratación voluntaria,40,164,136,300,San Juan
10891,Prepaga sólo por contratación voluntaria,41,147,87,234,San Juan
10892,Prepaga sólo por contratación voluntaria,42,139,88,227,San Juan
10893,Prepaga sólo por contratación voluntaria,43,136,78,214,San Juan
10894,Prepaga sólo por contratación voluntaria,44,146,104,250,San Juan
10895,Prepaga sólo por contratación voluntaria,45,78,127,205,San Juan
10896,Prepaga sólo por contratación voluntaria,46,103,117,220,San Juan
10897,Prepaga sólo por contratación voluntaria,47,74,71,145,San Juan
10898,Prepaga sólo por contratación voluntaria,48,69,124,193,San Juan
10899,Prepaga sólo por contratación voluntaria,49,118,82,200,San Juan
10900,Prepaga sólo por contratación voluntaria,50,72,143,215,San Juan
10901,Prepaga sólo por contratación voluntaria,51,85,89,174,San Juan
10902,Prepaga sólo por contratación voluntaria,52,68,66,134,San Juan
10903,Prepaga sólo por contratación voluntaria,53,74,68,142,San Juan
10904,Prepaga sólo por contratación voluntaria,54,76,154,230,San Juan
10905,Prepaga sólo por contratación voluntaria,55,98,21,119,San Juan
10906,Prepaga sólo por contratación voluntaria,56,94,131,225,San Juan
10907,Prepaga sólo por contratación voluntaria,57,91,122,213,San Juan
10908,Prepaga sólo por contratación voluntaria,58,79,112,191,San Juan
10909,Prepaga sólo por contratación voluntaria,59,151,76,227,San Juan
10910,Prepaga sólo por contratación voluntaria,60,86,63,149,San Juan
10911,Prepaga sólo por contratación voluntaria,61,49,46,95,San Juan
10912,Prepaga sólo por contratación voluntaria,62,87,91,178,San Juan
10913,Prepaga sólo por contratación voluntaria,63,53,21,74,San Juan
10914,Prepaga sólo por contratación voluntaria,64,42,23,65,San Juan
10915,Prepaga sólo por contratación voluntaria,65,58,32,90,San Juan
10916,Prepaga sólo por contratación voluntaria,66,15,26,41,San Juan
10917,Prepaga sólo por contratación voluntaria,67,41,25,66,San Juan
10918,Prepaga sólo por contratación voluntaria,68,34,5,39,San Juan
10919,Prepaga sólo por contratación voluntaria,69,11,41,52,San Juan
10920,Prepaga sólo por contratación voluntaria,70,25,11,36,San Juan
10921,Prepaga sólo por contratación voluntaria,71,2,1,3,San Juan
10922,Prepaga sólo por contratación voluntaria,72,9,7,16,San Juan
10923,Prepaga sólo por contratación voluntaria,73,2,3,5,San Juan
10924,Prepaga sólo por contratación voluntaria,74,20,21,41,San Juan
10925,Prepaga sólo por contratación voluntaria,75,1,20,21,San Juan
10926,Prepaga sólo por contratación voluntaria,76,18,40,58,San Juan
10927,Prepaga sólo por contratación voluntaria,77,30,1,31,San Juan
10928,Prepaga sólo por contratación voluntaria,78,9,1,10,San Juan
10929,Prepaga sólo por contratación voluntaria,79,11,10,21,San Juan
10930,Prepaga sólo por contratación voluntaria,80,27,8,35,San Juan
10931,Prepaga sólo por contratación voluntaria,81,1,1,2,San Juan
10932,Prepaga sólo por contratación voluntaria,82,1,9,10,San Juan
10933,Prepaga sólo por contratación voluntaria,83,10,10,20,San Juan
10934,Prepaga sólo por contratación voluntaria,84,1,2,3,San Juan
10935,Prepaga sólo por contratación voluntaria,85,-,10,10,San Juan
10936,Prepaga sólo por contratación voluntaria,86,-,9,9,San Juan
10937,Prepaga sólo por contratación voluntaria,89,-,2,2,San Juan
10938,Prepaga sólo por contratación voluntaria,90,1,7,8,San Juan
10939,Prepaga sólo por contratación voluntaria,93,1,-,1,San Juan
10940,Prepaga sólo por contratación voluntaria,95,1,-,1,San Juan
10941,Prepaga sólo por contratación voluntaria,96,-,7,7,San Juan
10943,Programas o planes estatales de salud,,Varón,Mujer,Total,San Juan
10944,Programas o planes estatales de salud,0,273,243,516,San Juan
10945,Programas o planes estatales de salud,1,233,213,446,San Juan
10946,Programas o planes estatales de salud,2,239,224,463,San Juan
10947,Programas o planes estatales de salud,3,250,214,464,San Juan
10948,Programas o planes estatales de salud,4,195,158,353,San Juan
10949,Programas o planes estatales de salud,5,242,249,491,San Juan
10950,Programas o planes estatales de salud,6,179,196,375,San Juan
10951,Programas o planes estatales de salud,7,210,151,361,San Juan
10952,Programas o planes estatales de salud,8,159,187,346,San Juan
10953,Programas o planes estatales de salud,9,195,197,392,San Juan
10954,Programas o planes estatales de salud,10,133,161,294,San Juan
10955,Programas o planes estatales de salud,11,193,157,350,San Juan
10956,Programas o planes estatales de salud,12,150,176,326,San Juan
10957,Programas o planes estatales de salud,13,160,117,277,San Juan
10958,Programas o planes estatales de salud,14,178,144,322,San Juan
10959,Programas o planes estatales de salud,15,140,161,301,San Juan
10960,Programas o planes estatales de salud,16,122,139,261,San Juan
10961,Programas o planes estatales de salud,17,103,175,278,San Juan
10962,Programas o planes estatales de salud,18,116,123,239,San Juan
10963,Programas o planes estatales de salud,19,103,155,258,San Juan
10964,Programas o planes estatales de salud,20,77,114,191,San Juan
10965,Programas o planes estatales de salud,21,36,75,111,San Juan
10966,Programas o planes estatales de salud,22,60,109,169,San Juan
10967,Programas o planes estatales de salud,23,72,65,137,San Juan
10968,Programas o planes estatales de salud,24,55,82,137,San Juan
10969,Programas o planes estatales de salud,25,63,42,105,San Juan
10970,Programas o planes estatales de salud,26,62,111,173,San Juan
10971,Programas o planes estatales de salud,27,41,91,132,San Juan
10972,Programas o planes estatales de salud,28,70,116,186,San Juan
10973,Programas o planes estatales de salud,29,70,79,149,San Juan
10974,Programas o planes estatales de salud,30,102,123,225,San Juan
10975,Programas o planes estatales de salud,31,48,52,100,San Juan
10976,Programas o planes estatales de salud,32,73,104,177,San Juan
10977,Programas o planes estatales de salud,33,67,74,141,San Juan
10978,Programas o planes estatales de salud,34,95,104,199,San Juan
10979,Programas o planes estatales de salud,35,46,131,177,San Juan
10980,Programas o planes estatales de salud,36,98,140,238,San Juan
10981,Programas o planes estatales de salud,37,60,110,170,San Juan
10982,Programas o planes estatales de salud,38,39,102,141,San Juan
10983,Programas o planes estatales de salud,39,122,86,208,San Juan
10984,Programas o planes estatales de salud,40,35,124,159,San Juan
10985,Programas o planes estatales de salud,41,43,93,136,San Juan
10986,Programas o planes estatales de salud,42,71,136,207,San Juan
10987,Programas o planes estatales de salud,43,35,131,166,San Juan
10988,Programas o planes estatales de salud,44,57,119,176,San Juan
10989,Programas o planes estatales de salud,45,84,104,188,San Juan
10990,Programas o planes estatales de salud,46,40,108,148,San Juan
10991,Programas o planes estatales de salud,47,47,135,182,San Juan
10992,Programas o planes estatales de salud,48,62,131,193,San Juan
10993,Programas o planes estatales de salud,49,57,144,201,San Juan
10994,Programas o planes estatales de salud,50,63,134,197,San Juan
10995,Programas o planes estatales de salud,51,114,138,252,San Juan
10996,Programas o planes estatales de salud,52,51,113,164,San Juan
10997,Programas o planes estatales de salud,53,83,136,219,San Juan
10998,Programas o planes estatales de salud,54,67,109,176,San Juan
10999,Programas o planes estatales de salud,55,67,153,220,San Juan
11000,Programas o planes estatales de salud,56,93,166,259,San Juan
11001,Programas o planes estatales de salud,57,86,110,196,San Juan
11002,Programas o planes estatales de salud,58,86,101,187,San Juan
11003,Programas o planes estatales de salud,59,60,202,262,San Juan
11004,Programas o planes estatales de salud,60,82,155,237,San Juan
11005,Programas o planes estatales de salud,61,46,111,157,San Juan
11006,Programas o planes estatales de salud,62,91,120,211,San Juan
11007,Programas o planes estatales de salud,63,63,81,144,San Juan
11008,Programas o planes estatales de salud,64,40,24,64,San Juan
11009,Programas o planes estatales de salud,65,27,77,104,San Juan
11010,Programas o planes estatales de salud,66,44,41,85,San Juan
11011,Programas o planes estatales de salud,67,38,37,75,San Juan
11012,Programas o planes estatales de salud,68,47,61,108,San Juan
11013,Programas o planes estatales de salud,69,38,34,72,San Juan
11014,Programas o planes estatales de salud,70,7,50,57,San Juan
11015,Programas o planes estatales de salud,71,11,39,50,San Juan
11016,Programas o planes estatales de salud,72,8,11,19,San Juan
11017,Programas o planes estatales de salud,73,39,26,65,San Juan
11018,Programas o planes estatales de salud,74,7,37,44,San Juan
11019,Programas o planes estatales de salud,75,26,41,67,San Juan
11020,Programas o planes estatales de salud,76,29,46,75,San Juan
11021,Programas o planes estatales de salud,77,20,38,58,San Juan
11022,Programas o planes estatales de salud,78,21,56,77,San Juan
11023,Programas o planes estatales de salud,79,18,8,26,San Juan
11024,Programas o planes estatales de salud,80,29,30,59,San Juan
11025,Programas o planes estatales de salud,81,17,8,25,San Juan
11026,Programas o planes estatales de salud,82,15,7,22,San Juan
11027,Programas o planes estatales de salud,83,9,8,17,San Juan
11028,Programas o planes estatales de salud,84,4,3,7,San Juan
11029,Programas o planes estatales de salud,85,4,23,27,San Juan
11030,Programas o planes estatales de salud,86,2,2,4,San Juan
11031,Programas o planes estatales de salud,87,3,20,23,San Juan
11032,Programas o planes estatales de salud,88,9,18,27,San Juan
11033,Programas o planes estatales de salud,89,3,1,4,San Juan
11034,Programas o planes estatales de salud,90,2,-,2,San Juan
11035,Programas o planes estatales de salud,93,-,3,3,San Juan
11036,Programas o planes estatales de salud,95,1,-,1,San Juan
11037,Programas o planes estatales de salud,96,-,1,1,San Juan
11038,Programas o planes estatales de salud,101,1,-,1,San Juan
11040,"No tiene obra social, prepaga o plan estatal",,Varón,Mujer,Total,San Juan
11041,"No tiene obra social, prepaga o plan estatal",0,3688,3446,7134,San Juan
11042,"No tiene obra social, prepaga o plan estatal",1,3504,3436,6940,San Juan
11043,"No tiene obra social, prepaga o plan estatal",2,3648,3411,7059,San Juan
11044,"No tiene obra social, prepaga o plan estatal",3,3488,3469,6957,San Juan
11045,"No tiene obra social, prepaga o plan estatal",4,3262,3251,6513,San Juan
11046,"No tiene obra social, prepaga o plan estatal",5,3273,3327,6600,San Juan
11047,"No tiene obra social, prepaga o plan estatal",6,3674,3406,7080,San Juan
11048,"No tiene obra social, prepaga o plan estatal",7,3215,2985,6200,San Juan
11049,"No tiene obra social, prepaga o plan estatal",8,3245,3307,6552,San Juan
11050,"No tiene obra social, prepaga o plan estatal",9,3240,2945,6185,San Juan
11051,"No tiene obra social, prepaga o plan estatal",10,3212,3348,6560,San Juan
11052,"No tiene obra social, prepaga o plan estatal",11,3204,3166,6370,San Juan
11053,"No tiene obra social, prepaga o plan estatal",12,3330,3191,6521,San Juan
11054,"No tiene obra social, prepaga o plan estatal",13,3012,2851,5863,San Juan
11055,"No tiene obra social, prepaga o plan estatal",14,3019,3160,6179,San Juan
11056,"No tiene obra social, prepaga o plan estatal",15,3299,3201,6500,San Juan
11057,"No tiene obra social, prepaga o plan estatal",16,2986,3063,6049,San Juan
11058,"No tiene obra social, prepaga o plan estatal",17,3009,2839,5848,San Juan
11059,"No tiene obra social, prepaga o plan estatal",18,3263,3277,6540,San Juan
11060,"No tiene obra social, prepaga o plan estatal",19,3478,3139,6617,San Juan
11061,"No tiene obra social, prepaga o plan estatal",20,3201,2887,6088,San Juan
11062,"No tiene obra social, prepaga o plan estatal",21,3784,3368,7152,San Juan
11063,"No tiene obra social, prepaga o plan estatal",22,3416,3360,6776,San Juan
11064,"No tiene obra social, prepaga o plan estatal",23,3440,3224,6664,San Juan
11065,"No tiene obra social, prepaga o plan estatal",24,3384,3162,6546,San Juan
11066,"No tiene obra social, prepaga o plan estatal",25,3074,2776,5850,San Juan
11067,"No tiene obra social, prepaga o plan estatal",26,3051,2728,5779,San Juan
11068,"No tiene obra social, prepaga o plan estatal",27,2704,2717,5421,San Juan
11069,"No tiene obra social, prepaga o plan estatal",28,2970,2940,5910,San Juan
11070,"No tiene obra social, prepaga o plan estatal",29,2608,2717,5325,San Juan
11071,"No tiene obra social, prepaga o plan estatal",30,2802,2616,5418,San Juan
11072,"No tiene obra social, prepaga o plan estatal",31,2620,2640,5260,San Juan
11073,"No tiene obra social, prepaga o plan estatal",32,2257,2440,4697,San Juan
11074,"No tiene obra social, prepaga o plan estatal",33,2369,2356,4725,San Juan
11075,"No tiene obra social, prepaga o plan estatal",34,2148,1972,4120,San Juan
11076,"No tiene obra social, prepaga o plan estatal",35,2237,2340,4577,San Juan
11077,"No tiene obra social, prepaga o plan estatal",36,2116,1964,4080,San Juan
11078,"No tiene obra social, prepaga o plan estatal",37,1733,1659,3392,San Juan
11079,"No tiene obra social, prepaga o plan estatal",38,1780,1727,3507,San Juan
11080,"No tiene obra social, prepaga o plan estatal",39,1769,1794,3563,San Juan
11081,"No tiene obra social, prepaga o plan estatal",40,1702,1883,3585,San Juan
11082,"No tiene obra social, prepaga o plan estatal",41,1464,1337,2801,San Juan
11083,"No tiene obra social, prepaga o plan estatal",42,1510,1282,2792,San Juan
11084,"No tiene obra social, prepaga o plan estatal",43,1283,1531,2814,San Juan
11085,"No tiene obra social, prepaga o plan estatal",44,1386,1253,2639,San Juan
11086,"No tiene obra social, prepaga o plan estatal",45,1379,1322,2701,San Juan
11087,"No tiene obra social, prepaga o plan estatal",46,1359,1336,2695,San Juan
11088,"No tiene obra social, prepaga o plan estatal",47,1249,1360,2609,San Juan
11089,"No tiene obra social, prepaga o plan estatal",48,1296,1217,2513,San Juan
11090,"No tiene obra social, prepaga o plan estatal",49,1343,1270,2613,San Juan
11091,"No tiene obra social, prepaga o plan estatal",50,1340,1240,2580,San Juan
11092,"No tiene obra social, prepaga o plan estatal",51,1335,1178,2513,San Juan
11093,"No tiene obra social, prepaga o plan estatal",52,1233,1126,2359,San Juan
11094,"No tiene obra social, prepaga o plan estatal",53,1053,1192,2245,San Juan
11095,"No tiene obra social, prepaga o plan estatal",54,1226,1138,2364,San Juan
11096,"No tiene obra social, prepaga o plan estatal",55,1170,1470,2640,San Juan
11097,"No tiene obra social, prepaga o plan estatal",56,1168,935,2103,San Juan
11098,"No tiene obra social, prepaga o plan estatal",57,1175,1073,2248,San Juan
11099,"No tiene obra social, prepaga o plan estatal",58,1189,1102,2291,San Juan
11100,"No tiene obra social, prepaga o plan estatal",59,1014,854,1868,San Juan
11101,"No tiene obra social, prepaga o plan estatal",60,1037,972,2009,San Juan
11102,"No tiene obra social, prepaga o plan estatal",61,1004,668,1672,San Juan
11103,"No tiene obra social, prepaga o plan estatal",62,876,553,1429,San Juan
11104,"No tiene obra social, prepaga o plan estatal",63,935,404,1339,San Juan
11105,"No tiene obra social, prepaga o plan estatal",64,755,173,928,San Juan
11106,"No tiene obra social, prepaga o plan estatal",65,648,152,800,San Juan
11107,"No tiene obra social, prepaga o plan estatal",66,314,138,452,San Juan
11108,"No tiene obra social, prepaga o plan estatal",67,177,80,257,San Juan
11109,"No tiene obra social, prepaga o plan estatal",68,193,106,299,San Juan
11110,"No tiene obra social, prepaga o plan estatal",69,103,100,203,San Juan
11111,"No tiene obra social, prepaga o plan estatal",70,152,93,245,San Juan
11112,"No tiene obra social, prepaga o plan estatal",71,86,135,221,San Juan
11113,"No tiene obra social, prepaga o plan estatal",72,100,66,166,San Juan
11114,"No tiene obra social, prepaga o plan estatal",73,77,44,121,San Juan
11115,"No tiene obra social, prepaga o plan estatal",74,65,69,134,San Juan
11116,"No tiene obra social, prepaga o plan estatal",75,136,95,231,San Juan
11117,"No tiene obra social, prepaga o plan estatal",76,74,73,147,San Juan
11118,"No tiene obra social, prepaga o plan estatal",77,72,43,115,San Juan
11119,"No tiene obra social, prepaga o plan estatal",78,66,69,135,San Juan
11120,"No tiene obra social, prepaga o plan estatal",79,61,89,150,San Juan
11121,"No tiene obra social, prepaga o plan estatal",80,41,41,82,San Juan
11122,"No tiene obra social, prepaga o plan estatal",81,22,33,55,San Juan
11123,"No tiene obra social, prepaga o plan estatal",82,18,37,55,San Juan
11124,"No tiene obra social, prepaga o plan estatal",83,23,22,45,San Juan
11125,"No tiene obra social, prepaga o plan estatal",84,8,34,42,San Juan
11126,"No tiene obra social, prepaga o plan estatal",85,5,19,24,San Juan
11127,"No tiene obra social, prepaga o plan estatal",86,9,15,24,San Juan
11128,"No tiene obra social, prepaga o plan estatal",87,18,19,37,San Juan
11129,"No tiene obra social, prepaga o plan estatal",88,5,15,20,San Juan
11130,"No tiene obra social, prepaga o plan estatal",89,7,15,22,San Juan
11131,"No tiene obra social, prepaga o plan estatal",90,2,7,9,San Juan
11132,"No tiene obra social, prepaga o plan estatal",91,1,4,5,San Juan
11133,"No tiene obra social, prepaga o plan estatal",92,9,13,22,San Juan
11134,"No tiene obra social, prepaga o plan estatal",93,1,2,3,San Juan
11135,"No tiene obra social, prepaga o plan estatal",94,2,1,3,San Juan
11136,"No tiene obra social, prepaga o plan estatal",95,-,2,2,San Juan
11137,"No tiene obra social, prepaga o plan estatal",96,11,10,21,San Juan
11138,"No tiene obra social, prepaga o plan estatal",98,-,1,1,San Juan
11139,"No tiene obra social, prepaga o plan estatal",99,1,1,2,San Juan
11140,"No tiene obra social, prepaga o plan estatal",100,-,2,2,San Juan
11253,AREA # 74,San Luis,,,,San Luis
11254,AREA # 74,,,,,San Luis
11255,Cobertura de salud,Edad,Sexo,,,San Luis
11256,Obra social (incluye PAMI),,Varón,Mujer,Total,San Luis
11257,Obra social (incluye PAMI),0,1506,1306,2812,San Luis
11258,Obra social (incluye PAMI),1,1594,1555,3149,San Luis
11259,Obra social (incluye PAMI),2,1771,1503,3274,San Luis
11260,Obra social (incluye PAMI),3,1597,1409,3006,San Luis
11261,Obra social (incluye PAMI),4,1470,1675,3145,San Luis
11262,Obra social (incluye PAMI),5,1629,1709,3338,San Luis
11263,Obra social (incluye PAMI),6,1632,1490,3122,San Luis
11264,Obra social (incluye PAMI),7,1624,1815,3439,San Luis
11265,Obra social (incluye PAMI),8,1485,1744,3229,San Luis
11266,Obra social (incluye PAMI),9,1630,1712,3342,San Luis
11267,Obra social (incluye PAMI),10,1698,1726,3424,San Luis
11268,Obra social (incluye PAMI),11,1806,1653,3459,San Luis
11269,Obra social (incluye PAMI),12,1643,1522,3165,San Luis
11270,Obra social (incluye PAMI),13,1554,1565,3119,San Luis
11271,Obra social (incluye PAMI),14,1921,1630,3551,San Luis
11272,Obra social (incluye PAMI),15,1663,1560,3223,San Luis
11273,Obra social (incluye PAMI),16,1419,1566,2985,San Luis
11274,Obra social (incluye PAMI),17,1452,1534,2986,San Luis
11275,Obra social (incluye PAMI),18,1556,1245,2801,San Luis
11276,Obra social (incluye PAMI),19,1167,1425,2592,San Luis
11277,Obra social (incluye PAMI),20,1006,1336,2342,San Luis
11278,Obra social (incluye PAMI),21,905,1128,2033,San Luis
11279,Obra social (incluye PAMI),22,1051,1074,2125,San Luis
11280,Obra social (incluye PAMI),23,1214,1233,2447,San Luis
11281,Obra social (incluye PAMI),24,1065,1297,2362,San Luis
11282,Obra social (incluye PAMI),25,1030,1322,2352,San Luis
11283,Obra social (incluye PAMI),26,1275,1321,2596,San Luis
11284,Obra social (incluye PAMI),27,1370,1350,2720,San Luis
11285,Obra social (incluye PAMI),28,1388,1814,3202,San Luis
11286,Obra social (incluye PAMI),29,1684,1515,3199,San Luis
11287,Obra social (incluye PAMI),30,1562,1527,3089,San Luis
11288,Obra social (incluye PAMI),31,1570,1653,3223,San Luis
11289,Obra social (incluye PAMI),32,1759,1819,3578,San Luis
11290,Obra social (incluye PAMI),33,1522,1496,3018,San Luis
11291,Obra social (incluye PAMI),34,1363,1566,2929,San Luis
11292,Obra social (incluye PAMI),35,1461,1485,2946,San Luis
11293,Obra social (incluye PAMI),36,1306,1513,2819,San Luis
11294,Obra social (incluye PAMI),37,1304,1497,2801,San Luis
11295,Obra social (incluye PAMI),38,1366,1468,2834,San Luis
11296,Obra social (incluye PAMI),39,1228,1470,2698,San Luis
11297,Obra social (incluye PAMI),40,1141,1390,2531,San Luis
11298,Obra social (incluye PAMI),41,1031,1186,2217,San Luis
11299,Obra social (incluye PAMI),42,1094,1176,2270,San Luis
11300,Obra social (incluye PAMI),43,980,1171,2151,San Luis
11301,Obra social (incluye PAMI),44,1061,1137,2198,San Luis
11302,Obra social (incluye PAMI),45,1256,1131,2387,San Luis
11303,Obra social (incluye PAMI),46,957,1265,2222,San Luis
11304,Obra social (incluye PAMI),47,1060,1348,2408,San Luis
11305,Obra social (incluye PAMI),48,969,1249,2218,San Luis
11306,Obra social (incluye PAMI),49,846,1176,2022,San Luis
11307,Obra social (incluye PAMI),50,968,1177,2145,San Luis
11308,Obra social (incluye PAMI),51,891,1126,2017,San Luis
11309,Obra social (incluye PAMI),52,842,1106,1948,San Luis
11310,Obra social (incluye PAMI),53,1003,1090,2093,San Luis
11311,Obra social (incluye PAMI),54,915,1065,1980,San Luis
11312,Obra social (incluye PAMI),55,914,1183,2097,San Luis
11313,Obra social (incluye PAMI),56,896,1200,2096,San Luis
11314,Obra social (incluye PAMI),57,702,975,1677,San Luis
11315,Obra social (incluye PAMI),58,917,954,1871,San Luis
11316,Obra social (incluye PAMI),59,755,1001,1756,San Luis
11317,Obra social (incluye PAMI),60,884,1287,2171,San Luis
11318,Obra social (incluye PAMI),61,755,1253,2008,San Luis
11319,Obra social (incluye PAMI),62,749,1242,1991,San Luis
11320,Obra social (incluye PAMI),63,859,1258,2117,San Luis
11321,Obra social (incluye PAMI),64,782,1398,2180,San Luis
11322,Obra social (incluye PAMI),65,801,1460,2261,San Luis
11323,Obra social (incluye PAMI),66,991,1638,2629,San Luis
11324,Obra social (incluye PAMI),67,1086,1267,2353,San Luis
11325,Obra social (incluye PAMI),68,940,1238,2178,San Luis
11326,Obra social (incluye PAMI),69,1019,1029,2048,San Luis
11327,Obra social (incluye PAMI),70,845,1018,1863,San Luis
11328,Obra social (incluye PAMI),71,868,844,1712,San Luis
11329,Obra social (incluye PAMI),72,791,965,1756,San Luis
11330,Obra social (incluye PAMI),73,732,813,1545,San Luis
11331,Obra social (incluye PAMI),74,506,827,1333,San Luis
11332,Obra social (incluye PAMI),75,590,802,1392,San Luis
11333,Obra social (incluye PAMI),76,462,630,1092,San Luis
11334,Obra social (incluye PAMI),77,537,654,1191,San Luis
11335,Obra social (incluye PAMI),78,450,693,1143,San Luis
11336,Obra social (incluye PAMI),79,512,719,1231,San Luis
11337,Obra social (incluye PAMI),80,481,611,1092,San Luis
11338,Obra social (incluye PAMI),81,318,640,958,San Luis
11339,Obra social (incluye PAMI),82,391,441,832,San Luis
11340,Obra social (incluye PAMI),83,209,481,690,San Luis
11341,Obra social (incluye PAMI),84,219,310,529,San Luis
11342,Obra social (incluye PAMI),85,208,344,552,San Luis
11343,Obra social (incluye PAMI),86,129,310,439,San Luis
11344,Obra social (incluye PAMI),87,127,310,437,San Luis
11345,Obra social (incluye PAMI),88,69,281,350,San Luis
11346,Obra social (incluye PAMI),89,102,173,275,San Luis
11347,Obra social (incluye PAMI),90,41,143,184,San Luis
11348,Obra social (incluye PAMI),91,50,108,158,San Luis
11349,Obra social (incluye PAMI),92,11,132,143,San Luis
11350,Obra social (incluye PAMI),93,14,76,90,San Luis
11351,Obra social (incluye PAMI),94,23,60,83,San Luis
11352,Obra social (incluye PAMI),95,19,19,38,San Luis
11353,Obra social (incluye PAMI),96,2,47,49,San Luis
11354,Obra social (incluye PAMI),97,4,10,14,San Luis
11355,Obra social (incluye PAMI),98,2,23,25,San Luis
11356,Obra social (incluye PAMI),99,10,16,26,San Luis
11357,Obra social (incluye PAMI),100,-,4,4,San Luis
11358,Obra social (incluye PAMI),101,10,1,11,San Luis
11359,Obra social (incluye PAMI),102,-,2,2,San Luis
11360,Obra social (incluye PAMI),103,1,2,3,San Luis
11361,Obra social (incluye PAMI),106,-,11,11,San Luis
11362,Obra social (incluye PAMI),110,1,-,1,San Luis
11364,Prepaga a través de obra social,,Varón,Mujer,Total,San Luis
11365,Prepaga a través de obra social,0,340,380,720,San Luis
11366,Prepaga a través de obra social,1,316,360,676,San Luis
11367,Prepaga a través de obra social,2,336,264,600,San Luis
11368,Prepaga a través de obra social,3,310,414,724,San Luis
11369,Prepaga a través de obra social,4,333,351,684,San Luis
11370,Prepaga a través de obra social,5,303,323,626,San Luis
11371,Prepaga a través de obra social,6,360,416,776,San Luis
11372,Prepaga a través de obra social,7,394,344,738,San Luis
11373,Prepaga a través de obra social,8,367,358,725,San Luis
11374,Prepaga a través de obra social,9,427,386,813,San Luis
11375,Prepaga a través de obra social,10,378,259,637,San Luis
11376,Prepaga a través de obra social,11,370,285,655,San Luis
11377,Prepaga a través de obra social,12,356,348,704,San Luis
11378,Prepaga a través de obra social,13,371,314,685,San Luis
11379,Prepaga a través de obra social,14,436,372,808,San Luis
11380,Prepaga a través de obra social,15,329,252,581,San Luis
11381,Prepaga a través de obra social,16,336,285,621,San Luis
11382,Prepaga a través de obra social,17,295,215,510,San Luis
11383,Prepaga a través de obra social,18,201,314,515,San Luis
11384,Prepaga a través de obra social,19,314,292,606,San Luis
11385,Prepaga a través de obra social,20,225,237,462,San Luis
11386,Prepaga a través de obra social,21,259,187,446,San Luis
11387,Prepaga a través de obra social,22,277,249,526,San Luis
11388,Prepaga a través de obra social,23,228,197,425,San Luis
11389,Prepaga a través de obra social,24,353,198,551,San Luis
11390,Prepaga a través de obra social,25,248,212,460,San Luis
11391,Prepaga a través de obra social,26,263,149,412,San Luis
11392,Prepaga a través de obra social,27,337,415,752,San Luis
11393,Prepaga a través de obra social,28,319,309,628,San Luis
11394,Prepaga a través de obra social,29,369,315,684,San Luis
11395,Prepaga a través de obra social,30,417,362,779,San Luis
11396,Prepaga a través de obra social,31,416,289,705,San Luis
11397,Prepaga a través de obra social,32,363,381,744,San Luis
11398,Prepaga a través de obra social,33,428,370,798,San Luis
11399,Prepaga a través de obra social,34,332,339,671,San Luis
11400,Prepaga a través de obra social,35,346,394,740,San Luis
11401,Prepaga a través de obra social,36,327,300,627,San Luis
11402,Prepaga a través de obra social,37,370,229,599,San Luis
11403,Prepaga a través de obra social,38,289,297,586,San Luis
11404,Prepaga a través de obra social,39,312,246,558,San Luis
11405,Prepaga a través de obra social,40,228,284,512,San Luis
11406,Prepaga a través de obra social,41,305,233,538,San Luis
11407,Prepaga a través de obra social,42,216,242,458,San Luis
11408,Prepaga a través de obra social,43,256,176,432,San Luis
11409,Prepaga a través de obra social,44,321,249,570,San Luis
11410,Prepaga a través de obra social,45,262,230,492,San Luis
11411,Prepaga a través de obra social,46,278,220,498,San Luis
11412,Prepaga a través de obra social,47,282,309,591,San Luis
11413,Prepaga a través de obra social,48,173,194,367,San Luis
11414,Prepaga a través de obra social,49,226,174,400,San Luis
11415,Prepaga a través de obra social,50,207,226,433,San Luis
11416,Prepaga a través de obra social,51,128,149,277,San Luis
11417,Prepaga a través de obra social,52,148,217,365,San Luis
11418,Prepaga a través de obra social,53,188,148,336,San Luis
11419,Prepaga a través de obra social,54,152,188,340,San Luis
11420,Prepaga a través de obra social,55,172,149,321,San Luis
11421,Prepaga a través de obra social,56,182,167,349,San Luis
11422,Prepaga a través de obra social,57,170,174,344,San Luis
11423,Prepaga a través de obra social,58,133,122,255,San Luis
11424,Prepaga a través de obra social,59,174,108,282,San Luis
11425,Prepaga a través de obra social,60,154,97,251,San Luis
11426,Prepaga a través de obra social,61,127,70,197,San Luis
11427,Prepaga a través de obra social,62,91,86,177,San Luis
11428,Prepaga a través de obra social,63,135,101,236,San Luis
11429,Prepaga a través de obra social,64,81,68,149,San Luis
11430,Prepaga a través de obra social,65,152,57,209,San Luis
11431,Prepaga a través de obra social,66,38,101,139,San Luis
11432,Prepaga a través de obra social,67,14,42,56,San Luis
11433,Prepaga a través de obra social,68,28,28,56,San Luis
11434,Prepaga a través de obra social,69,39,52,91,San Luis
11435,Prepaga a través de obra social,70,60,26,86,San Luis
11436,Prepaga a través de obra social,71,31,24,55,San Luis
11437,Prepaga a través de obra social,72,29,30,59,San Luis
11438,Prepaga a través de obra social,73,35,9,44,San Luis
11439,Prepaga a través de obra social,74,9,6,15,San Luis
11440,Prepaga a través de obra social,75,30,38,68,San Luis
11441,Prepaga a través de obra social,76,17,13,30,San Luis
11442,Prepaga a través de obra social,77,33,33,66,San Luis
11443,Prepaga a través de obra social,78,17,15,32,San Luis
11444,Prepaga a través de obra social,79,17,40,57,San Luis
11445,Prepaga a través de obra social,80,8,13,21,San Luis
11446,Prepaga a través de obra social,81,3,16,19,San Luis
11447,Prepaga a través de obra social,82,2,32,34,San Luis
11448,Prepaga a través de obra social,83,1,3,4,San Luis
11449,Prepaga a través de obra social,84,22,4,26,San Luis
11450,Prepaga a través de obra social,85,22,13,35,San Luis
11451,Prepaga a través de obra social,86,14,6,20,San Luis
11452,Prepaga a través de obra social,87,1,2,3,San Luis
11453,Prepaga a través de obra social,88,-,11,11,San Luis
11454,Prepaga a través de obra social,89,-,18,18,San Luis
11455,Prepaga a través de obra social,90,1,3,4,San Luis
11456,Prepaga a través de obra social,91,3,1,4,San Luis
11457,Prepaga a través de obra social,92,-,1,1,San Luis
11458,Prepaga a través de obra social,93,-,1,1,San Luis
11459,Prepaga a través de obra social,94,1,-,1,San Luis
11460,Prepaga a través de obra social,101,-,1,1,San Luis
11461,Prepaga a través de obra social,110,-,1,1,San Luis
11463,Prepaga sólo por contratación voluntaria,,Varón,Mujer,Total,San Luis
11464,Prepaga sólo por contratación voluntaria,0,47,143,190,San Luis
11465,Prepaga sólo por contratación voluntaria,1,61,48,109,San Luis
11466,Prepaga sólo por contratación voluntaria,2,126,52,178,San Luis
11467,Prepaga sólo por contratación voluntaria,3,88,81,169,San Luis
11468,Prepaga sólo por contratación voluntaria,4,146,57,203,San Luis
11469,Prepaga sólo por contratación voluntaria,5,117,61,178,San Luis
11470,Prepaga sólo por contratación voluntaria,6,96,68,164,San Luis
11471,Prepaga sólo por contratación voluntaria,7,120,56,176,San Luis
11472,Prepaga sólo por contratación voluntaria,8,87,50,137,San Luis
11473,Prepaga sólo por contratación voluntaria,9,138,108,246,San Luis
11474,Prepaga sólo por contratación voluntaria,10,125,49,174,San Luis
11475,Prepaga sólo por contratación voluntaria,11,90,108,198,San Luis
11476,Prepaga sólo por contratación voluntaria,12,80,90,170,San Luis
11477,Prepaga sólo por contratación voluntaria,13,71,78,149,San Luis
11478,Prepaga sólo por contratación voluntaria,14,107,41,148,San Luis
11479,Prepaga sólo por contratación voluntaria,15,82,65,147,San Luis
11480,Prepaga sólo por contratación voluntaria,16,109,89,198,San Luis
11481,Prepaga sólo por contratación voluntaria,17,92,51,143,San Luis
11482,Prepaga sólo por contratación voluntaria,18,63,32,95,San Luis
11483,Prepaga sólo por contratación voluntaria,19,56,71,127,San Luis
11484,Prepaga sólo por contratación voluntaria,20,62,85,147,San Luis
11485,Prepaga sólo por contratación voluntaria,21,73,57,130,San Luis
11486,Prepaga sólo por contratación voluntaria,22,17,68,85,San Luis
11487,Prepaga sólo por contratación voluntaria,23,50,48,98,San Luis
11488,Prepaga sólo por contratación voluntaria,24,73,130,203,San Luis
11489,Prepaga sólo por contratación voluntaria,25,74,109,183,San Luis
11490,Prepaga sólo por contratación voluntaria,26,70,65,135,San Luis
11491,Prepaga sólo por contratación voluntaria,27,71,105,176,San Luis
11492,Prepaga sólo por contratación voluntaria,28,105,130,235,San Luis
11493,Prepaga sólo por contratación voluntaria,29,72,105,177,San Luis
11494,Prepaga sólo por contratación voluntaria,30,147,74,221,San Luis
11495,Prepaga sólo por contratación voluntaria,31,115,96,211,San Luis
11496,Prepaga sólo por contratación voluntaria,32,80,110,190,San Luis
11497,Prepaga sólo por contratación voluntaria,33,83,142,225,San Luis
11498,Prepaga sólo por contratación voluntaria,34,149,106,255,San Luis
11499,Prepaga sólo por contratación voluntaria,35,96,114,210,San Luis
11500,Prepaga sólo por contratación voluntaria,36,86,79,165,San Luis
11501,Prepaga sólo por contratación voluntaria,37,104,47,151,San Luis
11502,Prepaga sólo por contratación voluntaria,38,66,67,133,San Luis
11503,Prepaga sólo por contratación voluntaria,39,86,133,219,San Luis
11504,Prepaga sólo por contratación voluntaria,40,139,67,206,San Luis
11505,Prepaga sólo por contratación voluntaria,41,61,107,168,San Luis
11506,Prepaga sólo por contratación voluntaria,42,119,63,182,San Luis
11507,Prepaga sólo por contratación voluntaria,43,57,52,109,San Luis
11508,Prepaga sólo por contratación voluntaria,44,72,52,124,San Luis
11509,Prepaga sólo por contratación voluntaria,45,83,91,174,San Luis
11510,Prepaga sólo por contratación voluntaria,46,109,68,177,San Luis
11511,Prepaga sólo por contratación voluntaria,47,112,97,209,San Luis
11512,Prepaga sólo por contratación voluntaria,48,80,93,173,San Luis
11513,Prepaga sólo por contratación voluntaria,49,69,54,123,San Luis
11514,Prepaga sólo por contratación voluntaria,50,101,45,146,San Luis
11515,Prepaga sólo por contratación voluntaria,51,98,114,212,San Luis
11516,Prepaga sólo por contratación voluntaria,52,82,60,142,San Luis
11517,Prepaga sólo por contratación voluntaria,53,64,97,161,San Luis
11518,Prepaga sólo por contratación voluntaria,54,119,94,213,San Luis
11519,Prepaga sólo por contratación voluntaria,55,106,82,188,San Luis
11520,Prepaga sólo por contratación voluntaria,56,104,72,176,San Luis
11521,Prepaga sólo por contratación voluntaria,57,104,67,171,San Luis
11522,Prepaga sólo por contratación voluntaria,58,73,80,153,San Luis
11523,Prepaga sólo por contratación voluntaria,59,69,50,119,San Luis
11524,Prepaga sólo por contratación voluntaria,60,112,64,176,San Luis
11525,Prepaga sólo por contratación voluntaria,61,52,16,68,San Luis
11526,Prepaga sólo por contratación voluntaria,62,67,30,97,San Luis
11527,Prepaga sólo por contratación voluntaria,63,75,51,126,San Luis
11528,Prepaga sólo por contratación voluntaria,64,46,40,86,San Luis
11529,Prepaga sólo por contratación voluntaria,65,44,55,99,San Luis
11530,Prepaga sólo por contratación voluntaria,66,39,13,52,San Luis
11531,Prepaga sólo por contratación voluntaria,67,17,13,30,San Luis
11532,Prepaga sólo por contratación voluntaria,68,7,4,11,San Luis
11533,Prepaga sólo por contratación voluntaria,69,8,3,11,San Luis
11534,Prepaga sólo por contratación voluntaria,70,3,22,25,San Luis
11535,Prepaga sólo por contratación voluntaria,71,26,11,37,San Luis
11536,Prepaga sólo por contratación voluntaria,72,4,13,17,San Luis
11537,Prepaga sólo por contratación voluntaria,73,6,19,25,San Luis
11538,Prepaga sólo por contratación voluntaria,74,13,6,19,San Luis
11539,Prepaga sólo por contratación voluntaria,75,5,12,17,San Luis
11540,Prepaga sólo por contratación voluntaria,76,11,4,15,San Luis
11541,Prepaga sólo por contratación voluntaria,77,12,20,32,San Luis
11542,Prepaga sólo por contratación voluntaria,78,8,12,20,San Luis
11543,Prepaga sólo por contratación voluntaria,79,12,10,22,San Luis
11544,Prepaga sólo por contratación voluntaria,80,13,1,14,San Luis
11545,Prepaga sólo por contratación voluntaria,81,1,10,11,San Luis
11546,Prepaga sólo por contratación voluntaria,82,3,3,6,San Luis
11547,Prepaga sólo por contratación voluntaria,83,1,2,3,San Luis
11548,Prepaga sólo por contratación voluntaria,85,-,1,1,San Luis
11549,Prepaga sólo por contratación voluntaria,86,-,9,9,San Luis
11550,Prepaga sólo por contratación voluntaria,87,1,2,3,San Luis
11551,Prepaga sólo por contratación voluntaria,88,-,10,10,San Luis
11552,Prepaga sólo por contratación voluntaria,89,-,1,1,San Luis
11554,Programas o planes estatales de salud,,Varón,Mujer,Total,San Luis
11555,Programas o planes estatales de salud,0,127,125,252,San Luis
11556,Programas o planes estatales de salud,1,128,77,205,San Luis
11557,Programas o planes estatales de salud,2,67,81,148,San Luis
11558,Programas o planes estatales de salud,3,97,73,170,San Luis
11559,Programas o planes estatales de salud,4,83,70,153,San Luis
11560,Programas o planes estatales de salud,5,70,96,166,San Luis
11561,Programas o planes estatales de salud,6,65,45,110,San Luis
11562,Programas o planes estatales de salud,7,50,56,106,San Luis
11563,Programas o planes estatales de salud,8,60,84,144,San Luis
11564,Programas o planes estatales de salud,9,103,60,163,San Luis
11565,Programas o planes estatales de salud,10,40,49,89,San Luis
11566,Programas o planes estatales de salud,11,95,46,141,San Luis
11567,Programas o planes estatales de salud,12,72,55,127,San Luis
11568,Programas o planes estatales de salud,13,45,53,98,San Luis
11569,Programas o planes estatales de salud,14,40,63,103,San Luis
11570,Programas o planes estatales de salud,15,63,58,121,San Luis
11571,Programas o planes estatales de salud,16,83,94,177,San Luis
11572,Programas o planes estatales de salud,17,54,50,104,San Luis
11573,Programas o planes estatales de salud,18,74,68,142,San Luis
11574,Programas o planes estatales de salud,19,38,95,133,San Luis
11575,Programas o planes estatales de salud,20,50,58,108,San Luis
11576,Programas o planes estatales de salud,21,34,61,95,San Luis
11577,Programas o planes estatales de salud,22,37,42,79,San Luis
11578,Programas o planes estatales de salud,23,47,24,71,San Luis
11579,Programas o planes estatales de salud,24,46,54,100,San Luis
11580,Programas o planes estatales de salud,25,34,59,93,San Luis
11581,Programas o planes estatales de salud,26,27,72,99,San Luis
11582,Programas o planes estatales de salud,27,31,73,104,San Luis
11583,Programas o planes estatales de salud,28,36,94,130,San Luis
11584,Programas o planes estatales de salud,29,63,86,149,San Luis
11585,Programas o planes estatales de salud,30,60,69,129,San Luis
11586,Programas o planes estatales de salud,31,90,102,192,San Luis
11587,Programas o planes estatales de salud,32,62,102,164,San Luis
11588,Programas o planes estatales de salud,33,71,77,148,San Luis
11589,Programas o planes estatales de salud,34,38,104,142,San Luis
11590,Programas o planes estatales de salud,35,39,74,113,San Luis
11591,Programas o planes estatales de salud,36,50,96,146,San Luis
11592,Programas o planes estatales de salud,37,36,80,116,San Luis
11593,Programas o planes estatales de salud,38,81,55,136,San Luis
11594,Programas o planes estatales de salud,39,40,76,116,San Luis
11595,Programas o planes estatales de salud,40,25,83,108,San Luis
11596,Programas o planes estatales de salud,41,42,53,95,San Luis
11597,Programas o planes estatales de salud,42,42,56,98,San Luis
11598,Programas o planes estatales de salud,43,76,67,143,San Luis
11599,Programas o planes estatales de salud,44,80,62,142,San Luis
11600,Programas o planes estatales de salud,45,75,50,125,San Luis
11601,Programas o planes estatales de salud,46,22,100,122,San Luis
11602,Programas o planes estatales de salud,47,84,96,180,San Luis
11603,Programas o planes estatales de salud,48,49,105,154,San Luis
11604,Programas o planes estatales de salud,49,41,125,166,San Luis
11605,Programas o planes estatales de salud,50,59,90,149,San Luis
11606,Programas o planes estatales de salud,51,59,97,156,San Luis
11607,Programas o planes estatales de salud,52,51,115,166,San Luis
11608,Programas o planes estatales de salud,53,91,112,203,San Luis
11609,Programas o planes estatales de salud,54,66,90,156,San Luis
11610,Programas o planes estatales de salud,55,79,111,190,San Luis
11611,Programas o planes estatales de salud,56,66,105,171,San Luis
11612,Programas o planes estatales de salud,57,66,65,131,San Luis
11613,Programas o planes estatales de salud,58,40,99,139,San Luis
11614,Programas o planes estatales de salud,59,69,82,151,San Luis
11615,Programas o planes estatales de salud,60,47,122,169,San Luis
11616,Programas o planes estatales de salud,61,57,53,110,San Luis
11617,Programas o planes estatales de salud,62,73,68,141,San Luis
11618,Programas o planes estatales de salud,63,47,30,77,San Luis
11619,Programas o planes estatales de salud,64,40,39,79,San Luis
11620,Programas o planes estatales de salud,65,38,38,76,San Luis
11621,Programas o planes estatales de salud,66,36,10,46,San Luis
11622,Programas o planes estatales de salud,67,26,8,34,San Luis
11623,Programas o planes estatales de salud,68,38,35,73,San Luis
11624,Programas o planes estatales de salud,69,8,33,41,San Luis
11625,Programas o planes estatales de salud,70,28,49,77,San Luis
11626,Programas o planes estatales de salud,71,59,40,99,San Luis
11627,Programas o planes estatales de salud,72,6,19,25,San Luis
11628,Programas o planes estatales de salud,73,7,37,44,San Luis
11629,Programas o planes estatales de salud,74,23,18,41,San Luis
11630,Programas o planes estatales de salud,75,20,30,50,San Luis
11631,Programas o planes estatales de salud,76,5,6,11,San Luis
11632,Programas o planes estatales de salud,77,21,28,49,San Luis
11633,Programas o planes estatales de salud,78,19,27,46,San Luis
11634,Programas o planes estatales de salud,79,2,33,35,San Luis
11635,Programas o planes estatales de salud,80,6,41,47,San Luis
11636,Programas o planes estatales de salud,81,12,14,26,San Luis
11637,Programas o planes estatales de salud,82,5,27,32,San Luis
11638,Programas o planes estatales de salud,83,17,7,24,San Luis
11639,Programas o planes estatales de salud,84,1,20,21,San Luis
11640,Programas o planes estatales de salud,85,15,3,18,San Luis
11641,Programas o planes estatales de salud,86,4,2,6,San Luis
11642,Programas o planes estatales de salud,87,4,3,7,San Luis
11643,Programas o planes estatales de salud,88,9,13,22,San Luis
11644,Programas o planes estatales de salud,89,1,3,4,San Luis
11645,Programas o planes estatales de salud,90,2,5,7,San Luis
11646,Programas o planes estatales de salud,91,3,1,4,San Luis
11647,Programas o planes estatales de salud,92,-,21,21,San Luis
11648,Programas o planes estatales de salud,93,-,1,1,San Luis
11649,Programas o planes estatales de salud,94,-,3,3,San Luis
11650,Programas o planes estatales de salud,95,-,2,2,San Luis
11651,Programas o planes estatales de salud,96,-,1,1,San Luis
11652,Programas o planes estatales de salud,97,1,-,1,San Luis
11653,Programas o planes estatales de salud,98,1,1,2,San Luis
11655,"No tiene obra social, prepaga o plan estatal",,Varón,Mujer,Total,San Luis
11656,"No tiene obra social, prepaga o plan estatal",0,1684,1705,3389,San Luis
11657,"No tiene obra social, prepaga o plan estatal",1,1765,1611,3376,San Luis
11658,"No tiene obra social, prepaga o plan estatal",2,1935,1631,3566,San Luis
11659,"No tiene obra social, prepaga o plan estatal",3,1706,1718,3424,San Luis
11660,"No tiene obra social, prepaga o plan estatal",4,1631,2046,3677,San Luis
11661,"No tiene obra social, prepaga o plan estatal",5,1773,1725,3498,San Luis
11662,"No tiene obra social, prepaga o plan estatal",6,1694,1973,3667,San Luis
11663,"No tiene obra social, prepaga o plan estatal",7,1882,1807,3689,San Luis
11664,"No tiene obra social, prepaga o plan estatal",8,1812,2014,3826,San Luis
11665,"No tiene obra social, prepaga o plan estatal",9,2041,1741,3782,San Luis
11666,"No tiene obra social, prepaga o plan estatal",10,2225,1836,4061,San Luis
11667,"No tiene obra social, prepaga o plan estatal",11,2000,2161,4161,San Luis
11668,"No tiene obra social, prepaga o plan estatal",12,2043,1901,3944,San Luis
11669,"No tiene obra social, prepaga o plan estatal",13,2079,2038,4117,San Luis
11670,"No tiene obra social, prepaga o plan estatal",14,2289,2333,4622,San Luis
11671,"No tiene obra social, prepaga o plan estatal",15,2351,2148,4499,San Luis
11672,"No tiene obra social, prepaga o plan estatal",16,1944,1872,3816,San Luis
11673,"No tiene obra social, prepaga o plan estatal",17,1992,1861,3853,San Luis
11674,"No tiene obra social, prepaga o plan estatal",18,2187,2059,4246,San Luis
11675,"No tiene obra social, prepaga o plan estatal",19,2179,1913,4092,San Luis
11676,"No tiene obra social, prepaga o plan estatal",20,2082,1991,4073,San Luis
11677,"No tiene obra social, prepaga o plan estatal",21,2226,2030,4256,San Luis
11678,"No tiene obra social, prepaga o plan estatal",22,1840,1927,3767,San Luis
11679,"No tiene obra social, prepaga o plan estatal",23,1847,1864,3711,San Luis
11680,"No tiene obra social, prepaga o plan estatal",24,1471,1710,3181,San Luis
11681,"No tiene obra social, prepaga o plan estatal",25,1502,1446,2948,San Luis
11682,"No tiene obra social, prepaga o plan estatal",26,1433,1512,2945,San Luis
11683,"No tiene obra social, prepaga o plan estatal",27,1339,1247,2586,San Luis
11684,"No tiene obra social, prepaga o plan estatal",28,1536,1412,2948,San Luis
11685,"No tiene obra social, prepaga o plan estatal",29,1342,1314,2656,San Luis
11686,"No tiene obra social, prepaga o plan estatal",30,1235,1137,2372,San Luis
11687,"No tiene obra social, prepaga o plan estatal",31,1305,1135,2440,San Luis
11688,"No tiene obra social, prepaga o plan estatal",32,1222,1184,2406,San Luis
11689,"No tiene obra social, prepaga o plan estatal",33,1298,1166,2464,San Luis
11690,"No tiene obra social, prepaga o plan estatal",34,1004,994,1998,San Luis
11691,"No tiene obra social, prepaga o plan estatal",35,1134,1113,2247,San Luis
11692,"No tiene obra social, prepaga o plan estatal",36,959,953,1912,San Luis
11693,"No tiene obra social, prepaga o plan estatal",37,1119,894,2013,San Luis
11694,"No tiene obra social, prepaga o plan estatal",38,1074,989,2063,San Luis
11695,"No tiene obra social, prepaga o plan estatal",39,1121,999,2120,San Luis
11696,"No tiene obra social, prepaga o plan estatal",40,1081,1029,2110,San Luis
11697,"No tiene obra social, prepaga o plan estatal",41,987,831,1818,San Luis
11698,"No tiene obra social, prepaga o plan estatal",42,1050,844,1894,San Luis
11699,"No tiene obra social, prepaga o plan estatal",43,982,789,1771,San Luis
11700,"No tiene obra social, prepaga o plan estatal",44,879,860,1739,San Luis
11701,"No tiene obra social, prepaga o plan estatal",45,912,780,1692,San Luis
11702,"No tiene obra social, prepaga o plan estatal",46,1021,788,1809,San Luis
11703,"No tiene obra social, prepaga o plan estatal",47,1018,788,1806,San Luis
11704,"No tiene obra social, prepaga o plan estatal",48,894,739,1633,San Luis
11705,"No tiene obra social, prepaga o plan estatal",49,1065,715,1780,San Luis
11706,"No tiene obra social, prepaga o plan estatal",50,802,677,1479,San Luis
11707,"No tiene obra social, prepaga o plan estatal",51,885,736,1621,San Luis
11708,"No tiene obra social, prepaga o plan estatal",52,878,762,1640,San Luis
11709,"No tiene obra social, prepaga o plan estatal",53,873,657,1530,San Luis
11710,"No tiene obra social, prepaga o plan estatal",54,845,602,1447,San Luis
11711,"No tiene obra social, prepaga o plan estatal",55,785,568,1353,San Luis
11712,"No tiene obra social, prepaga o plan estatal",56,634,504,1138,San Luis
11713,"No tiene obra social, prepaga o plan estatal",57,748,523,1271,San Luis
11714,"No tiene obra social, prepaga o plan estatal",58,668,653,1321,San Luis
11715,"No tiene obra social, prepaga o plan estatal",59,873,480,1353,San Luis
11716,"No tiene obra social, prepaga o plan estatal",60,644,476,1120,San Luis
11717,"No tiene obra social, prepaga o plan estatal",61,510,242,752,San Luis
11718,"No tiene obra social, prepaga o plan estatal",62,578,306,884,San Luis
11719,"No tiene obra social, prepaga o plan estatal",63,518,130,648,San Luis
11720,"No tiene obra social, prepaga o plan estatal",64,322,88,410,San Luis
11721,"No tiene obra social, prepaga o plan estatal",65,436,103,539,San Luis
11722,"No tiene obra social, prepaga o plan estatal",66,114,96,210,San Luis
11723,"No tiene obra social, prepaga o plan estatal",67,97,65,162,San Luis
11724,"No tiene obra social, prepaga o plan estatal",68,110,34,144,San Luis
11725,"No tiene obra social, prepaga o plan estatal",69,64,77,141,San Luis
11726,"No tiene obra social, prepaga o plan estatal",70,56,72,128,San Luis
11727,"No tiene obra social, prepaga o plan estatal",71,58,37,95,San Luis
11728,"No tiene obra social, prepaga o plan estatal",72,29,31,60,San Luis
11729,"No tiene obra social, prepaga o plan estatal",73,31,46,77,San Luis
11730,"No tiene obra social, prepaga o plan estatal",74,48,39,87,San Luis
11731,"No tiene obra social, prepaga o plan estatal",75,34,49,83,San Luis
11732,"No tiene obra social, prepaga o plan estatal",76,19,52,71,San Luis
11733,"No tiene obra social, prepaga o plan estatal",77,50,37,87,San Luis
11734,"No tiene obra social, prepaga o plan estatal",78,23,12,35,San Luis
11735,"No tiene obra social, prepaga o plan estatal",79,14,28,42,San Luis
11736,"No tiene obra social, prepaga o plan estatal",80,21,48,69,San Luis
11737,"No tiene obra social, prepaga o plan estatal",81,22,17,39,San Luis
11738,"No tiene obra social, prepaga o plan estatal",82,15,13,28,San Luis
11739,"No tiene obra social, prepaga o plan estatal",83,19,9,28,San Luis
11740,"No tiene obra social, prepaga o plan estatal",84,9,18,27,San Luis
11741,"No tiene obra social, prepaga o plan estatal",85,12,11,23,San Luis
11742,"No tiene obra social, prepaga o plan estatal",86,4,9,13,San Luis
11743,"No tiene obra social, prepaga o plan estatal",87,3,26,29,San Luis
11744,"No tiene obra social, prepaga o plan estatal",88,1,6,7,San Luis
11745,"No tiene obra social, prepaga o plan estatal",89,4,14,18,San Luis
11746,"No tiene obra social, prepaga o plan estatal",90,13,15,28,San Luis
11747,"No tiene obra social, prepaga o plan estatal",91,-,13,13,San Luis
11748,"No tiene obra social, prepaga o plan estatal",92,1,4,5,San Luis
11749,"No tiene obra social, prepaga o plan estatal",93,2,14,16,San Luis
11750,"No tiene obra social, prepaga o plan estatal",94,1,-,1,San Luis
11751,"No tiene obra social, prepaga o plan estatal",95,-,2,2,San Luis
11752,"No tiene obra social, prepaga o plan estatal",96,-,8,8,San Luis
11753,"No tiene obra social, prepaga o plan estatal",99,1,1,2,San Luis
11864,AREA # 78,Santa Cruz,,,,Santa Cruz
11865,AREA # 78,,,,,Santa Cruz
11866,Cobertura de salud,Edad,Sexo,,,Santa Cruz
11867,Obra social (incluye PAMI),,Varón,Mujer,Total,Santa Cruz
11868,Obra social (incluye PAMI),0,1703,1620,3323,Santa Cruz
11869,Obra social (incluye PAMI),1,1735,1431,3166,Santa Cruz
11870,Obra social (incluye PAMI),2,1695,1569,3264,Santa Cruz
11871,Obra social (incluye PAMI),3,1728,1548,3276,Santa Cruz
11872,Obra social (incluye PAMI),4,1778,1643,3421,Santa Cruz
11873,Obra social (incluye PAMI),5,1660,1821,3481,Santa Cruz
11874,Obra social (incluye PAMI),6,1631,1592,3223,Santa Cruz
11875,Obra social (incluye PAMI),7,1700,1821,3521,Santa Cruz
11876,Obra social (incluye PAMI),8,1638,1555,3193,Santa Cruz
11877,Obra social (incluye PAMI),9,1744,1633,3377,Santa Cruz
11878,Obra social (incluye PAMI),10,1692,1672,3364,Santa Cruz
11879,Obra social (incluye PAMI),11,1721,1646,3367,Santa Cruz
11880,Obra social (incluye PAMI),12,1690,1586,3276,Santa Cruz
11881,Obra social (incluye PAMI),13,1689,1750,3439,Santa Cruz
11882,Obra social (incluye PAMI),14,1604,1862,3466,Santa Cruz
11883,Obra social (incluye PAMI),15,1824,1770,3594,Santa Cruz
11884,Obra social (incluye PAMI),16,1734,1643,3377,Santa Cruz
11885,Obra social (incluye PAMI),17,1595,1637,3232,Santa Cruz
11886,Obra social (incluye PAMI),18,1388,1250,2638,Santa Cruz
11887,Obra social (incluye PAMI),19,1289,1213,2502,Santa Cruz
11888,Obra social (incluye PAMI),20,1202,1118,2320,Santa Cruz
11889,Obra social (incluye PAMI),21,1148,1080,2228,Santa Cruz
11890,Obra social (incluye PAMI),22,1198,954,2152,Santa Cruz
11891,Obra social (incluye PAMI),23,1202,1078,2280,Santa Cruz
11892,Obra social (incluye PAMI),24,1414,1187,2601,Santa Cruz
11893,Obra social (incluye PAMI),25,1432,1243,2675,Santa Cruz
11894,Obra social (incluye PAMI),26,1358,1276,2634,Santa Cruz
11895,Obra social (incluye PAMI),27,1424,1371,2795,Santa Cruz
11896,Obra social (incluye PAMI),28,1661,1337,2998,Santa Cruz
11897,Obra social (incluye PAMI),29,1537,1429,2966,Santa Cruz
11898,Obra social (incluye PAMI),30,1712,1593,3305,Santa Cruz
11899,Obra social (incluye PAMI),31,1667,1442,3109,Santa Cruz
11900,Obra social (incluye PAMI),32,1583,1494,3077,Santa Cruz
11901,Obra social (incluye PAMI),33,1409,1377,2786,Santa Cruz
11902,Obra social (incluye PAMI),34,1497,1427,2924,Santa Cruz
11903,Obra social (incluye PAMI),35,1386,1427,2813,Santa Cruz
11904,Obra social (incluye PAMI),36,1303,1315,2618,Santa Cruz
11905,Obra social (incluye PAMI),37,1225,1280,2505,Santa Cruz
11906,Obra social (incluye PAMI),38,1378,1238,2616,Santa Cruz
11907,Obra social (incluye PAMI),39,1243,1307,2550,Santa Cruz
11908,Obra social (incluye PAMI),40,1153,1242,2395,Santa Cruz
11909,Obra social (incluye PAMI),41,1081,1010,2091,Santa Cruz
11910,Obra social (incluye PAMI),42,1106,1158,2264,Santa Cruz
11911,Obra social (incluye PAMI),43,969,1056,2025,Santa Cruz
11912,Obra social (incluye PAMI),44,1001,980,1981,Santa Cruz
11913,Obra social (incluye PAMI),45,1100,1100,2200,Santa Cruz
11914,Obra social (incluye PAMI),46,1037,1062,2099,Santa Cruz
11915,Obra social (incluye PAMI),47,1004,982,1986,Santa Cruz
11916,Obra social (incluye PAMI),48,1005,1046,2051,Santa Cruz
11917,Obra social (incluye PAMI),49,988,963,1951,Santa Cruz
11918,Obra social (incluye PAMI),50,976,907,1883,Santa Cruz
11919,Obra social (incluye PAMI),51,945,839,1784,Santa Cruz
11920,Obra social (incluye PAMI),52,904,842,1746,Santa Cruz
11921,Obra social (incluye PAMI),53,758,816,1574,Santa Cruz
11922,Obra social (incluye PAMI),54,809,841,1650,Santa Cruz
11923,Obra social (incluye PAMI),55,754,698,1452,Santa Cruz
11924,Obra social (incluye PAMI),56,729,721,1450,Santa Cruz
11925,Obra social (incluye PAMI),57,635,595,1230,Santa Cruz
11926,Obra social (incluye PAMI),58,565,564,1129,Santa Cruz
11927,Obra social (incluye PAMI),59,596,559,1155,Santa Cruz
11928,Obra social (incluye PAMI),60,556,700,1256,Santa Cruz
11929,Obra social (incluye PAMI),61,526,532,1058,Santa Cruz
11930,Obra social (incluye PAMI),62,500,440,940,Santa Cruz
11931,Obra social (incluye PAMI),63,415,418,833,Santa Cruz
11932,Obra social (incluye PAMI),64,377,480,857,Santa Cruz
11933,Obra social (incluye PAMI),65,464,508,972,Santa Cruz
11934,Obra social (incluye PAMI),66,408,461,869,Santa Cruz
11935,Obra social (incluye PAMI),67,423,474,897,Santa Cruz
11936,Obra social (incluye PAMI),68,372,405,777,Santa Cruz
11937,Obra social (incluye PAMI),69,340,459,799,Santa Cruz
11938,Obra social (incluye PAMI),70,356,366,722,Santa Cruz
11939,Obra social (incluye PAMI),71,327,393,720,Santa Cruz
11940,Obra social (incluye PAMI),72,342,280,622,Santa Cruz
11941,Obra social (incluye PAMI),73,243,336,579,Santa Cruz
11942,Obra social (incluye PAMI),74,225,310,535,Santa Cruz
11943,Obra social (incluye PAMI),75,194,249,443,Santa Cruz
11944,Obra social (incluye PAMI),76,207,242,449,Santa Cruz
11945,Obra social (incluye PAMI),77,229,192,421,Santa Cruz
11946,Obra social (incluye PAMI),78,137,228,365,Santa Cruz
11947,Obra social (incluye PAMI),79,147,203,350,Santa Cruz
11948,Obra social (incluye PAMI),80,168,232,400,Santa Cruz
11949,Obra social (incluye PAMI),81,122,173,295,Santa Cruz
11950,Obra social (incluye PAMI),82,99,122,221,Santa Cruz
11951,Obra social (incluye PAMI),83,99,116,215,Santa Cruz
11952,Obra social (incluye PAMI),84,80,117,197,Santa Cruz
11953,Obra social (incluye PAMI),85,95,111,206,Santa Cruz
11954,Obra social (incluye PAMI),86,26,77,103,Santa Cruz
11955,Obra social (incluye PAMI),87,26,75,101,Santa Cruz
11956,Obra social (incluye PAMI),88,44,86,130,Santa Cruz
11957,Obra social (incluye PAMI),89,43,75,118,Santa Cruz
11958,Obra social (incluye PAMI),90,19,33,52,Santa Cruz
11959,Obra social (incluye PAMI),91,8,9,17,Santa Cruz
11960,Obra social (incluye PAMI),92,15,27,42,Santa Cruz
11961,Obra social (incluye PAMI),93,1,19,20,Santa Cruz
11962,Obra social (incluye PAMI),94,5,26,31,Santa Cruz
11963,Obra social (incluye PAMI),95,4,5,9,Santa Cruz
11964,Obra social (incluye PAMI),96,-,2,2,Santa Cruz
11965,Obra social (incluye PAMI),97,-,5,5,Santa Cruz
11966,Obra social (incluye PAMI),98,10,3,13,Santa Cruz
11967,Obra social (incluye PAMI),99,-,1,1,Santa Cruz
11968,Obra social (incluye PAMI),104,1,-,1,Santa Cruz
11970,Prepaga a través de obra social,,Varón,Mujer,Total,Santa Cruz
11971,Prepaga a través de obra social,0,297,285,582,Santa Cruz
11972,Prepaga a través de obra social,1,355,297,652,Santa Cruz
11973,Prepaga a través de obra social,2,349,298,647,Santa Cruz
11974,Prepaga a través de obra social,3,252,285,537,Santa Cruz
11975,Prepaga a través de obra social,4,387,336,723,Santa Cruz
11976,Prepaga a través de obra social,5,296,312,608,Santa Cruz
11977,Prepaga a través de obra social,6,325,347,672,Santa Cruz
11978,Prepaga a través de obra social,7,379,315,694,Santa Cruz
11979,Prepaga a través de obra social,8,324,321,645,Santa Cruz
11980,Prepaga a través de obra social,9,352,291,643,Santa Cruz
11981,Prepaga a través de obra social,10,276,345,621,Santa Cruz
11982,Prepaga a través de obra social,11,289,297,586,Santa Cruz
11983,Prepaga a través de obra social,12,317,298,615,Santa Cruz
11984,Prepaga a través de obra social,13,332,299,631,Santa Cruz
11985,Prepaga a través de obra social,14,383,321,704,Santa Cruz
11986,Prepaga a través de obra social,15,333,315,648,Santa Cruz
11987,Prepaga a través de obra social,16,316,215,531,Santa Cruz
11988,Prepaga a través de obra social,17,288,266,554,Santa Cruz
11989,Prepaga a través de obra social,18,259,207,466,Santa Cruz
11990,Prepaga a través de obra social,19,313,173,486,Santa Cruz
11991,Prepaga a través de obra social,20,180,183,363,Santa Cruz
11992,Prepaga a través de obra social,21,288,180,468,Santa Cruz
11993,Prepaga a través de obra social,22,263,214,477,Santa Cruz
11994,Prepaga a través de obra social,23,245,191,436,Santa Cruz
11995,Prepaga a través de obra social,24,378,266,644,Santa Cruz
11996,Prepaga a través de obra social,25,348,303,651,Santa Cruz
11997,Prepaga a través de obra social,26,371,307,678,Santa Cruz
11998,Prepaga a través de obra social,27,365,293,658,Santa Cruz
11999,Prepaga a través de obra social,28,385,326,711,Santa Cruz
12000,Prepaga a través de obra social,29,365,353,718,Santa Cruz
12001,Prepaga a través de obra social,30,463,375,838,Santa Cruz
12002,Prepaga a través de obra social,31,465,378,843,Santa Cruz
12003,Prepaga a través de obra social,32,419,350,769,Santa Cruz
12004,Prepaga a través de obra social,33,390,346,736,Santa Cruz
12005,Prepaga a través de obra social,34,378,235,613,Santa Cruz
12006,Prepaga a través de obra social,35,419,359,778,Santa Cruz
12007,Prepaga a través de obra social,36,344,258,602,Santa Cruz
12008,Prepaga a través de obra social,37,351,224,575,Santa Cruz
12009,Prepaga a través de obra social,38,416,219,635,Santa Cruz
12010,Prepaga a través de obra social,39,314,214,528,Santa Cruz
12011,Prepaga a través de obra social,40,273,188,461,Santa Cruz
12012,Prepaga a través de obra social,41,271,200,471,Santa Cruz
12013,Prepaga a través de obra social,42,216,235,451,Santa Cruz
12014,Prepaga a través de obra social,43,259,205,464,Santa Cruz
12015,Prepaga a través de obra social,44,184,196,380,Santa Cruz
12016,Prepaga a través de obra social,45,213,168,381,Santa Cruz
12017,Prepaga a través de obra social,46,238,208,446,Santa Cruz
12018,Prepaga a través de obra social,47,224,208,432,Santa Cruz
12019,Prepaga a través de obra social,48,200,169,369,Santa Cruz
12020,Prepaga a través de obra social,49,268,203,471,Santa Cruz
12021,Prepaga a través de obra social,50,225,119,344,Santa Cruz
12022,Prepaga a través de obra social,51,199,159,358,Santa Cruz
12023,Prepaga a través de obra social,52,200,136,336,Santa Cruz
12024,Prepaga a través de obra social,53,181,103,284,Santa Cruz
12025,Prepaga a través de obra social,54,172,124,296,Santa Cruz
12026,Prepaga a través de obra social,55,186,124,310,Santa Cruz
12027,Prepaga a través de obra social,56,139,150,289,Santa Cruz
12028,Prepaga a través de obra social,57,136,132,268,Santa Cruz
12029,Prepaga a través de obra social,58,126,66,192,Santa Cruz
12030,Prepaga a través de obra social,59,107,83,190,Santa Cruz
12031,Prepaga a través de obra social,60,109,64,173,Santa Cruz
12032,Prepaga a través de obra social,61,85,87,172,Santa Cruz
12033,Prepaga a través de obra social,62,119,77,196,Santa Cruz
12034,Prepaga a través de obra social,63,71,44,115,Santa Cruz
12035,Prepaga a través de obra social,64,66,71,137,Santa Cruz
12036,Prepaga a través de obra social,65,54,55,109,Santa Cruz
12037,Prepaga a través de obra social,66,83,38,121,Santa Cruz
12038,Prepaga a través de obra social,67,32,30,62,Santa Cruz
12039,Prepaga a través de obra social,68,57,23,80,Santa Cruz
12040,Prepaga a través de obra social,69,25,12,37,Santa Cruz
12041,Prepaga a través de obra social,70,14,30,44,Santa Cruz
12042,Prepaga a través de obra social,71,21,32,53,Santa Cruz
12043,Prepaga a través de obra social,72,16,15,31,Santa Cruz
12044,Prepaga a través de obra social,73,9,17,26,Santa Cruz
12045,Prepaga a través de obra social,74,28,19,47,Santa Cruz
12046,Prepaga a través de obra social,75,17,19,36,Santa Cruz
12047,Prepaga a través de obra social,76,13,8,21,Santa Cruz
12048,Prepaga a través de obra social,77,7,26,33,Santa Cruz
12049,Prepaga a través de obra social,78,4,30,34,Santa Cruz
12050,Prepaga a través de obra social,79,11,5,16,Santa Cruz
12051,Prepaga a través de obra social,80,8,9,17,Santa Cruz
12052,Prepaga a través de obra social,81,7,10,17,Santa Cruz
12053,Prepaga a través de obra social,82,2,-,2,Santa Cruz
12054,Prepaga a través de obra social,83,5,4,9,Santa Cruz
12055,Prepaga a través de obra social,84,2,4,6,Santa Cruz
12056,Prepaga a través de obra social,85,9,2,11,Santa Cruz
12057,Prepaga a través de obra social,86,1,2,3,Santa Cruz
12058,Prepaga a través de obra social,87,17,3,20,Santa Cruz
12059,Prepaga a través de obra social,88,2,1,3,Santa Cruz
12060,Prepaga a través de obra social,89,3,10,13,Santa Cruz
12061,Prepaga a través de obra social,90,-,6,6,Santa Cruz
12062,Prepaga a través de obra social,91,-,2,2,Santa Cruz
12063,Prepaga a través de obra social,93,-,9,9,Santa Cruz
12064,Prepaga a través de obra social,94,1,1,2,Santa Cruz
12066,Prepaga sólo por contratación voluntaria,,Varón,Mujer,Total,Santa Cruz
12067,Prepaga sólo por contratación voluntaria,0,49,39,88,Santa Cruz
12068,Prepaga sólo por contratación voluntaria,1,69,52,121,Santa Cruz
12069,Prepaga sólo por contratación voluntaria,2,49,68,117,Santa Cruz
12070,Prepaga sólo por contratación voluntaria,3,38,63,101,Santa Cruz
12071,Prepaga sólo por contratación voluntaria,4,61,54,115,Santa Cruz
12072,Prepaga sólo por contratación voluntaria,5,49,38,87,Santa Cruz
12073,Prepaga sólo por contratación voluntaria,6,32,63,95,Santa Cruz
12074,Prepaga sólo por contratación voluntaria,7,48,50,98,Santa Cruz
12075,Prepaga sólo por contratación voluntaria,8,39,16,55,Santa Cruz
12076,Prepaga sólo por contratación voluntaria,9,35,18,53,Santa Cruz
12077,Prepaga sólo por contratación voluntaria,10,40,39,79,Santa Cruz
12078,Prepaga sólo por contratación voluntaria,11,47,34,81,Santa Cruz
12079,Prepaga sólo por contratación voluntaria,12,49,58,107,Santa Cruz
12080,Prepaga sólo por contratación voluntaria,13,24,40,64,Santa Cruz
12081,Prepaga sólo por contratación voluntaria,14,58,62,120,Santa Cruz
12082,Prepaga sólo por contratación voluntaria,15,47,46,93,Santa Cruz
12083,Prepaga sólo por contratación voluntaria,16,19,70,89,Santa Cruz
12084,Prepaga sólo por contratación voluntaria,17,34,38,72,Santa Cruz
12085,Prepaga sólo por contratación voluntaria,18,24,21,45,Santa Cruz
12086,Prepaga sólo por contratación voluntaria,19,58,24,82,Santa Cruz
12087,Prepaga sólo por contratación voluntaria,20,38,68,106,Santa Cruz
12088,Prepaga sólo por contratación voluntaria,21,45,59,104,Santa Cruz
12089,Prepaga sólo por contratación voluntaria,22,44,41,85,Santa Cruz
12090,Prepaga sólo por contratación voluntaria,23,50,51,101,Santa Cruz
12091,Prepaga sólo por contratación voluntaria,24,58,49,107,Santa Cruz
12092,Prepaga sólo por contratación voluntaria,25,68,73,141,Santa Cruz
12093,Prepaga sólo por contratación voluntaria,26,68,83,151,Santa Cruz
12094,Prepaga sólo por contratación voluntaria,27,75,115,190,Santa Cruz
12095,Prepaga sólo por contratación voluntaria,28,94,54,148,Santa Cruz
12096,Prepaga sólo por contratación voluntaria,29,78,88,166,Santa Cruz
12097,Prepaga sólo por contratación voluntaria,30,75,67,142,Santa Cruz
12098,Prepaga sólo por contratación voluntaria,31,69,78,147,Santa Cruz
12099,Prepaga sólo por contratación voluntaria,32,47,72,119,Santa Cruz
12100,Prepaga sólo por contratación voluntaria,33,69,48,117,Santa Cruz
12101,Prepaga sólo por contratación voluntaria,34,62,59,121,Santa Cruz
12102,Prepaga sólo por contratación voluntaria,35,97,62,159,Santa Cruz
12103,Prepaga sólo por contratación voluntaria,36,81,57,138,Santa Cruz
12104,Prepaga sólo por contratación voluntaria,37,39,37,76,Santa Cruz
12105,Prepaga sólo por contratación voluntaria,38,54,44,98,Santa Cruz
12106,Prepaga sólo por contratación voluntaria,39,52,36,88,Santa Cruz
12107,Prepaga sólo por contratación voluntaria,40,53,39,92,Santa Cruz
12108,Prepaga sólo por contratación voluntaria,41,47,30,77,Santa Cruz
12109,Prepaga sólo por contratación voluntaria,42,48,71,119,Santa Cruz
12110,Prepaga sólo por contratación voluntaria,43,40,44,84,Santa Cruz
12111,Prepaga sólo por contratación voluntaria,44,47,59,106,Santa Cruz
12112,Prepaga sólo por contratación voluntaria,45,26,32,58,Santa Cruz
12113,Prepaga sólo por contratación voluntaria,46,40,50,90,Santa Cruz
12114,Prepaga sólo por contratación voluntaria,47,45,23,68,Santa Cruz
12115,Prepaga sólo por contratación voluntaria,48,59,35,94,Santa Cruz
12116,Prepaga sólo por contratación voluntaria,49,53,23,76,Santa Cruz
12117,Prepaga sólo por contratación voluntaria,50,52,39,91,Santa Cruz
12118,Prepaga sólo por contratación voluntaria,51,70,38,108,Santa Cruz
12119,Prepaga sólo por contratación voluntaria,52,53,48,101,Santa Cruz
12120,Prepaga sólo por contratación voluntaria,53,62,25,87,Santa Cruz
12121,Prepaga sólo por contratación voluntaria,54,33,41,74,Santa Cruz
12122,Prepaga sólo por contratación voluntaria,55,39,38,77,Santa Cruz
12123,Prepaga sólo por contratación voluntaria,56,48,21,69,Santa Cruz
12124,Prepaga sólo por contratación voluntaria,57,49,45,94,Santa Cruz
12125,Prepaga sólo por contratación voluntaria,58,25,34,59,Santa Cruz
12126,Prepaga sólo por contratación voluntaria,59,37,19,56,Santa Cruz
12127,Prepaga sólo por contratación voluntaria,60,35,27,62,Santa Cruz
12128,Prepaga sólo por contratación voluntaria,61,22,21,43,Santa Cruz
12129,Prepaga sólo por contratación voluntaria,62,15,6,21,Santa Cruz
12130,Prepaga sólo por contratación voluntaria,63,29,28,57,Santa Cruz
12131,Prepaga sólo por contratación voluntaria,64,32,29,61,Santa Cruz
12132,Prepaga sólo por contratación voluntaria,65,9,13,22,Santa Cruz
12133,Prepaga sólo por contratación voluntaria,66,21,17,38,Santa Cruz
12134,Prepaga sólo por contratación voluntaria,67,6,5,11,Santa Cruz
12135,Prepaga sólo por contratación voluntaria,68,13,1,14,Santa Cruz
12136,Prepaga sólo por contratación voluntaria,69,10,16,26,Santa Cruz
12137,Prepaga sólo por contratación voluntaria,70,2,9,11,Santa Cruz
12138,Prepaga sólo por contratación voluntaria,71,2,1,3,Santa Cruz
12139,Prepaga sólo por contratación voluntaria,72,5,9,14,Santa Cruz
12140,Prepaga sólo por contratación voluntaria,73,1,3,4,Santa Cruz
12141,Prepaga sólo por contratación voluntaria,74,6,17,23,Santa Cruz
12142,Prepaga sólo por contratación voluntaria,75,2,6,8,Santa Cruz
12143,Prepaga sólo por contratación voluntaria,76,4,5,9,Santa Cruz
12144,Prepaga sólo por contratación voluntaria,77,8,3,11,Santa Cruz
12145,Prepaga sólo por contratación voluntaria,78,1,1,2,Santa Cruz
12146,Prepaga sólo por contratación voluntaria,79,8,-,8,Santa Cruz
12147,Prepaga sólo por contratación voluntaria,81,5,1,6,Santa Cruz
12148,Prepaga sólo por contratación voluntaria,82,2,1,3,Santa Cruz
12149,Prepaga sólo por contratación voluntaria,83,1,1,2,Santa Cruz
12150,Prepaga sólo por contratación voluntaria,84,-,3,3,Santa Cruz
12151,Prepaga sólo por contratación voluntaria,85,1,-,1,Santa Cruz
12152,Prepaga sólo por contratación voluntaria,87,2,-,2,Santa Cruz
12153,Prepaga sólo por contratación voluntaria,88,10,2,12,Santa Cruz
12154,Prepaga sólo por contratación voluntaria,90,1,1,2,Santa Cruz
12156,Programas o planes estatales de salud,,Varón,Mujer,Total,Santa Cruz
12157,Programas o planes estatales de salud,0,232,216,448,Santa Cruz
12158,Programas o planes estatales de salud,1,202,249,451,Santa Cruz
12159,Programas o planes estatales de salud,2,201,196,397,Santa Cruz
12160,Programas o planes estatales de salud,3,201,185,386,Santa Cruz
12161,Programas o planes estatales de salud,4,146,158,304,Santa Cruz
12162,Programas o planes estatales de salud,5,226,175,401,Santa Cruz
12163,Programas o planes estatales de salud,6,111,168,279,Santa Cruz
12164,Programas o planes estatales de salud,7,124,115,239,Santa Cruz
12165,Programas o planes estatales de salud,8,114,153,267,Santa Cruz
12166,Programas o planes estatales de salud,9,114,89,203,Santa Cruz
12167,Programas o planes estatales de salud,10,119,91,210,Santa Cruz
12168,Programas o planes estatales de salud,11,129,109,238,Santa Cruz
12169,Programas o planes estatales de salud,12,72,106,178,Santa Cruz
12170,Programas o planes estatales de salud,13,134,92,226,Santa Cruz
12171,Programas o planes estatales de salud,14,108,101,209,Santa Cruz
12172,Programas o planes estatales de salud,15,103,91,194,Santa Cruz
12173,Programas o planes estatales de salud,16,141,135,276,Santa Cruz
12174,Programas o planes estatales de salud,17,118,122,240,Santa Cruz
12175,Programas o planes estatales de salud,18,104,88,192,Santa Cruz
12176,Programas o planes estatales de salud,19,82,130,212,Santa Cruz
12177,Programas o planes estatales de salud,20,108,158,266,Santa Cruz
12178,Programas o planes estatales de salud,21,92,201,293,Santa Cruz
12179,Programas o planes estatales de salud,22,73,127,200,Santa Cruz
12180,Programas o planes estatales de salud,23,96,195,291,Santa Cruz
12181,Programas o planes estatales de salud,24,103,168,271,Santa Cruz
12182,Programas o planes estatales de salud,25,149,194,343,Santa Cruz
12183,Programas o planes estatales de salud,26,64,139,203,Santa Cruz
12184,Programas o planes estatales de salud,27,139,189,328,Santa Cruz
12185,Programas o planes estatales de salud,28,100,137,237,Santa Cruz
12186,Programas o planes estatales de salud,29,106,128,234,Santa Cruz
12187,Programas o planes estatales de salud,30,99,125,224,Santa Cruz
12188,Programas o planes estatales de salud,31,78,157,235,Santa Cruz
12189,Programas o planes estatales de salud,32,108,109,217,Santa Cruz
12190,Programas o planes estatales de salud,33,88,102,190,Santa Cruz
12191,Programas o planes estatales de salud,34,69,104,173,Santa Cruz
12192,Programas o planes estatales de salud,35,83,84,167,Santa Cruz
12193,Programas o planes estatales de salud,36,76,86,162,Santa Cruz
12194,Programas o planes estatales de salud,37,55,91,146,Santa Cruz
12195,Programas o planes estatales de salud,38,77,58,135,Santa Cruz
12196,Programas o planes estatales de salud,39,37,66,103,Santa Cruz
12197,Programas o planes estatales de salud,40,46,90,136,Santa Cruz
12198,Programas o planes estatales de salud,41,39,48,87,Santa Cruz
12199,Programas o planes estatales de salud,42,35,37,72,Santa Cruz
12200,Programas o planes estatales de salud,43,54,51,105,Santa Cruz
12201,Programas o planes estatales de salud,44,58,51,109,Santa Cruz
12202,Programas o planes estatales de salud,45,73,81,154,Santa Cruz
12203,Programas o planes estatales de salud,46,57,61,118,Santa Cruz
12204,Programas o planes estatales de salud,47,65,33,98,Santa Cruz
12205,Programas o planes estatales de salud,48,56,87,143,Santa Cruz
12206,Programas o planes estatales de salud,49,56,67,123,Santa Cruz
12207,Programas o planes estatales de salud,50,55,63,118,Santa Cruz
12208,Programas o planes estatales de salud,51,49,50,99,Santa Cruz
12209,Programas o planes estatales de salud,52,49,120,169,Santa Cruz
12210,Programas o planes estatales de salud,53,70,49,119,Santa Cruz
12211,Programas o planes estatales de salud,54,65,48,113,Santa Cruz
12212,Programas o planes estatales de salud,55,56,63,119,Santa Cruz
12213,Programas o planes estatales de salud,56,35,68,103,Santa Cruz
12214,Programas o planes estatales de salud,57,61,82,143,Santa Cruz
12215,Programas o planes estatales de salud,58,37,52,89,Santa Cruz
12216,Programas o planes estatales de salud,59,45,44,89,Santa Cruz
12217,Programas o planes estatales de salud,60,36,72,108,Santa Cruz
12218,Programas o planes estatales de salud,61,49,56,105,Santa Cruz
12219,Programas o planes estatales de salud,62,38,32,70,Santa Cruz
12220,Programas o planes estatales de salud,63,53,27,80,Santa Cruz
12221,Programas o planes estatales de salud,64,31,22,53,Santa Cruz
12222,Programas o planes estatales de salud,65,31,14,45,Santa Cruz
12223,Programas o planes estatales de salud,66,18,8,26,Santa Cruz
12224,Programas o planes estatales de salud,67,19,24,43,Santa Cruz
12225,Programas o planes estatales de salud,68,16,16,32,Santa Cruz
12226,Programas o planes estatales de salud,69,30,11,41,Santa Cruz
12227,Programas o planes estatales de salud,70,13,12,25,Santa Cruz
12228,Programas o planes estatales de salud,71,11,7,18,Santa Cruz
12229,Programas o planes estatales de salud,72,5,13,18,Santa Cruz
12230,Programas o planes estatales de salud,73,11,10,21,Santa Cruz
12231,Programas o planes estatales de salud,74,5,14,19,Santa Cruz
12232,Programas o planes estatales de salud,75,10,15,25,Santa Cruz
12233,Programas o planes estatales de salud,76,22,15,37,Santa Cruz
12234,Programas o planes estatales de salud,77,3,4,7,Santa Cruz
12235,Programas o planes estatales de salud,78,3,3,6,Santa Cruz
12236,Programas o planes estatales de salud,79,3,18,21,Santa Cruz
12237,Programas o planes estatales de salud,80,6,10,16,Santa Cruz
12238,Programas o planes estatales de salud,81,1,17,18,Santa Cruz
12239,Programas o planes estatales de salud,82,4,-,4,Santa Cruz
12240,Programas o planes estatales de salud,83,2,4,6,Santa Cruz
12241,Programas o planes estatales de salud,84,3,3,6,Santa Cruz
12242,Programas o planes estatales de salud,85,5,5,10,Santa Cruz
12243,Programas o planes estatales de salud,86,1,-,1,Santa Cruz
12244,Programas o planes estatales de salud,87,-,1,1,Santa Cruz
12245,Programas o planes estatales de salud,88,1,1,2,Santa Cruz
12246,Programas o planes estatales de salud,89,1,-,1,Santa Cruz
12247,Programas o planes estatales de salud,90,1,3,4,Santa Cruz
12248,Programas o planes estatales de salud,92,-,1,1,Santa Cruz
12249,Programas o planes estatales de salud,96,1,-,1,Santa Cruz
12250,Programas o planes estatales de salud,97,-,1,1,Santa Cruz
12251,Programas o planes estatales de salud,100,1,-,1,Santa Cruz
12253,"No tiene obra social, prepaga o plan estatal",,Varón,Mujer,Total,Santa Cruz
12254,"No tiene obra social, prepaga o plan estatal",0,488,476,964,Santa Cruz
12255,"No tiene obra social, prepaga o plan estatal",1,431,479,910,Santa Cruz
12256,"No tiene obra social, prepaga o plan estatal",2,362,502,864,Santa Cruz
12257,"No tiene obra social, prepaga o plan estatal",3,440,384,824,Santa Cruz
12258,"No tiene obra social, prepaga o plan estatal",4,384,421,805,Santa Cruz
12259,"No tiene obra social, prepaga o plan estatal",5,397,311,708,Santa Cruz
12260,"No tiene obra social, prepaga o plan estatal",6,381,335,716,Santa Cruz
12261,"No tiene obra social, prepaga o plan estatal",7,328,369,697,Santa Cruz
12262,"No tiene obra social, prepaga o plan estatal",8,296,321,617,Santa Cruz
12263,"No tiene obra social, prepaga o plan estatal",9,336,312,648,Santa Cruz
12264,"No tiene obra social, prepaga o plan estatal",10,323,304,627,Santa Cruz
12265,"No tiene obra social, prepaga o plan estatal",11,312,308,620,Santa Cruz
12266,"No tiene obra social, prepaga o plan estatal",12,290,319,609,Santa Cruz
12267,"No tiene obra social, prepaga o plan estatal",13,310,313,623,Santa Cruz
12268,"No tiene obra social, prepaga o plan estatal",14,324,345,669,Santa Cruz
12269,"No tiene obra social, prepaga o plan estatal",15,323,273,596,Santa Cruz
12270,"No tiene obra social, prepaga o plan estatal",16,440,353,793,Santa Cruz
12271,"No tiene obra social, prepaga o plan estatal",17,397,287,684,Santa Cruz
12272,"No tiene obra social, prepaga o plan estatal",18,552,573,1125,Santa Cruz
12273,"No tiene obra social, prepaga o plan estatal",19,895,656,1551,Santa Cruz
12274,"No tiene obra social, prepaga o plan estatal",20,839,607,1446,Santa Cruz
12275,"No tiene obra social, prepaga o plan estatal",21,898,786,1684,Santa Cruz
12276,"No tiene obra social, prepaga o plan estatal",22,789,707,1496,Santa Cruz
12277,"No tiene obra social, prepaga o plan estatal",23,901,650,1551,Santa Cruz
12278,"No tiene obra social, prepaga o plan estatal",24,595,578,1173,Santa Cruz
12279,"No tiene obra social, prepaga o plan estatal",25,563,507,1070,Santa Cruz
12280,"No tiene obra social, prepaga o plan estatal",26,640,486,1126,Santa Cruz
12281,"No tiene obra social, prepaga o plan estatal",27,548,574,1122,Santa Cruz
12282,"No tiene obra social, prepaga o plan estatal",28,588,510,1098,Santa Cruz
12283,"No tiene obra social, prepaga o plan estatal",29,534,467,1001,Santa Cruz
12284,"No tiene obra social, prepaga o plan estatal",30,505,419,924,Santa Cruz
12285,"No tiene obra social, prepaga o plan estatal",31,473,324,797,Santa Cruz
12286,"No tiene obra social, prepaga o plan estatal",32,450,375,825,Santa Cruz
12287,"No tiene obra social, prepaga o plan estatal",33,492,354,846,Santa Cruz
12288,"No tiene obra social, prepaga o plan estatal",34,374,289,663,Santa Cruz
12289,"No tiene obra social, prepaga o plan estatal",35,408,311,719,Santa Cruz
12290,"No tiene obra social, prepaga o plan estatal",36,328,274,602,Santa Cruz
12291,"No tiene obra social, prepaga o plan estatal",37,383,298,681,Santa Cruz
12292,"No tiene obra social, prepaga o plan estatal",38,294,273,567,Santa Cruz
12293,"No tiene obra social, prepaga o plan estatal",39,308,216,524,Santa Cruz
12294,"No tiene obra social, prepaga o plan estatal",40,302,203,505,Santa Cruz
12295,"No tiene obra social, prepaga o plan estatal",41,271,212,483,Santa Cruz
12296,"No tiene obra social, prepaga o plan estatal",42,279,195,474,Santa Cruz
12297,"No tiene obra social, prepaga o plan estatal",43,247,216,463,Santa Cruz
12298,"No tiene obra social, prepaga o plan estatal",44,270,156,426,Santa Cruz
12299,"No tiene obra social, prepaga o plan estatal",45,253,136,389,Santa Cruz
12300,"No tiene obra social, prepaga o plan estatal",46,249,170,419,Santa Cruz
12301,"No tiene obra social, prepaga o plan estatal",47,249,168,417,Santa Cruz
12302,"No tiene obra social, prepaga o plan estatal",48,249,197,446,Santa Cruz
12303,"No tiene obra social, prepaga o plan estatal",49,187,142,329,Santa Cruz
12304,"No tiene obra social, prepaga o plan estatal",50,252,180,432,Santa Cruz
12305,"No tiene obra social, prepaga o plan estatal",51,212,133,345,Santa Cruz
12306,"No tiene obra social, prepaga o plan estatal",52,207,154,361,Santa Cruz
12307,"No tiene obra social, prepaga o plan estatal",53,213,178,391,Santa Cruz
12308,"No tiene obra social, prepaga o plan estatal",54,222,127,349,Santa Cruz
12309,"No tiene obra social, prepaga o plan estatal",55,176,119,295,Santa Cruz
12310,"No tiene obra social, prepaga o plan estatal",56,188,118,306,Santa Cruz
12311,"No tiene obra social, prepaga o plan estatal",57,199,139,338,Santa Cruz
12312,"No tiene obra social, prepaga o plan estatal",58,161,148,309,Santa Cruz
12313,"No tiene obra social, prepaga o plan estatal",59,165,104,269,Santa Cruz
12314,"No tiene obra social, prepaga o plan estatal",60,194,129,323,Santa Cruz
12315,"No tiene obra social, prepaga o plan estatal",61,162,84,246,Santa Cruz
12316,"No tiene obra social, prepaga o plan estatal",62,148,40,188,Santa Cruz
12317,"No tiene obra social, prepaga o plan estatal",63,115,78,193,Santa Cruz
12318,"No tiene obra social, prepaga o plan estatal",64,105,37,142,Santa Cruz
12319,"No tiene obra social, prepaga o plan estatal",65,62,68,130,Santa Cruz
12320,"No tiene obra social, prepaga o plan estatal",66,86,12,98,Santa Cruz
12321,"No tiene obra social, prepaga o plan estatal",67,43,28,71,Santa Cruz
12322,"No tiene obra social, prepaga o plan estatal",68,47,48,95,Santa Cruz
12323,"No tiene obra social, prepaga o plan estatal",69,34,12,46,Santa Cruz
12324,"No tiene obra social, prepaga o plan estatal",70,47,19,66,Santa Cruz
12325,"No tiene obra social, prepaga o plan estatal",71,16,7,23,Santa Cruz
12326,"No tiene obra social, prepaga o plan estatal",72,23,14,37,Santa Cruz
12327,"No tiene obra social, prepaga o plan estatal",73,13,7,20,Santa Cruz
12328,"No tiene obra social, prepaga o plan estatal",74,14,14,28,Santa Cruz
12329,"No tiene obra social, prepaga o plan estatal",75,23,11,34,Santa Cruz
12330,"No tiene obra social, prepaga o plan estatal",76,17,14,31,Santa Cruz
12331,"No tiene obra social, prepaga o plan estatal",77,9,7,16,Santa Cruz
12332,"No tiene obra social, prepaga o plan estatal",78,14,4,18,Santa Cruz
12333,"No tiene obra social, prepaga o plan estatal",79,16,12,28,Santa Cruz
12334,"No tiene obra social, prepaga o plan estatal",80,7,3,10,Santa Cruz
12335,"No tiene obra social, prepaga o plan estatal",81,4,3,7,Santa Cruz
12336,"No tiene obra social, prepaga o plan estatal",82,22,5,27,Santa Cruz
12337,"No tiene obra social, prepaga o plan estatal",83,2,12,14,Santa Cruz
12338,"No tiene obra social, prepaga o plan estatal",84,7,6,13,Santa Cruz
12339,"No tiene obra social, prepaga o plan estatal",85,4,2,6,Santa Cruz
12340,"No tiene obra social, prepaga o plan estatal",86,2,9,11,Santa Cruz
12341,"No tiene obra social, prepaga o plan estatal",87,2,2,4,Santa Cruz
12342,"No tiene obra social, prepaga o plan estatal",89,4,4,8,Santa Cruz
12343,"No tiene obra social, prepaga o plan estatal",90,-,4,4,Santa Cruz
12344,"No tiene obra social, prepaga o plan estatal",91,1,4,5,Santa Cruz
12345,"No tiene obra social, prepaga o plan estatal",92,1,3,4,Santa Cruz
12346,"No tiene obra social, prepaga o plan estatal",93,-,1,1,Santa Cruz
12347,"No tiene obra social, prepaga o plan estatal",94,-,1,1,Santa Cruz
12348,"No tiene obra social, prepaga o plan estatal",95,1,1,2,Santa Cruz
12349,"No tiene obra social, prepaga o plan estatal",97,-,1,1,Santa Cruz
12350,"No tiene obra social, prepaga o plan estatal",99,1,-,1,Santa Cruz
12457,AREA # 82,Santa Fe,,,,Santa Fe
12458,AREA # 82,,,,,Santa Fe
12459,Cobertura de salud,Edad,Sexo,,,Santa Fe
12460,Obra social (incluye PAMI),,Varón,Mujer,Total,Santa Fe
12461,Obra social (incluye PAMI),0,9205,8741,17946,Santa Fe
12462,Obra social (incluye PAMI),1,9048,8875,17923,Santa Fe
12463,Obra social (incluye PAMI),2,8878,9010,17888,Santa Fe
12464,Obra social (incluye PAMI),3,8723,8567,17290,Santa Fe
12465,Obra social (incluye PAMI),4,9405,8886,18291,Santa Fe
12466,Obra social (incluye PAMI),5,9606,9090,18696,Santa Fe
12467,Obra social (incluye PAMI),6,9514,9836,19350,Santa Fe
12468,Obra social (incluye PAMI),7,10044,9661,19705,Santa Fe
12469,Obra social (incluye PAMI),8,9475,9151,18626,Santa Fe
12470,Obra social (incluye PAMI),9,9449,9194,18643,Santa Fe
12471,Obra social (incluye PAMI),10,9850,9552,19402,Santa Fe
12472,Obra social (incluye PAMI),11,9680,9697,19377,Santa Fe
12473,Obra social (incluye PAMI),12,9944,9584,19528,Santa Fe
12474,Obra social (incluye PAMI),13,10002,9700,19702,Santa Fe
12475,Obra social (incluye PAMI),14,10912,10234,21146,Santa Fe
12476,Obra social (incluye PAMI),15,10609,10229,20838,Santa Fe
12477,Obra social (incluye PAMI),16,10905,10248,21153,Santa Fe
12478,Obra social (incluye PAMI),17,10392,10659,21051,Santa Fe
12479,Obra social (incluye PAMI),18,10271,11101,21372,Santa Fe
12480,Obra social (incluye PAMI),19,10723,11238,21961,Santa Fe
12481,Obra social (incluye PAMI),20,10822,11287,22109,Santa Fe
12482,Obra social (incluye PAMI),21,8926,8736,17662,Santa Fe
12483,Obra social (incluye PAMI),22,9030,9225,18255,Santa Fe
12484,Obra social (incluye PAMI),23,9719,8990,18709,Santa Fe
12485,Obra social (incluye PAMI),24,9512,9446,18958,Santa Fe
12486,Obra social (incluye PAMI),25,9768,9103,18871,Santa Fe
12487,Obra social (incluye PAMI),26,9746,8858,18604,Santa Fe
12488,Obra social (incluye PAMI),27,9718,9567,19285,Santa Fe
12489,Obra social (incluye PAMI),28,9825,9867,19692,Santa Fe
12490,Obra social (incluye PAMI),29,9986,9916,19902,Santa Fe
12491,Obra social (incluye PAMI),30,10408,10659,21067,Santa Fe
12492,Obra social (incluye PAMI),31,10460,10811,21271,Santa Fe
12493,Obra social (incluye PAMI),32,9991,10306,20297,Santa Fe
12494,Obra social (incluye PAMI),33,10382,10610,20992,Santa Fe
12495,Obra social (incluye PAMI),34,9237,9482,18719,Santa Fe
12496,Obra social (incluye PAMI),35,9163,9674,18837,Santa Fe
12497,Obra social (incluye PAMI),36,8411,9086,17497,Santa Fe
12498,Obra social (incluye PAMI),37,8188,8889,17077,Santa Fe
12499,Obra social (incluye PAMI),38,8280,8522,16802,Santa Fe
12500,Obra social (incluye PAMI),39,8178,9080,17258,Santa Fe
12501,Obra social (incluye PAMI),40,8204,8835,17039,Santa Fe
12502,Obra social (incluye PAMI),41,8232,8687,16919,Santa Fe
12503,Obra social (incluye PAMI),42,7572,8355,15927,Santa Fe
12504,Obra social (incluye PAMI),43,7412,8119,15531,Santa Fe
12505,Obra social (incluye PAMI),44,8106,8307,16413,Santa Fe
12506,Obra social (incluye PAMI),45,7780,9022,16802,Santa Fe
12507,Obra social (incluye PAMI),46,7705,8620,16325,Santa Fe
12508,Obra social (incluye PAMI),47,7874,8727,16601,Santa Fe
12509,Obra social (incluye PAMI),48,7958,8614,16572,Santa Fe
12510,Obra social (incluye PAMI),49,7326,8528,15854,Santa Fe
12511,Obra social (incluye PAMI),50,7382,8738,16120,Santa Fe
12512,Obra social (incluye PAMI),51,7305,7885,15190,Santa Fe
12513,Obra social (incluye PAMI),52,6901,8101,15002,Santa Fe
12514,Obra social (incluye PAMI),53,7032,8205,15237,Santa Fe
12515,Obra social (incluye PAMI),54,6878,7877,14755,Santa Fe
12516,Obra social (incluye PAMI),55,6970,8080,15050,Santa Fe
12517,Obra social (incluye PAMI),56,7029,7764,14793,Santa Fe
12518,Obra social (incluye PAMI),57,6747,8471,15218,Santa Fe
12519,Obra social (incluye PAMI),58,6644,8625,15269,Santa Fe
12520,Obra social (incluye PAMI),59,6660,8313,14973,Santa Fe
12521,Obra social (incluye PAMI),60,6456,9359,15815,Santa Fe
12522,Obra social (incluye PAMI),61,6283,11050,17333,Santa Fe
12523,Obra social (incluye PAMI),62,6091,11025,17116,Santa Fe
12524,Obra social (incluye PAMI),63,6126,11236,17362,Santa Fe
12525,Obra social (incluye PAMI),64,6358,11548,17906,Santa Fe
12526,Obra social (incluye PAMI),65,7536,11475,19011,Santa Fe
12527,Obra social (incluye PAMI),66,8334,10665,18999,Santa Fe
12528,Obra social (incluye PAMI),67,8474,10520,18994,Santa Fe
12529,Obra social (incluye PAMI),68,7659,10389,18048,Santa Fe
12530,Obra social (incluye PAMI),69,7561,9590,17151,Santa Fe
12531,Obra social (incluye PAMI),70,7536,10468,18004,Santa Fe
12532,Obra social (incluye PAMI),71,6897,9442,16339,Santa Fe
12533,Obra social (incluye PAMI),72,6992,9490,16482,Santa Fe
12534,Obra social (incluye PAMI),73,6389,9316,15705,Santa Fe
12535,Obra social (incluye PAMI),74,6271,9020,15291,Santa Fe
12536,Obra social (incluye PAMI),75,5880,8889,14769,Santa Fe
12537,Obra social (incluye PAMI),76,5087,8064,13151,Santa Fe
12538,Obra social (incluye PAMI),77,4782,8176,12958,Santa Fe
12539,Obra social (incluye PAMI),78,4820,7687,12507,Santa Fe
12540,Obra social (incluye PAMI),79,4275,7483,11758,Santa Fe
12541,Obra social (incluye PAMI),80,4088,8113,12201,Santa Fe
12542,Obra social (incluye PAMI),81,3487,6714,10201,Santa Fe
12543,Obra social (incluye PAMI),82,3297,6097,9394,Santa Fe
12544,Obra social (incluye PAMI),83,2762,5659,8421,Santa Fe
12545,Obra social (incluye PAMI),84,2408,5225,7633,Santa Fe
12546,Obra social (incluye PAMI),85,2319,4929,7248,Santa Fe
12547,Obra social (incluye PAMI),86,1931,4283,6214,Santa Fe
12548,Obra social (incluye PAMI),87,1519,4042,5561,Santa Fe
12549,Obra social (incluye PAMI),88,1247,3177,4424,Santa Fe
12550,Obra social (incluye PAMI),89,830,2609,3439,Santa Fe
12551,Obra social (incluye PAMI),90,757,2099,2856,Santa Fe
12552,Obra social (incluye PAMI),91,487,1611,2098,Santa Fe
12553,Obra social (incluye PAMI),92,344,1285,1629,Santa Fe
12554,Obra social (incluye PAMI),93,301,1105,1406,Santa Fe
12555,Obra social (incluye PAMI),94,244,842,1086,Santa Fe
12556,Obra social (incluye PAMI),95,147,553,700,Santa Fe
12557,Obra social (incluye PAMI),96,81,416,497,Santa Fe
12558,Obra social (incluye PAMI),97,48,307,355,Santa Fe
12559,Obra social (incluye PAMI),98,67,183,250,Santa Fe
12560,Obra social (incluye PAMI),99,15,157,172,Santa Fe
12561,Obra social (incluye PAMI),100,35,101,136,Santa Fe
12562,Obra social (incluye PAMI),101,19,39,58,Santa Fe
12563,Obra social (incluye PAMI),102,13,32,45,Santa Fe
12564,Obra social (incluye PAMI),103,4,35,39,Santa Fe
12565,Obra social (incluye PAMI),104,-,2,2,Santa Fe
12566,Obra social (incluye PAMI),105,11,14,25,Santa Fe
12567,Obra social (incluye PAMI),106,1,-,1,Santa Fe
12568,Obra social (incluye PAMI),107,1,1,2,Santa Fe
12569,Obra social (incluye PAMI),108,1,-,1,Santa Fe
12570,Obra social (incluye PAMI),110,2,1,3,Santa Fe
12572,Prepaga a través de obra social,,Varón,Mujer,Total,Santa Fe
12573,Prepaga a través de obra social,0,3301,3283,6584,Santa Fe
12574,Prepaga a través de obra social,1,3572,3407,6979,Santa Fe
12575,Prepaga a través de obra social,2,3624,3439,7063,Santa Fe
12576,Prepaga a través de obra social,3,3451,3269,6720,Santa Fe
12577,Prepaga a través de obra social,4,3555,3361,6916,Santa Fe
12578,Prepaga a través de obra social,5,3178,3445,6623,Santa Fe
12579,Prepaga a través de obra social,6,3319,3409,6728,Santa Fe
12580,Prepaga a través de obra social,7,3187,3242,6429,Santa Fe
12581,Prepaga a través de obra social,8,3363,3190,6553,Santa Fe
12582,Prepaga a través de obra social,9,3147,3150,6297,Santa Fe
12583,Prepaga a través de obra social,10,3265,3077,6342,Santa Fe
12584,Prepaga a través de obra social,11,2874,3174,6048,Santa Fe
12585,Prepaga a través de obra social,12,3053,2847,5900,Santa Fe
12586,Prepaga a través de obra social,13,2954,2951,5905,Santa Fe
12587,Prepaga a través de obra social,14,3345,3157,6502,Santa Fe
12588,Prepaga a través de obra social,15,3095,3083,6178,Santa Fe
12589,Prepaga a través de obra social,16,2936,2783,5719,Santa Fe
12590,Prepaga a través de obra social,17,2996,3087,6083,Santa Fe
12591,Prepaga a través de obra social,18,2982,2966,5948,Santa Fe
12592,Prepaga a través de obra social,19,3314,3264,6578,Santa Fe
12593,Prepaga a través de obra social,20,3436,3196,6632,Santa Fe
12594,Prepaga a través de obra social,21,3009,2901,5910,Santa Fe
12595,Prepaga a través de obra social,22,3030,3068,6098,Santa Fe
12596,Prepaga a través de obra social,23,3628,3562,7190,Santa Fe
12597,Prepaga a través de obra social,24,3874,3581,7455,Santa Fe
12598,Prepaga a través de obra social,25,3850,3837,7687,Santa Fe
12599,Prepaga a través de obra social,26,3858,3868,7726,Santa Fe
12600,Prepaga a través de obra social,27,3942,3567,7509,Santa Fe
12601,Prepaga a través de obra social,28,4277,4005,8282,Santa Fe
12602,Prepaga a través de obra social,29,4323,4322,8645,Santa Fe
12603,Prepaga a través de obra social,30,4434,4507,8941,Santa Fe
12604,Prepaga a través de obra social,31,4149,4254,8403,Santa Fe
12605,Prepaga a través de obra social,32,4275,4214,8489,Santa Fe
12606,Prepaga a través de obra social,33,4357,4039,8396,Santa Fe
12607,Prepaga a través de obra social,34,4013,4042,8055,Santa Fe
12608,Prepaga a través de obra social,35,3726,3716,7442,Santa Fe
12609,Prepaga a través de obra social,36,3387,3585,6972,Santa Fe
12610,Prepaga a través de obra social,37,3497,3565,7062,Santa Fe
12611,Prepaga a través de obra social,38,3245,3137,6382,Santa Fe
12612,Prepaga a través de obra social,39,3299,3083,6382,Santa Fe
12613,Prepaga a través de obra social,40,3204,3273,6477,Santa Fe
12614,Prepaga a través de obra social,41,3067,2763,5830,Santa Fe
12615,Prepaga a través de obra social,42,2691,2627,5318,Santa Fe
12616,Prepaga a través de obra social,43,2527,2389,4916,Santa Fe
12617,Prepaga a través de obra social,44,2656,2836,5492,Santa Fe
12618,Prepaga a través de obra social,45,2786,2704,5490,Santa Fe
12619,Prepaga a través de obra social,46,2582,2431,5013,Santa Fe
12620,Prepaga a través de obra social,47,2601,2729,5330,Santa Fe
12621,Prepaga a través de obra social,48,2619,2587,5206,Santa Fe
12622,Prepaga a través de obra social,49,2373,2424,4797,Santa Fe
12623,Prepaga a través de obra social,50,2446,2656,5102,Santa Fe
12624,Prepaga a través de obra social,51,2255,2531,4786,Santa Fe
12625,Prepaga a través de obra social,52,2301,2293,4594,Santa Fe
12626,Prepaga a través de obra social,53,2428,2119,4547,Santa Fe
12627,Prepaga a través de obra social,54,2337,2268,4605,Santa Fe
12628,Prepaga a través de obra social,55,2383,2315,4698,Santa Fe
12629,Prepaga a través de obra social,56,2163,2249,4412,Santa Fe
12630,Prepaga a través de obra social,57,2127,1937,4064,Santa Fe
12631,Prepaga a través de obra social,58,2122,2015,4137,Santa Fe
12632,Prepaga a través de obra social,59,1964,1821,3785,Santa Fe
12633,Prepaga a través de obra social,60,1859,1617,3476,Santa Fe
12634,Prepaga a través de obra social,61,1599,1132,2731,Santa Fe
12635,Prepaga a través de obra social,62,1508,1164,2672,Santa Fe
12636,Prepaga a través de obra social,63,1436,966,2402,Santa Fe
12637,Prepaga a través de obra social,64,1476,798,2274,Santa Fe
12638,Prepaga a través de obra social,65,1036,772,1808,Santa Fe
12639,Prepaga a través de obra social,66,683,658,1341,Santa Fe
12640,Prepaga a través de obra social,67,559,580,1139,Santa Fe
12641,Prepaga a través de obra social,68,578,474,1052,Santa Fe
12642,Prepaga a través de obra social,69,421,544,965,Santa Fe
12643,Prepaga a través de obra social,70,381,467,848,Santa Fe
12644,Prepaga a través de obra social,71,342,362,704,Santa Fe
12645,Prepaga a través de obra social,72,298,429,727,Santa Fe
12646,Prepaga a través de obra social,73,318,395,713,Santa Fe
12647,Prepaga a través de obra social,74,297,330,627,Santa Fe
12648,Prepaga a través de obra social,75,258,317,575,Santa Fe
12649,Prepaga a través de obra social,76,215,380,595,Santa Fe
12650,Prepaga a través de obra social,77,227,319,546,Santa Fe
12651,Prepaga a través de obra social,78,201,321,522,Santa Fe
12652,Prepaga a través de obra social,79,284,293,577,Santa Fe
12653,Prepaga a través de obra social,80,262,224,486,Santa Fe
12654,Prepaga a través de obra social,81,168,213,381,Santa Fe
12655,Prepaga a través de obra social,82,89,258,347,Santa Fe
12656,Prepaga a través de obra social,83,103,215,318,Santa Fe
12657,Prepaga a través de obra social,84,96,205,301,Santa Fe
12658,Prepaga a través de obra social,85,104,131,235,Santa Fe
12659,Prepaga a través de obra social,86,46,146,192,Santa Fe
12660,Prepaga a través de obra social,87,44,111,155,Santa Fe
12661,Prepaga a través de obra social,88,40,59,99,Santa Fe
12662,Prepaga a través de obra social,89,25,59,84,Santa Fe
12663,Prepaga a través de obra social,90,26,62,88,Santa Fe
12664,Prepaga a través de obra social,91,7,63,70,Santa Fe
12665,Prepaga a través de obra social,92,4,25,29,Santa Fe
12666,Prepaga a través de obra social,93,8,34,42,Santa Fe
12667,Prepaga a través de obra social,94,3,21,24,Santa Fe
12668,Prepaga a través de obra social,95,1,8,9,Santa Fe
12669,Prepaga a través de obra social,96,2,11,13,Santa Fe
12670,Prepaga a través de obra social,97,2,31,33,Santa Fe
12671,Prepaga a través de obra social,98,3,7,10,Santa Fe
12672,Prepaga a través de obra social,99,-,2,2,Santa Fe
12673,Prepaga a través de obra social,100,-,10,10,Santa Fe
12674,Prepaga a través de obra social,101,1,-,1,Santa Fe
12675,Prepaga a través de obra social,107,-,1,1,Santa Fe
12676,Prepaga a través de obra social,109,-,1,1,Santa Fe
12678,Prepaga sólo por contratación voluntaria,,Varón,Mujer,Total,Santa Fe
12679,Prepaga sólo por contratación voluntaria,0,1616,1467,3083,Santa Fe
12680,Prepaga sólo por contratación voluntaria,1,1663,1639,3302,Santa Fe
12681,Prepaga sólo por contratación voluntaria,2,1632,1784,3416,Santa Fe
12682,Prepaga sólo por contratación voluntaria,3,1614,1400,3014,Santa Fe
12683,Prepaga sólo por contratación voluntaria,4,1503,1563,3066,Santa Fe
12684,Prepaga sólo por contratación voluntaria,5,1533,1445,2978,Santa Fe
12685,Prepaga sólo por contratación voluntaria,6,1603,1445,3048,Santa Fe
12686,Prepaga sólo por contratación voluntaria,7,1585,1453,3038,Santa Fe
12687,Prepaga sólo por contratación voluntaria,8,1375,1342,2717,Santa Fe
12688,Prepaga sólo por contratación voluntaria,9,1483,1470,2953,Santa Fe
12689,Prepaga sólo por contratación voluntaria,10,1457,1390,2847,Santa Fe
12690,Prepaga sólo por contratación voluntaria,11,1391,1350,2741,Santa Fe
12691,Prepaga sólo por contratación voluntaria,12,1506,1165,2671,Santa Fe
12692,Prepaga sólo por contratación voluntaria,13,1411,1265,2676,Santa Fe
12693,Prepaga sólo por contratación voluntaria,14,1383,1269,2652,Santa Fe
12694,Prepaga sólo por contratación voluntaria,15,1284,1360,2644,Santa Fe
12695,Prepaga sólo por contratación voluntaria,16,1505,1506,3011,Santa Fe
12696,Prepaga sólo por contratación voluntaria,17,1368,1545,2913,Santa Fe
12697,Prepaga sólo por contratación voluntaria,18,1494,1577,3071,Santa Fe
12698,Prepaga sólo por contratación voluntaria,19,1725,1567,3292,Santa Fe
12699,Prepaga sólo por contratación voluntaria,20,1488,1639,3127,Santa Fe
12700,Prepaga sólo por contratación voluntaria,21,1732,2038,3770,Santa Fe
12701,Prepaga sólo por contratación voluntaria,22,1700,2118,3818,Santa Fe
12702,Prepaga sólo por contratación voluntaria,23,1852,2112,3964,Santa Fe
12703,Prepaga sólo por contratación voluntaria,24,1828,2493,4321,Santa Fe
12704,Prepaga sólo por contratación voluntaria,25,2049,2464,4513,Santa Fe
12705,Prepaga sólo por contratación voluntaria,26,2017,2570,4587,Santa Fe
12706,Prepaga sólo por contratación voluntaria,27,2134,2360,4494,Santa Fe
12707,Prepaga sólo por contratación voluntaria,28,2281,2637,4918,Santa Fe
12708,Prepaga sólo por contratación voluntaria,29,1972,2581,4553,Santa Fe
12709,Prepaga sólo por contratación voluntaria,30,2263,2604,4867,Santa Fe
12710,Prepaga sólo por contratación voluntaria,31,1946,2414,4360,Santa Fe
12711,Prepaga sólo por contratación voluntaria,32,2003,2424,4427,Santa Fe
12712,Prepaga sólo por contratación voluntaria,33,1997,2034,4031,Santa Fe
12713,Prepaga sólo por contratación voluntaria,34,1984,2179,4163,Santa Fe
12714,Prepaga sólo por contratación voluntaria,35,1896,1827,3723,Santa Fe
12715,Prepaga sólo por contratación voluntaria,36,1889,2003,3892,Santa Fe
12716,Prepaga sólo por contratación voluntaria,37,1631,1641,3272,Santa Fe
12717,Prepaga sólo por contratación voluntaria,38,1643,1745,3388,Santa Fe
12718,Prepaga sólo por contratación voluntaria,39,1571,1616,3187,Santa Fe
12719,Prepaga sólo por contratación voluntaria,40,1587,1509,3096,Santa Fe
12720,Prepaga sólo por contratación voluntaria,41,1591,1385,2976,Santa Fe
12721,Prepaga sólo por contratación voluntaria,42,1407,1494,2901,Santa Fe
12722,Prepaga sólo por contratación voluntaria,43,1511,1450,2961,Santa Fe
12723,Prepaga sólo por contratación voluntaria,44,1514,1294,2808,Santa Fe
12724,Prepaga sólo por contratación voluntaria,45,1389,1585,2974,Santa Fe
12725,Prepaga sólo por contratación voluntaria,46,1476,1586,3062,Santa Fe
12726,Prepaga sólo por contratación voluntaria,47,1480,1655,3135,Santa Fe
12727,Prepaga sólo por contratación voluntaria,48,1463,1500,2963,Santa Fe
12728,Prepaga sólo por contratación voluntaria,49,1552,1586,3138,Santa Fe
12729,Prepaga sólo por contratación voluntaria,50,1423,1683,3106,Santa Fe
12730,Prepaga sólo por contratación voluntaria,51,1455,1845,3300,Santa Fe
12731,Prepaga sólo por contratación voluntaria,52,1453,1701,3154,Santa Fe
12732,Prepaga sólo por contratación voluntaria,53,1626,1928,3554,Santa Fe
12733,Prepaga sólo por contratación voluntaria,54,1631,1915,3546,Santa Fe
12734,Prepaga sólo por contratación voluntaria,55,1601,1712,3313,Santa Fe
12735,Prepaga sólo por contratación voluntaria,56,1514,1837,3351,Santa Fe
12736,Prepaga sólo por contratación voluntaria,57,1583,1735,3318,Santa Fe
12737,Prepaga sólo por contratación voluntaria,58,1596,1631,3227,Santa Fe
12738,Prepaga sólo por contratación voluntaria,59,1500,1647,3147,Santa Fe
12739,Prepaga sólo por contratación voluntaria,60,1625,1347,2972,Santa Fe
12740,Prepaga sólo por contratación voluntaria,61,1202,820,2022,Santa Fe
12741,Prepaga sólo por contratación voluntaria,62,1422,823,2245,Santa Fe
12742,Prepaga sólo por contratación voluntaria,63,1152,669,1821,Santa Fe
12743,Prepaga sólo por contratación voluntaria,64,1024,643,1667,Santa Fe
12744,Prepaga sólo por contratación voluntaria,65,804,752,1556,Santa Fe
12745,Prepaga sólo por contratación voluntaria,66,524,470,994,Santa Fe
12746,Prepaga sólo por contratación voluntaria,67,492,529,1021,Santa Fe
12747,Prepaga sólo por contratación voluntaria,68,452,392,844,Santa Fe
12748,Prepaga sólo por contratación voluntaria,69,394,350,744,Santa Fe
12749,Prepaga sólo por contratación voluntaria,70,373,443,816,Santa Fe
12750,Prepaga sólo por contratación voluntaria,71,366,336,702,Santa Fe
12751,Prepaga sólo por contratación voluntaria,72,320,288,608,Santa Fe
12752,Prepaga sólo por contratación voluntaria,73,278,345,623,Santa Fe
12753,Prepaga sólo por contratación voluntaria,74,270,242,512,Santa Fe
12754,Prepaga sólo por contratación voluntaria,75,214,240,454,Santa Fe
12755,Prepaga sólo por contratación voluntaria,76,166,249,415,Santa Fe
12756,Prepaga sólo por contratación voluntaria,77,185,191,376,Santa Fe
12757,Prepaga sólo por contratación voluntaria,78,143,231,374,Santa Fe
12758,Prepaga sólo por contratación voluntaria,79,121,199,320,Santa Fe
12759,Prepaga sólo por contratación voluntaria,80,165,168,333,Santa Fe
12760,Prepaga sólo por contratación voluntaria,81,109,159,268,Santa Fe
12761,Prepaga sólo por contratación voluntaria,82,77,205,282,Santa Fe
12762,Prepaga sólo por contratación voluntaria,83,81,127,208,Santa Fe
12763,Prepaga sólo por contratación voluntaria,84,77,180,257,Santa Fe
12764,Prepaga sólo por contratación voluntaria,85,71,133,204,Santa Fe
12765,Prepaga sólo por contratación voluntaria,86,39,65,104,Santa Fe
12766,Prepaga sólo por contratación voluntaria,87,37,72,109,Santa Fe
12767,Prepaga sólo por contratación voluntaria,88,22,75,97,Santa Fe
12768,Prepaga sólo por contratación voluntaria,89,55,34,89,Santa Fe
12769,Prepaga sólo por contratación voluntaria,90,70,32,102,Santa Fe
12770,Prepaga sólo por contratación voluntaria,91,6,24,30,Santa Fe
12771,Prepaga sólo por contratación voluntaria,92,6,20,26,Santa Fe
12772,Prepaga sólo por contratación voluntaria,93,4,26,30,Santa Fe
12773,Prepaga sólo por contratación voluntaria,94,2,9,11,Santa Fe
12774,Prepaga sólo por contratación voluntaria,95,3,25,28,Santa Fe
12775,Prepaga sólo por contratación voluntaria,96,3,2,5,Santa Fe
12776,Prepaga sólo por contratación voluntaria,97,-,13,13,Santa Fe
12777,Prepaga sólo por contratación voluntaria,98,10,16,26,Santa Fe
12778,Prepaga sólo por contratación voluntaria,99,-,1,1,Santa Fe
12779,Prepaga sólo por contratación voluntaria,100,-,1,1,Santa Fe
12780,Prepaga sólo por contratación voluntaria,103,-,1,1,Santa Fe
12782,Programas o planes estatales de salud,,Varón,Mujer,Total,Santa Fe
12783,Programas o planes estatales de salud,0,427,496,923,Santa Fe
12784,Programas o planes estatales de salud,1,545,556,1101,Santa Fe
12785,Programas o planes estatales de salud,2,560,549,1109,Santa Fe
12786,Programas o planes estatales de salud,3,447,514,961,Santa Fe
12787,Programas o planes estatales de salud,4,613,505,1118,Santa Fe
12788,Programas o planes estatales de salud,5,437,545,982,Santa Fe
12789,Programas o planes estatales de salud,6,594,489,1083,Santa Fe
12790,Programas o planes estatales de salud,7,565,427,992,Santa Fe
12791,Programas o planes estatales de salud,8,552,467,1019,Santa Fe
12792,Programas o planes estatales de salud,9,479,488,967,Santa Fe
12793,Programas o planes estatales de salud,10,566,529,1095,Santa Fe
12794,Programas o planes estatales de salud,11,552,523,1075,Santa Fe
12795,Programas o planes estatales de salud,12,585,471,1056,Santa Fe
12796,Programas o planes estatales de salud,13,570,550,1120,Santa Fe
12797,Programas o planes estatales de salud,14,595,521,1116,Santa Fe
12798,Programas o planes estatales de salud,15,530,499,1029,Santa Fe
12799,Programas o planes estatales de salud,16,497,478,975,Santa Fe
12800,Programas o planes estatales de salud,17,495,471,966,Santa Fe
12801,Programas o planes estatales de salud,18,521,465,986,Santa Fe
12802,Programas o planes estatales de salud,19,569,523,1092,Santa Fe
12803,Programas o planes estatales de salud,20,500,415,915,Santa Fe
12804,Programas o planes estatales de salud,21,568,406,974,Santa Fe
12805,Programas o planes estatales de salud,22,645,362,1007,Santa Fe
12806,Programas o planes estatales de salud,23,475,419,894,Santa Fe
12807,Programas o planes estatales de salud,24,624,383,1007,Santa Fe
12808,Programas o planes estatales de salud,25,413,434,847,Santa Fe
12809,Programas o planes estatales de salud,26,536,368,904,Santa Fe
12810,Programas o planes estatales de salud,27,491,423,914,Santa Fe
12811,Programas o planes estatales de salud,28,479,421,900,Santa Fe
12812,Programas o planes estatales de salud,29,412,335,747,Santa Fe
12813,Programas o planes estatales de salud,30,527,425,952,Santa Fe
12814,Programas o planes estatales de salud,31,410,487,897,Santa Fe
12815,Programas o planes estatales de salud,32,384,444,828,Santa Fe
12816,Programas o planes estatales de salud,33,389,373,762,Santa Fe
12817,Programas o planes estatales de salud,34,337,334,671,Santa Fe
12818,Programas o planes estatales de salud,35,373,313,686,Santa Fe
12819,Programas o planes estatales de salud,36,324,408,732,Santa Fe
12820,Programas o planes estatales de salud,37,319,397,716,Santa Fe
12821,Programas o planes estatales de salud,38,297,365,662,Santa Fe
12822,Programas o planes estatales de salud,39,378,364,742,Santa Fe
12823,Programas o planes estatales de salud,40,296,433,729,Santa Fe
12824,Programas o planes estatales de salud,41,270,346,616,Santa Fe
12825,Programas o planes estatales de salud,42,252,279,531,Santa Fe
12826,Programas o planes estatales de salud,43,235,339,574,Santa Fe
12827,Programas o planes estatales de salud,44,268,330,598,Santa Fe
12828,Programas o planes estatales de salud,45,347,353,700,Santa Fe
12829,Programas o planes estatales de salud,46,333,373,706,Santa Fe
12830,Programas o planes estatales de salud,47,300,286,586,Santa Fe
12831,Programas o planes estatales de salud,48,331,479,810,Santa Fe
12832,Programas o planes estatales de salud,49,309,351,660,Santa Fe
12833,Programas o planes estatales de salud,50,305,314,619,Santa Fe
12834,Programas o planes estatales de salud,51,296,332,628,Santa Fe
12835,Programas o planes estatales de salud,52,258,293,551,Santa Fe
12836,Programas o planes estatales de salud,53,253,318,571,Santa Fe
12837,Programas o planes estatales de salud,54,250,319,569,Santa Fe
12838,Programas o planes estatales de salud,55,305,288,593,Santa Fe
12839,Programas o planes estatales de salud,56,291,290,581,Santa Fe
12840,Programas o planes estatales de salud,57,209,320,529,Santa Fe
12841,Programas o planes estatales de salud,58,263,249,512,Santa Fe
12842,Programas o planes estatales de salud,59,225,291,516,Santa Fe
12843,Programas o planes estatales de salud,60,274,296,570,Santa Fe
12844,Programas o planes estatales de salud,61,196,213,409,Santa Fe
12845,Programas o planes estatales de salud,62,182,139,321,Santa Fe
12846,Programas o planes estatales de salud,63,285,238,523,Santa Fe
12847,Programas o planes estatales de salud,64,129,105,234,Santa Fe
12848,Programas o planes estatales de salud,65,239,103,342,Santa Fe
12849,Programas o planes estatales de salud,66,74,121,195,Santa Fe
12850,Programas o planes estatales de salud,67,53,77,130,Santa Fe
12851,Programas o planes estatales de salud,68,132,77,209,Santa Fe
12852,Programas o planes estatales de salud,69,33,105,138,Santa Fe
12853,Programas o planes estatales de salud,70,49,89,138,Santa Fe
12854,Programas o planes estatales de salud,71,35,58,93,Santa Fe
12855,Programas o planes estatales de salud,72,32,80,112,Santa Fe
12856,Programas o planes estatales de salud,73,25,95,120,Santa Fe
12857,Programas o planes estatales de salud,74,52,42,94,Santa Fe
12858,Programas o planes estatales de salud,75,35,63,98,Santa Fe
12859,Programas o planes estatales de salud,76,38,54,92,Santa Fe
12860,Programas o planes estatales de salud,77,54,85,139,Santa Fe
12861,Programas o planes estatales de salud,78,32,48,80,Santa Fe
12862,Programas o planes estatales de salud,79,31,62,93,Santa Fe
12863,Programas o planes estatales de salud,80,53,62,115,Santa Fe
12864,Programas o planes estatales de salud,81,23,59,82,Santa Fe
12865,Programas o planes estatales de salud,82,32,41,73,Santa Fe
12866,Programas o planes estatales de salud,83,18,51,69,Santa Fe
12867,Programas o planes estatales de salud,84,12,26,38,Santa Fe
12868,Programas o planes estatales de salud,85,9,80,89,Santa Fe
12869,Programas o planes estatales de salud,86,3,40,43,Santa Fe
12870,Programas o planes estatales de salud,87,34,16,50,Santa Fe
12871,Programas o planes estatales de salud,88,12,14,26,Santa Fe
12872,Programas o planes estatales de salud,89,26,10,36,Santa Fe
12873,Programas o planes estatales de salud,90,4,9,13,Santa Fe
12874,Programas o planes estatales de salud,91,4,10,14,Santa Fe
12875,Programas o planes estatales de salud,92,3,4,7,Santa Fe
12876,Programas o planes estatales de salud,93,10,12,22,Santa Fe
12877,Programas o planes estatales de salud,94,20,11,31,Santa Fe
12878,Programas o planes estatales de salud,95,11,3,14,Santa Fe
12879,Programas o planes estatales de salud,96,-,1,1,Santa Fe
12880,Programas o planes estatales de salud,97,-,12,12,Santa Fe
12881,Programas o planes estatales de salud,98,-,2,2,Santa Fe
12882,Programas o planes estatales de salud,100,1,2,3,Santa Fe
12883,Programas o planes estatales de salud,101,1,-,1,Santa Fe
12884,Programas o planes estatales de salud,110,-,1,1,Santa Fe
12886,"No tiene obra social, prepaga o plan estatal",,Varón,Mujer,Total,Santa Fe
12887,"No tiene obra social, prepaga o plan estatal",0,10663,10163,20826,Santa Fe
12888,"No tiene obra social, prepaga o plan estatal",1,10200,10212,20412,Santa Fe
12889,"No tiene obra social, prepaga o plan estatal",2,10612,9815,20427,Santa Fe
12890,"No tiene obra social, prepaga o plan estatal",3,10257,9848,20105,Santa Fe
12891,"No tiene obra social, prepaga o plan estatal",4,10197,9230,19427,Santa Fe
12892,"No tiene obra social, prepaga o plan estatal",5,10059,9834,19893,Santa Fe
12893,"No tiene obra social, prepaga o plan estatal",6,10765,10493,21258,Santa Fe
12894,"No tiene obra social, prepaga o plan estatal",7,11391,10673,22064,Santa Fe
12895,"No tiene obra social, prepaga o plan estatal",8,10821,10213,21034,Santa Fe
12896,"No tiene obra social, prepaga o plan estatal",9,10854,10268,21122,Santa Fe
12897,"No tiene obra social, prepaga o plan estatal",10,11371,11187,22558,Santa Fe
12898,"No tiene obra social, prepaga o plan estatal",11,11030,10909,21939,Santa Fe
12899,"No tiene obra social, prepaga o plan estatal",12,11032,10762,21794,Santa Fe
12900,"No tiene obra social, prepaga o plan estatal",13,10955,10524,21479,Santa Fe
12901,"No tiene obra social, prepaga o plan estatal",14,11855,11645,23500,Santa Fe
12902,"No tiene obra social, prepaga o plan estatal",15,11511,11836,23347,Santa Fe
12903,"No tiene obra social, prepaga o plan estatal",16,11519,11298,22817,Santa Fe
12904,"No tiene obra social, prepaga o plan estatal",17,11409,11150,22559,Santa Fe
12905,"No tiene obra social, prepaga o plan estatal",18,11730,11823,23553,Santa Fe
12906,"No tiene obra social, prepaga o plan estatal",19,12411,12227,24638,Santa Fe
12907,"No tiene obra social, prepaga o plan estatal",20,11597,11482,23079,Santa Fe
12908,"No tiene obra social, prepaga o plan estatal",21,12126,12438,24564,Santa Fe
12909,"No tiene obra social, prepaga o plan estatal",22,11599,11855,23454,Santa Fe
12910,"No tiene obra social, prepaga o plan estatal",23,10856,11276,22132,Santa Fe
12911,"No tiene obra social, prepaga o plan estatal",24,10786,10745,21531,Santa Fe
12912,"No tiene obra social, prepaga o plan estatal",25,10163,10540,20703,Santa Fe
12913,"No tiene obra social, prepaga o plan estatal",26,9273,9910,19183,Santa Fe
12914,"No tiene obra social, prepaga o plan estatal",27,9026,9115,18141,Santa Fe
12915,"No tiene obra social, prepaga o plan estatal",28,9465,9331,18796,Santa Fe
12916,"No tiene obra social, prepaga o plan estatal",29,8719,9135,17854,Santa Fe
12917,"No tiene obra social, prepaga o plan estatal",30,8995,9136,18131,Santa Fe
12918,"No tiene obra social, prepaga o plan estatal",31,8429,8705,17134,Santa Fe
12919,"No tiene obra social, prepaga o plan estatal",32,8251,8069,16320,Santa Fe
12920,"No tiene obra social, prepaga o plan estatal",33,7819,7973,15792,Santa Fe
12921,"No tiene obra social, prepaga o plan estatal",34,6993,6749,13742,Santa Fe
12922,"No tiene obra social, prepaga o plan estatal",35,6903,6591,13494,Santa Fe
12923,"No tiene obra social, prepaga o plan estatal",36,6235,6250,12485,Santa Fe
12924,"No tiene obra social, prepaga o plan estatal",37,6353,6273,12626,Santa Fe
12925,"No tiene obra social, prepaga o plan estatal",38,5935,6121,12056,Santa Fe
12926,"No tiene obra social, prepaga o plan estatal",39,5829,6229,12058,Santa Fe
12927,"No tiene obra social, prepaga o plan estatal",40,6087,5813,11900,Santa Fe
12928,"No tiene obra social, prepaga o plan estatal",41,5306,5234,10540,Santa Fe
12929,"No tiene obra social, prepaga o plan estatal",42,5406,5332,10738,Santa Fe
12930,"No tiene obra social, prepaga o plan estatal",43,5101,5529,10630,Santa Fe
12931,"No tiene obra social, prepaga o plan estatal",44,5151,5080,10231,Santa Fe
12932,"No tiene obra social, prepaga o plan estatal",45,5408,5184,10592,Santa Fe
12933,"No tiene obra social, prepaga o plan estatal",46,5415,5089,10504,Santa Fe
12934,"No tiene obra social, prepaga o plan estatal",47,5088,4962,10050,Santa Fe
12935,"No tiene obra social, prepaga o plan estatal",48,4925,4920,9845,Santa Fe
12936,"No tiene obra social, prepaga o plan estatal",49,4978,4741,9719,Santa Fe
12937,"No tiene obra social, prepaga o plan estatal",50,4991,4971,9962,Santa Fe
12938,"No tiene obra social, prepaga o plan estatal",51,4967,4619,9586,Santa Fe
12939,"No tiene obra social, prepaga o plan estatal",52,4680,4175,8855,Santa Fe
12940,"No tiene obra social, prepaga o plan estatal",53,4672,4468,9140,Santa Fe
12941,"No tiene obra social, prepaga o plan estatal",54,4501,4050,8551,Santa Fe
12942,"No tiene obra social, prepaga o plan estatal",55,4612,3933,8545,Santa Fe
12943,"No tiene obra social, prepaga o plan estatal",56,4601,3898,8499,Santa Fe
12944,"No tiene obra social, prepaga o plan estatal",57,4335,3549,7884,Santa Fe
12945,"No tiene obra social, prepaga o plan estatal",58,4308,3644,7952,Santa Fe
12946,"No tiene obra social, prepaga o plan estatal",59,4138,3276,7414,Santa Fe
12947,"No tiene obra social, prepaga o plan estatal",60,3663,2847,6510,Santa Fe
12948,"No tiene obra social, prepaga o plan estatal",61,3207,1554,4761,Santa Fe
12949,"No tiene obra social, prepaga o plan estatal",62,3395,1173,4568,Santa Fe
12950,"No tiene obra social, prepaga o plan estatal",63,2948,714,3662,Santa Fe
12951,"No tiene obra social, prepaga o plan estatal",64,2540,481,3021,Santa Fe
12952,"No tiene obra social, prepaga o plan estatal",65,1733,423,2156,Santa Fe
12953,"No tiene obra social, prepaga o plan estatal",66,750,311,1061,Santa Fe
12954,"No tiene obra social, prepaga o plan estatal",67,522,300,822,Santa Fe
12955,"No tiene obra social, prepaga o plan estatal",68,433,346,779,Santa Fe
12956,"No tiene obra social, prepaga o plan estatal",69,340,279,619,Santa Fe
12957,"No tiene obra social, prepaga o plan estatal",70,410,275,685,Santa Fe
12958,"No tiene obra social, prepaga o plan estatal",71,171,200,371,Santa Fe
12959,"No tiene obra social, prepaga o plan estatal",72,149,180,329,Santa Fe
12960,"No tiene obra social, prepaga o plan estatal",73,164,153,317,Santa Fe
12961,"No tiene obra social, prepaga o plan estatal",74,178,186,364,Santa Fe
12962,"No tiene obra social, prepaga o plan estatal",75,212,213,425,Santa Fe
12963,"No tiene obra social, prepaga o plan estatal",76,134,114,248,Santa Fe
12964,"No tiene obra social, prepaga o plan estatal",77,123,128,251,Santa Fe
12965,"No tiene obra social, prepaga o plan estatal",78,124,181,305,Santa Fe
12966,"No tiene obra social, prepaga o plan estatal",79,103,119,222,Santa Fe
12967,"No tiene obra social, prepaga o plan estatal",80,89,195,284,Santa Fe
12968,"No tiene obra social, prepaga o plan estatal",81,59,124,183,Santa Fe
12969,"No tiene obra social, prepaga o plan estatal",82,80,87,167,Santa Fe
12970,"No tiene obra social, prepaga o plan estatal",83,58,104,162,Santa Fe
12971,"No tiene obra social, prepaga o plan estatal",84,49,94,143,Santa Fe
12972,"No tiene obra social, prepaga o plan estatal",85,33,61,94,Santa Fe
12973,"No tiene obra social, prepaga o plan estatal",86,28,56,84,Santa Fe
12974,"No tiene obra social, prepaga o plan estatal",87,33,44,77,Santa Fe
12975,"No tiene obra social, prepaga o plan estatal",88,16,56,72,Santa Fe
12976,"No tiene obra social, prepaga o plan estatal",89,18,46,64,Santa Fe
12977,"No tiene obra social, prepaga o plan estatal",90,14,64,78,Santa Fe
12978,"No tiene obra social, prepaga o plan estatal",91,14,17,31,Santa Fe
12979,"No tiene obra social, prepaga o plan estatal",92,9,24,33,Santa Fe
12980,"No tiene obra social, prepaga o plan estatal",93,15,40,55,Santa Fe
12981,"No tiene obra social, prepaga o plan estatal",94,5,6,11,Santa Fe
12982,"No tiene obra social, prepaga o plan estatal",95,-,7,7,Santa Fe
12983,"No tiene obra social, prepaga o plan estatal",96,2,8,10,Santa Fe
12984,"No tiene obra social, prepaga o plan estatal",97,2,2,4,Santa Fe
12985,"No tiene obra social, prepaga o plan estatal",98,3,3,6,Santa Fe
12986,"No tiene obra social, prepaga o plan estatal",99,2,12,14,Santa Fe
12987,"No tiene obra social, prepaga o plan estatal",100,-,11,11,Santa Fe
12988,"No tiene obra social, prepaga o plan estatal",101,-,1,1,Santa Fe
12989,"No tiene obra social, prepaga o plan estatal",103,1,-,1,Santa Fe
12990,"No tiene obra social, prepaga o plan estatal",107,-,1,1,Santa Fe
12991,"No tiene obra social, prepaga o plan estatal",108,1,-,1,Santa Fe
12992,"No tiene obra social, prepaga o plan estatal",109,1,1,2,Santa Fe
12993,"No tiene obra social, prepaga o plan estatal",110,1,1,2,Santa Fe
13109,AREA # 86,Santiago del Estero,,,,Santiago del Estero
13110,AREA # 86,,,,,Santiago del Estero
13111,Cobertura de salud,Edad,Sexo,,,Santiago del Estero
13112,Obra social (incluye PAMI),,Varón,Mujer,Total,Santiago del Estero
13113,Obra social (incluye PAMI),0,1702,1535,3237,Santiago del Estero
13114,Obra social (incluye PAMI),1,1619,1654,3273,Santiago del Estero
13115,Obra social (incluye PAMI),2,1900,1768,3668,Santiago del Estero
13116,Obra social (incluye PAMI),3,1758,1794,3552,Santiago del Estero
13117,Obra social (incluye PAMI),4,1867,2018,3885,Santiago del Estero
13118,Obra social (incluye PAMI),5,2189,2261,4450,Santiago del Estero
13119,Obra social (incluye PAMI),6,2293,2072,4365,Santiago del Estero
13120,Obra social (incluye PAMI),7,2193,2222,4415,Santiago del Estero
13121,Obra social (incluye PAMI),8,2433,2453,4886,Santiago del Estero
13122,Obra social (incluye PAMI),9,2445,2548,4993,Santiago del Estero
13123,Obra social (incluye PAMI),10,2742,2603,5345,Santiago del Estero
13124,Obra social (incluye PAMI),11,2737,2668,5405,Santiago del Estero
13125,Obra social (incluye PAMI),12,2799,2880,5679,Santiago del Estero
13126,Obra social (incluye PAMI),13,2829,2953,5782,Santiago del Estero
13127,Obra social (incluye PAMI),14,3026,3014,6040,Santiago del Estero
13128,Obra social (incluye PAMI),15,2898,2906,5804,Santiago del Estero
13129,Obra social (incluye PAMI),16,2997,2941,5938,Santiago del Estero
13130,Obra social (incluye PAMI),17,2828,2742,5570,Santiago del Estero
13131,Obra social (incluye PAMI),18,2384,2393,4777,Santiago del Estero
13132,Obra social (incluye PAMI),19,1879,2456,4335,Santiago del Estero
13133,Obra social (incluye PAMI),20,1648,2110,3758,Santiago del Estero
13134,Obra social (incluye PAMI),21,1223,1400,2623,Santiago del Estero
13135,Obra social (incluye PAMI),22,1320,1370,2690,Santiago del Estero
13136,Obra social (incluye PAMI),23,1159,1363,2522,Santiago del Estero
13137,Obra social (incluye PAMI),24,1273,1397,2670,Santiago del Estero
13138,Obra social (incluye PAMI),25,1098,1215,2313,Santiago del Estero
13139,Obra social (incluye PAMI),26,1290,1120,2410,Santiago del Estero
13140,Obra social (incluye PAMI),27,1231,1327,2558,Santiago del Estero
13141,Obra social (incluye PAMI),28,1559,1531,3090,Santiago del Estero
13142,Obra social (incluye PAMI),29,1494,1603,3097,Santiago del Estero
13143,Obra social (incluye PAMI),30,1752,1882,3634,Santiago del Estero
13144,Obra social (incluye PAMI),31,1798,1881,3679,Santiago del Estero
13145,Obra social (incluye PAMI),32,1664,1914,3578,Santiago del Estero
13146,Obra social (incluye PAMI),33,1755,1938,3693,Santiago del Estero
13147,Obra social (incluye PAMI),34,1794,1751,3545,Santiago del Estero
13148,Obra social (incluye PAMI),35,1715,1775,3490,Santiago del Estero
13149,Obra social (incluye PAMI),36,1599,1792,3391,Santiago del Estero
13150,Obra social (incluye PAMI),37,1566,1786,3352,Santiago del Estero
13151,Obra social (incluye PAMI),38,1530,1730,3260,Santiago del Estero
13152,Obra social (incluye PAMI),39,1511,1846,3357,Santiago del Estero
13153,Obra social (incluye PAMI),40,1343,1740,3083,Santiago del Estero
13154,Obra social (incluye PAMI),41,1332,1584,2916,Santiago del Estero
13155,Obra social (incluye PAMI),42,1384,1719,3103,Santiago del Estero
13156,Obra social (incluye PAMI),43,1282,1674,2956,Santiago del Estero
13157,Obra social (incluye PAMI),44,1402,1654,3056,Santiago del Estero
13158,Obra social (incluye PAMI),45,1444,1557,3001,Santiago del Estero
13159,Obra social (incluye PAMI),46,1398,1809,3207,Santiago del Estero
13160,Obra social (incluye PAMI),47,1563,1752,3315,Santiago del Estero
13161,Obra social (incluye PAMI),48,1548,1486,3034,Santiago del Estero
13162,Obra social (incluye PAMI),49,1468,1737,3205,Santiago del Estero
13163,Obra social (incluye PAMI),50,1425,1874,3299,Santiago del Estero
13164,Obra social (incluye PAMI),51,1457,1762,3219,Santiago del Estero
13165,Obra social (incluye PAMI),52,1460,1809,3269,Santiago del Estero
13166,Obra social (incluye PAMI),53,1421,1854,3275,Santiago del Estero
13167,Obra social (incluye PAMI),54,1403,1780,3183,Santiago del Estero
13168,Obra social (incluye PAMI),55,1425,1591,3016,Santiago del Estero
13169,Obra social (incluye PAMI),56,1226,1805,3031,Santiago del Estero
13170,Obra social (incluye PAMI),57,1260,1685,2945,Santiago del Estero
13171,Obra social (incluye PAMI),58,1373,1700,3073,Santiago del Estero
13172,Obra social (incluye PAMI),59,1341,1634,2975,Santiago del Estero
13173,Obra social (incluye PAMI),60,1271,1870,3141,Santiago del Estero
13174,Obra social (incluye PAMI),61,1241,1927,3168,Santiago del Estero
13175,Obra social (incluye PAMI),62,1109,2431,3540,Santiago del Estero
13176,Obra social (incluye PAMI),63,1055,2170,3225,Santiago del Estero
13177,Obra social (incluye PAMI),64,1135,2181,3316,Santiago del Estero
13178,Obra social (incluye PAMI),65,1287,2243,3530,Santiago del Estero
13179,Obra social (incluye PAMI),66,1696,2038,3734,Santiago del Estero
13180,Obra social (incluye PAMI),67,1669,2061,3730,Santiago del Estero
13181,Obra social (incluye PAMI),68,1650,1811,3461,Santiago del Estero
13182,Obra social (incluye PAMI),69,1542,1845,3387,Santiago del Estero
13183,Obra social (incluye PAMI),70,1775,2155,3930,Santiago del Estero
13184,Obra social (incluye PAMI),71,1533,1662,3195,Santiago del Estero
13185,Obra social (incluye PAMI),72,1436,1608,3044,Santiago del Estero
13186,Obra social (incluye PAMI),73,1232,1493,2725,Santiago del Estero
13187,Obra social (incluye PAMI),74,1264,1434,2698,Santiago del Estero
13188,Obra social (incluye PAMI),75,1049,1372,2421,Santiago del Estero
13189,Obra social (incluye PAMI),76,924,1258,2182,Santiago del Estero
13190,Obra social (incluye PAMI),77,817,1051,1868,Santiago del Estero
13191,Obra social (incluye PAMI),78,912,1363,2275,Santiago del Estero
13192,Obra social (incluye PAMI),79,812,1097,1909,Santiago del Estero
13193,Obra social (incluye PAMI),80,860,1213,2073,Santiago del Estero
13194,Obra social (incluye PAMI),81,655,942,1597,Santiago del Estero
13195,Obra social (incluye PAMI),82,611,951,1562,Santiago del Estero
13196,Obra social (incluye PAMI),83,465,829,1294,Santiago del Estero
13197,Obra social (incluye PAMI),84,404,646,1050,Santiago del Estero
13198,Obra social (incluye PAMI),85,297,653,950,Santiago del Estero
13199,Obra social (incluye PAMI),86,321,625,946,Santiago del Estero
13200,Obra social (incluye PAMI),87,213,447,660,Santiago del Estero
13201,Obra social (incluye PAMI),88,205,373,578,Santiago del Estero
13202,Obra social (incluye PAMI),89,202,339,541,Santiago del Estero
13203,Obra social (incluye PAMI),90,123,387,510,Santiago del Estero
13204,Obra social (incluye PAMI),91,73,189,262,Santiago del Estero
13205,Obra social (incluye PAMI),92,72,188,260,Santiago del Estero
13206,Obra social (incluye PAMI),93,63,132,195,Santiago del Estero
13207,Obra social (incluye PAMI),94,48,132,180,Santiago del Estero
13208,Obra social (incluye PAMI),95,28,90,118,Santiago del Estero
13209,Obra social (incluye PAMI),96,23,47,70,Santiago del Estero
13210,Obra social (incluye PAMI),97,10,27,37,Santiago del Estero
13211,Obra social (incluye PAMI),98,3,23,26,Santiago del Estero
13212,Obra social (incluye PAMI),99,2,16,18,Santiago del Estero
13213,Obra social (incluye PAMI),100,13,8,21,Santiago del Estero
13214,Obra social (incluye PAMI),101,1,24,25,Santiago del Estero
13215,Obra social (incluye PAMI),102,1,3,4,Santiago del Estero
13216,Obra social (incluye PAMI),103,2,1,3,Santiago del Estero
13217,Obra social (incluye PAMI),104,3,1,4,Santiago del Estero
13218,Obra social (incluye PAMI),105,1,2,3,Santiago del Estero
13219,Obra social (incluye PAMI),106,1,-,1,Santiago del Estero
13220,Obra social (incluye PAMI),107,1,-,1,Santiago del Estero
13221,Obra social (incluye PAMI),108,-,1,1,Santiago del Estero
13222,Obra social (incluye PAMI),109,-,1,1,Santiago del Estero
13223,Obra social (incluye PAMI),110,-,2,2,Santiago del Estero
13225,Prepaga a través de obra social,,Varón,Mujer,Total,Santiago del Estero
13226,Prepaga a través de obra social,0,361,430,791,Santiago del Estero
13227,Prepaga a través de obra social,1,400,422,822,Santiago del Estero
13228,Prepaga a través de obra social,2,518,389,907,Santiago del Estero
13229,Prepaga a través de obra social,3,407,397,804,Santiago del Estero
13230,Prepaga a través de obra social,4,374,400,774,Santiago del Estero
13231,Prepaga a través de obra social,5,593,499,1092,Santiago del Estero
13232,Prepaga a través de obra social,6,517,452,969,Santiago del Estero
13233,Prepaga a través de obra social,7,476,483,959,Santiago del Estero
13234,Prepaga a través de obra social,8,440,600,1040,Santiago del Estero
13235,Prepaga a través de obra social,9,498,572,1070,Santiago del Estero
13236,Prepaga a través de obra social,10,512,495,1007,Santiago del Estero
13237,Prepaga a través de obra social,11,487,598,1085,Santiago del Estero
13238,Prepaga a través de obra social,12,555,580,1135,Santiago del Estero
13239,Prepaga a través de obra social,13,560,591,1151,Santiago del Estero
13240,Prepaga a través de obra social,14,526,605,1131,Santiago del Estero
13241,Prepaga a través de obra social,15,567,585,1152,Santiago del Estero
13242,Prepaga a través de obra social,16,505,573,1078,Santiago del Estero
13243,Prepaga a través de obra social,17,554,548,1102,Santiago del Estero
13244,Prepaga a través de obra social,18,426,384,810,Santiago del Estero
13245,Prepaga a través de obra social,19,340,447,787,Santiago del Estero
13246,Prepaga a través de obra social,20,359,445,804,Santiago del Estero
13247,Prepaga a través de obra social,21,308,274,582,Santiago del Estero
13248,Prepaga a través de obra social,22,250,240,490,Santiago del Estero
13249,Prepaga a través de obra social,23,343,220,563,Santiago del Estero
13250,Prepaga a través de obra social,24,320,362,682,Santiago del Estero
13251,Prepaga a través de obra social,25,313,259,572,Santiago del Estero
13252,Prepaga a través de obra social,26,322,386,708,Santiago del Estero
13253,Prepaga a través de obra social,27,348,338,686,Santiago del Estero
13254,Prepaga a través de obra social,28,382,331,713,Santiago del Estero
13255,Prepaga a través de obra social,29,500,327,827,Santiago del Estero
13256,Prepaga a través de obra social,30,486,425,911,Santiago del Estero
13257,Prepaga a través de obra social,31,562,475,1037,Santiago del Estero
13258,Prepaga a través de obra social,32,502,435,937,Santiago del Estero
13259,Prepaga a través de obra social,33,419,398,817,Santiago del Estero
13260,Prepaga a través de obra social,34,469,404,873,Santiago del Estero
13261,Prepaga a través de obra social,35,403,358,761,Santiago del Estero
13262,Prepaga a través de obra social,36,382,402,784,Santiago del Estero
13263,Prepaga a través de obra social,37,361,421,782,Santiago del Estero
13264,Prepaga a través de obra social,38,463,320,783,Santiago del Estero
13265,Prepaga a través de obra social,39,320,306,626,Santiago del Estero
13266,Prepaga a través de obra social,40,371,318,689,Santiago del Estero
13267,Prepaga a través de obra social,41,390,298,688,Santiago del Estero
13268,Prepaga a través de obra social,42,318,289,607,Santiago del Estero
13269,Prepaga a través de obra social,43,290,331,621,Santiago del Estero
13270,Prepaga a través de obra social,44,292,307,599,Santiago del Estero
13271,Prepaga a través de obra social,45,168,224,392,Santiago del Estero
13272,Prepaga a través de obra social,46,352,307,659,Santiago del Estero
13273,Prepaga a través de obra social,47,305,252,557,Santiago del Estero
13274,Prepaga a través de obra social,48,344,339,683,Santiago del Estero
13275,Prepaga a través de obra social,49,264,223,487,Santiago del Estero
13276,Prepaga a través de obra social,50,269,347,616,Santiago del Estero
13277,Prepaga a través de obra social,51,224,292,516,Santiago del Estero
13278,Prepaga a través de obra social,52,283,295,578,Santiago del Estero
13279,Prepaga a través de obra social,53,228,350,578,Santiago del Estero
13280,Prepaga a través de obra social,54,264,318,582,Santiago del Estero
13281,Prepaga a través de obra social,55,284,265,549,Santiago del Estero
13282,Prepaga a través de obra social,56,352,298,650,Santiago del Estero
13283,Prepaga a través de obra social,57,270,270,540,Santiago del Estero
13284,Prepaga a través de obra social,58,283,254,537,Santiago del Estero
13285,Prepaga a través de obra social,59,255,242,497,Santiago del Estero
13286,Prepaga a través de obra social,60,225,216,441,Santiago del Estero
13287,Prepaga a través de obra social,61,204,114,318,Santiago del Estero
13288,Prepaga a través de obra social,62,141,135,276,Santiago del Estero
13289,Prepaga a través de obra social,63,169,101,270,Santiago del Estero
13290,Prepaga a través de obra social,64,138,103,241,Santiago del Estero
13291,Prepaga a través de obra social,65,107,53,160,Santiago del Estero
13292,Prepaga a través de obra social,66,52,57,109,Santiago del Estero
13293,Prepaga a través de obra social,67,56,70,126,Santiago del Estero
13294,Prepaga a través de obra social,68,94,45,139,Santiago del Estero
13295,Prepaga a través de obra social,69,59,32,91,Santiago del Estero
13296,Prepaga a través de obra social,70,66,71,137,Santiago del Estero
13297,Prepaga a través de obra social,71,45,64,109,Santiago del Estero
13298,Prepaga a través de obra social,72,38,62,100,Santiago del Estero
13299,Prepaga a través de obra social,73,35,76,111,Santiago del Estero
13300,Prepaga a través de obra social,74,65,74,139,Santiago del Estero
13301,Prepaga a través de obra social,75,51,57,108,Santiago del Estero
13302,Prepaga a través de obra social,76,43,42,85,Santiago del Estero
13303,Prepaga a través de obra social,77,32,36,68,Santiago del Estero
13304,Prepaga a través de obra social,78,36,35,71,Santiago del Estero
13305,Prepaga a través de obra social,79,10,44,54,Santiago del Estero
13306,Prepaga a través de obra social,80,14,40,54,Santiago del Estero
13307,Prepaga a través de obra social,81,19,52,71,Santiago del Estero
13308,Prepaga a través de obra social,82,9,31,40,Santiago del Estero
13309,Prepaga a través de obra social,83,6,35,41,Santiago del Estero
13310,Prepaga a través de obra social,84,6,15,21,Santiago del Estero
13311,Prepaga a través de obra social,85,2,15,17,Santiago del Estero
13312,Prepaga a través de obra social,86,4,28,32,Santiago del Estero
13313,Prepaga a través de obra social,87,2,7,9,Santiago del Estero
13314,Prepaga a través de obra social,88,7,5,12,Santiago del Estero
13315,Prepaga a través de obra social,89,1,4,5,Santiago del Estero
13316,Prepaga a través de obra social,90,3,9,12,Santiago del Estero
13317,Prepaga a través de obra social,91,9,6,15,Santiago del Estero
13318,Prepaga a través de obra social,92,10,13,23,Santiago del Estero
13319,Prepaga a través de obra social,93,1,12,13,Santiago del Estero
13320,Prepaga a través de obra social,94,2,2,4,Santiago del Estero
13321,Prepaga a través de obra social,95,-,1,1,Santiago del Estero
13322,Prepaga a través de obra social,96,-,1,1,Santiago del Estero
13323,Prepaga a través de obra social,98,-,3,3,Santiago del Estero
13324,Prepaga a través de obra social,99,1,-,1,Santiago del Estero
13325,Prepaga a través de obra social,107,1,-,1,Santiago del Estero
13327,Prepaga sólo por contratación voluntaria,,Varón,Mujer,Total,Santiago del Estero
13328,Prepaga sólo por contratación voluntaria,0,173,224,397,Santiago del Estero
13329,Prepaga sólo por contratación voluntaria,1,194,196,390,Santiago del Estero
13330,Prepaga sólo por contratación voluntaria,2,110,179,289,Santiago del Estero
13331,Prepaga sólo por contratación voluntaria,3,205,147,352,Santiago del Estero
13332,Prepaga sólo por contratación voluntaria,4,197,174,371,Santiago del Estero
13333,Prepaga sólo por contratación voluntaria,5,276,150,426,Santiago del Estero
13334,Prepaga sólo por contratación voluntaria,6,141,118,259,Santiago del Estero
13335,Prepaga sólo por contratación voluntaria,7,216,184,400,Santiago del Estero
13336,Prepaga sólo por contratación voluntaria,8,192,158,350,Santiago del Estero
13337,Prepaga sólo por contratación voluntaria,9,147,234,381,Santiago del Estero
13338,Prepaga sólo por contratación voluntaria,10,299,125,424,Santiago del Estero
13339,Prepaga sólo por contratación voluntaria,11,223,258,481,Santiago del Estero
13340,Prepaga sólo por contratación voluntaria,12,165,252,417,Santiago del Estero
13341,Prepaga sólo por contratación voluntaria,13,197,190,387,Santiago del Estero
13342,Prepaga sólo por contratación voluntaria,14,212,196,408,Santiago del Estero
13343,Prepaga sólo por contratación voluntaria,15,149,195,344,Santiago del Estero
13344,Prepaga sólo por contratación voluntaria,16,149,158,307,Santiago del Estero
13345,Prepaga sólo por contratación voluntaria,17,199,213,412,Santiago del Estero
13346,Prepaga sólo por contratación voluntaria,18,206,192,398,Santiago del Estero
13347,Prepaga sólo por contratación voluntaria,19,135,240,375,Santiago del Estero
13348,Prepaga sólo por contratación voluntaria,20,235,158,393,Santiago del Estero
13349,Prepaga sólo por contratación voluntaria,21,171,186,357,Santiago del Estero
13350,Prepaga sólo por contratación voluntaria,22,141,108,249,Santiago del Estero
13351,Prepaga sólo por contratación voluntaria,23,119,160,279,Santiago del Estero
13352,Prepaga sólo por contratación voluntaria,24,136,243,379,Santiago del Estero
13353,Prepaga sólo por contratación voluntaria,25,170,130,300,Santiago del Estero
13354,Prepaga sólo por contratación voluntaria,26,192,210,402,Santiago del Estero
13355,Prepaga sólo por contratación voluntaria,27,186,270,456,Santiago del Estero
13356,Prepaga sólo por contratación voluntaria,28,186,316,502,Santiago del Estero
13357,Prepaga sólo por contratación voluntaria,29,173,232,405,Santiago del Estero
13358,Prepaga sólo por contratación voluntaria,30,240,175,415,Santiago del Estero
13359,Prepaga sólo por contratación voluntaria,31,255,277,532,Santiago del Estero
13360,Prepaga sólo por contratación voluntaria,32,169,180,349,Santiago del Estero
13361,Prepaga sólo por contratación voluntaria,33,177,260,437,Santiago del Estero
13362,Prepaga sólo por contratación voluntaria,34,194,163,357,Santiago del Estero
13363,Prepaga sólo por contratación voluntaria,35,194,211,405,Santiago del Estero
13364,Prepaga sólo por contratación voluntaria,36,148,141,289,Santiago del Estero
13365,Prepaga sólo por contratación voluntaria,37,161,123,284,Santiago del Estero
13366,Prepaga sólo por contratación voluntaria,38,154,171,325,Santiago del Estero
13367,Prepaga sólo por contratación voluntaria,39,166,210,376,Santiago del Estero
13368,Prepaga sólo por contratación voluntaria,40,103,193,296,Santiago del Estero
13369,Prepaga sólo por contratación voluntaria,41,210,176,386,Santiago del Estero
13370,Prepaga sólo por contratación voluntaria,42,182,171,353,Santiago del Estero
13371,Prepaga sólo por contratación voluntaria,43,114,113,227,Santiago del Estero
13372,Prepaga sólo por contratación voluntaria,44,98,103,201,Santiago del Estero
13373,Prepaga sólo por contratación voluntaria,45,130,131,261,Santiago del Estero
13374,Prepaga sólo por contratación voluntaria,46,78,123,201,Santiago del Estero
13375,Prepaga sólo por contratación voluntaria,47,132,93,225,Santiago del Estero
13376,Prepaga sólo por contratación voluntaria,48,87,62,149,Santiago del Estero
13377,Prepaga sólo por contratación voluntaria,49,91,113,204,Santiago del Estero
13378,Prepaga sólo por contratación voluntaria,50,102,83,185,Santiago del Estero
13379,Prepaga sólo por contratación voluntaria,51,97,82,179,Santiago del Estero
13380,Prepaga sólo por contratación voluntaria,52,115,126,241,Santiago del Estero
13381,Prepaga sólo por contratación voluntaria,53,91,161,252,Santiago del Estero
13382,Prepaga sólo por contratación voluntaria,54,74,87,161,Santiago del Estero
13383,Prepaga sólo por contratación voluntaria,55,86,92,178,Santiago del Estero
13384,Prepaga sólo por contratación voluntaria,56,84,125,209,Santiago del Estero
13385,Prepaga sólo por contratación voluntaria,57,112,76,188,Santiago del Estero
13386,Prepaga sólo por contratación voluntaria,58,65,110,175,Santiago del Estero
13387,Prepaga sólo por contratación voluntaria,59,50,113,163,Santiago del Estero
13388,Prepaga sólo por contratación voluntaria,60,65,62,127,Santiago del Estero
13389,Prepaga sólo por contratación voluntaria,61,50,31,81,Santiago del Estero
13390,Prepaga sólo por contratación voluntaria,62,78,51,129,Santiago del Estero
13391,Prepaga sólo por contratación voluntaria,63,66,31,97,Santiago del Estero
13392,Prepaga sólo por contratación voluntaria,64,26,13,39,Santiago del Estero
13393,Prepaga sólo por contratación voluntaria,65,57,7,64,Santiago del Estero
13394,Prepaga sólo por contratación voluntaria,66,30,18,48,Santiago del Estero
13395,Prepaga sólo por contratación voluntaria,67,12,6,18,Santiago del Estero
13396,Prepaga sólo por contratación voluntaria,68,10,16,26,Santiago del Estero
13397,Prepaga sólo por contratación voluntaria,69,4,7,11,Santiago del Estero
13398,Prepaga sólo por contratación voluntaria,70,17,20,37,Santiago del Estero
13399,Prepaga sólo por contratación voluntaria,71,7,18,25,Santiago del Estero
13400,Prepaga sólo por contratación voluntaria,72,18,13,31,Santiago del Estero
13401,Prepaga sólo por contratación voluntaria,73,4,4,8,Santiago del Estero
13402,Prepaga sólo por contratación voluntaria,74,17,7,24,Santiago del Estero
13403,Prepaga sólo por contratación voluntaria,75,9,16,25,Santiago del Estero
13404,Prepaga sólo por contratación voluntaria,76,3,6,9,Santiago del Estero
13405,Prepaga sólo por contratación voluntaria,77,3,4,7,Santiago del Estero
13406,Prepaga sólo por contratación voluntaria,78,-,4,4,Santiago del Estero
13407,Prepaga sólo por contratación voluntaria,79,1,12,13,Santiago del Estero
13408,Prepaga sólo por contratación voluntaria,80,1,3,4,Santiago del Estero
13409,Prepaga sólo por contratación voluntaria,81,3,2,5,Santiago del Estero
13410,Prepaga sólo por contratación voluntaria,82,1,12,13,Santiago del Estero
13411,Prepaga sólo por contratación voluntaria,83,2,3,5,Santiago del Estero
13412,Prepaga sólo por contratación voluntaria,84,3,-,3,Santiago del Estero
13413,Prepaga sólo por contratación voluntaria,85,2,-,2,Santiago del Estero
13414,Prepaga sólo por contratación voluntaria,86,3,4,7,Santiago del Estero
13415,Prepaga sólo por contratación voluntaria,87,2,2,4,Santiago del Estero
13416,Prepaga sólo por contratación voluntaria,88,-,2,2,Santiago del Estero
13417,Prepaga sólo por contratación voluntaria,95,1,-,1,Santiago del Estero
13418,Prepaga sólo por contratación voluntaria,100,-,1,1,Santiago del Estero
13419,Prepaga sólo por contratación voluntaria,110,-,1,1,Santiago del Estero
13421,Programas o planes estatales de salud,,Varón,Mujer,Total,Santiago del Estero
13422,Programas o planes estatales de salud,0,359,404,763,Santiago del Estero
13423,Programas o planes estatales de salud,1,434,469,903,Santiago del Estero
13424,Programas o planes estatales de salud,2,407,391,798,Santiago del Estero
13425,Programas o planes estatales de salud,3,381,305,686,Santiago del Estero
13426,Programas o planes estatales de salud,4,377,388,765,Santiago del Estero
13427,Programas o planes estatales de salud,5,363,344,707,Santiago del Estero
13428,Programas o planes estatales de salud,6,248,227,475,Santiago del Estero
13429,Programas o planes estatales de salud,7,187,185,372,Santiago del Estero
13430,Programas o planes estatales de salud,8,302,211,513,Santiago del Estero
13431,Programas o planes estatales de salud,9,259,184,443,Santiago del Estero
13432,Programas o planes estatales de salud,10,259,277,536,Santiago del Estero
13433,Programas o planes estatales de salud,11,200,241,441,Santiago del Estero
13434,Programas o planes estatales de salud,12,227,235,462,Santiago del Estero
13435,Programas o planes estatales de salud,13,235,253,488,Santiago del Estero
13436,Programas o planes estatales de salud,14,240,271,511,Santiago del Estero
13437,Programas o planes estatales de salud,15,265,247,512,Santiago del Estero
13438,Programas o planes estatales de salud,16,229,243,472,Santiago del Estero
13439,Programas o planes estatales de salud,17,173,186,359,Santiago del Estero
13440,Programas o planes estatales de salud,18,135,139,274,Santiago del Estero
13441,Programas o planes estatales de salud,19,97,119,216,Santiago del Estero
13442,Programas o planes estatales de salud,20,72,110,182,Santiago del Estero
13443,Programas o planes estatales de salud,21,60,86,146,Santiago del Estero
13444,Programas o planes estatales de salud,22,48,70,118,Santiago del Estero
13445,Programas o planes estatales de salud,23,47,62,109,Santiago del Estero
13446,Programas o planes estatales de salud,24,57,74,131,Santiago del Estero
13447,Programas o planes estatales de salud,25,62,71,133,Santiago del Estero
13448,Programas o planes estatales de salud,26,98,60,158,Santiago del Estero
13449,Programas o planes estatales de salud,27,85,66,151,Santiago del Estero
13450,Programas o planes estatales de salud,28,46,68,114,Santiago del Estero
13451,Programas o planes estatales de salud,29,59,99,158,Santiago del Estero
13452,Programas o planes estatales de salud,30,102,140,242,Santiago del Estero
13453,Programas o planes estatales de salud,31,52,100,152,Santiago del Estero
13454,Programas o planes estatales de salud,32,63,157,220,Santiago del Estero
13455,Programas o planes estatales de salud,33,43,88,131,Santiago del Estero
13456,Programas o planes estatales de salud,34,75,123,198,Santiago del Estero
13457,Programas o planes estatales de salud,35,53,93,146,Santiago del Estero
13458,Programas o planes estatales de salud,36,114,152,266,Santiago del Estero
13459,Programas o planes estatales de salud,37,73,122,195,Santiago del Estero
13460,Programas o planes estatales de salud,38,82,122,204,Santiago del Estero
13461,Programas o planes estatales de salud,39,55,147,202,Santiago del Estero
13462,Programas o planes estatales de salud,40,67,172,239,Santiago del Estero
13463,Programas o planes estatales de salud,41,69,138,207,Santiago del Estero
13464,Programas o planes estatales de salud,42,52,155,207,Santiago del Estero
13465,Programas o planes estatales de salud,43,85,188,273,Santiago del Estero
13466,Programas o planes estatales de salud,44,60,117,177,Santiago del Estero
13467,Programas o planes estatales de salud,45,72,179,251,Santiago del Estero
13468,Programas o planes estatales de salud,46,70,166,236,Santiago del Estero
13469,Programas o planes estatales de salud,47,81,193,274,Santiago del Estero
13470,Programas o planes estatales de salud,48,65,145,210,Santiago del Estero
13471,Programas o planes estatales de salud,49,104,166,270,Santiago del Estero
13472,Programas o planes estatales de salud,50,115,202,317,Santiago del Estero
13473,Programas o planes estatales de salud,51,58,190,248,Santiago del Estero
13474,Programas o planes estatales de salud,52,85,208,293,Santiago del Estero
13475,Programas o planes estatales de salud,53,84,240,324,Santiago del Estero
13476,Programas o planes estatales de salud,54,141,188,329,Santiago del Estero
13477,Programas o planes estatales de salud,55,76,206,282,Santiago del Estero
13478,Programas o planes estatales de salud,56,83,246,329,Santiago del Estero
13479,Programas o planes estatales de salud,57,83,189,272,Santiago del Estero
13480,Programas o planes estatales de salud,58,122,236,358,Santiago del Estero
13481,Programas o planes estatales de salud,59,114,127,241,Santiago del Estero
13482,Programas o planes estatales de salud,60,151,150,301,Santiago del Estero
13483,Programas o planes estatales de salud,61,100,105,205,Santiago del Estero
13484,Programas o planes estatales de salud,62,96,105,201,Santiago del Estero
13485,Programas o planes estatales de salud,63,68,70,138,Santiago del Estero
13486,Programas o planes estatales de salud,64,64,68,132,Santiago del Estero
13487,Programas o planes estatales de salud,65,59,54,113,Santiago del Estero
13488,Programas o planes estatales de salud,66,56,44,100,Santiago del Estero
13489,Programas o planes estatales de salud,67,48,55,103,Santiago del Estero
13490,Programas o planes estatales de salud,68,41,78,119,Santiago del Estero
13491,Programas o planes estatales de salud,69,21,36,57,Santiago del Estero
13492,Programas o planes estatales de salud,70,19,38,57,Santiago del Estero
13493,Programas o planes estatales de salud,71,43,51,94,Santiago del Estero
13494,Programas o planes estatales de salud,72,10,58,68,Santiago del Estero
13495,Programas o planes estatales de salud,73,24,24,48,Santiago del Estero
13496,Programas o planes estatales de salud,74,7,33,40,Santiago del Estero
13497,Programas o planes estatales de salud,75,26,44,70,Santiago del Estero
13498,Programas o planes estatales de salud,76,17,69,86,Santiago del Estero
13499,Programas o planes estatales de salud,77,17,28,45,Santiago del Estero
13500,Programas o planes estatales de salud,78,11,25,36,Santiago del Estero
13501,Programas o planes estatales de salud,79,18,16,34,Santiago del Estero
13502,Programas o planes estatales de salud,80,17,21,38,Santiago del Estero
13503,Programas o planes estatales de salud,81,12,20,32,Santiago del Estero
13504,Programas o planes estatales de salud,82,29,26,55,Santiago del Estero
13505,Programas o planes estatales de salud,83,12,25,37,Santiago del Estero
13506,Programas o planes estatales de salud,84,7,14,21,Santiago del Estero
13507,Programas o planes estatales de salud,85,9,44,53,Santiago del Estero
13508,Programas o planes estatales de salud,86,4,20,24,Santiago del Estero
13509,Programas o planes estatales de salud,87,8,17,25,Santiago del Estero
13510,Programas o planes estatales de salud,88,7,11,18,Santiago del Estero
13511,Programas o planes estatales de salud,89,3,9,12,Santiago del Estero
13512,Programas o planes estatales de salud,90,11,13,24,Santiago del Estero
13513,Programas o planes estatales de salud,91,2,4,6,Santiago del Estero
13514,Programas o planes estatales de salud,92,2,9,11,Santiago del Estero
13515,Programas o planes estatales de salud,93,2,6,8,Santiago del Estero
13516,Programas o planes estatales de salud,94,-,3,3,Santiago del Estero
13517,Programas o planes estatales de salud,95,1,2,3,Santiago del Estero
13518,Programas o planes estatales de salud,96,-,1,1,Santiago del Estero
13519,Programas o planes estatales de salud,97,1,-,1,Santiago del Estero
13520,Programas o planes estatales de salud,98,-,2,2,Santiago del Estero
13521,Programas o planes estatales de salud,99,-,2,2,Santiago del Estero
13522,Programas o planes estatales de salud,100,1,-,1,Santiago del Estero
13524,"No tiene obra social, prepaga o plan estatal",,Varón,Mujer,Total,Santiago del Estero
13525,"No tiene obra social, prepaga o plan estatal",0,6149,6195,12344,Santiago del Estero
13526,"No tiene obra social, prepaga o plan estatal",1,6297,6266,12563,Santiago del Estero
13527,"No tiene obra social, prepaga o plan estatal",2,5760,5510,11270,Santiago del Estero
13528,"No tiene obra social, prepaga o plan estatal",3,5457,5238,10695,Santiago del Estero
13529,"No tiene obra social, prepaga o plan estatal",4,5459,5304,10763,Santiago del Estero
13530,"No tiene obra social, prepaga o plan estatal",5,5697,5917,11614,Santiago del Estero
13531,"No tiene obra social, prepaga o plan estatal",6,6045,5770,11815,Santiago del Estero
13532,"No tiene obra social, prepaga o plan estatal",7,6002,5917,11919,Santiago del Estero
13533,"No tiene obra social, prepaga o plan estatal",8,6072,5769,11841,Santiago del Estero
13534,"No tiene obra social, prepaga o plan estatal",9,5955,5808,11763,Santiago del Estero
13535,"No tiene obra social, prepaga o plan estatal",10,6739,6184,12923,Santiago del Estero
13536,"No tiene obra social, prepaga o plan estatal",11,6345,6100,12445,Santiago del Estero
13537,"No tiene obra social, prepaga o plan estatal",12,6241,5833,12074,Santiago del Estero
13538,"No tiene obra social, prepaga o plan estatal",13,5920,5519,11439,Santiago del Estero
13539,"No tiene obra social, prepaga o plan estatal",14,6582,6206,12788,Santiago del Estero
13540,"No tiene obra social, prepaga o plan estatal",15,5848,5799,11647,Santiago del Estero
13541,"No tiene obra social, prepaga o plan estatal",16,5417,5393,10810,Santiago del Estero
13542,"No tiene obra social, prepaga o plan estatal",17,5328,5153,10481,Santiago del Estero
13543,"No tiene obra social, prepaga o plan estatal",18,5788,5688,11476,Santiago del Estero
13544,"No tiene obra social, prepaga o plan estatal",19,5876,5338,11214,Santiago del Estero
13545,"No tiene obra social, prepaga o plan estatal",20,5461,4654,10115,Santiago del Estero
13546,"No tiene obra social, prepaga o plan estatal",21,5246,5061,10307,Santiago del Estero
13547,"No tiene obra social, prepaga o plan estatal",22,5339,4814,10153,Santiago del Estero
13548,"No tiene obra social, prepaga o plan estatal",23,4699,4968,9667,Santiago del Estero
13549,"No tiene obra social, prepaga o plan estatal",24,4934,4761,9695,Santiago del Estero
13550,"No tiene obra social, prepaga o plan estatal",25,4520,4929,9449,Santiago del Estero
13551,"No tiene obra social, prepaga o plan estatal",26,4343,4568,8911,Santiago del Estero
13552,"No tiene obra social, prepaga o plan estatal",27,4416,4159,8575,Santiago del Estero
13553,"No tiene obra social, prepaga o plan estatal",28,4506,4941,9447,Santiago del Estero
13554,"No tiene obra social, prepaga o plan estatal",29,4187,4493,8680,Santiago del Estero
13555,"No tiene obra social, prepaga o plan estatal",30,4649,4874,9523,Santiago del Estero
13556,"No tiene obra social, prepaga o plan estatal",31,3802,4026,7828,Santiago del Estero
13557,"No tiene obra social, prepaga o plan estatal",32,3825,3821,7646,Santiago del Estero
13558,"No tiene obra social, prepaga o plan estatal",33,3587,3764,7351,Santiago del Estero
13559,"No tiene obra social, prepaga o plan estatal",34,3413,3565,6978,Santiago del Estero
13560,"No tiene obra social, prepaga o plan estatal",35,3661,3320,6981,Santiago del Estero
13561,"No tiene obra social, prepaga o plan estatal",36,3188,2946,6134,Santiago del Estero
13562,"No tiene obra social, prepaga o plan estatal",37,3001,2865,5866,Santiago del Estero
13563,"No tiene obra social, prepaga o plan estatal",38,2892,2749,5641,Santiago del Estero
13564,"No tiene obra social, prepaga o plan estatal",39,2774,2467,5241,Santiago del Estero
13565,"No tiene obra social, prepaga o plan estatal",40,2968,2405,5373,Santiago del Estero
13566,"No tiene obra social, prepaga o plan estatal",41,2285,2045,4330,Santiago del Estero
13567,"No tiene obra social, prepaga o plan estatal",42,2493,2206,4699,Santiago del Estero
13568,"No tiene obra social, prepaga o plan estatal",43,2498,1964,4462,Santiago del Estero
13569,"No tiene obra social, prepaga o plan estatal",44,2042,1942,3984,Santiago del Estero
13570,"No tiene obra social, prepaga o plan estatal",45,2383,2149,4532,Santiago del Estero
13571,"No tiene obra social, prepaga o plan estatal",46,2170,1929,4099,Santiago del Estero
13572,"No tiene obra social, prepaga o plan estatal",47,1999,1717,3716,Santiago del Estero
13573,"No tiene obra social, prepaga o plan estatal",48,2130,1887,4017,Santiago del Estero
13574,"No tiene obra social, prepaga o plan estatal",49,1979,1717,3696,Santiago del Estero
13575,"No tiene obra social, prepaga o plan estatal",50,2129,1809,3938,Santiago del Estero
13576,"No tiene obra social, prepaga o plan estatal",51,1838,1520,3358,Santiago del Estero
13577,"No tiene obra social, prepaga o plan estatal",52,1815,1403,3218,Santiago del Estero
13578,"No tiene obra social, prepaga o plan estatal",53,1963,1361,3324,Santiago del Estero
13579,"No tiene obra social, prepaga o plan estatal",54,1693,1445,3138,Santiago del Estero
13580,"No tiene obra social, prepaga o plan estatal",55,1941,1375,3316,Santiago del Estero
13581,"No tiene obra social, prepaga o plan estatal",56,1808,1303,3111,Santiago del Estero
13582,"No tiene obra social, prepaga o plan estatal",57,1783,1075,2858,Santiago del Estero
13583,"No tiene obra social, prepaga o plan estatal",58,1677,1088,2765,Santiago del Estero
13584,"No tiene obra social, prepaga o plan estatal",59,1560,1070,2630,Santiago del Estero
13585,"No tiene obra social, prepaga o plan estatal",60,1617,1299,2916,Santiago del Estero
13586,"No tiene obra social, prepaga o plan estatal",61,1257,590,1847,Santiago del Estero
13587,"No tiene obra social, prepaga o plan estatal",62,1198,438,1636,Santiago del Estero
13588,"No tiene obra social, prepaga o plan estatal",63,1142,296,1438,Santiago del Estero
13589,"No tiene obra social, prepaga o plan estatal",64,1067,200,1267,Santiago del Estero
13590,"No tiene obra social, prepaga o plan estatal",65,879,172,1051,Santiago del Estero
13591,"No tiene obra social, prepaga o plan estatal",66,450,211,661,Santiago del Estero
13592,"No tiene obra social, prepaga o plan estatal",67,289,161,450,Santiago del Estero
13593,"No tiene obra social, prepaga o plan estatal",68,201,131,332,Santiago del Estero
13594,"No tiene obra social, prepaga o plan estatal",69,195,155,350,Santiago del Estero
13595,"No tiene obra social, prepaga o plan estatal",70,209,221,430,Santiago del Estero
13596,"No tiene obra social, prepaga o plan estatal",71,131,113,244,Santiago del Estero
13597,"No tiene obra social, prepaga o plan estatal",72,123,126,249,Santiago del Estero
13598,"No tiene obra social, prepaga o plan estatal",73,106,117,223,Santiago del Estero
13599,"No tiene obra social, prepaga o plan estatal",74,107,120,227,Santiago del Estero
13600,"No tiene obra social, prepaga o plan estatal",75,126,110,236,Santiago del Estero
13601,"No tiene obra social, prepaga o plan estatal",76,108,108,216,Santiago del Estero
13602,"No tiene obra social, prepaga o plan estatal",77,87,99,186,Santiago del Estero
13603,"No tiene obra social, prepaga o plan estatal",78,94,112,206,Santiago del Estero
13604,"No tiene obra social, prepaga o plan estatal",79,94,85,179,Santiago del Estero
13605,"No tiene obra social, prepaga o plan estatal",80,86,62,148,Santiago del Estero
13606,"No tiene obra social, prepaga o plan estatal",81,48,64,112,Santiago del Estero
13607,"No tiene obra social, prepaga o plan estatal",82,54,58,112,Santiago del Estero
13608,"No tiene obra social, prepaga o plan estatal",83,42,52,94,Santiago del Estero
13609,"No tiene obra social, prepaga o plan estatal",84,38,45,83,Santiago del Estero
13610,"No tiene obra social, prepaga o plan estatal",85,25,63,88,Santiago del Estero
13611,"No tiene obra social, prepaga o plan estatal",86,17,37,54,Santiago del Estero
13612,"No tiene obra social, prepaga o plan estatal",87,27,32,59,Santiago del Estero
13613,"No tiene obra social, prepaga o plan estatal",88,19,29,48,Santiago del Estero
13614,"No tiene obra social, prepaga o plan estatal",89,12,20,32,Santiago del Estero
13615,"No tiene obra social, prepaga o plan estatal",90,18,27,45,Santiago del Estero
13616,"No tiene obra social, prepaga o plan estatal",91,10,14,24,Santiago del Estero
13617,"No tiene obra social, prepaga o plan estatal",92,7,9,16,Santiago del Estero
13618,"No tiene obra social, prepaga o plan estatal",93,8,6,14,Santiago del Estero
13619,"No tiene obra social, prepaga o plan estatal",94,7,4,11,Santiago del Estero
13620,"No tiene obra social, prepaga o plan estatal",95,4,9,13,Santiago del Estero
13621,"No tiene obra social, prepaga o plan estatal",96,3,3,6,Santiago del Estero
13622,"No tiene obra social, prepaga o plan estatal",97,1,4,5,Santiago del Estero
13623,"No tiene obra social, prepaga o plan estatal",98,2,5,7,Santiago del Estero
13624,"No tiene obra social, prepaga o plan estatal",99,2,3,5,Santiago del Estero
13625,"No tiene obra social, prepaga o plan estatal",100,3,1,4,Santiago del Estero
13626,"No tiene obra social, prepaga o plan estatal",101,-,1,1,Santiago del Estero
13627,"No tiene obra social, prepaga o plan estatal",102,1,2,3,Santiago del Estero
13628,"No tiene obra social, prepaga o plan estatal",103,3,-,3,Santiago del Estero
13629,"No tiene obra social, prepaga o plan estatal",104,1,-,1,Santiago del Estero
13630,"No tiene obra social, prepaga o plan estatal",105,1,-,1,Santiago del Estero
13631,"No tiene obra social, prepaga o plan estatal",106,1,-,1,Santiago del Estero
13632,"No tiene obra social, prepaga o plan estatal",108,1,-,1,Santiago del Estero
13633,"No tiene obra social, prepaga o plan estatal",109,1,1,2,Santiago del Estero
13634,"No tiene obra social, prepaga o plan estatal",110,2,2,4,Santiago del Estero
13750,AREA # 90,Tucumán,,,,Tucumán
13751,AREA # 90,,,,,Tucumán
13752,Cobertura de salud,Edad,Sexo,,,Tucumán
13753,Obra social (incluye PAMI),,Varón,Mujer,Total,Tucumán
13754,Obra social (incluye PAMI),0,4306,4528,8834,Tucumán
13755,Obra social (incluye PAMI),1,4488,4428,8916,Tucumán
13756,Obra social (incluye PAMI),2,4760,4818,9578,Tucumán
13757,Obra social (incluye PAMI),3,4514,4438,8952,Tucumán
13758,Obra social (incluye PAMI),4,4677,4719,9396,Tucumán
13759,Obra social (incluye PAMI),5,4652,5115,9767,Tucumán
13760,Obra social (incluye PAMI),6,4993,5004,9997,Tucumán
13761,Obra social (incluye PAMI),7,5495,5257,10752,Tucumán
13762,Obra social (incluye PAMI),8,5549,5526,11075,Tucumán
13763,Obra social (incluye PAMI),9,5285,5655,10940,Tucumán
13764,Obra social (incluye PAMI),10,5621,5676,11297,Tucumán
13765,Obra social (incluye PAMI),11,5750,5639,11389,Tucumán
13766,Obra social (incluye PAMI),12,5568,5260,10828,Tucumán
13767,Obra social (incluye PAMI),13,5696,5205,10901,Tucumán
13768,Obra social (incluye PAMI),14,6054,6241,12295,Tucumán
13769,Obra social (incluye PAMI),15,5890,6057,11947,Tucumán
13770,Obra social (incluye PAMI),16,5501,5633,11134,Tucumán
13771,Obra social (incluye PAMI),17,5951,5970,11921,Tucumán
13772,Obra social (incluye PAMI),18,5669,5941,11610,Tucumán
13773,Obra social (incluye PAMI),19,5329,5710,11039,Tucumán
13774,Obra social (incluye PAMI),20,4848,5493,10341,Tucumán
13775,Obra social (incluye PAMI),21,3615,3646,7261,Tucumán
13776,Obra social (incluye PAMI),22,3801,4077,7878,Tucumán
13777,Obra social (incluye PAMI),23,3865,4122,7987,Tucumán
13778,Obra social (incluye PAMI),24,3915,4304,8219,Tucumán
13779,Obra social (incluye PAMI),25,3472,4100,7572,Tucumán
13780,Obra social (incluye PAMI),26,3483,3780,7263,Tucumán
13781,Obra social (incluye PAMI),27,3966,3955,7921,Tucumán
13782,Obra social (incluye PAMI),28,4134,4485,8619,Tucumán
13783,Obra social (incluye PAMI),29,4263,4713,8976,Tucumán
13784,Obra social (incluye PAMI),30,4524,4395,8919,Tucumán
13785,Obra social (incluye PAMI),31,4776,4781,9557,Tucumán
13786,Obra social (incluye PAMI),32,4648,5295,9943,Tucumán
13787,Obra social (incluye PAMI),33,4136,4703,8839,Tucumán
13788,Obra social (incluye PAMI),34,4012,4061,8073,Tucumán
13789,Obra social (incluye PAMI),35,3829,4495,8324,Tucumán
13790,Obra social (incluye PAMI),36,3623,4127,7750,Tucumán
13791,Obra social (incluye PAMI),37,3879,3800,7679,Tucumán
13792,Obra social (incluye PAMI),38,3320,3931,7251,Tucumán
13793,Obra social (incluye PAMI),39,3667,4220,7887,Tucumán
13794,Obra social (incluye PAMI),40,3501,3601,7102,Tucumán
13795,Obra social (incluye PAMI),41,3104,3899,7003,Tucumán
13796,Obra social (incluye PAMI),42,2925,3365,6290,Tucumán
13797,Obra social (incluye PAMI),43,3046,3612,6658,Tucumán
13798,Obra social (incluye PAMI),44,2965,3451,6416,Tucumán
13799,Obra social (incluye PAMI),45,3336,3597,6933,Tucumán
13800,Obra social (incluye PAMI),46,3136,3641,6777,Tucumán
13801,Obra social (incluye PAMI),47,3433,3659,7092,Tucumán
13802,Obra social (incluye PAMI),48,3390,3547,6937,Tucumán
13803,Obra social (incluye PAMI),49,2990,3473,6463,Tucumán
13804,Obra social (incluye PAMI),50,3206,3602,6808,Tucumán
13805,Obra social (incluye PAMI),51,3091,3755,6846,Tucumán
13806,Obra social (incluye PAMI),52,3164,3552,6716,Tucumán
13807,Obra social (incluye PAMI),53,3170,3879,7049,Tucumán
13808,Obra social (incluye PAMI),54,3134,3889,7023,Tucumán
13809,Obra social (incluye PAMI),55,3157,3661,6818,Tucumán
13810,Obra social (incluye PAMI),56,3007,3645,6652,Tucumán
13811,Obra social (incluye PAMI),57,2885,3408,6293,Tucumán
13812,Obra social (incluye PAMI),58,2914,3494,6408,Tucumán
13813,Obra social (incluye PAMI),59,3008,3728,6736,Tucumán
13814,Obra social (incluye PAMI),60,2986,3780,6766,Tucumán
13815,Obra social (incluye PAMI),61,2720,3780,6500,Tucumán
13816,Obra social (incluye PAMI),62,2571,4271,6842,Tucumán
13817,Obra social (incluye PAMI),63,2598,4139,6737,Tucumán
13818,Obra social (incluye PAMI),64,2445,3682,6127,Tucumán
13819,Obra social (incluye PAMI),65,2341,4242,6583,Tucumán
13820,Obra social (incluye PAMI),66,2678,3631,6309,Tucumán
13821,Obra social (incluye PAMI),67,2945,3788,6733,Tucumán
13822,Obra social (incluye PAMI),68,3020,3520,6540,Tucumán
13823,Obra social (incluye PAMI),69,2920,3313,6233,Tucumán
13824,Obra social (incluye PAMI),70,2641,3651,6292,Tucumán
13825,Obra social (incluye PAMI),71,2334,3038,5372,Tucumán
13826,Obra social (incluye PAMI),72,2123,2971,5094,Tucumán
13827,Obra social (incluye PAMI),73,1917,2555,4472,Tucumán
13828,Obra social (incluye PAMI),74,1818,2499,4317,Tucumán
13829,Obra social (incluye PAMI),75,1663,2564,4227,Tucumán
13830,Obra social (incluye PAMI),76,1460,2482,3942,Tucumán
13831,Obra social (incluye PAMI),77,1759,2494,4253,Tucumán
13832,Obra social (incluye PAMI),78,1595,2426,4021,Tucumán
13833,Obra social (incluye PAMI),79,1337,2197,3534,Tucumán
13834,Obra social (incluye PAMI),80,1413,2048,3461,Tucumán
13835,Obra social (incluye PAMI),81,1167,1970,3137,Tucumán
13836,Obra social (incluye PAMI),82,1047,1694,2741,Tucumán
13837,Obra social (incluye PAMI),83,820,1683,2503,Tucumán
13838,Obra social (incluye PAMI),84,722,1152,1874,Tucumán
13839,Obra social (incluye PAMI),85,636,1044,1680,Tucumán
13840,Obra social (incluye PAMI),86,447,1020,1467,Tucumán
13841,Obra social (incluye PAMI),87,559,971,1530,Tucumán
13842,Obra social (incluye PAMI),88,420,792,1212,Tucumán
13843,Obra social (incluye PAMI),89,271,686,957,Tucumán
13844,Obra social (incluye PAMI),90,184,582,766,Tucumán
13845,Obra social (incluye PAMI),91,144,415,559,Tucumán
13846,Obra social (incluye PAMI),92,90,252,342,Tucumán
13847,Obra social (incluye PAMI),93,97,240,337,Tucumán
13848,Obra social (incluye PAMI),94,48,135,183,Tucumán
13849,Obra social (incluye PAMI),95,47,153,200,Tucumán
13850,Obra social (incluye PAMI),96,47,113,160,Tucumán
13851,Obra social (incluye PAMI),97,21,82,103,Tucumán
13852,Obra social (incluye PAMI),98,12,14,26,Tucumán
13853,Obra social (incluye PAMI),99,18,24,42,Tucumán
13854,Obra social (incluye PAMI),100,1,21,22,Tucumán
13855,Obra social (incluye PAMI),101,12,3,15,Tucumán
13856,Obra social (incluye PAMI),102,1,6,7,Tucumán
13857,Obra social (incluye PAMI),103,1,7,8,Tucumán
13858,Obra social (incluye PAMI),104,-,2,2,Tucumán
13859,Obra social (incluye PAMI),109,-,1,1,Tucumán
13860,Obra social (incluye PAMI),110,5,1,6,Tucumán
13862,Prepaga a través de obra social,,Varón,Mujer,Total,Tucumán
13863,Prepaga a través de obra social,0,961,906,1867,Tucumán
13864,Prepaga a través de obra social,1,994,1010,2004,Tucumán
13865,Prepaga a través de obra social,2,1283,874,2157,Tucumán
13866,Prepaga a través de obra social,3,1009,990,1999,Tucumán
13867,Prepaga a través de obra social,4,1006,932,1938,Tucumán
13868,Prepaga a través de obra social,5,1095,1137,2232,Tucumán
13869,Prepaga a través de obra social,6,1294,1018,2312,Tucumán
13870,Prepaga a través de obra social,7,1068,1044,2112,Tucumán
13871,Prepaga a través de obra social,8,1190,1117,2307,Tucumán
13872,Prepaga a través de obra social,9,1099,1159,2258,Tucumán
13873,Prepaga a través de obra social,10,1379,1188,2567,Tucumán
13874,Prepaga a través de obra social,11,1230,1153,2383,Tucumán
13875,Prepaga a través de obra social,12,1187,1131,2318,Tucumán
13876,Prepaga a través de obra social,13,1198,1125,2323,Tucumán
13877,Prepaga a través de obra social,14,1278,1079,2357,Tucumán
13878,Prepaga a través de obra social,15,1184,1248,2432,Tucumán
13879,Prepaga a través de obra social,16,1051,1133,2184,Tucumán
13880,Prepaga a través de obra social,17,1057,1010,2067,Tucumán
13881,Prepaga a través de obra social,18,895,1167,2062,Tucumán
13882,Prepaga a través de obra social,19,1060,1181,2241,Tucumán
13883,Prepaga a través de obra social,20,917,932,1849,Tucumán
13884,Prepaga a través de obra social,21,1057,907,1964,Tucumán
13885,Prepaga a través de obra social,22,1021,929,1950,Tucumán
13886,Prepaga a través de obra social,23,934,966,1900,Tucumán
13887,Prepaga a través de obra social,24,1072,926,1998,Tucumán
13888,Prepaga a través de obra social,25,931,1129,2060,Tucumán
13889,Prepaga a través de obra social,26,797,1075,1872,Tucumán
13890,Prepaga a través de obra social,27,953,968,1921,Tucumán
13891,Prepaga a través de obra social,28,1089,1048,2137,Tucumán
13892,Prepaga a través de obra social,29,1166,1074,2240,Tucumán
13893,Prepaga a través de obra social,30,1137,1167,2304,Tucumán
13894,Prepaga a través de obra social,31,1129,984,2113,Tucumán
13895,Prepaga a través de obra social,32,1218,1115,2333,Tucumán
13896,Prepaga a través de obra social,33,1022,966,1988,Tucumán
13897,Prepaga a través de obra social,34,920,1055,1975,Tucumán
13898,Prepaga a través de obra social,35,857,971,1828,Tucumán
13899,Prepaga a través de obra social,36,708,849,1557,Tucumán
13900,Prepaga a través de obra social,37,693,996,1689,Tucumán
13901,Prepaga a través de obra social,38,884,760,1644,Tucumán
13902,Prepaga a través de obra social,39,833,891,1724,Tucumán
13903,Prepaga a través de obra social,40,722,883,1605,Tucumán
13904,Prepaga a través de obra social,41,729,714,1443,Tucumán
13905,Prepaga a través de obra social,42,653,638,1291,Tucumán
13906,Prepaga a través de obra social,43,613,701,1314,Tucumán
13907,Prepaga a través de obra social,44,657,626,1283,Tucumán
13908,Prepaga a través de obra social,45,684,698,1382,Tucumán
13909,Prepaga a través de obra social,46,605,686,1291,Tucumán
13910,Prepaga a través de obra social,47,607,626,1233,Tucumán
13911,Prepaga a través de obra social,48,821,651,1472,Tucumán
13912,Prepaga a través de obra social,49,720,628,1348,Tucumán
13913,Prepaga a través de obra social,50,525,496,1021,Tucumán
13914,Prepaga a través de obra social,51,591,759,1350,Tucumán
13915,Prepaga a través de obra social,52,599,645,1244,Tucumán
13916,Prepaga a través de obra social,53,611,570,1181,Tucumán
13917,Prepaga a través de obra social,54,563,571,1134,Tucumán
13918,Prepaga a través de obra social,55,586,553,1139,Tucumán
13919,Prepaga a través de obra social,56,558,553,1111,Tucumán
13920,Prepaga a través de obra social,57,465,510,975,Tucumán
13921,Prepaga a través de obra social,58,457,490,947,Tucumán
13922,Prepaga a través de obra social,59,532,516,1048,Tucumán
13923,Prepaga a través de obra social,60,626,468,1094,Tucumán
13924,Prepaga a través de obra social,61,394,257,651,Tucumán
13925,Prepaga a través de obra social,62,421,222,643,Tucumán
13926,Prepaga a través de obra social,63,300,195,495,Tucumán
13927,Prepaga a través de obra social,64,292,191,483,Tucumán
13928,Prepaga a través de obra social,65,218,172,390,Tucumán
13929,Prepaga a través de obra social,66,214,79,293,Tucumán
13930,Prepaga a través de obra social,67,135,109,244,Tucumán
13931,Prepaga a través de obra social,68,67,119,186,Tucumán
13932,Prepaga a través de obra social,69,102,60,162,Tucumán
13933,Prepaga a través de obra social,70,82,116,198,Tucumán
13934,Prepaga a través de obra social,71,122,126,248,Tucumán
13935,Prepaga a través de obra social,72,45,73,118,Tucumán
13936,Prepaga a través de obra social,73,64,59,123,Tucumán
13937,Prepaga a través de obra social,74,46,98,144,Tucumán
13938,Prepaga a través de obra social,75,71,78,149,Tucumán
13939,Prepaga a través de obra social,76,45,69,114,Tucumán
13940,Prepaga a través de obra social,77,52,41,93,Tucumán
13941,Prepaga a través de obra social,78,57,44,101,Tucumán
13942,Prepaga a través de obra social,79,45,52,97,Tucumán
13943,Prepaga a través de obra social,80,41,38,79,Tucumán
13944,Prepaga a través de obra social,81,57,18,75,Tucumán
13945,Prepaga a través de obra social,82,26,44,70,Tucumán
13946,Prepaga a través de obra social,83,17,55,72,Tucumán
13947,Prepaga a través de obra social,84,5,24,29,Tucumán
13948,Prepaga a través de obra social,85,4,21,25,Tucumán
13949,Prepaga a través de obra social,86,36,42,78,Tucumán
13950,Prepaga a través de obra social,87,23,15,38,Tucumán
13951,Prepaga a través de obra social,88,3,16,19,Tucumán
13952,Prepaga a través de obra social,89,4,30,34,Tucumán
13953,Prepaga a través de obra social,90,11,2,13,Tucumán
13954,Prepaga a través de obra social,91,-,4,4,Tucumán
13955,Prepaga a través de obra social,92,11,13,24,Tucumán
13956,Prepaga a través de obra social,93,12,2,14,Tucumán
13957,Prepaga a través de obra social,94,2,12,14,Tucumán
13958,Prepaga a través de obra social,95,-,1,1,Tucumán
13959,Prepaga a través de obra social,96,-,1,1,Tucumán
13960,Prepaga a través de obra social,97,-,3,3,Tucumán
13961,Prepaga a través de obra social,98,-,1,1,Tucumán
13962,Prepaga a través de obra social,99,-,1,1,Tucumán
13963,Prepaga a través de obra social,100,-,1,1,Tucumán
13964,Prepaga a través de obra social,101,-,1,1,Tucumán
13966,Prepaga sólo por contratación voluntaria,,Varón,Mujer,Total,Tucumán
13967,Prepaga sólo por contratación voluntaria,0,1217,884,2101,Tucumán
13968,Prepaga sólo por contratación voluntaria,1,1007,1011,2018,Tucumán
13969,Prepaga sólo por contratación voluntaria,2,926,989,1915,Tucumán
13970,Prepaga sólo por contratación voluntaria,3,1117,1040,2157,Tucumán
13971,Prepaga sólo por contratación voluntaria,4,1019,1096,2115,Tucumán
13972,Prepaga sólo por contratación voluntaria,5,1078,983,2061,Tucumán
13973,Prepaga sólo por contratación voluntaria,6,1076,858,1934,Tucumán
13974,Prepaga sólo por contratación voluntaria,7,1186,958,2144,Tucumán
13975,Prepaga sólo por contratación voluntaria,8,1090,1004,2094,Tucumán
13976,Prepaga sólo por contratación voluntaria,9,1101,1048,2149,Tucumán
13977,Prepaga sólo por contratación voluntaria,10,1276,1266,2542,Tucumán
13978,Prepaga sólo por contratación voluntaria,11,1081,1157,2238,Tucumán
13979,Prepaga sólo por contratación voluntaria,12,1014,1066,2080,Tucumán
13980,Prepaga sólo por contratación voluntaria,13,1051,981,2032,Tucumán
13981,Prepaga sólo por contratación voluntaria,14,1321,1125,2446,Tucumán
13982,Prepaga sólo por contratación voluntaria,15,1177,1295,2472,Tucumán
13983,Prepaga sólo por contratación voluntaria,16,1084,936,2020,Tucumán
13984,Prepaga sólo por contratación voluntaria,17,1155,1094,2249,Tucumán
13985,Prepaga sólo por contratación voluntaria,18,1016,1217,2233,Tucumán
13986,Prepaga sólo por contratación voluntaria,19,977,1187,2164,Tucumán
13987,Prepaga sólo por contratación voluntaria,20,1084,1064,2148,Tucumán
13988,Prepaga sólo por contratación voluntaria,21,1001,1318,2319,Tucumán
13989,Prepaga sólo por contratación voluntaria,22,978,1243,2221,Tucumán
13990,Prepaga sólo por contratación voluntaria,23,1150,1331,2481,Tucumán
13991,Prepaga sólo por contratación voluntaria,24,991,1242,2233,Tucumán
13992,Prepaga sólo por contratación voluntaria,25,1132,1158,2290,Tucumán
13993,Prepaga sólo por contratación voluntaria,26,1148,1147,2295,Tucumán
13994,Prepaga sólo por contratación voluntaria,27,950,1235,2185,Tucumán
13995,Prepaga sólo por contratación voluntaria,28,1033,1522,2555,Tucumán
13996,Prepaga sólo por contratación voluntaria,29,1088,1082,2170,Tucumán
13997,Prepaga sólo por contratación voluntaria,30,1238,1222,2460,Tucumán
13998,Prepaga sólo por contratación voluntaria,31,928,1454,2382,Tucumán
13999,Prepaga sólo por contratación voluntaria,32,1163,1262,2425,Tucumán
14000,Prepaga sólo por contratación voluntaria,33,945,1257,2202,Tucumán
14001,Prepaga sólo por contratación voluntaria,34,942,877,1819,Tucumán
14002,Prepaga sólo por contratación voluntaria,35,842,882,1724,Tucumán
14003,Prepaga sólo por contratación voluntaria,36,680,994,1674,Tucumán
14004,Prepaga sólo por contratación voluntaria,37,763,917,1680,Tucumán
14005,Prepaga sólo por contratación voluntaria,38,881,825,1706,Tucumán
14006,Prepaga sólo por contratación voluntaria,39,795,897,1692,Tucumán
14007,Prepaga sólo por contratación voluntaria,40,597,905,1502,Tucumán
14008,Prepaga sólo por contratación voluntaria,41,655,757,1412,Tucumán
14009,Prepaga sólo por contratación voluntaria,42,659,810,1469,Tucumán
14010,Prepaga sólo por contratación voluntaria,43,654,648,1302,Tucumán
14011,Prepaga sólo por contratación voluntaria,44,651,685,1336,Tucumán
14012,Prepaga sólo por contratación voluntaria,45,659,756,1415,Tucumán
14013,Prepaga sólo por contratación voluntaria,46,531,682,1213,Tucumán
14014,Prepaga sólo por contratación voluntaria,47,643,619,1262,Tucumán
14015,Prepaga sólo por contratación voluntaria,48,586,753,1339,Tucumán
14016,Prepaga sólo por contratación voluntaria,49,521,676,1197,Tucumán
14017,Prepaga sólo por contratación voluntaria,50,631,755,1386,Tucumán
14018,Prepaga sólo por contratación voluntaria,51,599,792,1391,Tucumán
14019,Prepaga sólo por contratación voluntaria,52,641,794,1435,Tucumán
14020,Prepaga sólo por contratación voluntaria,53,603,845,1448,Tucumán
14021,Prepaga sólo por contratación voluntaria,54,718,705,1423,Tucumán
14022,Prepaga sólo por contratación voluntaria,55,636,613,1249,Tucumán
14023,Prepaga sólo por contratación voluntaria,56,616,573,1189,Tucumán
14024,Prepaga sólo por contratación voluntaria,57,633,529,1162,Tucumán
14025,Prepaga sólo por contratación voluntaria,58,611,632,1243,Tucumán
14026,Prepaga sólo por contratación voluntaria,59,547,708,1255,Tucumán
14027,Prepaga sólo por contratación voluntaria,60,619,547,1166,Tucumán
14028,Prepaga sólo por contratación voluntaria,61,632,333,965,Tucumán
14029,Prepaga sólo por contratación voluntaria,62,417,222,639,Tucumán
14030,Prepaga sólo por contratación voluntaria,63,321,211,532,Tucumán
14031,Prepaga sólo por contratación voluntaria,64,278,152,430,Tucumán
14032,Prepaga sólo por contratación voluntaria,65,257,153,410,Tucumán
14033,Prepaga sólo por contratación voluntaria,66,205,98,303,Tucumán
14034,Prepaga sólo por contratación voluntaria,67,141,111,252,Tucumán
14035,Prepaga sólo por contratación voluntaria,68,98,96,194,Tucumán
14036,Prepaga sólo por contratación voluntaria,69,49,106,155,Tucumán
14037,Prepaga sólo por contratación voluntaria,70,71,66,137,Tucumán
14038,Prepaga sólo por contratación voluntaria,71,71,58,129,Tucumán
14039,Prepaga sólo por contratación voluntaria,72,86,65,151,Tucumán
14040,Prepaga sólo por contratación voluntaria,73,41,69,110,Tucumán
14041,Prepaga sólo por contratación voluntaria,74,24,74,98,Tucumán
14042,Prepaga sólo por contratación voluntaria,75,62,53,115,Tucumán
14043,Prepaga sólo por contratación voluntaria,76,42,68,110,Tucumán
14044,Prepaga sólo por contratación voluntaria,77,71,63,134,Tucumán
14045,Prepaga sólo por contratación voluntaria,78,50,37,87,Tucumán
14046,Prepaga sólo por contratación voluntaria,79,24,44,68,Tucumán
14047,Prepaga sólo por contratación voluntaria,80,13,41,54,Tucumán
14048,Prepaga sólo por contratación voluntaria,81,10,15,25,Tucumán
14049,Prepaga sólo por contratación voluntaria,82,17,29,46,Tucumán
14050,Prepaga sólo por contratación voluntaria,83,16,30,46,Tucumán
14051,Prepaga sólo por contratación voluntaria,84,6,20,26,Tucumán
14052,Prepaga sólo por contratación voluntaria,85,24,14,38,Tucumán
14053,Prepaga sólo por contratación voluntaria,86,4,15,19,Tucumán
14054,Prepaga sólo por contratación voluntaria,87,-,9,9,Tucumán
14055,Prepaga sólo por contratación voluntaria,88,3,17,20,Tucumán
14056,Prepaga sólo por contratación voluntaria,89,4,8,12,Tucumán
14057,Prepaga sólo por contratación voluntaria,90,2,4,6,Tucumán
14058,Prepaga sólo por contratación voluntaria,91,2,2,4,Tucumán
14059,Prepaga sólo por contratación voluntaria,92,1,5,6,Tucumán
14060,Prepaga sólo por contratación voluntaria,94,1,1,2,Tucumán
14061,Prepaga sólo por contratación voluntaria,96,-,2,2,Tucumán
14062,Prepaga sólo por contratación voluntaria,97,-,2,2,Tucumán
14063,Prepaga sólo por contratación voluntaria,98,-,11,11,Tucumán
14064,Prepaga sólo por contratación voluntaria,99,-,1,1,Tucumán
14066,Programas o planes estatales de salud,,Varón,Mujer,Total,Tucumán
14067,Programas o planes estatales de salud,0,630,485,1115,Tucumán
14068,Programas o planes estatales de salud,1,661,646,1307,Tucumán
14069,Programas o planes estatales de salud,2,544,542,1086,Tucumán
14070,Programas o planes estatales de salud,3,449,612,1061,Tucumán
14071,Programas o planes estatales de salud,4,463,421,884,Tucumán
14072,Programas o planes estatales de salud,5,540,477,1017,Tucumán
14073,Programas o planes estatales de salud,6,326,393,719,Tucumán
14074,Programas o planes estatales de salud,7,412,270,682,Tucumán
14075,Programas o planes estatales de salud,8,395,268,663,Tucumán
14076,Programas o planes estatales de salud,9,269,317,586,Tucumán
14077,Programas o planes estatales de salud,10,308,295,603,Tucumán
14078,Programas o planes estatales de salud,11,348,321,669,Tucumán
14079,Programas o planes estatales de salud,12,303,303,606,Tucumán
14080,Programas o planes estatales de salud,13,279,299,578,Tucumán
14081,Programas o planes estatales de salud,14,401,395,796,Tucumán
14082,Programas o planes estatales de salud,15,377,366,743,Tucumán
14083,Programas o planes estatales de salud,16,314,350,664,Tucumán
14084,Programas o planes estatales de salud,17,349,356,705,Tucumán
14085,Programas o planes estatales de salud,18,284,278,562,Tucumán
14086,Programas o planes estatales de salud,19,339,342,681,Tucumán
14087,Programas o planes estatales de salud,20,321,217,538,Tucumán
14088,Programas o planes estatales de salud,21,250,222,472,Tucumán
14089,Programas o planes estatales de salud,22,178,272,450,Tucumán
14090,Programas o planes estatales de salud,23,176,196,372,Tucumán
14091,Programas o planes estatales de salud,24,251,257,508,Tucumán
14092,Programas o planes estatales de salud,25,210,294,504,Tucumán
14093,Programas o planes estatales de salud,26,189,206,395,Tucumán
14094,Programas o planes estatales de salud,27,196,228,424,Tucumán
14095,Programas o planes estatales de salud,28,205,281,486,Tucumán
14096,Programas o planes estatales de salud,29,187,184,371,Tucumán
14097,Programas o planes estatales de salud,30,208,228,436,Tucumán
14098,Programas o planes estatales de salud,31,165,202,367,Tucumán
14099,Programas o planes estatales de salud,32,192,274,466,Tucumán
14100,Programas o planes estatales de salud,33,200,253,453,Tucumán
14101,Programas o planes estatales de salud,34,125,247,372,Tucumán
14102,Programas o planes estatales de salud,35,166,190,356,Tucumán
14103,Programas o planes estatales de salud,36,194,216,410,Tucumán
14104,Programas o planes estatales de salud,37,127,242,369,Tucumán
14105,Programas o planes estatales de salud,38,134,230,364,Tucumán
14106,Programas o planes estatales de salud,39,134,216,350,Tucumán
14107,Programas o planes estatales de salud,40,131,247,378,Tucumán
14108,Programas o planes estatales de salud,41,141,288,429,Tucumán
14109,Programas o planes estatales de salud,42,117,197,314,Tucumán
14110,Programas o planes estatales de salud,43,128,267,395,Tucumán
14111,Programas o planes estatales de salud,44,163,284,447,Tucumán
14112,Programas o planes estatales de salud,45,151,268,419,Tucumán
14113,Programas o planes estatales de salud,46,187,260,447,Tucumán
14114,Programas o planes estatales de salud,47,124,252,376,Tucumán
14115,Programas o planes estatales de salud,48,206,257,463,Tucumán
14116,Programas o planes estatales de salud,49,156,279,435,Tucumán
14117,Programas o planes estatales de salud,50,243,356,599,Tucumán
14118,Programas o planes estatales de salud,51,200,277,477,Tucumán
14119,Programas o planes estatales de salud,52,188,274,462,Tucumán
14120,Programas o planes estatales de salud,53,244,385,629,Tucumán
14121,Programas o planes estatales de salud,54,216,307,523,Tucumán
14122,Programas o planes estatales de salud,55,198,354,552,Tucumán
14123,Programas o planes estatales de salud,56,219,398,617,Tucumán
14124,Programas o planes estatales de salud,57,221,263,484,Tucumán
14125,Programas o planes estatales de salud,58,259,227,486,Tucumán
14126,Programas o planes estatales de salud,59,177,325,502,Tucumán
14127,Programas o planes estatales de salud,60,203,390,593,Tucumán
14128,Programas o planes estatales de salud,61,177,245,422,Tucumán
14129,Programas o planes estatales de salud,62,171,218,389,Tucumán
14130,Programas o planes estatales de salud,63,164,228,392,Tucumán
14131,Programas o planes estatales de salud,64,99,110,209,Tucumán
14132,Programas o planes estatales de salud,65,122,129,251,Tucumán
14133,Programas o planes estatales de salud,66,72,109,181,Tucumán
14134,Programas o planes estatales de salud,67,80,98,178,Tucumán
14135,Programas o planes estatales de salud,68,68,62,130,Tucumán
14136,Programas o planes estatales de salud,69,82,98,180,Tucumán
14137,Programas o planes estatales de salud,70,72,86,158,Tucumán
14138,Programas o planes estatales de salud,71,72,76,148,Tucumán
14139,Programas o planes estatales de salud,72,40,76,116,Tucumán
14140,Programas o planes estatales de salud,73,32,81,113,Tucumán
14141,Programas o planes estatales de salud,74,67,74,141,Tucumán
14142,Programas o planes estatales de salud,75,86,80,166,Tucumán
14143,Programas o planes estatales de salud,76,63,62,125,Tucumán
14144,Programas o planes estatales de salud,77,36,40,76,Tucumán
14145,Programas o planes estatales de salud,78,43,85,128,Tucumán
14146,Programas o planes estatales de salud,79,60,83,143,Tucumán
14147,Programas o planes estatales de salud,80,31,73,104,Tucumán
14148,Programas o planes estatales de salud,81,29,35,64,Tucumán
14149,Programas o planes estatales de salud,82,19,31,50,Tucumán
14150,Programas o planes estatales de salud,83,14,49,63,Tucumán
14151,Programas o planes estatales de salud,84,9,39,48,Tucumán
14152,Programas o planes estatales de salud,85,23,29,52,Tucumán
14153,Programas o planes estatales de salud,86,11,17,28,Tucumán
14154,Programas o planes estatales de salud,87,4,45,49,Tucumán
14155,Programas o planes estatales de salud,88,4,21,25,Tucumán
14156,Programas o planes estatales de salud,89,7,22,29,Tucumán
14157,Programas o planes estatales de salud,90,15,8,23,Tucumán
14158,Programas o planes estatales de salud,91,6,8,14,Tucumán
14159,Programas o planes estatales de salud,92,2,5,7,Tucumán
14160,Programas o planes estatales de salud,93,2,20,22,Tucumán
14161,Programas o planes estatales de salud,94,1,-,1,Tucumán
14162,Programas o planes estatales de salud,95,-,1,1,Tucumán
14163,Programas o planes estatales de salud,96,1,1,2,Tucumán
14164,Programas o planes estatales de salud,97,-,11,11,Tucumán
14165,Programas o planes estatales de salud,98,-,1,1,Tucumán
14166,Programas o planes estatales de salud,99,-,1,1,Tucumán
14167,Programas o planes estatales de salud,102,1,-,1,Tucumán
14169,"No tiene obra social, prepaga o plan estatal",,Varón,Mujer,Total,Tucumán
14170,"No tiene obra social, prepaga o plan estatal",0,6380,6054,12434,Tucumán
14171,"No tiene obra social, prepaga o plan estatal",1,6102,5520,11622,Tucumán
14172,"No tiene obra social, prepaga o plan estatal",2,5628,5686,11314,Tucumán
14173,"No tiene obra social, prepaga o plan estatal",3,5421,5431,10852,Tucumán
14174,"No tiene obra social, prepaga o plan estatal",4,5542,5385,10927,Tucumán
14175,"No tiene obra social, prepaga o plan estatal",5,5916,5475,11391,Tucumán
14176,"No tiene obra social, prepaga o plan estatal",6,5839,5648,11487,Tucumán
14177,"No tiene obra social, prepaga o plan estatal",7,5805,5705,11510,Tucumán
14178,"No tiene obra social, prepaga o plan estatal",8,6011,6082,12093,Tucumán
14179,"No tiene obra social, prepaga o plan estatal",9,5882,5947,11829,Tucumán
14180,"No tiene obra social, prepaga o plan estatal",10,6348,6176,12524,Tucumán
14181,"No tiene obra social, prepaga o plan estatal",11,6222,6032,12254,Tucumán
14182,"No tiene obra social, prepaga o plan estatal",12,6029,5581,11610,Tucumán
14183,"No tiene obra social, prepaga o plan estatal",13,5676,5604,11280,Tucumán
14184,"No tiene obra social, prepaga o plan estatal",14,6411,5880,12291,Tucumán
14185,"No tiene obra social, prepaga o plan estatal",15,6000,5662,11662,Tucumán
14186,"No tiene obra social, prepaga o plan estatal",16,5405,5689,11094,Tucumán
14187,"No tiene obra social, prepaga o plan estatal",17,5910,5272,11182,Tucumán
14188,"No tiene obra social, prepaga o plan estatal",18,5981,5611,11592,Tucumán
14189,"No tiene obra social, prepaga o plan estatal",19,6208,5842,12050,Tucumán
14190,"No tiene obra social, prepaga o plan estatal",20,5505,5133,10638,Tucumán
14191,"No tiene obra social, prepaga o plan estatal",21,6259,5840,12099,Tucumán
14192,"No tiene obra social, prepaga o plan estatal",22,6282,6259,12541,Tucumán
14193,"No tiene obra social, prepaga o plan estatal",23,6157,5673,11830,Tucumán
14194,"No tiene obra social, prepaga o plan estatal",24,6172,6103,12275,Tucumán
14195,"No tiene obra social, prepaga o plan estatal",25,5642,5206,10848,Tucumán
14196,"No tiene obra social, prepaga o plan estatal",26,5096,4985,10081,Tucumán
14197,"No tiene obra social, prepaga o plan estatal",27,4883,4828,9711,Tucumán
14198,"No tiene obra social, prepaga o plan estatal",28,5329,5170,10499,Tucumán
14199,"No tiene obra social, prepaga o plan estatal",29,5346,4928,10274,Tucumán
14200,"No tiene obra social, prepaga o plan estatal",30,4995,5257,10252,Tucumán
14201,"No tiene obra social, prepaga o plan estatal",31,4866,5111,9977,Tucumán
14202,"No tiene obra social, prepaga o plan estatal",32,4824,4718,9542,Tucumán
14203,"No tiene obra social, prepaga o plan estatal",33,4235,4013,8248,Tucumán
14204,"No tiene obra social, prepaga o plan estatal",34,3955,4086,8041,Tucumán
14205,"No tiene obra social, prepaga o plan estatal",35,4031,3787,7818,Tucumán
14206,"No tiene obra social, prepaga o plan estatal",36,3541,3687,7228,Tucumán
14207,"No tiene obra social, prepaga o plan estatal",37,3065,3072,6137,Tucumán
14208,"No tiene obra social, prepaga o plan estatal",38,3038,2803,5841,Tucumán
14209,"No tiene obra social, prepaga o plan estatal",39,3107,3035,6142,Tucumán
14210,"No tiene obra social, prepaga o plan estatal",40,2948,2808,5756,Tucumán
14211,"No tiene obra social, prepaga o plan estatal",41,2718,2442,5160,Tucumán
14212,"No tiene obra social, prepaga o plan estatal",42,2772,2546,5318,Tucumán
14213,"No tiene obra social, prepaga o plan estatal",43,2337,2252,4589,Tucumán
14214,"No tiene obra social, prepaga o plan estatal",44,2408,2240,4648,Tucumán
14215,"No tiene obra social, prepaga o plan estatal",45,2505,2369,4874,Tucumán
14216,"No tiene obra social, prepaga o plan estatal",46,2407,2400,4807,Tucumán
14217,"No tiene obra social, prepaga o plan estatal",47,2373,2149,4522,Tucumán
14218,"No tiene obra social, prepaga o plan estatal",48,2452,2193,4645,Tucumán
14219,"No tiene obra social, prepaga o plan estatal",49,2099,1945,4044,Tucumán
14220,"No tiene obra social, prepaga o plan estatal",50,2390,2036,4426,Tucumán
14221,"No tiene obra social, prepaga o plan estatal",51,2164,1832,3996,Tucumán
14222,"No tiene obra social, prepaga o plan estatal",52,2231,2083,4314,Tucumán
14223,"No tiene obra social, prepaga o plan estatal",53,2408,1945,4353,Tucumán
14224,"No tiene obra social, prepaga o plan estatal",54,2155,2013,4168,Tucumán
14225,"No tiene obra social, prepaga o plan estatal",55,2224,1702,3926,Tucumán
14226,"No tiene obra social, prepaga o plan estatal",56,2069,1934,4003,Tucumán
14227,"No tiene obra social, prepaga o plan estatal",57,2092,1797,3889,Tucumán
14228,"No tiene obra social, prepaga o plan estatal",58,1862,1536,3398,Tucumán
14229,"No tiene obra social, prepaga o plan estatal",59,1907,1447,3354,Tucumán
14230,"No tiene obra social, prepaga o plan estatal",60,1718,1603,3321,Tucumán
14231,"No tiene obra social, prepaga o plan estatal",61,1587,778,2365,Tucumán
14232,"No tiene obra social, prepaga o plan estatal",62,1430,471,1901,Tucumán
14233,"No tiene obra social, prepaga o plan estatal",63,1339,410,1749,Tucumán
14234,"No tiene obra social, prepaga o plan estatal",64,967,304,1271,Tucumán
14235,"No tiene obra social, prepaga o plan estatal",65,1019,220,1239,Tucumán
14236,"No tiene obra social, prepaga o plan estatal",66,490,204,694,Tucumán
14237,"No tiene obra social, prepaga o plan estatal",67,314,201,515,Tucumán
14238,"No tiene obra social, prepaga o plan estatal",68,253,155,408,Tucumán
14239,"No tiene obra social, prepaga o plan estatal",69,133,118,251,Tucumán
14240,"No tiene obra social, prepaga o plan estatal",70,199,178,377,Tucumán
14241,"No tiene obra social, prepaga o plan estatal",71,147,129,276,Tucumán
14242,"No tiene obra social, prepaga o plan estatal",72,112,112,224,Tucumán
14243,"No tiene obra social, prepaga o plan estatal",73,129,82,211,Tucumán
14244,"No tiene obra social, prepaga o plan estatal",74,138,86,224,Tucumán
14245,"No tiene obra social, prepaga o plan estatal",75,151,184,335,Tucumán
14246,"No tiene obra social, prepaga o plan estatal",76,89,162,251,Tucumán
14247,"No tiene obra social, prepaga o plan estatal",77,84,115,199,Tucumán
14248,"No tiene obra social, prepaga o plan estatal",78,134,133,267,Tucumán
14249,"No tiene obra social, prepaga o plan estatal",79,73,93,166,Tucumán
14250,"No tiene obra social, prepaga o plan estatal",80,111,76,187,Tucumán
14251,"No tiene obra social, prepaga o plan estatal",81,79,72,151,Tucumán
14252,"No tiene obra social, prepaga o plan estatal",82,49,54,103,Tucumán
14253,"No tiene obra social, prepaga o plan estatal",83,38,53,91,Tucumán
14254,"No tiene obra social, prepaga o plan estatal",84,36,66,102,Tucumán
14255,"No tiene obra social, prepaga o plan estatal",85,26,60,86,Tucumán
14256,"No tiene obra social, prepaga o plan estatal",86,28,52,80,Tucumán
14257,"No tiene obra social, prepaga o plan estatal",87,24,37,61,Tucumán
14258,"No tiene obra social, prepaga o plan estatal",88,11,32,43,Tucumán
14259,"No tiene obra social, prepaga o plan estatal",89,9,16,25,Tucumán
14260,"No tiene obra social, prepaga o plan estatal",90,13,36,49,Tucumán
14261,"No tiene obra social, prepaga o plan estatal",91,14,10,24,Tucumán
14262,"No tiene obra social, prepaga o plan estatal",92,8,6,14,Tucumán
14263,"No tiene obra social, prepaga o plan estatal",93,8,4,12,Tucumán
14264,"No tiene obra social, prepaga o plan estatal",94,2,10,12,Tucumán
14265,"No tiene obra social, prepaga o plan estatal",95,-,3,3,Tucumán
14266,"No tiene obra social, prepaga o plan estatal",96,2,13,15,Tucumán
14267,"No tiene obra social, prepaga o plan estatal",97,1,3,4,Tucumán
14268,"No tiene obra social, prepaga o plan estatal",98,-,2,2,Tucumán
14269,"No tiene obra social, prepaga o plan estatal",99,1,1,2,Tucumán
14270,"No tiene obra social, prepaga o plan estatal",100,3,-,3,Tucumán
14271,"No tiene obra social, prepaga o plan estatal",105,1,-,1,Tucumán
14272,"No tiene obra social, prepaga o plan estatal",110,1,-,1,Tucumán
14385,AREA # 94,Tierra del Fuego,,,,Tierra del Fuego
14386,AREA # 94,,,,,Tierra del Fuego
14387,Cobertura de salud,Edad,Sexo,,,Tierra del Fuego
14388,Obra social (incluye PAMI),,Varón,Mujer,Total,Tierra del Fuego
14389,Obra social (incluye PAMI),0,611,504,1115,Tierra del Fuego
14390,Obra social (incluye PAMI),1,679,647,1326,Tierra del Fuego
14391,Obra social (incluye PAMI),2,621,501,1122,Tierra del Fuego
14392,Obra social (incluye PAMI),3,587,539,1126,Tierra del Fuego
14393,Obra social (incluye PAMI),4,652,642,1294,Tierra del Fuego
14394,Obra social (incluye PAMI),5,673,611,1284,Tierra del Fuego
14395,Obra social (incluye PAMI),6,610,661,1271,Tierra del Fuego
14396,Obra social (incluye PAMI),7,697,690,1387,Tierra del Fuego
14397,Obra social (incluye PAMI),8,671,709,1380,Tierra del Fuego
14398,Obra social (incluye PAMI),9,571,685,1256,Tierra del Fuego
14399,Obra social (incluye PAMI),10,707,715,1422,Tierra del Fuego
14400,Obra social (incluye PAMI),11,528,695,1223,Tierra del Fuego
14401,Obra social (incluye PAMI),12,727,744,1471,Tierra del Fuego
14402,Obra social (incluye PAMI),13,696,659,1355,Tierra del Fuego
14403,Obra social (incluye PAMI),14,718,723,1441,Tierra del Fuego
14404,Obra social (incluye PAMI),15,774,740,1514,Tierra del Fuego
14405,Obra social (incluye PAMI),16,767,739,1506,Tierra del Fuego
14406,Obra social (incluye PAMI),17,668,673,1341,Tierra del Fuego
14407,Obra social (incluye PAMI),18,516,702,1218,Tierra del Fuego
14408,Obra social (incluye PAMI),19,575,539,1114,Tierra del Fuego
14409,Obra social (incluye PAMI),20,621,546,1167,Tierra del Fuego
14410,Obra social (incluye PAMI),21,441,372,813,Tierra del Fuego
14411,Obra social (incluye PAMI),22,535,438,973,Tierra del Fuego
14412,Obra social (incluye PAMI),23,440,527,967,Tierra del Fuego
14413,Obra social (incluye PAMI),24,548,502,1050,Tierra del Fuego
14414,Obra social (incluye PAMI),25,631,499,1130,Tierra del Fuego
14415,Obra social (incluye PAMI),26,572,574,1146,Tierra del Fuego
14416,Obra social (incluye PAMI),27,449,619,1068,Tierra del Fuego
14417,Obra social (incluye PAMI),28,569,529,1098,Tierra del Fuego
14418,Obra social (incluye PAMI),29,544,582,1126,Tierra del Fuego
14419,Obra social (incluye PAMI),30,588,678,1266,Tierra del Fuego
14420,Obra social (incluye PAMI),31,757,613,1370,Tierra del Fuego
14421,Obra social (incluye PAMI),32,673,578,1251,Tierra del Fuego
14422,Obra social (incluye PAMI),33,613,551,1164,Tierra del Fuego
14423,Obra social (incluye PAMI),34,659,507,1166,Tierra del Fuego
14424,Obra social (incluye PAMI),35,600,641,1241,Tierra del Fuego
14425,Obra social (incluye PAMI),36,541,488,1029,Tierra del Fuego
14426,Obra social (incluye PAMI),37,533,501,1034,Tierra del Fuego
14427,Obra social (incluye PAMI),38,474,627,1101,Tierra del Fuego
14428,Obra social (incluye PAMI),39,504,513,1017,Tierra del Fuego
14429,Obra social (incluye PAMI),40,559,455,1014,Tierra del Fuego
14430,Obra social (incluye PAMI),41,343,446,789,Tierra del Fuego
14431,Obra social (incluye PAMI),42,539,585,1124,Tierra del Fuego
14432,Obra social (incluye PAMI),43,458,374,832,Tierra del Fuego
14433,Obra social (incluye PAMI),44,420,608,1028,Tierra del Fuego
14434,Obra social (incluye PAMI),45,493,455,948,Tierra del Fuego
14435,Obra social (incluye PAMI),46,447,455,902,Tierra del Fuego
14436,Obra social (incluye PAMI),47,629,521,1150,Tierra del Fuego
14437,Obra social (incluye PAMI),48,542,642,1184,Tierra del Fuego
14438,Obra social (incluye PAMI),49,558,535,1093,Tierra del Fuego
14439,Obra social (incluye PAMI),50,580,316,896,Tierra del Fuego
14440,Obra social (incluye PAMI),51,456,348,804,Tierra del Fuego
14441,Obra social (incluye PAMI),52,398,265,663,Tierra del Fuego
14442,Obra social (incluye PAMI),53,392,387,779,Tierra del Fuego
14443,Obra social (incluye PAMI),54,249,387,636,Tierra del Fuego
14444,Obra social (incluye PAMI),55,480,348,828,Tierra del Fuego
14445,Obra social (incluye PAMI),56,377,317,694,Tierra del Fuego
14446,Obra social (incluye PAMI),57,357,186,543,Tierra del Fuego
14447,Obra social (incluye PAMI),58,282,205,487,Tierra del Fuego
14448,Obra social (incluye PAMI),59,348,247,595,Tierra del Fuego
14449,Obra social (incluye PAMI),60,223,244,467,Tierra del Fuego
14450,Obra social (incluye PAMI),61,193,255,448,Tierra del Fuego
14451,Obra social (incluye PAMI),62,186,259,445,Tierra del Fuego
14452,Obra social (incluye PAMI),63,158,127,285,Tierra del Fuego
14453,Obra social (incluye PAMI),64,235,150,385,Tierra del Fuego
14454,Obra social (incluye PAMI),65,113,219,332,Tierra del Fuego
14455,Obra social (incluye PAMI),66,125,157,282,Tierra del Fuego
14456,Obra social (incluye PAMI),67,184,142,326,Tierra del Fuego
14457,Obra social (incluye PAMI),68,92,174,266,Tierra del Fuego
14458,Obra social (incluye PAMI),69,110,157,267,Tierra del Fuego
14459,Obra social (incluye PAMI),70,161,149,310,Tierra del Fuego
14460,Obra social (incluye PAMI),71,86,91,177,Tierra del Fuego
14461,Obra social (incluye PAMI),72,48,90,138,Tierra del Fuego
14462,Obra social (incluye PAMI),73,83,93,176,Tierra del Fuego
14463,Obra social (incluye PAMI),74,83,71,154,Tierra del Fuego
14464,Obra social (incluye PAMI),75,51,64,115,Tierra del Fuego
14465,Obra social (incluye PAMI),76,50,109,159,Tierra del Fuego
14466,Obra social (incluye PAMI),77,69,74,143,Tierra del Fuego
14467,Obra social (incluye PAMI),78,85,80,165,Tierra del Fuego
14468,Obra social (incluye PAMI),79,56,94,150,Tierra del Fuego
14469,Obra social (incluye PAMI),80,12,92,104,Tierra del Fuego
14470,Obra social (incluye PAMI),81,21,99,120,Tierra del Fuego
14471,Obra social (incluye PAMI),82,19,48,67,Tierra del Fuego
14472,Obra social (incluye PAMI),83,32,37,69,Tierra del Fuego
14473,Obra social (incluye PAMI),84,1,48,49,Tierra del Fuego
14474,Obra social (incluye PAMI),85,16,36,52,Tierra del Fuego
14475,Obra social (incluye PAMI),86,27,13,40,Tierra del Fuego
14476,Obra social (incluye PAMI),87,27,50,77,Tierra del Fuego
14477,Obra social (incluye PAMI),88,-,34,34,Tierra del Fuego
14478,Obra social (incluye PAMI),89,25,7,32,Tierra del Fuego
14479,Obra social (incluye PAMI),90,-,30,30,Tierra del Fuego
14480,Obra social (incluye PAMI),91,-,5,5,Tierra del Fuego
14481,Obra social (incluye PAMI),92,-,30,30,Tierra del Fuego
14483,Prepaga a través de obra social,,Varón,Mujer,Total,Tierra del Fuego
14484,Prepaga a través de obra social,0,158,167,325,Tierra del Fuego
14485,Prepaga a través de obra social,1,211,144,355,Tierra del Fuego
14486,Prepaga a través de obra social,2,161,193,354,Tierra del Fuego
14487,Prepaga a través de obra social,3,205,193,398,Tierra del Fuego
14488,Prepaga a través de obra social,4,155,169,324,Tierra del Fuego
14489,Prepaga a través de obra social,5,208,165,373,Tierra del Fuego
14490,Prepaga a través de obra social,6,195,137,332,Tierra del Fuego
14491,Prepaga a través de obra social,7,202,127,329,Tierra del Fuego
14492,Prepaga a través de obra social,8,213,194,407,Tierra del Fuego
14493,Prepaga a través de obra social,9,142,151,293,Tierra del Fuego
14494,Prepaga a través de obra social,10,116,213,329,Tierra del Fuego
14495,Prepaga a través de obra social,11,185,123,308,Tierra del Fuego
14496,Prepaga a través de obra social,12,151,155,306,Tierra del Fuego
14497,Prepaga a través de obra social,13,113,194,307,Tierra del Fuego
14498,Prepaga a través de obra social,14,170,170,340,Tierra del Fuego
14499,Prepaga a través de obra social,15,142,244,386,Tierra del Fuego
14500,Prepaga a través de obra social,16,127,163,290,Tierra del Fuego
14501,Prepaga a través de obra social,17,209,145,354,Tierra del Fuego
14502,Prepaga a través de obra social,18,131,102,233,Tierra del Fuego
14503,Prepaga a través de obra social,19,165,99,264,Tierra del Fuego
14504,Prepaga a través de obra social,20,152,157,309,Tierra del Fuego
14505,Prepaga a través de obra social,21,117,142,259,Tierra del Fuego
14506,Prepaga a través de obra social,22,161,117,278,Tierra del Fuego
14507,Prepaga a través de obra social,23,119,229,348,Tierra del Fuego
14508,Prepaga a través de obra social,24,152,132,284,Tierra del Fuego
14509,Prepaga a través de obra social,25,160,141,301,Tierra del Fuego
14510,Prepaga a través de obra social,26,233,127,360,Tierra del Fuego
14511,Prepaga a través de obra social,27,229,181,410,Tierra del Fuego
14512,Prepaga a través de obra social,28,207,169,376,Tierra del Fuego
14513,Prepaga a través de obra social,29,185,146,331,Tierra del Fuego
14514,Prepaga a través de obra social,30,176,191,367,Tierra del Fuego
14515,Prepaga a través de obra social,31,221,211,432,Tierra del Fuego
14516,Prepaga a través de obra social,32,242,143,385,Tierra del Fuego
14517,Prepaga a través de obra social,33,329,189,518,Tierra del Fuego
14518,Prepaga a través de obra social,34,261,121,382,Tierra del Fuego
14519,Prepaga a través de obra social,35,179,158,337,Tierra del Fuego
14520,Prepaga a través de obra social,36,106,140,246,Tierra del Fuego
14521,Prepaga a través de obra social,37,184,107,291,Tierra del Fuego
14522,Prepaga a través de obra social,38,163,126,289,Tierra del Fuego
14523,Prepaga a través de obra social,39,190,150,340,Tierra del Fuego
14524,Prepaga a través de obra social,40,161,127,288,Tierra del Fuego
14525,Prepaga a través de obra social,41,126,111,237,Tierra del Fuego
14526,Prepaga a través de obra social,42,109,118,227,Tierra del Fuego
14527,Prepaga a través de obra social,43,151,105,256,Tierra del Fuego
14528,Prepaga a través de obra social,44,162,90,252,Tierra del Fuego
14529,Prepaga a través de obra social,45,181,134,315,Tierra del Fuego
14530,Prepaga a través de obra social,46,123,129,252,Tierra del Fuego
14531,Prepaga a través de obra social,47,176,138,314,Tierra del Fuego
14532,Prepaga a través de obra social,48,146,123,269,Tierra del Fuego
14533,Prepaga a través de obra social,49,115,111,226,Tierra del Fuego
14534,Prepaga a través de obra social,50,160,144,304,Tierra del Fuego
14535,Prepaga a través de obra social,51,87,92,179,Tierra del Fuego
14536,Prepaga a través de obra social,52,126,64,190,Tierra del Fuego
14537,Prepaga a través de obra social,53,91,68,159,Tierra del Fuego
14538,Prepaga a través de obra social,54,100,86,186,Tierra del Fuego
14539,Prepaga a través de obra social,55,88,51,139,Tierra del Fuego
14540,Prepaga a través de obra social,56,29,81,110,Tierra del Fuego
14541,Prepaga a través de obra social,57,49,51,100,Tierra del Fuego
14542,Prepaga a través de obra social,58,48,45,93,Tierra del Fuego
14543,Prepaga a través de obra social,59,41,59,100,Tierra del Fuego
14544,Prepaga a través de obra social,60,69,45,114,Tierra del Fuego
14545,Prepaga a través de obra social,61,50,7,57,Tierra del Fuego
14546,Prepaga a través de obra social,62,61,14,75,Tierra del Fuego
14547,Prepaga a través de obra social,63,45,-,45,Tierra del Fuego
14548,Prepaga a través de obra social,64,49,35,84,Tierra del Fuego
14549,Prepaga a través de obra social,65,47,31,78,Tierra del Fuego
14550,Prepaga a través de obra social,66,17,24,41,Tierra del Fuego
14551,Prepaga a través de obra social,67,27,7,34,Tierra del Fuego
14552,Prepaga a través de obra social,68,19,-,19,Tierra del Fuego
14553,Prepaga a través de obra social,69,16,-,16,Tierra del Fuego
14554,Prepaga a través de obra social,70,6,-,6,Tierra del Fuego
14555,Prepaga a través de obra social,71,-,2,2,Tierra del Fuego
14556,Prepaga a través de obra social,72,19,8,27,Tierra del Fuego
14557,Prepaga a través de obra social,73,6,6,12,Tierra del Fuego
14558,Prepaga a través de obra social,74,5,-,5,Tierra del Fuego
14559,Prepaga a través de obra social,75,8,-,8,Tierra del Fuego
14560,Prepaga a través de obra social,76,-,5,5,Tierra del Fuego
14561,Prepaga a través de obra social,79,-,6,6,Tierra del Fuego
14562,Prepaga a través de obra social,80,1,-,1,Tierra del Fuego
14563,Prepaga a través de obra social,81,21,10,31,Tierra del Fuego
14564,Prepaga a través de obra social,82,-,5,5,Tierra del Fuego
14565,Prepaga a través de obra social,83,6,-,6,Tierra del Fuego
14566,Prepaga a través de obra social,90,-,14,14,Tierra del Fuego
14567,Prepaga a través de obra social,91,-,6,6,Tierra del Fuego
14569,Prepaga sólo por contratación voluntaria,,Varón,Mujer,Total,Tierra del Fuego
14570,Prepaga sólo por contratación voluntaria,0,29,37,66,Tierra del Fuego
14571,Prepaga sólo por contratación voluntaria,1,28,21,49,Tierra del Fuego
14572,Prepaga sólo por contratación voluntaria,2,16,32,48,Tierra del Fuego
14573,Prepaga sólo por contratación voluntaria,3,17,24,41,Tierra del Fuego
14574,Prepaga sólo por contratación voluntaria,4,11,11,22,Tierra del Fuego
14575,Prepaga sólo por contratación voluntaria,5,1,11,12,Tierra del Fuego
14576,Prepaga sólo por contratación voluntaria,6,12,13,25,Tierra del Fuego
14577,Prepaga sólo por contratación voluntaria,7,5,13,18,Tierra del Fuego
14578,Prepaga sólo por contratación voluntaria,8,11,6,17,Tierra del Fuego
14579,Prepaga sólo por contratación voluntaria,9,22,12,34,Tierra del Fuego
14580,Prepaga sólo por contratación voluntaria,10,13,53,66,Tierra del Fuego
14581,Prepaga sólo por contratación voluntaria,11,35,25,60,Tierra del Fuego
14582,Prepaga sólo por contratación voluntaria,12,6,16,22,Tierra del Fuego
14583,Prepaga sólo por contratación voluntaria,13,36,30,66,Tierra del Fuego
14584,Prepaga sólo por contratación voluntaria,14,23,35,58,Tierra del Fuego
14585,Prepaga sólo por contratación voluntaria,15,8,31,39,Tierra del Fuego
14586,Prepaga sólo por contratación voluntaria,16,9,36,45,Tierra del Fuego
14587,Prepaga sólo por contratación voluntaria,17,14,35,49,Tierra del Fuego
14588,Prepaga sólo por contratación voluntaria,18,7,-,7,Tierra del Fuego
14589,Prepaga sólo por contratación voluntaria,19,7,6,13,Tierra del Fuego
14590,Prepaga sólo por contratación voluntaria,20,18,9,27,Tierra del Fuego
14591,Prepaga sólo por contratación voluntaria,21,15,25,40,Tierra del Fuego
14592,Prepaga sólo por contratación voluntaria,22,16,12,28,Tierra del Fuego
14593,Prepaga sólo por contratación voluntaria,23,24,21,45,Tierra del Fuego
14594,Prepaga sólo por contratación voluntaria,24,20,19,39,Tierra del Fuego
14595,Prepaga sólo por contratación voluntaria,25,11,34,45,Tierra del Fuego
14596,Prepaga sólo por contratación voluntaria,26,32,17,49,Tierra del Fuego
14597,Prepaga sólo por contratación voluntaria,27,28,16,44,Tierra del Fuego
14598,Prepaga sólo por contratación voluntaria,28,7,24,31,Tierra del Fuego
14599,Prepaga sólo por contratación voluntaria,29,31,16,47,Tierra del Fuego
14600,Prepaga sólo por contratación voluntaria,30,17,17,34,Tierra del Fuego
14601,Prepaga sólo por contratación voluntaria,31,44,23,67,Tierra del Fuego
14602,Prepaga sólo por contratación voluntaria,32,7,17,24,Tierra del Fuego
14603,Prepaga sólo por contratación voluntaria,33,39,45,84,Tierra del Fuego
14604,Prepaga sólo por contratación voluntaria,34,43,33,76,Tierra del Fuego
14605,Prepaga sólo por contratación voluntaria,35,31,21,52,Tierra del Fuego
14606,Prepaga sólo por contratación voluntaria,36,76,24,100,Tierra del Fuego
14607,Prepaga sólo por contratación voluntaria,37,42,31,73,Tierra del Fuego
14608,Prepaga sólo por contratación voluntaria,38,32,24,56,Tierra del Fuego
14609,Prepaga sólo por contratación voluntaria,39,36,6,42,Tierra del Fuego
14610,Prepaga sólo por contratación voluntaria,40,32,45,77,Tierra del Fuego
14611,Prepaga sólo por contratación voluntaria,41,42,27,69,Tierra del Fuego
14612,Prepaga sólo por contratación voluntaria,42,18,2,20,Tierra del Fuego
14613,Prepaga sólo por contratación voluntaria,43,19,11,30,Tierra del Fuego
14614,Prepaga sólo por contratación voluntaria,44,21,33,54,Tierra del Fuego
14615,Prepaga sólo por contratación voluntaria,45,54,18,72,Tierra del Fuego
14616,Prepaga sólo por contratación voluntaria,46,46,14,60,Tierra del Fuego
14617,Prepaga sólo por contratación voluntaria,47,33,10,43,Tierra del Fuego
14618,Prepaga sólo por contratación voluntaria,48,11,74,85,Tierra del Fuego
14619,Prepaga sólo por contratación voluntaria,49,55,13,68,Tierra del Fuego
14620,Prepaga sólo por contratación voluntaria,50,37,50,87,Tierra del Fuego
14621,Prepaga sólo por contratación voluntaria,51,21,15,36,Tierra del Fuego
14622,Prepaga sólo por contratación voluntaria,52,33,21,54,Tierra del Fuego
14623,Prepaga sólo por contratación voluntaria,53,12,17,29,Tierra del Fuego
14624,Prepaga sólo por contratación voluntaria,54,45,38,83,Tierra del Fuego
14625,Prepaga sólo por contratación voluntaria,55,23,1,24,Tierra del Fuego
14626,Prepaga sólo por contratación voluntaria,56,32,9,41,Tierra del Fuego
14627,Prepaga sólo por contratación voluntaria,57,27,13,40,Tierra del Fuego
14628,Prepaga sólo por contratación voluntaria,58,20,19,39,Tierra del Fuego
14629,Prepaga sólo por contratación voluntaria,59,27,6,33,Tierra del Fuego
14630,Prepaga sólo por contratación voluntaria,60,29,9,38,Tierra del Fuego
14631,Prepaga sólo por contratación voluntaria,61,10,7,17,Tierra del Fuego
14632,Prepaga sólo por contratación voluntaria,62,5,1,6,Tierra del Fuego
14633,Prepaga sólo por contratación voluntaria,63,8,9,17,Tierra del Fuego
14634,Prepaga sólo por contratación voluntaria,64,21,37,58,Tierra del Fuego
14635,Prepaga sólo por contratación voluntaria,65,16,5,21,Tierra del Fuego
14636,Prepaga sólo por contratación voluntaria,66,2,9,11,Tierra del Fuego
14637,Prepaga sólo por contratación voluntaria,67,1,7,8,Tierra del Fuego
14638,Prepaga sólo por contratación voluntaria,68,1,5,6,Tierra del Fuego
14639,Prepaga sólo por contratación voluntaria,69,14,1,15,Tierra del Fuego
14640,Prepaga sólo por contratación voluntaria,70,3,4,7,Tierra del Fuego
14641,Prepaga sólo por contratación voluntaria,72,1,-,1,Tierra del Fuego
14642,Prepaga sólo por contratación voluntaria,73,-,1,1,Tierra del Fuego
14643,Prepaga sólo por contratación voluntaria,74,1,3,4,Tierra del Fuego
14644,Prepaga sólo por contratación voluntaria,75,1,-,1,Tierra del Fuego
14645,Prepaga sólo por contratación voluntaria,77,6,-,6,Tierra del Fuego
14646,Prepaga sólo por contratación voluntaria,80,6,7,13,Tierra del Fuego
14647,Prepaga sólo por contratación voluntaria,83,-,6,6,Tierra del Fuego
14648,Prepaga sólo por contratación voluntaria,92,5,-,5,Tierra del Fuego
14649,Prepaga sólo por contratación voluntaria,99,1,-,1,Tierra del Fuego
14650,Prepaga sólo por contratación voluntaria,104,1,-,1,Tierra del Fuego
14652,Programas o planes estatales de salud,,Varón,Mujer,Total,Tierra del Fuego
14653,Programas o planes estatales de salud,0,190,193,383,Tierra del Fuego
14654,Programas o planes estatales de salud,1,245,264,509,Tierra del Fuego
14655,Programas o planes estatales de salud,2,189,164,353,Tierra del Fuego
14656,Programas o planes estatales de salud,3,171,159,330,Tierra del Fuego
14657,Programas o planes estatales de salud,4,183,139,322,Tierra del Fuego
14658,Programas o planes estatales de salud,5,113,107,220,Tierra del Fuego
14659,Programas o planes estatales de salud,6,97,74,171,Tierra del Fuego
14660,Programas o planes estatales de salud,7,57,56,113,Tierra del Fuego
14661,Programas o planes estatales de salud,8,33,36,69,Tierra del Fuego
14662,Programas o planes estatales de salud,9,109,53,162,Tierra del Fuego
14663,Programas o planes estatales de salud,10,72,84,156,Tierra del Fuego
14664,Programas o planes estatales de salud,11,17,48,65,Tierra del Fuego
14665,Programas o planes estatales de salud,12,52,49,101,Tierra del Fuego
14666,Programas o planes estatales de salud,13,46,44,90,Tierra del Fuego
14667,Programas o planes estatales de salud,14,78,36,114,Tierra del Fuego
14668,Programas o planes estatales de salud,15,30,89,119,Tierra del Fuego
14669,Programas o planes estatales de salud,16,47,41,88,Tierra del Fuego
14670,Programas o planes estatales de salud,17,81,74,155,Tierra del Fuego
14671,Programas o planes estatales de salud,18,29,26,55,Tierra del Fuego
14672,Programas o planes estatales de salud,19,51,53,104,Tierra del Fuego
14673,Programas o planes estatales de salud,20,35,43,78,Tierra del Fuego
14674,Programas o planes estatales de salud,21,13,73,86,Tierra del Fuego
14675,Programas o planes estatales de salud,22,68,60,128,Tierra del Fuego
14676,Programas o planes estatales de salud,23,28,32,60,Tierra del Fuego
14677,Programas o planes estatales de salud,24,68,66,134,Tierra del Fuego
14678,Programas o planes estatales de salud,25,24,67,91,Tierra del Fuego
14679,Programas o planes estatales de salud,26,41,43,84,Tierra del Fuego
14680,Programas o planes estatales de salud,27,42,68,110,Tierra del Fuego
14681,Programas o planes estatales de salud,28,55,69,124,Tierra del Fuego
14682,Programas o planes estatales de salud,29,23,50,73,Tierra del Fuego
14683,Programas o planes estatales de salud,30,31,63,94,Tierra del Fuego
14684,Programas o planes estatales de salud,31,24,31,55,Tierra del Fuego
14685,Programas o planes estatales de salud,32,39,114,153,Tierra del Fuego
14686,Programas o planes estatales de salud,33,27,37,64,Tierra del Fuego
14687,Programas o planes estatales de salud,34,23,18,41,Tierra del Fuego
14688,Programas o planes estatales de salud,35,12,29,41,Tierra del Fuego
14689,Programas o planes estatales de salud,36,39,59,98,Tierra del Fuego
14690,Programas o planes estatales de salud,37,56,44,100,Tierra del Fuego
14691,Programas o planes estatales de salud,38,41,35,76,Tierra del Fuego
14692,Programas o planes estatales de salud,39,41,7,48,Tierra del Fuego
14693,Programas o planes estatales de salud,40,44,25,69,Tierra del Fuego
14694,Programas o planes estatales de salud,41,9,28,37,Tierra del Fuego
14695,Programas o planes estatales de salud,42,16,33,49,Tierra del Fuego
14696,Programas o planes estatales de salud,43,16,43,59,Tierra del Fuego
14697,Programas o planes estatales de salud,44,31,1,32,Tierra del Fuego
14698,Programas o planes estatales de salud,45,7,90,97,Tierra del Fuego
14699,Programas o planes estatales de salud,46,35,47,82,Tierra del Fuego
14700,Programas o planes estatales de salud,47,29,49,78,Tierra del Fuego
14701,Programas o planes estatales de salud,48,65,39,104,Tierra del Fuego
14702,Programas o planes estatales de salud,49,35,17,52,Tierra del Fuego
14703,Programas o planes estatales de salud,50,35,36,71,Tierra del Fuego
14704,Programas o planes estatales de salud,51,45,16,61,Tierra del Fuego
14705,Programas o planes estatales de salud,52,45,64,109,Tierra del Fuego
14706,Programas o planes estatales de salud,53,41,6,47,Tierra del Fuego
14707,Programas o planes estatales de salud,54,48,41,89,Tierra del Fuego
14708,Programas o planes estatales de salud,55,42,21,63,Tierra del Fuego
14709,Programas o planes estatales de salud,56,20,35,55,Tierra del Fuego
14710,Programas o planes estatales de salud,57,37,33,70,Tierra del Fuego
14711,Programas o planes estatales de salud,58,-,20,20,Tierra del Fuego
14712,Programas o planes estatales de salud,59,41,22,63,Tierra del Fuego
14713,Programas o planes estatales de salud,60,36,33,69,Tierra del Fuego
14714,Programas o planes estatales de salud,61,6,9,15,Tierra del Fuego
14715,Programas o planes estatales de salud,62,8,63,71,Tierra del Fuego
14716,Programas o planes estatales de salud,63,12,11,23,Tierra del Fuego
14717,Programas o planes estatales de salud,64,4,6,10,Tierra del Fuego
14718,Programas o planes estatales de salud,65,20,1,21,Tierra del Fuego
14719,Programas o planes estatales de salud,66,12,1,13,Tierra del Fuego
14720,Programas o planes estatales de salud,67,14,-,14,Tierra del Fuego
14721,Programas o planes estatales de salud,68,7,2,9,Tierra del Fuego
14722,Programas o planes estatales de salud,69,28,5,33,Tierra del Fuego
14723,Programas o planes estatales de salud,70,3,1,4,Tierra del Fuego
14724,Programas o planes estatales de salud,71,1,11,12,Tierra del Fuego
14725,Programas o planes estatales de salud,72,1,-,1,Tierra del Fuego
14726,Programas o planes estatales de salud,73,3,1,4,Tierra del Fuego
14727,Programas o planes estatales de salud,74,13,-,13,Tierra del Fuego
14728,Programas o planes estatales de salud,76,13,2,15,Tierra del Fuego
14729,Programas o planes estatales de salud,79,-,7,7,Tierra del Fuego
14730,Programas o planes estatales de salud,84,-,1,1,Tierra del Fuego
14731,Programas o planes estatales de salud,86,-,1,1,Tierra del Fuego
14732,Programas o planes estatales de salud,91,1,-,1,Tierra del Fuego
14734,"No tiene obra social, prepaga o plan estatal",,Varón,Mujer,Total,Tierra del Fuego
14735,"No tiene obra social, prepaga o plan estatal",0,152,111,263,Tierra del Fuego
14736,"No tiene obra social, prepaga o plan estatal",1,182,121,303,Tierra del Fuego
14737,"No tiene obra social, prepaga o plan estatal",2,137,192,329,Tierra del Fuego
14738,"No tiene obra social, prepaga o plan estatal",3,178,170,348,Tierra del Fuego
14739,"No tiene obra social, prepaga o plan estatal",4,194,250,444,Tierra del Fuego
14740,"No tiene obra social, prepaga o plan estatal",5,173,221,394,Tierra del Fuego
14741,"No tiene obra social, prepaga o plan estatal",6,244,243,487,Tierra del Fuego
14742,"No tiene obra social, prepaga o plan estatal",7,225,238,463,Tierra del Fuego
14743,"No tiene obra social, prepaga o plan estatal",8,210,254,464,Tierra del Fuego
14744,"No tiene obra social, prepaga o plan estatal",9,274,237,511,Tierra del Fuego
14745,"No tiene obra social, prepaga o plan estatal",10,214,256,470,Tierra del Fuego
14746,"No tiene obra social, prepaga o plan estatal",11,208,273,481,Tierra del Fuego
14747,"No tiene obra social, prepaga o plan estatal",12,273,269,542,Tierra del Fuego
14748,"No tiene obra social, prepaga o plan estatal",13,215,251,466,Tierra del Fuego
14749,"No tiene obra social, prepaga o plan estatal",14,260,267,527,Tierra del Fuego
14750,"No tiene obra social, prepaga o plan estatal",15,275,230,505,Tierra del Fuego
14751,"No tiene obra social, prepaga o plan estatal",16,148,199,347,Tierra del Fuego
14752,"No tiene obra social, prepaga o plan estatal",17,253,282,535,Tierra del Fuego
14753,"No tiene obra social, prepaga o plan estatal",18,382,326,708,Tierra del Fuego
14754,"No tiene obra social, prepaga o plan estatal",19,387,227,614,Tierra del Fuego
14755,"No tiene obra social, prepaga o plan estatal",20,250,321,571,Tierra del Fuego
14756,"No tiene obra social, prepaga o plan estatal",21,397,384,781,Tierra del Fuego
14757,"No tiene obra social, prepaga o plan estatal",22,320,407,727,Tierra del Fuego
14758,"No tiene obra social, prepaga o plan estatal",23,427,321,748,Tierra del Fuego
14759,"No tiene obra social, prepaga o plan estatal",24,297,350,647,Tierra del Fuego
14760,"No tiene obra social, prepaga o plan estatal",25,278,305,583,Tierra del Fuego
14761,"No tiene obra social, prepaga o plan estatal",26,273,306,579,Tierra del Fuego
14762,"No tiene obra social, prepaga o plan estatal",27,249,282,531,Tierra del Fuego
14763,"No tiene obra social, prepaga o plan estatal",28,403,368,771,Tierra del Fuego
14764,"No tiene obra social, prepaga o plan estatal",29,324,235,559,Tierra del Fuego
14765,"No tiene obra social, prepaga o plan estatal",30,341,277,618,Tierra del Fuego
14766,"No tiene obra social, prepaga o plan estatal",31,314,239,553,Tierra del Fuego
14767,"No tiene obra social, prepaga o plan estatal",32,284,225,509,Tierra del Fuego
14768,"No tiene obra social, prepaga o plan estatal",33,354,225,579,Tierra del Fuego
14769,"No tiene obra social, prepaga o plan estatal",34,278,195,473,Tierra del Fuego
14770,"No tiene obra social, prepaga o plan estatal",35,181,163,344,Tierra del Fuego
14771,"No tiene obra social, prepaga o plan estatal",36,193,167,360,Tierra del Fuego
14772,"No tiene obra social, prepaga o plan estatal",37,240,197,437,Tierra del Fuego
14773,"No tiene obra social, prepaga o plan estatal",38,150,162,312,Tierra del Fuego
14774,"No tiene obra social, prepaga o plan estatal",39,154,111,265,Tierra del Fuego
14775,"No tiene obra social, prepaga o plan estatal",40,202,146,348,Tierra del Fuego
14776,"No tiene obra social, prepaga o plan estatal",41,265,168,433,Tierra del Fuego
14777,"No tiene obra social, prepaga o plan estatal",42,168,136,304,Tierra del Fuego
14778,"No tiene obra social, prepaga o plan estatal",43,117,138,255,Tierra del Fuego
14779,"No tiene obra social, prepaga o plan estatal",44,142,161,303,Tierra del Fuego
14780,"No tiene obra social, prepaga o plan estatal",45,148,152,300,Tierra del Fuego
14781,"No tiene obra social, prepaga o plan estatal",46,158,150,308,Tierra del Fuego
14782,"No tiene obra social, prepaga o plan estatal",47,219,115,334,Tierra del Fuego
14783,"No tiene obra social, prepaga o plan estatal",48,104,183,287,Tierra del Fuego
14784,"No tiene obra social, prepaga o plan estatal",49,177,127,304,Tierra del Fuego
14785,"No tiene obra social, prepaga o plan estatal",50,242,163,405,Tierra del Fuego
14786,"No tiene obra social, prepaga o plan estatal",51,188,115,303,Tierra del Fuego
14787,"No tiene obra social, prepaga o plan estatal",52,162,105,267,Tierra del Fuego
14788,"No tiene obra social, prepaga o plan estatal",53,153,99,252,Tierra del Fuego
14789,"No tiene obra social, prepaga o plan estatal",54,121,71,192,Tierra del Fuego
14790,"No tiene obra social, prepaga o plan estatal",55,122,90,212,Tierra del Fuego
14791,"No tiene obra social, prepaga o plan estatal",56,118,114,232,Tierra del Fuego
14792,"No tiene obra social, prepaga o plan estatal",57,118,70,188,Tierra del Fuego
14793,"No tiene obra social, prepaga o plan estatal",58,109,77,186,Tierra del Fuego
14794,"No tiene obra social, prepaga o plan estatal",59,89,78,167,Tierra del Fuego
14795,"No tiene obra social, prepaga o plan estatal",60,118,46,164,Tierra del Fuego
14796,"No tiene obra social, prepaga o plan estatal",61,78,33,111,Tierra del Fuego
14797,"No tiene obra social, prepaga o plan estatal",62,77,18,95,Tierra del Fuego
14798,"No tiene obra social, prepaga o plan estatal",63,69,6,75,Tierra del Fuego
14799,"No tiene obra social, prepaga o plan estatal",64,64,11,75,Tierra del Fuego
14800,"No tiene obra social, prepaga o plan estatal",65,65,18,83,Tierra del Fuego
14801,"No tiene obra social, prepaga o plan estatal",66,78,7,85,Tierra del Fuego
14802,"No tiene obra social, prepaga o plan estatal",67,18,6,24,Tierra del Fuego
14803,"No tiene obra social, prepaga o plan estatal",68,13,8,21,Tierra del Fuego
14804,"No tiene obra social, prepaga o plan estatal",69,20,21,41,Tierra del Fuego
14805,"No tiene obra social, prepaga o plan estatal",70,13,18,31,Tierra del Fuego
14806,"No tiene obra social, prepaga o plan estatal",71,16,6,22,Tierra del Fuego
14807,"No tiene obra social, prepaga o plan estatal",72,18,15,33,Tierra del Fuego
14808,"No tiene obra social, prepaga o plan estatal",73,-,1,1,Tierra del Fuego
14809,"No tiene obra social, prepaga o plan estatal",75,2,-,2,Tierra del Fuego
14810,"No tiene obra social, prepaga o plan estatal",76,-,15,15,Tierra del Fuego
14811,"No tiene obra social, prepaga o plan estatal",82,-,11,11,Tierra del Fuego
14812,"No tiene obra social, prepaga o plan estatal",84,6,-,6,Tierra del Fuego
14813,"No tiene obra social, prepaga o plan estatal",88,-,8,8,Tierra del Fuego
14814,"No tiene obra social, prepaga o plan estatal",94,6,-,6,Tierra del Fuego
14815,"No tiene obra social, prepaga o plan estatal",95,-,1,1,Tierra del Fuego
14917,RESUMEN,,,,,Tierra del Fuego
14918,RESUMEN,,,,,Tierra del Fuego
14919,Cobertura de salud,Edad,Sexo,,,Tierra del Fuego
14920,Obra social (incluye PAMI),,Varón,Mujer,Total,Tierra del Fuego
14921,Obra social (incluye PAMI),0,122804,117425,240229,Tierra del Fuego
14922,Obra social (incluye PAMI),1,123820,119906,243726,Tierra del Fuego
14923,Obra social (incluye PAMI),2,128488,123473,251961,Tierra del Fuego
14924,Obra social (incluye PAMI),3,124933,118431,243364,Tierra del Fuego
14925,Obra social (incluye PAMI),4,131008,127393,258401,Tierra del Fuego
14926,Obra social (incluye PAMI),5,131455,131574,263029,Tierra del Fuego
14927,Obra social (incluye PAMI),6,137059,131517,268576,Tierra del Fuego
14928,Obra social (incluye PAMI),7,137384,133202,270586,Tierra del Fuego
14929,Obra social (incluye PAMI),8,136233,131666,267899,Tierra del Fuego
14930,Obra social (incluye PAMI),9,139216,135540,274756,Tierra del Fuego
14931,Obra social (incluye PAMI),10,144230,139310,283540,Tierra del Fuego
14932,Obra social (incluye PAMI),11,142496,136225,278721,Tierra del Fuego
14933,Obra social (incluye PAMI),12,142709,136377,279086,Tierra del Fuego
14934,Obra social (incluye PAMI),13,140327,138705,279032,Tierra del Fuego
14935,Obra social (incluye PAMI),14,153455,146581,300036,Tierra del Fuego
14936,Obra social (incluye PAMI),15,147938,146640,294578,Tierra del Fuego
14937,Obra social (incluye PAMI),16,144712,142471,287183,Tierra del Fuego
14938,Obra social (incluye PAMI),17,143297,141919,285216,Tierra del Fuego
14939,Obra social (incluye PAMI),18,138196,139959,278155,Tierra del Fuego
14940,Obra social (incluye PAMI),19,135489,140843,276332,Tierra del Fuego
14941,Obra social (incluye PAMI),20,130905,134322,265227,Tierra del Fuego
14942,Obra social (incluye PAMI),21,109313,105753,215066,Tierra del Fuego
14943,Obra social (incluye PAMI),22,108879,107037,215916,Tierra del Fuego
14944,Obra social (incluye PAMI),23,114423,112524,226947,Tierra del Fuego
14945,Obra social (incluye PAMI),24,115819,115908,231727,Tierra del Fuego
14946,Obra social (incluye PAMI),25,114416,114124,228540,Tierra del Fuego
14947,Obra social (incluye PAMI),26,113339,109543,222882,Tierra del Fuego
14948,Obra social (incluye PAMI),27,115449,116549,231998,Tierra del Fuego
14949,Obra social (incluye PAMI),28,125256,125122,250378,Tierra del Fuego
14950,Obra social (incluye PAMI),29,124421,126353,250774,Tierra del Fuego
14951,Obra social (incluye PAMI),30,132268,134579,266847,Tierra del Fuego
14952,Obra social (incluye PAMI),31,132165,134762,266927,Tierra del Fuego
14953,Obra social (incluye PAMI),32,125684,134205,259889,Tierra del Fuego
14954,Obra social (incluye PAMI),33,126000,133545,259545,Tierra del Fuego
14955,Obra social (incluye PAMI),34,118251,126662,244913,Tierra del Fuego
14956,Obra social (incluye PAMI),35,118091,128685,246776,Tierra del Fuego
14957,Obra social (incluye PAMI),36,112330,119738,232068,Tierra del Fuego
14958,Obra social (incluye PAMI),37,112752,119601,232353,Tierra del Fuego
14959,Obra social (incluye PAMI),38,110604,117251,227855,Tierra del Fuego
14960,Obra social (incluye PAMI),39,109196,118525,227721,Tierra del Fuego
14961,Obra social (incluye PAMI),40,108691,117456,226147,Tierra del Fuego
14962,Obra social (incluye PAMI),41,100145,112721,212866,Tierra del Fuego
14963,Obra social (incluye PAMI),42,97021,109510,206531,Tierra del Fuego
14964,Obra social (incluye PAMI),43,94934,105760,200694,Tierra del Fuego
14965,Obra social (incluye PAMI),44,94274,105421,199695,Tierra del Fuego
14966,Obra social (incluye PAMI),45,97622,109189,206811,Tierra del Fuego
14967,Obra social (incluye PAMI),46,97135,110263,207398,Tierra del Fuego
14968,Obra social (incluye PAMI),47,99868,108591,208459,Tierra del Fuego
14969,Obra social (incluye PAMI),48,97773,107274,205047,Tierra del Fuego
14970,Obra social (incluye PAMI),49,92318,104402,196720,Tierra del Fuego
14971,Obra social (incluye PAMI),50,94133,105657,199790,Tierra del Fuego
14972,Obra social (incluye PAMI),51,87379,101353,188732,Tierra del Fuego
14973,Obra social (incluye PAMI),52,85580,99787,185367,Tierra del Fuego
14974,Obra social (incluye PAMI),53,87656,100732,188388,Tierra del Fuego
14975,Obra social (incluye PAMI),54,82248,102096,184344,Tierra del Fuego
14976,Obra social (incluye PAMI),55,83867,99626,183493,Tierra del Fuego
14977,Obra social (incluye PAMI),56,80406,97410,177816,Tierra del Fuego
14978,Obra social (incluye PAMI),57,80100,98340,178440,Tierra del Fuego
14979,Obra social (incluye PAMI),58,77576,98800,176376,Tierra del Fuego
14980,Obra social (incluye PAMI),59,75575,98596,174171,Tierra del Fuego
14981,Obra social (incluye PAMI),60,79813,111998,191811,Tierra del Fuego
14982,Obra social (incluye PAMI),61,72510,119430,191940,Tierra del Fuego
14983,Obra social (incluye PAMI),62,72873,128494,201367,Tierra del Fuego
14984,Obra social (incluye PAMI),63,72364,129086,201450,Tierra del Fuego
14985,Obra social (incluye PAMI),64,71470,128961,200431,Tierra del Fuego
14986,Obra social (incluye PAMI),65,85531,133644,219175,Tierra del Fuego
14987,Obra social (incluye PAMI),66,94727,122845,217572,Tierra del Fuego
14988,Obra social (incluye PAMI),67,93205,118902,212107,Tierra del Fuego
14989,Obra social (incluye PAMI),68,89497,113371,202868,Tierra del Fuego
14990,Obra social (incluye PAMI),69,85792,107438,193230,Tierra del Fuego
14991,Obra social (incluye PAMI),70,88421,117305,205726,Tierra del Fuego
14992,Obra social (incluye PAMI),71,78893,101055,179948,Tierra del Fuego
14993,Obra social (incluye PAMI),72,73670,98005,171675,Tierra del Fuego
14994,Obra social (incluye PAMI),73,68863,95983,164846,Tierra del Fuego
14995,Obra social (incluye PAMI),74,66664,91475,158139,Tierra del Fuego
14996,Obra social (incluye PAMI),75,64187,93540,157727,Tierra del Fuego
14997,Obra social (incluye PAMI),76,55655,84048,139703,Tierra del Fuego
14998,Obra social (incluye PAMI),77,53721,83149,136870,Tierra del Fuego
14999,Obra social (incluye PAMI),78,53066,81435,134501,Tierra del Fuego
15000,Obra social (incluye PAMI),79,49479,77553,127032,Tierra del Fuego
15001,Obra social (incluye PAMI),80,45346,79804,125150,Tierra del Fuego
15002,Obra social (incluye PAMI),81,38504,68526,107030,Tierra del Fuego
15003,Obra social (incluye PAMI),82,34618,63309,97927,Tierra del Fuego
15004,Obra social (incluye PAMI),83,30161,58558,88719,Tierra del Fuego
15005,Obra social (incluye PAMI),84,26035,53427,79462,Tierra del Fuego
15006,Obra social (incluye PAMI),85,23248,47801,71049,Tierra del Fuego
15007,Obra social (incluye PAMI),86,19702,42103,61805,Tierra del Fuego
15008,Obra social (incluye PAMI),87,16216,36927,53143,Tierra del Fuego
15009,Obra social (incluye PAMI),88,12750,32100,44850,Tierra del Fuego
15010,Obra social (incluye PAMI),89,10145,26445,36590,Tierra del Fuego
15011,Obra social (incluye PAMI),90,7855,21825,29680,Tierra del Fuego
15012,Obra social (incluye PAMI),91,5247,15219,20466,Tierra del Fuego
15013,Obra social (incluye PAMI),92,3938,12243,16181,Tierra del Fuego
15014,Obra social (incluye PAMI),93,3005,9967,12972,Tierra del Fuego
15015,Obra social (incluye PAMI),94,2225,7471,9696,Tierra del Fuego
15016,Obra social (incluye PAMI),95,1513,5646,7159,Tierra del Fuego
15017,Obra social (incluye PAMI),96,973,3970,4943,Tierra del Fuego
15018,Obra social (incluye PAMI),97,617,2866,3483,Tierra del Fuego
15019,Obra social (incluye PAMI),98,419,1956,2375,Tierra del Fuego
15020,Obra social (incluye PAMI),99,264,1246,1510,Tierra del Fuego
15021,Obra social (incluye PAMI),100,186,1050,1236,Tierra del Fuego
15022,Obra social (incluye PAMI),101,131,515,646,Tierra del Fuego
15023,Obra social (incluye PAMI),102,86,288,374,Tierra del Fuego
15024,Obra social (incluye PAMI),103,30,165,195,Tierra del Fuego
15025,Obra social (incluye PAMI),104,17,63,80,Tierra del Fuego
15026,Obra social (incluye PAMI),105,19,43,62,Tierra del Fuego
15027,Obra social (incluye PAMI),106,5,35,40,Tierra del Fuego
15028,Obra social (incluye PAMI),107,7,31,38,Tierra del Fuego
15029,Obra social (incluye PAMI),108,14,5,19,Tierra del Fuego
15030,Obra social (incluye PAMI),109,3,13,16,Tierra del Fuego
15031,Obra social (incluye PAMI),110,27,72,99,Tierra del Fuego
15033,Prepaga a través de obra social,,Varón,Mujer,Total,Tierra del Fuego
15034,Prepaga a través de obra social,0,37261,35350,72611,Tierra del Fuego
15035,Prepaga a través de obra social,1,36757,35834,72591,Tierra del Fuego
15036,Prepaga a través de obra social,2,37476,36107,73583,Tierra del Fuego
15037,Prepaga a través de obra social,3,35598,35057,70655,Tierra del Fuego
15038,Prepaga a través de obra social,4,37308,36442,73750,Tierra del Fuego
15039,Prepaga a través de obra social,5,37747,36825,74572,Tierra del Fuego
15040,Prepaga a través de obra social,6,38294,37307,75601,Tierra del Fuego
15041,Prepaga a través de obra social,7,37003,35188,72191,Tierra del Fuego
15042,Prepaga a través de obra social,8,36078,34839,70917,Tierra del Fuego
15043,Prepaga a través de obra social,9,35910,35444,71354,Tierra del Fuego
15044,Prepaga a través de obra social,10,36130,35395,71525,Tierra del Fuego
15045,Prepaga a través de obra social,11,34771,33513,68284,Tierra del Fuego
15046,Prepaga a través de obra social,12,34601,33376,67977,Tierra del Fuego
15047,Prepaga a través de obra social,13,32275,32948,65223,Tierra del Fuego
15048,Prepaga a través de obra social,14,35687,32710,68397,Tierra del Fuego
15049,Prepaga a través de obra social,15,34729,33107,67836,Tierra del Fuego
15050,Prepaga a través de obra social,16,32880,31361,64241,Tierra del Fuego
15051,Prepaga a través de obra social,17,31198,32314,63512,Tierra del Fuego
15052,Prepaga a través de obra social,18,31432,31033,62465,Tierra del Fuego
15053,Prepaga a través de obra social,19,31738,32222,63960,Tierra del Fuego
15054,Prepaga a través de obra social,20,32496,31863,64359,Tierra del Fuego
15055,Prepaga a través de obra social,21,29258,28019,57277,Tierra del Fuego
15056,Prepaga a través de obra social,22,30795,29561,60356,Tierra del Fuego
15057,Prepaga a través de obra social,23,32150,32650,64800,Tierra del Fuego
15058,Prepaga a través de obra social,24,36605,34283,70888,Tierra del Fuego
15059,Prepaga a través de obra social,25,35756,36614,72370,Tierra del Fuego
15060,Prepaga a través de obra social,26,35949,36056,72005,Tierra del Fuego
15061,Prepaga a través de obra social,27,36772,39329,76101,Tierra del Fuego
15062,Prepaga a través de obra social,28,39502,41679,81181,Tierra del Fuego
15063,Prepaga a través de obra social,29,42025,42010,84035,Tierra del Fuego
15064,Prepaga a través de obra social,30,43868,45345,89213,Tierra del Fuego
15065,Prepaga a través de obra social,31,43423,43572,86995,Tierra del Fuego
15066,Prepaga a través de obra social,32,42039,43976,86015,Tierra del Fuego
15067,Prepaga a través de obra social,33,41371,43821,85192,Tierra del Fuego
15068,Prepaga a través de obra social,34,40776,41916,82692,Tierra del Fuego
15069,Prepaga a través de obra social,35,39270,41454,80724,Tierra del Fuego
15070,Prepaga a través de obra social,36,36781,38251,75032,Tierra del Fuego
15071,Prepaga a través de obra social,37,37247,36716,73963,Tierra del Fuego
15072,Prepaga a través de obra social,38,36532,36032,72564,Tierra del Fuego
15073,Prepaga a través de obra social,39,35266,34877,70143,Tierra del Fuego
15074,Prepaga a través de obra social,40,33438,34162,67600,Tierra del Fuego
15075,Prepaga a través de obra social,41,31439,30786,62225,Tierra del Fuego
15076,Prepaga a través de obra social,42,29700,29254,58954,Tierra del Fuego
15077,Prepaga a través de obra social,43,27465,28381,55846,Tierra del Fuego
15078,Prepaga a través de obra social,44,27138,28353,55491,Tierra del Fuego
15079,Prepaga a través de obra social,45,28113,28117,56230,Tierra del Fuego
15080,Prepaga a través de obra social,46,27166,26996,54162,Tierra del Fuego
15081,Prepaga a través de obra social,47,26969,27879,54848,Tierra del Fuego
15082,Prepaga a través de obra social,48,27016,26655,53671,Tierra del Fuego
15083,Prepaga a través de obra social,49,25779,25749,51528,Tierra del Fuego
15084,Prepaga a través de obra social,50,26635,26308,52943,Tierra del Fuego
15085,Prepaga a través de obra social,51,23476,24998,48474,Tierra del Fuego
15086,Prepaga a través de obra social,52,22679,24051,46730,Tierra del Fuego
15087,Prepaga a través de obra social,53,23156,23640,46796,Tierra del Fuego
15088,Prepaga a través de obra social,54,22171,24172,46343,Tierra del Fuego
15089,Prepaga a través de obra social,55,22729,23205,45934,Tierra del Fuego
15090,Prepaga a través de obra social,56,20742,21936,42678,Tierra del Fuego
15091,Prepaga a través de obra social,57,20572,21429,42001,Tierra del Fuego
15092,Prepaga a través de obra social,58,19705,19814,39519,Tierra del Fuego
15093,Prepaga a través de obra social,59,18532,19300,37832,Tierra del Fuego
15094,Prepaga a través de obra social,60,19259,17232,36491,Tierra del Fuego
15095,Prepaga a través de obra social,61,16618,12478,29096,Tierra del Fuego
15096,Prepaga a través de obra social,62,15852,11329,27181,Tierra del Fuego
15097,Prepaga a través de obra social,63,14544,9846,24390,Tierra del Fuego
15098,Prepaga a través de obra social,64,13934,9460,23394,Tierra del Fuego
15099,Prepaga a través de obra social,65,11234,8482,19716,Tierra del Fuego
15100,Prepaga a través de obra social,66,7748,6914,14662,Tierra del Fuego
15101,Prepaga a través de obra social,67,6135,6277,12412,Tierra del Fuego
15102,Prepaga a través de obra social,68,5506,5588,11094,Tierra del Fuego
15103,Prepaga a través de obra social,69,4687,5482,10169,Tierra del Fuego
15104,Prepaga a través de obra social,70,5236,5471,10707,Tierra del Fuego
15105,Prepaga a través de obra social,71,4174,4972,9146,Tierra del Fuego
15106,Prepaga a través de obra social,72,3590,4895,8485,Tierra del Fuego
15107,Prepaga a través de obra social,73,3520,4219,7739,Tierra del Fuego
15108,Prepaga a través de obra social,74,3109,4167,7276,Tierra del Fuego
15109,Prepaga a través de obra social,75,3015,4256,7271,Tierra del Fuego
15110,Prepaga a través de obra social,76,2745,3768,6513,Tierra del Fuego
15111,Prepaga a través de obra social,77,2441,3381,5822,Tierra del Fuego
15112,Prepaga a través de obra social,78,2457,3528,5985,Tierra del Fuego
15113,Prepaga a través de obra social,79,2391,3452,5843,Tierra del Fuego
15114,Prepaga a través de obra social,80,2088,3337,5425,Tierra del Fuego
15115,Prepaga a través de obra social,81,1994,2821,4815,Tierra del Fuego
15116,Prepaga a través de obra social,82,1443,2592,4035,Tierra del Fuego
15117,Prepaga a través de obra social,83,1187,2267,3454,Tierra del Fuego
15118,Prepaga a través de obra social,84,1132,2297,3429,Tierra del Fuego
15119,Prepaga a través de obra social,85,1125,1893,3018,Tierra del Fuego
15120,Prepaga a través de obra social,86,900,1705,2605,Tierra del Fuego
15121,Prepaga a través de obra social,87,719,1397,2116,Tierra del Fuego
15122,Prepaga a través de obra social,88,644,1229,1873,Tierra del Fuego
15123,Prepaga a través de obra social,89,534,1103,1637,Tierra del Fuego
15124,Prepaga a través de obra social,90,399,764,1163,Tierra del Fuego
15125,Prepaga a través de obra social,91,232,585,817,Tierra del Fuego
15126,Prepaga a través de obra social,92,205,577,782,Tierra del Fuego
15127,Prepaga a través de obra social,93,110,449,559,Tierra del Fuego
15128,Prepaga a través de obra social,94,95,326,421,Tierra del Fuego
15129,Prepaga a través de obra social,95,26,225,251,Tierra del Fuego
15130,Prepaga a través de obra social,96,67,162,229,Tierra del Fuego
15131,Prepaga a través de obra social,97,21,132,153,Tierra del Fuego
15132,Prepaga a través de obra social,98,32,70,102,Tierra del Fuego
15133,Prepaga a través de obra social,99,3,46,49,Tierra del Fuego
15134,Prepaga a través de obra social,100,14,55,69,Tierra del Fuego
15135,Prepaga a través de obra social,101,12,20,32,Tierra del Fuego
15136,Prepaga a través de obra social,102,-,4,4,Tierra del Fuego
15137,Prepaga a través de obra social,103,1,6,7,Tierra del Fuego
15138,Prepaga a través de obra social,104,-,1,1,Tierra del Fuego
15139,Prepaga a través de obra social,105,-,2,2,Tierra del Fuego
15140,Prepaga a través de obra social,106,2,11,13,Tierra del Fuego
15141,Prepaga a través de obra social,107,1,1,2,Tierra del Fuego
15142,Prepaga a través de obra social,108,-,1,1,Tierra del Fuego
15143,Prepaga a través de obra social,109,2,11,13,Tierra del Fuego
15144,Prepaga a través de obra social,110,1,2,3,Tierra del Fuego
15146,Prepaga sólo por contratación voluntaria,,Varón,Mujer,Total,Tierra del Fuego
15147,Prepaga sólo por contratación voluntaria,0,15046,14485,29531,Tierra del Fuego
15148,Prepaga sólo por contratación voluntaria,1,14817,14555,29372,Tierra del Fuego
15149,Prepaga sólo por contratación voluntaria,2,14774,14516,29290,Tierra del Fuego
15150,Prepaga sólo por contratación voluntaria,3,14222,13502,27724,Tierra del Fuego
15151,Prepaga sólo por contratación voluntaria,4,14429,13863,28292,Tierra del Fuego
15152,Prepaga sólo por contratación voluntaria,5,14643,13528,28171,Tierra del Fuego
15153,Prepaga sólo por contratación voluntaria,6,14312,13806,28118,Tierra del Fuego
15154,Prepaga sólo por contratación voluntaria,7,14721,13280,28001,Tierra del Fuego
15155,Prepaga sólo por contratación voluntaria,8,13997,12843,26840,Tierra del Fuego
15156,Prepaga sólo por contratación voluntaria,9,13414,13223,26637,Tierra del Fuego
15157,Prepaga sólo por contratación voluntaria,10,13933,13381,27314,Tierra del Fuego
15158,Prepaga sólo por contratación voluntaria,11,13232,12419,25651,Tierra del Fuego
15159,Prepaga sólo por contratación voluntaria,12,13061,12410,25471,Tierra del Fuego
15160,Prepaga sólo por contratación voluntaria,13,13152,12281,25433,Tierra del Fuego
15161,Prepaga sólo por contratación voluntaria,14,13770,13255,27025,Tierra del Fuego
15162,Prepaga sólo por contratación voluntaria,15,13364,13205,26569,Tierra del Fuego
15163,Prepaga sólo por contratación voluntaria,16,12860,12145,25005,Tierra del Fuego
15164,Prepaga sólo por contratación voluntaria,17,12916,13245,26161,Tierra del Fuego
15165,Prepaga sólo por contratación voluntaria,18,12669,13876,26545,Tierra del Fuego
15166,Prepaga sólo por contratación voluntaria,19,13644,14175,27819,Tierra del Fuego
15167,Prepaga sólo por contratación voluntaria,20,13891,14237,28128,Tierra del Fuego
15168,Prepaga sólo por contratación voluntaria,21,14179,15685,29864,Tierra del Fuego
15169,Prepaga sólo por contratación voluntaria,22,13818,15843,29661,Tierra del Fuego
15170,Prepaga sólo por contratación voluntaria,23,15298,17227,32525,Tierra del Fuego
15171,Prepaga sólo por contratación voluntaria,24,14885,17985,32870,Tierra del Fuego
15172,Prepaga sólo por contratación voluntaria,25,15988,17922,33910,Tierra del Fuego
15173,Prepaga sólo por contratación voluntaria,26,16065,18865,34930,Tierra del Fuego
15174,Prepaga sólo por contratación voluntaria,27,16270,18228,34498,Tierra del Fuego
15175,Prepaga sólo por contratación voluntaria,28,16747,20169,36916,Tierra del Fuego
15176,Prepaga sólo por contratación voluntaria,29,15905,18709,34614,Tierra del Fuego
15177,Prepaga sólo por contratación voluntaria,30,16843,19792,36635,Tierra del Fuego
15178,Prepaga sólo por contratación voluntaria,31,16650,19860,36510,Tierra del Fuego
15179,Prepaga sólo por contratación voluntaria,32,16900,18842,35742,Tierra del Fuego
15180,Prepaga sólo por contratación voluntaria,33,16939,18845,35784,Tierra del Fuego
15181,Prepaga sólo por contratación voluntaria,34,16749,17820,34569,Tierra del Fuego
15182,Prepaga sólo por contratación voluntaria,35,16969,18256,35225,Tierra del Fuego
15183,Prepaga sólo por contratación voluntaria,36,16199,16909,33108,Tierra del Fuego
15184,Prepaga sólo por contratación voluntaria,37,15575,16591,32166,Tierra del Fuego
15185,Prepaga sólo por contratación voluntaria,38,14948,15988,30936,Tierra del Fuego
15186,Prepaga sólo por contratación voluntaria,39,14910,15719,30629,Tierra del Fuego
15187,Prepaga sólo por contratación voluntaria,40,15347,15565,30912,Tierra del Fuego
15188,Prepaga sólo por contratación voluntaria,41,14483,14076,28559,Tierra del Fuego
15189,Prepaga sólo por contratación voluntaria,42,13597,14098,27695,Tierra del Fuego
15190,Prepaga sólo por contratación voluntaria,43,13215,13880,27095,Tierra del Fuego
15191,Prepaga sólo por contratación voluntaria,44,12928,13657,26585,Tierra del Fuego
15192,Prepaga sólo por contratación voluntaria,45,13736,13879,27615,Tierra del Fuego
15193,Prepaga sólo por contratación voluntaria,46,13002,14006,27008,Tierra del Fuego
15194,Prepaga sólo por contratación voluntaria,47,13668,14448,28116,Tierra del Fuego
15195,Prepaga sólo por contratación voluntaria,48,12926,14181,27107,Tierra del Fuego
15196,Prepaga sólo por contratación voluntaria,49,13878,14792,28670,Tierra del Fuego
15197,Prepaga sólo por contratación voluntaria,50,14214,15436,29650,Tierra del Fuego
15198,Prepaga sólo por contratación voluntaria,51,13661,15272,28933,Tierra del Fuego
15199,Prepaga sólo por contratación voluntaria,52,12985,14318,27303,Tierra del Fuego
15200,Prepaga sólo por contratación voluntaria,53,13826,14988,28814,Tierra del Fuego
15201,Prepaga sólo por contratación voluntaria,54,13608,15020,28628,Tierra del Fuego
15202,Prepaga sólo por contratación voluntaria,55,13871,15526,29397,Tierra del Fuego
15203,Prepaga sólo por contratación voluntaria,56,13643,14575,28218,Tierra del Fuego
15204,Prepaga sólo por contratación voluntaria,57,13416,14271,27687,Tierra del Fuego
15205,Prepaga sólo por contratación voluntaria,58,13273,14354,27627,Tierra del Fuego
15206,Prepaga sólo por contratación voluntaria,59,13415,14609,28024,Tierra del Fuego
15207,Prepaga sólo por contratación voluntaria,60,13589,14015,27604,Tierra del Fuego
15208,Prepaga sólo por contratación voluntaria,61,12725,10024,22749,Tierra del Fuego
15209,Prepaga sólo por contratación voluntaria,62,13000,9298,22298,Tierra del Fuego
15210,Prepaga sólo por contratación voluntaria,63,11481,8179,19660,Tierra del Fuego
15211,Prepaga sólo por contratación voluntaria,64,10458,7885,18343,Tierra del Fuego
15212,Prepaga sólo por contratación voluntaria,65,8392,7932,16324,Tierra del Fuego
15213,Prepaga sólo por contratación voluntaria,66,6694,7036,13730,Tierra del Fuego
15214,Prepaga sólo por contratación voluntaria,67,5757,6291,12048,Tierra del Fuego
15215,Prepaga sólo por contratación voluntaria,68,5245,5769,11014,Tierra del Fuego
15216,Prepaga sólo por contratación voluntaria,69,4569,4944,9513,Tierra del Fuego
15217,Prepaga sólo por contratación voluntaria,70,4398,5625,10023,Tierra del Fuego
15218,Prepaga sólo por contratación voluntaria,71,3913,4614,8527,Tierra del Fuego
15219,Prepaga sólo por contratación voluntaria,72,3663,4274,7937,Tierra del Fuego
15220,Prepaga sólo por contratación voluntaria,73,3129,4369,7498,Tierra del Fuego
15221,Prepaga sólo por contratación voluntaria,74,2974,3963,6937,Tierra del Fuego
15222,Prepaga sólo por contratación voluntaria,75,2888,3851,6739,Tierra del Fuego
15223,Prepaga sólo por contratación voluntaria,76,2012,3443,5455,Tierra del Fuego
15224,Prepaga sólo por contratación voluntaria,77,2763,3027,5790,Tierra del Fuego
15225,Prepaga sólo por contratación voluntaria,78,2251,3261,5512,Tierra del Fuego
15226,Prepaga sólo por contratación voluntaria,79,2016,3230,5246,Tierra del Fuego
15227,Prepaga sólo por contratación voluntaria,80,2164,3331,5495,Tierra del Fuego
15228,Prepaga sólo por contratación voluntaria,81,1671,2912,4583,Tierra del Fuego
15229,Prepaga sólo por contratación voluntaria,82,1627,2778,4405,Tierra del Fuego
15230,Prepaga sólo por contratación voluntaria,83,1426,2325,3751,Tierra del Fuego
15231,Prepaga sólo por contratación voluntaria,84,1290,2293,3583,Tierra del Fuego
15232,Prepaga sólo por contratación voluntaria,85,1226,2384,3610,Tierra del Fuego
15233,Prepaga sólo por contratación voluntaria,86,799,1687,2486,Tierra del Fuego
15234,Prepaga sólo por contratación voluntaria,87,666,1471,2137,Tierra del Fuego
15235,Prepaga sólo por contratación voluntaria,88,605,1260,1865,Tierra del Fuego
15236,Prepaga sólo por contratación voluntaria,89,428,944,1372,Tierra del Fuego
15237,Prepaga sólo por contratación voluntaria,90,507,881,1388,Tierra del Fuego
15238,Prepaga sólo por contratación voluntaria,91,211,471,682,Tierra del Fuego
15239,Prepaga sólo por contratación voluntaria,92,247,493,740,Tierra del Fuego
15240,Prepaga sólo por contratación voluntaria,93,125,490,615,Tierra del Fuego
15241,Prepaga sólo por contratación voluntaria,94,105,315,420,Tierra del Fuego
15242,Prepaga sólo por contratación voluntaria,95,56,317,373,Tierra del Fuego
15243,Prepaga sólo por contratación voluntaria,96,65,187,252,Tierra del Fuego
15244,Prepaga sólo por contratación voluntaria,97,24,117,141,Tierra del Fuego
15245,Prepaga sólo por contratación voluntaria,98,30,76,106,Tierra del Fuego
15246,Prepaga sólo por contratación voluntaria,99,6,68,74,Tierra del Fuego
15247,Prepaga sólo por contratación voluntaria,100,2,37,39,Tierra del Fuego
15248,Prepaga sólo por contratación voluntaria,101,1,4,5,Tierra del Fuego
15249,Prepaga sólo por contratación voluntaria,102,-,12,12,Tierra del Fuego
15250,Prepaga sólo por contratación voluntaria,103,-,4,4,Tierra del Fuego
15251,Prepaga sólo por contratación voluntaria,104,2,11,13,Tierra del Fuego
15252,Prepaga sólo por contratación voluntaria,105,-,14,14,Tierra del Fuego
15253,Prepaga sólo por contratación voluntaria,106,-,13,13,Tierra del Fuego
15254,Prepaga sólo por contratación voluntaria,107,-,4,4,Tierra del Fuego
15255,Prepaga sólo por contratación voluntaria,110,12,3,15,Tierra del Fuego
15257,Programas o planes estatales de salud,,Varón,Mujer,Total,Tierra del Fuego
15258,Programas o planes estatales de salud,0,11650,11124,22774,Tierra del Fuego
15259,Programas o planes estatales de salud,1,11684,11250,22934,Tierra del Fuego
15260,Programas o planes estatales de salud,2,11387,10753,22140,Tierra del Fuego
15261,Programas o planes estatales de salud,3,10327,10517,20844,Tierra del Fuego
15262,Programas o planes estatales de salud,4,10271,9405,19676,Tierra del Fuego
15263,Programas o planes estatales de salud,5,9783,9155,18938,Tierra del Fuego
15264,Programas o planes estatales de salud,6,7930,7496,15426,Tierra del Fuego
15265,Programas o planes estatales de salud,7,7077,6785,13862,Tierra del Fuego
15266,Programas o planes estatales de salud,8,7214,6699,13913,Tierra del Fuego
15267,Programas o planes estatales de salud,9,6922,7037,13959,Tierra del Fuego
15268,Programas o planes estatales de salud,10,7607,6672,14279,Tierra del Fuego
15269,Programas o planes estatales de salud,11,7155,6675,13830,Tierra del Fuego
15270,Programas o planes estatales de salud,12,7419,7380,14799,Tierra del Fuego
15271,Programas o planes estatales de salud,13,7044,6981,14025,Tierra del Fuego
15272,Programas o planes estatales de salud,14,7906,7229,15135,Tierra del Fuego
15273,Programas o planes estatales de salud,15,7685,7196,14881,Tierra del Fuego
15274,Programas o planes estatales de salud,16,7030,6798,13828,Tierra del Fuego
15275,Programas o planes estatales de salud,17,6654,6712,13366,Tierra del Fuego
15276,Programas o planes estatales de salud,18,6039,5956,11995,Tierra del Fuego
15277,Programas o planes estatales de salud,19,5795,5995,11790,Tierra del Fuego
15278,Programas o planes estatales de salud,20,5398,5598,10996,Tierra del Fuego
15279,Programas o planes estatales de salud,21,4949,5435,10384,Tierra del Fuego
15280,Programas o planes estatales de salud,22,4575,5153,9728,Tierra del Fuego
15281,Programas o planes estatales de salud,23,4491,5454,9945,Tierra del Fuego
15282,Programas o planes estatales de salud,24,5177,5042,10219,Tierra del Fuego
15283,Programas o planes estatales de salud,25,4332,4899,9231,Tierra del Fuego
15284,Programas o planes estatales de salud,26,4284,4601,8885,Tierra del Fuego
15285,Programas o planes estatales de salud,27,4358,5031,9389,Tierra del Fuego
15286,Programas o planes estatales de salud,28,4597,5550,10147,Tierra del Fuego
15287,Programas o planes estatales de salud,29,4420,5085,9505,Tierra del Fuego
15288,Programas o planes estatales de salud,30,4710,5692,10402,Tierra del Fuego
15289,Programas o planes estatales de salud,31,4375,5412,9787,Tierra del Fuego
15290,Programas o planes estatales de salud,32,4237,5351,9588,Tierra del Fuego
15291,Programas o planes estatales de salud,33,4281,4725,9006,Tierra del Fuego
15292,Programas o planes estatales de salud,34,3731,5021,8752,Tierra del Fuego
15293,Programas o planes estatales de salud,35,4149,4869,9018,Tierra del Fuego
15294,Programas o planes estatales de salud,36,3617,4977,8594,Tierra del Fuego
15295,Programas o planes estatales de salud,37,3239,5018,8257,Tierra del Fuego
15296,Programas o planes estatales de salud,38,3486,4926,8412,Tierra del Fuego
15297,Programas o planes estatales de salud,39,3648,4987,8635,Tierra del Fuego
15298,Programas o planes estatales de salud,40,3747,5275,9022,Tierra del Fuego
15299,Programas o planes estatales de salud,41,3390,4970,8360,Tierra del Fuego
15300,Programas o planes estatales de salud,42,3322,4826,8148,Tierra del Fuego
15301,Programas o planes estatales de salud,43,3085,4873,7958,Tierra del Fuego
15302,Programas o planes estatales de salud,44,3209,4792,8001,Tierra del Fuego
15303,Programas o planes estatales de salud,45,3584,5537,9121,Tierra del Fuego
15304,Programas o planes estatales de salud,46,3436,5021,8457,Tierra del Fuego
15305,Programas o planes estatales de salud,47,3320,5507,8827,Tierra del Fuego
15306,Programas o planes estatales de salud,48,3545,5025,8570,Tierra del Fuego
15307,Programas o planes estatales de salud,49,3450,5364,8814,Tierra del Fuego
15308,Programas o planes estatales de salud,50,3775,5368,9143,Tierra del Fuego
15309,Programas o planes estatales de salud,51,3355,5190,8545,Tierra del Fuego
15310,Programas o planes estatales de salud,52,3173,5304,8477,Tierra del Fuego
15311,Programas o planes estatales de salud,53,3563,5456,9019,Tierra del Fuego
15312,Programas o planes estatales de salud,54,3532,5056,8588,Tierra del Fuego
15313,Programas o planes estatales de salud,55,3491,5403,8894,Tierra del Fuego
15314,Programas o planes estatales de salud,56,3226,5132,8358,Tierra del Fuego
15315,Programas o planes estatales de salud,57,3337,5201,8538,Tierra del Fuego
15316,Programas o planes estatales de salud,58,3301,4749,8050,Tierra del Fuego
15317,Programas o planes estatales de salud,59,3493,4914,8407,Tierra del Fuego
15318,Programas o planes estatales de salud,60,3521,4316,7837,Tierra del Fuego
15319,Programas o planes estatales de salud,61,3285,3395,6680,Tierra del Fuego
15320,Programas o planes estatales de salud,62,3099,3004,6103,Tierra del Fuego
15321,Programas o planes estatales de salud,63,2895,2659,5554,Tierra del Fuego
15322,Programas o planes estatales de salud,64,2481,1715,4196,Tierra del Fuego
15323,Programas o planes estatales de salud,65,2097,1813,3910,Tierra del Fuego
15324,Programas o planes estatales de salud,66,1537,1507,3044,Tierra del Fuego
15325,Programas o planes estatales de salud,67,1139,1469,2608,Tierra del Fuego
15326,Programas o planes estatales de salud,68,1219,1413,2632,Tierra del Fuego
15327,Programas o planes estatales de salud,69,942,1227,2169,Tierra del Fuego
15328,Programas o planes estatales de salud,70,796,1320,2116,Tierra del Fuego
15329,Programas o planes estatales de salud,71,844,1191,2035,Tierra del Fuego
15330,Programas o planes estatales de salud,72,733,1037,1770,Tierra del Fuego
15331,Programas o planes estatales de salud,73,762,923,1685,Tierra del Fuego
15332,Programas o planes estatales de salud,74,774,1060,1834,Tierra del Fuego
15333,Programas o planes estatales de salud,75,662,1120,1782,Tierra del Fuego
15334,Programas o planes estatales de salud,76,729,1284,2013,Tierra del Fuego
15335,Programas o planes estatales de salud,77,653,1012,1665,Tierra del Fuego
15336,Programas o planes estatales de salud,78,554,1057,1611,Tierra del Fuego
15337,Programas o planes estatales de salud,79,598,863,1461,Tierra del Fuego
15338,Programas o planes estatales de salud,80,561,921,1482,Tierra del Fuego
15339,Programas o planes estatales de salud,81,401,823,1224,Tierra del Fuego
15340,Programas o planes estatales de salud,82,447,693,1140,Tierra del Fuego
15341,Programas o planes estatales de salud,83,350,653,1003,Tierra del Fuego
15342,Programas o planes estatales de salud,84,319,609,928,Tierra del Fuego
15343,Programas o planes estatales de salud,85,279,621,900,Tierra del Fuego
15344,Programas o planes estatales de salud,86,212,409,621,Tierra del Fuego
15345,Programas o planes estatales de salud,87,164,355,519,Tierra del Fuego
15346,Programas o planes estatales de salud,88,155,416,571,Tierra del Fuego
15347,Programas o planes estatales de salud,89,142,300,442,Tierra del Fuego
15348,Programas o planes estatales de salud,90,99,229,328,Tierra del Fuego
15349,Programas o planes estatales de salud,91,75,171,246,Tierra del Fuego
15350,Programas o planes estatales de salud,92,42,158,200,Tierra del Fuego
15351,Programas o planes estatales de salud,93,38,151,189,Tierra del Fuego
15352,Programas o planes estatales de salud,94,57,104,161,Tierra del Fuego
15353,Programas o planes estatales de salud,95,40,66,106,Tierra del Fuego
15354,Programas o planes estatales de salud,96,20,60,80,Tierra del Fuego
15355,Programas o planes estatales de salud,97,15,67,82,Tierra del Fuego
15356,Programas o planes estatales de salud,98,3,21,24,Tierra del Fuego
15357,Programas o planes estatales de salud,99,2,26,28,Tierra del Fuego
15358,Programas o planes estatales de salud,100,5,24,29,Tierra del Fuego
15359,Programas o planes estatales de salud,101,5,4,9,Tierra del Fuego
15360,Programas o planes estatales de salud,102,2,1,3,Tierra del Fuego
15361,Programas o planes estatales de salud,103,-,2,2,Tierra del Fuego
15362,Programas o planes estatales de salud,104,1,1,2,Tierra del Fuego
15363,Programas o planes estatales de salud,105,-,2,2,Tierra del Fuego
15364,Programas o planes estatales de salud,106,-,1,1,Tierra del Fuego
15365,Programas o planes estatales de salud,107,-,1,1,Tierra del Fuego
15366,Programas o planes estatales de salud,110,1,11,12,Tierra del Fuego
15368,"No tiene obra social, prepaga o plan estatal",,Varón,Mujer,Total,Tierra del Fuego
15369,"No tiene obra social, prepaga o plan estatal",0,162463,155074,317537,Tierra del Fuego
15370,"No tiene obra social, prepaga o plan estatal",1,154312,150959,305271,Tierra del Fuego
15371,"No tiene obra social, prepaga o plan estatal",2,151733,146111,297844,Tierra del Fuego
15372,"No tiene obra social, prepaga o plan estatal",3,143635,141840,285475,Tierra del Fuego
15373,"No tiene obra social, prepaga o plan estatal",4,143024,138491,281515,Tierra del Fuego
15374,"No tiene obra social, prepaga o plan estatal",5,146169,141523,287692,Tierra del Fuego
15375,"No tiene obra social, prepaga o plan estatal",6,149313,146253,295566,Tierra del Fuego
15376,"No tiene obra social, prepaga o plan estatal",7,147675,145184,292859,Tierra del Fuego
15377,"No tiene obra social, prepaga o plan estatal",8,148907,144223,293130,Tierra del Fuego
15378,"No tiene obra social, prepaga o plan estatal",9,150099,143921,294020,Tierra del Fuego
15379,"No tiene obra social, prepaga o plan estatal",10,157445,154111,311556,Tierra del Fuego
15380,"No tiene obra social, prepaga o plan estatal",11,152855,149314,302169,Tierra del Fuego
15381,"No tiene obra social, prepaga o plan estatal",12,153881,149654,303535,Tierra del Fuego
15382,"No tiene obra social, prepaga o plan estatal",13,148756,146494,295250,Tierra del Fuego
15383,"No tiene obra social, prepaga o plan estatal",14,166173,159954,326127,Tierra del Fuego
15384,"No tiene obra social, prepaga o plan estatal",15,161112,158668,319780,Tierra del Fuego
15385,"No tiene obra social, prepaga o plan estatal",16,155842,152521,308363,Tierra del Fuego
15386,"No tiene obra social, prepaga o plan estatal",17,155137,148335,303472,Tierra del Fuego
15387,"No tiene obra social, prepaga o plan estatal",18,170924,163073,333997,Tierra del Fuego
15388,"No tiene obra social, prepaga o plan estatal",19,171793,166732,338525,Tierra del Fuego
15389,"No tiene obra social, prepaga o plan estatal",20,165797,159223,325020,Tierra del Fuego
15390,"No tiene obra social, prepaga o plan estatal",21,170054,169555,339609,Tierra del Fuego
15391,"No tiene obra social, prepaga o plan estatal",22,164717,166881,331598,Tierra del Fuego
15392,"No tiene obra social, prepaga o plan estatal",23,156619,161341,317960,Tierra del Fuego
15393,"No tiene obra social, prepaga o plan estatal",24,152758,155560,308318,Tierra del Fuego
15394,"No tiene obra social, prepaga o plan estatal",25,140093,142094,282187,Tierra del Fuego
15395,"No tiene obra social, prepaga o plan estatal",26,132249,135397,267646,Tierra del Fuego
15396,"No tiene obra social, prepaga o plan estatal",27,130852,130598,261450,Tierra del Fuego
15397,"No tiene obra social, prepaga o plan estatal",28,135028,137144,272172,Tierra del Fuego
15398,"No tiene obra social, prepaga o plan estatal",29,127261,127197,254458,Tierra del Fuego
15399,"No tiene obra social, prepaga o plan estatal",30,130515,129965,260480,Tierra del Fuego
15400,"No tiene obra social, prepaga o plan estatal",31,117944,119217,237161,Tierra del Fuego
15401,"No tiene obra social, prepaga o plan estatal",32,113721,114749,228470,Tierra del Fuego
15402,"No tiene obra social, prepaga o plan estatal",33,111033,110851,221884,Tierra del Fuego
15403,"No tiene obra social, prepaga o plan estatal",34,100729,99284,200013,Tierra del Fuego
15404,"No tiene obra social, prepaga o plan estatal",35,102904,101445,204349,Tierra del Fuego
15405,"No tiene obra social, prepaga o plan estatal",36,93599,94425,188024,Tierra del Fuego
15406,"No tiene obra social, prepaga o plan estatal",37,92649,90838,183487,Tierra del Fuego
15407,"No tiene obra social, prepaga o plan estatal",38,90305,90028,180333,Tierra del Fuego
15408,"No tiene obra social, prepaga o plan estatal",39,86754,85657,172411,Tierra del Fuego
15409,"No tiene obra social, prepaga o plan estatal",40,90054,86479,176533,Tierra del Fuego
15410,"No tiene obra social, prepaga o plan estatal",41,78840,77590,156430,Tierra del Fuego
15411,"No tiene obra social, prepaga o plan estatal",42,78494,76452,154946,Tierra del Fuego
15412,"No tiene obra social, prepaga o plan estatal",43,74692,73174,147866,Tierra del Fuego
15413,"No tiene obra social, prepaga o plan estatal",44,73268,71445,144713,Tierra del Fuego
15414,"No tiene obra social, prepaga o plan estatal",45,76339,74183,150522,Tierra del Fuego
15415,"No tiene obra social, prepaga o plan estatal",46,75250,71463,146713,Tierra del Fuego
15416,"No tiene obra social, prepaga o plan estatal",47,72821,72302,145123,Tierra del Fuego
15417,"No tiene obra social, prepaga o plan estatal",48,71080,69123,140203,Tierra del Fuego
15418,"No tiene obra social, prepaga o plan estatal",49,70216,67029,137245,Tierra del Fuego
15419,"No tiene obra social, prepaga o plan estatal",50,74461,70656,145117,Tierra del Fuego
15420,"No tiene obra social, prepaga o plan estatal",51,67469,63709,131178,Tierra del Fuego
15421,"No tiene obra social, prepaga o plan estatal",52,66129,63490,129619,Tierra del Fuego
15422,"No tiene obra social, prepaga o plan estatal",53,68824,63373,132197,Tierra del Fuego
15423,"No tiene obra social, prepaga o plan estatal",54,65832,61444,127276,Tierra del Fuego
15424,"No tiene obra social, prepaga o plan estatal",55,65311,58769,124080,Tierra del Fuego
15425,"No tiene obra social, prepaga o plan estatal",56,63134,57445,120579,Tierra del Fuego
15426,"No tiene obra social, prepaga o plan estatal",57,61102,54011,115113,Tierra del Fuego
15427,"No tiene obra social, prepaga o plan estatal",58,60711,53432,114143,Tierra del Fuego
15428,"No tiene obra social, prepaga o plan estatal",59,56982,49529,106511,Tierra del Fuego
15429,"No tiene obra social, prepaga o plan estatal",60,56548,48278,104826,Tierra del Fuego
15430,"No tiene obra social, prepaga o plan estatal",61,48938,26835,75773,Tierra del Fuego
15431,"No tiene obra social, prepaga o plan estatal",62,47432,21205,68637,Tierra del Fuego
15432,"No tiene obra social, prepaga o plan estatal",63,44902,14799,59701,Tierra del Fuego
15433,"No tiene obra social, prepaga o plan estatal",64,38193,9807,48000,Tierra del Fuego
15434,"No tiene obra social, prepaga o plan estatal",65,30216,9150,39366,Tierra del Fuego
15435,"No tiene obra social, prepaga o plan estatal",66,13939,6863,20802,Tierra del Fuego
15436,"No tiene obra social, prepaga o plan estatal",67,9789,6520,16309,Tierra del Fuego
15437,"No tiene obra social, prepaga o plan estatal",68,7974,5819,13793,Tierra del Fuego
15438,"No tiene obra social, prepaga o plan estatal",69,5710,4907,10617,Tierra del Fuego
15439,"No tiene obra social, prepaga o plan estatal",70,6788,5967,12755,Tierra del Fuego
15440,"No tiene obra social, prepaga o plan estatal",71,4142,4465,8607,Tierra del Fuego
15441,"No tiene obra social, prepaga o plan estatal",72,3642,3774,7416,Tierra del Fuego
15442,"No tiene obra social, prepaga o plan estatal",73,3784,3539,7323,Tierra del Fuego
15443,"No tiene obra social, prepaga o plan estatal",74,3479,3445,6924,Tierra del Fuego
15444,"No tiene obra social, prepaga o plan estatal",75,3321,4179,7500,Tierra del Fuego
15445,"No tiene obra social, prepaga o plan estatal",76,2895,3467,6362,Tierra del Fuego
15446,"No tiene obra social, prepaga o plan estatal",77,2752,3384,6136,Tierra del Fuego
15447,"No tiene obra social, prepaga o plan estatal",78,2649,3284,5933,Tierra del Fuego
15448,"No tiene obra social, prepaga o plan estatal",79,2345,2920,5265,Tierra del Fuego
15449,"No tiene obra social, prepaga o plan estatal",80,2000,3198,5198,Tierra del Fuego
15450,"No tiene obra social, prepaga o plan estatal",81,1459,2160,3619,Tierra del Fuego
15451,"No tiene obra social, prepaga o plan estatal",82,1319,2003,3322,Tierra del Fuego
15452,"No tiene obra social, prepaga o plan estatal",83,1076,1649,2725,Tierra del Fuego
15453,"No tiene obra social, prepaga o plan estatal",84,881,1481,2362,Tierra del Fuego
15454,"No tiene obra social, prepaga o plan estatal",85,784,1346,2130,Tierra del Fuego
15455,"No tiene obra social, prepaga o plan estatal",86,665,1226,1891,Tierra del Fuego
15456,"No tiene obra social, prepaga o plan estatal",87,489,1070,1559,Tierra del Fuego
15457,"No tiene obra social, prepaga o plan estatal",88,405,946,1351,Tierra del Fuego
15458,"No tiene obra social, prepaga o plan estatal",89,344,854,1198,Tierra del Fuego
15459,"No tiene obra social, prepaga o plan estatal",90,274,838,1112,Tierra del Fuego
15460,"No tiene obra social, prepaga o plan estatal",91,233,533,766,Tierra del Fuego
15461,"No tiene obra social, prepaga o plan estatal",92,180,450,630,Tierra del Fuego
15462,"No tiene obra social, prepaga o plan estatal",93,162,307,469,Tierra del Fuego
15463,"No tiene obra social, prepaga o plan estatal",94,178,264,442,Tierra del Fuego
15464,"No tiene obra social, prepaga o plan estatal",95,115,235,350,Tierra del Fuego
15465,"No tiene obra social, prepaga o plan estatal",96,110,172,282,Tierra del Fuego
15466,"No tiene obra social, prepaga o plan estatal",97,25,82,107,Tierra del Fuego
15467,"No tiene obra social, prepaga o plan estatal",98,37,94,131,Tierra del Fuego
15468,"No tiene obra social, prepaga o plan estatal",99,19,80,99,Tierra del Fuego
15469,"No tiene obra social, prepaga o plan estatal",100,56,60,116,Tierra del Fuego
15470,"No tiene obra social, prepaga o plan estatal",101,11,22,33,Tierra del Fuego
15471,"No tiene obra social, prepaga o plan estatal",102,15,35,50,Tierra del Fuego
15472,"No tiene obra social, prepaga o plan estatal",103,8,20,28,Tierra del Fuego
15473,"No tiene obra social, prepaga o plan estatal",104,4,15,19,Tierra del Fuego
15474,"No tiene obra social, prepaga o plan estatal",105,2,8,10,Tierra del Fuego
15475,"No tiene obra social, prepaga o plan estatal",106,3,-,3,Tierra del Fuego
15476,"No tiene obra social, prepaga o plan estatal",107,1,4,5,Tierra del Fuego
15477,"No tiene obra social, prepaga o plan estatal",108,9,9,18,Tierra del Fuego
15478,"No tiene obra social, prepaga o plan estatal",109,6,13,19,Tierra del Fuego
15479,"No tiene obra social, prepaga o plan estatal",110,52,45,97,Tierra del Fuego
