,provincia_residencia,tipo_parto,sexo,grupo_edad_madre,grupo_semanas_gestacion,nivel_educativo_madre,peso_nacimiento,cantidad
0,90,1,1,25 a 29,24 a 27,Secundario/Polimodal Completa y más,Sin especificar,1
1,66,1,2,35 a 39,42 y más,Hasta Primaria/C.EGB Completa,2500 gramos y más,1
2,50,1,1,25 a 29,24 a 27,Hasta Primaria/C.EGB Completa,Menos de 2500 gramos,1
3,6,1,2,Sin especificar,28 a 31,Secundaria/Polimodal Incompleta,Menos de 2500 gramos,1
4,86,1,2,De 45 y más,37 a 41,Secundario/Polimodal Completa y más,2500 gramos y más,1
5,86,2,2,35 a 39,37 a 41,Secundario/Polimodal Completa y más,2500 gramos y más,2
6,38,1,1,30 a 34,42 y más,Secundario/Polimodal Completa y más,2500 gramos y más,5
7,86,1,2,35 a 39,42 y más,Secundaria/Polimodal Incompleta,2500 gramos y más,1
8,26,1,1,De 45 y más,37 a 41,Secundaria/Polimodal Incompleta,2500 gramos y más,1
9,34,1,1,Menor de 15,37 a 41,Hasta Primaria/C.EGB Completa,2500 gramos y más,19
10,82,2,1,15 a 19,28 a 31,Hasta Primaria/C.EGB Completa,Menos de 2500 gramos,2
11,78,1,1,35 a 39,37 a 41,Secundaria/Polimodal Incompleta,Menos de 2500 gramos,2
12,2,2,2,15 a 19,32 a 36,Secundario/Polimodal Completa y más,Menos de 2500 gramos,3
13,18,1,2,35 a 39,28 a 31,Secundario/Polimodal Completa y más,Menos de 2500 gramos,5
14,42,1,1,30 a 34,37 a 41,Hasta Primaria/C.EGB Completa,Menos de 2500 gramos,2
15,18,1,2,30 a 34,32 a 36,Secundaria/Polimodal Incompleta,2500 gramos y más,6
16,90,1,1,Menor de 15,37 a 41,Secundario/Polimodal Completa y más,2500 gramos y más,1
17,86,1,1,40 a 44,37 a 41,Secundaria/Polimodal Incompleta,Menos de 2500 gramos,1
18,94,1,2,40 a 44,37 a 41,Secundario/Polimodal Completa y más,2500 gramos y más,24
19,18,2,2,30 a 34,32 a 36,Sin especificar,2500 gramos y más,1
20,6,1,2,25 a 29,37 a 41,Sin especificar,Menos de 2500 gramos,53
21,82,2,2,35 a 39,28 a 31,Secundario/Polimodal Completa y más,Menos de 2500 gramos,8
22,6,1,2,Sin especificar,37 a 41,Secundaria/Polimodal Incompleta,2500 gramos y más,156
23,22,1,1,25 a 29,32 a 36,Secundaria/Polimodal Incompleta,2500 gramos y más,11
24,70,1,2,40 a 44,32 a 36,Secundario/Polimodal Completa y más,2500 gramos y más,2
25,86,1,2,35 a 39,37 a 41,Hasta Primaria/C.EGB Completa,Menos de 2500 gramos,13
26,46,1,1,25 a 29,37 a 41,Hasta Primaria/C.EGB Completa,2500 gramos y más,77
27,54,1,2,25 a 29,37 a 41,Hasta Primaria/C.EGB Completa,Menos de 2500 gramos,32
28,70,1,2,25 a 29,32 a 36,Secundario/Polimodal Completa y más,Menos de 2500 gramos,23
29,22,1,1,35 a 39,Sin especificar,Secundario/Polimodal Completa y más,2500 gramos y más,5
30,6,1,2,25 a 29,28 a 31,Secundario/Polimodal Completa y más,Menos de 2500 gramos,80
31,66,2,1,35 a 39,37 a 41,Sin especificar,2500 gramos y más,2
32,26,1,2,20 a 24,32 a 36,Sin especificar,2500 gramos y más,2
33,50,1,2,30 a 34,32 a 36,Secundario/Polimodal Completa y más,2500 gramos y más,34
34,6,1,1,20 a 24,32 a 36,Hasta Primaria/C.EGB Completa,Sin especificar,1
35,14,2,2,25 a 29,32 a 36,Hasta Primaria/C.EGB Completa,Menos de 2500 gramos,3
36,6,2,1,De 45 y más,37 a 41,Secundario/Polimodal Completa y más,2500 gramos y más,3
37,50,2,1,35 a 39,37 a 41,Secundario/Polimodal Completa y más,Menos de 2500 gramos,2
38,62,1,1,40 a 44,37 a 41,Secundaria/Polimodal Incompleta,Menos de 2500 gramos,1
39,90,1,2,35 a 39,32 a 36,Secundario/Polimodal Completa y más,Menos de 2500 gramos,28
40,2,2,2,20 a 24,32 a 36,Secundario/Polimodal Completa y más,Menos de 2500 gramos,12
41,10,1,1,30 a 34,37 a 41,Secundario/Polimodal Completa y más,2500 gramos y más,371
42,82,2,2,30 a 34,28 a 31,Secundaria/Polimodal Incompleta,Menos de 2500 gramos,4
43,90,1,1,35 a 39,32 a 36,Hasta Primaria/C.EGB Completa,2500 gramos y más,38
44,30,1,2,25 a 29,32 a 36,Secundaria/Polimodal Incompleta,Menos de 2500 gramos,11
45,22,1,2,35 a 39,37 a 41,Secundario/Polimodal Completa y más,Menos de 2500 gramos,22
46,14,1,1,20 a 24,37 a 41,Secundario/Polimodal Completa y más,2500 gramos y más,2026
47,90,1,2,25 a 29,37 a 41,Hasta Primaria/C.EGB Completa,2500 gramos y más,439
48,74,1,1,35 a 39,37 a 41,Secundaria/Polimodal Incompleta,2500 gramos y más,38
49,18,2,2,25 a 29,24 a 27,Secundario/Polimodal Completa y más,Menos de 2500 gramos,1
50,99,1,2,40 a 44,37 a 41,Secundario/Polimodal Completa y más,2500 gramos y más,2
51,26,1,2,30 a 34,32 a 36,Secundario/Polimodal Completa y más,2500 gramos y más,7
52,30,1,2,40 a 44,28 a 31,Secundaria/Polimodal Incompleta,Menos de 2500 gramos,1
53,22,2,1,15 a 19,Sin especificar,Secundaria/Polimodal Incompleta,Menos de 2500 gramos,1
54,2,2,1,25 a 29,37 a 41,Secundaria/Polimodal Incompleta,Menos de 2500 gramos,2
55,50,2,1,35 a 39,37 a 41,Secundario/Polimodal Completa y más,2500 gramos y más,4
56,2,9,1,15 a 19,32 a 36,Sin especificar,Menos de 2500 gramos,2
57,86,1,9,20 a 24,37 a 41,Secundario/Polimodal Completa y más,2500 gramos y más,3
58,6,1,1,De 45 y más,28 a 31,Secundario/Polimodal Completa y más,Menos de 2500 gramos,9
59,34,1,2,40 a 44,32 a 36,Secundario/Polimodal Completa y más,Menos de 2500 gramos,2
60,18,1,1,40 a 44,37 a 41,Secundaria/Polimodal Incompleta,Menos de 2500 gramos,1
61,66,1,1,25 a 29,37 a 41,Secundaria/Polimodal Incompleta,2500 gramos y más,441
62,38,1,1,40 a 44,37 a 41,Secundario/Polimodal Completa y más,2500 gramos y más,114
63,62,1,2,35 a 39,37 a 41,Secundaria/Polimodal Incompleta,2500 gramos y más,58
64,62,1,1,35 a 39,37 a 41,Secundario/Polimodal Completa y más,2500 gramos y más,408
65,86,1,2,15 a 19,32 a 36,Secundario/Polimodal Completa y más,Menos de 2500 gramos,7
66,82,1,2,30 a 34,28 a 31,Secundaria/Polimodal Incompleta,Menos de 2500 gramos,6
67,99,1,2,40 a 44,Sin especificar,Sin especificar,Sin especificar,5
68,62,2,2,25 a 29,28 a 31,Hasta Primaria/C.EGB Completa,Menos de 2500 gramos,1
69,6,1,1,15 a 19,24 a 27,Sin especificar,Menos de 2500 gramos,5
70,22,1,9,25 a 29,Sin especificar,Sin especificar,Sin especificar,2
71,14,1,2,25 a 29,32 a 36,Hasta Primaria/C.EGB Completa,Menos de 2500 gramos,16
72,2,9,1,15 a 19,Sin especificar,Sin especificar,Sin especificar,1
73,6,2,1,15 a 19,32 a 36,Sin especificar,Menos de 2500 gramos,5
74,94,1,1,20 a 24,28 a 31,Secundaria/Polimodal Incompleta,Menos de 2500 gramos,1
75,14,1,1,25 a 29,37 a 41,Hasta Primaria/C.EGB Completa,2500 gramos y más,563
76,26,1,1,15 a 19,32 a 36,Sin especificar,Menos de 2500 gramos,2
77,18,1,2,35 a 39,32 a 36,Hasta Primaria/C.EGB Completa,Menos de 2500 gramos,3
78,38,1,1,15 a 19,Sin especificar,Hasta Primaria/C.EGB Completa,2500 gramos y más,1
79,34,2,2,20 a 24,32 a 36,Hasta Primaria/C.EGB Completa,Menos de 2500 gramos,3
80,6,2,2,15 a 19,37 a 41,Secundaria/Polimodal Incompleta,2500 gramos y más,1
81,70,1,2,30 a 34,32 a 36,Hasta Primaria/C.EGB Completa,Menos de 2500 gramos,3
82,74,1,2,15 a 19,37 a 41,Secundario/Polimodal Completa y más,2500 gramos y más,49
83,99,9,1,20 a 24,32 a 36,Sin especificar,2500 gramos y más,1
84,62,1,1,30 a 34,42 y más,Hasta Primaria/C.EGB Completa,2500 gramos y más,1
85,22,2,2,40 a 44,32 a 36,Secundaria/Polimodal Incompleta,Menos de 2500 gramos,2
86,99,9,2,30 a 34,37 a 41,Sin especificar,Menos de 2500 gramos,7
87,18,1,2,35 a 39,32 a 36,Sin especificar,2500 gramos y más,6
88,66,1,2,30 a 34,32 a 36,Secundario/Polimodal Completa y más,2500 gramos y más,73
89,82,1,1,25 a 29,32 a 36,Secundario/Polimodal Completa y más,Menos de 2500 gramos,75
90,90,1,1,15 a 19,37 a 41,Secundaria/Polimodal Incompleta,Sin especificar,2
91,18,2,1,25 a 29,32 a 36,Hasta Primaria/C.EGB Completa,Menos de 2500 gramos,1
92,94,1,1,40 a 44,37 a 41,Secundario/Polimodal Completa y más,Menos de 2500 gramos,2
93,10,1,1,35 a 39,37 a 41,Secundaria/Polimodal Incompleta,2500 gramos y más,28
94,90,2,1,25 a 29,37 a 41,Secundario/Polimodal Completa y más,Menos de 2500 gramos,5
95,66,1,2,De 45 y más,Sin especificar,Secundario/Polimodal Completa y más,2500 gramos y más,1
96,34,1,2,15 a 19,37 a 41,Hasta Primaria/C.EGB Completa,Menos de 2500 gramos,4
97,14,2,1,20 a 24,28 a 31,Secundaria/Polimodal Incompleta,Menos de 2500 gramos,1
98,6,9,2,De 45 y más,37 a 41,Sin especificar,2500 gramos y más,3
99,26,2,2,20 a 24,24 a 27,Secundario/Polimodal Completa y más,Menos de 2500 gramos,2
100,78,2,2,25 a 29,32 a 36,Secundaria/Polimodal Incompleta,Menos de 2500 gramos,2
101,50,2,1,25 a 29,37 a 41,Hasta Primaria/C.EGB Completa,2500 gramos y más,2
102,82,1,1,Menor de 15,37 a 41,Secundaria/Polimodal Incompleta,2500 gramos y más,33
103,2,9,1,30 a 34,37 a 41,Sin especificar,2500 gramos y más,164
104,58,2,2,30 a 34,32 a 36,Secundario/Polimodal Completa y más,2500 gramos y más,4
105,62,1,2,30 a 34,37 a 41,Secundario/Polimodal Completa y más,Menos de 2500 gramos,16
106,66,1,1,30 a 34,32 a 36,Hasta Primaria/C.EGB Completa,Menos de 2500 gramos,7
107,34,1,1,40 a 44,37 a 41,Hasta Primaria/C.EGB Completa,Menos de 2500 gramos,1
108,18,1,1,35 a 39,37 a 41,Sin especificar,Menos de 2500 gramos,6
109,90,1,1,20 a 24,32 a 36,Secundaria/Polimodal Incompleta,Menos de 2500 gramos,14
110,66,1,2,Menor de 15,42 y más,Hasta Primaria/C.EGB Completa,2500 gramos y más,1
111,82,1,2,25 a 29,37 a 41,Sin especificar,2500 gramos y más,24
112,26,2,2,25 a 29,37 a 41,Secundario/Polimodal Completa y más,Menos de 2500 gramos,2
113,14,1,2,30 a 34,Sin especificar,Sin especificar,Sin especificar,1
114,99,1,1,30 a 34,37 a 41,Secundario/Polimodal Completa y más,2500 gramos y más,3
115,6,2,1,35 a 39,32 a 36,Sin especificar,Menos de 2500 gramos,8
116,22,1,1,30 a 34,Sin especificar,Hasta Primaria/C.EGB Completa,Menos de 2500 gramos,1
117,50,2,2,30 a 34,37 a 41,Secundario/Polimodal Completa y más,2500 gramos y más,8
118,90,1,2,25 a 29,37 a 41,Secundario/Polimodal Completa y más,Sin especificar,4
119,6,9,2,30 a 34,32 a 36,Secundario/Polimodal Completa y más,Menos de 2500 gramos,1
120,6,2,1,40 a 44,28 a 31,Hasta Primaria/C.EGB Completa,Menos de 2500 gramos,3
121,99,1,2,20 a 24,Sin especificar,Sin especificar,Sin especificar,32
122,6,1,2,35 a 39,Sin especificar,Sin especificar,2500 gramos y más,4
123,66,2,2,25 a 29,32 a 36,Secundaria/Polimodal Incompleta,Menos de 2500 gramos,8
124,34,1,2,Menor de 15,37 a 41,Sin especificar,2500 gramos y más,6
125,38,1,2,25 a 29,28 a 31,Secundario/Polimodal Completa y más,Menos de 2500 gramos,1
126,90,1,2,20 a 24,37 a 41,Secundario/Polimodal Completa y más,2500 gramos y más,1014
127,14,1,1,40 a 44,24 a 27,Secundario/Polimodal Completa y más,Menos de 2500 gramos,1
128,26,1,1,35 a 39,32 a 36,Secundario/Polimodal Completa y más,Menos de 2500 gramos,17
129,34,1,2,25 a 29,37 a 41,Hasta Primaria/C.EGB Completa,2500 gramos y más,172
130,70,2,1,35 a 39,28 a 31,Secundario/Polimodal Completa y más,Menos de 2500 gramos,1
131,46,1,2,40 a 44,32 a 36,Secundaria/Polimodal Incompleta,2500 gramos y más,1
132,18,2,2,15 a 19,37 a 41,Secundaria/Polimodal Incompleta,Menos de 2500 gramos,1
133,78,1,2,40 a 44,32 a 36,Secundario/Polimodal Completa y más,Menos de 2500 gramos,1
134,34,1,1,35 a 39,28 a 31,Secundario/Polimodal Completa y más,Menos de 2500 gramos,4
135,90,1,1,Menor de 15,32 a 36,Secundaria/Polimodal Incompleta,Menos de 2500 gramos,1
136,54,1,1,20 a 24,Sin especificar,Secundario/Polimodal Completa y más,Sin especificar,1
137,86,1,1,25 a 29,32 a 36,Hasta Primaria/C.EGB Completa,Menos de 2500 gramos,24
138,62,1,2,15 a 19,32 a 36,Secundario/Polimodal Completa y más,2500 gramos y más,5
139,90,1,1,40 a 44,37 a 41,Secundario/Polimodal Completa y más,Menos de 2500 gramos,11
140,90,1,2,20 a 24,32 a 36,Hasta Primaria/C.EGB Completa,Menos de 2500 gramos,13
141,6,1,2,40 a 44,24 a 27,Hasta Primaria/C.EGB Completa,Menos de 2500 gramos,4
142,82,1,1,20 a 24,32 a 36,Sin especificar,Menos de 2500 gramos,1
143,26,2,1,25 a 29,37 a 41,Secundario/Polimodal Completa y más,2500 gramos y más,1
144,30,1,1,30 a 34,Sin especificar,Secundario/Polimodal Completa y más,2500 gramos y más,5
145,26,1,2,15 a 19,32 a 36,Secundario/Polimodal Completa y más,2500 gramos y más,2
146,90,2,2,35 a 39,37 a 41,Secundaria/Polimodal Incompleta,Menos de 2500 gramos,2
147,6,1,1,30 a 34,Sin especificar,Secundario/Polimodal Completa y más,Sin especificar,2
148,54,1,1,40 a 44,32 a 36,Secundario/Polimodal Completa y más,2500 gramos y más,8
149,14,2,1,35 a 39,24 a 27,Secundario/Polimodal Completa y más,Menos de 2500 gramos,3
150,86,2,1,25 a 29,28 a 31,Hasta Primaria/C.EGB Completa,Menos de 2500 gramos,3
151,2,2,2,35 a 39,28 a 31,Secundaria/Polimodal Incompleta,Menos de 2500 gramos,1
152,54,1,1,20 a 24,32 a 36,Sin especificar,Menos de 2500 gramos,7
153,46,1,2,15 a 19,37 a 41,Secundaria/Polimodal Incompleta,Menos de 2500 gramos,1
154,2,2,2,35 a 39,32 a 36,Secundario/Polimodal Completa y más,Menos de 2500 gramos,56
155,54,1,1,25 a 29,37 a 41,Hasta Primaria/C.EGB Completa,Sin especificar,2
156,82,2,2,20 a 24,37 a 41,Hasta Primaria/C.EGB Completa,2500 gramos y más,5
157,99,2,2,35 a 39,32 a 36,Sin especificar,Menos de 2500 gramos,1
158,82,1,2,25 a 29,42 y más,Secundaria/Polimodal Incompleta,2500 gramos y más,2
159,22,2,1,25 a 29,37 a 41,Hasta Primaria/C.EGB Completa,Menos de 2500 gramos,2
160,18,1,2,30 a 34,37 a 41,Secundario/Polimodal Completa y más,2500 gramos y más,721
161,66,1,1,35 a 39,37 a 41,Sin especificar,2500 gramos y más,12
162,98,1,1,30 a 34,37 a 41,Secundaria/Polimodal Incompleta,2500 gramos y más,1
163,54,2,2,25 a 29,32 a 36,Hasta Primaria/C.EGB Completa,2500 gramos y más,2
164,22,2,1,15 a 19,37 a 41,Secundario/Polimodal Completa y más,2500 gramos y más,1
165,18,1,1,25 a 29,37 a 41,Secundario/Polimodal Completa y más,2500 gramos y más,773
166,54,1,2,40 a 44,32 a 36,Secundario/Polimodal Completa y más,Menos de 2500 gramos,5
167,14,1,1,Sin especificar,37 a 41,Secundario/Polimodal Completa y más,2500 gramos y más,1
168,6,1,2,25 a 29,22 a 23,Secundario/Polimodal Completa y más,Menos de 2500 gramos,4
169,66,1,1,40 a 44,32 a 36,Secundaria/Polimodal Incompleta,Menos de 2500 gramos,4
170,14,1,1,25 a 29,24 a 27,Secundario/Polimodal Completa y más,Menos de 2500 gramos,6
171,14,2,2,15 a 19,37 a 41,Secundaria/Polimodal Incompleta,Menos de 2500 gramos,4
172,90,1,1,Menor de 15,37 a 41,Secundario/Polimodal Completa y más,Menos de 2500 gramos,1
173,6,1,2,30 a 34,Sin especificar,Secundario/Polimodal Completa y más,2500 gramos y más,24
174,78,1,2,25 a 29,32 a 36,Secundaria/Polimodal Incompleta,Menos de 2500 gramos,4
175,2,2,2,De 45 y más,28 a 31,Secundario/Polimodal Completa y más,Menos de 2500 gramos,2
176,70,1,1,De 45 y más,37 a 41,Secundaria/Polimodal Incompleta,2500 gramos y más,1
177,34,1,1,15 a 19,22 a 23,Sin especificar,Menos de 2500 gramos,1
178,54,1,2,30 a 34,28 a 31,Secundaria/Polimodal Incompleta,Menos de 2500 gramos,2
179,58,1,1,35 a 39,32 a 36,Hasta Primaria/C.EGB Completa,2500 gramos y más,8
180,54,1,2,25 a 29,37 a 41,Hasta Primaria/C.EGB Completa,2500 gramos y más,584
181,78,1,1,De 45 y más,37 a 41,Secundario/Polimodal Completa y más,2500 gramos y más,3
182,38,1,1,15 a 19,42 y más,Secundaria/Polimodal Incompleta,2500 gramos y más,2
183,86,1,2,25 a 29,32 a 36,Secundario/Polimodal Completa y más,2500 gramos y más,16
184,86,1,2,30 a 34,28 a 31,Secundaria/Polimodal Incompleta,Menos de 2500 gramos,1
185,46,2,2,35 a 39,32 a 36,Secundario/Polimodal Completa y más,Menos de 2500 gramos,2
186,50,1,2,15 a 19,28 a 31,Secundaria/Polimodal Incompleta,Menos de 2500 gramos,4
187,6,1,9,15 a 19,37 a 41,Secundario/Polimodal Completa y más,Menos de 2500 gramos,1
188,2,1,2,35 a 39,37 a 41,Hasta Primaria/C.EGB Completa,Menos de 2500 gramos,4
189,10,1,1,15 a 19,32 a 36,Hasta Primaria/C.EGB Completa,Menos de 2500 gramos,1
190,2,9,1,35 a 39,Sin especificar,Sin especificar,Sin especificar,3
191,86,1,1,25 a 29,28 a 31,Secundario/Polimodal Completa y más,Menos de 2500 gramos,4
192,30,1,1,25 a 29,28 a 31,Secundario/Polimodal Completa y más,Menos de 2500 gramos,6
193,22,1,1,Menor de 15,Sin especificar,Secundaria/Polimodal Incompleta,2500 gramos y más,1
194,22,1,2,25 a 29,37 a 41,Secundario/Polimodal Completa y más,Sin especificar,6
195,18,2,2,25 a 29,37 a 41,Secundaria/Polimodal Incompleta,2500 gramos y más,2
196,6,1,1,35 a 39,Sin especificar,Sin especificar,2500 gramos y más,5
197,90,2,2,25 a 29,37 a 41,Hasta Primaria/C.EGB Completa,Menos de 2500 gramos,3
198,74,1,2,30 a 34,37 a 41,Sin especificar,Menos de 2500 gramos,2
199,22,1,1,20 a 24,32 a 36,Sin especificar,2500 gramos y más,2
200,42,1,1,35 a 39,37 a 41,Hasta Primaria/C.EGB Completa,2500 gramos y más,16
201,70,2,1,35 a 39,37 a 41,Secundario/Polimodal Completa y más,2500 gramos y más,5
202,2,9,1,20 a 24,32 a 36,Sin especificar,2500 gramos y más,1
203,30,1,2,Menor de 15,37 a 41,Secundaria/Polimodal Incompleta,2500 gramos y más,8
204,18,1,1,30 a 34,37 a 41,Secundaria/Polimodal Incompleta,Menos de 2500 gramos,7
205,22,2,2,30 a 34,32 a 36,Secundaria/Polimodal Incompleta,2500 gramos y más,1
206,74,1,2,40 a 44,37 a 41,Sin especificar,2500 gramos y más,8
207,66,1,2,35 a 39,32 a 36,Hasta Primaria/C.EGB Completa,2500 gramos y más,6
208,70,1,1,15 a 19,37 a 41,Secundario/Polimodal Completa y más,Menos de 2500 gramos,4
209,74,1,2,40 a 44,37 a 41,Hasta Primaria/C.EGB Completa,Menos de 2500 gramos,1
210,66,2,2,35 a 39,32 a 36,Secundario/Polimodal Completa y más,Menos de 2500 gramos,12
211,66,1,1,30 a 34,28 a 31,Secundario/Polimodal Completa y más,Menos de 2500 gramos,9
212,50,2,2,30 a 34,28 a 31,Hasta Primaria/C.EGB Completa,Menos de 2500 gramos,1
213,14,1,1,25 a 29,32 a 36,Secundaria/Polimodal Incompleta,Menos de 2500 gramos,41
214,90,1,1,20 a 24,37 a 41,Sin especificar,Menos de 2500 gramos,1
215,58,1,2,30 a 34,37 a 41,Secundario/Polimodal Completa y más,Menos de 2500 gramos,9
216,42,1,1,35 a 39,28 a 31,Hasta Primaria/C.EGB Completa,Menos de 2500 gramos,1
217,62,2,1,25 a 29,37 a 41,Sin especificar,2500 gramos y más,2
218,62,1,1,30 a 34,32 a 36,Sin especificar,2500 gramos y más,4
219,38,1,1,De 45 y más,37 a 41,Hasta Primaria/C.EGB Completa,2500 gramos y más,3
220,90,2,2,30 a 34,24 a 27,Secundario/Polimodal Completa y más,Menos de 2500 gramos,5
221,34,1,1,De 45 y más,32 a 36,Sin especificar,2500 gramos y más,1
222,82,1,1,20 a 24,24 a 27,Secundaria/Polimodal Incompleta,Menos de 2500 gramos,5
223,58,1,1,40 a 44,37 a 41,Secundario/Polimodal Completa y más,2500 gramos y más,84
224,6,1,2,30 a 34,28 a 31,Hasta Primaria/C.EGB Completa,2500 gramos y más,1
225,62,1,2,15 a 19,32 a 36,Sin especificar,2500 gramos y más,1
226,18,2,2,25 a 29,37 a 41,Secundaria/Polimodal Incompleta,Menos de 2500 gramos,2
227,14,1,1,20 a 24,42 y más,Secundario/Polimodal Completa y más,2500 gramos y más,6
228,82,1,2,De 45 y más,37 a 41,Secundario/Polimodal Completa y más,Menos de 2500 gramos,2
229,6,1,2,20 a 24,32 a 36,Hasta Primaria/C.EGB Completa,2500 gramos y más,58
230,90,1,1,35 a 39,32 a 36,Hasta Primaria/C.EGB Completa,Menos de 2500 gramos,14
231,14,1,1,20 a 24,37 a 41,Secundario/Polimodal Completa y más,Menos de 2500 gramos,35
232,14,1,1,40 a 44,42 y más,Secundaria/Polimodal Incompleta,2500 gramos y más,1
233,90,2,1,20 a 24,32 a 36,Secundaria/Polimodal Incompleta,Menos de 2500 gramos,1
234,2,1,1,40 a 44,37 a 41,Sin especificar,2500 gramos y más,46
235,62,1,1,40 a 44,32 a 36,Secundario/Polimodal Completa y más,Menos de 2500 gramos,5
236,58,1,1,20 a 24,28 a 31,Secundario/Polimodal Completa y más,Menos de 2500 gramos,3
237,18,1,2,20 a 24,32 a 36,Secundaria/Polimodal Incompleta,Menos de 2500 gramos,14
238,2,1,1,30 a 34,32 a 36,Secundario/Polimodal Completa y más,Menos de 2500 gramos,74
239,66,1,2,40 a 44,32 a 36,Secundario/Polimodal Completa y más,2500 gramos y más,11
240,62,1,2,25 a 29,32 a 36,Secundaria/Polimodal Incompleta,Menos de 2500 gramos,8
241,18,1,1,25 a 29,32 a 36,Secundario/Polimodal Completa y más,2500 gramos y más,29
242,78,2,2,40 a 44,37 a 41,Secundario/Polimodal Completa y más,2500 gramos y más,2
243,2,1,2,35 a 39,37 a 41,Hasta Primaria/C.EGB Completa,2500 gramos y más,182
244,86,2,2,35 a 39,37 a 41,Secundario/Polimodal Completa y más,Menos de 2500 gramos,1
245,14,2,2,30 a 34,28 a 31,Secundaria/Polimodal Incompleta,Menos de 2500 gramos,3
246,50,1,9,30 a 34,37 a 41,Secundaria/Polimodal Incompleta,2500 gramos y más,1
247,34,2,2,25 a 29,32 a 36,Secundario/Polimodal Completa y más,Menos de 2500 gramos,3
248,74,1,2,20 a 24,37 a 41,Secundaria/Polimodal Incompleta,2500 gramos y más,196
249,78,2,2,20 a 24,28 a 31,Secundario/Polimodal Completa y más,Menos de 2500 gramos,2
250,22,1,1,25 a 29,32 a 36,Secundaria/Polimodal Incompleta,Menos de 2500 gramos,20
251,82,1,2,Menor de 15,32 a 36,Secundaria/Polimodal Incompleta,2500 gramos y más,2
252,74,1,1,25 a 29,32 a 36,Secundaria/Polimodal Incompleta,Menos de 2500 gramos,5
253,6,2,1,20 a 24,32 a 36,Hasta Primaria/C.EGB Completa,2500 gramos y más,5
254,46,2,1,40 a 44,32 a 36,Secundario/Polimodal Completa y más,Menos de 2500 gramos,1
255,38,1,1,20 a 24,32 a 36,Secundario/Polimodal Completa y más,Menos de 2500 gramos,18
256,50,1,2,40 a 44,28 a 31,Secundaria/Polimodal Incompleta,Menos de 2500 gramos,1
257,62,1,1,40 a 44,37 a 41,Secundaria/Polimodal Incompleta,2500 gramos y más,16
258,10,2,2,30 a 34,37 a 41,Secundario/Polimodal Completa y más,Menos de 2500 gramos,1
259,14,2,2,20 a 24,32 a 36,Secundario/Polimodal Completa y más,Menos de 2500 gramos,10
260,86,1,2,40 a 44,32 a 36,Hasta Primaria/C.EGB Completa,2500 gramos y más,2
261,66,2,2,15 a 19,32 a 36,Secundaria/Polimodal Incompleta,Menos de 2500 gramos,5
262,14,1,1,25 a 29,32 a 36,Hasta Primaria/C.EGB Completa,2500 gramos y más,17
263,74,1,2,30 a 34,37 a 41,Sin especificar,2500 gramos y más,30
264,34,1,2,35 a 39,32 a 36,Secundaria/Polimodal Incompleta,2500 gramos y más,5
265,82,1,2,25 a 29,37 a 41,Hasta Primaria/C.EGB Completa,Menos de 2500 gramos,25
266,18,1,2,30 a 34,37 a 41,Secundario/Polimodal Completa y más,Menos de 2500 gramos,28
267,58,1,1,30 a 34,32 a 36,Hasta Primaria/C.EGB Completa,2500 gramos y más,3
268,30,1,2,30 a 34,32 a 36,Secundaria/Polimodal Incompleta,2500 gramos y más,6
269,66,2,2,25 a 29,28 a 31,Secundario/Polimodal Completa y más,Menos de 2500 gramos,2
270,50,2,1,25 a 29,32 a 36,Secundaria/Polimodal Incompleta,2500 gramos y más,4
271,38,2,2,30 a 34,37 a 41,Secundaria/Polimodal Incompleta,Menos de 2500 gramos,1
272,42,2,2,25 a 29,32 a 36,Secundaria/Polimodal Incompleta,Menos de 2500 gramos,1
273,42,1,2,15 a 19,37 a 41,Secundaria/Polimodal Incompleta,2500 gramos y más,35
274,6,1,1,20 a 24,24 a 27,Sin especificar,Menos de 2500 gramos,10
275,30,1,2,De 45 y más,37 a 41,Hasta Primaria/C.EGB Completa,2500 gramos y más,2
276,2,9,2,30 a 34,32 a 36,Sin especificar,Menos de 2500 gramos,8
277,10,2,2,25 a 29,37 a 41,Secundario/Polimodal Completa y más,2500 gramos y más,1
278,66,2,1,20 a 24,37 a 41,Secundario/Polimodal Completa y más,Menos de 2500 gramos,2
279,50,1,2,Menor de 15,37 a 41,Secundaria/Polimodal Incompleta,2500 gramos y más,14
280,2,1,2,Sin especificar,Sin especificar,Sin especificar,Sin especificar,1
281,22,1,2,20 a 24,28 a 31,Secundaria/Polimodal Incompleta,Menos de 2500 gramos,4
282,74,1,1,15 a 19,32 a 36,Secundaria/Polimodal Incompleta,2500 gramos y más,8
283,2,2,2,30 a 34,32 a 36,Secundario/Polimodal Completa y más,Menos de 2500 gramos,40
284,82,1,1,40 a 44,37 a 41,Hasta Primaria/C.EGB Completa,2500 gramos y más,104
285,82,1,1,20 a 24,22 a 23,Secundaria/Polimodal Incompleta,Menos de 2500 gramos,1
286,82,1,2,15 a 19,32 a 36,Secundaria/Polimodal Incompleta,2500 gramos y más,48
287,82,1,1,25 a 29,32 a 36,Secundario/Polimodal Completa y más,2500 gramos y más,111
288,6,1,1,De 45 y más,32 a 36,Secundario/Polimodal Completa y más,2500 gramos y más,8
289,58,1,2,30 a 34,37 a 41,Secundario/Polimodal Completa y más,2500 gramos y más,650
290,62,1,2,30 a 34,32 a 36,Hasta Primaria/C.EGB Completa,Menos de 2500 gramos,1
291,34,2,1,35 a 39,37 a 41,Sin especificar,2500 gramos y más,2
292,14,1,2,De 45 y más,37 a 41,Hasta Primaria/C.EGB Completa,2500 gramos y más,10
293,82,2,2,20 a 24,37 a 41,Secundario/Polimodal Completa y más,2500 gramos y más,7
294,90,1,1,20 a 24,42 y más,Secundaria/Polimodal Incompleta,2500 gramos y más,23
295,18,2,2,35 a 39,32 a 36,Secundario/Polimodal Completa y más,2500 gramos y más,2
296,18,1,2,15 a 19,28 a 31,Secundaria/Polimodal Incompleta,Menos de 2500 gramos,3
297,34,1,1,Menor de 15,28 a 31,Secundaria/Polimodal Incompleta,Menos de 2500 gramos,1
298,34,1,2,25 a 29,37 a 41,Sin especificar,2500 gramos y más,224
299,62,1,1,15 a 19,32 a 36,Secundario/Polimodal Completa y más,Menos de 2500 gramos,2
300,30,1,1,15 a 19,28 a 31,Secundario/Polimodal Completa y más,Menos de 2500 gramos,1
301,86,1,1,25 a 29,32 a 36,Secundaria/Polimodal Incompleta,2500 gramos y más,23
302,42,1,2,Menor de 15,37 a 41,Secundario/Polimodal Completa y más,2500 gramos y más,1
303,26,1,1,30 a 34,42 y más,Secundaria/Polimodal Incompleta,2500 gramos y más,1
304,66,1,2,20 a 24,Sin especificar,Secundaria/Polimodal Incompleta,Sin especificar,1
305,18,1,1,40 a 44,32 a 36,Secundaria/Polimodal Incompleta,2500 gramos y más,3
306,34,1,2,40 a 44,37 a 41,Sin especificar,Menos de 2500 gramos,1
307,2,1,1,25 a 29,32 a 36,Secundario/Polimodal Completa y más,Menos de 2500 gramos,42
308,74,1,2,35 a 39,32 a 36,Secundario/Polimodal Completa y más,Menos de 2500 gramos,11
309,22,1,1,25 a 29,24 a 27,Secundario/Polimodal Completa y más,Menos de 2500 gramos,2
310,62,1,1,30 a 34,32 a 36,Secundaria/Polimodal Incompleta,Menos de 2500 gramos,3
311,54,1,2,25 a 29,32 a 36,Hasta Primaria/C.EGB Completa,2500 gramos y más,31
312,14,1,1,25 a 29,28 a 31,Secundaria/Polimodal Incompleta,Menos de 2500 gramos,8
313,2,9,1,40 a 44,37 a 41,Sin especificar,Menos de 2500 gramos,3
314,34,1,1,25 a 29,42 y más,Secundaria/Polimodal Incompleta,2500 gramos y más,2
315,66,1,2,40 a 44,32 a 36,Secundario/Polimodal Completa y más,Menos de 2500 gramos,9
316,90,1,2,40 a 44,28 a 31,Secundaria/Polimodal Incompleta,Menos de 2500 gramos,2
317,99,1,2,25 a 29,32 a 36,Secundario/Polimodal Completa y más,2500 gramos y más,1
318,70,1,2,30 a 34,32 a 36,Hasta Primaria/C.EGB Completa,2500 gramos y más,4
319,54,1,2,15 a 19,37 a 41,Secundario/Polimodal Completa y más,Menos de 2500 gramos,9
320,90,1,1,30 a 34,28 a 31,Secundario/Polimodal Completa y más,2500 gramos y más,2
321,62,1,9,35 a 39,37 a 41,Sin especificar,2500 gramos y más,1
322,86,2,2,35 a 39,32 a 36,Secundario/Polimodal Completa y más,Menos de 2500 gramos,3
323,90,2,1,25 a 29,28 a 31,Secundaria/Polimodal Incompleta,Menos de 2500 gramos,3
324,82,2,2,15 a 19,32 a 36,Hasta Primaria/C.EGB Completa,Menos de 2500 gramos,2
325,98,1,2,30 a 34,37 a 41,Hasta Primaria/C.EGB Completa,2500 gramos y más,3
326,30,1,1,Menor de 15,24 a 27,Hasta Primaria/C.EGB Completa,Menos de 2500 gramos,1
327,34,1,1,30 a 34,37 a 41,Sin especificar,2500 gramos y más,182
328,66,1,2,15 a 19,37 a 41,Secundario/Polimodal Completa y más,Menos de 2500 gramos,6
329,54,2,2,20 a 24,37 a 41,Secundaria/Polimodal Incompleta,Menos de 2500 gramos,2
330,6,2,2,30 a 34,37 a 41,Sin especificar,Menos de 2500 gramos,6
331,6,2,1,30 a 34,Sin especificar,Sin especificar,2500 gramos y más,1
332,26,1,2,15 a 19,37 a 41,Hasta Primaria/C.EGB Completa,2500 gramos y más,7
333,78,1,2,25 a 29,37 a 41,Secundaria/Polimodal Incompleta,Menos de 2500 gramos,3
334,66,1,2,40 a 44,Sin especificar,Sin especificar,2500 gramos y más,1
335,62,1,1,15 a 19,37 a 41,Secundaria/Polimodal Incompleta,2500 gramos y más,122
336,82,1,1,20 a 24,32 a 36,Hasta Primaria/C.EGB Completa,Menos de 2500 gramos,28
337,6,2,2,35 a 39,37 a 41,Secundaria/Polimodal Incompleta,2500 gramos y más,12
338,46,1,2,15 a 19,37 a 41,Secundaria/Polimodal Incompleta,2500 gramos y más,64
339,22,1,1,Sin especificar,Sin especificar,Secundario/Polimodal Completa y más,Sin especificar,1
340,6,1,2,30 a 34,Sin especificar,Secundario/Polimodal Completa y más,Menos de 2500 gramos,3
341,58,2,1,35 a 39,28 a 31,Hasta Primaria/C.EGB Completa,Menos de 2500 gramos,1
342,22,9,1,30 a 34,37 a 41,Sin especificar,2500 gramos y más,1
343,22,1,2,30 a 34,Sin especificar,Secundario/Polimodal Completa y más,Sin especificar,1
344,6,2,1,De 45 y más,32 a 36,Secundario/Polimodal Completa y más,Menos de 2500 gramos,7
345,66,1,2,De 45 y más,32 a 36,Secundario/Polimodal Completa y más,Menos de 2500 gramos,5
346,38,1,2,25 a 29,32 a 36,Secundario/Polimodal Completa y más,2500 gramos y más,23
347,6,1,2,De 45 y más,32 a 36,Secundaria/Polimodal Incompleta,Menos de 2500 gramos,2
348,86,1,1,25 a 29,37 a 41,Hasta Primaria/C.EGB Completa,Menos de 2500 gramos,12
349,34,1,2,40 a 44,37 a 41,Secundario/Polimodal Completa y más,2500 gramos y más,28
350,34,2,1,30 a 34,32 a 36,Sin especificar,2500 gramos y más,2
351,99,1,2,25 a 29,37 a 41,Hasta Primaria/C.EGB Completa,2500 gramos y más,1
352,2,2,1,20 a 24,32 a 36,Secundario/Polimodal Completa y más,2500 gramos y más,1
353,70,1,2,35 a 39,28 a 31,Secundaria/Polimodal Incompleta,Menos de 2500 gramos,2
354,99,1,2,40 a 44,37 a 41,Sin especificar,2500 gramos y más,1
355,62,2,1,35 a 39,37 a 41,Secundario/Polimodal Completa y más,2500 gramos y más,7
356,54,1,1,40 a 44,32 a 36,Secundario/Polimodal Completa y más,Menos de 2500 gramos,8
357,54,1,1,25 a 29,37 a 41,Secundaria/Polimodal Incompleta,Sin especificar,3
358,18,2,2,20 a 24,Menos de 22,Secundario/Polimodal Completa y más,Menos de 2500 gramos,1
359,50,1,2,40 a 44,32 a 36,Hasta Primaria/C.EGB Completa,Menos de 2500 gramos,2
360,54,2,1,15 a 19,28 a 31,Secundario/Polimodal Completa y más,Menos de 2500 gramos,3
361,82,1,2,15 a 19,32 a 36,Secundario/Polimodal Completa y más,Menos de 2500 gramos,15
362,18,1,1,25 a 29,37 a 41,Secundario/Polimodal Completa y más,Menos de 2500 gramos,21
363,54,2,2,25 a 29,32 a 36,Hasta Primaria/C.EGB Completa,Menos de 2500 gramos,2
364,6,1,2,30 a 34,22 a 23,Secundario/Polimodal Completa y más,Sin especificar,1
365,54,2,2,30 a 34,37 a 41,Secundaria/Polimodal Incompleta,2500 gramos y más,1
366,86,1,1,30 a 34,42 y más,Secundario/Polimodal Completa y más,2500 gramos y más,1
367,82,1,1,30 a 34,Sin especificar,Secundaria/Polimodal Incompleta,2500 gramos y más,1
368,50,1,2,30 a 34,37 a 41,Secundario/Polimodal Completa y más,2500 gramos y más,1582
369,38,1,2,35 a 39,28 a 31,Secundario/Polimodal Completa y más,Menos de 2500 gramos,2
370,10,1,1,25 a 29,28 a 31,Secundario/Polimodal Completa y más,Menos de 2500 gramos,2
371,86,1,2,30 a 34,32 a 36,Secundario/Polimodal Completa y más,2500 gramos y más,14
372,50,1,2,20 a 24,32 a 36,Hasta Primaria/C.EGB Completa,Menos de 2500 gramos,10
373,46,1,1,25 a 29,28 a 31,Secundario/Polimodal Completa y más,Menos de 2500 gramos,5
374,58,1,1,25 a 29,37 a 41,Secundaria/Polimodal Incompleta,Menos de 2500 gramos,7
375,70,1,1,25 a 29,24 a 27,Hasta Primaria/C.EGB Completa,Menos de 2500 gramos,2
376,62,2,2,35 a 39,32 a 36,Hasta Primaria/C.EGB Completa,2500 gramos y más,1
377,26,1,2,20 a 24,28 a 31,Secundario/Polimodal Completa y más,Menos de 2500 gramos,1
378,18,1,1,15 a 19,28 a 31,Sin especificar,Menos de 2500 gramos,1
379,78,1,2,40 a 44,32 a 36,Secundario/Polimodal Completa y más,2500 gramos y más,3
380,62,1,2,25 a 29,37 a 41,Sin especificar,2500 gramos y más,96
381,90,2,2,35 a 39,37 a 41,Hasta Primaria/C.EGB Completa,Menos de 2500 gramos,5
382,6,1,1,Sin especificar,37 a 41,Secundario/Polimodal Completa y más,Menos de 2500 gramos,11
383,22,2,1,40 a 44,37 a 41,Hasta Primaria/C.EGB Completa,Menos de 2500 gramos,2
384,22,1,2,30 a 34,24 a 27,Secundario/Polimodal Completa y más,Menos de 2500 gramos,3
385,14,2,1,35 a 39,37 a 41,Secundaria/Polimodal Incompleta,Menos de 2500 gramos,1
386,34,2,2,20 a 24,32 a 36,Sin especificar,Menos de 2500 gramos,4
387,38,1,2,20 a 24,32 a 36,Secundario/Polimodal Completa y más,2500 gramos y más,12
388,90,1,1,15 a 19,37 a 41,Secundario/Polimodal Completa y más,Sin especificar,1
389,42,2,1,30 a 34,37 a 41,Secundaria/Polimodal Incompleta,2500 gramos y más,1
390,90,1,1,30 a 34,32 a 36,Sin especificar,2500 gramos y más,1
391,30,1,1,20 a 24,32 a 36,Hasta Primaria/C.EGB Completa,2500 gramos y más,11
392,90,1,1,30 a 34,32 a 36,Hasta Primaria/C.EGB Completa,Menos de 2500 gramos,11
393,18,1,2,35 a 39,37 a 41,Secundaria/Polimodal Incompleta,Menos de 2500 gramos,7
394,6,1,1,35 a 39,32 a 36,Sin especificar,2500 gramos y más,45
395,50,2,2,25 a 29,32 a 36,Secundaria/Polimodal Incompleta,Menos de 2500 gramos,3
396,14,2,2,15 a 19,24 a 27,Secundaria/Polimodal Incompleta,Menos de 2500 gramos,1
397,50,1,2,25 a 29,37 a 41,Secundaria/Polimodal Incompleta,Menos de 2500 gramos,13
398,6,1,1,15 a 19,32 a 36,Sin especificar,2500 gramos y más,31
399,66,1,1,15 a 19,Sin especificar,Secundario/Polimodal Completa y más,2500 gramos y más,3
400,78,1,2,35 a 39,37 a 41,Secundario/Polimodal Completa y más,2500 gramos y más,158
401,34,1,2,35 a 39,32 a 36,Secundario/Polimodal Completa y más,2500 gramos y más,11
402,34,2,1,35 a 39,37 a 41,Hasta Primaria/C.EGB Completa,Menos de 2500 gramos,1
403,86,1,1,40 a 44,32 a 36,Secundaria/Polimodal Incompleta,Menos de 2500 gramos,1
404,18,2,2,20 a 24,32 a 36,Sin especificar,Menos de 2500 gramos,6
405,50,1,1,15 a 19,24 a 27,Secundaria/Polimodal Incompleta,Menos de 2500 gramos,1
406,14,1,2,15 a 19,24 a 27,Secundaria/Polimodal Incompleta,Menos de 2500 gramos,7
407,6,1,1,35 a 39,37 a 41,Secundario/Polimodal Completa y más,Sin especificar,8
408,54,1,2,De 45 y más,32 a 36,Secundaria/Polimodal Incompleta,2500 gramos y más,1
409,50,1,1,De 45 y más,32 a 36,Hasta Primaria/C.EGB Completa,2500 gramos y más,2
410,62,2,1,30 a 34,37 a 41,Secundaria/Polimodal Incompleta,2500 gramos y más,2
411,82,1,2,20 a 24,42 y más,Sin especificar,2500 gramos y más,1
412,6,2,1,Sin especificar,32 a 36,Secundario/Polimodal Completa y más,2500 gramos y más,2
413,90,2,1,35 a 39,37 a 41,Secundaria/Polimodal Incompleta,2500 gramos y más,1
414,86,1,2,15 a 19,24 a 27,Secundaria/Polimodal Incompleta,Menos de 2500 gramos,1
415,14,1,2,35 a 39,37 a 41,Hasta Primaria/C.EGB Completa,2500 gramos y más,286
416,18,2,2,35 a 39,37 a 41,Secundaria/Polimodal Incompleta,Menos de 2500 gramos,1
417,74,1,2,35 a 39,37 a 41,Secundario/Polimodal Completa y más,2500 gramos y más,202
418,6,2,1,De 45 y más,32 a 36,Secundario/Polimodal Completa y más,2500 gramos y más,6
419,6,1,9,20 a 24,24 a 27,Secundario/Polimodal Completa y más,Menos de 2500 gramos,1
420,22,1,2,40 a 44,Sin especificar,Hasta Primaria/C.EGB Completa,2500 gramos y más,1
421,34,1,2,35 a 39,32 a 36,Sin especificar,Menos de 2500 gramos,1
422,38,1,1,30 a 34,42 y más,Hasta Primaria/C.EGB Completa,2500 gramos y más,2
423,6,9,2,25 a 29,32 a 36,Sin especificar,Menos de 2500 gramos,1
424,30,2,1,40 a 44,37 a 41,Secundario/Polimodal Completa y más,2500 gramos y más,3
425,34,1,1,15 a 19,28 a 31,Secundaria/Polimodal Incompleta,Menos de 2500 gramos,3
426,82,1,1,20 a 24,32 a 36,Hasta Primaria/C.EGB Completa,2500 gramos y más,39
427,90,1,1,20 a 24,42 y más,Secundario/Polimodal Completa y más,Menos de 2500 gramos,3
428,2,1,2,Sin especificar,37 a 41,Sin especificar,Menos de 2500 gramos,1
429,18,1,1,25 a 29,32 a 36,Secundario/Polimodal Completa y más,Menos de 2500 gramos,23
430,86,2,2,35 a 39,32 a 36,Hasta Primaria/C.EGB Completa,Menos de 2500 gramos,2
431,62,1,2,30 a 34,28 a 31,Sin especificar,Menos de 2500 gramos,6
432,82,2,2,20 a 24,22 a 23,Secundaria/Polimodal Incompleta,Menos de 2500 gramos,1
433,62,1,2,25 a 29,37 a 41,Secundario/Polimodal Completa y más,2500 gramos y más,545
434,26,2,1,30 a 34,32 a 36,Secundaria/Polimodal Incompleta,Menos de 2500 gramos,3
435,18,1,1,20 a 24,37 a 41,Secundaria/Polimodal Incompleta,2500 gramos y más,429
436,99,9,1,40 a 44,32 a 36,Sin especificar,2500 gramos y más,1
437,82,1,2,20 a 24,32 a 36,Secundaria/Polimodal Incompleta,Menos de 2500 gramos,57
438,18,1,1,De 45 y más,37 a 41,Hasta Primaria/C.EGB Completa,2500 gramos y más,1
439,18,1,2,15 a 19,37 a 41,Sin especificar,2500 gramos y más,218
440,62,1,2,20 a 24,32 a 36,Secundaria/Polimodal Incompleta,Menos de 2500 gramos,10
441,90,1,1,25 a 29,32 a 36,Sin especificar,2500 gramos y más,2
442,6,9,1,30 a 34,37 a 41,Secundario/Polimodal Completa y más,2500 gramos y más,1
443,50,1,2,35 a 39,22 a 23,Secundario/Polimodal Completa y más,Menos de 2500 gramos,1
444,66,1,2,30 a 34,28 a 31,Secundaria/Polimodal Incompleta,Menos de 2500 gramos,1
445,50,1,1,30 a 34,28 a 31,Secundario/Polimodal Completa y más,Menos de 2500 gramos,8
446,82,1,1,15 a 19,24 a 27,Secundario/Polimodal Completa y más,Menos de 2500 gramos,2
447,50,2,1,30 a 34,37 a 41,Secundaria/Polimodal Incompleta,Menos de 2500 gramos,1
448,50,1,1,Menor de 15,24 a 27,Hasta Primaria/C.EGB Completa,Menos de 2500 gramos,1
449,54,1,9,25 a 29,37 a 41,Secundario/Polimodal Completa y más,2500 gramos y más,1
450,26,1,2,40 a 44,32 a 36,Hasta Primaria/C.EGB Completa,2500 gramos y más,1
451,82,1,1,15 a 19,32 a 36,Hasta Primaria/C.EGB Completa,Menos de 2500 gramos,18
452,18,1,2,Menor de 15,28 a 31,Hasta Primaria/C.EGB Completa,Menos de 2500 gramos,1
453,46,1,2,25 a 29,37 a 41,Secundaria/Polimodal Incompleta,2500 gramos y más,69
454,74,1,2,15 a 19,37 a 41,Sin especificar,2500 gramos y más,2
455,66,2,1,40 a 44,37 a 41,Secundario/Polimodal Completa y más,2500 gramos y más,1
456,58,1,2,35 a 39,28 a 31,Secundario/Polimodal Completa y más,2500 gramos y más,1
457,22,1,1,15 a 19,37 a 41,Hasta Primaria/C.EGB Completa,Menos de 2500 gramos,12
458,66,1,1,20 a 24,37 a 41,Secundaria/Polimodal Incompleta,2500 gramos y más,618
459,34,1,1,20 a 24,22 a 23,Secundario/Polimodal Completa y más,Menos de 2500 gramos,1
460,30,1,1,Menor de 15,32 a 36,Secundaria/Polimodal Incompleta,2500 gramos y más,1
461,70,1,1,40 a 44,37 a 41,Secundaria/Polimodal Incompleta,Menos de 2500 gramos,2
462,50,1,1,30 a 34,42 y más,Hasta Primaria/C.EGB Completa,2500 gramos y más,1
463,90,2,2,35 a 39,37 a 41,Hasta Primaria/C.EGB Completa,2500 gramos y más,4
464,82,1,2,25 a 29,37 a 41,Sin especificar,Menos de 2500 gramos,3
465,58,1,1,15 a 19,32 a 36,Hasta Primaria/C.EGB Completa,Menos de 2500 gramos,2
466,14,2,2,30 a 34,32 a 36,Hasta Primaria/C.EGB Completa,2500 gramos y más,2
467,86,1,1,40 a 44,37 a 41,Secundaria/Polimodal Incompleta,2500 gramos y más,31
468,98,1,1,15 a 19,37 a 41,Hasta Primaria/C.EGB Completa,2500 gramos y más,5
469,90,1,2,15 a 19,37 a 41,Hasta Primaria/C.EGB Completa,Menos de 2500 gramos,10
470,6,2,1,40 a 44,32 a 36,Secundaria/Polimodal Incompleta,2500 gramos y más,8
471,22,1,2,15 a 19,37 a 41,Hasta Primaria/C.EGB Completa,2500 gramos y más,330
472,2,1,2,15 a 19,28 a 31,Secundaria/Polimodal Incompleta,Menos de 2500 gramos,1
473,6,2,2,30 a 34,37 a 41,Secundaria/Polimodal Incompleta,2500 gramos y más,17
474,6,1,2,Sin especificar,24 a 27,Secundario/Polimodal Completa y más,Menos de 2500 gramos,1
475,74,1,2,30 a 34,37 a 41,Secundario/Polimodal Completa y más,2500 gramos y más,400
476,22,1,2,20 a 24,37 a 41,Sin especificar,2500 gramos y más,44
477,6,1,1,35 a 39,Sin especificar,Hasta Primaria/C.EGB Completa,Sin especificar,1
478,90,2,1,20 a 24,24 a 27,Secundaria/Polimodal Incompleta,Menos de 2500 gramos,2
479,66,1,1,30 a 34,Sin especificar,Sin especificar,Sin especificar,1
480,2,9,1,20 a 24,32 a 36,Sin especificar,Menos de 2500 gramos,7
481,50,1,1,25 a 29,32 a 36,Secundaria/Polimodal Incompleta,2500 gramos y más,29
482,10,1,2,De 45 y más,37 a 41,Hasta Primaria/C.EGB Completa,2500 gramos y más,1
483,46,1,2,20 a 24,22 a 23,Secundario/Polimodal Completa y más,Menos de 2500 gramos,1
484,66,1,1,Menor de 15,37 a 41,Secundario/Polimodal Completa y más,2500 gramos y más,1
485,2,2,1,30 a 34,37 a 41,Sin especificar,Menos de 2500 gramos,1
486,66,1,2,30 a 34,37 a 41,Secundario/Polimodal Completa y más,2500 gramos y más,1075
487,94,1,1,35 a 39,32 a 36,Secundaria/Polimodal Incompleta,2500 gramos y más,1
488,22,2,2,25 a 29,37 a 41,Secundario/Polimodal Completa y más,Sin especificar,1
489,18,1,1,Menor de 15,28 a 31,Secundaria/Polimodal Incompleta,Menos de 2500 gramos,1
490,6,2,2,15 a 19,28 a 31,Secundaria/Polimodal Incompleta,Menos de 2500 gramos,2
491,6,1,1,40 a 44,24 a 27,Secundaria/Polimodal Incompleta,Menos de 2500 gramos,3
492,50,2,2,35 a 39,37 a 41,Secundaria/Polimodal Incompleta,2500 gramos y más,3
493,2,1,1,Menor de 15,37 a 41,Hasta Primaria/C.EGB Completa,2500 gramos y más,1
494,2,1,2,35 a 39,32 a 36,Secundario/Polimodal Completa y más,2500 gramos y más,72
495,90,1,1,De 45 y más,37 a 41,Hasta Primaria/C.EGB Completa,2500 gramos y más,2
496,99,9,2,35 a 39,32 a 36,Sin especificar,Menos de 2500 gramos,1
497,6,1,1,20 a 24,42 y más,Secundario/Polimodal Completa y más,Menos de 2500 gramos,1
498,74,1,2,35 a 39,37 a 41,Sin especificar,2500 gramos y más,20
499,50,1,2,25 a 29,28 a 31,Secundaria/Polimodal Incompleta,Menos de 2500 gramos,2
500,50,2,1,20 a 24,32 a 36,Secundaria/Polimodal Incompleta,2500 gramos y más,4
501,54,2,2,20 a 24,28 a 31,Secundario/Polimodal Completa y más,Menos de 2500 gramos,2
502,78,2,1,De 45 y más,37 a 41,Secundario/Polimodal Completa y más,2500 gramos y más,1
503,2,1,1,40 a 44,37 a 41,Secundario/Polimodal Completa y más,2500 gramos y más,814
504,54,1,2,25 a 29,28 a 31,Secundario/Polimodal Completa y más,Menos de 2500 gramos,4
505,38,1,2,De 45 y más,32 a 36,Secundaria/Polimodal Incompleta,2500 gramos y más,1
506,86,1,1,35 a 39,32 a 36,Secundario/Polimodal Completa y más,Menos de 2500 gramos,12
507,14,1,2,Sin especificar,37 a 41,Secundaria/Polimodal Incompleta,2500 gramos y más,1
508,2,1,1,Sin especificar,32 a 36,Secundario/Polimodal Completa y más,Menos de 2500 gramos,2
509,18,1,2,35 a 39,37 a 41,Sin especificar,2500 gramos y más,118
510,62,2,2,20 a 24,32 a 36,Secundario/Polimodal Completa y más,Menos de 2500 gramos,2
511,18,2,2,40 a 44,37 a 41,Secundario/Polimodal Completa y más,2500 gramos y más,4
512,22,1,2,30 a 34,32 a 36,Hasta Primaria/C.EGB Completa,Sin especificar,1
513,66,1,2,20 a 24,Menos de 22,Secundario/Polimodal Completa y más,Menos de 2500 gramos,1
514,62,1,2,30 a 34,37 a 41,Hasta Primaria/C.EGB Completa,Menos de 2500 gramos,4
515,50,1,1,De 45 y más,37 a 41,Secundario/Polimodal Completa y más,Menos de 2500 gramos,1
516,2,1,1,30 a 34,42 y más,Secundario/Polimodal Completa y más,2500 gramos y más,3
517,30,1,1,20 a 24,Sin especificar,Hasta Primaria/C.EGB Completa,2500 gramos y más,1
518,70,2,1,30 a 34,37 a 41,Secundaria/Polimodal Incompleta,Menos de 2500 gramos,2
519,62,1,1,25 a 29,32 a 36,Hasta Primaria/C.EGB Completa,2500 gramos y más,5
520,74,1,2,Menor de 15,37 a 41,Sin especificar,2500 gramos y más,1
521,66,1,2,20 a 24,32 a 36,Secundario/Polimodal Completa y más,Menos de 2500 gramos,34
522,38,1,2,15 a 19,24 a 27,Secundaria/Polimodal Incompleta,Menos de 2500 gramos,2
523,66,1,2,15 a 19,24 a 27,Hasta Primaria/C.EGB Completa,Menos de 2500 gramos,1
524,30,1,1,15 a 19,24 a 27,Secundaria/Polimodal Incompleta,Menos de 2500 gramos,3
525,50,1,1,25 a 29,28 a 31,Secundario/Polimodal Completa y más,Menos de 2500 gramos,9
526,34,1,1,15 a 19,32 a 36,Secundaria/Polimodal Incompleta,Menos de 2500 gramos,7
527,6,1,1,30 a 34,42 y más,Secundaria/Polimodal Incompleta,2500 gramos y más,14
528,38,1,1,30 a 34,24 a 27,Secundario/Polimodal Completa y más,Menos de 2500 gramos,2
529,54,1,2,20 a 24,37 a 41,Secundaria/Polimodal Incompleta,Menos de 2500 gramos,31
530,2,1,1,35 a 39,32 a 36,Hasta Primaria/C.EGB Completa,Menos de 2500 gramos,7
531,6,1,2,Sin especificar,Sin especificar,Hasta Primaria/C.EGB Completa,Menos de 2500 gramos,1
532,46,2,1,20 a 24,32 a 36,Hasta Primaria/C.EGB Completa,Menos de 2500 gramos,1
533,90,1,2,15 a 19,22 a 23,Secundario/Polimodal Completa y más,Menos de 2500 gramos,1
534,34,1,1,40 a 44,32 a 36,Secundario/Polimodal Completa y más,2500 gramos y más,3
535,90,2,2,40 a 44,32 a 36,Secundario/Polimodal Completa y más,2500 gramos y más,1
536,58,1,2,30 a 34,42 y más,Secundario/Polimodal Completa y más,2500 gramos y más,1
537,14,1,1,15 a 19,24 a 27,Hasta Primaria/C.EGB Completa,Menos de 2500 gramos,1
538,82,1,1,30 a 34,37 a 41,Sin especificar,Menos de 2500 gramos,2
539,70,1,1,25 a 29,22 a 23,Hasta Primaria/C.EGB Completa,Menos de 2500 gramos,1
540,46,1,1,35 a 39,32 a 36,Secundario/Polimodal Completa y más,Menos de 2500 gramos,7
541,86,1,2,25 a 29,37 a 41,Secundario/Polimodal Completa y más,Sin especificar,1
542,22,1,2,35 a 39,37 a 41,Secundaria/Polimodal Incompleta,2500 gramos y más,100
543,54,2,2,35 a 39,28 a 31,Sin especificar,Menos de 2500 gramos,2
544,86,1,1,40 a 44,32 a 36,Secundaria/Polimodal Incompleta,2500 gramos y más,7
545,14,2,2,40 a 44,28 a 31,Secundario/Polimodal Completa y más,Menos de 2500 gramos,1
546,66,1,1,20 a 24,Sin especificar,Secundario/Polimodal Completa y más,Menos de 2500 gramos,1
547,34,1,2,25 a 29,37 a 41,Sin especificar,Menos de 2500 gramos,6
548,90,1,2,20 a 24,32 a 36,Hasta Primaria/C.EGB Completa,2500 gramos y más,41
549,70,1,1,15 a 19,37 a 41,Secundaria/Polimodal Incompleta,2500 gramos y más,328
550,70,1,2,30 a 34,24 a 27,Secundario/Polimodal Completa y más,Menos de 2500 gramos,2
551,54,1,2,20 a 24,28 a 31,Secundario/Polimodal Completa y más,Menos de 2500 gramos,4
552,14,1,1,De 45 y más,32 a 36,Secundario/Polimodal Completa y más,2500 gramos y más,1
553,54,1,2,De 45 y más,37 a 41,Secundaria/Polimodal Incompleta,2500 gramos y más,2
554,22,1,1,15 a 19,32 a 36,Sin especificar,Menos de 2500 gramos,2
555,66,1,2,25 a 29,32 a 36,Sin especificar,2500 gramos y más,1
556,26,1,2,35 a 39,32 a 36,Secundaria/Polimodal Incompleta,Menos de 2500 gramos,3
557,42,1,2,35 a 39,37 a 41,Secundaria/Polimodal Incompleta,2500 gramos y más,54
558,18,1,2,25 a 29,28 a 31,Sin especificar,Menos de 2500 gramos,3
559,14,1,2,25 a 29,24 a 27,Secundario/Polimodal Completa y más,Menos de 2500 gramos,12
560,99,9,2,20 a 24,28 a 31,Sin especificar,Menos de 2500 gramos,1
561,82,1,2,40 a 44,24 a 27,Secundario/Polimodal Completa y más,Menos de 2500 gramos,2
562,74,1,1,25 a 29,28 a 31,Secundaria/Polimodal Incompleta,Menos de 2500 gramos,1
563,62,1,2,20 a 24,32 a 36,Secundaria/Polimodal Incompleta,2500 gramos y más,5
564,90,1,1,35 a 39,Sin especificar,Secundario/Polimodal Completa y más,2500 gramos y más,3
565,66,1,1,15 a 19,42 y más,Secundaria/Polimodal Incompleta,2500 gramos y más,4
566,54,1,2,20 a 24,32 a 36,Secundaria/Polimodal Incompleta,Menos de 2500 gramos,21
567,6,1,2,25 a 29,28 a 31,Secundaria/Polimodal Incompleta,2500 gramos y más,1
568,90,1,2,15 a 19,32 a 36,Hasta Primaria/C.EGB Completa,2500 gramos y más,18
569,90,1,1,30 a 34,42 y más,Hasta Primaria/C.EGB Completa,2500 gramos y más,11
570,42,2,2,40 a 44,37 a 41,Hasta Primaria/C.EGB Completa,Menos de 2500 gramos,1
571,54,1,2,15 a 19,32 a 36,Hasta Primaria/C.EGB Completa,Menos de 2500 gramos,13
572,82,1,2,De 45 y más,37 a 41,Secundaria/Polimodal Incompleta,2500 gramos y más,5
573,66,1,2,20 a 24,37 a 41,Secundario/Polimodal Completa y más,Menos de 2500 gramos,36
574,2,1,2,30 a 34,37 a 41,Secundario/Polimodal Completa y más,Menos de 2500 gramos,55
575,14,1,1,Menor de 15,37 a 41,Hasta Primaria/C.EGB Completa,2500 gramos y más,2
576,22,1,1,20 a 24,22 a 23,Secundario/Polimodal Completa y más,Menos de 2500 gramos,1
577,78,1,1,35 a 39,32 a 36,Secundaria/Polimodal Incompleta,2500 gramos y más,4
578,38,2,1,20 a 24,32 a 36,Secundario/Polimodal Completa y más,Menos de 2500 gramos,3
579,66,1,2,35 a 39,37 a 41,Secundaria/Polimodal Incompleta,2500 gramos y más,126
580,54,1,1,30 a 34,42 y más,Sin especificar,2500 gramos y más,1
581,58,1,1,15 a 19,37 a 41,Hasta Primaria/C.EGB Completa,2500 gramos y más,26
582,82,2,1,30 a 34,37 a 41,Secundario/Polimodal Completa y más,2500 gramos y más,35
583,66,2,2,20 a 24,32 a 36,Secundario/Polimodal Completa y más,Menos de 2500 gramos,7
584,46,1,9,15 a 19,37 a 41,Secundaria/Polimodal Incompleta,2500 gramos y más,1
585,78,1,2,20 a 24,32 a 36,Hasta Primaria/C.EGB Completa,2500 gramos y más,3
586,14,1,2,35 a 39,32 a 36,Hasta Primaria/C.EGB Completa,Menos de 2500 gramos,16
587,94,1,2,15 a 19,37 a 41,Secundaria/Polimodal Incompleta,Menos de 2500 gramos,1
588,46,1,2,40 a 44,32 a 36,Secundaria/Polimodal Incompleta,Menos de 2500 gramos,1
589,6,1,1,20 a 24,Sin especificar,Secundario/Polimodal Completa y más,Menos de 2500 gramos,5
590,18,2,1,35 a 39,37 a 41,Secundario/Polimodal Completa y más,Menos de 2500 gramos,3
591,14,2,2,35 a 39,32 a 36,Secundario/Polimodal Completa y más,2500 gramos y más,5
592,6,1,2,20 a 24,24 a 27,Secundario/Polimodal Completa y más,Menos de 2500 gramos,21
593,66,1,2,35 a 39,Sin especificar,Hasta Primaria/C.EGB Completa,2500 gramos y más,2
594,86,1,1,35 a 39,37 a 41,Sin especificar,2500 gramos y más,1
595,54,1,2,25 a 29,32 a 36,Hasta Primaria/C.EGB Completa,Menos de 2500 gramos,17
596,18,1,1,35 a 39,28 a 31,Secundaria/Polimodal Incompleta,Menos de 2500 gramos,1
597,82,1,2,Menor de 15,24 a 27,Secundaria/Polimodal Incompleta,Menos de 2500 gramos,1
598,18,1,1,30 a 34,32 a 36,Hasta Primaria/C.EGB Completa,2500 gramos y más,6
599,82,1,1,30 a 34,42 y más,Secundaria/Polimodal Incompleta,2500 gramos y más,2
600,2,2,1,35 a 39,32 a 36,Sin especificar,Menos de 2500 gramos,4
601,90,1,2,15 a 19,Sin especificar,Hasta Primaria/C.EGB Completa,Menos de 2500 gramos,1
602,66,1,2,25 a 29,37 a 41,Secundaria/Polimodal Incompleta,Menos de 2500 gramos,5
603,18,1,2,30 a 34,42 y más,Secundario/Polimodal Completa y más,2500 gramos y más,1
604,18,1,2,20 a 24,28 a 31,Secundario/Polimodal Completa y más,Menos de 2500 gramos,4
605,78,1,2,40 a 44,32 a 36,Hasta Primaria/C.EGB Completa,Menos de 2500 gramos,1
606,34,1,1,35 a 39,37 a 41,Sin especificar,Menos de 2500 gramos,1
607,22,1,2,Menor de 15,37 a 41,Secundaria/Polimodal Incompleta,Sin especificar,1
608,18,2,2,30 a 34,32 a 36,Sin especificar,Menos de 2500 gramos,1
609,66,1,1,40 a 44,37 a 41,Secundario/Polimodal Completa y más,Menos de 2500 gramos,5
610,34,1,1,30 a 34,37 a 41,Sin especificar,Menos de 2500 gramos,2
611,42,2,1,40 a 44,37 a 41,Secundario/Polimodal Completa y más,2500 gramos y más,1
612,58,1,2,30 a 34,32 a 36,Secundario/Polimodal Completa y más,Menos de 2500 gramos,20
613,2,1,1,35 a 39,32 a 36,Secundaria/Polimodal Incompleta,2500 gramos y más,7
614,62,1,2,20 a 24,42 y más,Secundaria/Polimodal Incompleta,2500 gramos y más,3
615,18,1,2,30 a 34,32 a 36,Secundario/Polimodal Completa y más,Menos de 2500 gramos,18
616,90,2,2,20 a 24,32 a 36,Hasta Primaria/C.EGB Completa,2500 gramos y más,2
617,86,1,2,20 a 24,28 a 31,Hasta Primaria/C.EGB Completa,Menos de 2500 gramos,9
618,6,2,2,15 a 19,37 a 41,Secundaria/Polimodal Incompleta,Menos de 2500 gramos,3
619,54,1,1,30 a 34,37 a 41,Sin especificar,2500 gramos y más,85
620,22,1,2,20 a 24,37 a 41,Secundaria/Polimodal Incompleta,Menos de 2500 gramos,24
621,66,1,2,Menor de 15,37 a 41,Secundaria/Polimodal Incompleta,Menos de 2500 gramos,1
622,22,2,2,25 a 29,32 a 36,Secundaria/Polimodal Incompleta,2500 gramos y más,1
623,66,1,1,40 a 44,37 a 41,Secundaria/Polimodal Incompleta,2500 gramos y más,33
624,70,1,1,15 a 19,24 a 27,Hasta Primaria/C.EGB Completa,Menos de 2500 gramos,1
625,90,1,2,30 a 34,24 a 27,Secundario/Polimodal Completa y más,Menos de 2500 gramos,4
626,74,1,1,35 a 39,32 a 36,Secundaria/Polimodal Incompleta,Menos de 2500 gramos,1
627,22,2,1,20 a 24,37 a 41,Secundaria/Polimodal Incompleta,Menos de 2500 gramos,3
628,90,2,2,35 a 39,28 a 31,Secundario/Polimodal Completa y más,Menos de 2500 gramos,4
629,66,1,2,35 a 39,28 a 31,Secundaria/Polimodal Incompleta,Menos de 2500 gramos,2
630,90,2,2,15 a 19,37 a 41,Secundario/Polimodal Completa y más,2500 gramos y más,1
631,22,2,2,20 a 24,37 a 41,Hasta Primaria/C.EGB Completa,Menos de 2500 gramos,5
632,94,2,2,20 a 24,32 a 36,Secundaria/Polimodal Incompleta,Menos de 2500 gramos,2
633,42,1,1,30 a 34,32 a 36,Secundario/Polimodal Completa y más,Menos de 2500 gramos,3
634,6,2,2,25 a 29,37 a 41,Secundaria/Polimodal Incompleta,2500 gramos y más,22
635,22,1,1,30 a 34,32 a 36,Secundaria/Polimodal Incompleta,2500 gramos y más,11
636,58,1,2,40 a 44,32 a 36,Secundario/Polimodal Completa y más,Menos de 2500 gramos,6
637,18,1,2,30 a 34,Sin especificar,Sin especificar,Menos de 2500 gramos,5
638,70,1,1,25 a 29,37 a 41,Hasta Primaria/C.EGB Completa,Menos de 2500 gramos,5
639,54,2,2,25 a 29,37 a 41,Sin especificar,2500 gramos y más,1
640,99,9,2,40 a 44,32 a 36,Sin especificar,Menos de 2500 gramos,2
641,62,1,2,30 a 34,37 a 41,Secundaria/Polimodal Incompleta,2500 gramos y más,139
642,86,1,1,30 a 34,37 a 41,Sin especificar,2500 gramos y más,5
643,86,2,1,30 a 34,32 a 36,Hasta Primaria/C.EGB Completa,Menos de 2500 gramos,3
644,94,1,1,35 a 39,32 a 36,Secundario/Polimodal Completa y más,Menos de 2500 gramos,8
645,99,9,2,20 a 24,37 a 41,Sin especificar,2500 gramos y más,80
646,18,2,1,20 a 24,28 a 31,Secundario/Polimodal Completa y más,Menos de 2500 gramos,2
647,46,1,2,De 45 y más,32 a 36,Secundario/Polimodal Completa y más,Menos de 2500 gramos,1
648,42,1,2,35 a 39,28 a 31,Secundaria/Polimodal Incompleta,Menos de 2500 gramos,1
649,34,2,2,20 a 24,37 a 41,Hasta Primaria/C.EGB Completa,2500 gramos y más,2
650,86,1,1,20 a 24,32 a 36,Secundaria/Polimodal Incompleta,Menos de 2500 gramos,12
651,34,1,1,35 a 39,42 y más,Secundario/Polimodal Completa y más,2500 gramos y más,1
652,70,1,1,25 a 29,32 a 36,Secundaria/Polimodal Incompleta,Menos de 2500 gramos,12
653,58,2,2,30 a 34,37 a 41,Hasta Primaria/C.EGB Completa,2500 gramos y más,2
654,22,1,1,30 a 34,37 a 41,Secundario/Polimodal Completa y más,2500 gramos y más,894
655,94,2,1,25 a 29,32 a 36,Secundario/Polimodal Completa y más,Menos de 2500 gramos,2
656,38,1,2,20 a 24,32 a 36,Secundaria/Polimodal Incompleta,Menos de 2500 gramos,11
657,14,2,1,30 a 34,28 a 31,Secundario/Polimodal Completa y más,Menos de 2500 gramos,4
658,66,1,2,25 a 29,42 y más,Hasta Primaria/C.EGB Completa,2500 gramos y más,3
659,86,1,1,35 a 39,37 a 41,Secundario/Polimodal Completa y más,Menos de 2500 gramos,4
660,50,2,1,25 a 29,32 a 36,Hasta Primaria/C.EGB Completa,Menos de 2500 gramos,1
661,58,1,2,15 a 19,37 a 41,Hasta Primaria/C.EGB Completa,Menos de 2500 gramos,1
662,66,1,2,25 a 29,37 a 41,Secundario/Polimodal Completa y más,Sin especificar,4
663,82,2,1,40 a 44,37 a 41,Hasta Primaria/C.EGB Completa,Menos de 2500 gramos,1
664,70,1,1,30 a 34,32 a 36,Secundario/Polimodal Completa y más,2500 gramos y más,14
665,6,1,9,20 a 24,37 a 41,Secundario/Polimodal Completa y más,2500 gramos y más,32
666,14,1,2,25 a 29,28 a 31,Hasta Primaria/C.EGB Completa,Menos de 2500 gramos,4
667,14,2,1,25 a 29,37 a 41,Hasta Primaria/C.EGB Completa,Menos de 2500 gramos,2
668,18,1,1,15 a 19,32 a 36,Hasta Primaria/C.EGB Completa,Menos de 2500 gramos,4
669,94,1,2,35 a 39,32 a 36,Hasta Primaria/C.EGB Completa,2500 gramos y más,1
670,34,1,2,35 a 39,32 a 36,Secundario/Polimodal Completa y más,Menos de 2500 gramos,7
671,6,1,1,De 45 y más,32 a 36,Secundaria/Polimodal Incompleta,2500 gramos y más,2
672,86,1,1,25 a 29,28 a 31,Hasta Primaria/C.EGB Completa,Menos de 2500 gramos,9
673,50,1,2,40 a 44,32 a 36,Hasta Primaria/C.EGB Completa,2500 gramos y más,2
674,82,1,1,20 a 24,37 a 41,Hasta Primaria/C.EGB Completa,Menos de 2500 gramos,18
675,82,1,2,15 a 19,28 a 31,Hasta Primaria/C.EGB Completa,Menos de 2500 gramos,5
676,6,1,2,25 a 29,28 a 31,Secundario/Polimodal Completa y más,2500 gramos y más,2
677,18,1,2,20 a 24,Sin especificar,Sin especificar,Menos de 2500 gramos,10
678,82,1,2,20 a 24,42 y más,Secundario/Polimodal Completa y más,2500 gramos y más,1
679,6,2,2,Sin especificar,Sin especificar,Sin especificar,Sin especificar,8
680,58,2,2,25 a 29,37 a 41,Secundario/Polimodal Completa y más,2500 gramos y más,6
681,70,1,2,15 a 19,37 a 41,Secundaria/Polimodal Incompleta,Menos de 2500 gramos,12
682,42,1,2,30 a 34,24 a 27,Secundario/Polimodal Completa y más,Menos de 2500 gramos,1
683,6,2,2,40 a 44,37 a 41,Secundario/Polimodal Completa y más,Sin especificar,1
684,6,1,2,Menor de 15,37 a 41,Secundaria/Polimodal Incompleta,2500 gramos y más,74
685,82,1,1,40 a 44,28 a 31,Secundaria/Polimodal Incompleta,Menos de 2500 gramos,1
686,42,1,1,30 a 34,37 a 41,Hasta Primaria/C.EGB Completa,2500 gramos y más,37
687,90,1,1,30 a 34,32 a 36,Secundario/Polimodal Completa y más,2500 gramos y más,105
688,66,1,2,20 a 24,Sin especificar,Secundario/Polimodal Completa y más,2500 gramos y más,11
689,66,1,1,20 a 24,37 a 41,Secundario/Polimodal Completa y más,Sin especificar,1
690,22,1,2,De 45 y más,32 a 36,Secundario/Polimodal Completa y más,2500 gramos y más,1
691,6,1,1,30 a 34,32 a 36,Secundaria/Polimodal Incompleta,Menos de 2500 gramos,96
692,90,1,1,25 a 29,Sin especificar,Hasta Primaria/C.EGB Completa,Menos de 2500 gramos,1
693,62,1,2,25 a 29,42 y más,Secundario/Polimodal Completa y más,2500 gramos y más,3
694,22,1,2,35 a 39,24 a 27,Secundario/Polimodal Completa y más,Menos de 2500 gramos,2
695,62,1,1,20 a 24,28 a 31,Secundario/Polimodal Completa y más,Menos de 2500 gramos,2
696,6,9,1,20 a 24,Sin especificar,Sin especificar,Sin especificar,1
697,10,1,2,25 a 29,37 a 41,Secundaria/Polimodal Incompleta,2500 gramos y más,65
698,2,1,2,40 a 44,32 a 36,Secundario/Polimodal Completa y más,2500 gramos y más,24
699,10,1,1,Menor de 15,32 a 36,Secundaria/Polimodal Incompleta,2500 gramos y más,1
700,50,2,2,25 a 29,37 a 41,Secundaria/Polimodal Incompleta,2500 gramos y más,1
701,34,1,1,De 45 y más,32 a 36,Secundario/Polimodal Completa y más,Menos de 2500 gramos,1
702,22,1,1,40 a 44,32 a 36,Secundaria/Polimodal Incompleta,Menos de 2500 gramos,3
703,22,1,2,35 a 39,28 a 31,Secundaria/Polimodal Incompleta,2500 gramos y más,1
704,22,1,1,25 a 29,24 a 27,Secundaria/Polimodal Incompleta,Sin especificar,1
705,50,1,1,15 a 19,32 a 36,Secundaria/Polimodal Incompleta,Menos de 2500 gramos,24
706,14,2,2,40 a 44,37 a 41,Secundario/Polimodal Completa y más,2500 gramos y más,7
707,30,1,2,35 a 39,28 a 31,Secundario/Polimodal Completa y más,Menos de 2500 gramos,3
708,78,1,2,30 a 34,37 a 41,Secundario/Polimodal Completa y más,Menos de 2500 gramos,9
709,86,2,2,40 a 44,32 a 36,Hasta Primaria/C.EGB Completa,Menos de 2500 gramos,1
710,30,1,2,35 a 39,Sin especificar,Secundaria/Polimodal Incompleta,2500 gramos y más,1
711,14,2,2,20 a 24,32 a 36,Secundaria/Polimodal Incompleta,Menos de 2500 gramos,12
712,62,1,1,35 a 39,24 a 27,Secundario/Polimodal Completa y más,Menos de 2500 gramos,2
713,6,1,1,15 a 19,32 a 36,Hasta Primaria/C.EGB Completa,2500 gramos y más,30
714,14,2,1,30 a 34,37 a 41,Secundario/Polimodal Completa y más,2500 gramos y más,29
715,34,2,1,30 a 34,24 a 27,Secundaria/Polimodal Incompleta,Menos de 2500 gramos,1
716,30,1,1,25 a 29,Sin especificar,Secundario/Polimodal Completa y más,2500 gramos y más,1
717,82,1,1,20 a 24,28 a 31,Secundario/Polimodal Completa y más,2500 gramos y más,1
718,6,2,1,35 a 39,37 a 41,Sin especificar,2500 gramos y más,7
719,90,1,2,35 a 39,22 a 23,Hasta Primaria/C.EGB Completa,Menos de 2500 gramos,2
720,54,1,2,40 a 44,28 a 31,Secundario/Polimodal Completa y más,Menos de 2500 gramos,1
721,50,1,1,20 a 24,32 a 36,Secundaria/Polimodal Incompleta,Menos de 2500 gramos,35
722,90,2,2,30 a 34,32 a 36,Hasta Primaria/C.EGB Completa,Menos de 2500 gramos,3
723,74,2,2,20 a 24,37 a 41,Secundario/Polimodal Completa y más,Menos de 2500 gramos,1
724,82,1,2,20 a 24,24 a 27,Secundario/Polimodal Completa y más,Menos de 2500 gramos,7
725,74,1,1,30 a 34,28 a 31,Secundario/Polimodal Completa y más,Menos de 2500 gramos,3
726,90,1,2,35 a 39,32 a 36,Secundaria/Polimodal Incompleta,2500 gramos y más,12
727,82,1,2,35 a 39,Sin especificar,Sin especificar,Sin especificar,1
728,26,1,1,Menor de 15,32 a 36,Secundaria/Polimodal Incompleta,2500 gramos y más,1
729,6,2,2,40 a 44,32 a 36,Hasta Primaria/C.EGB Completa,Menos de 2500 gramos,5
730,30,2,1,30 a 34,24 a 27,Secundario/Polimodal Completa y más,Menos de 2500 gramos,1
731,10,1,1,15 a 19,37 a 41,Hasta Primaria/C.EGB Completa,2500 gramos y más,25
732,2,1,2,Menor de 15,32 a 36,Hasta Primaria/C.EGB Completa,2500 gramos y más,1
733,22,2,2,25 a 29,32 a 36,Secundaria/Polimodal Incompleta,Menos de 2500 gramos,4
734,86,1,2,20 a 24,37 a 41,Sin especificar,2500 gramos y más,12
735,78,2,1,15 a 19,32 a 36,Hasta Primaria/C.EGB Completa,Menos de 2500 gramos,1
736,34,2,1,30 a 34,32 a 36,Sin especificar,Menos de 2500 gramos,1
737,38,2,1,15 a 19,32 a 36,Secundaria/Polimodal Incompleta,Menos de 2500 gramos,2
738,2,2,2,20 a 24,37 a 41,Secundario/Polimodal Completa y más,2500 gramos y más,2
739,6,1,2,15 a 19,32 a 36,Sin especificar,Menos de 2500 gramos,30
740,66,1,2,15 a 19,32 a 36,Hasta Primaria/C.EGB Completa,2500 gramos y más,4
741,82,1,1,30 a 34,32 a 36,Secundaria/Polimodal Incompleta,Menos de 2500 gramos,39
742,6,1,1,25 a 29,37 a 41,Sin especificar,Menos de 2500 gramos,45
743,99,1,2,25 a 29,Sin especificar,Sin especificar,Sin especificar,38
744,22,2,1,25 a 29,32 a 36,Secundario/Polimodal Completa y más,Menos de 2500 gramos,4
745,14,1,1,40 a 44,32 a 36,Hasta Primaria/C.EGB Completa,2500 gramos y más,7
746,22,2,1,40 a 44,32 a 36,Secundario/Polimodal Completa y más,Menos de 2500 gramos,1
747,78,1,2,De 45 y más,37 a 41,Hasta Primaria/C.EGB Completa,2500 gramos y más,1
748,78,1,2,Menor de 15,32 a 36,Hasta Primaria/C.EGB Completa,Menos de 2500 gramos,1
749,50,1,1,35 a 39,37 a 41,Secundario/Polimodal Completa y más,2500 gramos y más,999
750,78,1,1,30 a 34,37 a 41,Secundario/Polimodal Completa y más,2500 gramos y más,280
751,82,1,1,20 a 24,37 a 41,Secundaria/Polimodal Incompleta,Menos de 2500 gramos,28
752,62,2,1,35 a 39,37 a 41,Secundario/Polimodal Completa y más,Menos de 2500 gramos,1
753,6,1,2,De 45 y más,32 a 36,Secundaria/Polimodal Incompleta,2500 gramos y más,1
754,30,1,2,15 a 19,37 a 41,Secundaria/Polimodal Incompleta,2500 gramos y más,319
755,86,1,1,20 a 24,42 y más,Secundaria/Polimodal Incompleta,2500 gramos y más,3
756,14,1,1,15 a 19,42 y más,Hasta Primaria/C.EGB Completa,2500 gramos y más,3
757,99,9,1,25 a 29,32 a 36,Sin especificar,2500 gramos y más,6
758,6,1,2,15 a 19,32 a 36,Sin especificar,2500 gramos y más,14
759,6,1,1,Sin especificar,Menos de 22,Sin especificar,Sin especificar,1
760,94,2,1,25 a 29,32 a 36,Secundario/Polimodal Completa y más,2500 gramos y más,1
761,62,1,2,30 a 34,37 a 41,Secundario/Polimodal Completa y más,2500 gramos y más,557
762,2,1,1,20 a 24,37 a 41,Secundaria/Polimodal Incompleta,2500 gramos y más,244
763,30,1,2,Sin especificar,37 a 41,Sin especificar,2500 gramos y más,1
764,18,1,1,20 a 24,28 a 31,Secundario/Polimodal Completa y más,Menos de 2500 gramos,4
765,86,1,1,15 a 19,37 a 41,Hasta Primaria/C.EGB Completa,Menos de 2500 gramos,5
766,42,2,1,30 a 34,32 a 36,Secundario/Polimodal Completa y más,Menos de 2500 gramos,2
767,2,1,1,De 45 y más,32 a 36,Sin especificar,Menos de 2500 gramos,1
768,58,1,2,20 a 24,24 a 27,Hasta Primaria/C.EGB Completa,Menos de 2500 gramos,1
769,54,1,2,Menor de 15,37 a 41,Sin especificar,Menos de 2500 gramos,2
770,86,1,2,40 a 44,32 a 36,Hasta Primaria/C.EGB Completa,Menos de 2500 gramos,6
771,30,1,2,20 a 24,28 a 31,Secundaria/Polimodal Incompleta,Menos de 2500 gramos,2
772,82,1,2,15 a 19,37 a 41,Hasta Primaria/C.EGB Completa,Menos de 2500 gramos,13
773,78,1,2,40 a 44,37 a 41,Secundaria/Polimodal Incompleta,Menos de 2500 gramos,1
774,30,1,2,15 a 19,32 a 36,Secundario/Polimodal Completa y más,Menos de 2500 gramos,4
775,86,1,1,25 a 29,37 a 41,Sin especificar,2500 gramos y más,2
776,6,1,2,15 a 19,24 a 27,Secundario/Polimodal Completa y más,Menos de 2500 gramos,9
777,18,1,2,20 a 24,32 a 36,Sin especificar,2500 gramos y más,11
778,6,1,2,Sin especificar,32 a 36,Secundaria/Polimodal Incompleta,Menos de 2500 gramos,8
779,38,2,1,35 a 39,32 a 36,Secundaria/Polimodal Incompleta,Menos de 2500 gramos,2
780,34,1,1,30 a 34,37 a 41,Hasta Primaria/C.EGB Completa,Menos de 2500 gramos,4
781,50,2,2,30 a 34,37 a 41,Secundario/Polimodal Completa y más,Menos de 2500 gramos,3
782,82,1,2,25 a 29,32 a 36,Secundaria/Polimodal Incompleta,Menos de 2500 gramos,47
783,90,2,2,20 a 24,37 a 41,Secundaria/Polimodal Incompleta,2500 gramos y más,1
784,38,1,2,20 a 24,42 y más,Secundaria/Polimodal Incompleta,Menos de 2500 gramos,1
785,74,2,2,20 a 24,32 a 36,Secundario/Polimodal Completa y más,Menos de 2500 gramos,4
786,66,1,1,20 a 24,Menos de 22,Secundario/Polimodal Completa y más,Menos de 2500 gramos,1
787,6,1,1,25 a 29,Sin especificar,Secundario/Polimodal Completa y más,2500 gramos y más,30
788,30,2,2,15 a 19,32 a 36,Secundaria/Polimodal Incompleta,Menos de 2500 gramos,4
789,78,1,1,30 a 34,42 y más,Secundario/Polimodal Completa y más,2500 gramos y más,2
790,6,1,1,25 a 29,42 y más,Sin especificar,2500 gramos y más,2
791,6,1,2,25 a 29,37 a 41,Secundario/Polimodal Completa y más,Menos de 2500 gramos,263
792,54,1,1,20 a 24,32 a 36,Secundario/Polimodal Completa y más,Menos de 2500 gramos,23
793,82,1,1,20 a 24,32 a 36,Sin especificar,2500 gramos y más,2
794,22,2,1,20 a 24,37 a 41,Secundaria/Polimodal Incompleta,2500 gramos y más,8
795,38,1,1,35 a 39,32 a 36,Secundario/Polimodal Completa y más,2500 gramos y más,17
796,94,1,1,25 a 29,37 a 41,Secundario/Polimodal Completa y más,Menos de 2500 gramos,3
797,66,2,1,15 a 19,37 a 41,Secundario/Polimodal Completa y más,Menos de 2500 gramos,2
798,6,2,1,20 a 24,37 a 41,Secundario/Polimodal Completa y más,Menos de 2500 gramos,16
799,74,2,1,20 a 24,37 a 41,Secundario/Polimodal Completa y más,2500 gramos y más,1
800,70,1,2,35 a 39,32 a 36,Hasta Primaria/C.EGB Completa,2500 gramos y más,1
801,6,1,1,Sin especificar,37 a 41,Secundario/Polimodal Completa y más,2500 gramos y más,493
802,62,1,1,25 a 29,32 a 36,Hasta Primaria/C.EGB Completa,Menos de 2500 gramos,1
803,2,1,2,25 a 29,32 a 36,Secundaria/Polimodal Incompleta,2500 gramos y más,7
804,34,2,1,20 a 24,37 a 41,Secundaria/Polimodal Incompleta,2500 gramos y más,3
805,22,1,2,40 a 44,28 a 31,Hasta Primaria/C.EGB Completa,Menos de 2500 gramos,2
806,90,1,1,30 a 34,37 a 41,Sin especificar,2500 gramos y más,7
807,14,1,2,30 a 34,37 a 41,Hasta Primaria/C.EGB Completa,2500 gramos y más,417
808,6,2,1,20 a 24,37 a 41,Secundario/Polimodal Completa y más,2500 gramos y más,26
809,22,1,2,20 a 24,32 a 36,Sin especificar,Menos de 2500 gramos,2
810,22,1,1,35 a 39,32 a 36,Secundaria/Polimodal Incompleta,Menos de 2500 gramos,8
811,58,2,1,35 a 39,32 a 36,Secundaria/Polimodal Incompleta,Menos de 2500 gramos,2
812,18,1,1,25 a 29,24 a 27,Secundario/Polimodal Completa y más,Menos de 2500 gramos,5
813,6,1,2,30 a 34,32 a 36,Hasta Primaria/C.EGB Completa,Menos de 2500 gramos,95
814,94,1,2,15 a 19,37 a 41,Hasta Primaria/C.EGB Completa,2500 gramos y más,7
815,6,1,2,Menor de 15,37 a 41,Sin especificar,Menos de 2500 gramos,1
816,6,1,2,35 a 39,28 a 31,Secundaria/Polimodal Incompleta,Menos de 2500 gramos,14
817,6,2,1,35 a 39,37 a 41,Secundario/Polimodal Completa y más,2500 gramos y más,54
818,42,1,2,15 a 19,24 a 27,Secundario/Polimodal Completa y más,Menos de 2500 gramos,1
819,82,2,2,20 a 24,28 a 31,Secundario/Polimodal Completa y más,Menos de 2500 gramos,2
820,22,2,2,35 a 39,37 a 41,Secundario/Polimodal Completa y más,Menos de 2500 gramos,3
821,78,1,2,20 a 24,32 a 36,Hasta Primaria/C.EGB Completa,Menos de 2500 gramos,2
822,82,1,1,15 a 19,37 a 41,Secundario/Polimodal Completa y más,2500 gramos y más,273
823,82,2,1,30 a 34,32 a 36,Secundaria/Polimodal Incompleta,Menos de 2500 gramos,11
824,66,1,2,15 a 19,24 a 27,Secundario/Polimodal Completa y más,Menos de 2500 gramos,1
825,14,1,2,25 a 29,Sin especificar,Secundario/Polimodal Completa y más,Menos de 2500 gramos,1
826,90,2,2,20 a 24,22 a 23,Secundario/Polimodal Completa y más,Menos de 2500 gramos,1
827,6,1,1,De 45 y más,32 a 36,Secundario/Polimodal Completa y más,Menos de 2500 gramos,27
828,22,2,2,30 a 34,37 a 41,Secundario/Polimodal Completa y más,Menos de 2500 gramos,2
829,14,1,1,35 a 39,37 a 41,Hasta Primaria/C.EGB Completa,Menos de 2500 gramos,9
830,2,1,1,35 a 39,42 y más,Secundario/Polimodal Completa y más,2500 gramos y más,1
831,2,1,1,Sin especificar,37 a 41,Sin especificar,2500 gramos y más,2
832,74,1,1,40 a 44,24 a 27,Secundaria/Polimodal Incompleta,Menos de 2500 gramos,1
833,30,1,1,30 a 34,37 a 41,Hasta Primaria/C.EGB Completa,2500 gramos y más,244
834,74,1,2,20 a 24,37 a 41,Secundaria/Polimodal Incompleta,Menos de 2500 gramos,8
835,99,9,2,30 a 34,37 a 41,Sin especificar,2500 gramos y más,131
836,30,1,9,20 a 24,37 a 41,Hasta Primaria/C.EGB Completa,2500 gramos y más,1
837,26,2,2,35 a 39,32 a 36,Secundario/Polimodal Completa y más,Menos de 2500 gramos,7
838,82,1,2,20 a 24,28 a 31,Sin especificar,Menos de 2500 gramos,1
839,90,1,2,15 a 19,32 a 36,Secundaria/Polimodal Incompleta,Menos de 2500 gramos,23
840,6,2,1,35 a 39,32 a 36,Sin especificar,2500 gramos y más,3
841,6,1,1,Sin especificar,Sin especificar,Hasta Primaria/C.EGB Completa,2500 gramos y más,3
842,30,1,1,25 a 29,42 y más,Secundario/Polimodal Completa y más,2500 gramos y más,1
843,26,2,1,30 a 34,37 a 41,Secundario/Polimodal Completa y más,Menos de 2500 gramos,2
844,2,1,2,25 a 29,37 a 41,Hasta Primaria/C.EGB Completa,2500 gramos y más,229
845,54,1,2,Sin especificar,37 a 41,Hasta Primaria/C.EGB Completa,2500 gramos y más,1
846,30,1,2,35 a 39,28 a 31,Secundaria/Polimodal Incompleta,Menos de 2500 gramos,2
847,30,1,1,15 a 19,37 a 41,Sin especificar,2500 gramos y más,2
848,6,1,1,25 a 29,37 a 41,Secundario/Polimodal Completa y más,2500 gramos y más,10928
849,14,1,1,De 45 y más,32 a 36,Secundario/Polimodal Completa y más,Menos de 2500 gramos,4
850,6,1,2,25 a 29,32 a 36,Hasta Primaria/C.EGB Completa,2500 gramos y más,84
851,86,1,2,Menor de 15,37 a 41,Hasta Primaria/C.EGB Completa,2500 gramos y más,10
852,90,1,1,20 a 24,Sin especificar,Hasta Primaria/C.EGB Completa,Menos de 2500 gramos,1
853,30,1,1,40 a 44,37 a 41,Secundaria/Polimodal Incompleta,2500 gramos y más,34
854,2,1,1,De 45 y más,37 a 41,Sin especificar,2500 gramos y más,7
855,66,1,2,25 a 29,32 a 36,Hasta Primaria/C.EGB Completa,2500 gramos y más,4
856,86,1,2,35 a 39,37 a 41,Secundaria/Polimodal Incompleta,2500 gramos y más,147
857,78,1,1,20 a 24,37 a 41,Secundaria/Polimodal Incompleta,2500 gramos y más,131
858,82,1,1,15 a 19,42 y más,Secundaria/Polimodal Incompleta,2500 gramos y más,1
859,74,2,1,35 a 39,24 a 27,Secundario/Polimodal Completa y más,Menos de 2500 gramos,2
860,22,1,2,30 a 34,37 a 41,Secundaria/Polimodal Incompleta,Sin especificar,4
861,26,1,1,30 a 34,28 a 31,Hasta Primaria/C.EGB Completa,Menos de 2500 gramos,1
862,6,1,1,20 a 24,Sin especificar,Secundaria/Polimodal Incompleta,2500 gramos y más,20
863,34,1,1,40 a 44,37 a 41,Hasta Primaria/C.EGB Completa,2500 gramos y más,35
864,62,1,2,25 a 29,37 a 41,Hasta Primaria/C.EGB Completa,2500 gramos y más,97
865,30,1,2,20 a 24,28 a 31,Hasta Primaria/C.EGB Completa,Menos de 2500 gramos,2
866,14,1,2,35 a 39,37 a 41,Sin especificar,Menos de 2500 gramos,1
867,94,1,1,15 a 19,37 a 41,Secundaria/Polimodal Incompleta,2500 gramos y más,16
868,2,1,1,40 a 44,32 a 36,Sin especificar,Menos de 2500 gramos,2
869,34,2,2,15 a 19,32 a 36,Secundario/Polimodal Completa y más,Menos de 2500 gramos,1
870,14,2,2,25 a 29,24 a 27,Secundario/Polimodal Completa y más,Menos de 2500 gramos,2
871,54,1,1,35 a 39,Sin especificar,Sin especificar,2500 gramos y más,1
872,82,1,1,35 a 39,37 a 41,Secundario/Polimodal Completa y más,Menos de 2500 gramos,27
873,78,1,2,40 a 44,37 a 41,Hasta Primaria/C.EGB Completa,2500 gramos y más,3
874,14,2,1,25 a 29,37 a 41,Hasta Primaria/C.EGB Completa,2500 gramos y más,1
875,58,1,2,35 a 39,37 a 41,Hasta Primaria/C.EGB Completa,Menos de 2500 gramos,3
876,18,1,2,35 a 39,37 a 41,Hasta Primaria/C.EGB Completa,2500 gramos y más,98
877,82,1,1,20 a 24,37 a 41,Hasta Primaria/C.EGB Completa,2500 gramos y más,954
878,54,1,1,30 a 34,28 a 31,Sin especificar,Menos de 2500 gramos,2
879,22,1,1,35 a 39,32 a 36,Secundaria/Polimodal Incompleta,2500 gramos y más,6
880,50,1,1,20 a 24,37 a 41,Hasta Primaria/C.EGB Completa,Menos de 2500 gramos,8
881,22,1,2,30 a 34,37 a 41,Secundario/Polimodal Completa y más,Menos de 2500 gramos,29
882,50,1,1,25 a 29,32 a 36,Secundaria/Polimodal Incompleta,Menos de 2500 gramos,28
883,10,1,1,35 a 39,37 a 41,Secundario/Polimodal Completa y más,Menos de 2500 gramos,11
884,2,1,2,20 a 24,32 a 36,Sin especificar,2500 gramos y más,2
885,26,1,2,25 a 29,32 a 36,Sin especificar,2500 gramos y más,4
886,38,1,1,20 a 24,37 a 41,Hasta Primaria/C.EGB Completa,2500 gramos y más,84
887,6,2,1,20 a 24,37 a 41,Secundaria/Polimodal Incompleta,2500 gramos y más,17
888,14,1,2,25 a 29,Sin especificar,Secundario/Polimodal Completa y más,2500 gramos y más,3
889,54,1,2,25 a 29,32 a 36,Secundario/Polimodal Completa y más,2500 gramos y más,42
890,66,1,2,Menor de 15,37 a 41,Secundaria/Polimodal Incompleta,2500 gramos y más,15
891,18,1,1,20 a 24,37 a 41,Secundario/Polimodal Completa y más,Menos de 2500 gramos,20
892,34,1,2,De 45 y más,32 a 36,Secundaria/Polimodal Incompleta,Menos de 2500 gramos,2
893,86,1,2,20 a 24,28 a 31,Sin especificar,Menos de 2500 gramos,1
894,30,1,2,35 a 39,37 a 41,Secundario/Polimodal Completa y más,Menos de 2500 gramos,13
895,99,1,2,35 a 39,37 a 41,Secundario/Polimodal Completa y más,2500 gramos y más,8
896,90,1,1,15 a 19,37 a 41,Secundario/Polimodal Completa y más,2500 gramos y más,179
897,6,1,1,Sin especificar,42 y más,Sin especificar,2500 gramos y más,2
898,74,1,1,35 a 39,37 a 41,Secundaria/Polimodal Incompleta,Menos de 2500 gramos,2
899,94,1,2,25 a 29,32 a 36,Hasta Primaria/C.EGB Completa,2500 gramos y más,3
900,14,2,1,30 a 34,32 a 36,Secundaria/Polimodal Incompleta,2500 gramos y más,1
901,90,2,1,30 a 34,28 a 31,Secundario/Polimodal Completa y más,Menos de 2500 gramos,2
902,26,1,1,35 a 39,37 a 41,Hasta Primaria/C.EGB Completa,2500 gramos y más,26
903,2,2,1,40 a 44,32 a 36,Secundario/Polimodal Completa y más,2500 gramos y más,3
904,99,9,2,35 a 39,32 a 36,Sin especificar,2500 gramos y más,7
905,58,1,2,40 a 44,32 a 36,Secundario/Polimodal Completa y más,2500 gramos y más,5
906,18,1,1,40 a 44,32 a 36,Secundario/Polimodal Completa y más,2500 gramos y más,2
907,2,2,1,25 a 29,37 a 41,Secundaria/Polimodal Incompleta,2500 gramos y más,3
908,90,2,2,15 a 19,28 a 31,Secundario/Polimodal Completa y más,Menos de 2500 gramos,1
909,50,1,1,35 a 39,37 a 41,Sin especificar,2500 gramos y más,3
910,90,1,1,15 a 19,Sin especificar,Hasta Primaria/C.EGB Completa,2500 gramos y más,3
911,46,1,1,20 a 24,37 a 41,Hasta Primaria/C.EGB Completa,Menos de 2500 gramos,1
912,54,1,2,25 a 29,37 a 41,Secundaria/Polimodal Incompleta,Menos de 2500 gramos,20
913,42,1,1,25 a 29,37 a 41,Secundaria/Polimodal Incompleta,2500 gramos y más,96
914,22,1,2,15 a 19,37 a 41,Hasta Primaria/C.EGB Completa,Menos de 2500 gramos,19
915,50,1,2,25 a 29,32 a 36,Hasta Primaria/C.EGB Completa,2500 gramos y más,9
916,74,1,2,15 a 19,37 a 41,Hasta Primaria/C.EGB Completa,2500 gramos y más,15
917,14,1,2,20 a 24,42 y más,Secundaria/Polimodal Incompleta,2500 gramos y más,3
918,70,1,2,25 a 29,32 a 36,Secundario/Polimodal Completa y más,2500 gramos y más,11
919,22,2,2,30 a 34,37 a 41,Secundaria/Polimodal Incompleta,2500 gramos y más,2
920,22,1,1,20 a 24,37 a 41,Secundaria/Polimodal Incompleta,Menos de 2500 gramos,14
921,30,2,1,25 a 29,37 a 41,Secundario/Polimodal Completa y más,Menos de 2500 gramos,1
922,6,1,9,15 a 19,37 a 41,Secundaria/Polimodal Incompleta,2500 gramos y más,7
923,74,1,1,30 a 34,37 a 41,Hasta Primaria/C.EGB Completa,2500 gramos y más,49
924,54,1,1,15 a 19,32 a 36,Sin especificar,2500 gramos y más,5
925,50,1,2,35 a 39,37 a 41,Secundario/Polimodal Completa y más,2500 gramos y más,938
926,14,1,1,30 a 34,32 a 36,Secundaria/Polimodal Incompleta,Menos de 2500 gramos,34
927,6,9,2,20 a 24,37 a 41,Sin especificar,Menos de 2500 gramos,2
928,54,2,1,30 a 34,37 a 41,Hasta Primaria/C.EGB Completa,2500 gramos y más,2
929,14,2,2,De 45 y más,32 a 36,Secundario/Polimodal Completa y más,Menos de 2500 gramos,3
930,18,1,1,40 a 44,32 a 36,Secundario/Polimodal Completa y más,Menos de 2500 gramos,6
931,10,1,1,40 a 44,37 a 41,Secundario/Polimodal Completa y más,Menos de 2500 gramos,5
932,62,1,2,15 a 19,28 a 31,Sin especificar,Menos de 2500 gramos,1
933,54,2,2,20 a 24,37 a 41,Hasta Primaria/C.EGB Completa,2500 gramos y más,1
934,58,1,2,35 a 39,32 a 36,Secundario/Polimodal Completa y más,Menos de 2500 gramos,16
935,14,1,2,20 a 24,28 a 31,Secundario/Polimodal Completa y más,Menos de 2500 gramos,17
936,2,2,2,30 a 34,37 a 41,Hasta Primaria/C.EGB Completa,2500 gramos y más,1
937,86,1,9,25 a 29,37 a 41,Hasta Primaria/C.EGB Completa,2500 gramos y más,1
938,82,1,2,25 a 29,32 a 36,Secundaria/Polimodal Incompleta,2500 gramos y más,59
939,50,1,2,35 a 39,24 a 27,Hasta Primaria/C.EGB Completa,Menos de 2500 gramos,1
940,99,1,1,De 45 y más,Sin especificar,Sin especificar,Sin especificar,5
941,54,1,2,De 45 y más,37 a 41,Hasta Primaria/C.EGB Completa,2500 gramos y más,7
942,6,1,1,15 a 19,22 a 23,Secundario/Polimodal Completa y más,Menos de 2500 gramos,2
943,6,1,1,35 a 39,Sin especificar,Sin especificar,Sin especificar,61
944,10,1,1,15 a 19,28 a 31,Secundaria/Polimodal Incompleta,Menos de 2500 gramos,1
945,6,2,1,20 a 24,32 a 36,Secundaria/Polimodal Incompleta,2500 gramos y más,10
946,14,1,1,30 a 34,37 a 41,Secundaria/Polimodal Incompleta,2500 gramos y más,803
947,6,1,2,20 a 24,22 a 23,Secundaria/Polimodal Incompleta,Menos de 2500 gramos,4
948,66,1,1,40 a 44,Sin especificar,Secundario/Polimodal Completa y más,Sin especificar,1
949,74,1,2,30 a 34,32 a 36,Secundaria/Polimodal Incompleta,2500 gramos y más,4
950,50,2,1,25 a 29,32 a 36,Secundario/Polimodal Completa y más,Menos de 2500 gramos,19
951,86,1,2,15 a 19,37 a 41,Secundario/Polimodal Completa y más,Menos de 2500 gramos,4
952,78,2,2,25 a 29,37 a 41,Secundario/Polimodal Completa y más,2500 gramos y más,6
953,22,1,1,20 a 24,24 a 27,Secundario/Polimodal Completa y más,Menos de 2500 gramos,4
954,98,1,2,30 a 34,37 a 41,Secundaria/Polimodal Incompleta,Menos de 2500 gramos,1
955,14,1,2,15 a 19,37 a 41,Sin especificar,2500 gramos y más,2
956,94,1,1,40 a 44,28 a 31,Secundaria/Polimodal Incompleta,Menos de 2500 gramos,1
957,10,2,1,35 a 39,32 a 36,Hasta Primaria/C.EGB Completa,2500 gramos y más,1
958,6,2,1,25 a 29,22 a 23,Secundario/Polimodal Completa y más,Menos de 2500 gramos,1
959,34,2,2,25 a 29,32 a 36,Secundaria/Polimodal Incompleta,2500 gramos y más,2
960,78,1,2,15 a 19,32 a 36,Secundario/Polimodal Completa y más,Menos de 2500 gramos,2
961,46,1,2,35 a 39,32 a 36,Secundaria/Polimodal Incompleta,2500 gramos y más,1
962,14,1,2,20 a 24,32 a 36,Secundaria/Polimodal Incompleta,2500 gramos y más,44
963,22,2,1,35 a 39,28 a 31,Hasta Primaria/C.EGB Completa,Menos de 2500 gramos,2
964,22,2,1,25 a 29,37 a 41,Sin especificar,2500 gramos y más,1
965,70,1,1,20 a 24,32 a 36,Hasta Primaria/C.EGB Completa,2500 gramos y más,4
966,82,2,2,15 a 19,32 a 36,Secundaria/Polimodal Incompleta,Menos de 2500 gramos,16
967,18,1,1,35 a 39,42 y más,Hasta Primaria/C.EGB Completa,2500 gramos y más,1
968,22,2,2,20 a 24,37 a 41,Secundaria/Polimodal Incompleta,2500 gramos y más,1
969,62,1,1,De 45 y más,37 a 41,Secundaria/Polimodal Incompleta,2500 gramos y más,1
970,22,1,2,35 a 39,28 a 31,Secundario/Polimodal Completa y más,Menos de 2500 gramos,4
971,58,1,1,40 a 44,32 a 36,Hasta Primaria/C.EGB Completa,2500 gramos y más,3
972,86,2,2,30 a 34,32 a 36,Hasta Primaria/C.EGB Completa,2500 gramos y más,2
973,58,1,1,25 a 29,37 a 41,Secundario/Polimodal Completa y más,2500 gramos y más,584
974,2,2,1,25 a 29,37 a 41,Secundario/Polimodal Completa y más,2500 gramos y más,6
975,22,1,2,15 a 19,24 a 27,Secundario/Polimodal Completa y más,Menos de 2500 gramos,1
976,42,1,1,20 a 24,42 y más,Secundaria/Polimodal Incompleta,2500 gramos y más,1
977,30,1,2,20 a 24,32 a 36,Secundario/Polimodal Completa y más,2500 gramos y más,18
978,22,2,2,25 a 29,32 a 36,Secundario/Polimodal Completa y más,Menos de 2500 gramos,1
979,6,1,1,De 45 y más,28 a 31,Sin especificar,Menos de 2500 gramos,2
980,42,1,2,20 a 24,37 a 41,Secundaria/Polimodal Incompleta,Menos de 2500 gramos,2
981,54,2,2,30 a 34,37 a 41,Secundaria/Polimodal Incompleta,Menos de 2500 gramos,3
982,90,2,1,25 a 29,28 a 31,Secundario/Polimodal Completa y más,Menos de 2500 gramos,4
983,66,2,2,30 a 34,32 a 36,Secundaria/Polimodal Incompleta,Menos de 2500 gramos,3
984,22,1,2,35 a 39,37 a 41,Secundario/Polimodal Completa y más,2500 gramos y más,451
985,99,9,1,Sin especificar,37 a 41,Sin especificar,2500 gramos y más,8
986,50,1,2,25 a 29,32 a 36,Secundaria/Polimodal Incompleta,Menos de 2500 gramos,21
987,10,1,1,20 a 24,37 a 41,Hasta Primaria/C.EGB Completa,Menos de 2500 gramos,2
988,18,1,1,25 a 29,32 a 36,Hasta Primaria/C.EGB Completa,Menos de 2500 gramos,6
989,66,1,2,25 a 29,28 a 31,Secundaria/Polimodal Incompleta,2500 gramos y más,1
990,86,2,1,25 a 29,32 a 36,Hasta Primaria/C.EGB Completa,2500 gramos y más,4
991,6,1,9,40 a 44,37 a 41,Sin especificar,2500 gramos y más,2
992,82,1,1,Menor de 15,28 a 31,Hasta Primaria/C.EGB Completa,Menos de 2500 gramos,1
993,90,1,1,25 a 29,28 a 31,Hasta Primaria/C.EGB Completa,2500 gramos y más,1
994,26,1,1,15 a 19,32 a 36,Hasta Primaria/C.EGB Completa,Menos de 2500 gramos,1
995,99,1,2,40 a 44,32 a 36,Sin especificar,2500 gramos y más,1
996,14,1,1,20 a 24,Sin especificar,Secundaria/Polimodal Incompleta,2500 gramos y más,1
997,30,2,1,35 a 39,Sin especificar,Secundario/Polimodal Completa y más,2500 gramos y más,1
998,42,2,2,25 a 29,32 a 36,Secundario/Polimodal Completa y más,Menos de 2500 gramos,1
999,34,1,1,15 a 19,37 a 41,Sin especificar,Menos de 2500 gramos,1
1000,82,1,1,20 a 24,32 a 36,Secundario/Polimodal Completa y más,2500 gramos y más,90
1001,34,1,2,30 a 34,37 a 41,Secundaria/Polimodal Incompleta,Menos de 2500 gramos,3
1002,74,1,1,20 a 24,37 a 41,Secundario/Polimodal Completa y más,2500 gramos y más,369
1003,14,1,1,30 a 34,42 y más,Secundaria/Polimodal Incompleta,2500 gramos y más,4
1004,22,1,2,35 a 39,28 a 31,Secundaria/Polimodal Incompleta,Menos de 2500 gramos,1
1005,58,1,1,De 45 y más,32 a 36,Secundaria/Polimodal Incompleta,2500 gramos y más,1
1006,78,1,1,35 a 39,37 a 41,Secundaria/Polimodal Incompleta,2500 gramos y más,27
1007,42,1,1,30 a 34,28 a 31,Secundario/Polimodal Completa y más,Menos de 2500 gramos,2
1008,14,1,2,40 a 44,37 a 41,Sin especificar,2500 gramos y más,1
1009,22,1,1,Menor de 15,37 a 41,Secundaria/Polimodal Incompleta,Menos de 2500 gramos,1
1010,90,1,1,35 a 39,42 y más,Secundario/Polimodal Completa y más,2500 gramos y más,11
1011,50,2,1,35 a 39,28 a 31,Secundaria/Polimodal Incompleta,Menos de 2500 gramos,3
1012,86,1,1,25 a 29,42 y más,Secundario/Polimodal Completa y más,2500 gramos y más,4
1013,82,2,1,15 a 19,28 a 31,Sin especificar,Menos de 2500 gramos,2
1014,50,1,2,35 a 39,37 a 41,Secundario/Polimodal Completa y más,Menos de 2500 gramos,28
1015,74,1,2,40 a 44,37 a 41,Hasta Primaria/C.EGB Completa,2500 gramos y más,11
1016,2,1,1,20 a 24,28 a 31,Secundario/Polimodal Completa y más,Menos de 2500 gramos,2
1017,82,2,2,20 a 24,32 a 36,Secundario/Polimodal Completa y más,Menos de 2500 gramos,10
1018,30,2,2,20 a 24,28 a 31,Secundaria/Polimodal Incompleta,Menos de 2500 gramos,2
1019,70,2,1,40 a 44,32 a 36,Secundario/Polimodal Completa y más,Menos de 2500 gramos,1
1020,18,1,1,35 a 39,37 a 41,Secundaria/Polimodal Incompleta,2500 gramos y más,102
1021,70,1,1,40 a 44,32 a 36,Hasta Primaria/C.EGB Completa,2500 gramos y más,1
1022,50,2,1,30 a 34,32 a 36,Hasta Primaria/C.EGB Completa,Menos de 2500 gramos,2
1023,2,1,1,30 a 34,37 a 41,Secundario/Polimodal Completa y más,Sin especificar,1
1024,26,1,2,40 a 44,37 a 41,Secundaria/Polimodal Incompleta,Menos de 2500 gramos,1
1025,30,1,2,30 a 34,24 a 27,Secundario/Polimodal Completa y más,Menos de 2500 gramos,5
1026,26,1,1,25 a 29,32 a 36,Hasta Primaria/C.EGB Completa,2500 gramos y más,2
1027,14,1,1,20 a 24,28 a 31,Secundaria/Polimodal Incompleta,Menos de 2500 gramos,6
1028,2,1,1,35 a 39,32 a 36,Sin especificar,2500 gramos y más,2
1029,18,2,1,20 a 24,37 a 41,Secundaria/Polimodal Incompleta,Menos de 2500 gramos,1
1030,58,1,2,25 a 29,24 a 27,Secundaria/Polimodal Incompleta,Menos de 2500 gramos,2
1031,6,1,2,25 a 29,24 a 27,Hasta Primaria/C.EGB Completa,Menos de 2500 gramos,7
1032,74,1,1,20 a 24,28 a 31,Hasta Primaria/C.EGB Completa,Menos de 2500 gramos,1
1033,30,1,2,30 a 34,32 a 36,Hasta Primaria/C.EGB Completa,2500 gramos y más,1
1034,10,1,2,40 a 44,37 a 41,Secundaria/Polimodal Incompleta,2500 gramos y más,6
1035,6,1,1,15 a 19,22 a 23,Secundaria/Polimodal Incompleta,Menos de 2500 gramos,1
1036,26,1,2,20 a 24,32 a 36,Sin especificar,Menos de 2500 gramos,5
1037,90,1,1,15 a 19,32 a 36,Hasta Primaria/C.EGB Completa,Menos de 2500 gramos,9
1038,98,1,2,15 a 19,37 a 41,Sin especificar,2500 gramos y más,1
1039,10,1,1,25 a 29,37 a 41,Secundario/Polimodal Completa y más,Menos de 2500 gramos,15
1040,74,1,2,15 a 19,37 a 41,Hasta Primaria/C.EGB Completa,Menos de 2500 gramos,1
1041,66,2,2,25 a 29,37 a 41,Secundario/Polimodal Completa y más,Menos de 2500 gramos,2
1042,22,1,1,30 a 34,37 a 41,Hasta Primaria/C.EGB Completa,Menos de 2500 gramos,10
1043,34,1,2,Menor de 15,32 a 36,Sin especificar,2500 gramos y más,1
1044,38,1,1,25 a 29,42 y más,Hasta Primaria/C.EGB Completa,2500 gramos y más,1
1045,62,2,1,30 a 34,28 a 31,Secundario/Polimodal Completa y más,Menos de 2500 gramos,1
1046,38,1,2,30 a 34,32 a 36,Secundario/Polimodal Completa y más,Menos de 2500 gramos,21
1047,90,1,2,De 45 y más,32 a 36,Hasta Primaria/C.EGB Completa,2500 gramos y más,2
1048,74,1,2,30 a 34,37 a 41,Secundario/Polimodal Completa y más,Sin especificar,1
1049,30,2,2,30 a 34,37 a 41,Secundaria/Polimodal Incompleta,Menos de 2500 gramos,3
1050,2,1,1,40 a 44,37 a 41,Secundario/Polimodal Completa y más,Sin especificar,1
1051,26,1,1,20 a 24,32 a 36,Secundaria/Polimodal Incompleta,Menos de 2500 gramos,7
1052,90,1,2,De 45 y más,37 a 41,Secundario/Polimodal Completa y más,Menos de 2500 gramos,2
1053,78,2,2,15 a 19,32 a 36,Hasta Primaria/C.EGB Completa,2500 gramos y más,1
1054,58,1,1,35 a 39,32 a 36,Hasta Primaria/C.EGB Completa,Menos de 2500 gramos,1
1055,54,2,2,25 a 29,Sin especificar,Secundaria/Polimodal Incompleta,Menos de 2500 gramos,1
1056,2,9,1,15 a 19,32 a 36,Sin especificar,2500 gramos y más,1
1057,6,1,2,De 45 y más,32 a 36,Sin especificar,Menos de 2500 gramos,1
1058,86,2,2,15 a 19,32 a 36,Hasta Primaria/C.EGB Completa,Menos de 2500 gramos,2
1059,54,1,2,De 45 y más,32 a 36,Hasta Primaria/C.EGB Completa,Menos de 2500 gramos,1
1060,66,2,2,25 a 29,37 a 41,Secundario/Polimodal Completa y más,2500 gramos y más,6
1061,34,1,2,15 a 19,37 a 41,Secundaria/Polimodal Incompleta,Menos de 2500 gramos,6
1062,10,1,1,40 a 44,37 a 41,Secundario/Polimodal Completa y más,2500 gramos y más,56
1063,50,1,1,35 a 39,32 a 36,Secundaria/Polimodal Incompleta,2500 gramos y más,12
1064,99,9,1,25 a 29,37 a 41,Sin especificar,Menos de 2500 gramos,2
1065,82,1,2,40 a 44,32 a 36,Secundario/Polimodal Completa y más,2500 gramos y más,25
1066,30,1,1,20 a 24,28 a 31,Hasta Primaria/C.EGB Completa,Menos de 2500 gramos,1
1067,86,2,2,35 a 39,32 a 36,Hasta Primaria/C.EGB Completa,2500 gramos y más,1
1068,18,2,1,25 a 29,37 a 41,Secundario/Polimodal Completa y más,Menos de 2500 gramos,1
1069,10,1,2,20 a 24,32 a 36,Secundaria/Polimodal Incompleta,Menos de 2500 gramos,4
1070,90,2,2,35 a 39,32 a 36,Secundario/Polimodal Completa y más,Menos de 2500 gramos,11
1071,74,1,1,35 a 39,24 a 27,Secundario/Polimodal Completa y más,Menos de 2500 gramos,2
1072,62,1,2,35 a 39,37 a 41,Secundario/Polimodal Completa y más,Menos de 2500 gramos,7
1073,34,1,1,20 a 24,32 a 36,Sin especificar,Menos de 2500 gramos,6
1074,14,1,2,20 a 24,Sin especificar,Secundaria/Polimodal Incompleta,2500 gramos y más,1
1075,30,2,1,30 a 34,37 a 41,Secundaria/Polimodal Incompleta,Menos de 2500 gramos,1
1076,14,1,2,30 a 34,28 a 31,Hasta Primaria/C.EGB Completa,Menos de 2500 gramos,1
1077,54,1,2,Sin especificar,37 a 41,Hasta Primaria/C.EGB Completa,Menos de 2500 gramos,1
1078,18,1,2,40 a 44,37 a 41,Secundaria/Polimodal Incompleta,2500 gramos y más,28
1079,94,1,1,35 a 39,37 a 41,Secundario/Polimodal Completa y más,Menos de 2500 gramos,2
1080,90,1,1,40 a 44,Sin especificar,Secundaria/Polimodal Incompleta,2500 gramos y más,1
1081,78,2,2,15 a 19,37 a 41,Hasta Primaria/C.EGB Completa,2500 gramos y más,2
1082,2,9,2,40 a 44,32 a 36,Sin especificar,2500 gramos y más,3
1083,10,1,1,20 a 24,28 a 31,Secundaria/Polimodal Incompleta,Menos de 2500 gramos,1
1084,6,1,2,20 a 24,32 a 36,Hasta Primaria/C.EGB Completa,Menos de 2500 gramos,73
1085,6,2,1,25 a 29,28 a 31,Sin especificar,Menos de 2500 gramos,2
1086,90,1,1,20 a 24,24 a 27,Hasta Primaria/C.EGB Completa,Menos de 2500 gramos,2
1087,6,1,2,20 a 24,22 a 23,Secundario/Polimodal Completa y más,Menos de 2500 gramos,1
1088,62,2,2,30 a 34,37 a 41,Secundaria/Polimodal Incompleta,2500 gramos y más,1
1089,42,1,2,30 a 34,32 a 36,Secundaria/Polimodal Incompleta,2500 gramos y más,6
1090,74,1,1,20 a 24,32 a 36,Secundaria/Polimodal Incompleta,2500 gramos y más,8
1091,18,2,1,35 a 39,37 a 41,Secundaria/Polimodal Incompleta,2500 gramos y más,1
1092,34,2,2,30 a 34,32 a 36,Secundario/Polimodal Completa y más,Menos de 2500 gramos,3
1093,82,1,2,15 a 19,37 a 41,Hasta Primaria/C.EGB Completa,2500 gramos y más,403
1094,6,2,2,35 a 39,24 a 27,Hasta Primaria/C.EGB Completa,Menos de 2500 gramos,1
1095,46,1,2,35 a 39,32 a 36,Secundaria/Polimodal Incompleta,Menos de 2500 gramos,1
1096,54,1,1,De 45 y más,37 a 41,Secundario/Polimodal Completa y más,2500 gramos y más,3
1097,2,1,2,20 a 24,24 a 27,Hasta Primaria/C.EGB Completa,Menos de 2500 gramos,1
1098,14,1,1,Sin especificar,Sin especificar,Sin especificar,2500 gramos y más,1
1099,18,2,2,30 a 34,37 a 41,Sin especificar,Menos de 2500 gramos,2
1100,54,1,2,Menor de 15,37 a 41,Hasta Primaria/C.EGB Completa,2500 gramos y más,14
1101,86,1,2,20 a 24,32 a 36,Hasta Primaria/C.EGB Completa,Menos de 2500 gramos,26
1102,50,1,1,30 a 34,28 a 31,Hasta Primaria/C.EGB Completa,Menos de 2500 gramos,1
1103,6,1,1,30 a 34,28 a 31,Secundaria/Polimodal Incompleta,Menos de 2500 gramos,36
1104,86,1,2,15 a 19,37 a 41,Secundario/Polimodal Completa y más,2500 gramos y más,53
1105,2,2,1,15 a 19,32 a 36,Secundaria/Polimodal Incompleta,Menos de 2500 gramos,1
1106,94,1,1,35 a 39,37 a 41,Secundario/Polimodal Completa y más,2500 gramos y más,111
1107,6,1,1,30 a 34,28 a 31,Secundaria/Polimodal Incompleta,2500 gramos y más,2
1108,6,2,1,15 a 19,37 a 41,Secundario/Polimodal Completa y más,2500 gramos y más,2
1109,58,2,2,30 a 34,32 a 36,Secundario/Polimodal Completa y más,Menos de 2500 gramos,9
1110,6,1,2,Sin especificar,Sin especificar,Secundario/Polimodal Completa y más,Sin especificar,4
1111,62,1,2,35 a 39,42 y más,Hasta Primaria/C.EGB Completa,2500 gramos y más,2
1112,30,1,1,15 a 19,32 a 36,Secundaria/Polimodal Incompleta,2500 gramos y más,17
1113,34,1,2,30 a 34,42 y más,Sin especificar,2500 gramos y más,2
1114,26,1,2,35 a 39,32 a 36,Secundaria/Polimodal Incompleta,2500 gramos y más,3
1115,6,1,2,20 a 24,32 a 36,Sin especificar,2500 gramos y más,64
1116,90,1,2,15 a 19,37 a 41,Secundario/Polimodal Completa y más,Menos de 2500 gramos,7
1117,66,1,1,25 a 29,37 a 41,Sin especificar,Menos de 2500 gramos,1
1118,18,1,2,20 a 24,32 a 36,Hasta Primaria/C.EGB Completa,2500 gramos y más,5
1119,58,2,2,35 a 39,32 a 36,Secundario/Polimodal Completa y más,Menos de 2500 gramos,5
1120,22,1,2,25 a 29,Sin especificar,Sin especificar,Sin especificar,2
1121,18,2,2,30 a 34,32 a 36,Secundaria/Polimodal Incompleta,Menos de 2500 gramos,1
1122,50,2,1,30 a 34,37 a 41,Hasta Primaria/C.EGB Completa,Menos de 2500 gramos,3
1123,58,1,2,25 a 29,32 a 36,Hasta Primaria/C.EGB Completa,Menos de 2500 gramos,4
1124,6,2,2,25 a 29,37 a 41,Hasta Primaria/C.EGB Completa,Menos de 2500 gramos,10
1125,50,1,1,40 a 44,24 a 27,Secundaria/Polimodal Incompleta,Menos de 2500 gramos,1
1126,6,1,1,Sin especificar,32 a 36,Secundario/Polimodal Completa y más,Menos de 2500 gramos,14
1127,90,2,2,30 a 34,22 a 23,Hasta Primaria/C.EGB Completa,Menos de 2500 gramos,1
1128,54,1,1,20 a 24,32 a 36,Secundario/Polimodal Completa y más,2500 gramos y más,44
1129,30,1,2,25 a 29,Sin especificar,Hasta Primaria/C.EGB Completa,2500 gramos y más,2
1130,30,1,1,30 a 34,24 a 27,Secundaria/Polimodal Incompleta,Menos de 2500 gramos,3
1131,2,9,1,De 45 y más,32 a 36,Sin especificar,Menos de 2500 gramos,1
1132,66,1,1,35 a 39,28 a 31,Secundario/Polimodal Completa y más,2500 gramos y más,1
1133,50,2,2,25 a 29,32 a 36,Hasta Primaria/C.EGB Completa,Menos de 2500 gramos,1
1134,82,1,1,25 a 29,28 a 31,Hasta Primaria/C.EGB Completa,Menos de 2500 gramos,9
1135,54,1,1,25 a 29,32 a 36,Secundario/Polimodal Completa y más,Menos de 2500 gramos,40
1136,82,1,1,15 a 19,24 a 27,Hasta Primaria/C.EGB Completa,Menos de 2500 gramos,5
1137,74,1,1,25 a 29,24 a 27,Secundario/Polimodal Completa y más,Menos de 2500 gramos,1
1138,18,1,1,Menor de 15,42 y más,Secundaria/Polimodal Incompleta,2500 gramos y más,1
1139,42,1,1,25 a 29,22 a 23,Secundaria/Polimodal Incompleta,Menos de 2500 gramos,1
1140,58,2,1,35 a 39,32 a 36,Secundario/Polimodal Completa y más,Menos de 2500 gramos,5
1141,2,1,1,20 a 24,28 a 31,Secundaria/Polimodal Incompleta,2500 gramos y más,1
1142,54,1,1,35 a 39,28 a 31,Hasta Primaria/C.EGB Completa,Menos de 2500 gramos,3
1143,30,2,2,25 a 29,32 a 36,Hasta Primaria/C.EGB Completa,Menos de 2500 gramos,4
1144,62,1,2,15 a 19,37 a 41,Secundaria/Polimodal Incompleta,Sin especificar,1
1145,14,1,1,30 a 34,37 a 41,Sin especificar,2500 gramos y más,1
1146,18,1,2,40 a 44,32 a 36,Hasta Primaria/C.EGB Completa,Menos de 2500 gramos,1
1147,6,1,1,De 45 y más,32 a 36,Sin especificar,2500 gramos y más,1
1148,30,1,2,40 a 44,32 a 36,Secundaria/Polimodal Incompleta,2500 gramos y más,1
1149,34,2,1,30 a 34,32 a 36,Secundaria/Polimodal Incompleta,Menos de 2500 gramos,5
1150,6,1,1,35 a 39,32 a 36,Sin especificar,Menos de 2500 gramos,48
1151,30,2,2,25 a 29,37 a 41,Secundaria/Polimodal Incompleta,2500 gramos y más,3
1152,90,1,1,35 a 39,28 a 31,Secundaria/Polimodal Incompleta,2500 gramos y más,1
1153,22,1,1,20 a 24,42 y más,Secundaria/Polimodal Incompleta,2500 gramos y más,1
1154,54,2,1,15 a 19,24 a 27,Sin especificar,Menos de 2500 gramos,2
1155,58,2,1,30 a 34,32 a 36,Secundario/Polimodal Completa y más,Menos de 2500 gramos,5
1156,22,1,1,40 a 44,32 a 36,Secundario/Polimodal Completa y más,Menos de 2500 gramos,6
1157,66,1,1,20 a 24,32 a 36,Secundario/Polimodal Completa y más,Menos de 2500 gramos,38
1158,22,1,2,40 a 44,24 a 27,Hasta Primaria/C.EGB Completa,Menos de 2500 gramos,1
1159,22,1,1,30 a 34,37 a 41,Hasta Primaria/C.EGB Completa,Sin especificar,5
1160,30,1,2,20 a 24,32 a 36,Hasta Primaria/C.EGB Completa,2500 gramos y más,5
1161,34,1,2,20 a 24,32 a 36,Secundaria/Polimodal Incompleta,Menos de 2500 gramos,11
1162,74,1,2,35 a 39,37 a 41,Hasta Primaria/C.EGB Completa,2500 gramos y más,20
1163,90,1,1,30 a 34,Sin especificar,Secundario/Polimodal Completa y más,Menos de 2500 gramos,1
1164,62,1,1,30 a 34,32 a 36,Sin especificar,Menos de 2500 gramos,4
1165,82,1,1,35 a 39,37 a 41,Secundaria/Polimodal Incompleta,Menos de 2500 gramos,5
1166,22,1,1,25 a 29,28 a 31,Sin especificar,2500 gramos y más,1
1167,22,1,1,20 a 24,Sin especificar,Hasta Primaria/C.EGB Completa,2500 gramos y más,3
1168,26,1,1,40 a 44,28 a 31,Secundario/Polimodal Completa y más,Menos de 2500 gramos,1
1169,6,2,1,25 a 29,28 a 31,Hasta Primaria/C.EGB Completa,Menos de 2500 gramos,3
1170,6,1,1,20 a 24,32 a 36,Secundaria/Polimodal Incompleta,Sin especificar,2
1171,22,1,1,20 a 24,Sin especificar,Secundario/Polimodal Completa y más,2500 gramos y más,11
1172,6,1,9,35 a 39,37 a 41,Sin especificar,2500 gramos y más,6
1173,82,2,1,15 a 19,37 a 41,Secundaria/Polimodal Incompleta,Menos de 2500 gramos,1
1174,90,1,1,30 a 34,32 a 36,Hasta Primaria/C.EGB Completa,2500 gramos y más,33
1175,6,1,9,Sin especificar,37 a 41,Hasta Primaria/C.EGB Completa,2500 gramos y más,1
1176,54,2,1,25 a 29,37 a 41,Hasta Primaria/C.EGB Completa,2500 gramos y más,4
1177,82,2,2,35 a 39,24 a 27,Secundaria/Polimodal Incompleta,Menos de 2500 gramos,2
1178,14,2,1,25 a 29,32 a 36,Secundario/Polimodal Completa y más,2500 gramos y más,8
1179,82,9,2,40 a 44,37 a 41,Sin especificar,2500 gramos y más,1
1180,90,1,1,25 a 29,28 a 31,Secundaria/Polimodal Incompleta,Menos de 2500 gramos,3
1181,14,1,1,30 a 34,28 a 31,Secundario/Polimodal Completa y más,2500 gramos y más,1
1182,70,1,2,25 a 29,42 y más,Secundaria/Polimodal Incompleta,2500 gramos y más,1
1183,99,9,1,Sin especificar,Sin especificar,Sin especificar,Sin especificar,1
1184,58,1,2,Menor de 15,37 a 41,Secundaria/Polimodal Incompleta,2500 gramos y más,1
1185,34,2,1,20 a 24,24 a 27,Secundaria/Polimodal Incompleta,Menos de 2500 gramos,1
1186,62,1,1,40 a 44,32 a 36,Secundario/Polimodal Completa y más,2500 gramos y más,4
1187,50,1,1,15 a 19,32 a 36,Secundario/Polimodal Completa y más,Menos de 2500 gramos,4
1188,66,2,1,25 a 29,32 a 36,Hasta Primaria/C.EGB Completa,2500 gramos y más,3
1189,14,2,2,20 a 24,32 a 36,Hasta Primaria/C.EGB Completa,2500 gramos y más,2
1190,2,1,1,20 a 24,32 a 36,Hasta Primaria/C.EGB Completa,2500 gramos y más,7
1191,99,9,2,20 a 24,32 a 36,Sin especificar,Menos de 2500 gramos,4
1192,6,2,2,30 a 34,37 a 41,Secundario/Polimodal Completa y más,Menos de 2500 gramos,30
1193,6,1,2,25 a 29,28 a 31,Hasta Primaria/C.EGB Completa,Menos de 2500 gramos,8
1194,90,1,1,25 a 29,Sin especificar,Secundario/Polimodal Completa y más,2500 gramos y más,11
1195,6,1,2,40 a 44,42 y más,Sin especificar,2500 gramos y más,5
1196,82,2,2,20 a 24,24 a 27,Secundario/Polimodal Completa y más,Menos de 2500 gramos,1
1197,42,1,1,30 a 34,24 a 27,Secundario/Polimodal Completa y más,Menos de 2500 gramos,1
1198,10,1,2,Menor de 15,32 a 36,Secundaria/Polimodal Incompleta,Menos de 2500 gramos,1
1199,18,1,2,25 a 29,37 a 41,Secundaria/Polimodal Incompleta,Menos de 2500 gramos,10
1200,54,1,2,20 a 24,32 a 36,Secundario/Polimodal Completa y más,Menos de 2500 gramos,27
1201,10,1,2,25 a 29,37 a 41,Hasta Primaria/C.EGB Completa,2500 gramos y más,55
1202,14,1,2,30 a 34,32 a 36,Hasta Primaria/C.EGB Completa,2500 gramos y más,16
1203,42,2,1,30 a 34,37 a 41,Secundario/Polimodal Completa y más,2500 gramos y más,4
1204,66,1,1,15 a 19,Sin especificar,Hasta Primaria/C.EGB Completa,2500 gramos y más,3
1205,6,2,2,25 a 29,37 a 41,Secundario/Polimodal Completa y más,Menos de 2500 gramos,25
1206,22,1,1,20 a 24,37 a 41,Secundaria/Polimodal Incompleta,2500 gramos y más,558
1207,99,9,2,25 a 29,32 a 36,Sin especificar,Menos de 2500 gramos,2
1208,54,1,2,30 a 34,32 a 36,Secundaria/Polimodal Incompleta,2500 gramos y más,19
1209,6,1,1,30 a 34,Sin especificar,Sin especificar,2500 gramos y más,7
1210,50,1,2,25 a 29,37 a 41,Secundario/Polimodal Completa y más,2500 gramos y más,1575
1211,66,1,1,25 a 29,37 a 41,Secundaria/Polimodal Incompleta,Menos de 2500 gramos,14
1212,42,1,2,20 a 24,37 a 41,Hasta Primaria/C.EGB Completa,2500 gramos y más,26
1213,38,2,2,30 a 34,28 a 31,Secundario/Polimodal Completa y más,Menos de 2500 gramos,1
1214,38,2,1,30 a 34,37 a 41,Secundaria/Polimodal Incompleta,Menos de 2500 gramos,1
1215,86,1,1,30 a 34,37 a 41,Secundaria/Polimodal Incompleta,Menos de 2500 gramos,6
1216,6,1,2,Menor de 15,37 a 41,Secundaria/Polimodal Incompleta,Menos de 2500 gramos,5
1217,99,2,1,35 a 39,37 a 41,Secundario/Polimodal Completa y más,2500 gramos y más,1
1218,34,2,1,20 a 24,32 a 36,Hasta Primaria/C.EGB Completa,Menos de 2500 gramos,1
1219,86,1,2,De 45 y más,32 a 36,Hasta Primaria/C.EGB Completa,2500 gramos y más,2
1220,30,1,1,35 a 39,32 a 36,Secundario/Polimodal Completa y más,2500 gramos y más,21
1221,50,2,1,30 a 34,37 a 41,Secundaria/Polimodal Incompleta,2500 gramos y más,8
1222,18,2,1,35 a 39,37 a 41,Hasta Primaria/C.EGB Completa,2500 gramos y más,1
1223,6,2,1,40 a 44,37 a 41,Hasta Primaria/C.EGB Completa,2500 gramos y más,4
1224,14,1,2,30 a 34,22 a 23,Secundario/Polimodal Completa y más,Menos de 2500 gramos,1
1225,99,1,2,15 a 19,32 a 36,Secundaria/Polimodal Incompleta,Menos de 2500 gramos,1
1226,18,1,1,25 a 29,Sin especificar,Sin especificar,Menos de 2500 gramos,7
1227,82,1,1,40 a 44,37 a 41,Secundario/Polimodal Completa y más,Menos de 2500 gramos,20
1228,70,1,2,40 a 44,32 a 36,Secundario/Polimodal Completa y más,Menos de 2500 gramos,4
1229,86,1,2,40 a 44,32 a 36,Secundaria/Polimodal Incompleta,Menos de 2500 gramos,3
1230,10,1,1,Menor de 15,37 a 41,Hasta Primaria/C.EGB Completa,2500 gramos y más,1
1231,22,1,2,15 a 19,37 a 41,Sin especificar,Menos de 2500 gramos,1
1232,50,2,2,30 a 34,37 a 41,Hasta Primaria/C.EGB Completa,Menos de 2500 gramos,4
1233,78,1,2,20 a 24,Menos de 22,Secundario/Polimodal Completa y más,Menos de 2500 gramos,1
1234,90,1,1,25 a 29,28 a 31,Hasta Primaria/C.EGB Completa,Menos de 2500 gramos,5
1235,22,1,2,40 a 44,24 a 27,Secundario/Polimodal Completa y más,Menos de 2500 gramos,2
1236,38,1,1,De 45 y más,37 a 41,Secundaria/Polimodal Incompleta,2500 gramos y más,1
1237,2,1,1,30 a 34,37 a 41,Secundario/Polimodal Completa y más,Menos de 2500 gramos,38
1238,34,1,1,Menor de 15,37 a 41,Sin especificar,2500 gramos y más,5
1239,54,1,2,15 a 19,37 a 41,Secundaria/Polimodal Incompleta,2500 gramos y más,518
1240,94,1,1,30 a 34,37 a 41,Hasta Primaria/C.EGB Completa,2500 gramos y más,5
1241,50,2,2,20 a 24,32 a 36,Secundario/Polimodal Completa y más,Menos de 2500 gramos,8
1242,46,1,2,20 a 24,37 a 41,Secundario/Polimodal Completa y más,Menos de 2500 gramos,7
1243,38,1,2,40 a 44,37 a 41,Secundaria/Polimodal Incompleta,2500 gramos y más,13
1244,14,1,2,20 a 24,32 a 36,Secundario/Polimodal Completa y más,Menos de 2500 gramos,60
1245,10,1,1,20 a 24,37 a 41,Sin especificar,2500 gramos y más,5
1246,86,1,2,15 a 19,37 a 41,Hasta Primaria/C.EGB Completa,2500 gramos y más,249
1247,50,1,2,25 a 29,28 a 31,Hasta Primaria/C.EGB Completa,Menos de 2500 gramos,1
1248,2,1,2,35 a 39,32 a 36,Secundario/Polimodal Completa y más,Menos de 2500 gramos,77
1249,6,1,1,15 a 19,24 a 27,Secundaria/Polimodal Incompleta,Menos de 2500 gramos,13
1250,2,1,2,25 a 29,Sin especificar,Sin especificar,Sin especificar,1
1251,14,1,1,De 45 y más,32 a 36,Secundaria/Polimodal Incompleta,Menos de 2500 gramos,1
1252,46,1,2,25 a 29,32 a 36,Hasta Primaria/C.EGB Completa,Menos de 2500 gramos,4
1253,62,2,2,40 a 44,32 a 36,Secundaria/Polimodal Incompleta,Menos de 2500 gramos,2
1254,6,1,1,20 a 24,24 a 27,Secundario/Polimodal Completa y más,Menos de 2500 gramos,29
1255,74,1,1,Menor de 15,37 a 41,Secundaria/Polimodal Incompleta,2500 gramos y más,3
1256,58,1,1,25 a 29,37 a 41,Secundario/Polimodal Completa y más,Menos de 2500 gramos,4
1257,2,1,2,35 a 39,37 a 41,Secundaria/Polimodal Incompleta,2500 gramos y más,171
1258,54,1,2,30 a 34,32 a 36,Secundaria/Polimodal Incompleta,Menos de 2500 gramos,9
1259,94,2,1,20 a 24,32 a 36,Secundaria/Polimodal Incompleta,Menos de 2500 gramos,2
1260,58,1,1,15 a 19,32 a 36,Hasta Primaria/C.EGB Completa,2500 gramos y más,1
1261,38,1,2,35 a 39,42 y más,Secundario/Polimodal Completa y más,2500 gramos y más,1
1262,66,1,1,15 a 19,32 a 36,Secundario/Polimodal Completa y más,2500 gramos y más,4
1263,54,2,2,20 a 24,37 a 41,Hasta Primaria/C.EGB Completa,Menos de 2500 gramos,2
1264,38,1,2,25 a 29,37 a 41,Secundaria/Polimodal Incompleta,Menos de 2500 gramos,1
1265,34,2,2,25 a 29,28 a 31,Secundario/Polimodal Completa y más,Menos de 2500 gramos,2
1266,18,1,1,25 a 29,24 a 27,Secundaria/Polimodal Incompleta,Menos de 2500 gramos,3
1267,2,1,1,30 a 34,37 a 41,Secundario/Polimodal Completa y más,2500 gramos y más,2489
1268,22,1,2,30 a 34,Sin especificar,Secundario/Polimodal Completa y más,2500 gramos y más,7
1269,26,2,1,40 a 44,37 a 41,Sin especificar,Menos de 2500 gramos,1
1270,46,1,2,De 45 y más,37 a 41,Secundario/Polimodal Completa y más,2500 gramos y más,5
1271,2,2,2,40 a 44,32 a 36,Secundario/Polimodal Completa y más,2500 gramos y más,2
1272,54,1,1,Menor de 15,37 a 41,Hasta Primaria/C.EGB Completa,Menos de 2500 gramos,5
1273,38,2,2,25 a 29,37 a 41,Secundario/Polimodal Completa y más,Menos de 2500 gramos,3
1274,6,2,1,35 a 39,Sin especificar,Sin especificar,Menos de 2500 gramos,3
1275,38,1,2,25 a 29,24 a 27,Hasta Primaria/C.EGB Completa,Sin especificar,1
1276,50,2,1,20 a 24,37 a 41,Secundaria/Polimodal Incompleta,Menos de 2500 gramos,2
1277,18,1,2,25 a 29,28 a 31,Secundaria/Polimodal Incompleta,Menos de 2500 gramos,3
1278,54,1,2,25 a 29,Sin especificar,Secundaria/Polimodal Incompleta,2500 gramos y más,1
1279,22,1,1,30 a 34,24 a 27,Secundaria/Polimodal Incompleta,Menos de 2500 gramos,3
1280,46,1,2,25 a 29,28 a 31,Secundario/Polimodal Completa y más,Menos de 2500 gramos,4
1281,26,1,1,25 a 29,32 a 36,Secundario/Polimodal Completa y más,2500 gramos y más,25
1282,6,2,1,25 a 29,32 a 36,Sin especificar,2500 gramos y más,2
1283,54,2,1,35 a 39,28 a 31,Secundaria/Polimodal Incompleta,Menos de 2500 gramos,1
1284,94,1,1,15 a 19,37 a 41,Secundario/Polimodal Completa y más,2500 gramos y más,7
1285,70,2,2,20 a 24,32 a 36,Hasta Primaria/C.EGB Completa,Menos de 2500 gramos,1
1286,22,1,2,15 a 19,28 a 31,Hasta Primaria/C.EGB Completa,Menos de 2500 gramos,3
1287,66,1,1,30 a 34,Sin especificar,Hasta Primaria/C.EGB Completa,2500 gramos y más,4
1288,42,1,1,40 a 44,32 a 36,Hasta Primaria/C.EGB Completa,Menos de 2500 gramos,1
1289,54,1,1,De 45 y más,32 a 36,Hasta Primaria/C.EGB Completa,2500 gramos y más,3
1290,70,2,2,30 a 34,32 a 36,Secundario/Polimodal Completa y más,Menos de 2500 gramos,7
1291,14,2,2,35 a 39,37 a 41,Hasta Primaria/C.EGB Completa,2500 gramos y más,4
1292,6,2,2,35 a 39,37 a 41,Secundaria/Polimodal Incompleta,Menos de 2500 gramos,5
1293,22,1,1,20 a 24,Sin especificar,Secundario/Polimodal Completa y más,Menos de 2500 gramos,1
1294,34,1,2,35 a 39,32 a 36,Secundaria/Polimodal Incompleta,Menos de 2500 gramos,4
1295,50,2,2,De 45 y más,32 a 36,Secundario/Polimodal Completa y más,Menos de 2500 gramos,3
1296,2,1,2,Sin especificar,32 a 36,Secundario/Polimodal Completa y más,2500 gramos y más,1
1297,14,1,2,15 a 19,22 a 23,Secundaria/Polimodal Incompleta,Menos de 2500 gramos,2
1298,6,1,1,15 a 19,42 y más,Secundaria/Polimodal Incompleta,2500 gramos y más,23
1299,6,1,9,30 a 34,24 a 27,Secundario/Polimodal Completa y más,Menos de 2500 gramos,1
1300,94,1,1,15 a 19,37 a 41,Secundario/Polimodal Completa y más,Menos de 2500 gramos,1
1301,74,1,1,35 a 39,32 a 36,Sin especificar,2500 gramos y más,2
1302,70,2,2,30 a 34,32 a 36,Secundario/Polimodal Completa y más,2500 gramos y más,2
1303,38,1,2,30 a 34,32 a 36,Hasta Primaria/C.EGB Completa,2500 gramos y más,3
1304,99,9,1,20 a 24,32 a 36,Sin especificar,Menos de 2500 gramos,1
1305,2,1,1,15 a 19,37 a 41,Secundaria/Polimodal Incompleta,Menos de 2500 gramos,3
1306,86,1,2,25 a 29,37 a 41,Secundario/Polimodal Completa y más,Menos de 2500 gramos,13
1307,62,1,2,40 a 44,24 a 27,Secundario/Polimodal Completa y más,Menos de 2500 gramos,1
1308,62,1,2,25 a 29,32 a 36,Hasta Primaria/C.EGB Completa,Menos de 2500 gramos,7
1309,6,1,1,15 a 19,32 a 36,Secundaria/Polimodal Incompleta,2500 gramos y más,134
1310,70,1,1,30 a 34,37 a 41,Hasta Primaria/C.EGB Completa,2500 gramos y más,123
1311,6,9,1,25 a 29,37 a 41,Secundario/Polimodal Completa y más,2500 gramos y más,1
1312,18,2,1,25 a 29,37 a 41,Secundaria/Polimodal Incompleta,2500 gramos y más,2
1313,18,1,1,15 a 19,37 a 41,Hasta Primaria/C.EGB Completa,Menos de 2500 gramos,3
1314,50,2,1,20 a 24,37 a 41,Secundaria/Polimodal Incompleta,2500 gramos y más,1
1315,34,1,2,35 a 39,37 a 41,Sin especificar,2500 gramos y más,113
1316,18,1,2,30 a 34,32 a 36,Secundario/Polimodal Completa y más,2500 gramos y más,33
1317,6,2,2,20 a 24,Sin especificar,Hasta Primaria/C.EGB Completa,Sin especificar,1
1318,6,2,2,20 a 24,28 a 31,Sin especificar,Menos de 2500 gramos,1
1319,58,1,1,40 a 44,37 a 41,Hasta Primaria/C.EGB Completa,2500 gramos y más,17
1320,18,1,2,15 a 19,32 a 36,Sin especificar,2500 gramos y más,9
1321,2,1,1,40 a 44,37 a 41,Sin especificar,Menos de 2500 gramos,1
1322,22,1,1,30 a 34,Sin especificar,Hasta Primaria/C.EGB Completa,2500 gramos y más,4
1323,66,2,2,40 a 44,37 a 41,Hasta Primaria/C.EGB Completa,Menos de 2500 gramos,1
1324,58,1,1,20 a 24,28 a 31,Hasta Primaria/C.EGB Completa,Menos de 2500 gramos,1
1325,90,1,1,25 a 29,42 y más,Hasta Primaria/C.EGB Completa,2500 gramos y más,30
1326,86,2,1,25 a 29,32 a 36,Hasta Primaria/C.EGB Completa,Menos de 2500 gramos,9
1327,50,1,1,15 a 19,37 a 41,Secundario/Polimodal Completa y más,Menos de 2500 gramos,7
1328,18,1,1,40 a 44,28 a 31,Secundaria/Polimodal Incompleta,Menos de 2500 gramos,1
1329,14,2,1,25 a 29,24 a 27,Secundario/Polimodal Completa y más,Menos de 2500 gramos,2
1330,18,1,1,25 a 29,37 a 41,Sin especificar,Menos de 2500 gramos,11
1331,18,1,1,30 a 34,37 a 41,Secundario/Polimodal Completa y más,Menos de 2500 gramos,9
1332,50,2,1,20 a 24,32 a 36,Secundario/Polimodal Completa y más,Menos de 2500 gramos,6
1333,10,1,2,25 a 29,28 a 31,Secundario/Polimodal Completa y más,Menos de 2500 gramos,1
1334,6,1,2,40 a 44,37 a 41,Secundario/Polimodal Completa y más,2500 gramos y más,2076
1335,22,2,2,30 a 34,32 a 36,Secundaria/Polimodal Incompleta,Menos de 2500 gramos,5
1336,22,1,1,25 a 29,Sin especificar,Hasta Primaria/C.EGB Completa,2500 gramos y más,4
1337,90,1,2,25 a 29,28 a 31,Hasta Primaria/C.EGB Completa,Menos de 2500 gramos,6
1338,99,9,2,35 a 39,Sin especificar,Sin especificar,Sin especificar,3
1339,46,1,1,25 a 29,32 a 36,Hasta Primaria/C.EGB Completa,2500 gramos y más,1
1340,18,1,2,15 a 19,24 a 27,Secundaria/Polimodal Incompleta,Menos de 2500 gramos,1
1341,50,2,2,25 a 29,37 a 41,Secundario/Polimodal Completa y más,2500 gramos y más,5
1342,22,1,2,25 a 29,37 a 41,Sin especificar,2500 gramos y más,40
1343,38,2,2,25 a 29,32 a 36,Secundario/Polimodal Completa y más,2500 gramos y más,5
1344,99,9,2,35 a 39,37 a 41,Sin especificar,Menos de 2500 gramos,3
1345,62,1,2,Menor de 15,37 a 41,Secundaria/Polimodal Incompleta,2500 gramos y más,4
1346,70,1,2,15 a 19,37 a 41,Secundario/Polimodal Completa y más,Menos de 2500 gramos,4
1347,46,1,2,30 a 34,32 a 36,Secundario/Polimodal Completa y más,2500 gramos y más,19
1348,70,2,2,25 a 29,37 a 41,Secundario/Polimodal Completa y más,Menos de 2500 gramos,6
1349,90,1,2,25 a 29,42 y más,Secundario/Polimodal Completa y más,2500 gramos y más,41
1350,62,2,2,20 a 24,28 a 31,Hasta Primaria/C.EGB Completa,Menos de 2500 gramos,2
1351,6,2,2,20 a 24,32 a 36,Sin especificar,Menos de 2500 gramos,4
1352,66,1,2,30 a 34,37 a 41,Hasta Primaria/C.EGB Completa,2500 gramos y más,270
1353,74,1,1,25 a 29,37 a 41,Sin especificar,Menos de 2500 gramos,1
1354,82,2,2,30 a 34,37 a 41,Secundario/Polimodal Completa y más,2500 gramos y más,34
1355,66,1,1,Menor de 15,28 a 31,Sin especificar,Menos de 2500 gramos,1
1356,34,1,2,25 a 29,37 a 41,Secundario/Polimodal Completa y más,2500 gramos y más,355
1357,18,1,2,30 a 34,32 a 36,Sin especificar,2500 gramos y más,11
1358,54,1,1,30 a 34,32 a 36,Sin especificar,Menos de 2500 gramos,4
1359,54,2,1,30 a 34,32 a 36,Secundario/Polimodal Completa y más,Menos de 2500 gramos,11
1360,6,1,9,30 a 34,37 a 41,Secundario/Polimodal Completa y más,2500 gramos y más,33
1361,82,1,1,Menor de 15,37 a 41,Secundaria/Polimodal Incompleta,Menos de 2500 gramos,1
1362,78,1,2,30 a 34,Sin especificar,Secundario/Polimodal Completa y más,2500 gramos y más,1
1363,82,2,2,30 a 34,37 a 41,Hasta Primaria/C.EGB Completa,2500 gramos y más,4
1364,10,1,2,30 a 34,37 a 41,Sin especificar,2500 gramos y más,2
1365,94,1,1,25 a 29,32 a 36,Secundaria/Polimodal Incompleta,2500 gramos y más,1
1366,18,1,1,25 a 29,24 a 27,Hasta Primaria/C.EGB Completa,Menos de 2500 gramos,1
1367,74,2,1,30 a 34,28 a 31,Secundario/Polimodal Completa y más,Menos de 2500 gramos,2
1368,6,1,2,35 a 39,32 a 36,Secundaria/Polimodal Incompleta,Sin especificar,1
1369,70,2,1,30 a 34,37 a 41,Secundaria/Polimodal Incompleta,2500 gramos y más,5
1370,42,1,1,35 a 39,32 a 36,Secundaria/Polimodal Incompleta,Menos de 2500 gramos,2
1371,6,2,2,20 a 24,Sin especificar,Hasta Primaria/C.EGB Completa,Menos de 2500 gramos,1
1372,86,1,1,35 a 39,32 a 36,Secundario/Polimodal Completa y más,2500 gramos y más,12
1373,34,1,2,15 a 19,32 a 36,Secundario/Polimodal Completa y más,2500 gramos y más,3
1374,99,9,1,25 a 29,Sin especificar,Sin especificar,Sin especificar,3
1375,14,1,1,20 a 24,42 y más,Secundaria/Polimodal Incompleta,2500 gramos y más,10
1376,90,1,1,20 a 24,32 a 36,Secundario/Polimodal Completa y más,Menos de 2500 gramos,47
1377,6,1,1,20 a 24,42 y más,Sin especificar,2500 gramos y más,4
1378,34,1,2,25 a 29,24 a 27,Secundario/Polimodal Completa y más,Menos de 2500 gramos,3
1379,62,1,1,40 a 44,37 a 41,Secundario/Polimodal Completa y más,Menos de 2500 gramos,1
1380,2,1,2,30 a 34,28 a 31,Secundario/Polimodal Completa y más,2500 gramos y más,1
1381,66,2,1,20 a 24,28 a 31,Secundario/Polimodal Completa y más,Menos de 2500 gramos,1
1382,2,1,2,35 a 39,24 a 27,Sin especificar,Menos de 2500 gramos,1
1383,6,1,2,30 a 34,24 a 27,Secundario/Polimodal Completa y más,Sin especificar,1
1384,86,1,2,15 a 19,Sin especificar,Secundaria/Polimodal Incompleta,2500 gramos y más,1
1385,6,2,1,25 a 29,Sin especificar,Sin especificar,Sin especificar,2
1386,6,1,1,35 a 39,28 a 31,Secundaria/Polimodal Incompleta,2500 gramos y más,1
1387,66,1,2,15 a 19,32 a 36,Secundaria/Polimodal Incompleta,Menos de 2500 gramos,18
1388,74,1,1,20 a 24,28 a 31,Secundaria/Polimodal Incompleta,Menos de 2500 gramos,4
1389,2,9,1,15 a 19,37 a 41,Sin especificar,Menos de 2500 gramos,2
1390,30,1,2,35 a 39,42 y más,Secundario/Polimodal Completa y más,2500 gramos y más,1
1391,70,1,2,25 a 29,32 a 36,Secundaria/Polimodal Incompleta,2500 gramos y más,11
1392,34,1,1,40 a 44,28 a 31,Hasta Primaria/C.EGB Completa,Menos de 2500 gramos,1
1393,58,1,2,30 a 34,37 a 41,Secundaria/Polimodal Incompleta,2500 gramos y más,141
1394,58,1,2,20 a 24,32 a 36,Secundaria/Polimodal Incompleta,2500 gramos y más,8
1395,2,1,1,15 a 19,32 a 36,Hasta Primaria/C.EGB Completa,Menos de 2500 gramos,1
1396,82,1,2,Menor de 15,37 a 41,Secundaria/Polimodal Incompleta,2500 gramos y más,20
1397,18,1,2,15 a 19,32 a 36,Secundaria/Polimodal Incompleta,Menos de 2500 gramos,11
1398,54,1,1,25 a 29,37 a 41,Secundario/Polimodal Completa y más,2500 gramos y más,1056
1399,38,1,1,40 a 44,24 a 27,Secundario/Polimodal Completa y más,Menos de 2500 gramos,1
1400,58,1,2,25 a 29,37 a 41,Secundaria/Polimodal Incompleta,Menos de 2500 gramos,3
1401,6,1,2,30 a 34,32 a 36,Hasta Primaria/C.EGB Completa,2500 gramos y más,72
1402,62,1,1,20 a 24,42 y más,Hasta Primaria/C.EGB Completa,2500 gramos y más,1
1403,22,1,1,15 a 19,Sin especificar,Sin especificar,Sin especificar,3
1404,82,1,1,15 a 19,28 a 31,Secundario/Polimodal Completa y más,Menos de 2500 gramos,6
1405,38,1,1,25 a 29,28 a 31,Secundario/Polimodal Completa y más,Menos de 2500 gramos,7
1406,6,1,1,40 a 44,Sin especificar,Sin especificar,Sin especificar,12
1407,90,1,2,25 a 29,32 a 36,Secundario/Polimodal Completa y más,Menos de 2500 gramos,50
1408,54,1,2,20 a 24,37 a 41,Secundaria/Polimodal Incompleta,2500 gramos y más,701
1409,2,1,2,30 a 34,32 a 36,Secundario/Polimodal Completa y más,Menos de 2500 gramos,71
1410,14,1,2,25 a 29,24 a 27,Hasta Primaria/C.EGB Completa,Menos de 2500 gramos,2
1411,54,1,1,Sin especificar,37 a 41,Sin especificar,2500 gramos y más,16
1412,90,1,1,15 a 19,37 a 41,Secundario/Polimodal Completa y más,Menos de 2500 gramos,5
1413,90,1,2,20 a 24,37 a 41,Secundaria/Polimodal Incompleta,2500 gramos y más,434
1414,38,1,2,30 a 34,32 a 36,Secundario/Polimodal Completa y más,2500 gramos y más,28
1415,22,1,2,15 a 19,Sin especificar,Secundario/Polimodal Completa y más,Sin especificar,2
1416,18,1,1,20 a 24,37 a 41,Secundario/Polimodal Completa y más,2500 gramos y más,562
1417,50,1,9,30 a 34,37 a 41,Secundario/Polimodal Completa y más,Menos de 2500 gramos,1
1418,50,1,1,40 a 44,22 a 23,Secundario/Polimodal Completa y más,Menos de 2500 gramos,1
1419,66,2,1,30 a 34,37 a 41,Secundario/Polimodal Completa y más,2500 gramos y más,6
1420,78,1,2,35 a 39,37 a 41,Hasta Primaria/C.EGB Completa,2500 gramos y más,34
1421,54,1,2,Menor de 15,37 a 41,Secundaria/Polimodal Incompleta,2500 gramos y más,8
1422,50,1,2,25 a 29,Sin especificar,Hasta Primaria/C.EGB Completa,Menos de 2500 gramos,1
1423,82,1,2,40 a 44,32 a 36,Secundario/Polimodal Completa y más,Menos de 2500 gramos,37
1424,82,1,1,20 a 24,28 a 31,Secundario/Polimodal Completa y más,Menos de 2500 gramos,22
1425,99,9,1,25 a 29,37 a 41,Sin especificar,2500 gramos y más,145
1426,22,1,1,30 a 34,32 a 36,Secundaria/Polimodal Incompleta,Menos de 2500 gramos,16
1427,2,1,1,15 a 19,32 a 36,Hasta Primaria/C.EGB Completa,2500 gramos y más,2
1428,6,2,1,35 a 39,32 a 36,Secundaria/Polimodal Incompleta,Menos de 2500 gramos,14
1429,6,1,2,De 45 y más,32 a 36,Sin especificar,2500 gramos y más,2
1430,82,1,2,15 a 19,28 a 31,Secundaria/Polimodal Incompleta,Menos de 2500 gramos,9
1431,6,1,2,20 a 24,37 a 41,Secundaria/Polimodal Incompleta,Sin especificar,3
1432,46,2,1,25 a 29,24 a 27,Secundario/Polimodal Completa y más,Menos de 2500 gramos,2
1433,18,2,2,25 a 29,37 a 41,Secundario/Polimodal Completa y más,Menos de 2500 gramos,1
1434,26,1,1,20 a 24,42 y más,Secundaria/Polimodal Incompleta,2500 gramos y más,1
1435,10,1,2,20 a 24,32 a 36,Hasta Primaria/C.EGB Completa,Menos de 2500 gramos,2
1436,2,2,1,30 a 34,37 a 41,Secundaria/Polimodal Incompleta,Menos de 2500 gramos,1
1437,82,1,2,25 a 29,Sin especificar,Hasta Primaria/C.EGB Completa,2500 gramos y más,3
1438,34,2,2,35 a 39,37 a 41,Sin especificar,2500 gramos y más,1
1439,6,1,1,20 a 24,37 a 41,Secundario/Polimodal Completa y más,Sin especificar,9
1440,99,1,2,Sin especificar,Sin especificar,Sin especificar,Sin especificar,116
1441,18,1,2,30 a 34,32 a 36,Secundaria/Polimodal Incompleta,Menos de 2500 gramos,8
1442,90,1,1,30 a 34,32 a 36,Secundario/Polimodal Completa y más,Menos de 2500 gramos,45
1443,6,2,1,35 a 39,24 a 27,Sin especificar,Menos de 2500 gramos,1
1444,22,1,2,35 a 39,37 a 41,Sin especificar,2500 gramos y más,9
1445,10,1,2,20 a 24,24 a 27,Secundario/Polimodal Completa y más,Menos de 2500 gramos,2
1446,6,1,1,Sin especificar,Sin especificar,Secundaria/Polimodal Incompleta,Menos de 2500 gramos,1
1447,66,1,2,30 a 34,28 a 31,Secundario/Polimodal Completa y más,Menos de 2500 gramos,2
1448,70,2,2,30 a 34,24 a 27,Secundario/Polimodal Completa y más,Menos de 2500 gramos,1
1449,82,1,2,30 a 34,37 a 41,Sin especificar,Menos de 2500 gramos,2
1450,14,2,1,15 a 19,37 a 41,Hasta Primaria/C.EGB Completa,2500 gramos y más,4
1451,38,2,2,20 a 24,32 a 36,Secundario/Polimodal Completa y más,Menos de 2500 gramos,8
1452,22,1,1,40 a 44,Sin especificar,Secundario/Polimodal Completa y más,Sin especificar,2
1453,30,1,1,35 a 39,32 a 36,Secundario/Polimodal Completa y más,Menos de 2500 gramos,27
1454,50,2,2,30 a 34,37 a 41,Hasta Primaria/C.EGB Completa,2500 gramos y más,1
1455,10,1,2,20 a 24,Sin especificar,Hasta Primaria/C.EGB Completa,2500 gramos y más,1
1456,86,1,2,20 a 24,42 y más,Secundaria/Polimodal Incompleta,Menos de 2500 gramos,1
1457,50,1,1,35 a 39,32 a 36,Secundaria/Polimodal Incompleta,Menos de 2500 gramos,8
1458,86,1,2,30 a 34,42 y más,Hasta Primaria/C.EGB Completa,2500 gramos y más,3
1459,38,2,2,20 a 24,32 a 36,Secundario/Polimodal Completa y más,2500 gramos y más,1
1460,6,1,2,30 a 34,Sin especificar,Secundario/Polimodal Completa y más,Sin especificar,2
1461,2,1,2,40 a 44,28 a 31,Sin especificar,Menos de 2500 gramos,1
1462,14,1,1,25 a 29,32 a 36,Secundario/Polimodal Completa y más,Menos de 2500 gramos,109
1463,34,2,1,40 a 44,28 a 31,Sin especificar,Menos de 2500 gramos,2
1464,6,1,1,20 a 24,32 a 36,Sin especificar,2500 gramos y más,73
1465,38,1,1,40 a 44,32 a 36,Hasta Primaria/C.EGB Completa,2500 gramos y más,3
1466,6,1,1,Sin especificar,Sin especificar,Secundario/Polimodal Completa y más,Sin especificar,3
1467,18,2,1,25 a 29,32 a 36,Secundaria/Polimodal Incompleta,Menos de 2500 gramos,1
1468,54,1,1,30 a 34,22 a 23,Secundario/Polimodal Completa y más,Menos de 2500 gramos,1
1469,18,2,2,30 a 34,32 a 36,Secundaria/Polimodal Incompleta,2500 gramos y más,1
1470,66,1,1,40 a 44,37 a 41,Secundario/Polimodal Completa y más,2500 gramos y más,195
1471,66,1,2,30 a 34,28 a 31,Hasta Primaria/C.EGB Completa,Menos de 2500 gramos,2
1472,82,2,2,25 a 29,37 a 41,Secundaria/Polimodal Incompleta,Menos de 2500 gramos,5
1473,58,1,1,Menor de 15,37 a 41,Secundaria/Polimodal Incompleta,2500 gramos y más,3
1474,26,1,1,15 a 19,37 a 41,Secundaria/Polimodal Incompleta,Menos de 2500 gramos,4
1475,82,1,2,20 a 24,37 a 41,Sin especificar,2500 gramos y más,42
1476,74,1,1,Menor de 15,37 a 41,Hasta Primaria/C.EGB Completa,2500 gramos y más,1
1477,46,1,2,15 a 19,37 a 41,Hasta Primaria/C.EGB Completa,2500 gramos y más,26
1478,50,1,1,40 a 44,32 a 36,Secundario/Polimodal Completa y más,2500 gramos y más,7
1479,26,1,2,30 a 34,28 a 31,Secundario/Polimodal Completa y más,Menos de 2500 gramos,2
1480,2,1,2,30 a 34,24 a 27,Secundario/Polimodal Completa y más,Menos de 2500 gramos,5
1481,2,9,2,15 a 19,32 a 36,Sin especificar,Menos de 2500 gramos,2
1482,30,2,2,15 a 19,37 a 41,Hasta Primaria/C.EGB Completa,2500 gramos y más,1
1483,90,2,2,25 a 29,37 a 41,Secundaria/Polimodal Incompleta,2500 gramos y más,1
1484,30,2,1,30 a 34,37 a 41,Hasta Primaria/C.EGB Completa,Menos de 2500 gramos,2
1485,94,1,2,30 a 34,28 a 31,Secundario/Polimodal Completa y más,Menos de 2500 gramos,1
1486,42,2,1,25 a 29,37 a 41,Secundaria/Polimodal Incompleta,2500 gramos y más,3
1487,10,1,1,40 a 44,32 a 36,Secundario/Polimodal Completa y más,Menos de 2500 gramos,6
1488,14,2,1,15 a 19,37 a 41,Secundario/Polimodal Completa y más,2500 gramos y más,1
1489,74,1,2,35 a 39,28 a 31,Hasta Primaria/C.EGB Completa,Menos de 2500 gramos,1
1490,54,2,1,30 a 34,37 a 41,Secundaria/Polimodal Incompleta,2500 gramos y más,4
1491,98,1,2,15 a 19,37 a 41,Secundaria/Polimodal Incompleta,2500 gramos y más,4
1492,74,2,2,35 a 39,32 a 36,Secundaria/Polimodal Incompleta,2500 gramos y más,1
1493,54,1,1,30 a 34,24 a 27,Sin especificar,Menos de 2500 gramos,1
1494,82,2,1,25 a 29,32 a 36,Hasta Primaria/C.EGB Completa,Menos de 2500 gramos,4
1495,22,1,2,30 a 34,37 a 41,Hasta Primaria/C.EGB Completa,Menos de 2500 gramos,19
1496,90,2,1,20 a 24,37 a 41,Secundario/Polimodal Completa y más,2500 gramos y más,8
1497,54,1,1,30 a 34,37 a 41,Sin especificar,Menos de 2500 gramos,5
1498,46,1,2,25 a 29,37 a 41,Sin especificar,2500 gramos y más,3
1499,2,2,1,20 a 24,32 a 36,Secundario/Polimodal Completa y más,Menos de 2500 gramos,7
1500,78,1,1,25 a 29,37 a 41,Secundario/Polimodal Completa y más,2500 gramos y más,267
1501,74,1,1,15 a 19,37 a 41,Hasta Primaria/C.EGB Completa,Menos de 2500 gramos,2
1502,90,2,2,25 a 29,32 a 36,Secundario/Polimodal Completa y más,Menos de 2500 gramos,13
1503,6,1,2,35 a 39,42 y más,Secundario/Polimodal Completa y más,2500 gramos y más,14
1504,54,1,2,15 a 19,32 a 36,Secundaria/Polimodal Incompleta,Menos de 2500 gramos,28
1505,26,1,2,35 a 39,37 a 41,Sin especificar,2500 gramos y más,33
1506,90,1,2,25 a 29,42 y más,Secundario/Polimodal Completa y más,Menos de 2500 gramos,2
1507,30,2,1,30 a 34,37 a 41,Hasta Primaria/C.EGB Completa,2500 gramos y más,3
1508,2,1,1,De 45 y más,32 a 36,Hasta Primaria/C.EGB Completa,2500 gramos y más,1
1509,78,1,1,30 a 34,32 a 36,Hasta Primaria/C.EGB Completa,Menos de 2500 gramos,1
1510,6,1,9,30 a 34,32 a 36,Sin especificar,2500 gramos y más,1
1511,78,1,2,25 a 29,37 a 41,Secundaria/Polimodal Incompleta,2500 gramos y más,108
1512,82,1,2,35 a 39,37 a 41,Hasta Primaria/C.EGB Completa,Menos de 2500 gramos,13
1513,90,1,2,35 a 39,32 a 36,Hasta Primaria/C.EGB Completa,Menos de 2500 gramos,11
1514,18,2,1,15 a 19,28 a 31,Secundaria/Polimodal Incompleta,Menos de 2500 gramos,2
1515,6,1,2,40 a 44,28 a 31,Hasta Primaria/C.EGB Completa,Menos de 2500 gramos,2
1516,18,1,2,35 a 39,37 a 41,Secundaria/Polimodal Incompleta,2500 gramos y más,86
1517,66,1,1,20 a 24,28 a 31,Secundario/Polimodal Completa y más,Menos de 2500 gramos,4
1518,38,1,1,40 a 44,24 a 27,Hasta Primaria/C.EGB Completa,Menos de 2500 gramos,2
1519,34,1,1,35 a 39,37 a 41,Hasta Primaria/C.EGB Completa,2500 gramos y más,77
1520,90,2,2,30 a 34,28 a 31,Secundario/Polimodal Completa y más,Menos de 2500 gramos,3
1521,62,1,2,30 a 34,32 a 36,Hasta Primaria/C.EGB Completa,2500 gramos y más,2
1522,94,1,2,35 a 39,37 a 41,Hasta Primaria/C.EGB Completa,2500 gramos y más,5
1523,98,1,1,30 a 34,37 a 41,Secundario/Polimodal Completa y más,2500 gramos y más,3
1524,54,1,1,15 a 19,37 a 41,Secundaria/Polimodal Incompleta,2500 gramos y más,607
1525,2,2,2,30 a 34,28 a 31,Sin especificar,Menos de 2500 gramos,2
1526,6,1,9,30 a 34,37 a 41,Secundario/Polimodal Completa y más,Menos de 2500 gramos,1
1527,2,1,2,35 a 39,32 a 36,Hasta Primaria/C.EGB Completa,Menos de 2500 gramos,3
1528,14,2,1,40 a 44,32 a 36,Secundario/Polimodal Completa y más,Menos de 2500 gramos,5
1529,38,2,1,30 a 34,32 a 36,Secundaria/Polimodal Incompleta,Menos de 2500 gramos,1
1530,34,2,1,25 a 29,37 a 41,Sin especificar,2500 gramos y más,1
1531,30,1,1,40 a 44,37 a 41,Secundario/Polimodal Completa y más,2500 gramos y más,156
1532,62,2,1,30 a 34,42 y más,Sin especificar,2500 gramos y más,2
1533,14,1,1,15 a 19,28 a 31,Secundario/Polimodal Completa y más,Menos de 2500 gramos,1
1534,14,1,1,15 a 19,37 a 41,Hasta Primaria/C.EGB Completa,2500 gramos y más,230
1535,66,1,1,20 a 24,32 a 36,Secundario/Polimodal Completa y más,Sin especificar,1
1536,86,1,2,20 a 24,28 a 31,Secundario/Polimodal Completa y más,Menos de 2500 gramos,2
1537,90,1,1,25 a 29,42 y más,Hasta Primaria/C.EGB Completa,Menos de 2500 gramos,1
1538,50,2,2,25 a 29,24 a 27,Hasta Primaria/C.EGB Completa,Menos de 2500 gramos,2
1539,46,2,1,30 a 34,32 a 36,Secundario/Polimodal Completa y más,2500 gramos y más,1
1540,82,1,2,15 a 19,32 a 36,Secundario/Polimodal Completa y más,2500 gramos y más,15
1541,90,1,2,25 a 29,32 a 36,Secundario/Polimodal Completa y más,2500 gramos y más,121
1542,54,1,1,20 a 24,37 a 41,Sin especificar,2500 gramos y más,94
1543,2,9,2,15 a 19,28 a 31,Sin especificar,Menos de 2500 gramos,1
1544,66,1,2,25 a 29,32 a 36,Sin especificar,Menos de 2500 gramos,2
1545,66,1,1,Menor de 15,32 a 36,Secundaria/Polimodal Incompleta,Menos de 2500 gramos,1
1546,26,1,1,30 a 34,37 a 41,Secundaria/Polimodal Incompleta,Menos de 2500 gramos,5
1547,50,1,1,35 a 39,24 a 27,Secundario/Polimodal Completa y más,Menos de 2500 gramos,4
1548,22,1,1,35 a 39,Sin especificar,Sin especificar,2500 gramos y más,1
1549,50,1,1,15 a 19,37 a 41,Secundario/Polimodal Completa y más,2500 gramos y más,147
1550,66,1,1,25 a 29,32 a 36,Hasta Primaria/C.EGB Completa,Menos de 2500 gramos,10
1551,90,1,1,40 a 44,32 a 36,Hasta Primaria/C.EGB Completa,2500 gramos y más,13
1552,6,2,1,15 a 19,37 a 41,Secundaria/Polimodal Incompleta,2500 gramos y más,6
1553,82,2,2,35 a 39,28 a 31,Secundaria/Polimodal Incompleta,Menos de 2500 gramos,1
1554,74,1,1,35 a 39,37 a 41,Secundario/Polimodal Completa y más,Menos de 2500 gramos,5
1555,42,1,2,15 a 19,32 a 36,Secundaria/Polimodal Incompleta,Menos de 2500 gramos,2
1556,14,2,2,30 a 34,37 a 41,Secundario/Polimodal Completa y más,Menos de 2500 gramos,14
1557,50,1,2,De 45 y más,37 a 41,Secundaria/Polimodal Incompleta,2500 gramos y más,1
1558,74,1,1,40 a 44,37 a 41,Sin especificar,2500 gramos y más,8
1559,54,1,2,40 a 44,24 a 27,Secundario/Polimodal Completa y más,Menos de 2500 gramos,1
1560,14,1,2,20 a 24,42 y más,Secundario/Polimodal Completa y más,2500 gramos y más,7
1561,86,2,1,20 a 24,24 a 27,Hasta Primaria/C.EGB Completa,Menos de 2500 gramos,2
1562,6,1,1,20 a 24,32 a 36,Secundario/Polimodal Completa y más,Menos de 2500 gramos,259
1563,62,2,2,35 a 39,32 a 36,Hasta Primaria/C.EGB Completa,Menos de 2500 gramos,1
1564,6,1,1,Sin especificar,42 y más,Secundario/Polimodal Completa y más,2500 gramos y más,2
1565,82,1,1,30 a 34,42 y más,Secundario/Polimodal Completa y más,2500 gramos y más,2
1566,30,1,1,35 a 39,32 a 36,Secundaria/Polimodal Incompleta,Menos de 2500 gramos,5
1567,54,2,2,40 a 44,28 a 31,Secundario/Polimodal Completa y más,Menos de 2500 gramos,1
1568,2,1,2,35 a 39,32 a 36,Sin especificar,Menos de 2500 gramos,6
1569,6,1,2,40 a 44,24 a 27,Secundaria/Polimodal Incompleta,Menos de 2500 gramos,3
1570,78,1,2,20 a 24,32 a 36,Secundario/Polimodal Completa y más,2500 gramos y más,7
1571,26,1,2,De 45 y más,37 a 41,Secundaria/Polimodal Incompleta,2500 gramos y más,1
1572,86,1,2,15 a 19,37 a 41,Hasta Primaria/C.EGB Completa,Menos de 2500 gramos,10
1573,6,1,1,30 a 34,28 a 31,Sin especificar,Menos de 2500 gramos,13
1574,18,1,2,25 a 29,32 a 36,Hasta Primaria/C.EGB Completa,2500 gramos y más,6
1575,46,2,2,20 a 24,37 a 41,Hasta Primaria/C.EGB Completa,2500 gramos y más,1
1576,90,2,2,20 a 24,37 a 41,Secundario/Polimodal Completa y más,Menos de 2500 gramos,5
1577,30,1,2,35 a 39,37 a 41,Secundario/Polimodal Completa y más,2500 gramos y más,694
1578,62,1,2,20 a 24,37 a 41,Secundario/Polimodal Completa y más,2500 gramos y más,319
1579,18,1,1,35 a 39,28 a 31,Secundaria/Polimodal Incompleta,2500 gramos y más,1
1580,6,1,1,Sin especificar,24 a 27,Secundario/Polimodal Completa y más,Menos de 2500 gramos,1
1581,86,1,2,25 a 29,28 a 31,Hasta Primaria/C.EGB Completa,Menos de 2500 gramos,5
1582,26,2,1,25 a 29,24 a 27,Secundario/Polimodal Completa y más,Menos de 2500 gramos,2
1583,6,1,2,Sin especificar,28 a 31,Secundario/Polimodal Completa y más,Menos de 2500 gramos,3
1584,6,2,1,20 a 24,37 a 41,Secundaria/Polimodal Incompleta,Menos de 2500 gramos,11
1585,34,1,2,40 a 44,37 a 41,Sin especificar,2500 gramos y más,27
1586,86,2,2,35 a 39,24 a 27,Hasta Primaria/C.EGB Completa,Menos de 2500 gramos,2
1587,34,1,2,25 a 29,28 a 31,Secundario/Polimodal Completa y más,Menos de 2500 gramos,1
1588,90,2,1,30 a 34,24 a 27,Secundario/Polimodal Completa y más,Menos de 2500 gramos,1
1589,82,1,2,35 a 39,32 a 36,Hasta Primaria/C.EGB Completa,2500 gramos y más,18
1590,70,1,1,35 a 39,37 a 41,Secundaria/Polimodal Incompleta,Menos de 2500 gramos,4
1591,14,1,2,20 a 24,22 a 23,Secundaria/Polimodal Incompleta,Menos de 2500 gramos,1
1592,6,2,1,20 a 24,37 a 41,Sin especificar,Menos de 2500 gramos,3
1593,54,1,1,40 a 44,28 a 31,Hasta Primaria/C.EGB Completa,Menos de 2500 gramos,1
1594,78,1,1,30 a 34,32 a 36,Secundaria/Polimodal Incompleta,Menos de 2500 gramos,1
1595,62,2,2,30 a 34,28 a 31,Secundario/Polimodal Completa y más,Menos de 2500 gramos,1
1596,46,1,2,25 a 29,24 a 27,Secundaria/Polimodal Incompleta,Menos de 2500 gramos,2
1597,6,1,2,35 a 39,Sin especificar,Secundario/Polimodal Completa y más,Sin especificar,3
1598,70,2,2,40 a 44,32 a 36,Secundario/Polimodal Completa y más,Menos de 2500 gramos,2
1599,2,1,1,15 a 19,24 a 27,Hasta Primaria/C.EGB Completa,Menos de 2500 gramos,1
1600,22,1,2,20 a 24,32 a 36,Hasta Primaria/C.EGB Completa,2500 gramos y más,18
1601,22,1,1,25 a 29,Sin especificar,Secundario/Polimodal Completa y más,2500 gramos y más,10
1602,18,1,2,30 a 34,32 a 36,Sin especificar,Menos de 2500 gramos,8
1603,74,1,2,20 a 24,32 a 36,Secundaria/Polimodal Incompleta,2500 gramos y más,7
1604,26,1,1,20 a 24,32 a 36,Secundaria/Polimodal Incompleta,2500 gramos y más,7
1605,70,1,1,35 a 39,24 a 27,Secundario/Polimodal Completa y más,Menos de 2500 gramos,2
1606,90,1,2,35 a 39,28 a 31,Secundario/Polimodal Completa y más,2500 gramos y más,1
1607,99,9,2,25 a 29,32 a 36,Sin especificar,2500 gramos y más,3
1608,62,1,1,20 a 24,32 a 36,Secundaria/Polimodal Incompleta,Menos de 2500 gramos,8
1609,90,2,1,20 a 24,32 a 36,Secundario/Polimodal Completa y más,Menos de 2500 gramos,8
1610,18,1,1,15 a 19,32 a 36,Hasta Primaria/C.EGB Completa,2500 gramos y más,2
1611,14,1,1,35 a 39,28 a 31,Hasta Primaria/C.EGB Completa,Menos de 2500 gramos,7
1612,6,1,2,40 a 44,37 a 41,Sin especificar,2500 gramos y más,266
1613,6,1,1,30 a 34,Sin especificar,Sin especificar,Sin especificar,111
1614,82,1,1,15 a 19,32 a 36,Secundaria/Polimodal Incompleta,Menos de 2500 gramos,50
1615,54,1,1,20 a 24,37 a 41,Secundario/Polimodal Completa y más,Menos de 2500 gramos,27
1616,26,1,1,De 45 y más,32 a 36,Secundario/Polimodal Completa y más,2500 gramos y más,1
1617,18,1,2,20 a 24,37 a 41,Secundaria/Polimodal Incompleta,2500 gramos y más,415
1618,86,1,1,20 a 24,37 a 41,Secundario/Polimodal Completa y más,2500 gramos y más,273
1619,2,2,2,35 a 39,37 a 41,Sin especificar,2500 gramos y más,3
1620,82,1,1,20 a 24,32 a 36,Secundaria/Polimodal Incompleta,Menos de 2500 gramos,54
1621,86,1,1,Sin especificar,37 a 41,Hasta Primaria/C.EGB Completa,2500 gramos y más,5
1622,10,1,1,25 a 29,24 a 27,Secundario/Polimodal Completa y más,Menos de 2500 gramos,1
1623,90,2,1,30 a 34,32 a 36,Secundaria/Polimodal Incompleta,2500 gramos y más,1
1624,54,2,1,30 a 34,37 a 41,Sin especificar,Menos de 2500 gramos,1
1625,62,1,2,30 a 34,37 a 41,Hasta Primaria/C.EGB Completa,2500 gramos y más,88
1626,30,1,1,20 a 24,32 a 36,Secundario/Polimodal Completa y más,Menos de 2500 gramos,19
1627,46,1,2,35 a 39,24 a 27,Secundario/Polimodal Completa y más,Menos de 2500 gramos,3
1628,82,1,2,20 a 24,32 a 36,Hasta Primaria/C.EGB Completa,Menos de 2500 gramos,24
1629,34,2,2,35 a 39,37 a 41,Sin especificar,Menos de 2500 gramos,3
1630,2,9,1,40 a 44,Sin especificar,Sin especificar,Sin especificar,2
1631,18,1,2,15 a 19,37 a 41,Sin especificar,Menos de 2500 gramos,7
1632,30,1,1,Sin especificar,37 a 41,Secundario/Polimodal Completa y más,2500 gramos y más,1
1633,34,1,2,40 a 44,37 a 41,Secundaria/Polimodal Incompleta,2500 gramos y más,17
1634,99,1,2,15 a 19,37 a 41,Sin especificar,2500 gramos y más,4
1635,22,1,2,25 a 29,28 a 31,Secundaria/Polimodal Incompleta,Menos de 2500 gramos,2
1636,2,1,1,35 a 39,32 a 36,Hasta Primaria/C.EGB Completa,2500 gramos y más,5
1637,2,1,2,35 a 39,24 a 27,Secundaria/Polimodal Incompleta,Menos de 2500 gramos,1
1638,42,1,2,15 a 19,32 a 36,Secundaria/Polimodal Incompleta,2500 gramos y más,1
1639,38,2,2,35 a 39,32 a 36,Secundaria/Polimodal Incompleta,Menos de 2500 gramos,1
1640,6,1,1,15 a 19,Sin especificar,Hasta Primaria/C.EGB Completa,Menos de 2500 gramos,1
1641,62,1,2,40 a 44,37 a 41,Secundaria/Polimodal Incompleta,2500 gramos y más,13
1642,86,1,1,Menor de 15,32 a 36,Hasta Primaria/C.EGB Completa,Menos de 2500 gramos,1
1643,30,1,1,30 a 34,37 a 41,Hasta Primaria/C.EGB Completa,Menos de 2500 gramos,10
1644,2,2,1,40 a 44,32 a 36,Secundario/Polimodal Completa y más,Menos de 2500 gramos,11
1645,38,1,2,20 a 24,22 a 23,Secundario/Polimodal Completa y más,Menos de 2500 gramos,1
1646,18,2,1,30 a 34,32 a 36,Sin especificar,Menos de 2500 gramos,2
1647,22,1,1,Sin especificar,37 a 41,Secundario/Polimodal Completa y más,2500 gramos y más,3
1648,82,2,2,20 a 24,32 a 36,Secundario/Polimodal Completa y más,2500 gramos y más,3
1649,54,2,2,30 a 34,32 a 36,Hasta Primaria/C.EGB Completa,Menos de 2500 gramos,4
1650,2,9,2,25 a 29,37 a 41,Sin especificar,Menos de 2500 gramos,1
1651,99,9,2,20 a 24,32 a 36,Sin especificar,2500 gramos y más,1
1652,2,1,2,20 a 24,32 a 36,Hasta Primaria/C.EGB Completa,Menos de 2500 gramos,9
1653,38,1,1,20 a 24,42 y más,Hasta Primaria/C.EGB Completa,2500 gramos y más,1
1654,94,2,2,25 a 29,37 a 41,Secundaria/Polimodal Incompleta,2500 gramos y más,1
1655,74,1,2,30 a 34,37 a 41,Secundario/Polimodal Completa y más,Menos de 2500 gramos,6
1656,86,1,2,25 a 29,37 a 41,Hasta Primaria/C.EGB Completa,Menos de 2500 gramos,18
1657,54,1,1,25 a 29,32 a 36,Sin especificar,Menos de 2500 gramos,3
1658,6,2,2,35 a 39,32 a 36,Hasta Primaria/C.EGB Completa,Menos de 2500 gramos,11
1659,6,1,9,Sin especificar,32 a 36,Hasta Primaria/C.EGB Completa,2500 gramos y más,1
1660,82,1,2,De 45 y más,37 a 41,Hasta Primaria/C.EGB Completa,2500 gramos y más,2
1661,6,1,2,30 a 34,37 a 41,Hasta Primaria/C.EGB Completa,Sin especificar,3
1662,82,1,1,15 a 19,32 a 36,Secundaria/Polimodal Incompleta,2500 gramos y más,55
1663,18,1,2,35 a 39,37 a 41,Sin especificar,Menos de 2500 gramos,5
1664,2,1,1,40 a 44,37 a 41,Secundario/Polimodal Completa y más,Menos de 2500 gramos,19
1665,54,1,1,30 a 34,28 a 31,Hasta Primaria/C.EGB Completa,Menos de 2500 gramos,1
1666,38,2,2,25 a 29,32 a 36,Secundario/Polimodal Completa y más,Menos de 2500 gramos,9
1667,6,2,1,30 a 34,32 a 36,Secundaria/Polimodal Incompleta,Sin especificar,1
1668,62,1,1,25 a 29,Menos de 22,Hasta Primaria/C.EGB Completa,Menos de 2500 gramos,1
1669,6,1,1,30 a 34,37 a 41,Secundario/Polimodal Completa y más,Menos de 2500 gramos,210
1670,14,1,1,15 a 19,32 a 36,Secundaria/Polimodal Incompleta,Menos de 2500 gramos,39
1671,18,1,1,25 a 29,24 a 27,Sin especificar,Menos de 2500 gramos,2
1672,78,1,1,20 a 24,28 a 31,Secundario/Polimodal Completa y más,Menos de 2500 gramos,1
1673,22,1,1,20 a 24,37 a 41,Sin especificar,Menos de 2500 gramos,1
1674,70,2,2,15 a 19,37 a 41,Secundario/Polimodal Completa y más,Menos de 2500 gramos,3
1675,50,2,1,20 a 24,32 a 36,Secundario/Polimodal Completa y más,2500 gramos y más,3
1676,6,1,2,De 45 y más,37 a 41,Hasta Primaria/C.EGB Completa,2500 gramos y más,32
1677,66,1,1,25 a 29,37 a 41,Secundario/Polimodal Completa y más,2500 gramos y más,1380
1678,62,2,2,15 a 19,37 a 41,Secundario/Polimodal Completa y más,Menos de 2500 gramos,1
1679,42,1,1,25 a 29,37 a 41,Secundario/Polimodal Completa y más,2500 gramos y más,279
1680,90,2,2,25 a 29,32 a 36,Secundario/Polimodal Completa y más,2500 gramos y más,5
1681,6,1,1,Sin especificar,37 a 41,Secundario/Polimodal Completa y más,Sin especificar,3
1682,70,1,2,35 a 39,32 a 36,Secundaria/Polimodal Incompleta,Menos de 2500 gramos,5
1683,42,2,1,35 a 39,37 a 41,Secundaria/Polimodal Incompleta,2500 gramos y más,2
1684,22,1,1,20 a 24,32 a 36,Hasta Primaria/C.EGB Completa,2500 gramos y más,12
1685,54,2,1,25 a 29,28 a 31,Secundaria/Polimodal Incompleta,Menos de 2500 gramos,1
1686,34,1,2,30 a 34,28 a 31,Secundaria/Polimodal Incompleta,Menos de 2500 gramos,2
1687,62,2,1,De 45 y más,32 a 36,Secundario/Polimodal Completa y más,2500 gramos y más,2
1688,18,1,1,15 a 19,37 a 41,Hasta Primaria/C.EGB Completa,2500 gramos y más,99
1689,6,1,9,Sin especificar,Sin especificar,Sin especificar,Sin especificar,6
1690,18,2,1,30 a 34,37 a 41,Secundaria/Polimodal Incompleta,Menos de 2500 gramos,1
1691,2,9,2,Menor de 15,37 a 41,Sin especificar,2500 gramos y más,2
1692,70,1,1,35 a 39,37 a 41,Secundaria/Polimodal Incompleta,2500 gramos y más,82
1693,54,1,2,35 a 39,37 a 41,Secundario/Polimodal Completa y más,2500 gramos y más,396
1694,62,1,1,15 a 19,37 a 41,Secundaria/Polimodal Incompleta,Menos de 2500 gramos,2
1695,18,1,2,30 a 34,24 a 27,Secundaria/Polimodal Incompleta,Menos de 2500 gramos,1
1696,82,2,2,20 a 24,37 a 41,Secundario/Polimodal Completa y más,Menos de 2500 gramos,4
1697,2,1,2,30 a 34,37 a 41,Secundario/Polimodal Completa y más,2500 gramos y más,2532
1698,54,2,1,15 a 19,32 a 36,Hasta Primaria/C.EGB Completa,Menos de 2500 gramos,2
1699,99,1,1,20 a 24,37 a 41,Sin especificar,2500 gramos y más,11
1700,6,1,2,25 a 29,32 a 36,Sin especificar,2500 gramos y más,84
1701,22,1,1,30 a 34,32 a 36,Hasta Primaria/C.EGB Completa,Sin especificar,1
1702,58,1,2,35 a 39,32 a 36,Hasta Primaria/C.EGB Completa,Menos de 2500 gramos,3
1703,22,1,1,25 a 29,32 a 36,Sin especificar,Menos de 2500 gramos,3
1704,22,1,2,25 a 29,37 a 41,Secundaria/Polimodal Incompleta,2500 gramos y más,373
1705,30,2,2,15 a 19,32 a 36,Secundario/Polimodal Completa y más,2500 gramos y más,1
1706,54,1,1,25 a 29,28 a 31,Secundario/Polimodal Completa y más,2500 gramos y más,1
1707,2,1,1,20 a 24,37 a 41,Secundaria/Polimodal Incompleta,Menos de 2500 gramos,1
1708,94,1,1,30 a 34,32 a 36,Secundario/Polimodal Completa y más,Menos de 2500 gramos,3
1709,6,1,1,De 45 y más,32 a 36,Sin especificar,Menos de 2500 gramos,2
1710,74,1,1,35 a 39,37 a 41,Secundario/Polimodal Completa y más,2500 gramos y más,242
1711,6,1,2,30 a 34,37 a 41,Secundario/Polimodal Completa y más,Sin especificar,11
1712,94,1,1,25 a 29,37 a 41,Secundario/Polimodal Completa y más,2500 gramos y más,122
1713,14,2,2,35 a 39,37 a 41,Hasta Primaria/C.EGB Completa,Menos de 2500 gramos,1
1714,6,1,2,15 a 19,28 a 31,Secundaria/Polimodal Incompleta,Menos de 2500 gramos,37
1715,66,1,1,35 a 39,37 a 41,Hasta Primaria/C.EGB Completa,Sin especificar,1
1716,90,1,1,20 a 24,24 a 27,Secundaria/Polimodal Incompleta,Menos de 2500 gramos,2
1717,6,1,1,Sin especificar,37 a 41,Secundaria/Polimodal Incompleta,Menos de 2500 gramos,3
1718,86,1,1,De 45 y más,37 a 41,Secundario/Polimodal Completa y más,2500 gramos y más,3
1719,78,1,1,20 a 24,37 a 41,Hasta Primaria/C.EGB Completa,2500 gramos y más,45
1720,30,1,2,20 a 24,37 a 41,Secundaria/Polimodal Incompleta,2500 gramos y más,511
1721,42,1,1,20 a 24,28 a 31,Secundario/Polimodal Completa y más,Menos de 2500 gramos,2
1722,74,1,1,15 a 19,32 a 36,Secundaria/Polimodal Incompleta,Menos de 2500 gramos,8
1723,90,1,1,35 a 39,24 a 27,Hasta Primaria/C.EGB Completa,Menos de 2500 gramos,2
1724,58,1,2,20 a 24,32 a 36,Secundaria/Polimodal Incompleta,Menos de 2500 gramos,4
1725,6,1,2,35 a 39,28 a 31,Hasta Primaria/C.EGB Completa,2500 gramos y más,1
1726,62,1,2,40 a 44,32 a 36,Hasta Primaria/C.EGB Completa,Menos de 2500 gramos,1
1727,22,1,2,25 a 29,28 a 31,Sin especificar,Menos de 2500 gramos,1
1728,50,1,2,15 a 19,42 y más,Secundaria/Polimodal Incompleta,2500 gramos y más,1
1729,18,1,2,25 a 29,32 a 36,Hasta Primaria/C.EGB Completa,Menos de 2500 gramos,5
1730,42,1,2,30 a 34,37 a 41,Hasta Primaria/C.EGB Completa,2500 gramos y más,21
1731,26,1,2,20 a 24,42 y más,Secundaria/Polimodal Incompleta,2500 gramos y más,1
1732,22,2,2,25 a 29,24 a 27,Hasta Primaria/C.EGB Completa,Menos de 2500 gramos,3
1733,70,2,1,30 a 34,24 a 27,Secundario/Polimodal Completa y más,Menos de 2500 gramos,1
1734,30,2,1,20 a 24,32 a 36,Hasta Primaria/C.EGB Completa,Menos de 2500 gramos,5
1735,50,1,2,20 a 24,37 a 41,Secundaria/Polimodal Incompleta,2500 gramos y más,846
1736,2,2,2,15 a 19,32 a 36,Secundaria/Polimodal Incompleta,Menos de 2500 gramos,3
1737,66,2,1,40 a 44,32 a 36,Hasta Primaria/C.EGB Completa,Menos de 2500 gramos,4
1738,38,1,1,15 a 19,32 a 36,Secundaria/Polimodal Incompleta,2500 gramos y más,6
1739,18,1,1,35 a 39,37 a 41,Sin especificar,2500 gramos y más,139
1740,22,1,2,15 a 19,28 a 31,Secundaria/Polimodal Incompleta,Menos de 2500 gramos,1
1741,42,2,2,20 a 24,37 a 41,Secundaria/Polimodal Incompleta,2500 gramos y más,1
1742,18,2,2,15 a 19,32 a 36,Secundaria/Polimodal Incompleta,2500 gramos y más,2
1743,6,2,1,30 a 34,32 a 36,Secundario/Polimodal Completa y más,Menos de 2500 gramos,84
1744,2,1,1,25 a 29,37 a 41,Secundario/Polimodal Completa y más,Menos de 2500 gramos,16
1745,2,1,2,20 a 24,32 a 36,Secundaria/Polimodal Incompleta,Menos de 2500 gramos,8
1746,38,1,2,De 45 y más,32 a 36,Secundario/Polimodal Completa y más,Menos de 2500 gramos,1
1747,18,1,2,30 a 34,37 a 41,Hasta Primaria/C.EGB Completa,2500 gramos y más,136
1748,30,2,2,De 45 y más,32 a 36,Secundario/Polimodal Completa y más,Menos de 2500 gramos,1
1749,26,1,1,15 a 19,28 a 31,Secundaria/Polimodal Incompleta,Menos de 2500 gramos,1
1750,90,1,1,30 a 34,37 a 41,Hasta Primaria/C.EGB Completa,Menos de 2500 gramos,8
1751,90,1,2,40 a 44,42 y más,Secundaria/Polimodal Incompleta,2500 gramos y más,2
1752,6,1,1,De 45 y más,24 a 27,Secundario/Polimodal Completa y más,Menos de 2500 gramos,4
1753,14,1,2,30 a 34,24 a 27,Secundario/Polimodal Completa y más,Menos de 2500 gramos,5
1754,34,1,1,Menor de 15,37 a 41,Hasta Primaria/C.EGB Completa,Menos de 2500 gramos,1
1755,74,1,2,25 a 29,Sin especificar,Sin especificar,Sin especificar,1
1756,6,2,1,Sin especificar,Sin especificar,Sin especificar,Sin especificar,6
1757,38,2,1,25 a 29,37 a 41,Secundario/Polimodal Completa y más,2500 gramos y más,10
1758,86,1,2,35 a 39,28 a 31,Secundaria/Polimodal Incompleta,Menos de 2500 gramos,2
1759,90,1,2,30 a 34,28 a 31,Secundaria/Polimodal Incompleta,Menos de 2500 gramos,6
1760,66,1,1,De 45 y más,37 a 41,Hasta Primaria/C.EGB Completa,2500 gramos y más,3
1761,54,1,2,25 a 29,Sin especificar,Secundaria/Polimodal Incompleta,Menos de 2500 gramos,1
1762,14,1,1,Menor de 15,37 a 41,Secundaria/Polimodal Incompleta,2500 gramos y más,19
1763,14,1,2,De 45 y más,32 a 36,Secundario/Polimodal Completa y más,2500 gramos y más,1
1764,50,2,2,20 a 24,32 a 36,Hasta Primaria/C.EGB Completa,Menos de 2500 gramos,2
1765,99,1,9,Sin especificar,37 a 41,Sin especificar,2500 gramos y más,3
1766,30,1,1,30 a 34,37 a 41,Secundaria/Polimodal Incompleta,2500 gramos y más,260
1767,30,1,2,30 a 34,42 y más,Secundario/Polimodal Completa y más,2500 gramos y más,1
1768,90,1,1,20 a 24,28 a 31,Secundario/Polimodal Completa y más,2500 gramos y más,1
1769,98,1,1,Menor de 15,32 a 36,Secundaria/Polimodal Incompleta,2500 gramos y más,1
1770,30,1,2,35 a 39,24 a 27,Secundario/Polimodal Completa y más,Menos de 2500 gramos,1
1771,86,2,2,25 a 29,32 a 36,Secundario/Polimodal Completa y más,Menos de 2500 gramos,4
1772,54,1,2,20 a 24,24 a 27,Secundario/Polimodal Completa y más,Menos de 2500 gramos,3
1773,74,2,2,20 a 24,32 a 36,Secundaria/Polimodal Incompleta,Menos de 2500 gramos,4
1774,86,1,1,15 a 19,Sin especificar,Hasta Primaria/C.EGB Completa,2500 gramos y más,1
1775,10,1,1,35 a 39,32 a 36,Secundaria/Polimodal Incompleta,2500 gramos y más,3
1776,70,1,1,20 a 24,32 a 36,Secundaria/Polimodal Incompleta,Menos de 2500 gramos,18
1777,46,2,2,20 a 24,24 a 27,Secundario/Polimodal Completa y más,Menos de 2500 gramos,2
1778,10,1,1,20 a 24,32 a 36,Hasta Primaria/C.EGB Completa,2500 gramos y más,4
1779,82,2,1,20 a 24,37 a 41,Secundario/Polimodal Completa y más,2500 gramos y más,6
1780,6,1,2,30 a 34,Sin especificar,Secundaria/Polimodal Incompleta,2500 gramos y más,8
1781,74,1,2,40 a 44,32 a 36,Hasta Primaria/C.EGB Completa,Menos de 2500 gramos,1
1782,50,9,2,30 a 34,37 a 41,Sin especificar,2500 gramos y más,1
1783,82,2,1,30 a 34,37 a 41,Secundario/Polimodal Completa y más,Menos de 2500 gramos,11
1784,66,2,1,20 a 24,32 a 36,Secundaria/Polimodal Incompleta,2500 gramos y más,2
1785,22,1,1,20 a 24,32 a 36,Hasta Primaria/C.EGB Completa,Menos de 2500 gramos,23
1786,66,1,2,30 a 34,32 a 36,Secundario/Polimodal Completa y más,Menos de 2500 gramos,53
1787,62,2,2,15 a 19,37 a 41,Secundario/Polimodal Completa y más,2500 gramos y más,1
1788,10,1,1,30 a 34,28 a 31,Hasta Primaria/C.EGB Completa,Menos de 2500 gramos,1
1789,62,1,2,15 a 19,32 a 36,Sin especificar,Menos de 2500 gramos,2
1790,90,1,1,25 a 29,32 a 36,Secundario/Polimodal Completa y más,Sin especificar,1
1791,26,1,1,15 a 19,32 a 36,Sin especificar,2500 gramos y más,1
1792,22,2,2,35 a 39,32 a 36,Hasta Primaria/C.EGB Completa,2500 gramos y más,2
1793,34,1,1,20 a 24,37 a 41,Secundario/Polimodal Completa y más,Menos de 2500 gramos,4
1794,82,2,2,40 a 44,37 a 41,Secundario/Polimodal Completa y más,2500 gramos y más,1
1795,54,2,1,20 a 24,37 a 41,Sin especificar,Menos de 2500 gramos,1
1796,6,1,1,15 a 19,28 a 31,Sin especificar,2500 gramos y más,1
1797,14,1,1,30 a 34,32 a 36,Secundario/Polimodal Completa y más,Menos de 2500 gramos,89
1798,62,1,2,De 45 y más,37 a 41,Hasta Primaria/C.EGB Completa,2500 gramos y más,1
1799,14,1,2,40 a 44,28 a 31,Secundario/Polimodal Completa y más,Menos de 2500 gramos,8
1800,6,2,1,De 45 y más,37 a 41,Secundario/Polimodal Completa y más,Menos de 2500 gramos,1
1801,54,2,2,25 a 29,32 a 36,Secundario/Polimodal Completa y más,2500 gramos y más,2
1802,22,1,1,25 a 29,32 a 36,Secundario/Polimodal Completa y más,Menos de 2500 gramos,47
1803,78,1,1,25 a 29,42 y más,Secundaria/Polimodal Incompleta,2500 gramos y más,1
1804,14,1,2,35 a 39,37 a 41,Hasta Primaria/C.EGB Completa,Menos de 2500 gramos,15
1805,2,1,1,40 a 44,32 a 36,Hasta Primaria/C.EGB Completa,Menos de 2500 gramos,2
1806,54,2,2,30 a 34,32 a 36,Hasta Primaria/C.EGB Completa,2500 gramos y más,2
1807,70,2,2,35 a 39,28 a 31,Secundario/Polimodal Completa y más,Menos de 2500 gramos,3
1808,2,1,2,25 a 29,42 y más,Secundario/Polimodal Completa y más,2500 gramos y más,1
1809,6,1,1,35 a 39,Sin especificar,Sin especificar,Menos de 2500 gramos,2
1810,66,1,1,20 a 24,32 a 36,Sin especificar,Menos de 2500 gramos,1
1811,18,1,1,40 a 44,37 a 41,Secundaria/Polimodal Incompleta,2500 gramos y más,36
1812,6,2,2,35 a 39,32 a 36,Hasta Primaria/C.EGB Completa,2500 gramos y más,1
1813,2,1,9,25 a 29,37 a 41,Secundario/Polimodal Completa y más,2500 gramos y más,1
1814,50,1,2,20 a 24,28 a 31,Secundario/Polimodal Completa y más,Menos de 2500 gramos,3
1815,42,1,1,15 a 19,32 a 36,Secundario/Polimodal Completa y más,2500 gramos y más,3
1816,90,1,2,30 a 34,37 a 41,Sin especificar,2500 gramos y más,3
1817,2,2,1,25 a 29,32 a 36,Secundario/Polimodal Completa y más,2500 gramos y más,1
1818,38,1,1,15 a 19,32 a 36,Secundaria/Polimodal Incompleta,Menos de 2500 gramos,10
1819,14,1,2,25 a 29,37 a 41,Sin especificar,2500 gramos y más,4
1820,99,9,2,40 a 44,32 a 36,Sin especificar,2500 gramos y más,2
1821,18,1,1,35 a 39,37 a 41,Secundaria/Polimodal Incompleta,Menos de 2500 gramos,5
1822,66,1,1,20 a 24,32 a 36,Hasta Primaria/C.EGB Completa,Sin especificar,1
1823,18,1,2,35 a 39,37 a 41,Hasta Primaria/C.EGB Completa,Menos de 2500 gramos,4
1824,42,1,1,30 a 34,32 a 36,Secundario/Polimodal Completa y más,2500 gramos y más,13
1825,99,1,2,Sin especificar,32 a 36,Secundario/Polimodal Completa y más,2500 gramos y más,1
1826,66,1,2,35 a 39,28 a 31,Secundario/Polimodal Completa y más,Menos de 2500 gramos,1
1827,38,1,1,40 a 44,37 a 41,Secundario/Polimodal Completa y más,Menos de 2500 gramos,1
1828,30,1,2,30 a 34,32 a 36,Hasta Primaria/C.EGB Completa,Menos de 2500 gramos,10
1829,26,2,2,25 a 29,32 a 36,Secundaria/Polimodal Incompleta,Menos de 2500 gramos,3
1830,22,1,1,15 a 19,32 a 36,Secundario/Polimodal Completa y más,Menos de 2500 gramos,8
1831,70,1,1,Menor de 15,37 a 41,Hasta Primaria/C.EGB Completa,2500 gramos y más,2
1832,6,2,1,Sin especificar,Sin especificar,Secundaria/Polimodal Incompleta,Sin especificar,1
1833,18,2,2,40 a 44,37 a 41,Secundario/Polimodal Completa y más,Menos de 2500 gramos,3
1834,34,1,1,20 a 24,37 a 41,Sin especificar,2500 gramos y más,205
1835,34,2,2,20 a 24,28 a 31,Sin especificar,Menos de 2500 gramos,1
1836,2,1,1,40 a 44,32 a 36,Sin especificar,2500 gramos y más,1
1837,74,1,1,35 a 39,32 a 36,Secundario/Polimodal Completa y más,Menos de 2500 gramos,14
1838,2,2,1,25 a 29,32 a 36,Secundario/Polimodal Completa y más,Menos de 2500 gramos,10
1839,2,1,1,Sin especificar,37 a 41,Hasta Primaria/C.EGB Completa,2500 gramos y más,1
1840,86,1,1,20 a 24,37 a 41,Secundario/Polimodal Completa y más,Menos de 2500 gramos,7
1841,18,1,2,20 a 24,28 a 31,Hasta Primaria/C.EGB Completa,Menos de 2500 gramos,5
1842,6,2,1,25 a 29,37 a 41,Hasta Primaria/C.EGB Completa,2500 gramos y más,12
1843,30,1,2,15 a 19,37 a 41,Sin especificar,2500 gramos y más,2
1844,30,2,1,30 a 34,37 a 41,Secundario/Polimodal Completa y más,Menos de 2500 gramos,3
1845,90,1,1,20 a 24,42 y más,Hasta Primaria/C.EGB Completa,2500 gramos y más,29
1846,66,1,2,15 a 19,32 a 36,Secundaria/Polimodal Incompleta,2500 gramos y más,26
1847,46,1,1,15 a 19,37 a 41,Sin especificar,2500 gramos y más,1
1848,50,1,1,De 45 y más,37 a 41,Secundaria/Polimodal Incompleta,2500 gramos y más,1
1849,22,1,2,15 a 19,32 a 36,Secundaria/Polimodal Incompleta,2500 gramos y más,18
1850,6,1,2,40 a 44,Sin especificar,Secundario/Polimodal Completa y más,2500 gramos y más,3
1851,6,1,1,25 a 29,32 a 36,Secundario/Polimodal Completa y más,Menos de 2500 gramos,363
1852,90,1,1,30 a 34,37 a 41,Secundaria/Polimodal Incompleta,2500 gramos y más,238
1853,22,2,2,15 a 19,32 a 36,Hasta Primaria/C.EGB Completa,Menos de 2500 gramos,4
1854,90,1,2,De 45 y más,37 a 41,Secundario/Polimodal Completa y más,2500 gramos y más,22
1855,78,1,2,20 a 24,32 a 36,Secundario/Polimodal Completa y más,Menos de 2500 gramos,7
1856,86,2,2,30 a 34,32 a 36,Hasta Primaria/C.EGB Completa,Menos de 2500 gramos,9
1857,14,1,2,20 a 24,32 a 36,Secundario/Polimodal Completa y más,2500 gramos y más,53
1858,98,1,1,20 a 24,37 a 41,Secundaria/Polimodal Incompleta,2500 gramos y más,2
1859,2,2,2,25 a 29,37 a 41,Sin especificar,2500 gramos y más,1
1860,22,2,1,25 a 29,24 a 27,Secundario/Polimodal Completa y más,Menos de 2500 gramos,1
1861,66,2,2,20 a 24,37 a 41,Sin especificar,2500 gramos y más,2
1862,2,2,2,20 a 24,32 a 36,Secundario/Polimodal Completa y más,2500 gramos y más,2
1863,38,2,1,30 a 34,37 a 41,Secundaria/Polimodal Incompleta,2500 gramos y más,1
1864,34,2,2,25 a 29,32 a 36,Secundario/Polimodal Completa y más,2500 gramos y más,5
1865,6,1,1,25 a 29,28 a 31,Sin especificar,Menos de 2500 gramos,17
1866,99,9,1,35 a 39,24 a 27,Sin especificar,Menos de 2500 gramos,1
1867,46,2,1,20 a 24,37 a 41,Secundario/Polimodal Completa y más,Menos de 2500 gramos,1
1868,42,2,2,25 a 29,37 a 41,Secundario/Polimodal Completa y más,2500 gramos y más,6
1869,42,2,1,35 a 39,37 a 41,Secundaria/Polimodal Incompleta,Menos de 2500 gramos,1
1870,58,2,1,25 a 29,37 a 41,Secundario/Polimodal Completa y más,2500 gramos y más,9
1871,30,2,1,15 a 19,37 a 41,Secundaria/Polimodal Incompleta,2500 gramos y más,2
1872,18,1,1,25 a 29,28 a 31,Secundario/Polimodal Completa y más,Menos de 2500 gramos,5
1873,22,1,1,40 a 44,37 a 41,Secundario/Polimodal Completa y más,Sin especificar,1
1874,70,1,2,35 a 39,32 a 36,Hasta Primaria/C.EGB Completa,Menos de 2500 gramos,2
1875,6,1,1,15 a 19,32 a 36,Secundaria/Polimodal Incompleta,Menos de 2500 gramos,148
1876,10,1,1,25 a 29,37 a 41,Secundaria/Polimodal Incompleta,2500 gramos y más,76
1877,82,2,1,15 a 19,32 a 36,Secundaria/Polimodal Incompleta,2500 gramos y más,1
1878,2,1,1,25 a 29,28 a 31,Sin especificar,Menos de 2500 gramos,1
1879,54,1,1,35 a 39,24 a 27,Hasta Primaria/C.EGB Completa,Menos de 2500 gramos,2
1880,6,1,1,Sin especificar,37 a 41,Secundaria/Polimodal Incompleta,2500 gramos y más,143
1881,14,1,1,30 a 34,37 a 41,Secundario/Polimodal Completa y más,Menos de 2500 gramos,43
1882,86,1,2,35 a 39,28 a 31,Secundaria/Polimodal Incompleta,2500 gramos y más,2
1883,82,2,1,35 a 39,32 a 36,Secundaria/Polimodal Incompleta,Menos de 2500 gramos,9
1884,54,1,2,35 a 39,28 a 31,Secundaria/Polimodal Incompleta,Menos de 2500 gramos,1
1885,6,1,1,35 a 39,28 a 31,Secundaria/Polimodal Incompleta,Menos de 2500 gramos,18
1886,10,1,2,40 a 44,37 a 41,Secundario/Polimodal Completa y más,Menos de 2500 gramos,2
1887,34,1,2,20 a 24,37 a 41,Hasta Primaria/C.EGB Completa,2500 gramos y más,181
1888,62,1,2,30 a 34,42 y más,Sin especificar,2500 gramos y más,2
1889,34,1,1,20 a 24,32 a 36,Hasta Primaria/C.EGB Completa,2500 gramos y más,6
1890,90,1,2,15 a 19,37 a 41,Secundario/Polimodal Completa y más,2500 gramos y más,164
1891,82,1,2,De 45 y más,32 a 36,Secundario/Polimodal Completa y más,Menos de 2500 gramos,4
1892,86,1,1,Sin especificar,37 a 41,Secundaria/Polimodal Incompleta,2500 gramos y más,1
1893,2,1,2,15 a 19,32 a 36,Secundaria/Polimodal Incompleta,Menos de 2500 gramos,3
1894,14,1,1,20 a 24,37 a 41,Hasta Primaria/C.EGB Completa,Menos de 2500 gramos,14
1895,46,1,2,35 a 39,32 a 36,Secundario/Polimodal Completa y más,2500 gramos y más,9
1896,62,2,1,20 a 24,32 a 36,Secundaria/Polimodal Incompleta,2500 gramos y más,1
1897,30,2,1,25 a 29,32 a 36,Secundario/Polimodal Completa y más,2500 gramos y más,4
1898,90,2,2,35 a 39,32 a 36,Secundario/Polimodal Completa y más,2500 gramos y más,1
1899,14,1,1,30 a 34,37 a 41,Secundario/Polimodal Completa y más,2500 gramos y más,3328
1900,70,1,1,40 a 44,37 a 41,Hasta Primaria/C.EGB Completa,2500 gramos y más,28
1901,34,1,2,30 a 34,32 a 36,Sin especificar,Menos de 2500 gramos,4
1902,10,2,1,40 a 44,37 a 41,Secundario/Polimodal Completa y más,Menos de 2500 gramos,1
1903,6,1,2,20 a 24,37 a 41,Secundario/Polimodal Completa y más,Menos de 2500 gramos,247
1904,99,9,2,25 a 29,37 a 41,Sin especificar,Menos de 2500 gramos,3
1905,22,1,2,20 a 24,32 a 36,Sin especificar,2500 gramos y más,2
1906,30,1,2,25 a 29,24 a 27,Secundaria/Polimodal Incompleta,Menos de 2500 gramos,1
1907,18,2,2,25 a 29,32 a 36,Secundario/Polimodal Completa y más,2500 gramos y más,1
1908,6,9,1,35 a 39,37 a 41,Secundario/Polimodal Completa y más,2500 gramos y más,1
1909,6,1,1,40 a 44,32 a 36,Secundaria/Polimodal Incompleta,2500 gramos y más,19
1910,66,1,1,15 a 19,42 y más,Hasta Primaria/C.EGB Completa,2500 gramos y más,1
1911,18,1,2,20 a 24,42 y más,Sin especificar,2500 gramos y más,2
1912,66,1,2,35 a 39,32 a 36,Hasta Primaria/C.EGB Completa,Menos de 2500 gramos,9
1913,22,1,1,Sin especificar,37 a 41,Hasta Primaria/C.EGB Completa,2500 gramos y más,4
1914,58,1,1,15 a 19,37 a 41,Secundaria/Polimodal Incompleta,Menos de 2500 gramos,2
1915,66,1,2,30 a 34,Sin especificar,Sin especificar,2500 gramos y más,1
1916,50,1,1,25 a 29,42 y más,Secundario/Polimodal Completa y más,2500 gramos y más,4
1917,74,1,1,40 a 44,37 a 41,Secundario/Polimodal Completa y más,Menos de 2500 gramos,1
1918,70,1,1,15 a 19,37 a 41,Secundaria/Polimodal Incompleta,Menos de 2500 gramos,16
1919,10,1,1,25 a 29,42 y más,Secundario/Polimodal Completa y más,2500 gramos y más,2
1920,6,1,2,15 a 19,32 a 36,Hasta Primaria/C.EGB Completa,2500 gramos y más,25
1921,54,1,1,20 a 24,37 a 41,Secundaria/Polimodal Incompleta,Sin especificar,3
1922,14,1,1,20 a 24,37 a 41,Hasta Primaria/C.EGB Completa,2500 gramos y más,483
1923,6,1,2,De 45 y más,37 a 41,Hasta Primaria/C.EGB Completa,Menos de 2500 gramos,3
1924,50,2,2,35 a 39,37 a 41,Secundario/Polimodal Completa y más,Menos de 2500 gramos,6
1925,62,1,1,Menor de 15,37 a 41,Secundaria/Polimodal Incompleta,2500 gramos y más,2
1926,22,1,1,20 a 24,42 y más,Hasta Primaria/C.EGB Completa,2500 gramos y más,5
1927,38,1,2,20 a 24,32 a 36,Secundaria/Polimodal Incompleta,2500 gramos y más,4
1928,42,1,1,30 a 34,32 a 36,Hasta Primaria/C.EGB Completa,2500 gramos y más,1
1929,66,1,2,35 a 39,22 a 23,Secundaria/Polimodal Incompleta,Menos de 2500 gramos,1
1930,22,1,1,Sin especificar,37 a 41,Hasta Primaria/C.EGB Completa,Menos de 2500 gramos,1
1931,14,1,2,20 a 24,28 a 31,Secundaria/Polimodal Incompleta,Menos de 2500 gramos,15
1932,78,1,1,20 a 24,42 y más,Hasta Primaria/C.EGB Completa,2500 gramos y más,2
1933,74,1,1,20 a 24,32 a 36,Secundaria/Polimodal Incompleta,Menos de 2500 gramos,10
1934,6,1,1,20 a 24,37 a 41,Hasta Primaria/C.EGB Completa,2500 gramos y más,2109
1935,50,1,1,15 a 19,28 a 31,Secundaria/Polimodal Incompleta,Menos de 2500 gramos,4
1936,6,1,2,20 a 24,Menos de 22,Hasta Primaria/C.EGB Completa,Menos de 2500 gramos,1
1937,50,1,2,35 a 39,42 y más,Hasta Primaria/C.EGB Completa,2500 gramos y más,1
1938,18,1,2,20 a 24,32 a 36,Hasta Primaria/C.EGB Completa,Menos de 2500 gramos,2
1939,26,2,2,40 a 44,37 a 41,Secundario/Polimodal Completa y más,2500 gramos y más,1
1940,82,1,1,20 a 24,28 a 31,Secundaria/Polimodal Incompleta,2500 gramos y más,2
1941,62,2,2,40 a 44,32 a 36,Secundaria/Polimodal Incompleta,2500 gramos y más,2
1942,6,1,2,Sin especificar,28 a 31,Sin especificar,2500 gramos y más,1
1943,46,1,1,35 a 39,28 a 31,Secundaria/Polimodal Incompleta,Menos de 2500 gramos,1
1944,34,1,2,40 a 44,37 a 41,Hasta Primaria/C.EGB Completa,Menos de 2500 gramos,3
1945,54,1,2,25 a 29,37 a 41,Sin especificar,Menos de 2500 gramos,4
1946,38,1,1,35 a 39,32 a 36,Hasta Primaria/C.EGB Completa,Menos de 2500 gramos,3
1947,14,2,1,20 a 24,37 a 41,Secundaria/Polimodal Incompleta,Menos de 2500 gramos,2
1948,99,1,9,25 a 29,32 a 36,Secundaria/Polimodal Incompleta,Menos de 2500 gramos,1
1949,22,1,2,35 a 39,37 a 41,Hasta Primaria/C.EGB Completa,2500 gramos y más,243
1950,70,1,1,35 a 39,Menos de 22,Secundario/Polimodal Completa y más,Menos de 2500 gramos,1
1951,54,2,1,20 a 24,32 a 36,Secundario/Polimodal Completa y más,Menos de 2500 gramos,1
1952,22,1,2,15 a 19,37 a 41,Secundario/Polimodal Completa y más,2500 gramos y más,186
1953,14,1,2,20 a 24,Sin especificar,Hasta Primaria/C.EGB Completa,2500 gramos y más,1
1954,10,1,2,De 45 y más,37 a 41,Secundario/Polimodal Completa y más,2500 gramos y más,3
1955,90,2,2,30 a 34,42 y más,Secundario/Polimodal Completa y más,2500 gramos y más,2
1956,86,1,2,20 a 24,32 a 36,Secundaria/Polimodal Incompleta,2500 gramos y más,12
1957,90,1,1,40 a 44,28 a 31,Secundario/Polimodal Completa y más,2500 gramos y más,1
1958,54,1,1,15 a 19,37 a 41,Secundaria/Polimodal Incompleta,Menos de 2500 gramos,19
1959,90,1,2,35 a 39,37 a 41,Secundaria/Polimodal Incompleta,2500 gramos y más,108
1960,6,2,2,15 a 19,37 a 41,Hasta Primaria/C.EGB Completa,2500 gramos y más,1
1961,54,1,2,20 a 24,37 a 41,Sin especificar,Menos de 2500 gramos,3
1962,30,1,2,Menor de 15,37 a 41,Hasta Primaria/C.EGB Completa,2500 gramos y más,7
1963,46,1,1,30 a 34,37 a 41,Hasta Primaria/C.EGB Completa,2500 gramos y más,62
1964,6,1,2,15 a 19,32 a 36,Secundaria/Polimodal Incompleta,Menos de 2500 gramos,158
1965,86,1,2,20 a 24,42 y más,Secundaria/Polimodal Incompleta,2500 gramos y más,1
1966,58,1,2,40 a 44,37 a 41,Secundaria/Polimodal Incompleta,2500 gramos y más,16
1967,94,1,1,20 a 24,37 a 41,Hasta Primaria/C.EGB Completa,2500 gramos y más,10
1968,74,1,2,35 a 39,32 a 36,Secundaria/Polimodal Incompleta,2500 gramos y más,1
1969,90,2,1,20 a 24,37 a 41,Hasta Primaria/C.EGB Completa,2500 gramos y más,1
1970,26,1,1,25 a 29,37 a 41,Secundario/Polimodal Completa y más,Menos de 2500 gramos,8
1971,70,1,2,25 a 29,28 a 31,Hasta Primaria/C.EGB Completa,Menos de 2500 gramos,1
1972,6,1,1,Sin especificar,32 a 36,Sin especificar,2500 gramos y más,5
1973,70,1,2,15 a 19,32 a 36,Hasta Primaria/C.EGB Completa,2500 gramos y más,1
1974,6,2,1,30 a 34,37 a 41,Hasta Primaria/C.EGB Completa,2500 gramos y más,5
1975,6,2,1,25 a 29,37 a 41,Secundaria/Polimodal Incompleta,Sin especificar,1
1976,14,1,1,35 a 39,24 a 27,Secundaria/Polimodal Incompleta,Menos de 2500 gramos,1
1977,38,1,1,35 a 39,42 y más,Secundaria/Polimodal Incompleta,2500 gramos y más,2
1978,22,2,1,25 a 29,37 a 41,Secundario/Polimodal Completa y más,Menos de 2500 gramos,4
1979,10,2,2,30 a 34,24 a 27,Hasta Primaria/C.EGB Completa,Menos de 2500 gramos,1
1980,99,1,2,25 a 29,37 a 41,Secundaria/Polimodal Incompleta,2500 gramos y más,1
1981,22,1,1,40 a 44,37 a 41,Secundaria/Polimodal Incompleta,2500 gramos y más,25
1982,38,1,2,20 a 24,37 a 41,Secundario/Polimodal Completa y más,Menos de 2500 gramos,19
1983,6,1,1,40 a 44,32 a 36,Secundario/Polimodal Completa y más,2500 gramos y más,117
1984,78,1,1,15 a 19,37 a 41,Secundaria/Polimodal Incompleta,Menos de 2500 gramos,2
1985,78,1,1,20 a 24,32 a 36,Secundario/Polimodal Completa y más,Menos de 2500 gramos,8
1986,50,1,2,15 a 19,37 a 41,Hasta Primaria/C.EGB Completa,2500 gramos y más,54
1987,66,1,1,20 a 24,37 a 41,Sin especificar,2500 gramos y más,19
1988,22,1,9,25 a 29,37 a 41,Sin especificar,Sin especificar,1
1989,58,1,2,20 a 24,37 a 41,Secundario/Polimodal Completa y más,2500 gramos y más,336
1990,18,1,1,20 a 24,32 a 36,Secundario/Polimodal Completa y más,Menos de 2500 gramos,16
1991,6,1,2,Sin especificar,37 a 41,Secundaria/Polimodal Incompleta,Menos de 2500 gramos,6
1992,58,1,1,25 a 29,37 a 41,Secundaria/Polimodal Incompleta,2500 gramos y más,243
1993,2,2,2,25 a 29,32 a 36,Secundario/Polimodal Completa y más,2500 gramos y más,3
1994,34,2,1,25 a 29,28 a 31,Secundaria/Polimodal Incompleta,Menos de 2500 gramos,2
1995,30,1,2,40 a 44,37 a 41,Hasta Primaria/C.EGB Completa,2500 gramos y más,46
1996,34,1,1,30 a 34,37 a 41,Secundaria/Polimodal Incompleta,Menos de 2500 gramos,2
1997,14,1,2,15 a 19,37 a 41,Hasta Primaria/C.EGB Completa,Menos de 2500 gramos,11
1998,66,1,2,15 a 19,32 a 36,Secundario/Polimodal Completa y más,Menos de 2500 gramos,9
1999,78,1,1,35 a 39,37 a 41,Sin especificar,2500 gramos y más,1
2000,2,2,1,30 a 34,37 a 41,Secundaria/Polimodal Incompleta,2500 gramos y más,1
2001,86,1,1,30 a 34,37 a 41,Hasta Primaria/C.EGB Completa,Menos de 2500 gramos,18
2002,82,1,1,15 a 19,37 a 41,Hasta Primaria/C.EGB Completa,2500 gramos y más,458
2003,62,1,1,25 a 29,28 a 31,Secundaria/Polimodal Incompleta,Menos de 2500 gramos,1
2004,30,2,2,30 a 34,37 a 41,Secundaria/Polimodal Incompleta,2500 gramos y más,3
2005,10,1,1,20 a 24,37 a 41,Hasta Primaria/C.EGB Completa,2500 gramos y más,55
2006,18,2,1,35 a 39,37 a 41,Hasta Primaria/C.EGB Completa,Menos de 2500 gramos,1
2007,26,1,2,30 a 34,24 a 27,Secundaria/Polimodal Incompleta,Menos de 2500 gramos,1
2008,2,2,2,35 a 39,28 a 31,Secundario/Polimodal Completa y más,Menos de 2500 gramos,12
2009,94,2,1,30 a 34,37 a 41,Secundario/Polimodal Completa y más,Menos de 2500 gramos,1
2010,66,1,1,40 a 44,24 a 27,Secundaria/Polimodal Incompleta,Menos de 2500 gramos,1
2011,90,1,1,30 a 34,37 a 41,Secundaria/Polimodal Incompleta,Menos de 2500 gramos,6
2012,18,1,1,35 a 39,42 y más,Secundario/Polimodal Completa y más,2500 gramos y más,1
2013,90,1,2,40 a 44,24 a 27,Hasta Primaria/C.EGB Completa,Menos de 2500 gramos,1
2014,46,1,1,20 a 24,37 a 41,Hasta Primaria/C.EGB Completa,2500 gramos y más,58
2015,62,1,1,25 a 29,37 a 41,Secundario/Polimodal Completa y más,2500 gramos y más,589
2016,18,1,2,40 a 44,28 a 31,Secundario/Polimodal Completa y más,Menos de 2500 gramos,3
2017,70,1,1,15 a 19,37 a 41,Secundario/Polimodal Completa y más,2500 gramos y más,84
2018,66,2,1,20 a 24,32 a 36,Secundario/Polimodal Completa y más,Menos de 2500 gramos,11
2019,54,1,1,Menor de 15,42 y más,Sin especificar,2500 gramos y más,1
2020,14,1,1,20 a 24,32 a 36,Hasta Primaria/C.EGB Completa,2500 gramos y más,15
2021,22,1,1,Menor de 15,37 a 41,Secundaria/Polimodal Incompleta,2500 gramos y más,9
2022,26,1,2,15 a 19,32 a 36,Sin especificar,Menos de 2500 gramos,1
2023,99,1,1,40 a 44,37 a 41,Sin especificar,2500 gramos y más,2
2024,18,1,2,30 a 34,37 a 41,Hasta Primaria/C.EGB Completa,Menos de 2500 gramos,2
2025,22,1,2,20 a 24,32 a 36,Secundaria/Polimodal Incompleta,2500 gramos y más,11
2026,10,1,2,20 a 24,28 a 31,Secundaria/Polimodal Incompleta,Menos de 2500 gramos,1
2027,82,2,2,40 a 44,32 a 36,Secundaria/Polimodal Incompleta,Menos de 2500 gramos,1
2028,50,1,1,40 a 44,28 a 31,Secundario/Polimodal Completa y más,Menos de 2500 gramos,1
2029,54,1,1,15 a 19,24 a 27,Secundario/Polimodal Completa y más,Menos de 2500 gramos,1
2030,34,2,1,30 a 34,37 a 41,Secundaria/Polimodal Incompleta,Menos de 2500 gramos,1
2031,54,1,2,15 a 19,28 a 31,Sin especificar,Menos de 2500 gramos,2
2032,58,1,2,20 a 24,37 a 41,Secundario/Polimodal Completa y más,Menos de 2500 gramos,7
2033,78,1,2,25 a 29,37 a 41,Hasta Primaria/C.EGB Completa,Menos de 2500 gramos,2
2034,54,1,1,30 a 34,37 a 41,Secundaria/Polimodal Incompleta,2500 gramos y más,287
2035,70,1,1,15 a 19,32 a 36,Secundaria/Polimodal Incompleta,2500 gramos y más,20
2036,98,1,1,40 a 44,37 a 41,Sin especificar,2500 gramos y más,1
2037,54,1,2,40 a 44,32 a 36,Secundario/Polimodal Completa y más,2500 gramos y más,11
2038,90,1,2,20 a 24,32 a 36,Secundario/Polimodal Completa y más,Menos de 2500 gramos,43
2039,50,2,2,30 a 34,32 a 36,Secundaria/Polimodal Incompleta,Menos de 2500 gramos,10
2040,70,1,2,35 a 39,37 a 41,Secundaria/Polimodal Incompleta,Menos de 2500 gramos,1
2041,62,1,2,35 a 39,32 a 36,Secundario/Polimodal Completa y más,2500 gramos y más,20
2042,6,1,2,30 a 34,24 a 27,Hasta Primaria/C.EGB Completa,Sin especificar,1
2043,34,1,1,15 a 19,37 a 41,Sin especificar,2500 gramos y más,87
2044,18,1,2,20 a 24,32 a 36,Secundario/Polimodal Completa y más,2500 gramos y más,15
2045,98,1,2,25 a 29,37 a 41,Secundario/Polimodal Completa y más,2500 gramos y más,2
2046,6,1,2,15 a 19,Sin especificar,Secundario/Polimodal Completa y más,2500 gramos y más,1
2047,86,1,2,25 a 29,42 y más,Secundaria/Polimodal Incompleta,2500 gramos y más,5
2048,2,1,1,25 a 29,32 a 36,Hasta Primaria/C.EGB Completa,2500 gramos y más,7
2049,10,2,1,30 a 34,32 a 36,Secundario/Polimodal Completa y más,Menos de 2500 gramos,7
2050,30,1,1,Menor de 15,37 a 41,Secundaria/Polimodal Incompleta,2500 gramos y más,10
2051,18,1,1,30 a 34,37 a 41,Secundaria/Polimodal Incompleta,2500 gramos y más,183
2052,50,2,2,35 a 39,32 a 36,Secundario/Polimodal Completa y más,2500 gramos y más,1
2053,54,1,2,40 a 44,42 y más,Secundaria/Polimodal Incompleta,2500 gramos y más,1
2054,18,2,1,25 a 29,32 a 36,Secundario/Polimodal Completa y más,Menos de 2500 gramos,2
2055,26,2,2,25 a 29,32 a 36,Secundario/Polimodal Completa y más,2500 gramos y más,1
2056,18,1,1,30 a 34,24 a 27,Hasta Primaria/C.EGB Completa,Menos de 2500 gramos,1
2057,14,1,1,30 a 34,24 a 27,Hasta Primaria/C.EGB Completa,Menos de 2500 gramos,5
2058,14,1,1,15 a 19,37 a 41,Secundaria/Polimodal Incompleta,Menos de 2500 gramos,27
2059,10,1,1,40 a 44,32 a 36,Sin especificar,2500 gramos y más,1
2060,14,1,2,35 a 39,37 a 41,Sin especificar,2500 gramos y más,6
2061,94,1,2,30 a 34,42 y más,Secundario/Polimodal Completa y más,2500 gramos y más,1
2062,14,2,2,20 a 24,32 a 36,Hasta Primaria/C.EGB Completa,Menos de 2500 gramos,1
2063,10,1,2,25 a 29,37 a 41,Secundaria/Polimodal Incompleta,Menos de 2500 gramos,2
2064,26,1,2,35 a 39,37 a 41,Secundario/Polimodal Completa y más,Menos de 2500 gramos,5
2065,10,1,1,40 a 44,32 a 36,Hasta Primaria/C.EGB Completa,Menos de 2500 gramos,1
2066,10,1,2,20 a 24,37 a 41,Secundario/Polimodal Completa y más,Menos de 2500 gramos,10
2067,2,2,1,30 a 34,32 a 36,Secundario/Polimodal Completa y más,2500 gramos y más,9
2068,90,2,2,20 a 24,42 y más,Secundaria/Polimodal Incompleta,Menos de 2500 gramos,2
2069,2,1,2,Sin especificar,37 a 41,Sin especificar,2500 gramos y más,1
2070,2,1,2,15 a 19,32 a 36,Secundaria/Polimodal Incompleta,2500 gramos y más,4
2071,82,2,2,25 a 29,32 a 36,Hasta Primaria/C.EGB Completa,2500 gramos y más,1
2072,2,1,2,20 a 24,32 a 36,Secundaria/Polimodal Incompleta,2500 gramos y más,9
2073,62,1,1,30 a 34,37 a 41,Hasta Primaria/C.EGB Completa,Menos de 2500 gramos,2
2074,6,2,1,30 a 34,32 a 36,Secundario/Polimodal Completa y más,2500 gramos y más,36
2075,86,1,2,25 a 29,Sin especificar,Secundaria/Polimodal Incompleta,2500 gramos y más,1
2076,14,2,2,35 a 39,28 a 31,Secundario/Polimodal Completa y más,Menos de 2500 gramos,3
2077,94,2,2,30 a 34,37 a 41,Secundario/Polimodal Completa y más,2500 gramos y más,1
2078,90,1,2,15 a 19,Sin especificar,Secundaria/Polimodal Incompleta,2500 gramos y más,3
2079,62,1,2,20 a 24,37 a 41,Sin especificar,2500 gramos y más,83
2080,82,1,1,20 a 24,28 a 31,Secundaria/Polimodal Incompleta,Menos de 2500 gramos,18
2081,22,1,1,30 a 34,Sin especificar,Hasta Primaria/C.EGB Completa,Sin especificar,1
2082,34,1,1,15 a 19,28 a 31,Sin especificar,Menos de 2500 gramos,2
2083,70,1,2,25 a 29,32 a 36,Hasta Primaria/C.EGB Completa,Menos de 2500 gramos,1
2084,82,2,2,35 a 39,28 a 31,Hasta Primaria/C.EGB Completa,Menos de 2500 gramos,2
2085,50,1,2,25 a 29,28 a 31,Secundario/Polimodal Completa y más,Menos de 2500 gramos,8
2086,54,1,1,20 a 24,42 y más,Secundaria/Polimodal Incompleta,Menos de 2500 gramos,1
2087,34,1,2,30 a 34,37 a 41,Secundario/Polimodal Completa y más,Menos de 2500 gramos,9
2088,2,2,2,25 a 29,32 a 36,Sin especificar,Menos de 2500 gramos,1
2089,94,1,1,25 a 29,32 a 36,Hasta Primaria/C.EGB Completa,Menos de 2500 gramos,1
2090,99,9,2,40 a 44,37 a 41,Sin especificar,Menos de 2500 gramos,2
2091,54,1,1,35 a 39,37 a 41,Hasta Primaria/C.EGB Completa,Menos de 2500 gramos,7
2092,82,2,2,25 a 29,37 a 41,Secundario/Polimodal Completa y más,Menos de 2500 gramos,4
2093,90,1,1,40 a 44,24 a 27,Hasta Primaria/C.EGB Completa,Menos de 2500 gramos,1
2094,50,1,2,15 a 19,37 a 41,Hasta Primaria/C.EGB Completa,Menos de 2500 gramos,3
2095,10,1,2,30 a 34,37 a 41,Secundario/Polimodal Completa y más,2500 gramos y más,360
2096,90,1,1,15 a 19,37 a 41,Sin especificar,2500 gramos y más,2
2097,38,1,2,30 a 34,32 a 36,Hasta Primaria/C.EGB Completa,Menos de 2500 gramos,1
2098,34,1,1,Menor de 15,37 a 41,Secundaria/Polimodal Incompleta,2500 gramos y más,8
2099,54,1,1,15 a 19,42 y más,Secundaria/Polimodal Incompleta,Menos de 2500 gramos,1
2100,34,1,1,20 a 24,37 a 41,Secundario/Polimodal Completa y más,2500 gramos y más,315
2101,58,1,1,35 a 39,32 a 36,Secundaria/Polimodal Incompleta,Menos de 2500 gramos,2
2102,22,2,1,20 a 24,28 a 31,Secundaria/Polimodal Incompleta,Menos de 2500 gramos,2
2103,14,2,2,15 a 19,37 a 41,Secundaria/Polimodal Incompleta,2500 gramos y más,4
2104,46,1,1,40 a 44,37 a 41,Secundaria/Polimodal Incompleta,2500 gramos y más,7
2105,6,1,2,40 a 44,24 a 27,Secundario/Polimodal Completa y más,Menos de 2500 gramos,5
2106,90,1,1,15 a 19,32 a 36,Secundario/Polimodal Completa y más,2500 gramos y más,18
2107,54,1,2,25 a 29,37 a 41,Secundario/Polimodal Completa y más,Menos de 2500 gramos,40
2108,46,2,1,25 a 29,28 a 31,Secundario/Polimodal Completa y más,Menos de 2500 gramos,1
2109,70,1,1,40 a 44,37 a 41,Hasta Primaria/C.EGB Completa,Menos de 2500 gramos,2
2110,58,2,1,35 a 39,37 a 41,Secundario/Polimodal Completa y más,2500 gramos y más,4
2111,6,2,2,De 45 y más,24 a 27,Secundario/Polimodal Completa y más,Menos de 2500 gramos,2
2112,62,1,1,25 a 29,42 y más,Secundaria/Polimodal Incompleta,2500 gramos y más,1
2113,66,1,1,20 a 24,28 a 31,Secundario/Polimodal Completa y más,2500 gramos y más,1
2114,46,1,2,40 a 44,37 a 41,Hasta Primaria/C.EGB Completa,2500 gramos y más,11
2115,2,1,2,15 a 19,37 a 41,Hasta Primaria/C.EGB Completa,2500 gramos y más,53
2116,82,2,1,35 a 39,Sin especificar,Secundaria/Polimodal Incompleta,2500 gramos y más,1
2117,38,1,1,25 a 29,42 y más,Secundaria/Polimodal Incompleta,2500 gramos y más,1
2118,6,2,1,20 a 24,32 a 36,Sin especificar,2500 gramos y más,3
2119,58,1,1,De 45 y más,37 a 41,Secundario/Polimodal Completa y más,2500 gramos y más,7
2120,86,1,1,40 a 44,37 a 41,Hasta Primaria/C.EGB Completa,2500 gramos y más,71
2121,82,2,1,30 a 34,28 a 31,Secundaria/Polimodal Incompleta,Menos de 2500 gramos,2
2122,74,2,1,35 a 39,32 a 36,Secundario/Polimodal Completa y más,Menos de 2500 gramos,4
2123,42,1,1,35 a 39,37 a 41,Secundario/Polimodal Completa y más,Menos de 2500 gramos,4
2124,22,1,2,40 a 44,37 a 41,Hasta Primaria/C.EGB Completa,2500 gramos y más,78
2125,62,1,1,40 a 44,37 a 41,Hasta Primaria/C.EGB Completa,2500 gramos y más,18
2126,82,2,2,35 a 39,32 a 36,Hasta Primaria/C.EGB Completa,2500 gramos y más,2
2127,90,2,1,25 a 29,37 a 41,Secundario/Polimodal Completa y más,2500 gramos y más,12
2128,50,1,2,25 a 29,32 a 36,Secundaria/Polimodal Incompleta,2500 gramos y más,23
2129,14,1,2,15 a 19,28 a 31,Secundaria/Polimodal Incompleta,Menos de 2500 gramos,4
2130,90,1,1,De 45 y más,37 a 41,Secundario/Polimodal Completa y más,Menos de 2500 gramos,1
2131,86,2,1,35 a 39,32 a 36,Hasta Primaria/C.EGB Completa,2500 gramos y más,1
2132,22,1,2,15 a 19,42 y más,Secundario/Polimodal Completa y más,2500 gramos y más,1
2133,86,1,1,15 a 19,37 a 41,Hasta Primaria/C.EGB Completa,2500 gramos y más,291
2134,66,2,2,15 a 19,32 a 36,Secundario/Polimodal Completa y más,Menos de 2500 gramos,4
2135,62,2,1,30 a 34,32 a 36,Sin especificar,Menos de 2500 gramos,1
2136,74,1,1,20 a 24,24 a 27,Hasta Primaria/C.EGB Completa,Menos de 2500 gramos,1
2137,18,1,1,15 a 19,Sin especificar,Secundaria/Polimodal Incompleta,Menos de 2500 gramos,1
2138,62,2,1,30 a 34,24 a 27,Secundario/Polimodal Completa y más,Menos de 2500 gramos,1
2139,14,1,2,35 a 39,37 a 41,Secundaria/Polimodal Incompleta,2500 gramos y más,376
2140,30,2,2,40 a 44,37 a 41,Secundario/Polimodal Completa y más,Menos de 2500 gramos,1
2141,42,1,2,15 a 19,32 a 36,Secundario/Polimodal Completa y más,Menos de 2500 gramos,5
2142,86,1,2,40 a 44,32 a 36,Secundario/Polimodal Completa y más,Menos de 2500 gramos,2
2143,90,1,1,35 a 39,32 a 36,Secundario/Polimodal Completa y más,2500 gramos y más,80
2144,94,1,1,40 a 44,37 a 41,Secundario/Polimodal Completa y más,2500 gramos y más,24
2145,18,1,1,40 a 44,37 a 41,Hasta Primaria/C.EGB Completa,Menos de 2500 gramos,1
2146,6,1,2,20 a 24,37 a 41,Sin especificar,Menos de 2500 gramos,40
2147,6,9,2,35 a 39,37 a 41,Secundario/Polimodal Completa y más,2500 gramos y más,1
2148,18,2,2,25 a 29,37 a 41,Hasta Primaria/C.EGB Completa,Menos de 2500 gramos,1
2149,66,1,2,25 a 29,Sin especificar,Secundario/Polimodal Completa y más,Menos de 2500 gramos,1
2150,6,1,2,De 45 y más,37 a 41,Secundaria/Polimodal Incompleta,Menos de 2500 gramos,2
2151,66,1,2,30 a 34,32 a 36,Secundaria/Polimodal Incompleta,2500 gramos y más,8
2152,90,2,1,30 a 34,32 a 36,Secundario/Polimodal Completa y más,Menos de 2500 gramos,8
2153,66,2,1,25 a 29,37 a 41,Secundario/Polimodal Completa y más,Menos de 2500 gramos,5
2154,26,1,1,35 a 39,24 a 27,Hasta Primaria/C.EGB Completa,Menos de 2500 gramos,1
2155,94,2,2,30 a 34,32 a 36,Secundario/Polimodal Completa y más,Menos de 2500 gramos,1
2156,38,1,2,De 45 y más,37 a 41,Secundaria/Polimodal Incompleta,2500 gramos y más,1
2157,34,1,2,35 a 39,32 a 36,Hasta Primaria/C.EGB Completa,2500 gramos y más,4
2158,66,1,2,35 a 39,Menos de 22,Secundario/Polimodal Completa y más,Menos de 2500 gramos,1
2159,6,2,2,20 a 24,37 a 41,Hasta Primaria/C.EGB Completa,Menos de 2500 gramos,2
2160,62,1,2,25 a 29,37 a 41,Secundaria/Polimodal Incompleta,Menos de 2500 gramos,5
2161,66,1,1,15 a 19,22 a 23,Hasta Primaria/C.EGB Completa,Menos de 2500 gramos,1
2162,6,1,9,35 a 39,37 a 41,Secundaria/Polimodal Incompleta,2500 gramos y más,7
2163,82,1,1,De 45 y más,37 a 41,Hasta Primaria/C.EGB Completa,Menos de 2500 gramos,1
2164,90,1,2,35 a 39,37 a 41,Sin especificar,2500 gramos y más,3
2165,18,2,1,25 a 29,32 a 36,Secundario/Polimodal Completa y más,2500 gramos y más,2
2166,2,1,2,De 45 y más,32 a 36,Sin especificar,2500 gramos y más,1
2167,30,1,1,30 a 34,24 a 27,Secundario/Polimodal Completa y más,Menos de 2500 gramos,3
2168,82,1,1,40 a 44,28 a 31,Secundario/Polimodal Completa y más,Menos de 2500 gramos,7
2169,6,2,1,20 a 24,37 a 41,Hasta Primaria/C.EGB Completa,2500 gramos y más,12
2170,54,1,2,15 a 19,32 a 36,Sin especificar,Menos de 2500 gramos,3
2171,30,2,2,35 a 39,37 a 41,Secundario/Polimodal Completa y más,Menos de 2500 gramos,5
2172,6,1,2,25 a 29,Sin especificar,Secundaria/Polimodal Incompleta,Menos de 2500 gramos,3
2173,6,1,9,15 a 19,37 a 41,Hasta Primaria/C.EGB Completa,Menos de 2500 gramos,1
2174,30,1,2,35 a 39,37 a 41,Sin especificar,Menos de 2500 gramos,1
2175,6,2,1,35 a 39,37 a 41,Secundaria/Polimodal Incompleta,2500 gramos y más,18
2176,42,1,2,20 a 24,32 a 36,Secundaria/Polimodal Incompleta,2500 gramos y más,2
2177,90,1,2,35 a 39,42 y más,Secundaria/Polimodal Incompleta,2500 gramos y más,3
2178,14,1,1,30 a 34,24 a 27,Secundaria/Polimodal Incompleta,Menos de 2500 gramos,5
2179,82,1,1,35 a 39,24 a 27,Hasta Primaria/C.EGB Completa,Menos de 2500 gramos,3
2180,82,1,1,15 a 19,32 a 36,Secundario/Polimodal Completa y más,Menos de 2500 gramos,14
2181,22,1,9,30 a 34,32 a 36,Secundario/Polimodal Completa y más,Sin especificar,1
2182,6,2,1,30 a 34,28 a 31,Secundaria/Polimodal Incompleta,Menos de 2500 gramos,4
2183,58,1,1,35 a 39,37 a 41,Secundaria/Polimodal Incompleta,Menos de 2500 gramos,1
2184,66,2,1,30 a 34,32 a 36,Hasta Primaria/C.EGB Completa,Menos de 2500 gramos,4
2185,46,1,1,35 a 39,32 a 36,Hasta Primaria/C.EGB Completa,Menos de 2500 gramos,1
2186,22,1,2,20 a 24,37 a 41,Secundario/Polimodal Completa y más,Menos de 2500 gramos,28
2187,30,1,1,40 a 44,37 a 41,Sin especificar,2500 gramos y más,4
2188,6,2,1,20 a 24,Sin especificar,Hasta Primaria/C.EGB Completa,2500 gramos y más,1
2189,18,1,2,20 a 24,37 a 41,Sin especificar,Menos de 2500 gramos,18
2190,30,1,1,15 a 19,37 a 41,Secundario/Polimodal Completa y más,Menos de 2500 gramos,2
2191,30,1,1,35 a 39,Sin especificar,Sin especificar,2500 gramos y más,1
2192,46,1,1,35 a 39,24 a 27,Secundario/Polimodal Completa y más,Menos de 2500 gramos,1
2193,6,2,2,15 a 19,24 a 27,Hasta Primaria/C.EGB Completa,Menos de 2500 gramos,1
2194,22,1,1,15 a 19,37 a 41,Secundaria/Polimodal Incompleta,Sin especificar,1
2195,74,1,2,30 a 34,37 a 41,Hasta Primaria/C.EGB Completa,2500 gramos y más,30
2196,26,1,1,30 a 34,28 a 31,Secundario/Polimodal Completa y más,Menos de 2500 gramos,4
2197,82,2,1,40 a 44,32 a 36,Secundaria/Polimodal Incompleta,Menos de 2500 gramos,1
2198,18,2,1,30 a 34,32 a 36,Secundario/Polimodal Completa y más,Menos de 2500 gramos,8
2199,2,2,1,40 a 44,32 a 36,Hasta Primaria/C.EGB Completa,2500 gramos y más,2
2200,99,2,1,30 a 34,32 a 36,Sin especificar,Menos de 2500 gramos,1
2201,14,1,2,35 a 39,28 a 31,Secundaria/Polimodal Incompleta,Menos de 2500 gramos,1
2202,34,2,2,30 a 34,37 a 41,Secundario/Polimodal Completa y más,2500 gramos y más,5
2203,90,2,1,35 a 39,32 a 36,Secundario/Polimodal Completa y más,Menos de 2500 gramos,14
2204,26,1,1,25 a 29,37 a 41,Secundario/Polimodal Completa y más,2500 gramos y más,492
2205,14,2,2,25 a 29,37 a 41,Secundario/Polimodal Completa y más,Menos de 2500 gramos,7
2206,18,2,2,30 a 34,37 a 41,Secundaria/Polimodal Incompleta,Menos de 2500 gramos,1
2207,74,2,2,35 a 39,37 a 41,Secundario/Polimodal Completa y más,2500 gramos y más,3
2208,78,1,2,20 a 24,37 a 41,Hasta Primaria/C.EGB Completa,2500 gramos y más,49
2209,6,1,2,20 a 24,Sin especificar,Secundario/Polimodal Completa y más,2500 gramos y más,20
2210,2,2,1,35 a 39,37 a 41,Secundaria/Polimodal Incompleta,2500 gramos y más,5
2211,2,9,1,De 45 y más,37 a 41,Sin especificar,2500 gramos y más,11
2212,62,1,1,30 a 34,32 a 36,Hasta Primaria/C.EGB Completa,Menos de 2500 gramos,4
2213,38,1,1,15 a 19,42 y más,Hasta Primaria/C.EGB Completa,2500 gramos y más,1
2214,78,1,2,25 a 29,32 a 36,Secundaria/Polimodal Incompleta,2500 gramos y más,4
2215,54,1,2,35 a 39,42 y más,Secundaria/Polimodal Incompleta,2500 gramos y más,2
2216,78,1,1,15 a 19,37 a 41,Secundaria/Polimodal Incompleta,2500 gramos y más,79
2217,30,1,1,20 a 24,24 a 27,Secundaria/Polimodal Incompleta,Menos de 2500 gramos,2
2218,74,2,2,35 a 39,37 a 41,Secundario/Polimodal Completa y más,Menos de 2500 gramos,1
2219,54,1,1,Sin especificar,37 a 41,Hasta Primaria/C.EGB Completa,2500 gramos y más,7
2220,14,1,1,25 a 29,42 y más,Secundario/Polimodal Completa y más,2500 gramos y más,4
2221,34,2,2,20 a 24,37 a 41,Secundaria/Polimodal Incompleta,2500 gramos y más,1
2222,90,1,2,20 a 24,37 a 41,Secundaria/Polimodal Incompleta,Menos de 2500 gramos,19
2223,6,1,1,Sin especificar,32 a 36,Secundaria/Polimodal Incompleta,2500 gramos y más,6
2224,54,2,1,40 a 44,28 a 31,Secundario/Polimodal Completa y más,Menos de 2500 gramos,1
2225,6,1,1,15 a 19,37 a 41,Secundaria/Polimodal Incompleta,Menos de 2500 gramos,124
2226,14,2,2,15 a 19,28 a 31,Secundaria/Polimodal Incompleta,Menos de 2500 gramos,3
2227,50,2,2,30 a 34,32 a 36,Secundaria/Polimodal Incompleta,2500 gramos y más,1
2228,30,1,1,30 a 34,32 a 36,Secundaria/Polimodal Incompleta,2500 gramos y más,11
2229,94,1,1,25 a 29,32 a 36,Secundario/Polimodal Completa y más,2500 gramos y más,6
2230,82,1,2,15 a 19,Sin especificar,Hasta Primaria/C.EGB Completa,2500 gramos y más,1
2231,18,2,1,15 a 19,37 a 41,Hasta Primaria/C.EGB Completa,2500 gramos y más,2
2232,26,2,1,35 a 39,37 a 41,Secundario/Polimodal Completa y más,Menos de 2500 gramos,1
2233,70,1,1,30 a 34,42 y más,Secundario/Polimodal Completa y más,2500 gramos y más,1
2234,82,1,1,25 a 29,32 a 36,Hasta Primaria/C.EGB Completa,Menos de 2500 gramos,32
2235,74,1,2,20 a 24,32 a 36,Secundario/Polimodal Completa y más,Menos de 2500 gramos,11
2236,2,1,1,35 a 39,28 a 31,Secundaria/Polimodal Incompleta,Menos de 2500 gramos,3
2237,6,9,2,15 a 19,37 a 41,Sin especificar,2500 gramos y más,2
2238,6,1,2,40 a 44,Sin especificar,Secundario/Polimodal Completa y más,Sin especificar,2
2239,22,1,2,40 a 44,32 a 36,Hasta Primaria/C.EGB Completa,2500 gramos y más,2
2240,6,1,1,Menor de 15,32 a 36,Sin especificar,2500 gramos y más,1
2241,58,1,1,Menor de 15,32 a 36,Secundaria/Polimodal Incompleta,Menos de 2500 gramos,1
2242,90,2,2,20 a 24,37 a 41,Hasta Primaria/C.EGB Completa,2500 gramos y más,4
2243,66,1,1,30 a 34,32 a 36,Secundaria/Polimodal Incompleta,Menos de 2500 gramos,9
2244,22,1,2,25 a 29,42 y más,Hasta Primaria/C.EGB Completa,Menos de 2500 gramos,1
2245,14,1,1,20 a 24,22 a 23,Secundaria/Polimodal Incompleta,Menos de 2500 gramos,1
2246,6,1,2,35 a 39,37 a 41,Hasta Primaria/C.EGB Completa,Menos de 2500 gramos,39
2247,6,1,9,30 a 34,Sin especificar,Secundario/Polimodal Completa y más,2500 gramos y más,1
2248,18,2,2,25 a 29,37 a 41,Secundario/Polimodal Completa y más,2500 gramos y más,7
2249,74,1,1,35 a 39,37 a 41,Hasta Primaria/C.EGB Completa,2500 gramos y más,23
2250,38,1,2,20 a 24,37 a 41,Secundario/Polimodal Completa y más,2500 gramos y más,435
2251,62,2,2,30 a 34,32 a 36,Sin especificar,2500 gramos y más,2
2252,30,1,1,40 a 44,28 a 31,Secundario/Polimodal Completa y más,2500 gramos y más,2
2253,10,1,1,35 a 39,32 a 36,Hasta Primaria/C.EGB Completa,Menos de 2500 gramos,3
2254,50,1,2,20 a 24,32 a 36,Secundaria/Polimodal Incompleta,2500 gramos y más,25
2255,78,1,2,25 a 29,37 a 41,Hasta Primaria/C.EGB Completa,2500 gramos y más,62
2256,42,2,2,20 a 24,32 a 36,Secundaria/Polimodal Incompleta,Menos de 2500 gramos,1
2257,2,1,1,25 a 29,22 a 23,Secundario/Polimodal Completa y más,Menos de 2500 gramos,2
2258,82,1,2,30 a 34,32 a 36,Secundario/Polimodal Completa y más,Menos de 2500 gramos,93
2259,22,2,2,25 a 29,37 a 41,Secundaria/Polimodal Incompleta,Menos de 2500 gramos,1
2260,94,1,1,40 a 44,37 a 41,Hasta Primaria/C.EGB Completa,2500 gramos y más,2
2261,2,2,1,30 a 34,32 a 36,Secundario/Polimodal Completa y más,Menos de 2500 gramos,16
2262,6,1,2,25 a 29,22 a 23,Hasta Primaria/C.EGB Completa,Sin especificar,1
2263,6,2,1,25 a 29,32 a 36,Secundaria/Polimodal Incompleta,Menos de 2500 gramos,23
2264,2,1,1,40 a 44,32 a 36,Hasta Primaria/C.EGB Completa,2500 gramos y más,2
2265,14,2,2,25 a 29,37 a 41,Secundario/Polimodal Completa y más,2500 gramos y más,19
2266,22,1,2,20 a 24,37 a 41,Hasta Primaria/C.EGB Completa,Sin especificar,3
2267,30,2,2,15 a 19,24 a 27,Secundario/Polimodal Completa y más,Menos de 2500 gramos,2
2268,6,2,2,35 a 39,32 a 36,Sin especificar,2500 gramos y más,2
2269,86,1,1,20 a 24,Sin especificar,Secundario/Polimodal Completa y más,2500 gramos y más,1
2270,82,1,2,20 a 24,42 y más,Secundaria/Polimodal Incompleta,2500 gramos y más,1
2271,50,1,1,15 a 19,24 a 27,Secundario/Polimodal Completa y más,Menos de 2500 gramos,2
2272,6,9,1,35 a 39,32 a 36,Sin especificar,Menos de 2500 gramos,1
2273,62,1,2,20 a 24,28 a 31,Secundario/Polimodal Completa y más,Menos de 2500 gramos,7
2274,18,2,1,20 a 24,24 a 27,Secundario/Polimodal Completa y más,Menos de 2500 gramos,2
2275,66,1,1,30 a 34,32 a 36,Hasta Primaria/C.EGB Completa,2500 gramos y más,10
2276,22,1,2,20 a 24,Sin especificar,Hasta Primaria/C.EGB Completa,2500 gramos y más,4
2277,6,1,2,40 a 44,22 a 23,Secundaria/Polimodal Incompleta,Menos de 2500 gramos,1
2278,18,2,2,20 a 24,32 a 36,Secundario/Polimodal Completa y más,Menos de 2500 gramos,1
2279,50,1,1,De 45 y más,37 a 41,Hasta Primaria/C.EGB Completa,2500 gramos y más,2
2280,6,1,2,25 a 29,22 a 23,Secundaria/Polimodal Incompleta,Menos de 2500 gramos,2
2281,22,1,1,40 a 44,37 a 41,Secundaria/Polimodal Incompleta,Menos de 2500 gramos,2
2282,38,2,2,40 a 44,37 a 41,Secundaria/Polimodal Incompleta,2500 gramos y más,1
2283,22,1,1,25 a 29,32 a 36,Sin especificar,2500 gramos y más,1
2284,78,1,1,35 a 39,37 a 41,Secundario/Polimodal Completa y más,2500 gramos y más,179
2285,54,1,2,25 a 29,37 a 41,Secundario/Polimodal Completa y más,2500 gramos y más,935
2286,6,1,2,Sin especificar,37 a 41,Sin especificar,Sin especificar,9
2287,82,1,1,30 a 34,32 a 36,Secundario/Polimodal Completa y más,2500 gramos y más,140
2288,6,1,2,30 a 34,28 a 31,Sin especificar,Menos de 2500 gramos,13
2289,34,1,2,15 a 19,37 a 41,Hasta Primaria/C.EGB Completa,2500 gramos y más,120
2290,18,1,2,25 a 29,37 a 41,Secundario/Polimodal Completa y más,Menos de 2500 gramos,22
2291,22,1,2,20 a 24,28 a 31,Hasta Primaria/C.EGB Completa,Menos de 2500 gramos,4
2292,18,1,2,Menor de 15,37 a 41,Sin especificar,2500 gramos y más,4
2293,6,1,1,15 a 19,28 a 31,Secundario/Polimodal Completa y más,Menos de 2500 gramos,8
2294,90,1,2,40 a 44,32 a 36,Hasta Primaria/C.EGB Completa,2500 gramos y más,14
2295,34,1,1,15 a 19,32 a 36,Secundario/Polimodal Completa y más,2500 gramos y más,8
2296,34,1,2,15 a 19,37 a 41,Sin especificar,Menos de 2500 gramos,3
2297,58,1,2,35 a 39,28 a 31,Secundaria/Polimodal Incompleta,Menos de 2500 gramos,2
2298,86,1,9,20 a 24,32 a 36,Secundaria/Polimodal Incompleta,2500 gramos y más,1
2299,2,1,1,30 a 34,32 a 36,Secundario/Polimodal Completa y más,2500 gramos y más,93
2300,34,1,2,40 a 44,37 a 41,Hasta Primaria/C.EGB Completa,2500 gramos y más,36
2301,30,2,1,25 a 29,37 a 41,Secundaria/Polimodal Incompleta,Menos de 2500 gramos,4
2302,70,2,1,20 a 24,32 a 36,Secundaria/Polimodal Incompleta,Menos de 2500 gramos,2
2303,74,2,2,35 a 39,32 a 36,Secundaria/Polimodal Incompleta,Menos de 2500 gramos,1
2304,14,2,2,25 a 29,28 a 31,Secundario/Polimodal Completa y más,Menos de 2500 gramos,6
2305,62,2,1,20 a 24,37 a 41,Sin especificar,2500 gramos y más,1
2306,18,1,1,De 45 y más,37 a 41,Secundaria/Polimodal Incompleta,2500 gramos y más,1
2307,18,1,2,35 a 39,37 a 41,Secundario/Polimodal Completa y más,Menos de 2500 gramos,14
2308,54,2,1,20 a 24,37 a 41,Sin especificar,2500 gramos y más,3
2309,18,1,1,30 a 34,32 a 36,Hasta Primaria/C.EGB Completa,Menos de 2500 gramos,10
2310,10,1,1,40 a 44,32 a 36,Secundario/Polimodal Completa y más,2500 gramos y más,6
2311,26,1,2,35 a 39,37 a 41,Hasta Primaria/C.EGB Completa,2500 gramos y más,25
2312,54,1,1,15 a 19,37 a 41,Sin especificar,Menos de 2500 gramos,1
2313,2,2,2,25 a 29,37 a 41,Secundario/Polimodal Completa y más,2500 gramos y más,5
2314,70,1,2,15 a 19,37 a 41,Hasta Primaria/C.EGB Completa,2500 gramos y más,69
2315,90,2,2,35 a 39,37 a 41,Secundaria/Polimodal Incompleta,2500 gramos y más,1
2316,86,1,2,15 a 19,32 a 36,Hasta Primaria/C.EGB Completa,Menos de 2500 gramos,11
2317,46,2,2,35 a 39,37 a 41,Secundario/Polimodal Completa y más,Menos de 2500 gramos,2
2318,66,2,1,20 a 24,37 a 41,Secundario/Polimodal Completa y más,2500 gramos y más,3
2319,46,2,2,25 a 29,37 a 41,Secundario/Polimodal Completa y más,Menos de 2500 gramos,3
2320,14,1,1,Menor de 15,32 a 36,Secundaria/Polimodal Incompleta,Menos de 2500 gramos,1
2321,2,1,1,25 a 29,42 y más,Secundaria/Polimodal Incompleta,2500 gramos y más,1
2322,6,1,1,20 a 24,Sin especificar,Secundario/Polimodal Completa y más,2500 gramos y más,13
2323,34,1,1,15 a 19,28 a 31,Sin especificar,2500 gramos y más,1
2324,54,2,2,25 a 29,32 a 36,Secundario/Polimodal Completa y más,Menos de 2500 gramos,5
2325,78,2,2,30 a 34,37 a 41,Hasta Primaria/C.EGB Completa,Menos de 2500 gramos,1
2326,90,1,2,35 a 39,24 a 27,Secundario/Polimodal Completa y más,Menos de 2500 gramos,1
2327,6,2,2,Sin especificar,Sin especificar,Secundaria/Polimodal Incompleta,Sin especificar,1
2328,26,1,2,20 a 24,37 a 41,Sin especificar,Menos de 2500 gramos,1
2329,58,1,2,30 a 34,28 a 31,Hasta Primaria/C.EGB Completa,Menos de 2500 gramos,1
2330,86,2,1,40 a 44,32 a 36,Hasta Primaria/C.EGB Completa,Menos de 2500 gramos,4
2331,6,1,1,20 a 24,37 a 41,Hasta Primaria/C.EGB Completa,Sin especificar,5
2332,90,1,2,15 a 19,32 a 36,Hasta Primaria/C.EGB Completa,Menos de 2500 gramos,5
2333,6,1,2,30 a 34,28 a 31,Hasta Primaria/C.EGB Completa,Menos de 2500 gramos,14
2334,90,1,1,20 a 24,32 a 36,Secundario/Polimodal Completa y más,2500 gramos y más,81
2335,6,1,2,35 a 39,22 a 23,Secundaria/Polimodal Incompleta,Sin especificar,1
2336,86,1,1,40 a 44,32 a 36,Secundario/Polimodal Completa y más,2500 gramos y más,1
2337,50,2,1,40 a 44,32 a 36,Secundario/Polimodal Completa y más,2500 gramos y más,2
2338,86,2,1,30 a 34,37 a 41,Secundario/Polimodal Completa y más,2500 gramos y más,1
2339,6,1,1,15 a 19,Sin especificar,Hasta Primaria/C.EGB Completa,2500 gramos y más,5
2340,82,1,2,De 45 y más,37 a 41,Secundario/Polimodal Completa y más,2500 gramos y más,57
2341,6,1,2,25 a 29,32 a 36,Secundario/Polimodal Completa y más,2500 gramos y más,353
2342,14,2,2,30 a 34,37 a 41,Hasta Primaria/C.EGB Completa,Menos de 2500 gramos,2
2343,54,1,1,30 a 34,32 a 36,Secundaria/Polimodal Incompleta,Menos de 2500 gramos,7
2344,82,1,2,15 a 19,28 a 31,Secundario/Polimodal Completa y más,Menos de 2500 gramos,7
2345,70,1,2,15 a 19,37 a 41,Hasta Primaria/C.EGB Completa,Menos de 2500 gramos,3
2346,98,1,1,15 a 19,32 a 36,Secundaria/Polimodal Incompleta,Menos de 2500 gramos,1
2347,18,1,2,35 a 39,24 a 27,Secundaria/Polimodal Incompleta,Menos de 2500 gramos,1
2348,26,2,2,15 a 19,32 a 36,Secundaria/Polimodal Incompleta,Menos de 2500 gramos,2
2349,74,1,1,25 a 29,28 a 31,Secundario/Polimodal Completa y más,Menos de 2500 gramos,3
2350,14,1,2,20 a 24,37 a 41,Secundaria/Polimodal Incompleta,Menos de 2500 gramos,49
2351,2,2,1,De 45 y más,37 a 41,Secundario/Polimodal Completa y más,2500 gramos y más,2
2352,82,1,2,15 a 19,37 a 41,Secundaria/Polimodal Incompleta,Menos de 2500 gramos,33
2353,22,2,2,20 a 24,32 a 36,Secundaria/Polimodal Incompleta,Menos de 2500 gramos,1
2354,14,1,2,35 a 39,32 a 36,Secundario/Polimodal Completa y más,Menos de 2500 gramos,82
2355,50,2,2,40 a 44,24 a 27,Secundaria/Polimodal Incompleta,Menos de 2500 gramos,1
2356,18,2,1,15 a 19,37 a 41,Secundaria/Polimodal Incompleta,2500 gramos y más,1
2357,50,1,2,15 a 19,22 a 23,Secundaria/Polimodal Incompleta,Menos de 2500 gramos,1
2358,34,1,1,15 a 19,32 a 36,Secundario/Polimodal Completa y más,Menos de 2500 gramos,6
2359,6,2,2,30 a 34,32 a 36,Secundario/Polimodal Completa y más,2500 gramos y más,17
2360,86,2,2,25 a 29,32 a 36,Secundaria/Polimodal Incompleta,Menos de 2500 gramos,1
2361,42,2,2,De 45 y más,32 a 36,Secundario/Polimodal Completa y más,Menos de 2500 gramos,1
2362,6,2,2,15 a 19,37 a 41,Secundario/Polimodal Completa y más,2500 gramos y más,4
2363,90,2,1,30 a 34,Menos de 22,Secundario/Polimodal Completa y más,Menos de 2500 gramos,1
2364,50,2,1,25 a 29,24 a 27,Secundaria/Polimodal Incompleta,Menos de 2500 gramos,2
2365,10,2,2,35 a 39,32 a 36,Secundario/Polimodal Completa y más,Menos de 2500 gramos,3
2366,50,1,1,De 45 y más,32 a 36,Secundario/Polimodal Completa y más,2500 gramos y más,3
2367,50,1,2,25 a 29,32 a 36,Secundario/Polimodal Completa y más,Menos de 2500 gramos,44
2368,50,1,2,20 a 24,32 a 36,Secundaria/Polimodal Incompleta,Menos de 2500 gramos,33
2369,10,1,1,20 a 24,37 a 41,Secundaria/Polimodal Incompleta,Menos de 2500 gramos,4
2370,10,1,2,30 a 34,37 a 41,Secundario/Polimodal Completa y más,Menos de 2500 gramos,6
2371,94,1,1,20 a 24,37 a 41,Secundario/Polimodal Completa y más,2500 gramos y más,67
2372,58,1,1,35 a 39,Sin especificar,Sin especificar,Sin especificar,1
2373,10,2,2,25 a 29,32 a 36,Secundario/Polimodal Completa y más,2500 gramos y más,1
2374,6,2,1,35 a 39,28 a 31,Secundaria/Polimodal Incompleta,Menos de 2500 gramos,2
2375,6,9,1,40 a 44,37 a 41,Sin especificar,2500 gramos y más,3
2376,38,2,1,35 a 39,37 a 41,Secundario/Polimodal Completa y más,Menos de 2500 gramos,1
2377,6,2,2,30 a 34,Sin especificar,Secundario/Polimodal Completa y más,Menos de 2500 gramos,4
2378,18,2,1,15 a 19,32 a 36,Secundaria/Polimodal Incompleta,Menos de 2500 gramos,1
2379,94,1,2,15 a 19,37 a 41,Secundario/Polimodal Completa y más,2500 gramos y más,9
2380,70,2,2,40 a 44,32 a 36,Hasta Primaria/C.EGB Completa,Menos de 2500 gramos,2
2381,46,1,2,40 a 44,32 a 36,Secundario/Polimodal Completa y más,2500 gramos y más,1
2382,54,1,1,30 a 34,32 a 36,Hasta Primaria/C.EGB Completa,2500 gramos y más,25
2383,46,2,1,20 a 24,32 a 36,Secundaria/Polimodal Incompleta,Menos de 2500 gramos,1
2384,22,1,2,20 a 24,37 a 41,Secundaria/Polimodal Incompleta,Sin especificar,2
2385,82,1,2,Sin especificar,37 a 41,Secundario/Polimodal Completa y más,2500 gramos y más,1
2386,50,1,2,40 a 44,37 a 41,Secundario/Polimodal Completa y más,Menos de 2500 gramos,9
2387,6,1,2,30 a 34,37 a 41,Sin especificar,Sin especificar,3
2388,18,2,2,25 a 29,24 a 27,Secundaria/Polimodal Incompleta,Menos de 2500 gramos,2
2389,42,1,1,30 a 34,37 a 41,Secundaria/Polimodal Incompleta,2500 gramos y más,76
2390,18,1,2,30 a 34,32 a 36,Hasta Primaria/C.EGB Completa,Menos de 2500 gramos,3
2391,34,1,2,30 a 34,37 a 41,Secundaria/Polimodal Incompleta,2500 gramos y más,106
2392,6,1,9,40 a 44,37 a 41,Secundaria/Polimodal Incompleta,2500 gramos y más,2
2393,2,2,1,35 a 39,32 a 36,Hasta Primaria/C.EGB Completa,2500 gramos y más,2
2394,38,1,1,40 a 44,32 a 36,Secundaria/Polimodal Incompleta,2500 gramos y más,2
2395,70,1,1,15 a 19,24 a 27,Secundario/Polimodal Completa y más,Menos de 2500 gramos,1
2396,18,1,1,35 a 39,32 a 36,Secundaria/Polimodal Incompleta,Menos de 2500 gramos,3
2397,6,1,1,De 45 y más,37 a 41,Secundaria/Polimodal Incompleta,2500 gramos y más,17
2398,6,2,2,15 a 19,32 a 36,Sin especificar,2500 gramos y más,2
2399,34,1,1,20 a 24,42 y más,Hasta Primaria/C.EGB Completa,2500 gramos y más,2
2400,82,1,1,30 a 34,42 y más,Hasta Primaria/C.EGB Completa,2500 gramos y más,8
2401,6,1,1,40 a 44,32 a 36,Secundaria/Polimodal Incompleta,Menos de 2500 gramos,26
2402,62,1,1,40 a 44,37 a 41,Secundario/Polimodal Completa y más,2500 gramos y más,98
2403,6,1,2,35 a 39,37 a 41,Hasta Primaria/C.EGB Completa,2500 gramos y más,1209
2404,58,1,1,25 a 29,32 a 36,Hasta Primaria/C.EGB Completa,Menos de 2500 gramos,3
2405,30,1,2,35 a 39,37 a 41,Sin especificar,2500 gramos y más,5
2406,66,1,2,30 a 34,42 y más,Hasta Primaria/C.EGB Completa,2500 gramos y más,1
2407,82,2,1,25 a 29,37 a 41,Secundaria/Polimodal Incompleta,Menos de 2500 gramos,3
2408,54,2,1,20 a 24,37 a 41,Secundaria/Polimodal Incompleta,2500 gramos y más,3
2409,14,1,1,De 45 y más,28 a 31,Secundario/Polimodal Completa y más,Menos de 2500 gramos,2
2410,22,1,1,15 a 19,Sin especificar,Hasta Primaria/C.EGB Completa,Sin especificar,2
2411,50,1,2,30 a 34,37 a 41,Secundario/Polimodal Completa y más,Menos de 2500 gramos,52
2412,62,1,1,20 a 24,32 a 36,Secundaria/Polimodal Incompleta,2500 gramos y más,8
2413,86,1,2,Sin especificar,37 a 41,Secundaria/Polimodal Incompleta,2500 gramos y más,1
2414,42,2,1,35 a 39,32 a 36,Secundaria/Polimodal Incompleta,Menos de 2500 gramos,1
2415,6,2,1,25 a 29,32 a 36,Secundaria/Polimodal Incompleta,2500 gramos y más,8
2416,50,2,1,35 a 39,32 a 36,Hasta Primaria/C.EGB Completa,Menos de 2500 gramos,2
2417,30,1,1,15 a 19,37 a 41,Secundaria/Polimodal Incompleta,2500 gramos y más,354
2418,6,2,2,35 a 39,32 a 36,Sin especificar,Menos de 2500 gramos,9
2419,82,2,2,30 a 34,24 a 27,Secundario/Polimodal Completa y más,Menos de 2500 gramos,1
2420,22,2,1,40 a 44,28 a 31,Secundaria/Polimodal Incompleta,Menos de 2500 gramos,1
2421,46,1,1,15 a 19,28 a 31,Secundario/Polimodal Completa y más,Menos de 2500 gramos,1
2422,30,1,1,25 a 29,32 a 36,Secundario/Polimodal Completa y más,Menos de 2500 gramos,29
2423,30,1,2,25 a 29,37 a 41,Sin especificar,2500 gramos y más,5
2424,6,1,2,Sin especificar,Sin especificar,Hasta Primaria/C.EGB Completa,2500 gramos y más,3
2425,6,1,9,30 a 34,32 a 36,Secundario/Polimodal Completa y más,Menos de 2500 gramos,2
2426,66,1,2,40 a 44,37 a 41,Hasta Primaria/C.EGB Completa,2500 gramos y más,83
2427,82,1,1,40 a 44,32 a 36,Hasta Primaria/C.EGB Completa,Menos de 2500 gramos,3
2428,86,1,9,30 a 34,37 a 41,Hasta Primaria/C.EGB Completa,2500 gramos y más,1
2429,38,1,1,25 a 29,37 a 41,Hasta Primaria/C.EGB Completa,Menos de 2500 gramos,1
2430,38,1,2,25 a 29,37 a 41,Secundaria/Polimodal Incompleta,2500 gramos y más,169
2431,54,1,2,35 a 39,32 a 36,Secundario/Polimodal Completa y más,Menos de 2500 gramos,16
2432,6,1,2,15 a 19,Sin especificar,Secundario/Polimodal Completa y más,Sin especificar,3
2433,18,2,2,25 a 29,32 a 36,Sin especificar,Menos de 2500 gramos,4
2434,54,1,1,35 a 39,42 y más,Secundario/Polimodal Completa y más,2500 gramos y más,1
2435,34,2,2,30 a 34,37 a 41,Hasta Primaria/C.EGB Completa,2500 gramos y más,3
2436,2,9,2,30 a 34,37 a 41,Sin especificar,Menos de 2500 gramos,3
2437,14,1,2,25 a 29,37 a 41,Hasta Primaria/C.EGB Completa,Menos de 2500 gramos,18
2438,30,2,1,30 a 34,37 a 41,Secundario/Polimodal Completa y más,2500 gramos y más,11
2439,99,1,2,35 a 39,32 a 36,Sin especificar,Menos de 2500 gramos,1
2440,42,2,1,25 a 29,32 a 36,Secundaria/Polimodal Incompleta,Menos de 2500 gramos,1
2441,86,1,9,15 a 19,37 a 41,Secundaria/Polimodal Incompleta,2500 gramos y más,1
2442,94,1,2,20 a 24,32 a 36,Secundaria/Polimodal Incompleta,2500 gramos y más,1
2443,62,1,1,15 a 19,28 a 31,Secundario/Polimodal Completa y más,Menos de 2500 gramos,1
2444,14,2,1,15 a 19,32 a 36,Secundaria/Polimodal Incompleta,2500 gramos y más,3
2445,2,1,2,20 a 24,28 a 31,Sin especificar,Menos de 2500 gramos,1
2446,18,1,2,15 a 19,32 a 36,Secundario/Polimodal Completa y más,Menos de 2500 gramos,6
2447,22,1,9,20 a 24,Sin especificar,Hasta Primaria/C.EGB Completa,Sin especificar,1
2448,82,1,1,30 a 34,28 a 31,Secundaria/Polimodal Incompleta,2500 gramos y más,1
2449,86,1,2,40 a 44,37 a 41,Hasta Primaria/C.EGB Completa,2500 gramos y más,95
2450,42,2,1,20 a 24,32 a 36,Secundario/Polimodal Completa y más,Menos de 2500 gramos,1
2451,22,1,1,25 a 29,Sin especificar,Secundario/Polimodal Completa y más,Sin especificar,1
2452,26,1,2,20 a 24,37 a 41,Secundario/Polimodal Completa y más,2500 gramos y más,302
2453,66,2,2,30 a 34,24 a 27,Secundaria/Polimodal Incompleta,Menos de 2500 gramos,2
2454,6,1,1,Sin especificar,28 a 31,Secundario/Polimodal Completa y más,Sin especificar,1
2455,22,2,1,35 a 39,37 a 41,Secundario/Polimodal Completa y más,Menos de 2500 gramos,2
2456,6,1,2,20 a 24,32 a 36,Secundario/Polimodal Completa y más,Sin especificar,2
2457,66,1,2,30 a 34,Sin especificar,Secundaria/Polimodal Incompleta,2500 gramos y más,7
2458,6,2,1,25 a 29,Sin especificar,Secundario/Polimodal Completa y más,Sin especificar,1
2459,22,1,2,25 a 29,42 y más,Hasta Primaria/C.EGB Completa,2500 gramos y más,2
2460,2,1,2,30 a 34,32 a 36,Secundario/Polimodal Completa y más,2500 gramos y más,59
2461,70,1,2,15 a 19,37 a 41,Secundaria/Polimodal Incompleta,2500 gramos y más,296
2462,90,1,2,15 a 19,32 a 36,Secundario/Polimodal Completa y más,2500 gramos y más,10
2463,22,2,2,20 a 24,37 a 41,Secundario/Polimodal Completa y más,Menos de 2500 gramos,2
2464,90,1,1,15 a 19,32 a 36,Hasta Primaria/C.EGB Completa,2500 gramos y más,17
2465,58,1,1,20 a 24,24 a 27,Secundario/Polimodal Completa y más,Menos de 2500 gramos,4
2466,34,1,1,25 a 29,32 a 36,Sin especificar,Menos de 2500 gramos,4
2467,14,1,2,25 a 29,32 a 36,Secundaria/Polimodal Incompleta,2500 gramos y más,26
2468,6,1,2,25 a 29,32 a 36,Hasta Primaria/C.EGB Completa,Menos de 2500 gramos,86
2469,90,1,1,40 a 44,28 a 31,Secundario/Polimodal Completa y más,Menos de 2500 gramos,2
2470,54,1,2,20 a 24,37 a 41,Sin especificar,2500 gramos y más,99
2471,6,2,2,25 a 29,Sin especificar,Sin especificar,Sin especificar,1
2472,50,1,2,40 a 44,37 a 41,Hasta Primaria/C.EGB Completa,2500 gramos y más,70
2473,70,2,2,25 a 29,37 a 41,Secundario/Polimodal Completa y más,2500 gramos y más,3
2474,42,1,1,25 a 29,24 a 27,Secundario/Polimodal Completa y más,Menos de 2500 gramos,1
2475,62,2,2,30 a 34,37 a 41,Secundaria/Polimodal Incompleta,Menos de 2500 gramos,3
2476,54,1,1,30 a 34,32 a 36,Secundaria/Polimodal Incompleta,2500 gramos y más,13
2477,42,1,2,35 a 39,32 a 36,Secundario/Polimodal Completa y más,2500 gramos y más,2
2478,82,1,2,20 a 24,Sin especificar,Secundario/Polimodal Completa y más,2500 gramos y más,1
2479,99,9,2,40 a 44,37 a 41,Sin especificar,2500 gramos y más,47
2480,18,1,1,35 a 39,42 y más,Hasta Primaria/C.EGB Completa,Menos de 2500 gramos,1
2481,2,2,2,25 a 29,37 a 41,Secundario/Polimodal Completa y más,Menos de 2500 gramos,4
2482,22,1,1,20 a 24,32 a 36,Secundaria/Polimodal Incompleta,Menos de 2500 gramos,21
2483,38,1,2,15 a 19,37 a 41,Hasta Primaria/C.EGB Completa,Menos de 2500 gramos,2
2484,22,1,2,30 a 34,37 a 41,Hasta Primaria/C.EGB Completa,2500 gramos y más,424
2485,66,2,2,35 a 39,32 a 36,Secundario/Polimodal Completa y más,2500 gramos y más,3
2486,14,1,1,15 a 19,32 a 36,Secundaria/Polimodal Incompleta,2500 gramos y más,35
2487,70,1,2,30 a 34,22 a 23,Secundario/Polimodal Completa y más,Menos de 2500 gramos,1
2488,14,1,2,Sin especificar,37 a 41,Hasta Primaria/C.EGB Completa,2500 gramos y más,2
2489,42,2,2,20 a 24,32 a 36,Secundario/Polimodal Completa y más,Menos de 2500 gramos,1
2490,2,2,1,35 a 39,37 a 41,Secundario/Polimodal Completa y más,Menos de 2500 gramos,11
2491,58,1,1,25 a 29,37 a 41,Hasta Primaria/C.EGB Completa,2500 gramos y más,108
2492,54,2,1,35 a 39,37 a 41,Secundario/Polimodal Completa y más,Menos de 2500 gramos,2
2493,82,1,1,De 45 y más,37 a 41,Secundario/Polimodal Completa y más,2500 gramos y más,69
2494,6,1,2,25 a 29,28 a 31,Sin especificar,Menos de 2500 gramos,15
2495,90,2,1,35 a 39,37 a 41,Secundario/Polimodal Completa y más,2500 gramos y más,8
2496,70,1,1,40 a 44,32 a 36,Secundario/Polimodal Completa y más,Menos de 2500 gramos,6
2497,82,2,2,30 a 34,32 a 36,Secundario/Polimodal Completa y más,Menos de 2500 gramos,36
2498,30,1,2,15 a 19,37 a 41,Secundaria/Polimodal Incompleta,Menos de 2500 gramos,13
2499,22,1,2,25 a 29,28 a 31,Hasta Primaria/C.EGB Completa,Menos de 2500 gramos,5
2500,2,1,2,35 a 39,24 a 27,Hasta Primaria/C.EGB Completa,Menos de 2500 gramos,2
2501,38,1,1,40 a 44,37 a 41,Hasta Primaria/C.EGB Completa,Menos de 2500 gramos,3
2502,66,1,2,Menor de 15,32 a 36,Hasta Primaria/C.EGB Completa,Menos de 2500 gramos,1
2503,6,1,1,30 a 34,32 a 36,Hasta Primaria/C.EGB Completa,Menos de 2500 gramos,97
2504,94,1,1,30 a 34,37 a 41,Secundaria/Polimodal Incompleta,2500 gramos y más,17
2505,78,2,2,30 a 34,37 a 41,Hasta Primaria/C.EGB Completa,2500 gramos y más,1
2506,6,1,1,Sin especificar,32 a 36,Sin especificar,Sin especificar,1
2507,98,1,2,Sin especificar,Sin especificar,Secundaria/Polimodal Incompleta,Sin especificar,1
2508,6,2,2,15 a 19,Sin especificar,Sin especificar,Sin especificar,1
2509,90,1,1,40 a 44,28 a 31,Secundario/Polimodal Completa y más,Sin especificar,1
2510,50,2,2,40 a 44,37 a 41,Secundario/Polimodal Completa y más,2500 gramos y más,3
2511,6,1,2,Sin especificar,37 a 41,Sin especificar,2500 gramos y más,244
2512,82,1,1,De 45 y más,32 a 36,Hasta Primaria/C.EGB Completa,2500 gramos y más,2
2513,22,1,1,20 a 24,32 a 36,Secundaria/Polimodal Incompleta,2500 gramos y más,19
2514,66,1,1,20 a 24,Sin especificar,Secundario/Polimodal Completa y más,2500 gramos y más,17
2515,10,1,2,25 a 29,37 a 41,Sin especificar,2500 gramos y más,7
2516,66,1,1,35 a 39,28 a 31,Secundaria/Polimodal Incompleta,Menos de 2500 gramos,3
2517,82,1,1,30 a 34,37 a 41,Hasta Primaria/C.EGB Completa,Menos de 2500 gramos,9
2518,90,1,2,40 a 44,37 a 41,Secundario/Polimodal Completa y más,2500 gramos y más,230
2519,66,1,2,15 a 19,37 a 41,Secundario/Polimodal Completa y más,2500 gramos y más,152
2520,74,1,1,40 a 44,32 a 36,Sin especificar,Menos de 2500 gramos,2
2521,34,1,2,20 a 24,32 a 36,Secundario/Polimodal Completa y más,Menos de 2500 gramos,18
2522,26,1,1,30 a 34,32 a 36,Secundario/Polimodal Completa y más,Menos de 2500 gramos,17
2523,38,1,2,35 a 39,32 a 36,Secundaria/Polimodal Incompleta,Menos de 2500 gramos,2
2524,94,1,1,20 a 24,37 a 41,Secundario/Polimodal Completa y más,Menos de 2500 gramos,1
2525,94,1,2,30 a 34,37 a 41,Hasta Primaria/C.EGB Completa,2500 gramos y más,12
2526,6,2,2,30 a 34,37 a 41,Sin especificar,2500 gramos y más,5
2527,54,1,2,35 a 39,32 a 36,Sin especificar,Menos de 2500 gramos,3
2528,50,2,2,30 a 34,32 a 36,Hasta Primaria/C.EGB Completa,2500 gramos y más,1
2529,50,1,2,35 a 39,37 a 41,Sin especificar,Menos de 2500 gramos,1
2530,58,1,2,De 45 y más,37 a 41,Secundaria/Polimodal Incompleta,2500 gramos y más,1
2531,34,2,2,35 a 39,32 a 36,Hasta Primaria/C.EGB Completa,2500 gramos y más,1
2532,90,1,2,20 a 24,42 y más,Sin especificar,2500 gramos y más,1
2533,90,1,2,35 a 39,32 a 36,Hasta Primaria/C.EGB Completa,2500 gramos y más,19
2534,10,1,1,35 a 39,32 a 36,Secundario/Polimodal Completa y más,Menos de 2500 gramos,9
2535,70,1,2,30 a 34,37 a 41,Secundaria/Polimodal Incompleta,2500 gramos y más,215
2536,90,1,2,40 a 44,32 a 36,Hasta Primaria/C.EGB Completa,Menos de 2500 gramos,4
2537,42,1,2,15 a 19,37 a 41,Secundario/Polimodal Completa y más,2500 gramos y más,79
2538,54,1,1,15 a 19,32 a 36,Secundario/Polimodal Completa y más,2500 gramos y más,9
2539,2,2,2,40 a 44,37 a 41,Secundario/Polimodal Completa y más,2500 gramos y más,10
2540,74,1,2,20 a 24,32 a 36,Secundario/Polimodal Completa y más,2500 gramos y más,7
2541,86,1,2,20 a 24,Sin especificar,Secundario/Polimodal Completa y más,2500 gramos y más,1
2542,2,1,2,15 a 19,32 a 36,Secundario/Polimodal Completa y más,2500 gramos y más,1
2543,42,1,1,Menor de 15,37 a 41,Secundario/Polimodal Completa y más,2500 gramos y más,2
2544,86,1,1,35 a 39,32 a 36,Hasta Primaria/C.EGB Completa,2500 gramos y más,23
2545,50,1,2,35 a 39,32 a 36,Secundario/Polimodal Completa y más,2500 gramos y más,24
2546,18,1,2,35 a 39,37 a 41,Secundario/Polimodal Completa y más,2500 gramos y más,385
2547,2,1,1,25 a 29,37 a 41,Sin especificar,2500 gramos y más,82
2548,14,1,1,De 45 y más,Sin especificar,Secundario/Polimodal Completa y más,2500 gramos y más,1
2549,70,1,2,40 a 44,37 a 41,Hasta Primaria/C.EGB Completa,Menos de 2500 gramos,1
2550,2,9,2,25 a 29,Sin especificar,Sin especificar,Sin especificar,4
2551,30,1,1,25 a 29,32 a 36,Secundario/Polimodal Completa y más,2500 gramos y más,36
2552,50,1,2,35 a 39,28 a 31,Secundario/Polimodal Completa y más,Menos de 2500 gramos,4
2553,50,1,1,25 a 29,32 a 36,Secundario/Polimodal Completa y más,2500 gramos y más,46
2554,22,1,1,40 a 44,32 a 36,Hasta Primaria/C.EGB Completa,Menos de 2500 gramos,1
2555,86,2,2,30 a 34,28 a 31,Hasta Primaria/C.EGB Completa,Menos de 2500 gramos,1
2556,50,2,1,25 a 29,37 a 41,Secundaria/Polimodal Incompleta,2500 gramos y más,2
2557,22,2,2,25 a 29,37 a 41,Hasta Primaria/C.EGB Completa,2500 gramos y más,1
2558,2,9,2,20 a 24,32 a 36,Sin especificar,2500 gramos y más,2
2559,66,1,1,30 a 34,37 a 41,Secundaria/Polimodal Incompleta,2500 gramos y más,266
2560,14,1,2,20 a 24,28 a 31,Hasta Primaria/C.EGB Completa,Menos de 2500 gramos,2
2561,22,1,1,40 a 44,37 a 41,Sin especificar,2500 gramos y más,3
2562,18,1,2,40 a 44,37 a 41,Secundario/Polimodal Completa y más,2500 gramos y más,115
2563,74,1,1,35 a 39,37 a 41,Hasta Primaria/C.EGB Completa,Menos de 2500 gramos,1
2564,6,2,1,35 a 39,24 a 27,Secundaria/Polimodal Incompleta,Menos de 2500 gramos,4
2565,30,1,2,20 a 24,37 a 41,Secundaria/Polimodal Incompleta,Menos de 2500 gramos,19
2566,22,1,1,20 a 24,Sin especificar,Hasta Primaria/C.EGB Completa,Sin especificar,1
2567,62,2,1,25 a 29,37 a 41,Secundaria/Polimodal Incompleta,Menos de 2500 gramos,2
2568,74,2,1,15 a 19,37 a 41,Secundaria/Polimodal Incompleta,2500 gramos y más,1
2569,66,1,1,35 a 39,32 a 36,Secundario/Polimodal Completa y más,2500 gramos y más,45
2570,22,1,2,25 a 29,37 a 41,Hasta Primaria/C.EGB Completa,Menos de 2500 gramos,18
2571,10,1,1,15 a 19,24 a 27,Secundario/Polimodal Completa y más,Menos de 2500 gramos,1
2572,14,1,1,De 45 y más,32 a 36,Sin especificar,2500 gramos y más,1
2573,6,1,1,Sin especificar,Sin especificar,Secundaria/Polimodal Incompleta,2500 gramos y más,2
2574,14,1,1,20 a 24,32 a 36,Hasta Primaria/C.EGB Completa,Menos de 2500 gramos,21
2575,26,1,2,20 a 24,37 a 41,Sin especificar,2500 gramos y más,73
2576,38,2,2,35 a 39,37 a 41,Secundaria/Polimodal Incompleta,2500 gramos y más,2
2577,22,1,1,25 a 29,37 a 41,Secundaria/Polimodal Incompleta,Menos de 2500 gramos,9
2578,78,1,2,30 a 34,37 a 41,Secundario/Polimodal Completa y más,2500 gramos y más,259
2579,78,1,2,30 a 34,24 a 27,Secundario/Polimodal Completa y más,Menos de 2500 gramos,1
2580,58,1,1,35 a 39,37 a 41,Sin especificar,Sin especificar,1
2581,58,1,2,20 a 24,37 a 41,Hasta Primaria/C.EGB Completa,2500 gramos y más,85
2582,34,2,2,25 a 29,22 a 23,Secundario/Polimodal Completa y más,Menos de 2500 gramos,4
2583,6,1,2,Sin especificar,32 a 36,Sin especificar,Menos de 2500 gramos,9
2584,18,1,2,30 a 34,24 a 27,Secundario/Polimodal Completa y más,Menos de 2500 gramos,3
2585,34,1,2,20 a 24,37 a 41,Secundaria/Polimodal Incompleta,2500 gramos y más,242
2586,74,1,1,20 a 24,37 a 41,Secundaria/Polimodal Incompleta,2500 gramos y más,212
2587,82,1,2,20 a 24,37 a 41,Secundaria/Polimodal Incompleta,2500 gramos y más,1476
2588,86,1,1,30 a 34,32 a 36,Secundaria/Polimodal Incompleta,Menos de 2500 gramos,6
2589,6,1,2,De 45 y más,42 y más,Hasta Primaria/C.EGB Completa,2500 gramos y más,1
2590,6,1,2,35 a 39,32 a 36,Secundario/Polimodal Completa y más,Menos de 2500 gramos,292
2591,26,1,2,40 a 44,37 a 41,Secundario/Polimodal Completa y más,Menos de 2500 gramos,1
2592,10,2,2,40 a 44,32 a 36,Secundario/Polimodal Completa y más,Menos de 2500 gramos,2
2593,14,1,1,40 a 44,37 a 41,Secundario/Polimodal Completa y más,Menos de 2500 gramos,21
2594,50,1,1,30 a 34,32 a 36,Secundaria/Polimodal Incompleta,2500 gramos y más,20
2595,42,2,2,30 a 34,37 a 41,Secundario/Polimodal Completa y más,Menos de 2500 gramos,1
2596,22,2,2,25 a 29,32 a 36,Hasta Primaria/C.EGB Completa,Menos de 2500 gramos,3
2597,62,1,1,20 a 24,32 a 36,Sin especificar,Menos de 2500 gramos,5
2598,10,1,1,35 a 39,37 a 41,Secundario/Polimodal Completa y más,2500 gramos y más,224
2599,74,1,2,25 a 29,37 a 41,Secundario/Polimodal Completa y más,Menos de 2500 gramos,7
2600,18,2,1,30 a 34,37 a 41,Secundaria/Polimodal Incompleta,2500 gramos y más,5
2601,6,9,1,20 a 24,37 a 41,Sin especificar,Menos de 2500 gramos,1
2602,18,1,2,20 a 24,37 a 41,Secundaria/Polimodal Incompleta,Menos de 2500 gramos,19
2603,70,1,2,30 a 34,37 a 41,Hasta Primaria/C.EGB Completa,Menos de 2500 gramos,3
2604,46,1,2,35 a 39,37 a 41,Secundario/Polimodal Completa y más,Menos de 2500 gramos,4
2605,18,1,2,25 a 29,32 a 36,Secundaria/Polimodal Incompleta,Menos de 2500 gramos,8
2606,22,1,2,15 a 19,32 a 36,Secundaria/Polimodal Incompleta,Menos de 2500 gramos,27
2607,78,1,1,20 a 24,22 a 23,Secundario/Polimodal Completa y más,Menos de 2500 gramos,1
2608,90,1,1,15 a 19,28 a 31,Secundaria/Polimodal Incompleta,Menos de 2500 gramos,5
2609,6,1,1,Menor de 15,32 a 36,Sin especificar,Menos de 2500 gramos,1
2610,2,2,2,25 a 29,37 a 41,Hasta Primaria/C.EGB Completa,Menos de 2500 gramos,2
2611,74,1,1,30 a 34,Sin especificar,Secundario/Polimodal Completa y más,2500 gramos y más,1
2612,74,1,1,20 a 24,37 a 41,Secundaria/Polimodal Incompleta,Menos de 2500 gramos,2
2613,34,1,1,30 a 34,32 a 36,Hasta Primaria/C.EGB Completa,Menos de 2500 gramos,2
2614,58,1,2,20 a 24,37 a 41,Secundario/Polimodal Completa y más,Sin especificar,1
2615,18,2,1,30 a 34,28 a 31,Secundario/Polimodal Completa y más,Menos de 2500 gramos,2
2616,94,1,1,35 a 39,32 a 36,Secundario/Polimodal Completa y más,2500 gramos y más,10
2617,14,1,2,25 a 29,32 a 36,Secundaria/Polimodal Incompleta,Menos de 2500 gramos,49
2618,78,1,2,25 a 29,Sin especificar,Secundario/Polimodal Completa y más,2500 gramos y más,1
2619,30,2,2,40 a 44,32 a 36,Secundario/Polimodal Completa y más,2500 gramos y más,1
2620,70,1,2,20 a 24,28 a 31,Secundaria/Polimodal Incompleta,Menos de 2500 gramos,4
2621,90,1,2,15 a 19,32 a 36,Secundario/Polimodal Completa y más,Menos de 2500 gramos,8
2622,26,1,1,15 a 19,32 a 36,Secundaria/Polimodal Incompleta,2500 gramos y más,2
2623,6,1,2,Sin especificar,32 a 36,Sin especificar,2500 gramos y más,6
2624,90,1,1,40 a 44,37 a 41,Secundario/Polimodal Completa y más,Sin especificar,2
2625,66,2,1,25 a 29,32 a 36,Secundaria/Polimodal Incompleta,Menos de 2500 gramos,4
2626,78,1,2,De 45 y más,37 a 41,Secundario/Polimodal Completa y más,2500 gramos y más,7
2627,62,1,1,Menor de 15,37 a 41,Sin especificar,2500 gramos y más,1
2628,58,2,1,35 a 39,32 a 36,Secundario/Polimodal Completa y más,2500 gramos y más,2
2629,82,1,1,35 a 39,32 a 36,Sin especificar,2500 gramos y más,1
2630,6,2,9,25 a 29,37 a 41,Sin especificar,Menos de 2500 gramos,1
2631,6,2,2,35 a 39,28 a 31,Secundaria/Polimodal Incompleta,Menos de 2500 gramos,5
2632,34,1,2,35 a 39,28 a 31,Sin especificar,Menos de 2500 gramos,2
2633,54,1,2,35 a 39,32 a 36,Secundario/Polimodal Completa y más,2500 gramos y más,20
2634,26,1,2,De 45 y más,37 a 41,Hasta Primaria/C.EGB Completa,2500 gramos y más,3
2635,6,1,2,40 a 44,42 y más,Hasta Primaria/C.EGB Completa,2500 gramos y más,2
2636,74,1,2,35 a 39,Sin especificar,Secundario/Polimodal Completa y más,Sin especificar,1
2637,50,2,2,De 45 y más,32 a 36,Secundaria/Polimodal Incompleta,2500 gramos y más,1
2638,90,1,2,40 a 44,28 a 31,Secundario/Polimodal Completa y más,Menos de 2500 gramos,2
2639,82,1,1,30 a 34,32 a 36,Sin especificar,2500 gramos y más,1
2640,66,1,1,Menor de 15,28 a 31,Secundaria/Polimodal Incompleta,Menos de 2500 gramos,2
2641,26,1,1,15 a 19,32 a 36,Secundaria/Polimodal Incompleta,Menos de 2500 gramos,5
2642,6,2,1,35 a 39,37 a 41,Hasta Primaria/C.EGB Completa,Menos de 2500 gramos,2
2643,82,2,1,20 a 24,37 a 41,Secundario/Polimodal Completa y más,Menos de 2500 gramos,3
2644,62,1,1,30 a 34,22 a 23,Secundaria/Polimodal Incompleta,Menos de 2500 gramos,1
2645,54,1,2,20 a 24,42 y más,Secundario/Polimodal Completa y más,2500 gramos y más,5
2646,10,1,1,25 a 29,32 a 36,Hasta Primaria/C.EGB Completa,Menos de 2500 gramos,4
2647,6,2,2,25 a 29,37 a 41,Secundario/Polimodal Completa y más,2500 gramos y más,49
2648,18,2,1,25 a 29,37 a 41,Hasta Primaria/C.EGB Completa,Menos de 2500 gramos,1
2649,86,1,2,40 a 44,37 a 41,Hasta Primaria/C.EGB Completa,Menos de 2500 gramos,4
2650,14,2,1,20 a 24,37 a 41,Secundaria/Polimodal Incompleta,2500 gramos y más,2
2651,14,2,1,40 a 44,32 a 36,Secundaria/Polimodal Incompleta,Menos de 2500 gramos,1
2652,6,2,1,15 a 19,37 a 41,Hasta Primaria/C.EGB Completa,2500 gramos y más,1
2653,54,1,2,30 a 34,28 a 31,Secundario/Polimodal Completa y más,Menos de 2500 gramos,3
2654,6,1,2,20 a 24,42 y más,Secundario/Polimodal Completa y más,2500 gramos y más,11
2655,66,2,2,40 a 44,37 a 41,Secundario/Polimodal Completa y más,Menos de 2500 gramos,1
2656,82,1,1,30 a 34,32 a 36,Hasta Primaria/C.EGB Completa,Menos de 2500 gramos,23
2657,82,1,1,40 a 44,37 a 41,Secundario/Polimodal Completa y más,2500 gramos y más,611
2658,58,1,1,40 a 44,37 a 41,Secundaria/Polimodal Incompleta,2500 gramos y más,21
2659,30,1,1,20 a 24,42 y más,Secundario/Polimodal Completa y más,2500 gramos y más,1
2660,2,1,2,20 a 24,28 a 31,Secundaria/Polimodal Incompleta,Menos de 2500 gramos,2
2661,2,2,2,35 a 39,37 a 41,Sin especificar,Menos de 2500 gramos,3
2662,18,1,1,15 a 19,42 y más,Secundario/Polimodal Completa y más,Menos de 2500 gramos,1
2663,18,1,2,25 a 29,32 a 36,Secundaria/Polimodal Incompleta,2500 gramos y más,8
2664,86,1,2,40 a 44,32 a 36,Secundaria/Polimodal Incompleta,2500 gramos y más,4
2665,2,9,2,40 a 44,37 a 41,Sin especificar,Menos de 2500 gramos,2
2666,70,1,2,15 a 19,32 a 36,Secundario/Polimodal Completa y más,Menos de 2500 gramos,3
2667,82,1,2,35 a 39,24 a 27,Secundaria/Polimodal Incompleta,Menos de 2500 gramos,2
2668,58,1,2,20 a 24,37 a 41,Hasta Primaria/C.EGB Completa,Menos de 2500 gramos,2
2669,58,2,2,35 a 39,37 a 41,Secundaria/Polimodal Incompleta,Menos de 2500 gramos,1
2670,30,1,2,40 a 44,32 a 36,Secundario/Polimodal Completa y más,Menos de 2500 gramos,10
2671,70,1,1,15 a 19,32 a 36,Secundario/Polimodal Completa y más,Menos de 2500 gramos,3
2672,34,2,1,30 a 34,32 a 36,Hasta Primaria/C.EGB Completa,Menos de 2500 gramos,3
2673,42,2,1,40 a 44,37 a 41,Secundaria/Polimodal Incompleta,2500 gramos y más,2
2674,90,1,1,15 a 19,32 a 36,Secundario/Polimodal Completa y más,Sin especificar,1
2675,74,1,2,20 a 24,37 a 41,Secundario/Polimodal Completa y más,2500 gramos y más,295
2676,6,2,1,35 a 39,32 a 36,Hasta Primaria/C.EGB Completa,Sin especificar,1
2677,14,1,2,30 a 34,24 a 27,Secundaria/Polimodal Incompleta,Menos de 2500 gramos,5
2678,74,1,1,25 a 29,22 a 23,Secundario/Polimodal Completa y más,Menos de 2500 gramos,1
2679,58,2,2,35 a 39,37 a 41,Secundaria/Polimodal Incompleta,2500 gramos y más,3
2680,22,1,1,15 a 19,Sin especificar,Secundaria/Polimodal Incompleta,Menos de 2500 gramos,1
2681,30,2,1,20 a 24,32 a 36,Hasta Primaria/C.EGB Completa,Sin especificar,1
2682,86,1,2,20 a 24,37 a 41,Secundario/Polimodal Completa y más,Menos de 2500 gramos,13
2683,2,1,2,40 a 44,42 y más,Hasta Primaria/C.EGB Completa,2500 gramos y más,1
2684,86,1,2,25 a 29,32 a 36,Hasta Primaria/C.EGB Completa,Menos de 2500 gramos,23
2685,86,1,2,15 a 19,32 a 36,Hasta Primaria/C.EGB Completa,2500 gramos y más,18
2686,46,1,2,20 a 24,37 a 41,Secundaria/Polimodal Incompleta,2500 gramos y más,79
2687,58,1,2,20 a 24,28 a 31,Secundario/Polimodal Completa y más,Menos de 2500 gramos,2
2688,6,1,1,Sin especificar,28 a 31,Hasta Primaria/C.EGB Completa,Menos de 2500 gramos,2
2689,82,1,1,35 a 39,42 y más,Secundario/Polimodal Completa y más,2500 gramos y más,1
2690,74,1,1,25 a 29,32 a 36,Secundaria/Polimodal Incompleta,2500 gramos y más,7
2691,6,2,1,40 a 44,37 a 41,Secundaria/Polimodal Incompleta,2500 gramos y más,4
2692,66,1,2,25 a 29,22 a 23,Secundaria/Polimodal Incompleta,Menos de 2500 gramos,1
2693,14,1,2,Sin especificar,37 a 41,Sin especificar,2500 gramos y más,2
2694,66,1,2,Menor de 15,32 a 36,Hasta Primaria/C.EGB Completa,2500 gramos y más,2
2695,50,2,2,30 a 34,32 a 36,Hasta Primaria/C.EGB Completa,Menos de 2500 gramos,4
2696,6,9,1,20 a 24,37 a 41,Sin especificar,2500 gramos y más,15
2697,54,1,2,35 a 39,37 a 41,Secundario/Polimodal Completa y más,Menos de 2500 gramos,14
2698,38,1,1,30 a 34,37 a 41,Hasta Primaria/C.EGB Completa,2500 gramos y más,74
2699,58,1,2,30 a 34,32 a 36,Sin especificar,Sin especificar,1
2700,66,1,1,30 a 34,32 a 36,Sin especificar,2500 gramos y más,3
2701,62,1,1,20 a 24,32 a 36,Secundario/Polimodal Completa y más,2500 gramos y más,18
2702,66,2,1,30 a 34,28 a 31,Hasta Primaria/C.EGB Completa,Menos de 2500 gramos,2
2703,6,2,2,Sin especificar,37 a 41,Secundario/Polimodal Completa y más,Menos de 2500 gramos,1
2704,94,1,1,30 a 34,37 a 41,Secundaria/Polimodal Incompleta,Menos de 2500 gramos,2
2705,18,1,2,De 45 y más,37 a 41,Hasta Primaria/C.EGB Completa,2500 gramos y más,4
2706,82,1,1,30 a 34,37 a 41,Hasta Primaria/C.EGB Completa,2500 gramos y más,579
2707,6,1,1,30 a 34,37 a 41,Secundario/Polimodal Completa y más,2500 gramos y más,11512
2708,74,1,2,25 a 29,37 a 41,Secundaria/Polimodal Incompleta,Menos de 2500 gramos,2
2709,14,1,2,25 a 29,37 a 41,Secundario/Polimodal Completa y más,Menos de 2500 gramos,82
2710,26,1,1,30 a 34,32 a 36,Secundario/Polimodal Completa y más,2500 gramos y más,18
2711,58,2,1,35 a 39,37 a 41,Secundario/Polimodal Completa y más,Menos de 2500 gramos,2
2712,34,1,2,20 a 24,37 a 41,Sin especificar,Menos de 2500 gramos,4
2713,54,1,1,15 a 19,32 a 36,Secundario/Polimodal Completa y más,Menos de 2500 gramos,6
2714,54,1,2,35 a 39,32 a 36,Sin especificar,2500 gramos y más,2
2715,6,2,2,35 a 39,24 a 27,Sin especificar,Menos de 2500 gramos,3
2716,46,1,1,40 a 44,32 a 36,Secundario/Polimodal Completa y más,Menos de 2500 gramos,7
2717,26,1,2,20 a 24,37 a 41,Secundaria/Polimodal Incompleta,2500 gramos y más,209
2718,50,1,2,25 a 29,37 a 41,Hasta Primaria/C.EGB Completa,2500 gramos y más,251
2719,2,9,2,40 a 44,37 a 41,Secundario/Polimodal Completa y más,2500 gramos y más,2
2720,50,1,2,15 a 19,32 a 36,Secundario/Polimodal Completa y más,2500 gramos y más,6
2721,6,2,2,25 a 29,24 a 27,Hasta Primaria/C.EGB Completa,Menos de 2500 gramos,2
2722,62,1,1,25 a 29,32 a 36,Secundario/Polimodal Completa y más,Menos de 2500 gramos,8
2723,34,1,2,Menor de 15,32 a 36,Secundaria/Polimodal Incompleta,Menos de 2500 gramos,1
2724,14,1,2,Menor de 15,32 a 36,Hasta Primaria/C.EGB Completa,Menos de 2500 gramos,2
2725,82,1,1,35 a 39,37 a 41,Secundaria/Polimodal Incompleta,2500 gramos y más,296
2726,86,1,1,Menor de 15,37 a 41,Secundaria/Polimodal Incompleta,2500 gramos y más,5
2727,70,1,1,20 a 24,37 a 41,Secundaria/Polimodal Incompleta,Menos de 2500 gramos,13
2728,90,1,1,35 a 39,28 a 31,Secundario/Polimodal Completa y más,Menos de 2500 gramos,8
2729,54,2,1,35 a 39,37 a 41,Secundario/Polimodal Completa y más,2500 gramos y más,1
2730,70,1,2,35 a 39,37 a 41,Secundario/Polimodal Completa y más,Menos de 2500 gramos,8
2731,10,1,2,De 45 y más,32 a 36,Secundario/Polimodal Completa y más,Menos de 2500 gramos,1
2732,22,1,2,20 a 24,28 a 31,Hasta Primaria/C.EGB Completa,2500 gramos y más,1
2733,6,1,1,De 45 y más,42 y más,Secundario/Polimodal Completa y más,2500 gramos y más,1
2734,66,1,2,30 a 34,32 a 36,Hasta Primaria/C.EGB Completa,Menos de 2500 gramos,5
2735,58,1,2,15 a 19,32 a 36,Secundaria/Polimodal Incompleta,Menos de 2500 gramos,4
2736,82,1,2,15 a 19,32 a 36,Hasta Primaria/C.EGB Completa,2500 gramos y más,20
2737,6,1,2,35 a 39,37 a 41,Hasta Primaria/C.EGB Completa,Sin especificar,1
2738,6,1,2,40 a 44,42 y más,Secundaria/Polimodal Incompleta,2500 gramos y más,2
2739,54,1,2,30 a 34,42 y más,Secundaria/Polimodal Incompleta,2500 gramos y más,2
2740,90,2,2,35 a 39,24 a 27,Hasta Primaria/C.EGB Completa,Menos de 2500 gramos,2
2741,62,1,2,25 a 29,42 y más,Secundaria/Polimodal Incompleta,2500 gramos y más,2
2742,6,1,1,30 a 34,37 a 41,Hasta Primaria/C.EGB Completa,Menos de 2500 gramos,47
2743,82,1,2,30 a 34,37 a 41,Hasta Primaria/C.EGB Completa,Menos de 2500 gramos,16
2744,82,1,1,30 a 34,22 a 23,Secundaria/Polimodal Incompleta,Menos de 2500 gramos,1
2745,18,2,1,35 a 39,37 a 41,Secundario/Polimodal Completa y más,2500 gramos y más,9
2746,90,1,2,20 a 24,42 y más,Secundario/Polimodal Completa y más,2500 gramos y más,31
2747,34,1,1,30 a 34,32 a 36,Hasta Primaria/C.EGB Completa,2500 gramos y más,6
2748,14,1,2,15 a 19,42 y más,Secundaria/Polimodal Incompleta,2500 gramos y más,8
2749,54,1,1,15 a 19,28 a 31,Secundario/Polimodal Completa y más,Menos de 2500 gramos,1
2750,46,1,1,25 a 29,37 a 41,Secundario/Polimodal Completa y más,Menos de 2500 gramos,9
2751,66,1,2,15 a 19,Sin especificar,Sin especificar,2500 gramos y más,1
2752,58,1,1,15 a 19,Sin especificar,Hasta Primaria/C.EGB Completa,2500 gramos y más,1
2753,54,2,1,35 a 39,24 a 27,Secundaria/Polimodal Incompleta,Menos de 2500 gramos,2
2754,82,1,2,Sin especificar,32 a 36,Secundaria/Polimodal Incompleta,2500 gramos y más,1
2755,6,1,2,30 a 34,42 y más,Secundaria/Polimodal Incompleta,2500 gramos y más,9
2756,62,1,2,30 a 34,37 a 41,Hasta Primaria/C.EGB Completa,Sin especificar,1
2757,22,2,1,25 a 29,32 a 36,Secundaria/Polimodal Incompleta,Menos de 2500 gramos,6
2758,38,1,1,15 a 19,37 a 41,Hasta Primaria/C.EGB Completa,2500 gramos y más,26
2759,26,1,2,35 a 39,32 a 36,Secundario/Polimodal Completa y más,2500 gramos y más,14
2760,50,2,2,25 a 29,28 a 31,Secundario/Polimodal Completa y más,Menos de 2500 gramos,2
2761,58,1,1,35 a 39,32 a 36,Secundaria/Polimodal Incompleta,2500 gramos y más,6
2762,54,1,1,25 a 29,32 a 36,Sin especificar,2500 gramos y más,6
2763,98,1,2,15 a 19,37 a 41,Secundario/Polimodal Completa y más,2500 gramos y más,3
2764,42,1,2,35 a 39,37 a 41,Hasta Primaria/C.EGB Completa,2500 gramos y más,23
2765,66,1,2,20 a 24,28 a 31,Secundario/Polimodal Completa y más,Menos de 2500 gramos,2
2766,74,1,1,30 a 34,32 a 36,Secundario/Polimodal Completa y más,Menos de 2500 gramos,16
2767,22,1,1,25 a 29,28 a 31,Secundaria/Polimodal Incompleta,2500 gramos y más,1
2768,22,2,1,35 a 39,37 a 41,Secundario/Polimodal Completa y más,2500 gramos y más,3
2769,2,9,2,40 a 44,37 a 41,Sin especificar,2500 gramos y más,57
2770,66,2,1,30 a 34,37 a 41,Hasta Primaria/C.EGB Completa,2500 gramos y más,3
2771,70,1,1,15 a 19,37 a 41,Hasta Primaria/C.EGB Completa,2500 gramos y más,81
2772,50,2,2,25 a 29,37 a 41,Hasta Primaria/C.EGB Completa,2500 gramos y más,2
2773,10,1,2,40 a 44,37 a 41,Hasta Primaria/C.EGB Completa,Menos de 2500 gramos,1
2774,42,1,1,20 a 24,32 a 36,Secundario/Polimodal Completa y más,Menos de 2500 gramos,12
2775,6,2,2,Sin especificar,32 a 36,Secundario/Polimodal Completa y más,Menos de 2500 gramos,4
2776,6,1,1,15 a 19,Sin especificar,Sin especificar,Sin especificar,63
2777,62,1,1,15 a 19,32 a 36,Sin especificar,2500 gramos y más,1
2778,18,2,2,20 a 24,22 a 23,Secundario/Polimodal Completa y más,Menos de 2500 gramos,1
2779,2,1,2,30 a 34,37 a 41,Sin especificar,2500 gramos y más,129
2780,99,9,1,25 a 29,32 a 36,Sin especificar,Menos de 2500 gramos,1
2781,86,1,1,40 a 44,37 a 41,Sin especificar,2500 gramos y más,1
2782,99,1,1,25 a 29,Sin especificar,Sin especificar,Sin especificar,34
2783,66,2,2,30 a 34,32 a 36,Secundario/Polimodal Completa y más,2500 gramos y más,4
2784,26,1,1,35 a 39,28 a 31,Secundario/Polimodal Completa y más,Menos de 2500 gramos,2
2785,54,1,2,30 a 34,37 a 41,Secundario/Polimodal Completa y más,2500 gramos y más,855
2786,30,1,2,20 a 24,28 a 31,Secundario/Polimodal Completa y más,Menos de 2500 gramos,3
2787,38,1,2,40 a 44,32 a 36,Hasta Primaria/C.EGB Completa,2500 gramos y más,1
2788,82,1,2,30 a 34,24 a 27,Secundaria/Polimodal Incompleta,Menos de 2500 gramos,1
2789,86,1,1,Sin especificar,37 a 41,Secundario/Polimodal Completa y más,2500 gramos y más,2
2790,10,1,2,30 a 34,37 a 41,Secundario/Polimodal Completa y más,Sin especificar,1
2791,54,1,2,25 a 29,Sin especificar,Secundario/Polimodal Completa y más,2500 gramos y más,2
2792,70,2,1,25 a 29,32 a 36,Secundaria/Polimodal Incompleta,2500 gramos y más,2
2793,38,1,1,20 a 24,37 a 41,Secundaria/Polimodal Incompleta,Menos de 2500 gramos,7
2794,6,1,1,35 a 39,Sin especificar,Secundario/Polimodal Completa y más,Menos de 2500 gramos,3
2795,66,1,1,35 a 39,37 a 41,Secundario/Polimodal Completa y más,Menos de 2500 gramos,16
2796,2,1,1,De 45 y más,37 a 41,Secundaria/Polimodal Incompleta,2500 gramos y más,2
2797,6,1,2,20 a 24,28 a 31,Secundario/Polimodal Completa y más,Menos de 2500 gramos,55
2798,6,2,1,40 a 44,28 a 31,Secundaria/Polimodal Incompleta,Menos de 2500 gramos,2
2799,38,1,1,20 a 24,32 a 36,Secundario/Polimodal Completa y más,2500 gramos y más,15
2800,70,2,1,20 a 24,32 a 36,Secundario/Polimodal Completa y más,Menos de 2500 gramos,2
2801,82,1,1,De 45 y más,32 a 36,Secundario/Polimodal Completa y más,Menos de 2500 gramos,4
2802,22,2,2,35 a 39,24 a 27,Secundaria/Polimodal Incompleta,Menos de 2500 gramos,1
2803,22,1,2,30 a 34,37 a 41,Secundario/Polimodal Completa y más,2500 gramos y más,863
2804,2,1,2,30 a 34,37 a 41,Hasta Primaria/C.EGB Completa,2500 gramos y más,249
2805,82,2,2,35 a 39,32 a 36,Secundaria/Polimodal Incompleta,Menos de 2500 gramos,3
2806,22,1,2,35 a 39,42 y más,Hasta Primaria/C.EGB Completa,2500 gramos y más,1
2807,82,1,1,15 a 19,37 a 41,Hasta Primaria/C.EGB Completa,Menos de 2500 gramos,12
2808,6,1,1,30 a 34,24 a 27,Secundaria/Polimodal Incompleta,Menos de 2500 gramos,6
2809,78,1,2,25 a 29,28 a 31,Secundario/Polimodal Completa y más,Menos de 2500 gramos,2
2810,94,1,1,25 a 29,37 a 41,Hasta Primaria/C.EGB Completa,2500 gramos y más,18
2811,38,1,2,15 a 19,32 a 36,Hasta Primaria/C.EGB Completa,Menos de 2500 gramos,2
2812,74,1,2,35 a 39,32 a 36,Secundaria/Polimodal Incompleta,Menos de 2500 gramos,2
2813,62,1,2,35 a 39,32 a 36,Secundario/Polimodal Completa y más,Menos de 2500 gramos,9
2814,42,1,1,25 a 29,28 a 31,Hasta Primaria/C.EGB Completa,Menos de 2500 gramos,2
2815,6,2,1,40 a 44,32 a 36,Secundaria/Polimodal Incompleta,Menos de 2500 gramos,4
2816,74,2,2,40 a 44,37 a 41,Secundario/Polimodal Completa y más,Menos de 2500 gramos,1
2817,2,9,2,35 a 39,28 a 31,Sin especificar,Menos de 2500 gramos,1
2818,30,1,1,40 a 44,32 a 36,Secundario/Polimodal Completa y más,Menos de 2500 gramos,6
2819,86,1,2,30 a 34,28 a 31,Secundario/Polimodal Completa y más,Menos de 2500 gramos,1
2820,50,2,2,35 a 39,32 a 36,Secundario/Polimodal Completa y más,Menos de 2500 gramos,16
2821,82,1,1,35 a 39,28 a 31,Secundaria/Polimodal Incompleta,2500 gramos y más,1
2822,14,1,1,30 a 34,32 a 36,Secundario/Polimodal Completa y más,2500 gramos y más,122
2823,86,1,1,25 a 29,Sin especificar,Hasta Primaria/C.EGB Completa,Menos de 2500 gramos,1
2824,34,1,1,15 a 19,42 y más,Hasta Primaria/C.EGB Completa,2500 gramos y más,1
2825,2,1,1,15 a 19,32 a 36,Secundaria/Polimodal Incompleta,Menos de 2500 gramos,10
2826,70,1,1,20 a 24,Sin especificar,Secundario/Polimodal Completa y más,2500 gramos y más,1
2827,62,1,2,30 a 34,32 a 36,Secundaria/Polimodal Incompleta,Menos de 2500 gramos,6
2828,34,2,2,25 a 29,37 a 41,Hasta Primaria/C.EGB Completa,Menos de 2500 gramos,2
2829,22,1,2,35 a 39,42 y más,Hasta Primaria/C.EGB Completa,Menos de 2500 gramos,1
2830,66,1,2,35 a 39,37 a 41,Sin especificar,2500 gramos y más,13
2831,22,2,1,30 a 34,37 a 41,Secundario/Polimodal Completa y más,Menos de 2500 gramos,3
2832,90,1,1,De 45 y más,37 a 41,Hasta Primaria/C.EGB Completa,Menos de 2500 gramos,1
2833,98,1,2,30 a 34,37 a 41,Secundario/Polimodal Completa y más,2500 gramos y más,4
2834,6,1,1,De 45 y más,Sin especificar,Secundario/Polimodal Completa y más,Menos de 2500 gramos,1
2835,54,1,1,25 a 29,37 a 41,Secundario/Polimodal Completa y más,Menos de 2500 gramos,29
2836,38,1,1,35 a 39,42 y más,Hasta Primaria/C.EGB Completa,2500 gramos y más,1
2837,34,1,1,25 a 29,32 a 36,Sin especificar,2500 gramos y más,22
2838,70,1,2,15 a 19,28 a 31,Secundaria/Polimodal Incompleta,Menos de 2500 gramos,3
2839,14,2,2,30 a 34,32 a 36,Secundario/Polimodal Completa y más,Menos de 2500 gramos,29
2840,82,2,1,30 a 34,37 a 41,Hasta Primaria/C.EGB Completa,2500 gramos y más,3
2841,66,2,2,20 a 24,37 a 41,Secundario/Polimodal Completa y más,Menos de 2500 gramos,2
2842,30,1,2,20 a 24,Sin especificar,Secundario/Polimodal Completa y más,2500 gramos y más,3
2843,50,2,2,40 a 44,32 a 36,Secundario/Polimodal Completa y más,Menos de 2500 gramos,5
2844,6,1,2,40 a 44,37 a 41,Sin especificar,Menos de 2500 gramos,4
2845,10,1,1,25 a 29,28 a 31,Secundaria/Polimodal Incompleta,Menos de 2500 gramos,2
2846,2,1,1,15 a 19,32 a 36,Secundaria/Polimodal Incompleta,2500 gramos y más,5
2847,82,1,1,35 a 39,28 a 31,Secundaria/Polimodal Incompleta,Menos de 2500 gramos,3
2848,2,9,1,35 a 39,37 a 41,Secundario/Polimodal Completa y más,2500 gramos y más,3
2849,34,1,2,25 a 29,37 a 41,Secundaria/Polimodal Incompleta,Menos de 2500 gramos,3
2850,66,1,1,40 a 44,32 a 36,Secundario/Polimodal Completa y más,2500 gramos y más,18
2851,22,2,2,25 a 29,37 a 41,Secundaria/Polimodal Incompleta,2500 gramos y más,2
2852,22,1,1,20 a 24,28 a 31,Hasta Primaria/C.EGB Completa,Menos de 2500 gramos,2
2853,94,1,2,De 45 y más,37 a 41,Secundaria/Polimodal Incompleta,2500 gramos y más,1
2854,58,1,1,15 a 19,28 a 31,Secundaria/Polimodal Incompleta,Menos de 2500 gramos,1
2855,42,1,1,20 a 24,37 a 41,Secundaria/Polimodal Incompleta,2500 gramos y más,108
2856,94,1,1,35 a 39,28 a 31,Secundario/Polimodal Completa y más,Menos de 2500 gramos,2
2857,90,2,1,15 a 19,32 a 36,Secundario/Polimodal Completa y más,Menos de 2500 gramos,1
2858,34,1,1,15 a 19,37 a 41,Hasta Primaria/C.EGB Completa,Menos de 2500 gramos,4
2859,62,1,1,35 a 39,37 a 41,Secundario/Polimodal Completa y más,Menos de 2500 gramos,4
2860,82,1,2,30 a 34,37 a 41,Hasta Primaria/C.EGB Completa,2500 gramos y más,619
2861,54,2,2,15 a 19,28 a 31,Secundario/Polimodal Completa y más,Menos de 2500 gramos,1
2862,90,1,2,Menor de 15,Sin especificar,Hasta Primaria/C.EGB Completa,2500 gramos y más,1
2863,54,1,2,25 a 29,22 a 23,Hasta Primaria/C.EGB Completa,Menos de 2500 gramos,3
2864,6,2,2,De 45 y más,32 a 36,Secundario/Polimodal Completa y más,2500 gramos y más,4
2865,54,1,1,20 a 24,28 a 31,Secundaria/Polimodal Incompleta,Menos de 2500 gramos,1
2866,82,1,1,30 a 34,24 a 27,Secundaria/Polimodal Incompleta,Menos de 2500 gramos,4
2867,18,1,2,40 a 44,37 a 41,Secundaria/Polimodal Incompleta,Menos de 2500 gramos,3
2868,46,1,1,25 a 29,37 a 41,Secundaria/Polimodal Incompleta,2500 gramos y más,58
2869,30,1,2,40 a 44,42 y más,Secundario/Polimodal Completa y más,2500 gramos y más,1
2870,70,2,1,25 a 29,32 a 36,Secundaria/Polimodal Incompleta,Menos de 2500 gramos,4
2871,30,1,2,20 a 24,32 a 36,Hasta Primaria/C.EGB Completa,Menos de 2500 gramos,10
2872,54,2,2,35 a 39,32 a 36,Secundario/Polimodal Completa y más,Menos de 2500 gramos,4
2873,2,2,1,40 a 44,37 a 41,Secundario/Polimodal Completa y más,Menos de 2500 gramos,4
2874,2,2,2,20 a 24,32 a 36,Hasta Primaria/C.EGB Completa,2500 gramos y más,2
2875,2,2,2,20 a 24,32 a 36,Sin especificar,Menos de 2500 gramos,2
2876,90,1,2,40 a 44,37 a 41,Secundaria/Polimodal Incompleta,Menos de 2500 gramos,2
2877,14,1,1,15 a 19,37 a 41,Sin especificar,2500 gramos y más,2
2878,14,2,2,20 a 24,32 a 36,Secundario/Polimodal Completa y más,2500 gramos y más,4
2879,50,1,2,40 a 44,28 a 31,Secundario/Polimodal Completa y más,Menos de 2500 gramos,4
2880,6,2,2,20 a 24,28 a 31,Hasta Primaria/C.EGB Completa,Menos de 2500 gramos,2
2881,66,2,1,35 a 39,37 a 41,Secundario/Polimodal Completa y más,Menos de 2500 gramos,1
2882,58,1,1,40 a 44,32 a 36,Secundaria/Polimodal Incompleta,2500 gramos y más,1
2883,90,1,2,30 a 34,42 y más,Secundario/Polimodal Completa y más,2500 gramos y más,32
2884,2,9,1,25 a 29,37 a 41,Sin especificar,Menos de 2500 gramos,2
2885,66,1,1,20 a 24,37 a 41,Hasta Primaria/C.EGB Completa,Menos de 2500 gramos,6
2886,82,1,2,15 a 19,37 a 41,Sin especificar,Menos de 2500 gramos,2
2887,22,1,1,20 a 24,37 a 41,Secundario/Polimodal Completa y más,2500 gramos y más,856
2888,26,1,2,20 a 24,Sin especificar,Secundario/Polimodal Completa y más,2500 gramos y más,1
2889,38,1,2,35 a 39,32 a 36,Secundaria/Polimodal Incompleta,2500 gramos y más,2
2890,86,1,1,20 a 24,32 a 36,Secundario/Polimodal Completa y más,Menos de 2500 gramos,7
2891,42,1,1,15 a 19,37 a 41,Secundario/Polimodal Completa y más,2500 gramos y más,84
2892,62,1,2,20 a 24,37 a 41,Hasta Primaria/C.EGB Completa,2500 gramos y más,95
2893,34,2,1,30 a 34,28 a 31,Secundaria/Polimodal Incompleta,Menos de 2500 gramos,1
2894,6,1,2,Sin especificar,32 a 36,Secundaria/Polimodal Incompleta,2500 gramos y más,5
2895,90,2,2,20 a 24,32 a 36,Secundario/Polimodal Completa y más,Menos de 2500 gramos,9
2896,99,9,2,25 a 29,37 a 41,Sin especificar,2500 gramos y más,93
2897,66,1,1,20 a 24,37 a 41,Hasta Primaria/C.EGB Completa,2500 gramos y más,322
2898,46,1,2,40 a 44,37 a 41,Sin especificar,2500 gramos y más,1
2899,22,1,1,20 a 24,Sin especificar,Secundario/Polimodal Completa y más,Sin especificar,2
2900,10,1,1,35 a 39,32 a 36,Secundario/Polimodal Completa y más,2500 gramos y más,10
2901,22,1,1,25 a 29,28 a 31,Secundaria/Polimodal Incompleta,Menos de 2500 gramos,4
2902,74,1,1,30 a 34,42 y más,Secundario/Polimodal Completa y más,2500 gramos y más,1
2903,50,2,1,30 a 34,32 a 36,Secundaria/Polimodal Incompleta,Menos de 2500 gramos,9
2904,54,1,2,20 a 24,32 a 36,Secundaria/Polimodal Incompleta,2500 gramos y más,23
2905,78,2,2,25 a 29,32 a 36,Secundario/Polimodal Completa y más,Menos de 2500 gramos,2
2906,50,1,2,25 a 29,37 a 41,Hasta Primaria/C.EGB Completa,Menos de 2500 gramos,4
2907,62,1,1,15 a 19,32 a 36,Secundario/Polimodal Completa y más,2500 gramos y más,4
2908,94,1,2,35 a 39,32 a 36,Secundario/Polimodal Completa y más,Menos de 2500 gramos,2
2909,14,1,2,De 45 y más,28 a 31,Secundario/Polimodal Completa y más,Menos de 2500 gramos,1
2910,6,2,2,25 a 29,24 a 27,Secundaria/Polimodal Incompleta,Menos de 2500 gramos,1
2911,62,1,2,Menor de 15,32 a 36,Secundaria/Polimodal Incompleta,Menos de 2500 gramos,1
2912,22,1,1,20 a 24,32 a 36,Secundaria/Polimodal Incompleta,Sin especificar,1
2913,90,1,1,20 a 24,37 a 41,Hasta Primaria/C.EGB Completa,Menos de 2500 gramos,13
2914,22,1,2,30 a 34,32 a 36,Secundario/Polimodal Completa y más,2500 gramos y más,43
2915,50,1,2,35 a 39,32 a 36,Secundaria/Polimodal Incompleta,2500 gramos y más,13
2916,6,1,2,35 a 39,37 a 41,Secundario/Polimodal Completa y más,Sin especificar,7
2917,42,1,1,20 a 24,37 a 41,Hasta Primaria/C.EGB Completa,2500 gramos y más,30
2918,46,2,1,30 a 34,28 a 31,Secundario/Polimodal Completa y más,Menos de 2500 gramos,1
2919,22,1,1,25 a 29,37 a 41,Secundario/Polimodal Completa y más,Menos de 2500 gramos,28
2920,70,1,1,20 a 24,37 a 41,Secundaria/Polimodal Incompleta,2500 gramos y más,526
2921,90,1,2,35 a 39,42 y más,Secundario/Polimodal Completa y más,2500 gramos y más,14
2922,6,1,2,15 a 19,32 a 36,Hasta Primaria/C.EGB Completa,Menos de 2500 gramos,38
2923,34,1,1,30 a 34,32 a 36,Secundaria/Polimodal Incompleta,Menos de 2500 gramos,4
2924,2,9,1,40 a 44,37 a 41,Sin especificar,2500 gramos y más,60
2925,14,1,2,40 a 44,42 y más,Secundario/Polimodal Completa y más,2500 gramos y más,1
2926,66,1,1,40 a 44,22 a 23,Secundario/Polimodal Completa y más,Menos de 2500 gramos,1
2927,22,1,2,30 a 34,32 a 36,Secundaria/Polimodal Incompleta,Menos de 2500 gramos,10
2928,54,1,2,De 45 y más,32 a 36,Secundario/Polimodal Completa y más,2500 gramos y más,3
2929,6,2,1,25 a 29,24 a 27,Secundario/Polimodal Completa y más,Menos de 2500 gramos,7
2930,22,2,2,20 a 24,32 a 36,Secundario/Polimodal Completa y más,Menos de 2500 gramos,7
2931,6,2,1,35 a 39,24 a 27,Secundario/Polimodal Completa y más,Menos de 2500 gramos,2
2932,14,1,1,35 a 39,37 a 41,Sin especificar,2500 gramos y más,4
2933,18,1,1,15 a 19,Sin especificar,Sin especificar,Menos de 2500 gramos,8
2934,82,1,2,25 a 29,37 a 41,Hasta Primaria/C.EGB Completa,2500 gramos y más,850
2935,18,1,1,25 a 29,32 a 36,Sin especificar,2500 gramos y más,13
2936,50,1,2,20 a 24,37 a 41,Sin especificar,2500 gramos y más,1
2937,22,1,1,15 a 19,37 a 41,Hasta Primaria/C.EGB Completa,Sin especificar,4
2938,99,1,1,Sin especificar,Sin especificar,Sin especificar,Sin especificar,124
2939,62,1,1,15 a 19,28 a 31,Secundaria/Polimodal Incompleta,Menos de 2500 gramos,1
2940,50,1,2,15 a 19,32 a 36,Secundaria/Polimodal Incompleta,2500 gramos y más,11
2941,14,1,2,20 a 24,24 a 27,Hasta Primaria/C.EGB Completa,Menos de 2500 gramos,3
2942,94,1,1,30 a 34,37 a 41,Secundario/Polimodal Completa y más,2500 gramos y más,183
2943,62,1,2,30 a 34,24 a 27,Secundario/Polimodal Completa y más,Menos de 2500 gramos,2
2944,2,1,1,35 a 39,42 y más,Hasta Primaria/C.EGB Completa,2500 gramos y más,1
2945,82,1,1,40 a 44,42 y más,Secundario/Polimodal Completa y más,2500 gramos y más,1
2946,86,1,2,20 a 24,37 a 41,Secundaria/Polimodal Incompleta,Menos de 2500 gramos,11
2947,78,2,1,35 a 39,37 a 41,Secundario/Polimodal Completa y más,2500 gramos y más,4
2948,34,1,1,15 a 19,32 a 36,Secundaria/Polimodal Incompleta,2500 gramos y más,15
2949,74,1,2,15 a 19,24 a 27,Secundario/Polimodal Completa y más,Menos de 2500 gramos,1
2950,62,1,2,20 a 24,32 a 36,Secundario/Polimodal Completa y más,Menos de 2500 gramos,7
2951,14,1,2,35 a 39,42 y más,Secundaria/Polimodal Incompleta,2500 gramos y más,1
2952,46,1,1,30 a 34,37 a 41,Secundaria/Polimodal Incompleta,Menos de 2500 gramos,1
2953,66,1,2,30 a 34,32 a 36,Sin especificar,2500 gramos y más,2
2954,70,2,2,35 a 39,37 a 41,Secundaria/Polimodal Incompleta,2500 gramos y más,2
2955,30,1,2,25 a 29,32 a 36,Hasta Primaria/C.EGB Completa,2500 gramos y más,7
2956,18,1,2,20 a 24,42 y más,Hasta Primaria/C.EGB Completa,2500 gramos y más,1
2957,54,2,1,20 a 24,37 a 41,Secundario/Polimodal Completa y más,2500 gramos y más,4
2958,38,1,1,35 a 39,37 a 41,Hasta Primaria/C.EGB Completa,2500 gramos y más,68
2959,66,1,2,15 a 19,24 a 27,Secundaria/Polimodal Incompleta,Menos de 2500 gramos,2
2960,58,1,2,20 a 24,32 a 36,Secundario/Polimodal Completa y más,Menos de 2500 gramos,11
2961,42,1,2,De 45 y más,37 a 41,Sin especificar,2500 gramos y más,1
2962,18,1,1,35 a 39,37 a 41,Secundario/Polimodal Completa y más,Menos de 2500 gramos,13
2963,82,1,2,25 a 29,37 a 41,Secundario/Polimodal Completa y más,2500 gramos y más,2280
2964,26,1,2,20 a 24,32 a 36,Secundaria/Polimodal Incompleta,Menos de 2500 gramos,9
2965,90,1,1,20 a 24,37 a 41,Sin especificar,2500 gramos y más,10
2966,66,1,2,De 45 y más,32 a 36,Secundario/Polimodal Completa y más,2500 gramos y más,1
2967,2,2,2,40 a 44,32 a 36,Secundario/Polimodal Completa y más,Menos de 2500 gramos,14
2968,14,1,2,30 a 34,Sin especificar,Secundario/Polimodal Completa y más,2500 gramos y más,2
2969,14,2,1,20 a 24,28 a 31,Secundario/Polimodal Completa y más,Menos de 2500 gramos,5
2970,6,1,2,25 a 29,37 a 41,Secundaria/Polimodal Incompleta,Menos de 2500 gramos,112
2971,78,1,1,25 a 29,32 a 36,Hasta Primaria/C.EGB Completa,Menos de 2500 gramos,4
2972,6,2,2,35 a 39,32 a 36,Secundaria/Polimodal Incompleta,2500 gramos y más,4
2973,86,1,1,40 a 44,37 a 41,Hasta Primaria/C.EGB Completa,Menos de 2500 gramos,3
2974,90,1,2,15 a 19,37 a 41,Secundaria/Polimodal Incompleta,2500 gramos y más,341
2975,2,9,2,30 a 34,32 a 36,Sin especificar,2500 gramos y más,8
2976,6,1,2,Sin especificar,37 a 41,Secundario/Polimodal Completa y más,Menos de 2500 gramos,22
2977,6,2,2,25 a 29,37 a 41,Sin especificar,2500 gramos y más,8
2978,82,2,2,35 a 39,32 a 36,Hasta Primaria/C.EGB Completa,Menos de 2500 gramos,3
2979,70,1,1,25 a 29,24 a 27,Secundaria/Polimodal Incompleta,Menos de 2500 gramos,1
2980,62,1,2,25 a 29,37 a 41,Sin especificar,Menos de 2500 gramos,1
2981,82,1,1,30 a 34,37 a 41,Secundaria/Polimodal Incompleta,Menos de 2500 gramos,12
2982,22,1,1,25 a 29,37 a 41,Sin especificar,Sin especificar,1
2983,62,2,1,20 a 24,32 a 36,Secundaria/Polimodal Incompleta,Menos de 2500 gramos,1
2984,54,1,2,25 a 29,32 a 36,Secundaria/Polimodal Incompleta,2500 gramos y más,25
2985,42,1,1,20 a 24,24 a 27,Secundario/Polimodal Completa y más,Menos de 2500 gramos,1
2986,14,1,2,25 a 29,32 a 36,Hasta Primaria/C.EGB Completa,2500 gramos y más,17
2987,14,2,2,De 45 y más,37 a 41,Hasta Primaria/C.EGB Completa,Menos de 2500 gramos,1
2988,30,1,2,40 a 44,28 a 31,Secundario/Polimodal Completa y más,Menos de 2500 gramos,2
2989,6,1,2,25 a 29,37 a 41,Secundaria/Polimodal Incompleta,Sin especificar,4
2990,26,1,2,30 a 34,32 a 36,Secundaria/Polimodal Incompleta,Menos de 2500 gramos,2
2991,26,1,2,25 a 29,37 a 41,Secundario/Polimodal Completa y más,2500 gramos y más,466
2992,6,2,1,25 a 29,32 a 36,Sin especificar,Menos de 2500 gramos,10
2993,6,1,2,30 a 34,42 y más,Secundario/Polimodal Completa y más,2500 gramos y más,16
2994,70,1,2,20 a 24,24 a 27,Secundaria/Polimodal Incompleta,Menos de 2500 gramos,2
2995,98,1,2,30 a 34,32 a 36,Secundario/Polimodal Completa y más,2500 gramos y más,1
2996,6,1,2,30 a 34,28 a 31,Secundaria/Polimodal Incompleta,Menos de 2500 gramos,26
2997,2,1,2,20 a 24,24 a 27,Sin especificar,Menos de 2500 gramos,1
2998,58,1,1,De 45 y más,37 a 41,Secundaria/Polimodal Incompleta,2500 gramos y más,1
2999,50,2,2,25 a 29,32 a 36,Secundaria/Polimodal Incompleta,2500 gramos y más,4
3000,10,1,2,20 a 24,37 a 41,Secundario/Polimodal Completa y más,2500 gramos y más,314
3001,90,1,2,15 a 19,37 a 41,Secundaria/Polimodal Incompleta,Menos de 2500 gramos,13
3002,34,1,2,Menor de 15,32 a 36,Hasta Primaria/C.EGB Completa,2500 gramos y más,1
3003,34,1,2,30 a 34,32 a 36,Secundario/Polimodal Completa y más,2500 gramos y más,23
3004,2,2,1,35 a 39,37 a 41,Secundaria/Polimodal Incompleta,Menos de 2500 gramos,1
3005,66,1,1,20 a 24,37 a 41,Secundaria/Polimodal Incompleta,Menos de 2500 gramos,10
3006,2,1,2,25 a 29,37 a 41,Secundaria/Polimodal Incompleta,Menos de 2500 gramos,2
3007,82,1,2,30 a 34,28 a 31,Hasta Primaria/C.EGB Completa,Menos de 2500 gramos,4
3008,14,1,2,40 a 44,42 y más,Hasta Primaria/C.EGB Completa,2500 gramos y más,1
3009,26,2,2,35 a 39,32 a 36,Secundario/Polimodal Completa y más,2500 gramos y más,1
3010,50,2,1,20 a 24,37 a 41,Secundario/Polimodal Completa y más,2500 gramos y más,5
3011,6,1,2,De 45 y más,37 a 41,Secundario/Polimodal Completa y más,Sin especificar,1
3012,18,1,1,35 a 39,Sin especificar,Sin especificar,Menos de 2500 gramos,1
3013,26,2,2,20 a 24,32 a 36,Secundario/Polimodal Completa y más,Menos de 2500 gramos,2
3014,6,2,1,35 a 39,24 a 27,Hasta Primaria/C.EGB Completa,Menos de 2500 gramos,2
3015,22,2,2,30 a 34,37 a 41,Secundaria/Polimodal Incompleta,Menos de 2500 gramos,2
3016,94,1,1,20 a 24,24 a 27,Secundaria/Polimodal Incompleta,Menos de 2500 gramos,1
3017,10,1,1,35 a 39,37 a 41,Sin especificar,2500 gramos y más,1
3018,34,1,2,15 a 19,37 a 41,Secundario/Polimodal Completa y más,2500 gramos y más,80
3019,22,1,1,35 a 39,37 a 41,Hasta Primaria/C.EGB Completa,2500 gramos y más,258
3020,14,1,2,35 a 39,32 a 36,Secundaria/Polimodal Incompleta,2500 gramos y más,18
3021,22,1,1,15 a 19,32 a 36,Secundario/Polimodal Completa y más,2500 gramos y más,9
3022,22,1,9,20 a 24,Sin especificar,Sin especificar,Sin especificar,1
3023,14,2,1,25 a 29,32 a 36,Secundaria/Polimodal Incompleta,Menos de 2500 gramos,8
3024,14,1,1,35 a 39,42 y más,Secundario/Polimodal Completa y más,2500 gramos y más,2
3025,74,1,2,Menor de 15,37 a 41,Hasta Primaria/C.EGB Completa,Menos de 2500 gramos,1
3026,86,1,2,15 a 19,37 a 41,Secundaria/Polimodal Incompleta,2500 gramos y más,169
3027,6,1,2,20 a 24,Sin especificar,Sin especificar,Sin especificar,135
3028,62,2,2,30 a 34,24 a 27,Secundario/Polimodal Completa y más,Menos de 2500 gramos,1
3029,66,1,1,35 a 39,28 a 31,Hasta Primaria/C.EGB Completa,Menos de 2500 gramos,1
3030,50,1,1,15 a 19,24 a 27,Hasta Primaria/C.EGB Completa,Menos de 2500 gramos,1
3031,10,1,2,30 a 34,28 a 31,Hasta Primaria/C.EGB Completa,Menos de 2500 gramos,1
3032,6,1,2,25 a 29,37 a 41,Sin especificar,2500 gramos y más,1711
3033,66,1,1,30 a 34,32 a 36,Secundario/Polimodal Completa y más,Menos de 2500 gramos,40
3034,2,1,1,20 a 24,32 a 36,Secundaria/Polimodal Incompleta,2500 gramos y más,10
3035,30,2,2,15 a 19,37 a 41,Secundario/Polimodal Completa y más,Menos de 2500 gramos,1
3036,2,1,2,25 a 29,37 a 41,Secundaria/Polimodal Incompleta,2500 gramos y más,276
3037,30,1,1,25 a 29,42 y más,Secundaria/Polimodal Incompleta,2500 gramos y más,1
3038,90,1,2,20 a 24,42 y más,Secundario/Polimodal Completa y más,Menos de 2500 gramos,2
3039,78,1,2,30 a 34,32 a 36,Secundaria/Polimodal Incompleta,Menos de 2500 gramos,2
3040,50,2,1,25 a 29,37 a 41,Secundario/Polimodal Completa y más,2500 gramos y más,6
3041,10,1,1,30 a 34,32 a 36,Hasta Primaria/C.EGB Completa,Menos de 2500 gramos,2
3042,42,2,2,20 a 24,37 a 41,Secundario/Polimodal Completa y más,2500 gramos y más,2
3043,46,1,1,25 a 29,32 a 36,Secundaria/Polimodal Incompleta,2500 gramos y más,3
3044,66,1,1,Menor de 15,Sin especificar,Hasta Primaria/C.EGB Completa,Menos de 2500 gramos,1
3045,82,1,2,35 a 39,42 y más,Secundario/Polimodal Completa y más,2500 gramos y más,4
3046,2,9,1,40 a 44,32 a 36,Sin especificar,Menos de 2500 gramos,2
3047,54,2,2,15 a 19,37 a 41,Sin especificar,2500 gramos y más,3
3048,74,1,1,30 a 34,37 a 41,Sin especificar,2500 gramos y más,39
3049,2,1,1,25 a 29,24 a 27,Secundario/Polimodal Completa y más,Menos de 2500 gramos,7
3050,94,1,2,30 a 34,37 a 41,Secundaria/Polimodal Incompleta,2500 gramos y más,18
3051,30,1,1,25 a 29,37 a 41,Hasta Primaria/C.EGB Completa,2500 gramos y más,335
3052,38,1,1,25 a 29,32 a 36,Hasta Primaria/C.EGB Completa,2500 gramos y más,4
3053,54,1,1,30 a 34,37 a 41,Secundaria/Polimodal Incompleta,Menos de 2500 gramos,10
3054,2,1,2,De 45 y más,28 a 31,Secundario/Polimodal Completa y más,Menos de 2500 gramos,5
3055,6,1,1,Sin especificar,37 a 41,Sin especificar,Menos de 2500 gramos,8
3056,78,1,1,35 a 39,28 a 31,Hasta Primaria/C.EGB Completa,Menos de 2500 gramos,1
3057,22,1,1,40 a 44,37 a 41,Hasta Primaria/C.EGB Completa,2500 gramos y más,91
3058,82,1,2,15 a 19,37 a 41,Secundaria/Polimodal Incompleta,2500 gramos y más,965
3059,50,1,1,25 a 29,37 a 41,Hasta Primaria/C.EGB Completa,Menos de 2500 gramos,5
3060,2,2,2,25 a 29,28 a 31,Secundario/Polimodal Completa y más,Menos de 2500 gramos,2
3061,58,1,2,20 a 24,32 a 36,Secundario/Polimodal Completa y más,2500 gramos y más,10
3062,38,1,1,De 45 y más,32 a 36,Secundario/Polimodal Completa y más,Menos de 2500 gramos,2
3063,46,1,2,35 a 39,32 a 36,Hasta Primaria/C.EGB Completa,Menos de 2500 gramos,1
3064,22,1,1,40 a 44,28 a 31,Secundario/Polimodal Completa y más,Menos de 2500 gramos,4
3065,10,2,1,20 a 24,32 a 36,Hasta Primaria/C.EGB Completa,Menos de 2500 gramos,1
3066,90,2,2,30 a 34,37 a 41,Secundario/Polimodal Completa y más,2500 gramos y más,10
3067,6,1,1,25 a 29,37 a 41,Sin especificar,Sin especificar,2
3068,30,1,1,25 a 29,37 a 41,Secundario/Polimodal Completa y más,Menos de 2500 gramos,22
3069,14,1,2,30 a 34,37 a 41,Secundaria/Polimodal Incompleta,2500 gramos y más,817
3070,74,1,2,35 a 39,37 a 41,Secundaria/Polimodal Incompleta,2500 gramos y más,33
3071,18,2,2,30 a 34,24 a 27,Sin especificar,Menos de 2500 gramos,1
3072,99,9,1,35 a 39,28 a 31,Sin especificar,Menos de 2500 gramos,1
3073,22,1,2,35 a 39,Sin especificar,Sin especificar,Sin especificar,1
3074,6,1,2,20 a 24,Sin especificar,Secundaria/Polimodal Incompleta,Menos de 2500 gramos,2
3075,90,2,2,De 45 y más,37 a 41,Secundario/Polimodal Completa y más,2500 gramos y más,3
3076,30,1,2,20 a 24,37 a 41,Secundario/Polimodal Completa y más,Menos de 2500 gramos,24
3077,82,1,1,15 a 19,24 a 27,Secundaria/Polimodal Incompleta,Menos de 2500 gramos,7
3078,62,1,2,25 a 29,32 a 36,Sin especificar,2500 gramos y más,3
3079,22,1,2,20 a 24,37 a 41,Secundaria/Polimodal Incompleta,2500 gramos y más,546
3080,18,1,1,15 a 19,42 y más,Secundaria/Polimodal Incompleta,2500 gramos y más,1
3081,82,1,1,15 a 19,37 a 41,Secundaria/Polimodal Incompleta,2500 gramos y más,982
3082,90,1,1,20 a 24,Menos de 22,Secundario/Polimodal Completa y más,Menos de 2500 gramos,3
3083,18,1,1,20 a 24,24 a 27,Hasta Primaria/C.EGB Completa,Menos de 2500 gramos,1
3084,34,1,1,20 a 24,37 a 41,Secundaria/Polimodal Incompleta,Menos de 2500 gramos,5
3085,38,1,1,20 a 24,37 a 41,Secundario/Polimodal Completa y más,Menos de 2500 gramos,9
3086,6,2,1,40 a 44,28 a 31,Sin especificar,Menos de 2500 gramos,1
3087,82,1,2,Menor de 15,24 a 27,Hasta Primaria/C.EGB Completa,Menos de 2500 gramos,1
3088,50,1,2,30 a 34,32 a 36,Secundaria/Polimodal Incompleta,Menos de 2500 gramos,18
3089,62,1,2,Menor de 15,37 a 41,Hasta Primaria/C.EGB Completa,2500 gramos y más,1
3090,90,1,1,35 a 39,37 a 41,Hasta Primaria/C.EGB Completa,Menos de 2500 gramos,7
3091,30,1,1,25 a 29,37 a 41,Secundario/Polimodal Completa y más,2500 gramos y más,1007
3092,66,1,2,30 a 34,Sin especificar,Secundario/Polimodal Completa y más,Menos de 2500 gramos,2
3093,66,1,1,30 a 34,37 a 41,Secundario/Polimodal Completa y más,Menos de 2500 gramos,17
3094,30,1,2,35 a 39,32 a 36,Secundario/Polimodal Completa y más,2500 gramos y más,20
3095,30,1,2,20 a 24,28 a 31,Secundaria/Polimodal Incompleta,2500 gramos y más,1
3096,14,2,2,40 a 44,32 a 36,Secundaria/Polimodal Incompleta,Menos de 2500 gramos,1
3097,70,1,1,20 a 24,24 a 27,Secundaria/Polimodal Incompleta,Menos de 2500 gramos,3
3098,82,1,1,20 a 24,37 a 41,Secundaria/Polimodal Incompleta,2500 gramos y más,1427
3099,6,2,1,15 a 19,32 a 36,Hasta Primaria/C.EGB Completa,Menos de 2500 gramos,2
3100,74,2,1,25 a 29,37 a 41,Secundaria/Polimodal Incompleta,Menos de 2500 gramos,2
3101,62,1,2,15 a 19,37 a 41,Hasta Primaria/C.EGB Completa,2500 gramos y más,33
3102,22,1,2,35 a 39,Sin especificar,Hasta Primaria/C.EGB Completa,2500 gramos y más,3
3103,74,1,1,20 a 24,28 a 31,Secundario/Polimodal Completa y más,Menos de 2500 gramos,1
3104,86,1,2,20 a 24,28 a 31,Secundaria/Polimodal Incompleta,Menos de 2500 gramos,1
3105,94,1,2,20 a 24,32 a 36,Secundario/Polimodal Completa y más,2500 gramos y más,1
3106,2,1,1,De 45 y más,37 a 41,Secundario/Polimodal Completa y más,Menos de 2500 gramos,1
3107,82,2,1,25 a 29,32 a 36,Secundaria/Polimodal Incompleta,Menos de 2500 gramos,12
3108,66,1,1,20 a 24,32 a 36,Secundaria/Polimodal Incompleta,2500 gramos y más,33
3109,42,1,2,30 a 34,32 a 36,Secundario/Polimodal Completa y más,2500 gramos y más,10
3110,2,9,2,25 a 29,32 a 36,Sin especificar,Menos de 2500 gramos,2
3111,66,1,1,30 a 34,37 a 41,Secundario/Polimodal Completa y más,2500 gramos y más,1171
3112,90,1,2,40 a 44,Sin especificar,Hasta Primaria/C.EGB Completa,Menos de 2500 gramos,1
3113,99,9,2,20 a 24,37 a 41,Secundaria/Polimodal Incompleta,2500 gramos y más,1
3114,38,1,1,25 a 29,37 a 41,Secundaria/Polimodal Incompleta,Menos de 2500 gramos,3
3115,38,1,2,20 a 24,37 a 41,Hasta Primaria/C.EGB Completa,Menos de 2500 gramos,3
3116,62,1,1,25 a 29,32 a 36,Secundaria/Polimodal Incompleta,2500 gramos y más,8
3117,66,1,1,40 a 44,32 a 36,Hasta Primaria/C.EGB Completa,2500 gramos y más,3
3118,70,1,1,20 a 24,42 y más,Secundario/Polimodal Completa y más,2500 gramos y más,2
3119,26,1,1,De 45 y más,37 a 41,Secundario/Polimodal Completa y más,Menos de 2500 gramos,1
3120,34,2,2,15 a 19,24 a 27,Secundario/Polimodal Completa y más,Menos de 2500 gramos,2
3121,74,1,2,35 a 39,Sin especificar,Sin especificar,Sin especificar,2
3122,2,2,2,25 a 29,28 a 31,Hasta Primaria/C.EGB Completa,Menos de 2500 gramos,1
3123,6,1,9,40 a 44,37 a 41,Secundario/Polimodal Completa y más,Menos de 2500 gramos,1
3124,6,1,2,Sin especificar,37 a 41,Hasta Primaria/C.EGB Completa,2500 gramos y más,104
3125,54,1,1,25 a 29,37 a 41,Sin especificar,Sin especificar,1
3126,30,1,2,35 a 39,32 a 36,Secundario/Polimodal Completa y más,Menos de 2500 gramos,32
3127,82,1,2,25 a 29,42 y más,Sin especificar,2500 gramos y más,1
3128,66,1,2,20 a 24,37 a 41,Secundario/Polimodal Completa y más,2500 gramos y más,968
3129,99,1,2,15 a 19,Sin especificar,Sin especificar,Sin especificar,17
3130,14,2,1,30 a 34,32 a 36,Secundario/Polimodal Completa y más,2500 gramos y más,10
3131,66,1,1,30 a 34,Sin especificar,Secundaria/Polimodal Incompleta,2500 gramos y más,3
3132,18,2,2,30 a 34,37 a 41,Hasta Primaria/C.EGB Completa,2500 gramos y más,1
3133,50,2,1,15 a 19,32 a 36,Secundario/Polimodal Completa y más,2500 gramos y más,1
3134,66,1,1,25 a 29,Sin especificar,Secundario/Polimodal Completa y más,2500 gramos y más,30
3135,46,1,2,20 a 24,28 a 31,Secundario/Polimodal Completa y más,2500 gramos y más,1
3136,42,1,1,40 a 44,32 a 36,Secundaria/Polimodal Incompleta,Menos de 2500 gramos,2
3137,66,1,2,20 a 24,32 a 36,Secundario/Polimodal Completa y más,2500 gramos y más,30
3138,58,2,1,35 a 39,37 a 41,Secundaria/Polimodal Incompleta,2500 gramos y más,1
3139,22,1,2,15 a 19,42 y más,Secundaria/Polimodal Incompleta,2500 gramos y más,3
3140,18,1,1,35 a 39,32 a 36,Sin especificar,Menos de 2500 gramos,3
3141,62,1,1,De 45 y más,37 a 41,Sin especificar,2500 gramos y más,1
3142,30,1,1,30 a 34,Sin especificar,Secundaria/Polimodal Incompleta,2500 gramos y más,2
3143,6,1,2,35 a 39,28 a 31,Sin especificar,Menos de 2500 gramos,5
3144,66,1,1,40 a 44,37 a 41,Sin especificar,2500 gramos y más,2
3145,34,1,2,15 a 19,37 a 41,Secundario/Polimodal Completa y más,Menos de 2500 gramos,5
3146,6,1,2,20 a 24,24 a 27,Hasta Primaria/C.EGB Completa,Sin especificar,1
3147,10,1,2,30 a 34,37 a 41,Hasta Primaria/C.EGB Completa,Menos de 2500 gramos,2
3148,50,1,1,20 a 24,37 a 41,Hasta Primaria/C.EGB Completa,2500 gramos y más,174
3149,42,1,2,35 a 39,32 a 36,Secundario/Polimodal Completa y más,Menos de 2500 gramos,6
3150,42,2,1,30 a 34,24 a 27,Hasta Primaria/C.EGB Completa,Menos de 2500 gramos,1
3151,99,1,2,Sin especificar,37 a 41,Sin especificar,2500 gramos y más,40
3152,18,1,1,40 a 44,37 a 41,Sin especificar,2500 gramos y más,43
3153,58,2,2,25 a 29,32 a 36,Secundaria/Polimodal Incompleta,Menos de 2500 gramos,2
3154,34,2,1,30 a 34,37 a 41,Secundaria/Polimodal Incompleta,2500 gramos y más,1
3155,14,1,1,25 a 29,37 a 41,Secundario/Polimodal Completa y más,2500 gramos y más,3062
3156,46,2,1,20 a 24,32 a 36,Hasta Primaria/C.EGB Completa,2500 gramos y más,2
3157,50,2,2,30 a 34,37 a 41,Secundaria/Polimodal Incompleta,2500 gramos y más,9
3158,58,2,2,35 a 39,37 a 41,Secundario/Polimodal Completa y más,2500 gramos y más,2
3159,22,1,2,15 a 19,32 a 36,Secundario/Polimodal Completa y más,Menos de 2500 gramos,11
3160,6,1,1,40 a 44,24 a 27,Sin especificar,Menos de 2500 gramos,1
3161,70,1,1,40 a 44,32 a 36,Secundario/Polimodal Completa y más,2500 gramos y más,2
3162,66,1,2,15 a 19,32 a 36,Hasta Primaria/C.EGB Completa,Menos de 2500 gramos,6
3163,42,1,2,35 a 39,32 a 36,Hasta Primaria/C.EGB Completa,Menos de 2500 gramos,1
3164,62,1,2,15 a 19,37 a 41,Secundario/Polimodal Completa y más,Menos de 2500 gramos,2
3165,14,2,1,15 a 19,24 a 27,Secundaria/Polimodal Incompleta,Menos de 2500 gramos,1
3166,50,1,1,25 a 29,37 a 41,Secundario/Polimodal Completa y más,Menos de 2500 gramos,28
3167,99,9,1,30 a 34,37 a 41,Sin especificar,Menos de 2500 gramos,1
3168,22,1,1,35 a 39,37 a 41,Secundario/Polimodal Completa y más,Sin especificar,3
3169,70,1,2,De 45 y más,37 a 41,Secundario/Polimodal Completa y más,2500 gramos y más,2
3170,14,2,1,40 a 44,37 a 41,Secundario/Polimodal Completa y más,2500 gramos y más,7
3171,18,2,2,30 a 34,32 a 36,Secundario/Polimodal Completa y más,2500 gramos y más,3
3172,26,2,1,20 a 24,37 a 41,Hasta Primaria/C.EGB Completa,Menos de 2500 gramos,2
3173,50,2,1,20 a 24,32 a 36,Secundaria/Polimodal Incompleta,Menos de 2500 gramos,4
3174,6,1,2,30 a 34,32 a 36,Sin especificar,2500 gramos y más,51
3175,26,1,1,30 a 34,37 a 41,Hasta Primaria/C.EGB Completa,2500 gramos y más,39
3176,54,2,2,15 a 19,24 a 27,Secundaria/Polimodal Incompleta,Sin especificar,1
3177,14,1,2,40 a 44,32 a 36,Hasta Primaria/C.EGB Completa,Menos de 2500 gramos,5
3178,58,2,2,25 a 29,37 a 41,Secundario/Polimodal Completa y más,Menos de 2500 gramos,1
3179,70,1,1,25 a 29,37 a 41,Sin especificar,2500 gramos y más,1
3180,42,1,2,15 a 19,24 a 27,Secundaria/Polimodal Incompleta,Menos de 2500 gramos,1
3181,34,1,1,30 a 34,32 a 36,Secundaria/Polimodal Incompleta,2500 gramos y más,12
3182,82,1,1,35 a 39,37 a 41,Secundario/Polimodal Completa y más,2500 gramos y más,2203
3183,6,1,1,20 a 24,28 a 31,Sin especificar,Menos de 2500 gramos,15
3184,82,1,1,35 a 39,28 a 31,Hasta Primaria/C.EGB Completa,Menos de 2500 gramos,6
3185,66,1,2,30 a 34,22 a 23,Secundaria/Polimodal Incompleta,Menos de 2500 gramos,1
3186,58,1,2,25 a 29,28 a 31,Secundaria/Polimodal Incompleta,Menos de 2500 gramos,3
3187,66,1,2,20 a 24,28 a 31,Hasta Primaria/C.EGB Completa,Menos de 2500 gramos,2
3188,30,1,2,30 a 34,28 a 31,Secundario/Polimodal Completa y más,Menos de 2500 gramos,6
3189,2,1,2,25 a 29,32 a 36,Sin especificar,2500 gramos y más,1
3190,82,1,2,30 a 34,28 a 31,Hasta Primaria/C.EGB Completa,2500 gramos y más,1
3191,62,2,1,25 a 29,32 a 36,Secundaria/Polimodal Incompleta,2500 gramos y más,2
3192,6,1,2,35 a 39,42 y más,Sin especificar,2500 gramos y más,1
3193,42,2,1,35 a 39,37 a 41,Secundario/Polimodal Completa y más,2500 gramos y más,3
3194,6,1,1,20 a 24,Sin especificar,Hasta Primaria/C.EGB Completa,Sin especificar,2
3195,86,1,1,25 a 29,42 y más,Secundaria/Polimodal Incompleta,2500 gramos y más,6
3196,54,2,1,25 a 29,37 a 41,Sin especificar,Menos de 2500 gramos,2
3197,14,2,1,35 a 39,37 a 41,Secundaria/Polimodal Incompleta,2500 gramos y más,2
3198,6,1,9,20 a 24,37 a 41,Hasta Primaria/C.EGB Completa,2500 gramos y más,6
3199,18,1,1,30 a 34,42 y más,Sin especificar,2500 gramos y más,1
3200,86,1,1,35 a 39,28 a 31,Secundaria/Polimodal Incompleta,2500 gramos y más,1
3201,46,1,1,Menor de 15,32 a 36,Hasta Primaria/C.EGB Completa,2500 gramos y más,1
3202,14,1,2,35 a 39,32 a 36,Secundaria/Polimodal Incompleta,Menos de 2500 gramos,18
3203,6,2,2,De 45 y más,32 a 36,Secundario/Polimodal Completa y más,Menos de 2500 gramos,12
3204,66,1,1,40 a 44,32 a 36,Secundario/Polimodal Completa y más,Menos de 2500 gramos,7
3205,86,1,1,40 a 44,42 y más,Secundario/Polimodal Completa y más,2500 gramos y más,1
3206,90,1,1,30 a 34,28 a 31,Hasta Primaria/C.EGB Completa,Menos de 2500 gramos,1
3207,86,1,2,25 a 29,37 a 41,Hasta Primaria/C.EGB Completa,2500 gramos y más,649
3208,90,1,1,25 a 29,24 a 27,Secundaria/Polimodal Incompleta,Menos de 2500 gramos,1
3209,70,2,1,40 a 44,32 a 36,Secundario/Polimodal Completa y más,2500 gramos y más,1
3210,74,1,1,20 a 24,24 a 27,Secundaria/Polimodal Incompleta,Menos de 2500 gramos,2
3211,30,1,2,15 a 19,37 a 41,Hasta Primaria/C.EGB Completa,2500 gramos y más,146
3212,22,1,1,40 a 44,32 a 36,Secundaria/Polimodal Incompleta,2500 gramos y más,1
3213,10,1,1,35 a 39,24 a 27,Secundario/Polimodal Completa y más,Menos de 2500 gramos,1
3214,6,1,1,25 a 29,37 a 41,Secundaria/Polimodal Incompleta,Sin especificar,9
3215,86,1,1,30 a 34,24 a 27,Secundaria/Polimodal Incompleta,Menos de 2500 gramos,1
3216,6,1,1,15 a 19,32 a 36,Sin especificar,Menos de 2500 gramos,28
3217,58,2,1,20 a 24,37 a 41,Secundaria/Polimodal Incompleta,2500 gramos y más,2
3218,42,1,1,20 a 24,37 a 41,Secundaria/Polimodal Incompleta,Menos de 2500 gramos,1
3219,58,2,1,30 a 34,37 a 41,Hasta Primaria/C.EGB Completa,2500 gramos y más,3
3220,2,1,1,40 a 44,28 a 31,Secundaria/Polimodal Incompleta,Menos de 2500 gramos,2
3221,6,1,1,De 45 y más,37 a 41,Hasta Primaria/C.EGB Completa,Menos de 2500 gramos,1
3222,70,1,2,35 a 39,37 a 41,Secundaria/Polimodal Incompleta,2500 gramos y más,89
3223,90,1,1,Menor de 15,32 a 36,Sin especificar,Menos de 2500 gramos,1
3224,90,2,2,30 a 34,32 a 36,Hasta Primaria/C.EGB Completa,2500 gramos y más,5
3225,70,2,1,15 a 19,32 a 36,Secundario/Polimodal Completa y más,Menos de 2500 gramos,4
3226,6,2,1,20 a 24,28 a 31,Sin especificar,Menos de 2500 gramos,3
3227,26,1,2,20 a 24,37 a 41,Secundario/Polimodal Completa y más,Menos de 2500 gramos,3
3228,66,1,1,40 a 44,37 a 41,Secundaria/Polimodal Incompleta,Menos de 2500 gramos,2
3229,2,1,1,20 a 24,37 a 41,Hasta Primaria/C.EGB Completa,Menos de 2500 gramos,1
3230,82,1,1,15 a 19,32 a 36,Hasta Primaria/C.EGB Completa,2500 gramos y más,25
3231,70,1,2,35 a 39,28 a 31,Hasta Primaria/C.EGB Completa,Menos de 2500 gramos,1
3232,30,1,1,15 a 19,37 a 41,Secundaria/Polimodal Incompleta,Menos de 2500 gramos,15
3233,58,1,1,25 a 29,24 a 27,Secundario/Polimodal Completa y más,Menos de 2500 gramos,1
3234,6,2,1,35 a 39,28 a 31,Secundario/Polimodal Completa y más,Menos de 2500 gramos,8
3235,6,2,1,30 a 34,28 a 31,Secundario/Polimodal Completa y más,Menos de 2500 gramos,19
3236,70,1,1,25 a 29,37 a 41,Secundario/Polimodal Completa y más,Menos de 2500 gramos,18
3237,54,1,2,15 a 19,32 a 36,Secundario/Polimodal Completa y más,Menos de 2500 gramos,11
3238,54,1,2,15 a 19,24 a 27,Secundaria/Polimodal Incompleta,Menos de 2500 gramos,4
3239,18,1,2,20 a 24,37 a 41,Hasta Primaria/C.EGB Completa,2500 gramos y más,150
3240,14,1,2,40 a 44,24 a 27,Secundario/Polimodal Completa y más,Menos de 2500 gramos,1
3241,2,9,2,15 a 19,Sin especificar,Sin especificar,Sin especificar,1
3242,90,1,1,30 a 34,Sin especificar,Hasta Primaria/C.EGB Completa,2500 gramos y más,4
3243,78,1,1,15 a 19,37 a 41,Secundario/Polimodal Completa y más,Menos de 2500 gramos,1
3244,2,1,2,40 a 44,32 a 36,Secundario/Polimodal Completa y más,Menos de 2500 gramos,41
3245,82,1,2,25 a 29,28 a 31,Hasta Primaria/C.EGB Completa,2500 gramos y más,1
3246,66,1,1,15 a 19,Sin especificar,Sin especificar,2500 gramos y más,3
3247,86,1,2,20 a 24,32 a 36,Secundario/Polimodal Completa y más,2500 gramos y más,19
3248,98,1,2,40 a 44,37 a 41,Secundario/Polimodal Completa y más,2500 gramos y más,1
3249,14,1,2,40 a 44,42 y más,Hasta Primaria/C.EGB Completa,Menos de 2500 gramos,1
3250,34,1,2,30 a 34,37 a 41,Hasta Primaria/C.EGB Completa,Menos de 2500 gramos,5
3251,90,1,1,20 a 24,42 y más,Sin especificar,2500 gramos y más,2
3252,54,2,2,15 a 19,32 a 36,Secundaria/Polimodal Incompleta,Menos de 2500 gramos,4
3253,34,2,1,20 a 24,24 a 27,Secundario/Polimodal Completa y más,Menos de 2500 gramos,1
3254,90,1,2,35 a 39,37 a 41,Hasta Primaria/C.EGB Completa,2500 gramos y más,212
3255,14,1,2,30 a 34,42 y más,Hasta Primaria/C.EGB Completa,2500 gramos y más,2
3256,18,2,1,15 a 19,32 a 36,Secundario/Polimodal Completa y más,Menos de 2500 gramos,1
3257,62,1,2,25 a 29,37 a 41,Secundaria/Polimodal Incompleta,2500 gramos y más,233
3258,54,1,1,35 a 39,32 a 36,Sin especificar,Menos de 2500 gramos,2
3259,70,1,2,20 a 24,32 a 36,Hasta Primaria/C.EGB Completa,Menos de 2500 gramos,7
3260,18,1,2,20 a 24,28 a 31,Sin especificar,Menos de 2500 gramos,2
3261,86,1,2,20 a 24,32 a 36,Secundario/Polimodal Completa y más,Menos de 2500 gramos,11
3262,54,1,2,15 a 19,32 a 36,Secundario/Polimodal Completa y más,2500 gramos y más,7
3263,6,2,1,20 a 24,32 a 36,Secundario/Polimodal Completa y más,Menos de 2500 gramos,42
3264,94,2,2,20 a 24,37 a 41,Secundario/Polimodal Completa y más,2500 gramos y más,2
3265,6,1,1,15 a 19,Sin especificar,Sin especificar,2500 gramos y más,3
3266,2,1,2,30 a 34,32 a 36,Secundaria/Polimodal Incompleta,2500 gramos y más,12
3267,86,1,2,20 a 24,37 a 41,Secundaria/Polimodal Incompleta,2500 gramos y más,331
3268,50,1,1,30 a 34,28 a 31,Secundaria/Polimodal Incompleta,Menos de 2500 gramos,2
3269,50,9,2,Sin especificar,Sin especificar,Sin especificar,Sin especificar,1
3270,54,1,2,20 a 24,42 y más,Hasta Primaria/C.EGB Completa,2500 gramos y más,10
3271,6,1,2,35 a 39,Sin especificar,Hasta Primaria/C.EGB Completa,2500 gramos y más,6
3272,38,1,2,15 a 19,37 a 41,Hasta Primaria/C.EGB Completa,2500 gramos y más,22
3273,2,1,2,Sin especificar,32 a 36,Secundario/Polimodal Completa y más,Menos de 2500 gramos,1
3274,70,1,1,15 a 19,32 a 36,Secundario/Polimodal Completa y más,2500 gramos y más,4
3275,82,1,2,40 a 44,32 a 36,Hasta Primaria/C.EGB Completa,Menos de 2500 gramos,10
3276,66,1,1,25 a 29,32 a 36,Hasta Primaria/C.EGB Completa,2500 gramos y más,3
3277,46,1,2,35 a 39,37 a 41,Sin especificar,2500 gramos y más,3
3278,66,1,1,Menor de 15,37 a 41,Hasta Primaria/C.EGB Completa,2500 gramos y más,14
3279,6,1,2,20 a 24,Sin especificar,Secundaria/Polimodal Incompleta,2500 gramos y más,15
3280,90,1,1,35 a 39,37 a 41,Hasta Primaria/C.EGB Completa,2500 gramos y más,186
3281,10,1,2,15 a 19,37 a 41,Hasta Primaria/C.EGB Completa,2500 gramos y más,23
3282,2,1,1,40 a 44,32 a 36,Secundaria/Polimodal Incompleta,2500 gramos y más,2
3283,62,1,1,De 45 y más,37 a 41,Secundario/Polimodal Completa y más,2500 gramos y más,7
3284,6,1,2,40 a 44,32 a 36,Secundario/Polimodal Completa y más,Menos de 2500 gramos,109
3285,34,2,2,30 a 34,24 a 27,Secundaria/Polimodal Incompleta,Menos de 2500 gramos,1
3286,54,1,1,25 a 29,42 y más,Hasta Primaria/C.EGB Completa,2500 gramos y más,5
3287,22,2,2,20 a 24,32 a 36,Secundario/Polimodal Completa y más,2500 gramos y más,2
3288,94,1,2,15 a 19,37 a 41,Secundaria/Polimodal Incompleta,2500 gramos y más,20
3289,70,2,1,35 a 39,37 a 41,Secundario/Polimodal Completa y más,Menos de 2500 gramos,1
3290,78,1,1,30 a 34,24 a 27,Secundario/Polimodal Completa y más,Menos de 2500 gramos,2
3291,30,1,1,40 a 44,22 a 23,Secundaria/Polimodal Incompleta,Menos de 2500 gramos,1
3292,34,1,1,35 a 39,37 a 41,Secundaria/Polimodal Incompleta,2500 gramos y más,53
3293,6,1,1,30 a 34,32 a 36,Hasta Primaria/C.EGB Completa,2500 gramos y más,100
3294,46,1,2,35 a 39,Sin especificar,Secundario/Polimodal Completa y más,Menos de 2500 gramos,1
3295,82,2,2,25 a 29,37 a 41,Secundario/Polimodal Completa y más,2500 gramos y más,13
3296,54,1,1,35 a 39,37 a 41,Sin especificar,2500 gramos y más,44
3297,14,1,2,30 a 34,37 a 41,Secundaria/Polimodal Incompleta,Menos de 2500 gramos,21
3298,66,1,2,25 a 29,37 a 41,Secundaria/Polimodal Incompleta,2500 gramos y más,431
3299,2,9,2,25 a 29,32 a 36,Sin especificar,2500 gramos y más,3
3300,2,1,1,25 a 29,22 a 23,Sin especificar,Menos de 2500 gramos,1
3301,22,1,1,30 a 34,42 y más,Secundario/Polimodal Completa y más,2500 gramos y más,3
3302,2,2,1,35 a 39,37 a 41,Sin especificar,2500 gramos y más,2
3303,2,1,2,25 a 29,37 a 41,Sin especificar,2500 gramos y más,74
3304,18,1,2,20 a 24,28 a 31,Secundaria/Polimodal Incompleta,Menos de 2500 gramos,5
3305,66,1,1,15 a 19,Sin especificar,Secundaria/Polimodal Incompleta,2500 gramos y más,10
3306,6,2,2,35 a 39,37 a 41,Hasta Primaria/C.EGB Completa,Menos de 2500 gramos,5
3307,78,1,1,30 a 34,28 a 31,Secundaria/Polimodal Incompleta,Menos de 2500 gramos,1
3308,34,2,2,25 a 29,37 a 41,Secundario/Polimodal Completa y más,Menos de 2500 gramos,1
3309,54,1,1,15 a 19,37 a 41,Hasta Primaria/C.EGB Completa,2500 gramos y más,375
3310,50,1,2,20 a 24,32 a 36,Secundario/Polimodal Completa y más,Menos de 2500 gramos,37
3311,30,2,1,25 a 29,32 a 36,Secundario/Polimodal Completa y más,Menos de 2500 gramos,6
3312,66,2,2,20 a 24,37 a 41,Secundaria/Polimodal Incompleta,2500 gramos y más,1
3313,86,1,1,15 a 19,42 y más,Secundaria/Polimodal Incompleta,2500 gramos y más,4
3314,82,1,1,20 a 24,Sin especificar,Hasta Primaria/C.EGB Completa,2500 gramos y más,1
3315,22,1,1,30 a 34,37 a 41,Secundario/Polimodal Completa y más,Sin especificar,6
3316,58,1,2,40 a 44,37 a 41,Secundario/Polimodal Completa y más,Menos de 2500 gramos,1
3317,90,1,1,Menor de 15,32 a 36,Secundaria/Polimodal Incompleta,2500 gramos y más,1
3318,54,1,1,35 a 39,28 a 31,Secundario/Polimodal Completa y más,Menos de 2500 gramos,4
3319,86,1,1,15 a 19,28 a 31,Secundario/Polimodal Completa y más,Menos de 2500 gramos,3
3320,66,1,2,35 a 39,37 a 41,Secundario/Polimodal Completa y más,Menos de 2500 gramos,18
3321,6,2,2,30 a 34,32 a 36,Secundaria/Polimodal Incompleta,2500 gramos y más,4
3322,86,2,2,35 a 39,32 a 36,Secundario/Polimodal Completa y más,2500 gramos y más,2
3323,6,2,2,30 a 34,32 a 36,Secundaria/Polimodal Incompleta,Menos de 2500 gramos,13
3324,30,1,1,25 a 29,24 a 27,Secundario/Polimodal Completa y más,Menos de 2500 gramos,2
3325,6,1,1,Sin especificar,Sin especificar,Hasta Primaria/C.EGB Completa,Sin especificar,5
3326,86,1,2,Sin especificar,37 a 41,Hasta Primaria/C.EGB Completa,2500 gramos y más,5
3327,6,9,1,40 a 44,37 a 41,Secundario/Polimodal Completa y más,2500 gramos y más,2
3328,50,1,2,20 a 24,32 a 36,Secundario/Polimodal Completa y más,2500 gramos y más,29
3329,14,2,1,30 a 34,32 a 36,Secundario/Polimodal Completa y más,Menos de 2500 gramos,19
3330,58,1,1,35 a 39,37 a 41,Hasta Primaria/C.EGB Completa,2500 gramos y más,39
3331,30,2,1,25 a 29,37 a 41,Secundaria/Polimodal Incompleta,2500 gramos y más,5
3332,34,1,1,30 a 34,37 a 41,Hasta Primaria/C.EGB Completa,2500 gramos y más,108
3333,26,2,1,30 a 34,32 a 36,Sin especificar,Menos de 2500 gramos,4
3334,54,1,1,30 a 34,28 a 31,Secundaria/Polimodal Incompleta,Menos de 2500 gramos,3
3335,34,1,1,15 a 19,32 a 36,Sin especificar,2500 gramos y más,8
3336,6,2,1,30 a 34,24 a 27,Hasta Primaria/C.EGB Completa,Menos de 2500 gramos,3
3337,22,1,1,30 a 34,32 a 36,Secundario/Polimodal Completa y más,Menos de 2500 gramos,38
3338,54,2,2,30 a 34,37 a 41,Hasta Primaria/C.EGB Completa,2500 gramos y más,4
3339,6,1,2,Menor de 15,32 a 36,Sin especificar,2500 gramos y más,1
3340,50,1,2,25 a 29,37 a 41,Secundaria/Polimodal Incompleta,2500 gramos y más,782
3341,46,1,2,35 a 39,37 a 41,Secundaria/Polimodal Incompleta,Menos de 2500 gramos,2
3342,6,1,2,Sin especificar,32 a 36,Hasta Primaria/C.EGB Completa,2500 gramos y más,7
3343,58,1,2,De 45 y más,37 a 41,Hasta Primaria/C.EGB Completa,2500 gramos y más,1
3344,94,1,2,35 a 39,32 a 36,Hasta Primaria/C.EGB Completa,Menos de 2500 gramos,1
3345,14,1,2,30 a 34,22 a 23,Secundaria/Polimodal Incompleta,Menos de 2500 gramos,1
3346,74,1,1,35 a 39,37 a 41,Sin especificar,2500 gramos y más,16
3347,86,1,2,40 a 44,42 y más,Secundaria/Polimodal Incompleta,2500 gramos y más,1
3348,54,2,1,30 a 34,37 a 41,Secundario/Polimodal Completa y más,2500 gramos y más,1
3349,2,1,2,25 a 29,37 a 41,Sin especificar,Menos de 2500 gramos,2
3350,90,1,1,25 a 29,Sin especificar,Secundaria/Polimodal Incompleta,2500 gramos y más,6
3351,10,1,1,30 a 34,42 y más,Hasta Primaria/C.EGB Completa,2500 gramos y más,1
3352,30,1,1,20 a 24,24 a 27,Secundario/Polimodal Completa y más,Menos de 2500 gramos,1
3353,54,2,1,25 a 29,28 a 31,Hasta Primaria/C.EGB Completa,Menos de 2500 gramos,1
3354,42,1,2,30 a 34,28 a 31,Secundario/Polimodal Completa y más,Menos de 2500 gramos,3
3355,54,1,1,25 a 29,42 y más,Hasta Primaria/C.EGB Completa,Menos de 2500 gramos,1
3356,54,2,2,20 a 24,32 a 36,Secundario/Polimodal Completa y más,2500 gramos y más,2
3357,14,1,2,35 a 39,37 a 41,Secundario/Polimodal Completa y más,2500 gramos y más,2182
3358,18,1,1,30 a 34,Sin especificar,Hasta Primaria/C.EGB Completa,Menos de 2500 gramos,1
3359,34,1,1,15 a 19,32 a 36,Hasta Primaria/C.EGB Completa,Menos de 2500 gramos,6
3360,46,2,2,20 a 24,32 a 36,Hasta Primaria/C.EGB Completa,Menos de 2500 gramos,1
3361,74,1,2,20 a 24,28 a 31,Hasta Primaria/C.EGB Completa,Menos de 2500 gramos,1
3362,6,1,1,De 45 y más,37 a 41,Hasta Primaria/C.EGB Completa,2500 gramos y más,30
3363,2,1,1,35 a 39,28 a 31,Secundario/Polimodal Completa y más,Menos de 2500 gramos,16
3364,6,2,1,15 a 19,32 a 36,Secundaria/Polimodal Incompleta,Menos de 2500 gramos,9
3365,58,1,1,De 45 y más,32 a 36,Secundario/Polimodal Completa y más,Menos de 2500 gramos,1
3366,26,2,1,35 a 39,32 a 36,Secundario/Polimodal Completa y más,2500 gramos y más,1
3367,6,1,9,25 a 29,37 a 41,Hasta Primaria/C.EGB Completa,2500 gramos y más,10
3368,2,1,2,30 a 34,32 a 36,Secundaria/Polimodal Incompleta,Menos de 2500 gramos,7
3369,82,1,1,30 a 34,28 a 31,Hasta Primaria/C.EGB Completa,Menos de 2500 gramos,9
3370,62,1,1,15 a 19,37 a 41,Hasta Primaria/C.EGB Completa,2500 gramos y más,17
3371,22,2,1,35 a 39,28 a 31,Secundario/Polimodal Completa y más,Menos de 2500 gramos,2
3372,22,1,1,40 a 44,42 y más,Sin especificar,2500 gramos y más,1
3373,82,2,1,35 a 39,37 a 41,Secundario/Polimodal Completa y más,Menos de 2500 gramos,6
3374,90,2,2,20 a 24,37 a 41,Hasta Primaria/C.EGB Completa,Menos de 2500 gramos,3
3375,86,1,1,25 a 29,28 a 31,Secundaria/Polimodal Incompleta,Menos de 2500 gramos,1
3376,99,1,1,30 a 34,37 a 41,Secundaria/Polimodal Incompleta,2500 gramos y más,3
3377,54,1,1,35 a 39,22 a 23,Secundaria/Polimodal Incompleta,Menos de 2500 gramos,1
3378,50,2,1,35 a 39,28 a 31,Secundario/Polimodal Completa y más,Menos de 2500 gramos,3
3379,14,1,1,20 a 24,37 a 41,Secundaria/Polimodal Incompleta,2500 gramos y más,1501
3380,18,2,1,30 a 34,37 a 41,Secundario/Polimodal Completa y más,2500 gramos y más,6
3381,90,1,2,15 a 19,37 a 41,Secundaria/Polimodal Incompleta,Sin especificar,1
3382,38,1,2,De 45 y más,37 a 41,Hasta Primaria/C.EGB Completa,2500 gramos y más,1
3383,42,1,1,25 a 29,37 a 41,Secundaria/Polimodal Incompleta,Menos de 2500 gramos,1
3384,14,1,2,25 a 29,37 a 41,Secundaria/Polimodal Incompleta,Menos de 2500 gramos,32
3385,62,1,2,20 a 24,42 y más,Sin especificar,2500 gramos y más,1
3386,90,1,2,35 a 39,37 a 41,Hasta Primaria/C.EGB Completa,Menos de 2500 gramos,6
3387,66,1,1,35 a 39,Sin especificar,Secundario/Polimodal Completa y más,Menos de 2500 gramos,1
3388,70,1,1,40 a 44,28 a 31,Secundario/Polimodal Completa y más,Menos de 2500 gramos,1
3389,14,1,1,25 a 29,32 a 36,Hasta Primaria/C.EGB Completa,Menos de 2500 gramos,22
3390,82,2,1,25 a 29,32 a 36,Secundaria/Polimodal Incompleta,2500 gramos y más,12
3391,82,1,2,25 a 29,32 a 36,Secundario/Polimodal Completa y más,Menos de 2500 gramos,95
3392,66,1,2,20 a 24,Sin especificar,Sin especificar,Sin especificar,1
3393,90,1,1,20 a 24,37 a 41,Secundaria/Polimodal Incompleta,2500 gramos y más,483
3394,26,1,2,35 a 39,37 a 41,Hasta Primaria/C.EGB Completa,Menos de 2500 gramos,2
3395,66,1,2,Menor de 15,32 a 36,Secundaria/Polimodal Incompleta,2500 gramos y más,1
3396,46,1,1,40 a 44,37 a 41,Hasta Primaria/C.EGB Completa,2500 gramos y más,18
3397,38,1,1,25 a 29,37 a 41,Secundaria/Polimodal Incompleta,2500 gramos y más,158
3398,18,1,1,De 45 y más,37 a 41,Secundario/Polimodal Completa y más,2500 gramos y más,8
3399,78,1,1,35 a 39,37 a 41,Secundario/Polimodal Completa y más,Menos de 2500 gramos,2
3400,34,2,1,35 a 39,24 a 27,Sin especificar,Menos de 2500 gramos,1
3401,58,2,1,30 a 34,32 a 36,Secundaria/Polimodal Incompleta,Menos de 2500 gramos,2
3402,18,1,2,30 a 34,32 a 36,Hasta Primaria/C.EGB Completa,2500 gramos y más,6
3403,38,1,1,De 45 y más,32 a 36,Secundario/Polimodal Completa y más,2500 gramos y más,1
3404,18,1,1,De 45 y más,28 a 31,Secundario/Polimodal Completa y más,Menos de 2500 gramos,1
3405,86,1,2,20 a 24,42 y más,Secundario/Polimodal Completa y más,2500 gramos y más,1
3406,42,1,2,20 a 24,32 a 36,Secundario/Polimodal Completa y más,Menos de 2500 gramos,10
3407,54,1,2,30 a 34,37 a 41,Hasta Primaria/C.EGB Completa,2500 gramos y más,421
3408,90,1,1,40 a 44,28 a 31,Hasta Primaria/C.EGB Completa,Menos de 2500 gramos,1
3409,34,1,2,25 a 29,32 a 36,Secundario/Polimodal Completa y más,Menos de 2500 gramos,14
3410,86,1,1,25 a 29,37 a 41,Secundaria/Polimodal Incompleta,2500 gramos y más,316
3411,10,2,1,35 a 39,32 a 36,Secundario/Polimodal Completa y más,2500 gramos y más,2
3412,54,1,2,35 a 39,28 a 31,Hasta Primaria/C.EGB Completa,Menos de 2500 gramos,2
3413,82,2,2,35 a 39,32 a 36,Secundaria/Polimodal Incompleta,2500 gramos y más,1
3414,74,1,1,25 a 29,42 y más,Secundaria/Polimodal Incompleta,2500 gramos y más,2
3415,6,2,2,15 a 19,32 a 36,Hasta Primaria/C.EGB Completa,Menos de 2500 gramos,6
3416,54,9,2,25 a 29,37 a 41,Sin especificar,2500 gramos y más,1
3417,90,2,2,30 a 34,37 a 41,Secundario/Polimodal Completa y más,Menos de 2500 gramos,5
3418,50,1,2,20 a 24,32 a 36,Hasta Primaria/C.EGB Completa,2500 gramos y más,4
3419,74,1,1,40 a 44,32 a 36,Secundario/Polimodal Completa y más,Menos de 2500 gramos,3
3420,86,1,1,40 a 44,32 a 36,Secundario/Polimodal Completa y más,Menos de 2500 gramos,4
3421,30,1,1,40 a 44,37 a 41,Hasta Primaria/C.EGB Completa,Menos de 2500 gramos,2
3422,66,1,1,25 a 29,24 a 27,Secundaria/Polimodal Incompleta,Menos de 2500 gramos,1
3423,82,1,1,40 a 44,32 a 36,Hasta Primaria/C.EGB Completa,2500 gramos y más,2
3424,70,2,1,25 a 29,32 a 36,Secundario/Polimodal Completa y más,Menos de 2500 gramos,10
3425,62,1,1,20 a 24,32 a 36,Hasta Primaria/C.EGB Completa,2500 gramos y más,3
3426,86,1,1,40 a 44,28 a 31,Hasta Primaria/C.EGB Completa,Menos de 2500 gramos,1
3427,90,2,2,20 a 24,32 a 36,Secundaria/Polimodal Incompleta,Menos de 2500 gramos,2
3428,54,2,1,35 a 39,37 a 41,Hasta Primaria/C.EGB Completa,Menos de 2500 gramos,2
3429,6,2,2,30 a 34,28 a 31,Sin especificar,Menos de 2500 gramos,2
3430,66,2,2,35 a 39,37 a 41,Secundario/Polimodal Completa y más,Menos de 2500 gramos,8
3431,66,1,1,20 a 24,Sin especificar,Sin especificar,2500 gramos y más,3
3432,42,1,1,35 a 39,32 a 36,Secundario/Polimodal Completa y más,2500 gramos y más,7
3433,90,2,2,25 a 29,28 a 31,Secundaria/Polimodal Incompleta,Menos de 2500 gramos,2
3434,6,2,1,30 a 34,28 a 31,Secundario/Polimodal Completa y más,2500 gramos y más,1
3435,46,1,2,25 a 29,24 a 27,Secundario/Polimodal Completa y más,Menos de 2500 gramos,1
3436,70,2,1,30 a 34,37 a 41,Hasta Primaria/C.EGB Completa,2500 gramos y más,1
3437,6,1,1,Menor de 15,37 a 41,Secundario/Polimodal Completa y más,2500 gramos y más,1
3438,46,2,2,25 a 29,28 a 31,Secundario/Polimodal Completa y más,Menos de 2500 gramos,1
3439,30,1,2,25 a 29,24 a 27,Secundario/Polimodal Completa y más,Menos de 2500 gramos,2
3440,74,1,1,30 a 34,32 a 36,Secundario/Polimodal Completa y más,2500 gramos y más,18
3441,82,1,1,30 a 34,32 a 36,Hasta Primaria/C.EGB Completa,2500 gramos y más,37
3442,22,1,1,40 a 44,37 a 41,Hasta Primaria/C.EGB Completa,Menos de 2500 gramos,6
3443,14,2,1,15 a 19,32 a 36,Secundario/Polimodal Completa y más,Menos de 2500 gramos,1
3444,90,1,2,20 a 24,37 a 41,Secundario/Polimodal Completa y más,Sin especificar,2
3445,14,1,2,20 a 24,37 a 41,Hasta Primaria/C.EGB Completa,2500 gramos y más,444
3446,10,1,2,35 a 39,37 a 41,Secundaria/Polimodal Incompleta,Menos de 2500 gramos,1
3447,62,1,2,20 a 24,42 y más,Secundario/Polimodal Completa y más,2500 gramos y más,2
3448,42,1,1,35 a 39,32 a 36,Secundario/Polimodal Completa y más,Menos de 2500 gramos,3
3449,90,1,1,20 a 24,24 a 27,Secundario/Polimodal Completa y más,Menos de 2500 gramos,5
3450,54,1,2,35 a 39,37 a 41,Hasta Primaria/C.EGB Completa,Menos de 2500 gramos,9
3451,74,1,1,40 a 44,32 a 36,Secundario/Polimodal Completa y más,2500 gramos y más,5
3452,38,1,1,40 a 44,42 y más,Hasta Primaria/C.EGB Completa,2500 gramos y más,1
3453,22,1,2,15 a 19,37 a 41,Hasta Primaria/C.EGB Completa,Sin especificar,2
3454,58,2,2,20 a 24,32 a 36,Secundaria/Polimodal Incompleta,2500 gramos y más,1
3455,66,1,2,25 a 29,Sin especificar,Secundario/Polimodal Completa y más,2500 gramos y más,33
3456,82,1,1,25 a 29,28 a 31,Secundaria/Polimodal Incompleta,Menos de 2500 gramos,12
3457,54,1,1,30 a 34,32 a 36,Secundario/Polimodal Completa y más,Menos de 2500 gramos,28
3458,14,2,2,De 45 y más,37 a 41,Hasta Primaria/C.EGB Completa,2500 gramos y más,1
3459,2,1,2,30 a 34,37 a 41,Hasta Primaria/C.EGB Completa,Menos de 2500 gramos,5
3460,6,1,2,35 a 39,42 y más,Secundaria/Polimodal Incompleta,2500 gramos y más,3
3461,6,1,1,25 a 29,Sin especificar,Hasta Primaria/C.EGB Completa,Menos de 2500 gramos,1
3462,74,1,1,30 a 34,32 a 36,Secundaria/Polimodal Incompleta,Menos de 2500 gramos,2
3463,10,1,1,25 a 29,42 y más,Hasta Primaria/C.EGB Completa,2500 gramos y más,1
3464,82,1,1,20 a 24,32 a 36,Secundaria/Polimodal Incompleta,2500 gramos y más,76
3465,82,2,1,35 a 39,32 a 36,Secundario/Polimodal Completa y más,2500 gramos y más,9
3466,82,1,2,25 a 29,32 a 36,Secundario/Polimodal Completa y más,2500 gramos y más,96
3467,18,2,1,15 a 19,32 a 36,Secundaria/Polimodal Incompleta,2500 gramos y más,1
3468,58,1,2,40 a 44,37 a 41,Secundario/Polimodal Completa y más,2500 gramos y más,89
3469,22,1,1,15 a 19,28 a 31,Secundario/Polimodal Completa y más,Menos de 2500 gramos,1
3470,94,1,1,30 a 34,Sin especificar,Sin especificar,2500 gramos y más,1
3471,54,1,2,30 a 34,42 y más,Secundario/Polimodal Completa y más,2500 gramos y más,5
3472,6,1,2,De 45 y más,37 a 41,Sin especificar,Menos de 2500 gramos,1
3473,18,2,1,30 a 34,32 a 36,Secundario/Polimodal Completa y más,2500 gramos y más,2
3474,38,1,1,35 a 39,32 a 36,Secundario/Polimodal Completa y más,Menos de 2500 gramos,20
3475,54,2,2,15 a 19,24 a 27,Secundaria/Polimodal Incompleta,Menos de 2500 gramos,1
3476,6,1,1,25 a 29,Sin especificar,Secundario/Polimodal Completa y más,Sin especificar,3
3477,26,2,1,35 a 39,37 a 41,Sin especificar,2500 gramos y más,3
3478,54,1,2,35 a 39,32 a 36,Hasta Primaria/C.EGB Completa,Menos de 2500 gramos,16
3479,18,1,1,25 a 29,42 y más,Hasta Primaria/C.EGB Completa,2500 gramos y más,1
3480,14,1,2,35 a 39,24 a 27,Secundaria/Polimodal Incompleta,Menos de 2500 gramos,2
3481,70,1,2,15 a 19,32 a 36,Secundaria/Polimodal Incompleta,Menos de 2500 gramos,14
3482,10,2,1,20 a 24,32 a 36,Secundario/Polimodal Completa y más,2500 gramos y más,2
3483,18,2,2,30 a 34,37 a 41,Hasta Primaria/C.EGB Completa,Menos de 2500 gramos,1
3484,66,1,2,20 a 24,28 a 31,Secundaria/Polimodal Incompleta,Menos de 2500 gramos,4
3485,14,1,1,40 a 44,37 a 41,Secundario/Polimodal Completa y más,2500 gramos y más,562
3486,86,1,2,30 a 34,37 a 41,Secundario/Polimodal Completa y más,Sin especificar,1
3487,38,1,2,30 a 34,42 y más,Hasta Primaria/C.EGB Completa,2500 gramos y más,1
3488,74,1,2,20 a 24,37 a 41,Secundario/Polimodal Completa y más,Menos de 2500 gramos,6
3489,2,2,2,35 a 39,32 a 36,Sin especificar,Menos de 2500 gramos,4
3490,10,1,2,20 a 24,32 a 36,Secundario/Polimodal Completa y más,2500 gramos y más,9
3491,6,1,1,25 a 29,24 a 27,Sin especificar,Menos de 2500 gramos,4
3492,6,2,2,40 a 44,28 a 31,Secundario/Polimodal Completa y más,Menos de 2500 gramos,8
3493,30,1,2,20 a 24,42 y más,Secundario/Polimodal Completa y más,2500 gramos y más,2
3494,2,2,1,35 a 39,28 a 31,Secundario/Polimodal Completa y más,Menos de 2500 gramos,8
3495,82,1,2,30 a 34,32 a 36,Sin especificar,Menos de 2500 gramos,2
3496,90,1,2,35 a 39,37 a 41,Secundario/Polimodal Completa y más,Menos de 2500 gramos,30
3497,34,1,2,Menor de 15,37 a 41,Hasta Primaria/C.EGB Completa,Menos de 2500 gramos,1
3498,38,2,2,40 a 44,37 a 41,Secundario/Polimodal Completa y más,Menos de 2500 gramos,2
3499,26,2,2,30 a 34,37 a 41,Secundaria/Polimodal Incompleta,2500 gramos y más,5
3500,2,1,2,25 a 29,32 a 36,Secundaria/Polimodal Incompleta,Menos de 2500 gramos,6
3501,2,2,2,25 a 29,37 a 41,Secundaria/Polimodal Incompleta,Menos de 2500 gramos,1
3502,6,1,1,Menor de 15,37 a 41,Sin especificar,2500 gramos y más,11
3503,82,1,1,30 a 34,32 a 36,Secundaria/Polimodal Incompleta,2500 gramos y más,48
3504,14,1,2,20 a 24,24 a 27,Secundario/Polimodal Completa y más,Menos de 2500 gramos,7
3505,18,1,1,40 a 44,37 a 41,Sin especificar,Menos de 2500 gramos,4
3506,82,1,2,30 a 34,32 a 36,Sin especificar,2500 gramos y más,1
3507,30,1,2,40 a 44,32 a 36,Secundario/Polimodal Completa y más,2500 gramos y más,6
3508,18,1,1,15 a 19,37 a 41,Sin especificar,Menos de 2500 gramos,6
3509,78,1,2,15 a 19,37 a 41,Secundario/Polimodal Completa y más,2500 gramos y más,32
3510,42,1,2,30 a 34,32 a 36,Secundario/Polimodal Completa y más,Menos de 2500 gramos,12
3511,70,2,1,30 a 34,37 a 41,Secundario/Polimodal Completa y más,2500 gramos y más,8
3512,2,2,1,15 a 19,28 a 31,Secundario/Polimodal Completa y más,Menos de 2500 gramos,2
3513,42,1,2,20 a 24,28 a 31,Secundaria/Polimodal Incompleta,Menos de 2500 gramos,1
3514,62,1,1,40 a 44,32 a 36,Secundaria/Polimodal Incompleta,Menos de 2500 gramos,1
3515,78,1,1,15 a 19,32 a 36,Secundaria/Polimodal Incompleta,Menos de 2500 gramos,2
3516,30,1,1,40 a 44,37 a 41,Secundario/Polimodal Completa y más,Menos de 2500 gramos,6
3517,2,2,2,35 a 39,37 a 41,Secundario/Polimodal Completa y más,2500 gramos y más,27
3518,6,1,1,30 a 34,42 y más,Sin especificar,2500 gramos y más,4
3519,26,2,1,30 a 34,37 a 41,Secundario/Polimodal Completa y más,2500 gramos y más,4
3520,2,9,2,35 a 39,37 a 41,Secundario/Polimodal Completa y más,2500 gramos y más,2
3521,50,1,1,15 a 19,32 a 36,Hasta Primaria/C.EGB Completa,Menos de 2500 gramos,5
3522,54,1,1,35 a 39,37 a 41,Sin especificar,Menos de 2500 gramos,3
3523,90,2,1,35 a 39,37 a 41,Secundario/Polimodal Completa y más,Menos de 2500 gramos,2
3524,58,2,1,30 a 34,37 a 41,Secundario/Polimodal Completa y más,2500 gramos y más,5
3525,26,2,2,25 a 29,37 a 41,Secundario/Polimodal Completa y más,2500 gramos y más,1
3526,70,2,1,30 a 34,37 a 41,Secundario/Polimodal Completa y más,Menos de 2500 gramos,1
3527,66,1,2,35 a 39,24 a 27,Secundario/Polimodal Completa y más,Menos de 2500 gramos,1
3528,86,1,1,25 a 29,37 a 41,Hasta Primaria/C.EGB Completa,2500 gramos y más,658
3529,2,1,2,25 a 29,24 a 27,Secundario/Polimodal Completa y más,Menos de 2500 gramos,2
3530,6,2,1,Sin especificar,32 a 36,Secundaria/Polimodal Incompleta,Menos de 2500 gramos,2
3531,90,1,1,25 a 29,37 a 41,Hasta Primaria/C.EGB Completa,Sin especificar,2
3532,62,1,1,40 a 44,32 a 36,Secundaria/Polimodal Incompleta,2500 gramos y más,1
3533,6,1,2,25 a 29,37 a 41,Secundaria/Polimodal Incompleta,2500 gramos y más,3791
3534,26,1,2,15 a 19,37 a 41,Sin especificar,Menos de 2500 gramos,1
3535,62,1,1,30 a 34,32 a 36,Hasta Primaria/C.EGB Completa,2500 gramos y más,3
3536,66,1,1,30 a 34,37 a 41,Hasta Primaria/C.EGB Completa,Menos de 2500 gramos,5
3537,46,1,1,25 a 29,32 a 36,Secundaria/Polimodal Incompleta,Menos de 2500 gramos,4
3538,62,2,1,20 a 24,37 a 41,Secundario/Polimodal Completa y más,2500 gramos y más,1
3539,6,1,2,20 a 24,42 y más,Secundaria/Polimodal Incompleta,2500 gramos y más,18
3540,6,1,1,Sin especificar,42 y más,Secundaria/Polimodal Incompleta,2500 gramos y más,1
3541,6,2,2,30 a 34,37 a 41,Secundaria/Polimodal Incompleta,Menos de 2500 gramos,3
3542,90,2,2,20 a 24,37 a 41,Secundaria/Polimodal Incompleta,Menos de 2500 gramos,3
3543,82,1,2,40 a 44,28 a 31,Secundario/Polimodal Completa y más,2500 gramos y más,1
3544,6,2,1,40 a 44,32 a 36,Hasta Primaria/C.EGB Completa,Menos de 2500 gramos,5
3545,22,1,1,35 a 39,37 a 41,Hasta Primaria/C.EGB Completa,Menos de 2500 gramos,9
3546,54,2,2,35 a 39,32 a 36,Secundaria/Polimodal Incompleta,2500 gramos y más,1
3547,62,1,2,25 a 29,32 a 36,Secundaria/Polimodal Incompleta,2500 gramos y más,9
3548,99,1,1,35 a 39,28 a 31,Sin especificar,Menos de 2500 gramos,1
3549,18,1,1,40 a 44,32 a 36,Secundaria/Polimodal Incompleta,Menos de 2500 gramos,2
3550,34,1,2,20 a 24,37 a 41,Hasta Primaria/C.EGB Completa,Menos de 2500 gramos,4
3551,6,1,2,20 a 24,37 a 41,Hasta Primaria/C.EGB Completa,2500 gramos y más,1900
3552,50,1,2,30 a 34,22 a 23,Secundario/Polimodal Completa y más,Menos de 2500 gramos,1
3553,14,1,1,35 a 39,32 a 36,Hasta Primaria/C.EGB Completa,2500 gramos y más,15
3554,94,1,1,25 a 29,37 a 41,Secundaria/Polimodal Incompleta,Menos de 2500 gramos,1
3555,10,1,2,20 a 24,32 a 36,Secundario/Polimodal Completa y más,Menos de 2500 gramos,10
3556,70,1,1,35 a 39,32 a 36,Secundaria/Polimodal Incompleta,2500 gramos y más,7
3557,82,1,2,20 a 24,37 a 41,Hasta Primaria/C.EGB Completa,Menos de 2500 gramos,25
3558,62,1,1,25 a 29,32 a 36,Secundaria/Polimodal Incompleta,Menos de 2500 gramos,11
3559,6,1,1,Sin especificar,32 a 36,Hasta Primaria/C.EGB Completa,Menos de 2500 gramos,5
3560,90,2,2,De 45 y más,37 a 41,Secundario/Polimodal Completa y más,Menos de 2500 gramos,1
3561,18,1,2,20 a 24,32 a 36,Secundaria/Polimodal Incompleta,2500 gramos y más,13
3562,6,1,2,30 a 34,32 a 36,Secundario/Polimodal Completa y más,Sin especificar,2
3563,10,1,1,De 45 y más,37 a 41,Hasta Primaria/C.EGB Completa,Menos de 2500 gramos,1
3564,54,1,1,15 a 19,32 a 36,Secundaria/Polimodal Incompleta,2500 gramos y más,27
3565,10,2,1,20 a 24,32 a 36,Secundario/Polimodal Completa y más,Menos de 2500 gramos,2
3566,10,1,1,35 a 39,28 a 31,Secundario/Polimodal Completa y más,Menos de 2500 gramos,1
3567,6,9,2,15 a 19,32 a 36,Sin especificar,2500 gramos y más,2
3568,66,1,1,40 a 44,37 a 41,Hasta Primaria/C.EGB Completa,Menos de 2500 gramos,1
3569,42,2,2,25 a 29,37 a 41,Secundaria/Polimodal Incompleta,2500 gramos y más,3
3570,34,1,2,40 a 44,32 a 36,Secundario/Polimodal Completa y más,2500 gramos y más,3
3571,6,1,2,Sin especificar,37 a 41,Hasta Primaria/C.EGB Completa,Menos de 2500 gramos,5
3572,54,1,2,20 a 24,32 a 36,Sin especificar,2500 gramos y más,4
3573,34,1,2,30 a 34,32 a 36,Secundario/Polimodal Completa y más,Menos de 2500 gramos,10
3574,94,1,1,25 a 29,32 a 36,Hasta Primaria/C.EGB Completa,2500 gramos y más,1
3575,90,1,1,35 a 39,37 a 41,Secundario/Polimodal Completa y más,Menos de 2500 gramos,12
3576,66,2,2,25 a 29,37 a 41,Secundaria/Polimodal Incompleta,2500 gramos y más,5
3577,22,2,1,20 a 24,37 a 41,Secundario/Polimodal Completa y más,Menos de 2500 gramos,3
3578,22,1,2,De 45 y más,37 a 41,Sin especificar,2500 gramos y más,1
3579,90,1,1,25 a 29,Menos de 22,Secundaria/Polimodal Incompleta,Menos de 2500 gramos,1
3580,14,2,1,30 a 34,37 a 41,Hasta Primaria/C.EGB Completa,2500 gramos y más,1
3581,54,2,2,25 a 29,37 a 41,Hasta Primaria/C.EGB Completa,Menos de 2500 gramos,3
3582,74,1,2,35 a 39,32 a 36,Hasta Primaria/C.EGB Completa,Menos de 2500 gramos,1
3583,74,1,2,25 a 29,37 a 41,Hasta Primaria/C.EGB Completa,Menos de 2500 gramos,1
3584,50,2,1,25 a 29,32 a 36,Secundaria/Polimodal Incompleta,Menos de 2500 gramos,3
3585,30,1,1,15 a 19,32 a 36,Secundaria/Polimodal Incompleta,Menos de 2500 gramos,19
3586,38,1,1,40 a 44,37 a 41,Hasta Primaria/C.EGB Completa,2500 gramos y más,24
3587,86,1,2,35 a 39,24 a 27,Secundaria/Polimodal Incompleta,Menos de 2500 gramos,2
3588,78,1,2,25 a 29,32 a 36,Secundario/Polimodal Completa y más,2500 gramos y más,10
3589,34,1,2,Menor de 15,37 a 41,Secundaria/Polimodal Incompleta,2500 gramos y más,9
3590,14,1,1,25 a 29,42 y más,Secundaria/Polimodal Incompleta,2500 gramos y más,2
3591,6,1,1,30 a 34,37 a 41,Secundaria/Polimodal Incompleta,2500 gramos y más,2812
3592,82,1,1,35 a 39,37 a 41,Hasta Primaria/C.EGB Completa,2500 gramos y más,332
3593,14,2,2,30 a 34,32 a 36,Secundario/Polimodal Completa y más,2500 gramos y más,5
3594,90,1,2,35 a 39,32 a 36,Secundaria/Polimodal Incompleta,Menos de 2500 gramos,5
3595,50,1,1,30 a 34,37 a 41,Hasta Primaria/C.EGB Completa,2500 gramos y más,241
3596,66,2,2,35 a 39,37 a 41,Hasta Primaria/C.EGB Completa,2500 gramos y más,2
3597,10,1,1,25 a 29,32 a 36,Secundaria/Polimodal Incompleta,Menos de 2500 gramos,2
3598,22,1,1,25 a 29,28 a 31,Secundario/Polimodal Completa y más,Menos de 2500 gramos,9
3599,14,1,2,30 a 34,28 a 31,Secundario/Polimodal Completa y más,Menos de 2500 gramos,30
3600,22,1,1,30 a 34,37 a 41,Hasta Primaria/C.EGB Completa,2500 gramos y más,431
3601,10,1,1,15 a 19,32 a 36,Secundaria/Polimodal Incompleta,2500 gramos y más,7
3602,82,1,1,20 a 24,37 a 41,Sin especificar,2500 gramos y más,41
3603,14,1,2,35 a 39,Sin especificar,Secundaria/Polimodal Incompleta,2500 gramos y más,1
3604,58,1,1,20 a 24,28 a 31,Secundaria/Polimodal Incompleta,Menos de 2500 gramos,4
3605,14,1,2,35 a 39,28 a 31,Secundario/Polimodal Completa y más,Menos de 2500 gramos,12
3606,94,1,1,25 a 29,37 a 41,Sin especificar,2500 gramos y más,2
3607,14,2,2,40 a 44,37 a 41,Secundario/Polimodal Completa y más,Menos de 2500 gramos,8
3608,6,1,1,25 a 29,Sin especificar,Hasta Primaria/C.EGB Completa,2500 gramos y más,11
3609,14,1,2,25 a 29,37 a 41,Hasta Primaria/C.EGB Completa,2500 gramos y más,459
3610,94,1,2,15 a 19,32 a 36,Secundaria/Polimodal Incompleta,Menos de 2500 gramos,2
3611,74,1,1,15 a 19,32 a 36,Secundario/Polimodal Completa y más,2500 gramos y más,4
3612,6,2,1,25 a 29,37 a 41,Hasta Primaria/C.EGB Completa,Menos de 2500 gramos,3
3613,82,1,2,25 a 29,42 y más,Secundario/Polimodal Completa y más,2500 gramos y más,4
3614,2,1,1,20 a 24,32 a 36,Secundaria/Polimodal Incompleta,Menos de 2500 gramos,10
3615,18,2,1,Menor de 15,24 a 27,Secundaria/Polimodal Incompleta,Menos de 2500 gramos,2
3616,30,1,1,40 a 44,37 a 41,Hasta Primaria/C.EGB Completa,2500 gramos y más,54
3617,10,1,2,20 a 24,32 a 36,Hasta Primaria/C.EGB Completa,2500 gramos y más,1
3618,46,2,2,35 a 39,42 y más,Secundaria/Polimodal Incompleta,2500 gramos y más,1
3619,46,1,1,30 a 34,24 a 27,Secundario/Polimodal Completa y más,Menos de 2500 gramos,1
3620,70,2,1,30 a 34,37 a 41,Hasta Primaria/C.EGB Completa,Menos de 2500 gramos,1
3621,70,2,1,30 a 34,32 a 36,Secundario/Polimodal Completa y más,Menos de 2500 gramos,7
3622,30,1,2,25 a 29,32 a 36,Hasta Primaria/C.EGB Completa,Menos de 2500 gramos,8
3623,70,1,2,20 a 24,28 a 31,Secundaria/Polimodal Incompleta,2500 gramos y más,1
3624,22,1,2,20 a 24,37 a 41,Sin especificar,Sin especificar,2
3625,42,2,2,30 a 34,37 a 41,Secundaria/Polimodal Incompleta,2500 gramos y más,6
3626,26,1,2,40 a 44,37 a 41,Secundaria/Polimodal Incompleta,2500 gramos y más,20
3627,34,1,2,De 45 y más,37 a 41,Hasta Primaria/C.EGB Completa,2500 gramos y más,4
3628,82,1,1,20 a 24,Sin especificar,Secundario/Polimodal Completa y más,2500 gramos y más,2
3629,90,1,1,15 a 19,24 a 27,Secundario/Polimodal Completa y más,Menos de 2500 gramos,1
3630,30,1,1,30 a 34,32 a 36,Secundaria/Polimodal Incompleta,Menos de 2500 gramos,10
3631,54,1,1,25 a 29,24 a 27,Secundario/Polimodal Completa y más,Sin especificar,1
3632,98,1,2,35 a 39,37 a 41,Secundario/Polimodal Completa y más,2500 gramos y más,6
3633,18,1,1,25 a 29,37 a 41,Secundaria/Polimodal Incompleta,Menos de 2500 gramos,4
3634,34,1,1,20 a 24,32 a 36,Secundaria/Polimodal Incompleta,Menos de 2500 gramos,13
3635,18,2,1,20 a 24,37 a 41,Secundaria/Polimodal Incompleta,2500 gramos y más,2
3636,38,1,1,40 a 44,32 a 36,Hasta Primaria/C.EGB Completa,Menos de 2500 gramos,3
3637,22,2,1,30 a 34,37 a 41,Secundario/Polimodal Completa y más,2500 gramos y más,5
3638,54,1,2,20 a 24,42 y más,Secundaria/Polimodal Incompleta,2500 gramos y más,9
3639,86,1,1,25 a 29,32 a 36,Secundario/Polimodal Completa y más,Menos de 2500 gramos,12
3640,66,1,2,15 a 19,Sin especificar,Secundario/Polimodal Completa y más,2500 gramos y más,4
3641,62,1,2,30 a 34,32 a 36,Secundaria/Polimodal Incompleta,2500 gramos y más,7
3642,58,1,2,35 a 39,32 a 36,Secundario/Polimodal Completa y más,2500 gramos y más,12
3643,2,9,2,30 a 34,37 a 41,Sin especificar,2500 gramos y más,149
3644,14,1,1,25 a 29,24 a 27,Secundaria/Polimodal Incompleta,Menos de 2500 gramos,8
3645,2,1,2,15 a 19,28 a 31,Hasta Primaria/C.EGB Completa,Menos de 2500 gramos,1
3646,86,1,1,25 a 29,37 a 41,Secundaria/Polimodal Incompleta,Menos de 2500 gramos,2
3647,14,2,1,25 a 29,32 a 36,Secundaria/Polimodal Incompleta,2500 gramos y más,2
3648,70,2,1,25 a 29,24 a 27,Secundaria/Polimodal Incompleta,Menos de 2500 gramos,1
3649,66,2,2,15 a 19,32 a 36,Hasta Primaria/C.EGB Completa,Menos de 2500 gramos,3
3650,54,2,1,35 a 39,32 a 36,Secundario/Polimodal Completa y más,2500 gramos y más,4
3651,18,2,2,25 a 29,32 a 36,Hasta Primaria/C.EGB Completa,Menos de 2500 gramos,3
3652,90,2,2,20 a 24,32 a 36,Secundaria/Polimodal Incompleta,2500 gramos y más,1
3653,30,2,2,25 a 29,37 a 41,Secundaria/Polimodal Incompleta,Menos de 2500 gramos,3
3654,86,1,1,25 a 29,Sin especificar,Hasta Primaria/C.EGB Completa,2500 gramos y más,1
3655,90,1,1,35 a 39,37 a 41,Secundario/Polimodal Completa y más,2500 gramos y más,784
3656,50,1,2,30 a 34,Sin especificar,Hasta Primaria/C.EGB Completa,2500 gramos y más,1
3657,54,1,2,20 a 24,32 a 36,Secundario/Polimodal Completa y más,2500 gramos y más,22
3658,2,2,2,40 a 44,22 a 23,Secundario/Polimodal Completa y más,Menos de 2500 gramos,2
3659,10,2,2,15 a 19,32 a 36,Secundaria/Polimodal Incompleta,Menos de 2500 gramos,3
3660,78,1,1,20 a 24,37 a 41,Secundario/Polimodal Completa y más,Menos de 2500 gramos,5
3661,14,1,2,15 a 19,37 a 41,Hasta Primaria/C.EGB Completa,2500 gramos y más,225
3662,82,2,1,30 a 34,32 a 36,Secundario/Polimodal Completa y más,Menos de 2500 gramos,34
3663,98,1,1,25 a 29,42 y más,Secundaria/Polimodal Incompleta,2500 gramos y más,1
3664,70,1,2,30 a 34,37 a 41,Hasta Primaria/C.EGB Completa,2500 gramos y más,125
3665,54,2,1,35 a 39,32 a 36,Secundario/Polimodal Completa y más,Menos de 2500 gramos,4
3666,78,1,2,35 a 39,32 a 36,Secundaria/Polimodal Incompleta,2500 gramos y más,1
3667,6,2,1,40 a 44,32 a 36,Secundario/Polimodal Completa y más,Menos de 2500 gramos,26
3668,46,2,2,25 a 29,37 a 41,Secundario/Polimodal Completa y más,2500 gramos y más,4
3669,50,1,2,35 a 39,32 a 36,Secundario/Polimodal Completa y más,Menos de 2500 gramos,29
3670,62,2,1,30 a 34,32 a 36,Hasta Primaria/C.EGB Completa,Menos de 2500 gramos,2
3671,70,1,2,15 a 19,32 a 36,Secundaria/Polimodal Incompleta,2500 gramos y más,3
3672,26,1,2,25 a 29,37 a 41,Hasta Primaria/C.EGB Completa,2500 gramos y más,31
3673,18,1,1,20 a 24,Menos de 22,Secundario/Polimodal Completa y más,Menos de 2500 gramos,2
3674,62,1,2,20 a 24,24 a 27,Sin especificar,Menos de 2500 gramos,2
3675,70,2,2,25 a 29,24 a 27,Secundaria/Polimodal Incompleta,Menos de 2500 gramos,1
3676,86,1,1,20 a 24,32 a 36,Secundaria/Polimodal Incompleta,2500 gramos y más,22
3677,50,2,2,20 a 24,28 a 31,Secundario/Polimodal Completa y más,Menos de 2500 gramos,2
3678,2,1,1,25 a 29,37 a 41,Secundaria/Polimodal Incompleta,2500 gramos y más,257
3679,50,1,2,25 a 29,42 y más,Secundaria/Polimodal Incompleta,2500 gramos y más,1
3680,66,1,1,20 a 24,37 a 41,Sin especificar,Menos de 2500 gramos,1
3681,6,2,1,Sin especificar,37 a 41,Sin especificar,2500 gramos y más,2
3682,6,1,1,20 a 24,Sin especificar,Secundario/Polimodal Completa y más,Sin especificar,3
3683,6,2,1,35 a 39,37 a 41,Secundario/Polimodal Completa y más,Menos de 2500 gramos,24
3684,38,1,2,15 a 19,42 y más,Secundaria/Polimodal Incompleta,2500 gramos y más,1
3685,86,1,2,25 a 29,Menos de 22,Hasta Primaria/C.EGB Completa,Menos de 2500 gramos,1
3686,70,1,2,15 a 19,28 a 31,Secundario/Polimodal Completa y más,Menos de 2500 gramos,1
3687,70,1,1,15 a 19,22 a 23,Hasta Primaria/C.EGB Completa,Menos de 2500 gramos,1
3688,34,1,2,20 a 24,32 a 36,Secundaria/Polimodal Incompleta,2500 gramos y más,15
3689,50,2,2,25 a 29,37 a 41,Secundario/Polimodal Completa y más,Menos de 2500 gramos,14
3690,66,1,1,20 a 24,32 a 36,Secundaria/Polimodal Incompleta,Menos de 2500 gramos,29
3691,30,2,1,40 a 44,32 a 36,Secundario/Polimodal Completa y más,2500 gramos y más,1
3692,82,1,1,15 a 19,37 a 41,Secundaria/Polimodal Incompleta,Menos de 2500 gramos,23
3693,22,1,2,30 a 34,28 a 31,Secundario/Polimodal Completa y más,Menos de 2500 gramos,8
3694,74,1,1,40 a 44,32 a 36,Sin especificar,2500 gramos y más,1
3695,82,1,1,30 a 34,37 a 41,Sin especificar,2500 gramos y más,31
3696,14,1,2,25 a 29,37 a 41,Secundaria/Polimodal Incompleta,2500 gramos y más,1210
3697,34,1,1,35 a 39,28 a 31,Hasta Primaria/C.EGB Completa,Menos de 2500 gramos,2
3698,90,1,1,35 a 39,37 a 41,Hasta Primaria/C.EGB Completa,Sin especificar,1
3699,66,1,2,25 a 29,Sin especificar,Hasta Primaria/C.EGB Completa,2500 gramos y más,8
3700,82,1,1,30 a 34,Sin especificar,Secundario/Polimodal Completa y más,2500 gramos y más,2
3701,58,1,2,30 a 34,24 a 27,Secundario/Polimodal Completa y más,Menos de 2500 gramos,2
3702,54,2,1,15 a 19,32 a 36,Secundaria/Polimodal Incompleta,Menos de 2500 gramos,4
3703,6,2,2,30 a 34,Sin especificar,Secundario/Polimodal Completa y más,2500 gramos y más,1
3704,18,1,1,25 a 29,32 a 36,Secundaria/Polimodal Incompleta,2500 gramos y más,12
3705,50,1,1,35 a 39,28 a 31,Hasta Primaria/C.EGB Completa,Menos de 2500 gramos,2
3706,62,1,1,30 a 34,37 a 41,Sin especificar,2500 gramos y más,70
3707,6,9,1,35 a 39,32 a 36,Sin especificar,2500 gramos y más,3
3708,82,2,1,35 a 39,28 a 31,Secundario/Polimodal Completa y más,Menos de 2500 gramos,4
3709,54,2,1,30 a 34,24 a 27,Secundario/Polimodal Completa y más,Menos de 2500 gramos,2
3710,18,1,1,35 a 39,32 a 36,Secundaria/Polimodal Incompleta,2500 gramos y más,4
3711,34,1,2,30 a 34,37 a 41,Secundario/Polimodal Completa y más,2500 gramos y más,257
3712,54,1,1,40 a 44,24 a 27,Hasta Primaria/C.EGB Completa,Menos de 2500 gramos,1
3713,6,1,9,40 a 44,37 a 41,Secundario/Polimodal Completa y más,2500 gramos y más,5
3714,82,2,2,20 a 24,32 a 36,Secundaria/Polimodal Incompleta,Menos de 2500 gramos,11
3715,54,1,2,35 a 39,32 a 36,Hasta Primaria/C.EGB Completa,2500 gramos y más,22
3716,46,2,1,20 a 24,32 a 36,Secundario/Polimodal Completa y más,Menos de 2500 gramos,7
3717,2,1,1,De 45 y más,37 a 41,Secundario/Polimodal Completa y más,2500 gramos y más,131
3718,26,1,1,20 a 24,28 a 31,Hasta Primaria/C.EGB Completa,Menos de 2500 gramos,1
3719,78,1,1,40 a 44,37 a 41,Secundario/Polimodal Completa y más,Menos de 2500 gramos,1
3720,46,1,1,20 a 24,32 a 36,Hasta Primaria/C.EGB Completa,2500 gramos y más,2
3721,6,1,2,40 a 44,28 a 31,Sin especificar,Menos de 2500 gramos,3
3722,62,1,2,15 a 19,28 a 31,Secundario/Polimodal Completa y más,Menos de 2500 gramos,1
3723,90,1,1,De 45 y más,37 a 41,Secundaria/Polimodal Incompleta,2500 gramos y más,1
3724,2,9,2,25 a 29,37 a 41,Secundario/Polimodal Completa y más,2500 gramos y más,1
3725,74,1,1,40 a 44,32 a 36,Hasta Primaria/C.EGB Completa,2500 gramos y más,1
3726,18,1,2,30 a 34,37 a 41,Secundaria/Polimodal Incompleta,Menos de 2500 gramos,8
3727,70,1,2,30 a 34,37 a 41,Secundario/Polimodal Completa y más,2500 gramos y más,619
3728,54,2,2,30 a 34,32 a 36,Secundaria/Polimodal Incompleta,Menos de 2500 gramos,2
3729,62,1,2,15 a 19,37 a 41,Hasta Primaria/C.EGB Completa,Menos de 2500 gramos,4
3730,34,1,1,25 a 29,28 a 31,Sin especificar,2500 gramos y más,1
3731,6,1,2,25 a 29,Sin especificar,Secundaria/Polimodal Incompleta,Sin especificar,1
3732,22,1,1,40 a 44,32 a 36,Hasta Primaria/C.EGB Completa,2500 gramos y más,5
3733,14,1,1,25 a 29,32 a 36,Secundaria/Polimodal Incompleta,2500 gramos y más,43
3734,90,2,1,40 a 44,32 a 36,Hasta Primaria/C.EGB Completa,Menos de 2500 gramos,2
3735,38,1,2,15 a 19,32 a 36,Secundario/Polimodal Completa y más,2500 gramos y más,2
3736,38,1,2,25 a 29,Menos de 22,Secundario/Polimodal Completa y más,Menos de 2500 gramos,1
3737,14,2,1,40 a 44,28 a 31,Secundario/Polimodal Completa y más,Menos de 2500 gramos,4
3738,50,1,2,25 a 29,32 a 36,Hasta Primaria/C.EGB Completa,Menos de 2500 gramos,5
3739,38,1,1,20 a 24,28 a 31,Hasta Primaria/C.EGB Completa,Menos de 2500 gramos,1
3740,82,1,2,De 45 y más,24 a 27,Secundario/Polimodal Completa y más,Menos de 2500 gramos,1
3741,38,1,1,15 a 19,28 a 31,Secundaria/Polimodal Incompleta,Menos de 2500 gramos,3
3742,58,1,2,25 a 29,37 a 41,Hasta Primaria/C.EGB Completa,2500 gramos y más,97
3743,6,9,1,35 a 39,37 a 41,Sin especificar,2500 gramos y más,12
3744,34,1,1,15 a 19,37 a 41,Hasta Primaria/C.EGB Completa,2500 gramos y más,139
3745,30,1,1,De 45 y más,28 a 31,Secundario/Polimodal Completa y más,Menos de 2500 gramos,1
3746,2,2,2,20 a 24,28 a 31,Secundario/Polimodal Completa y más,Menos de 2500 gramos,1
3747,62,1,1,25 a 29,42 y más,Sin especificar,2500 gramos y más,1
3748,90,1,2,20 a 24,32 a 36,Sin especificar,2500 gramos y más,1
3749,74,1,2,30 a 34,28 a 31,Secundario/Polimodal Completa y más,Menos de 2500 gramos,5
3750,18,1,2,30 a 34,37 a 41,Secundaria/Polimodal Incompleta,2500 gramos y más,190
3751,62,1,1,35 a 39,28 a 31,Secundario/Polimodal Completa y más,Menos de 2500 gramos,4
3752,6,1,1,30 a 34,37 a 41,Sin especificar,2500 gramos y más,1608
3753,2,2,2,30 a 34,37 a 41,Secundario/Polimodal Completa y más,2500 gramos y más,23
3754,18,2,2,35 a 39,28 a 31,Hasta Primaria/C.EGB Completa,Menos de 2500 gramos,1
3755,50,1,1,20 a 24,32 a 36,Secundaria/Polimodal Incompleta,2500 gramos y más,27
3756,54,1,2,15 a 19,32 a 36,Hasta Primaria/C.EGB Completa,2500 gramos y más,20
3757,58,1,1,30 a 34,37 a 41,Sin especificar,2500 gramos y más,4
3758,18,1,2,35 a 39,42 y más,Secundaria/Polimodal Incompleta,2500 gramos y más,1
3759,82,2,2,35 a 39,32 a 36,Secundario/Polimodal Completa y más,Menos de 2500 gramos,35
3760,94,2,1,25 a 29,37 a 41,Secundaria/Polimodal Incompleta,2500 gramos y más,1
3761,6,1,2,40 a 44,32 a 36,Sin especificar,2500 gramos y más,11
3762,38,1,2,25 a 29,32 a 36,Hasta Primaria/C.EGB Completa,Menos de 2500 gramos,4
3763,6,1,1,20 a 24,37 a 41,Secundaria/Polimodal Incompleta,2500 gramos y más,5123
3764,26,1,2,25 a 29,28 a 31,Secundario/Polimodal Completa y más,Menos de 2500 gramos,4
3765,82,1,2,25 a 29,32 a 36,Secundario/Polimodal Completa y más,Sin especificar,1
3766,99,9,1,30 a 34,32 a 36,Sin especificar,2500 gramos y más,8
3767,2,2,2,40 a 44,28 a 31,Sin especificar,Menos de 2500 gramos,2
3768,86,1,2,25 a 29,42 y más,Hasta Primaria/C.EGB Completa,2500 gramos y más,7
3769,74,1,2,15 a 19,37 a 41,Secundaria/Polimodal Incompleta,2500 gramos y más,114
3770,50,2,2,35 a 39,32 a 36,Hasta Primaria/C.EGB Completa,2500 gramos y más,2
3771,98,1,1,35 a 39,32 a 36,Secundario/Polimodal Completa y más,Menos de 2500 gramos,1
3772,86,2,2,30 a 34,32 a 36,Secundario/Polimodal Completa y más,2500 gramos y más,1
3773,90,1,1,25 a 29,24 a 27,Secundaria/Polimodal Incompleta,Sin especificar,1
3774,46,1,1,30 a 34,32 a 36,Secundaria/Polimodal Incompleta,2500 gramos y más,1
3775,66,1,2,25 a 29,37 a 41,Secundario/Polimodal Completa y más,Menos de 2500 gramos,19
3776,14,2,1,25 a 29,37 a 41,Secundaria/Polimodal Incompleta,Menos de 2500 gramos,2
3777,30,2,2,35 a 39,32 a 36,Secundario/Polimodal Completa y más,2500 gramos y más,2
3778,82,1,2,30 a 34,Sin especificar,Secundaria/Polimodal Incompleta,2500 gramos y más,4
3779,90,1,2,35 a 39,37 a 41,Secundario/Polimodal Completa y más,Sin especificar,6
3780,90,2,1,20 a 24,28 a 31,Secundaria/Polimodal Incompleta,Menos de 2500 gramos,1
3781,82,1,1,40 a 44,28 a 31,Hasta Primaria/C.EGB Completa,Menos de 2500 gramos,1
3782,99,9,2,25 a 29,28 a 31,Sin especificar,Menos de 2500 gramos,5
3783,34,1,1,25 a 29,37 a 41,Hasta Primaria/C.EGB Completa,Menos de 2500 gramos,4
3784,66,2,2,25 a 29,32 a 36,Secundario/Polimodal Completa y más,Menos de 2500 gramos,11
3785,22,1,2,35 a 39,Sin especificar,Secundario/Polimodal Completa y más,2500 gramos y más,1
3786,10,1,1,15 a 19,42 y más,Secundaria/Polimodal Incompleta,2500 gramos y más,1
3787,10,1,1,20 a 24,37 a 41,Secundario/Polimodal Completa y más,Menos de 2500 gramos,10
3788,34,1,2,20 a 24,24 a 27,Secundaria/Polimodal Incompleta,Menos de 2500 gramos,1
3789,6,1,2,20 a 24,28 a 31,Sin especificar,2500 gramos y más,1
3790,82,1,1,35 a 39,32 a 36,Secundaria/Polimodal Incompleta,2500 gramos y más,22
3791,70,1,1,30 a 34,37 a 41,Secundaria/Polimodal Incompleta,Menos de 2500 gramos,2
3792,62,2,2,35 a 39,32 a 36,Secundario/Polimodal Completa y más,Menos de 2500 gramos,5
3793,78,1,2,30 a 34,42 y más,Secundario/Polimodal Completa y más,2500 gramos y más,2
3794,30,2,1,40 a 44,37 a 41,Secundaria/Polimodal Incompleta,Menos de 2500 gramos,1
3795,82,1,2,15 a 19,42 y más,Hasta Primaria/C.EGB Completa,2500 gramos y más,1
3796,18,1,2,35 a 39,28 a 31,Secundaria/Polimodal Incompleta,Menos de 2500 gramos,2
3797,38,1,2,35 a 39,37 a 41,Secundaria/Polimodal Incompleta,Menos de 2500 gramos,2
3798,70,1,2,35 a 39,37 a 41,Hasta Primaria/C.EGB Completa,Menos de 2500 gramos,4
3799,82,1,2,40 a 44,32 a 36,Hasta Primaria/C.EGB Completa,2500 gramos y más,5
3800,22,2,2,15 a 19,37 a 41,Secundaria/Polimodal Incompleta,Menos de 2500 gramos,3
3801,10,1,2,30 a 34,32 a 36,Secundario/Polimodal Completa y más,Menos de 2500 gramos,13
3802,50,1,1,35 a 39,42 y más,Hasta Primaria/C.EGB Completa,2500 gramos y más,1
3803,18,1,1,25 a 29,28 a 31,Sin especificar,Menos de 2500 gramos,1
3804,58,1,2,30 a 34,Sin especificar,Secundario/Polimodal Completa y más,2500 gramos y más,1
3805,90,1,1,De 45 y más,37 a 41,Sin especificar,2500 gramos y más,1
3806,82,2,2,15 a 19,32 a 36,Secundario/Polimodal Completa y más,Menos de 2500 gramos,4
3807,99,1,1,Sin especificar,37 a 41,Secundario/Polimodal Completa y más,2500 gramos y más,5
3808,50,1,2,40 a 44,37 a 41,Secundaria/Polimodal Incompleta,Menos de 2500 gramos,1
3809,30,1,2,40 a 44,32 a 36,Hasta Primaria/C.EGB Completa,Menos de 2500 gramos,1
3810,34,1,2,25 a 29,37 a 41,Secundaria/Polimodal Incompleta,2500 gramos y más,183
3811,18,1,1,25 a 29,37 a 41,Secundaria/Polimodal Incompleta,2500 gramos y más,340
3812,34,1,1,20 a 24,32 a 36,Secundaria/Polimodal Incompleta,2500 gramos y más,22
3813,70,1,2,35 a 39,24 a 27,Secundaria/Polimodal Incompleta,Menos de 2500 gramos,2
3814,2,9,1,20 a 24,42 y más,Sin especificar,2500 gramos y más,2
3815,50,1,2,30 a 34,24 a 27,Secundaria/Polimodal Incompleta,Menos de 2500 gramos,1
3816,6,1,1,25 a 29,28 a 31,Hasta Primaria/C.EGB Completa,Menos de 2500 gramos,13
3817,54,1,2,Sin especificar,37 a 41,Secundario/Polimodal Completa y más,2500 gramos y más,4
3818,6,1,2,30 a 34,32 a 36,Secundaria/Polimodal Incompleta,2500 gramos y más,103
3819,6,2,1,15 a 19,32 a 36,Secundaria/Polimodal Incompleta,2500 gramos y más,3
3820,18,1,2,20 a 24,32 a 36,Secundario/Polimodal Completa y más,Menos de 2500 gramos,16
3821,82,2,1,20 a 24,28 a 31,Secundaria/Polimodal Incompleta,Menos de 2500 gramos,8
3822,54,2,1,35 a 39,37 a 41,Hasta Primaria/C.EGB Completa,2500 gramos y más,2
3823,90,2,2,De 45 y más,32 a 36,Secundario/Polimodal Completa y más,Menos de 2500 gramos,1
3824,42,1,2,25 a 29,32 a 36,Secundaria/Polimodal Incompleta,Menos de 2500 gramos,2
3825,66,1,2,40 a 44,Sin especificar,Secundario/Polimodal Completa y más,2500 gramos y más,10
3826,14,2,2,35 a 39,37 a 41,Secundario/Polimodal Completa y más,Menos de 2500 gramos,9
3827,82,2,1,20 a 24,32 a 36,Hasta Primaria/C.EGB Completa,Menos de 2500 gramos,9
3828,10,2,2,30 a 34,32 a 36,Secundaria/Polimodal Incompleta,Menos de 2500 gramos,2
3829,34,1,1,25 a 29,37 a 41,Secundario/Polimodal Completa y más,2500 gramos y más,416
3830,2,1,1,25 a 29,28 a 31,Secundaria/Polimodal Incompleta,Menos de 2500 gramos,2
3831,34,1,2,35 a 39,37 a 41,Secundaria/Polimodal Incompleta,2500 gramos y más,49
3832,58,1,2,30 a 34,37 a 41,Hasta Primaria/C.EGB Completa,Menos de 2500 gramos,1
3833,18,1,1,25 a 29,28 a 31,Hasta Primaria/C.EGB Completa,Menos de 2500 gramos,2
3834,30,2,1,35 a 39,28 a 31,Secundario/Polimodal Completa y más,Menos de 2500 gramos,1
3835,14,1,1,15 a 19,28 a 31,Hasta Primaria/C.EGB Completa,Menos de 2500 gramos,7
3836,99,1,2,De 45 y más,Sin especificar,Sin especificar,Sin especificar,3
3837,22,2,1,20 a 24,37 a 41,Hasta Primaria/C.EGB Completa,2500 gramos y más,2
3838,30,1,2,20 a 24,37 a 41,Sin especificar,2500 gramos y más,3
3839,82,1,1,15 a 19,37 a 41,Sin especificar,Menos de 2500 gramos,1
3840,50,2,2,15 a 19,37 a 41,Secundaria/Polimodal Incompleta,2500 gramos y más,2
3841,2,1,1,20 a 24,37 a 41,Hasta Primaria/C.EGB Completa,2500 gramos y más,190
3842,62,1,1,20 a 24,24 a 27,Sin especificar,Menos de 2500 gramos,1
3843,38,1,1,25 a 29,37 a 41,Secundario/Polimodal Completa y más,2500 gramos y más,762
3844,58,1,2,25 a 29,32 a 36,Secundario/Polimodal Completa y más,Menos de 2500 gramos,20
3845,30,2,2,20 a 24,37 a 41,Secundario/Polimodal Completa y más,2500 gramos y más,3
3846,82,2,1,25 a 29,24 a 27,Secundaria/Polimodal Incompleta,Menos de 2500 gramos,2
3847,10,1,1,20 a 24,32 a 36,Secundaria/Polimodal Incompleta,Menos de 2500 gramos,2
3848,50,1,1,15 a 19,37 a 41,Hasta Primaria/C.EGB Completa,2500 gramos y más,65
3849,22,1,2,30 a 34,32 a 36,Hasta Primaria/C.EGB Completa,Menos de 2500 gramos,15
3850,6,2,2,Sin especificar,32 a 36,Secundaria/Polimodal Incompleta,Menos de 2500 gramos,1
3851,6,1,1,20 a 24,28 a 31,Secundaria/Polimodal Incompleta,Menos de 2500 gramos,44
3852,30,1,2,40 a 44,37 a 41,Secundario/Polimodal Completa y más,Menos de 2500 gramos,6
3853,18,1,1,30 a 34,32 a 36,Secundario/Polimodal Completa y más,Menos de 2500 gramos,35
3854,30,2,1,20 a 24,37 a 41,Hasta Primaria/C.EGB Completa,2500 gramos y más,2
3855,90,2,2,40 a 44,32 a 36,Hasta Primaria/C.EGB Completa,Menos de 2500 gramos,2
3856,6,2,2,35 a 39,37 a 41,Secundario/Polimodal Completa y más,2500 gramos y más,63
3857,14,2,2,15 a 19,37 a 41,Secundario/Polimodal Completa y más,Menos de 2500 gramos,2
3858,70,1,2,40 a 44,37 a 41,Secundaria/Polimodal Incompleta,2500 gramos y más,25
3859,6,2,1,40 a 44,37 a 41,Sin especificar,2500 gramos y más,5
3860,86,1,2,25 a 29,37 a 41,Sin especificar,2500 gramos y más,1
3861,38,1,1,20 a 24,32 a 36,Secundaria/Polimodal Incompleta,2500 gramos y más,4
3862,46,1,1,30 a 34,37 a 41,Secundario/Polimodal Completa y más,2500 gramos y más,324
3863,46,1,2,15 a 19,37 a 41,Secundario/Polimodal Completa y más,2500 gramos y más,57
3864,54,2,1,35 a 39,37 a 41,Secundaria/Polimodal Incompleta,Menos de 2500 gramos,2
3865,22,1,2,40 a 44,37 a 41,Secundario/Polimodal Completa y más,Menos de 2500 gramos,6
3866,6,2,1,35 a 39,37 a 41,Hasta Primaria/C.EGB Completa,2500 gramos y más,11
3867,66,1,2,15 a 19,42 y más,Secundaria/Polimodal Incompleta,2500 gramos y más,1
3868,22,1,1,30 a 34,Sin especificar,Sin especificar,Sin especificar,4
3869,22,1,1,15 a 19,Sin especificar,Secundaria/Polimodal Incompleta,2500 gramos y más,1
3870,82,1,2,20 a 24,37 a 41,Hasta Primaria/C.EGB Completa,2500 gramos y más,857
3871,86,1,2,30 a 34,28 a 31,Hasta Primaria/C.EGB Completa,Menos de 2500 gramos,6
3872,38,1,2,25 a 29,37 a 41,Hasta Primaria/C.EGB Completa,Menos de 2500 gramos,2
3873,30,2,1,40 a 44,32 a 36,Secundario/Polimodal Completa y más,Menos de 2500 gramos,2
3874,70,1,2,30 a 34,37 a 41,Secundario/Polimodal Completa y más,Menos de 2500 gramos,19
3875,42,1,2,30 a 34,Sin especificar,Secundario/Polimodal Completa y más,2500 gramos y más,1
3876,78,1,2,40 a 44,37 a 41,Secundaria/Polimodal Incompleta,2500 gramos y más,8
3877,38,1,1,20 a 24,37 a 41,Secundario/Polimodal Completa y más,2500 gramos y más,458
3878,99,9,2,35 a 39,37 a 41,Sin especificar,2500 gramos y más,81
3879,82,1,1,30 a 34,28 a 31,Secundario/Polimodal Completa y más,Menos de 2500 gramos,22
3880,14,1,2,35 a 39,37 a 41,Secundario/Polimodal Completa y más,Menos de 2500 gramos,64
3881,58,1,1,35 a 39,32 a 36,Secundario/Polimodal Completa y más,2500 gramos y más,17
3882,82,1,1,30 a 34,Sin especificar,Secundario/Polimodal Completa y más,Menos de 2500 gramos,1
3883,82,1,2,15 a 19,37 a 41,Sin especificar,2500 gramos y más,25
3884,42,1,1,35 a 39,28 a 31,Secundaria/Polimodal Incompleta,Menos de 2500 gramos,3
3885,70,1,1,25 a 29,37 a 41,Hasta Primaria/C.EGB Completa,2500 gramos y más,193
3886,34,1,1,25 a 29,28 a 31,Sin especificar,Menos de 2500 gramos,2
3887,42,2,2,35 a 39,37 a 41,Hasta Primaria/C.EGB Completa,2500 gramos y más,1
3888,2,2,1,Sin especificar,32 a 36,Secundario/Polimodal Completa y más,Menos de 2500 gramos,1
3889,82,1,2,35 a 39,24 a 27,Hasta Primaria/C.EGB Completa,Menos de 2500 gramos,2
3890,22,2,1,15 a 19,37 a 41,Secundaria/Polimodal Incompleta,2500 gramos y más,2
3891,74,1,2,20 a 24,24 a 27,Secundario/Polimodal Completa y más,Menos de 2500 gramos,1
3892,42,1,2,40 a 44,37 a 41,Secundaria/Polimodal Incompleta,2500 gramos y más,16
3893,62,1,1,35 a 39,32 a 36,Secundaria/Polimodal Incompleta,2500 gramos y más,4
3894,86,1,2,35 a 39,37 a 41,Secundario/Polimodal Completa y más,Menos de 2500 gramos,7
3895,38,2,1,15 a 19,28 a 31,Secundario/Polimodal Completa y más,Menos de 2500 gramos,1
3896,38,1,2,40 a 44,37 a 41,Hasta Primaria/C.EGB Completa,2500 gramos y más,28
3897,66,1,1,25 a 29,42 y más,Hasta Primaria/C.EGB Completa,2500 gramos y más,3
3898,54,1,1,40 a 44,32 a 36,Secundaria/Polimodal Incompleta,2500 gramos y más,6
3899,18,1,1,30 a 34,32 a 36,Sin especificar,Menos de 2500 gramos,10
3900,14,2,2,30 a 34,32 a 36,Secundaria/Polimodal Incompleta,Menos de 2500 gramos,2
3901,58,1,2,20 a 24,37 a 41,Sin especificar,2500 gramos y más,1
3902,14,1,1,25 a 29,Sin especificar,Secundario/Polimodal Completa y más,2500 gramos y más,2
3903,2,1,2,20 a 24,37 a 41,Sin especificar,Menos de 2500 gramos,1
3904,34,2,1,20 a 24,32 a 36,Secundario/Polimodal Completa y más,Menos de 2500 gramos,2
3905,70,1,2,25 a 29,37 a 41,Secundario/Polimodal Completa y más,Menos de 2500 gramos,18
3906,90,2,1,40 a 44,37 a 41,Secundario/Polimodal Completa y más,2500 gramos y más,1
3907,50,1,2,40 a 44,32 a 36,Secundaria/Polimodal Incompleta,2500 gramos y más,2
3908,62,1,2,15 a 19,32 a 36,Secundaria/Polimodal Incompleta,2500 gramos y más,5
3909,86,1,1,15 a 19,32 a 36,Secundaria/Polimodal Incompleta,2500 gramos y más,16
3910,86,1,2,20 a 24,42 y más,Hasta Primaria/C.EGB Completa,2500 gramos y más,10
3911,30,1,1,15 a 19,37 a 41,Secundario/Polimodal Completa y más,2500 gramos y más,126
3912,90,2,2,20 a 24,28 a 31,Hasta Primaria/C.EGB Completa,Menos de 2500 gramos,1
3913,62,1,1,20 a 24,37 a 41,Secundaria/Polimodal Incompleta,Menos de 2500 gramos,1
3914,22,1,2,25 a 29,37 a 41,Secundaria/Polimodal Incompleta,Sin especificar,1
3915,62,1,2,15 a 19,42 y más,Sin especificar,2500 gramos y más,1
3916,38,1,2,30 a 34,37 a 41,Secundario/Polimodal Completa y más,Menos de 2500 gramos,18
3917,54,1,2,40 a 44,22 a 23,Secundario/Polimodal Completa y más,Menos de 2500 gramos,1
3918,70,1,1,De 45 y más,37 a 41,Secundario/Polimodal Completa y más,Menos de 2500 gramos,1
3919,46,1,1,35 a 39,28 a 31,Hasta Primaria/C.EGB Completa,Menos de 2500 gramos,2
3920,10,1,2,15 a 19,37 a 41,Sin especificar,2500 gramos y más,2
3921,22,2,1,20 a 24,28 a 31,Hasta Primaria/C.EGB Completa,Menos de 2500 gramos,1
3922,26,1,2,25 a 29,32 a 36,Secundaria/Polimodal Incompleta,Menos de 2500 gramos,5
3923,78,1,1,25 a 29,32 a 36,Hasta Primaria/C.EGB Completa,2500 gramos y más,7
3924,74,1,1,De 45 y más,37 a 41,Secundaria/Polimodal Incompleta,2500 gramos y más,2
3925,10,2,2,20 a 24,28 a 31,Secundario/Polimodal Completa y más,Menos de 2500 gramos,1
3926,86,1,1,35 a 39,42 y más,Hasta Primaria/C.EGB Completa,2500 gramos y más,2
3927,22,1,1,35 a 39,32 a 36,Hasta Primaria/C.EGB Completa,2500 gramos y más,13
3928,30,1,1,30 a 34,37 a 41,Secundario/Polimodal Completa y más,Menos de 2500 gramos,16
3929,30,1,2,25 a 29,32 a 36,Secundario/Polimodal Completa y más,Menos de 2500 gramos,22
3930,6,1,1,15 a 19,37 a 41,Sin especificar,Menos de 2500 gramos,24
3931,90,1,1,35 a 39,32 a 36,Secundaria/Polimodal Incompleta,2500 gramos y más,13
3932,34,1,1,35 a 39,32 a 36,Secundario/Polimodal Completa y más,Menos de 2500 gramos,1
3933,6,1,1,35 a 39,32 a 36,Secundaria/Polimodal Incompleta,2500 gramos y más,83
3934,6,1,1,35 a 39,Sin especificar,Secundario/Polimodal Completa y más,Sin especificar,1
3935,6,1,2,40 a 44,32 a 36,Hasta Primaria/C.EGB Completa,Menos de 2500 gramos,28
3936,70,1,1,20 a 24,42 y más,Hasta Primaria/C.EGB Completa,2500 gramos y más,1
3937,6,2,1,25 a 29,32 a 36,Secundario/Polimodal Completa y más,2500 gramos y más,16
3938,54,1,2,20 a 24,32 a 36,Hasta Primaria/C.EGB Completa,Menos de 2500 gramos,15
3939,82,2,1,25 a 29,32 a 36,Secundario/Polimodal Completa y más,Menos de 2500 gramos,18
3940,86,1,1,15 a 19,42 y más,Hasta Primaria/C.EGB Completa,2500 gramos y más,2
3941,74,2,2,25 a 29,37 a 41,Secundario/Polimodal Completa y más,2500 gramos y más,3
3942,90,1,2,20 a 24,42 y más,Secundaria/Polimodal Incompleta,2500 gramos y más,19
3943,82,1,1,40 a 44,32 a 36,Secundaria/Polimodal Incompleta,2500 gramos y más,8
3944,70,1,2,20 a 24,42 y más,Secundaria/Polimodal Incompleta,2500 gramos y más,1
3945,74,2,1,25 a 29,22 a 23,Secundario/Polimodal Completa y más,Menos de 2500 gramos,1
3946,74,1,2,15 a 19,32 a 36,Secundario/Polimodal Completa y más,Menos de 2500 gramos,2
3947,54,1,1,15 a 19,42 y más,Secundario/Polimodal Completa y más,2500 gramos y más,3
3948,90,1,2,30 a 34,37 a 41,Hasta Primaria/C.EGB Completa,2500 gramos y más,297
3949,74,2,2,30 a 34,32 a 36,Secundaria/Polimodal Incompleta,Menos de 2500 gramos,1
3950,2,1,2,40 a 44,32 a 36,Sin especificar,Menos de 2500 gramos,3
3951,70,1,2,25 a 29,28 a 31,Secundario/Polimodal Completa y más,Menos de 2500 gramos,2
3952,10,1,1,20 a 24,28 a 31,Secundario/Polimodal Completa y más,Menos de 2500 gramos,1
3953,14,1,2,35 a 39,24 a 27,Secundario/Polimodal Completa y más,Menos de 2500 gramos,14
3954,90,1,1,15 a 19,42 y más,Hasta Primaria/C.EGB Completa,2500 gramos y más,9
3955,78,1,2,30 a 34,32 a 36,Secundaria/Polimodal Incompleta,2500 gramos y más,3
3956,6,1,1,Menor de 15,37 a 41,Hasta Primaria/C.EGB Completa,Menos de 2500 gramos,2
3957,70,1,2,Menor de 15,37 a 41,Secundaria/Polimodal Incompleta,2500 gramos y más,4
3958,62,1,2,35 a 39,32 a 36,Secundaria/Polimodal Incompleta,Menos de 2500 gramos,2
3959,90,2,1,35 a 39,37 a 41,Hasta Primaria/C.EGB Completa,Menos de 2500 gramos,2
3960,90,1,1,Menor de 15,37 a 41,Secundaria/Polimodal Incompleta,2500 gramos y más,11
3961,46,1,2,25 a 29,32 a 36,Secundario/Polimodal Completa y más,Menos de 2500 gramos,22
3962,26,1,1,15 a 19,37 a 41,Hasta Primaria/C.EGB Completa,2500 gramos y más,9
3963,62,2,1,30 a 34,28 a 31,Sin especificar,Menos de 2500 gramos,2
3964,86,1,2,30 a 34,24 a 27,Secundario/Polimodal Completa y más,Menos de 2500 gramos,2
3965,50,1,2,20 a 24,37 a 41,Secundario/Polimodal Completa y más,Menos de 2500 gramos,32
3966,22,1,2,15 a 19,Sin especificar,Secundaria/Polimodal Incompleta,2500 gramos y más,1
3967,6,1,1,15 a 19,Sin especificar,Secundaria/Polimodal Incompleta,Sin especificar,1
3968,54,2,1,35 a 39,37 a 41,Secundaria/Polimodal Incompleta,2500 gramos y más,5
3969,98,1,2,25 a 29,37 a 41,Secundaria/Polimodal Incompleta,2500 gramos y más,4
3970,70,1,2,20 a 24,32 a 36,Secundario/Polimodal Completa y más,Menos de 2500 gramos,20
3971,86,1,2,30 a 34,24 a 27,Hasta Primaria/C.EGB Completa,Menos de 2500 gramos,1
3972,54,1,2,30 a 34,24 a 27,Secundaria/Polimodal Incompleta,Menos de 2500 gramos,1
3973,82,1,2,25 a 29,28 a 31,Secundaria/Polimodal Incompleta,Menos de 2500 gramos,11
3974,94,1,1,15 a 19,32 a 36,Secundaria/Polimodal Incompleta,Menos de 2500 gramos,2
3975,82,1,1,25 a 29,37 a 41,Sin especificar,2500 gramos y más,29
3976,6,1,2,35 a 39,32 a 36,Sin especificar,2500 gramos y más,44
3977,62,1,2,20 a 24,32 a 36,Hasta Primaria/C.EGB Completa,Menos de 2500 gramos,2
3978,14,1,1,25 a 29,Sin especificar,Secundaria/Polimodal Incompleta,2500 gramos y más,2
3979,66,1,1,25 a 29,42 y más,Secundario/Polimodal Completa y más,2500 gramos y más,4
3980,30,2,1,30 a 34,28 a 31,Secundario/Polimodal Completa y más,Menos de 2500 gramos,3
3981,2,1,1,35 a 39,37 a 41,Secundario/Polimodal Completa y más,2500 gramos y más,2622
3982,50,1,1,20 a 24,22 a 23,Secundaria/Polimodal Incompleta,Menos de 2500 gramos,1
3983,22,1,1,De 45 y más,37 a 41,Hasta Primaria/C.EGB Completa,2500 gramos y más,2
3984,14,1,2,20 a 24,37 a 41,Secundario/Polimodal Completa y más,2500 gramos y más,1936
3985,78,1,1,25 a 29,37 a 41,Hasta Primaria/C.EGB Completa,2500 gramos y más,74
3986,50,1,2,30 a 34,28 a 31,Hasta Primaria/C.EGB Completa,Menos de 2500 gramos,2
3987,38,1,2,35 a 39,42 y más,Hasta Primaria/C.EGB Completa,2500 gramos y más,1
3988,90,1,2,20 a 24,Sin especificar,Sin especificar,Menos de 2500 gramos,1
3989,50,2,2,20 a 24,37 a 41,Secundario/Polimodal Completa y más,2500 gramos y más,3
3990,54,1,2,15 a 19,37 a 41,Hasta Primaria/C.EGB Completa,Menos de 2500 gramos,30
3991,6,1,1,25 a 29,24 a 27,Hasta Primaria/C.EGB Completa,Menos de 2500 gramos,4
3992,86,1,1,40 a 44,32 a 36,Hasta Primaria/C.EGB Completa,2500 gramos y más,4
3993,82,1,2,25 a 29,Sin especificar,Secundario/Polimodal Completa y más,2500 gramos y más,2
3994,22,1,2,25 a 29,32 a 36,Hasta Primaria/C.EGB Completa,2500 gramos y más,18
3995,38,2,2,15 a 19,32 a 36,Secundaria/Polimodal Incompleta,Menos de 2500 gramos,2
3996,54,1,1,Menor de 15,37 a 41,Sin especificar,2500 gramos y más,4
3997,2,1,2,25 a 29,37 a 41,Secundario/Polimodal Completa y más,2500 gramos y más,1125
3998,74,1,2,35 a 39,24 a 27,Secundario/Polimodal Completa y más,Menos de 2500 gramos,1
3999,22,1,1,15 a 19,37 a 41,Sin especificar,2500 gramos y más,28
4000,22,1,2,20 a 24,32 a 36,Secundario/Polimodal Completa y más,2500 gramos y más,24
4001,54,2,2,25 a 29,28 a 31,Hasta Primaria/C.EGB Completa,Menos de 2500 gramos,1
4002,78,1,2,20 a 24,37 a 41,Secundario/Polimodal Completa y más,2500 gramos y más,173
4003,6,1,2,25 a 29,Sin especificar,Hasta Primaria/C.EGB Completa,2500 gramos y más,8
4004,62,1,1,20 a 24,37 a 41,Secundaria/Polimodal Incompleta,2500 gramos y más,230
4005,22,1,1,15 a 19,32 a 36,Hasta Primaria/C.EGB Completa,Menos de 2500 gramos,11
4006,58,1,1,20 a 24,37 a 41,Secundaria/Polimodal Incompleta,2500 gramos y más,287
4007,74,1,2,15 a 19,37 a 41,Secundaria/Polimodal Incompleta,Menos de 2500 gramos,3
4008,46,1,1,15 a 19,32 a 36,Hasta Primaria/C.EGB Completa,2500 gramos y más,1
4009,30,1,1,30 a 34,32 a 36,Hasta Primaria/C.EGB Completa,2500 gramos y más,11
4010,26,2,1,30 a 34,28 a 31,Secundario/Polimodal Completa y más,Menos de 2500 gramos,2
4011,22,1,1,25 a 29,37 a 41,Secundario/Polimodal Completa y más,2500 gramos y más,1123
4012,2,1,1,30 a 34,28 a 31,Secundario/Polimodal Completa y más,Menos de 2500 gramos,18
4013,82,1,2,25 a 29,24 a 27,Hasta Primaria/C.EGB Completa,Menos de 2500 gramos,1
4014,22,1,1,35 a 39,32 a 36,Hasta Primaria/C.EGB Completa,Menos de 2500 gramos,9
4015,66,1,1,20 a 24,22 a 23,Hasta Primaria/C.EGB Completa,Menos de 2500 gramos,1
4016,78,1,1,20 a 24,32 a 36,Secundaria/Polimodal Incompleta,Menos de 2500 gramos,4
4017,66,2,2,35 a 39,32 a 36,Secundaria/Polimodal Incompleta,Menos de 2500 gramos,1
4018,90,1,1,15 a 19,32 a 36,Secundaria/Polimodal Incompleta,Menos de 2500 gramos,19
4019,86,1,1,35 a 39,32 a 36,Secundaria/Polimodal Incompleta,Menos de 2500 gramos,2
4020,62,1,2,35 a 39,24 a 27,Secundario/Polimodal Completa y más,Menos de 2500 gramos,1
4021,6,1,1,40 a 44,32 a 36,Hasta Primaria/C.EGB Completa,2500 gramos y más,29
4022,22,1,1,15 a 19,32 a 36,Hasta Primaria/C.EGB Completa,2500 gramos y más,13
4023,30,1,1,35 a 39,37 a 41,Secundario/Polimodal Completa y más,Menos de 2500 gramos,25
4024,58,1,1,25 a 29,32 a 36,Secundaria/Polimodal Incompleta,Menos de 2500 gramos,8
4025,2,9,2,35 a 39,32 a 36,Sin especificar,2500 gramos y más,7
4026,50,1,1,20 a 24,24 a 27,Secundario/Polimodal Completa y más,Menos de 2500 gramos,1
4027,6,2,2,30 a 34,28 a 31,Secundario/Polimodal Completa y más,Menos de 2500 gramos,16
4028,82,2,1,40 a 44,32 a 36,Hasta Primaria/C.EGB Completa,Menos de 2500 gramos,3
4029,18,1,2,40 a 44,32 a 36,Sin especificar,2500 gramos y más,3
4030,66,1,2,35 a 39,Sin especificar,Sin especificar,2500 gramos y más,2
4031,38,2,2,30 a 34,37 a 41,Secundario/Polimodal Completa y más,2500 gramos y más,8
4032,86,1,2,15 a 19,28 a 31,Secundaria/Polimodal Incompleta,2500 gramos y más,1
4033,6,2,2,20 a 24,37 a 41,Secundaria/Polimodal Incompleta,2500 gramos y más,24
4034,46,1,1,30 a 34,24 a 27,Hasta Primaria/C.EGB Completa,Menos de 2500 gramos,1
4035,82,2,1,De 45 y más,32 a 36,Secundario/Polimodal Completa y más,Menos de 2500 gramos,2
4036,30,2,1,20 a 24,37 a 41,Secundario/Polimodal Completa y más,Menos de 2500 gramos,1
4037,18,1,1,30 a 34,24 a 27,Secundario/Polimodal Completa y más,Menos de 2500 gramos,2
4038,82,1,2,35 a 39,28 a 31,Secundario/Polimodal Completa y más,Menos de 2500 gramos,11
4039,6,1,2,De 45 y más,Sin especificar,Secundario/Polimodal Completa y más,2500 gramos y más,2
4040,78,1,2,35 a 39,37 a 41,Secundaria/Polimodal Incompleta,2500 gramos y más,27
4041,42,1,1,30 a 34,37 a 41,Secundario/Polimodal Completa y más,2500 gramos y más,280
4042,34,1,2,De 45 y más,37 a 41,Secundario/Polimodal Completa y más,2500 gramos y más,2
4043,90,1,2,30 a 34,Sin especificar,Hasta Primaria/C.EGB Completa,2500 gramos y más,2
4044,70,1,1,35 a 39,32 a 36,Secundario/Polimodal Completa y más,Menos de 2500 gramos,12
4045,22,1,2,30 a 34,42 y más,Secundaria/Polimodal Incompleta,2500 gramos y más,2
4046,30,1,1,20 a 24,37 a 41,Hasta Primaria/C.EGB Completa,2500 gramos y más,338
4047,22,2,1,35 a 39,32 a 36,Secundario/Polimodal Completa y más,Menos de 2500 gramos,8
4048,90,1,1,20 a 24,37 a 41,Secundaria/Polimodal Incompleta,Sin especificar,1
4049,14,2,2,30 a 34,32 a 36,Secundaria/Polimodal Incompleta,2500 gramos y más,1
4050,74,1,2,25 a 29,32 a 36,Secundario/Polimodal Completa y más,Menos de 2500 gramos,16
4051,86,1,2,15 a 19,42 y más,Hasta Primaria/C.EGB Completa,Menos de 2500 gramos,1
4052,90,2,1,35 a 39,32 a 36,Hasta Primaria/C.EGB Completa,Menos de 2500 gramos,2
4053,50,1,1,20 a 24,37 a 41,Secundario/Polimodal Completa y más,2500 gramos y más,1029
4054,58,1,2,20 a 24,Sin especificar,Secundaria/Polimodal Incompleta,2500 gramos y más,1
4055,22,1,2,30 a 34,32 a 36,Secundaria/Polimodal Incompleta,2500 gramos y más,7
4056,54,1,2,25 a 29,32 a 36,Sin especificar,Menos de 2500 gramos,7
4057,58,1,1,20 a 24,Sin especificar,Hasta Primaria/C.EGB Completa,2500 gramos y más,1
4058,6,1,1,30 a 34,32 a 36,Sin especificar,Menos de 2500 gramos,69
4059,38,1,2,20 a 24,37 a 41,Hasta Primaria/C.EGB Completa,2500 gramos y más,72
4060,50,1,2,40 a 44,32 a 36,Secundaria/Polimodal Incompleta,Menos de 2500 gramos,5
4061,58,1,1,30 a 34,32 a 36,Secundaria/Polimodal Incompleta,2500 gramos y más,7
4062,78,2,2,De 45 y más,37 a 41,Secundario/Polimodal Completa y más,2500 gramos y más,1
4063,22,1,1,25 a 29,37 a 41,Secundario/Polimodal Completa y más,Sin especificar,10
4064,50,1,1,30 a 34,42 y más,Secundario/Polimodal Completa y más,2500 gramos y más,1
4065,82,1,1,Menor de 15,28 a 31,Sin especificar,Menos de 2500 gramos,1
4066,46,1,2,15 a 19,32 a 36,Secundario/Polimodal Completa y más,Menos de 2500 gramos,3
4067,30,2,2,20 a 24,32 a 36,Hasta Primaria/C.EGB Completa,Menos de 2500 gramos,4
4068,86,1,1,15 a 19,28 a 31,Hasta Primaria/C.EGB Completa,Menos de 2500 gramos,5
4069,78,1,1,25 a 29,32 a 36,Secundario/Polimodal Completa y más,2500 gramos y más,16
4070,74,1,2,25 a 29,37 a 41,Sin especificar,Sin especificar,1
4071,30,1,2,35 a 39,32 a 36,Hasta Primaria/C.EGB Completa,Menos de 2500 gramos,4
4072,54,2,1,25 a 29,32 a 36,Secundario/Polimodal Completa y más,2500 gramos y más,3
4073,18,1,2,30 a 34,24 a 27,Sin especificar,Menos de 2500 gramos,2
4074,94,1,2,25 a 29,37 a 41,Secundario/Polimodal Completa y más,Menos de 2500 gramos,2
4075,6,1,1,15 a 19,37 a 41,Secundario/Polimodal Completa y más,Menos de 2500 gramos,35
4076,34,1,1,30 a 34,37 a 41,Secundario/Polimodal Completa y más,Menos de 2500 gramos,3
4077,66,2,2,30 a 34,37 a 41,Secundaria/Polimodal Incompleta,2500 gramos y más,1
4078,82,1,2,20 a 24,32 a 36,Sin especificar,2500 gramos y más,2
4079,22,2,2,40 a 44,32 a 36,Secundario/Polimodal Completa y más,Menos de 2500 gramos,4
4080,2,1,1,35 a 39,24 a 27,Secundario/Polimodal Completa y más,Menos de 2500 gramos,9
4081,26,1,2,25 a 29,28 a 31,Sin especificar,Menos de 2500 gramos,1
4082,6,1,2,30 a 34,22 a 23,Secundario/Polimodal Completa y más,Menos de 2500 gramos,3
4083,74,1,1,25 a 29,37 a 41,Secundaria/Polimodal Incompleta,2500 gramos y más,148
4084,90,1,2,30 a 34,42 y más,Hasta Primaria/C.EGB Completa,2500 gramos y más,27
4085,18,1,2,25 a 29,37 a 41,Hasta Primaria/C.EGB Completa,2500 gramos y más,159
4086,46,1,1,15 a 19,32 a 36,Secundaria/Polimodal Incompleta,Menos de 2500 gramos,3
4087,22,1,2,40 a 44,37 a 41,Secundario/Polimodal Completa y más,2500 gramos y más,96
4088,62,1,2,25 a 29,32 a 36,Secundario/Polimodal Completa y más,Menos de 2500 gramos,23
4089,54,1,1,25 a 29,Sin especificar,Hasta Primaria/C.EGB Completa,2500 gramos y más,1
4090,34,1,2,20 a 24,32 a 36,Sin especificar,Menos de 2500 gramos,6
4091,50,2,2,25 a 29,32 a 36,Secundario/Polimodal Completa y más,Menos de 2500 gramos,12
4092,74,1,2,25 a 29,37 a 41,Hasta Primaria/C.EGB Completa,2500 gramos y más,36
4093,66,1,2,35 a 39,Sin especificar,Secundario/Polimodal Completa y más,2500 gramos y más,15
4094,22,1,2,De 45 y más,37 a 41,Secundaria/Polimodal Incompleta,2500 gramos y más,2
4095,22,2,2,20 a 24,24 a 27,Secundario/Polimodal Completa y más,Menos de 2500 gramos,2
4096,62,2,1,35 a 39,32 a 36,Secundario/Polimodal Completa y más,2500 gramos y más,1
4097,66,1,1,30 a 34,32 a 36,Secundario/Polimodal Completa y más,2500 gramos y más,62
4098,82,1,2,30 a 34,37 a 41,Secundaria/Polimodal Incompleta,Menos de 2500 gramos,19
4099,86,1,1,20 a 24,32 a 36,Hasta Primaria/C.EGB Completa,Menos de 2500 gramos,20
4100,34,1,2,20 a 24,32 a 36,Sin especificar,2500 gramos y más,13
4101,62,1,2,20 a 24,32 a 36,Sin especificar,2500 gramos y más,3
4102,78,1,1,30 a 34,32 a 36,Secundario/Polimodal Completa y más,Menos de 2500 gramos,7
4103,90,2,2,20 a 24,28 a 31,Secundario/Polimodal Completa y más,Menos de 2500 gramos,2
4104,34,1,1,30 a 34,32 a 36,Sin especificar,Menos de 2500 gramos,6
4105,99,1,1,35 a 39,37 a 41,Sin especificar,2500 gramos y más,2
4106,46,1,2,20 a 24,24 a 27,Secundario/Polimodal Completa y más,Menos de 2500 gramos,1
4107,54,2,2,30 a 34,32 a 36,Sin especificar,2500 gramos y más,2
4108,62,1,2,30 a 34,42 y más,Secundaria/Polimodal Incompleta,2500 gramos y más,1
4109,6,1,9,35 a 39,32 a 36,Secundario/Polimodal Completa y más,2500 gramos y más,1
4110,86,1,1,30 a 34,42 y más,Secundaria/Polimodal Incompleta,2500 gramos y más,2
4111,82,1,1,Menor de 15,37 a 41,Hasta Primaria/C.EGB Completa,2500 gramos y más,9
4112,46,1,1,30 a 34,37 a 41,Secundario/Polimodal Completa y más,Menos de 2500 gramos,5
4113,18,2,2,35 a 39,37 a 41,Secundario/Polimodal Completa y más,Menos de 2500 gramos,1
4114,62,1,2,40 a 44,32 a 36,Secundario/Polimodal Completa y más,Menos de 2500 gramos,3
4115,26,1,2,15 a 19,37 a 41,Secundario/Polimodal Completa y más,Menos de 2500 gramos,1
4116,6,1,1,40 a 44,42 y más,Secundario/Polimodal Completa y más,Sin especificar,1
4117,22,1,2,35 a 39,32 a 36,Hasta Primaria/C.EGB Completa,Menos de 2500 gramos,9
4118,30,1,1,15 a 19,32 a 36,Secundario/Polimodal Completa y más,2500 gramos y más,2
4119,34,1,1,40 a 44,32 a 36,Sin especificar,Menos de 2500 gramos,3
4120,99,9,1,30 a 34,32 a 36,Sin especificar,Menos de 2500 gramos,7
4121,14,2,2,35 a 39,32 a 36,Hasta Primaria/C.EGB Completa,Menos de 2500 gramos,2
4122,14,1,1,15 a 19,37 a 41,Secundario/Polimodal Completa y más,2500 gramos y más,300
4123,26,2,1,25 a 29,32 a 36,Secundario/Polimodal Completa y más,Menos de 2500 gramos,6
4124,30,1,2,De 45 y más,37 a 41,Secundaria/Polimodal Incompleta,2500 gramos y más,2
4125,90,1,1,20 a 24,37 a 41,Secundario/Polimodal Completa y más,2500 gramos y más,1096
4126,54,1,1,De 45 y más,37 a 41,Hasta Primaria/C.EGB Completa,2500 gramos y más,8
4127,90,2,1,25 a 29,37 a 41,Hasta Primaria/C.EGB Completa,2500 gramos y más,3
4128,30,1,2,40 a 44,24 a 27,Secundario/Polimodal Completa y más,Menos de 2500 gramos,2
4129,70,1,1,40 a 44,37 a 41,Secundario/Polimodal Completa y más,Menos de 2500 gramos,3
4130,82,1,1,30 a 34,Menos de 22,Hasta Primaria/C.EGB Completa,Menos de 2500 gramos,1
4131,18,1,2,25 a 29,37 a 41,Sin especificar,2500 gramos y más,340
4132,70,1,2,30 a 34,Menos de 22,Secundario/Polimodal Completa y más,Menos de 2500 gramos,1
4133,6,1,1,Sin especificar,42 y más,Hasta Primaria/C.EGB Completa,2500 gramos y más,4
4134,58,1,1,20 a 24,32 a 36,Secundaria/Polimodal Incompleta,Menos de 2500 gramos,5
4135,22,1,2,25 a 29,42 y más,Secundario/Polimodal Completa y más,Menos de 2500 gramos,1
4136,82,1,2,30 a 34,37 a 41,Secundaria/Polimodal Incompleta,2500 gramos y más,664
4137,2,1,1,15 a 19,37 a 41,Hasta Primaria/C.EGB Completa,2500 gramos y más,65
4138,46,1,2,20 a 24,32 a 36,Secundaria/Polimodal Incompleta,Menos de 2500 gramos,2
4139,82,2,2,15 a 19,24 a 27,Secundaria/Polimodal Incompleta,Menos de 2500 gramos,1
4140,82,2,1,25 a 29,37 a 41,Secundario/Polimodal Completa y más,2500 gramos y más,11
4141,90,1,2,35 a 39,42 y más,Sin especificar,2500 gramos y más,1
4142,34,1,2,35 a 39,37 a 41,Hasta Primaria/C.EGB Completa,Menos de 2500 gramos,3
4143,78,1,1,Menor de 15,32 a 36,Secundaria/Polimodal Incompleta,Menos de 2500 gramos,1
4144,22,1,2,30 a 34,37 a 41,Secundaria/Polimodal Incompleta,Menos de 2500 gramos,6
4145,22,1,1,25 a 29,42 y más,Secundario/Polimodal Completa y más,2500 gramos y más,3
4146,26,1,1,35 a 39,24 a 27,Secundario/Polimodal Completa y más,Menos de 2500 gramos,1
4147,6,1,2,25 a 29,Sin especificar,Sin especificar,Sin especificar,139
4148,94,1,2,25 a 29,37 a 41,Secundaria/Polimodal Incompleta,2500 gramos y más,34
4149,2,9,2,30 a 34,42 y más,Sin especificar,2500 gramos y más,1
4150,42,1,2,20 a 24,32 a 36,Secundario/Polimodal Completa y más,2500 gramos y más,5
4151,34,2,2,30 a 34,32 a 36,Sin especificar,2500 gramos y más,1
4152,38,1,1,25 a 29,37 a 41,Secundario/Polimodal Completa y más,Menos de 2500 gramos,15
4153,6,2,1,25 a 29,32 a 36,Hasta Primaria/C.EGB Completa,2500 gramos y más,6
4154,2,1,2,Sin especificar,37 a 41,Secundario/Polimodal Completa y más,2500 gramos y más,5
4155,90,2,2,30 a 34,28 a 31,Hasta Primaria/C.EGB Completa,Menos de 2500 gramos,2
4156,90,1,2,30 a 34,37 a 41,Secundario/Polimodal Completa y más,2500 gramos y más,1315
4157,6,1,2,40 a 44,28 a 31,Secundario/Polimodal Completa y más,Menos de 2500 gramos,28
4158,22,1,1,25 a 29,42 y más,Hasta Primaria/C.EGB Completa,2500 gramos y más,6
4159,46,1,2,40 a 44,37 a 41,Secundario/Polimodal Completa y más,Menos de 2500 gramos,6
4160,26,1,2,40 a 44,32 a 36,Sin especificar,Menos de 2500 gramos,2
4161,2,9,2,35 a 39,32 a 36,Sin especificar,Menos de 2500 gramos,5
4162,14,2,1,40 a 44,32 a 36,Hasta Primaria/C.EGB Completa,Menos de 2500 gramos,4
4163,14,1,1,35 a 39,32 a 36,Secundario/Polimodal Completa y más,2500 gramos y más,79
4164,34,1,1,25 a 29,37 a 41,Secundario/Polimodal Completa y más,Menos de 2500 gramos,7
4165,22,1,2,Sin especificar,37 a 41,Secundario/Polimodal Completa y más,Menos de 2500 gramos,1
4166,30,1,2,De 45 y más,37 a 41,Secundario/Polimodal Completa y más,Menos de 2500 gramos,1
4167,6,2,2,25 a 29,28 a 31,Secundaria/Polimodal Incompleta,Menos de 2500 gramos,3
4168,14,1,2,Menor de 15,37 a 41,Hasta Primaria/C.EGB Completa,2500 gramos y más,5
4169,66,2,1,25 a 29,37 a 41,Hasta Primaria/C.EGB Completa,Menos de 2500 gramos,4
4170,99,1,1,20 a 24,37 a 41,Secundario/Polimodal Completa y más,2500 gramos y más,5
4171,6,1,2,Sin especificar,Sin especificar,Secundario/Polimodal Completa y más,Menos de 2500 gramos,1
4172,78,1,2,Menor de 15,37 a 41,Hasta Primaria/C.EGB Completa,2500 gramos y más,1
4173,30,2,2,20 a 24,32 a 36,Secundario/Polimodal Completa y más,Menos de 2500 gramos,9
4174,6,1,1,15 a 19,37 a 41,Secundaria/Polimodal Incompleta,Sin especificar,3
4175,50,1,1,20 a 24,42 y más,Secundario/Polimodal Completa y más,2500 gramos y más,2
4176,46,1,2,15 a 19,32 a 36,Secundario/Polimodal Completa y más,2500 gramos y más,2
4177,14,1,1,35 a 39,32 a 36,Sin especificar,Menos de 2500 gramos,1
4178,74,2,1,35 a 39,37 a 41,Secundario/Polimodal Completa y más,2500 gramos y más,1
4179,14,1,1,30 a 34,28 a 31,Secundaria/Polimodal Incompleta,Menos de 2500 gramos,2
4180,34,1,1,30 a 34,42 y más,Hasta Primaria/C.EGB Completa,2500 gramos y más,1
4181,18,1,2,40 a 44,24 a 27,Secundario/Polimodal Completa y más,Menos de 2500 gramos,1
4182,42,1,1,25 a 29,32 a 36,Secundario/Polimodal Completa y más,2500 gramos y más,10
4183,82,1,1,25 a 29,37 a 41,Hasta Primaria/C.EGB Completa,Menos de 2500 gramos,16
4184,50,1,1,40 a 44,28 a 31,Secundaria/Polimodal Incompleta,Menos de 2500 gramos,3
4185,66,1,2,Menor de 15,37 a 41,Hasta Primaria/C.EGB Completa,2500 gramos y más,23
4186,6,1,1,15 a 19,28 a 31,Secundaria/Polimodal Incompleta,2500 gramos y más,2
4187,18,1,2,25 a 29,32 a 36,Secundario/Polimodal Completa y más,2500 gramos y más,30
4188,86,1,1,25 a 29,37 a 41,Secundario/Polimodal Completa y más,2500 gramos y más,413
4189,6,1,2,15 a 19,28 a 31,Hasta Primaria/C.EGB Completa,2500 gramos y más,2
4190,2,1,1,20 a 24,32 a 36,Secundario/Polimodal Completa y más,2500 gramos y más,20
4191,82,2,1,25 a 29,37 a 41,Hasta Primaria/C.EGB Completa,2500 gramos y más,3
4192,66,1,1,30 a 34,37 a 41,Secundario/Polimodal Completa y más,Sin especificar,1
4193,22,1,2,25 a 29,32 a 36,Secundaria/Polimodal Incompleta,Menos de 2500 gramos,22
4194,38,1,1,35 a 39,24 a 27,Secundario/Polimodal Completa y más,Menos de 2500 gramos,1
4195,58,1,1,20 a 24,32 a 36,Hasta Primaria/C.EGB Completa,2500 gramos y más,5
4196,38,1,2,25 a 29,24 a 27,Secundario/Polimodal Completa y más,Menos de 2500 gramos,1
4197,38,1,2,35 a 39,32 a 36,Hasta Primaria/C.EGB Completa,2500 gramos y más,1
4198,90,2,2,25 a 29,32 a 36,Hasta Primaria/C.EGB Completa,2500 gramos y más,1
4199,66,1,1,35 a 39,32 a 36,Secundaria/Polimodal Incompleta,Menos de 2500 gramos,2
4200,58,2,1,25 a 29,32 a 36,Sin especificar,Menos de 2500 gramos,2
4201,6,1,2,Sin especificar,Sin especificar,Secundario/Polimodal Completa y más,2500 gramos y más,3
4202,70,2,1,15 a 19,32 a 36,Secundaria/Polimodal Incompleta,2500 gramos y más,1
4203,26,2,2,35 a 39,37 a 41,Secundario/Polimodal Completa y más,Menos de 2500 gramos,1
4204,62,1,1,Sin especificar,37 a 41,Secundario/Polimodal Completa y más,2500 gramos y más,1
4205,50,2,2,30 a 34,32 a 36,Sin especificar,Menos de 2500 gramos,1
4206,6,1,2,30 a 34,37 a 41,Secundaria/Polimodal Incompleta,2500 gramos y más,2641
4207,82,2,1,30 a 34,24 a 27,Secundario/Polimodal Completa y más,Menos de 2500 gramos,1
4208,6,2,1,25 a 29,32 a 36,Hasta Primaria/C.EGB Completa,Menos de 2500 gramos,16
4209,34,2,2,20 a 24,24 a 27,Secundario/Polimodal Completa y más,Menos de 2500 gramos,1
4210,2,1,2,20 a 24,37 a 41,Sin especificar,2500 gramos y más,42
4211,2,9,1,35 a 39,37 a 41,Sin especificar,Menos de 2500 gramos,3
4212,50,1,2,35 a 39,22 a 23,Hasta Primaria/C.EGB Completa,Menos de 2500 gramos,1
4213,90,1,2,40 a 44,28 a 31,Hasta Primaria/C.EGB Completa,Menos de 2500 gramos,2
4214,86,1,2,40 a 44,37 a 41,Secundaria/Polimodal Incompleta,2500 gramos y más,29
4215,99,1,9,Sin especificar,42 y más,Sin especificar,2500 gramos y más,1
4216,46,1,2,20 a 24,32 a 36,Secundario/Polimodal Completa y más,Menos de 2500 gramos,10
4217,50,1,2,30 a 34,37 a 41,Hasta Primaria/C.EGB Completa,Menos de 2500 gramos,8
4218,14,2,1,25 a 29,37 a 41,Secundaria/Polimodal Incompleta,2500 gramos y más,5
4219,14,1,1,Sin especificar,Sin especificar,Sin especificar,Sin especificar,2
4220,70,2,1,15 a 19,32 a 36,Secundaria/Polimodal Incompleta,Menos de 2500 gramos,1
4221,90,1,2,35 a 39,Sin especificar,Secundaria/Polimodal Incompleta,Menos de 2500 gramos,1
4222,22,1,2,20 a 24,32 a 36,Hasta Primaria/C.EGB Completa,Sin especificar,1
4223,6,2,2,30 a 34,37 a 41,Hasta Primaria/C.EGB Completa,Menos de 2500 gramos,6
4224,38,1,1,35 a 39,37 a 41,Secundaria/Polimodal Incompleta,2500 gramos y más,66
4225,42,2,1,25 a 29,32 a 36,Secundario/Polimodal Completa y más,2500 gramos y más,1
4226,2,2,1,30 a 34,37 a 41,Secundario/Polimodal Completa y más,2500 gramos y más,14
4227,54,1,1,15 a 19,Sin especificar,Secundario/Polimodal Completa y más,2500 gramos y más,1
4228,10,1,2,35 a 39,37 a 41,Sin especificar,2500 gramos y más,3
4229,58,2,2,35 a 39,28 a 31,Hasta Primaria/C.EGB Completa,Menos de 2500 gramos,1
4230,30,1,2,15 a 19,28 a 31,Hasta Primaria/C.EGB Completa,Menos de 2500 gramos,3
4231,54,1,2,20 a 24,24 a 27,Sin especificar,Menos de 2500 gramos,2
4232,58,1,1,30 a 34,32 a 36,Secundaria/Polimodal Incompleta,Menos de 2500 gramos,7
4233,66,1,2,20 a 24,24 a 27,Secundario/Polimodal Completa y más,Menos de 2500 gramos,1
4234,18,1,1,15 a 19,37 a 41,Sin especificar,2500 gramos y más,219
4235,10,1,1,20 a 24,37 a 41,Secundaria/Polimodal Incompleta,2500 gramos y más,133
4236,82,1,1,35 a 39,32 a 36,Secundario/Polimodal Completa y más,Menos de 2500 gramos,75
4237,22,1,2,40 a 44,37 a 41,Secundaria/Polimodal Incompleta,2500 gramos y más,36
4238,6,1,1,30 a 34,28 a 31,Secundaria/Polimodal Incompleta,Sin especificar,1
4239,22,1,2,20 a 24,28 a 31,Sin especificar,Menos de 2500 gramos,1
4240,50,1,2,De 45 y más,37 a 41,Secundario/Polimodal Completa y más,Menos de 2500 gramos,1
4241,34,1,1,15 a 19,37 a 41,Secundaria/Polimodal Incompleta,2500 gramos y más,214
4242,10,2,1,25 a 29,32 a 36,Secundaria/Polimodal Incompleta,Menos de 2500 gramos,2
4243,90,2,2,20 a 24,Sin especificar,Hasta Primaria/C.EGB Completa,Menos de 2500 gramos,2
4244,14,1,2,20 a 24,37 a 41,Secundario/Polimodal Completa y más,Menos de 2500 gramos,47
4245,38,2,1,25 a 29,37 a 41,Hasta Primaria/C.EGB Completa,2500 gramos y más,2
4246,30,1,2,40 a 44,37 a 41,Secundaria/Polimodal Incompleta,2500 gramos y más,37
4247,6,2,2,25 a 29,28 a 31,Secundario/Polimodal Completa y más,Menos de 2500 gramos,13
4248,6,1,2,De 45 y más,28 a 31,Secundario/Polimodal Completa y más,Menos de 2500 gramos,3
4249,54,1,2,30 a 34,37 a 41,Secundaria/Polimodal Incompleta,2500 gramos y más,254
4250,50,1,1,30 a 34,32 a 36,Secundario/Polimodal Completa y más,2500 gramos y más,49
4251,2,1,1,35 a 39,37 a 41,Hasta Primaria/C.EGB Completa,2500 gramos y más,173
4252,6,1,2,25 a 29,37 a 41,Secundario/Polimodal Completa y más,Sin especificar,12
4253,58,1,1,30 a 34,28 a 31,Secundario/Polimodal Completa y más,Menos de 2500 gramos,4
4254,26,1,2,30 a 34,32 a 36,Sin especificar,Menos de 2500 gramos,1
4255,34,1,1,25 a 29,32 a 36,Secundario/Polimodal Completa y más,Menos de 2500 gramos,12
4256,30,1,1,20 a 24,28 a 31,Secundario/Polimodal Completa y más,Menos de 2500 gramos,4
4257,46,1,2,25 a 29,37 a 41,Hasta Primaria/C.EGB Completa,2500 gramos y más,70
4258,14,2,2,20 a 24,37 a 41,Secundaria/Polimodal Incompleta,2500 gramos y más,4
4259,6,1,1,20 a 24,28 a 31,Secundario/Polimodal Completa y más,2500 gramos y más,3
4260,99,9,2,15 a 19,37 a 41,Sin especificar,Menos de 2500 gramos,1
4261,70,1,1,35 a 39,32 a 36,Secundario/Polimodal Completa y más,2500 gramos y más,7
4262,6,2,2,De 45 y más,37 a 41,Secundario/Polimodal Completa y más,Menos de 2500 gramos,1
4263,2,1,1,35 a 39,32 a 36,Secundario/Polimodal Completa y más,2500 gramos y más,103
4264,82,2,2,35 a 39,37 a 41,Secundario/Polimodal Completa y más,2500 gramos y más,30
4265,2,1,2,15 a 19,37 a 41,Sin especificar,2500 gramos y más,19
4266,2,1,2,Menor de 15,37 a 41,Sin especificar,2500 gramos y más,2
4267,70,2,2,25 a 29,37 a 41,Hasta Primaria/C.EGB Completa,Menos de 2500 gramos,3
4268,62,2,1,25 a 29,32 a 36,Secundario/Polimodal Completa y más,Menos de 2500 gramos,6
4269,2,1,1,De 45 y más,32 a 36,Secundario/Polimodal Completa y más,2500 gramos y más,7
4270,30,2,1,35 a 39,37 a 41,Secundario/Polimodal Completa y más,Menos de 2500 gramos,5
4271,66,1,1,25 a 29,32 a 36,Secundario/Polimodal Completa y más,2500 gramos y más,79
4272,14,1,2,25 a 29,42 y más,Hasta Primaria/C.EGB Completa,2500 gramos y más,2
4273,42,2,2,30 a 34,32 a 36,Secundario/Polimodal Completa y más,Menos de 2500 gramos,3
4274,6,2,2,20 a 24,32 a 36,Secundaria/Polimodal Incompleta,Menos de 2500 gramos,27
4275,74,2,1,30 a 34,37 a 41,Secundario/Polimodal Completa y más,2500 gramos y más,1
4276,6,1,2,35 a 39,28 a 31,Secundario/Polimodal Completa y más,Menos de 2500 gramos,52
4277,2,1,2,20 a 24,37 a 41,Secundaria/Polimodal Incompleta,2500 gramos y más,229
4278,38,2,1,30 a 34,32 a 36,Secundario/Polimodal Completa y más,2500 gramos y más,3
4279,38,1,1,20 a 24,32 a 36,Secundaria/Polimodal Incompleta,Menos de 2500 gramos,7
4280,74,1,1,De 45 y más,37 a 41,Secundario/Polimodal Completa y más,Menos de 2500 gramos,1
4281,42,1,1,25 a 29,32 a 36,Secundario/Polimodal Completa y más,Menos de 2500 gramos,13
4282,38,2,2,20 a 24,37 a 41,Secundaria/Polimodal Incompleta,Menos de 2500 gramos,1
4283,26,1,1,15 a 19,37 a 41,Sin especificar,2500 gramos y más,25
4284,42,1,1,Sin especificar,37 a 41,Secundario/Polimodal Completa y más,2500 gramos y más,1
4285,42,2,2,35 a 39,37 a 41,Secundario/Polimodal Completa y más,2500 gramos y más,1
4286,18,1,1,15 a 19,32 a 36,Sin especificar,Menos de 2500 gramos,15
4287,6,1,2,35 a 39,28 a 31,Secundario/Polimodal Completa y más,2500 gramos y más,3
4288,98,1,2,Sin especificar,Sin especificar,Sin especificar,Sin especificar,1
4289,30,2,2,35 a 39,37 a 41,Secundario/Polimodal Completa y más,2500 gramos y más,2
4290,38,2,1,30 a 34,32 a 36,Secundario/Polimodal Completa y más,Menos de 2500 gramos,2
4291,90,1,1,20 a 24,37 a 41,Secundario/Polimodal Completa y más,Menos de 2500 gramos,36
4292,70,1,1,25 a 29,37 a 41,Secundario/Polimodal Completa y más,2500 gramos y más,714
4293,6,1,2,Sin especificar,37 a 41,Secundario/Polimodal Completa y más,Sin especificar,1
4294,99,1,1,35 a 39,Sin especificar,Sin especificar,Sin especificar,12
4295,62,1,1,20 a 24,22 a 23,Secundario/Polimodal Completa y más,Menos de 2500 gramos,1
4296,54,1,2,30 a 34,24 a 27,Hasta Primaria/C.EGB Completa,Menos de 2500 gramos,2
4297,46,1,1,35 a 39,37 a 41,Sin especificar,2500 gramos y más,2
4298,90,2,2,25 a 29,32 a 36,Hasta Primaria/C.EGB Completa,Menos de 2500 gramos,2
4299,26,1,2,De 45 y más,32 a 36,Secundaria/Polimodal Incompleta,Menos de 2500 gramos,1
4300,34,1,2,15 a 19,32 a 36,Sin especificar,2500 gramos y más,9
4301,6,1,2,35 a 39,42 y más,Hasta Primaria/C.EGB Completa,2500 gramos y más,6
4302,99,1,1,15 a 19,37 a 41,Secundaria/Polimodal Incompleta,2500 gramos y más,3
4303,30,1,1,15 a 19,32 a 36,Secundario/Polimodal Completa y más,Menos de 2500 gramos,4
4304,66,2,2,35 a 39,37 a 41,Secundario/Polimodal Completa y más,2500 gramos y más,5
4305,90,1,2,25 a 29,32 a 36,Secundaria/Polimodal Incompleta,2500 gramos y más,32
4306,82,2,2,25 a 29,37 a 41,Hasta Primaria/C.EGB Completa,Menos de 2500 gramos,1
4307,10,1,2,30 a 34,37 a 41,Hasta Primaria/C.EGB Completa,2500 gramos y más,58
4308,86,2,1,25 a 29,32 a 36,Secundaria/Polimodal Incompleta,Menos de 2500 gramos,2
4309,6,1,2,15 a 19,32 a 36,Secundario/Polimodal Completa y más,Menos de 2500 gramos,53
4310,82,2,1,40 a 44,32 a 36,Secundario/Polimodal Completa y más,Menos de 2500 gramos,10
4311,82,1,1,30 a 34,37 a 41,Secundario/Polimodal Completa y más,Menos de 2500 gramos,46
4312,22,1,2,20 a 24,37 a 41,Hasta Primaria/C.EGB Completa,Menos de 2500 gramos,18
4313,90,2,1,25 a 29,32 a 36,Secundaria/Polimodal Incompleta,2500 gramos y más,1
4314,14,1,1,35 a 39,32 a 36,Secundario/Polimodal Completa y más,Menos de 2500 gramos,99
4315,62,2,2,25 a 29,32 a 36,Secundaria/Polimodal Incompleta,Menos de 2500 gramos,2
4316,98,1,2,Sin especificar,37 a 41,Secundaria/Polimodal Incompleta,2500 gramos y más,1
4317,42,1,2,40 a 44,37 a 41,Secundario/Polimodal Completa y más,Menos de 2500 gramos,2
4318,70,2,1,25 a 29,37 a 41,Secundaria/Polimodal Incompleta,2500 gramos y más,4
4319,22,1,1,De 45 y más,37 a 41,Secundario/Polimodal Completa y más,2500 gramos y más,4
4320,58,1,1,35 a 39,37 a 41,Secundario/Polimodal Completa y más,Menos de 2500 gramos,6
4321,54,1,2,15 a 19,42 y más,Secundaria/Polimodal Incompleta,2500 gramos y más,4
4322,78,1,2,25 a 29,37 a 41,Sin especificar,2500 gramos y más,3
4323,6,1,9,30 a 34,37 a 41,Hasta Primaria/C.EGB Completa,2500 gramos y más,2
4324,58,2,2,35 a 39,37 a 41,Hasta Primaria/C.EGB Completa,2500 gramos y más,2
4325,66,1,2,20 a 24,42 y más,Secundaria/Polimodal Incompleta,Menos de 2500 gramos,1
4326,6,9,1,30 a 34,37 a 41,Sin especificar,Menos de 2500 gramos,2
4327,30,1,2,15 a 19,32 a 36,Secundaria/Polimodal Incompleta,2500 gramos y más,12
4328,70,1,1,40 a 44,37 a 41,Secundario/Polimodal Completa y más,2500 gramos y más,100
4329,66,1,1,25 a 29,Sin especificar,Sin especificar,2500 gramos y más,1
4330,62,1,1,30 a 34,42 y más,Secundario/Polimodal Completa y más,2500 gramos y más,5
4331,54,1,1,Menor de 15,32 a 36,Hasta Primaria/C.EGB Completa,Menos de 2500 gramos,4
4332,66,1,1,25 a 29,32 a 36,Secundario/Polimodal Completa y más,Menos de 2500 gramos,65
4333,34,1,1,35 a 39,32 a 36,Secundaria/Polimodal Incompleta,2500 gramos y más,8
4334,78,1,2,35 a 39,24 a 27,Secundario/Polimodal Completa y más,Menos de 2500 gramos,1
4335,54,1,1,40 a 44,32 a 36,Sin especificar,Menos de 2500 gramos,1
4336,46,2,2,20 a 24,32 a 36,Secundario/Polimodal Completa y más,Menos de 2500 gramos,2
4337,90,2,2,15 a 19,28 a 31,Secundaria/Polimodal Incompleta,Menos de 2500 gramos,5
4338,54,1,2,30 a 34,Menos de 22,Secundario/Polimodal Completa y más,Menos de 2500 gramos,2
4339,18,1,1,20 a 24,32 a 36,Secundaria/Polimodal Incompleta,Menos de 2500 gramos,13
4340,22,1,2,35 a 39,32 a 36,Secundaria/Polimodal Incompleta,2500 gramos y más,8
4341,34,1,2,20 a 24,37 a 41,Sin especificar,2500 gramos y más,206
4342,54,1,2,De 45 y más,37 a 41,Secundario/Polimodal Completa y más,2500 gramos y más,3
4343,38,1,2,15 a 19,37 a 41,Secundaria/Polimodal Incompleta,Menos de 2500 gramos,7
4344,58,1,1,30 a 34,37 a 41,Secundario/Polimodal Completa y más,Menos de 2500 gramos,5
4345,58,1,2,25 a 29,32 a 36,Secundaria/Polimodal Incompleta,2500 gramos y más,7
4346,6,1,2,30 a 34,24 a 27,Hasta Primaria/C.EGB Completa,Menos de 2500 gramos,8
4347,54,1,1,30 a 34,32 a 36,Secundario/Polimodal Completa y más,2500 gramos y más,47
4348,90,1,1,35 a 39,22 a 23,Secundario/Polimodal Completa y más,Menos de 2500 gramos,1
4349,6,1,2,25 a 29,28 a 31,Secundario/Polimodal Completa y más,Sin especificar,2
4350,2,1,1,35 a 39,37 a 41,Secundaria/Polimodal Incompleta,Menos de 2500 gramos,4
4351,94,1,2,35 a 39,28 a 31,Secundario/Polimodal Completa y más,Menos de 2500 gramos,1
4352,70,1,2,30 a 34,32 a 36,Secundaria/Polimodal Incompleta,Menos de 2500 gramos,5
4353,6,9,1,25 a 29,32 a 36,Sin especificar,2500 gramos y más,1
4354,6,1,1,Sin especificar,28 a 31,Secundaria/Polimodal Incompleta,Menos de 2500 gramos,3
4355,66,2,2,20 a 24,37 a 41,Hasta Primaria/C.EGB Completa,Menos de 2500 gramos,5
4356,86,2,2,30 a 34,37 a 41,Secundaria/Polimodal Incompleta,Menos de 2500 gramos,1
4357,74,1,2,25 a 29,32 a 36,Secundario/Polimodal Completa y más,2500 gramos y más,12
4358,66,1,1,35 a 39,37 a 41,Secundario/Polimodal Completa y más,Sin especificar,1
4359,14,1,2,Sin especificar,Sin especificar,Sin especificar,Sin especificar,7
4360,6,1,1,35 a 39,37 a 41,Secundario/Polimodal Completa y más,Menos de 2500 gramos,169
4361,6,2,1,Sin especificar,28 a 31,Secundario/Polimodal Completa y más,Menos de 2500 gramos,1
4362,18,1,2,25 a 29,32 a 36,Sin especificar,Menos de 2500 gramos,11
4363,54,2,2,15 a 19,37 a 41,Hasta Primaria/C.EGB Completa,2500 gramos y más,1
4364,22,2,2,40 a 44,37 a 41,Hasta Primaria/C.EGB Completa,Menos de 2500 gramos,1
4365,82,2,2,40 a 44,24 a 27,Secundario/Polimodal Completa y más,Menos de 2500 gramos,2
4366,86,2,2,20 a 24,32 a 36,Hasta Primaria/C.EGB Completa,2500 gramos y más,1
4367,6,2,2,25 a 29,32 a 36,Secundario/Polimodal Completa y más,Menos de 2500 gramos,65
4368,22,1,1,15 a 19,28 a 31,Hasta Primaria/C.EGB Completa,2500 gramos y más,1
4369,34,2,1,25 a 29,32 a 36,Sin especificar,2500 gramos y más,2
4370,22,1,1,20 a 24,37 a 41,Hasta Primaria/C.EGB Completa,2500 gramos y más,537
4371,86,1,1,35 a 39,37 a 41,Hasta Primaria/C.EGB Completa,Menos de 2500 gramos,2
4372,50,1,1,35 a 39,28 a 31,Secundaria/Polimodal Incompleta,Menos de 2500 gramos,2
4373,2,2,1,40 a 44,37 a 41,Sin especificar,2500 gramos y más,1
4374,98,1,1,30 a 34,32 a 36,Secundario/Polimodal Completa y más,Menos de 2500 gramos,1
4375,66,1,1,25 a 29,Sin especificar,Hasta Primaria/C.EGB Completa,2500 gramos y más,6
4376,34,1,2,20 a 24,28 a 31,Sin especificar,Menos de 2500 gramos,3
4377,34,1,2,20 a 24,42 y más,Sin especificar,2500 gramos y más,1
4378,2,1,1,15 a 19,28 a 31,Secundaria/Polimodal Incompleta,Menos de 2500 gramos,1
4379,14,1,1,15 a 19,37 a 41,Secundario/Polimodal Completa y más,Menos de 2500 gramos,8
4380,78,1,2,35 a 39,28 a 31,Secundaria/Polimodal Incompleta,Menos de 2500 gramos,1
4381,46,2,1,25 a 29,37 a 41,Secundario/Polimodal Completa y más,2500 gramos y más,1
4382,99,1,1,40 a 44,37 a 41,Secundario/Polimodal Completa y más,2500 gramos y más,1
4383,42,1,1,35 a 39,24 a 27,Secundaria/Polimodal Incompleta,Menos de 2500 gramos,1
4384,14,2,2,35 a 39,37 a 41,Secundaria/Polimodal Incompleta,Menos de 2500 gramos,1
4385,14,1,1,20 a 24,32 a 36,Secundaria/Polimodal Incompleta,Menos de 2500 gramos,54
4386,6,1,2,30 a 34,Sin especificar,Sin especificar,Menos de 2500 gramos,2
4387,90,1,2,20 a 24,24 a 27,Secundario/Polimodal Completa y más,Menos de 2500 gramos,5
4388,46,1,1,35 a 39,28 a 31,Secundario/Polimodal Completa y más,Menos de 2500 gramos,1
4389,26,2,1,40 a 44,32 a 36,Secundaria/Polimodal Incompleta,Menos de 2500 gramos,2
4390,22,1,1,15 a 19,37 a 41,Secundario/Polimodal Completa y más,Sin especificar,1
4391,30,1,2,40 a 44,37 a 41,Secundaria/Polimodal Incompleta,Menos de 2500 gramos,3
4392,74,2,1,40 a 44,32 a 36,Hasta Primaria/C.EGB Completa,Menos de 2500 gramos,1
4393,14,2,2,15 a 19,37 a 41,Secundario/Polimodal Completa y más,2500 gramos y más,1
4394,70,1,2,20 a 24,Sin especificar,Secundaria/Polimodal Incompleta,2500 gramos y más,1
4395,14,1,2,30 a 34,24 a 27,Hasta Primaria/C.EGB Completa,Menos de 2500 gramos,1
4396,66,1,2,30 a 34,Sin especificar,Secundario/Polimodal Completa y más,2500 gramos y más,26
4397,82,2,2,30 a 34,32 a 36,Secundaria/Polimodal Incompleta,2500 gramos y más,1
4398,94,1,1,30 a 34,32 a 36,Hasta Primaria/C.EGB Completa,Menos de 2500 gramos,2
4399,98,1,1,35 a 39,37 a 41,Secundario/Polimodal Completa y más,2500 gramos y más,4
4400,86,1,1,30 a 34,32 a 36,Hasta Primaria/C.EGB Completa,Menos de 2500 gramos,22
4401,86,1,1,35 a 39,32 a 36,Secundaria/Polimodal Incompleta,2500 gramos y más,3
4402,58,1,1,30 a 34,37 a 41,Hasta Primaria/C.EGB Completa,Menos de 2500 gramos,1
4403,6,1,2,Menor de 15,32 a 36,Hasta Primaria/C.EGB Completa,Menos de 2500 gramos,2
4404,2,2,1,30 a 34,32 a 36,Hasta Primaria/C.EGB Completa,Menos de 2500 gramos,2
4405,30,1,2,30 a 34,28 a 31,Hasta Primaria/C.EGB Completa,Menos de 2500 gramos,1
4406,90,1,1,25 a 29,24 a 27,Hasta Primaria/C.EGB Completa,Menos de 2500 gramos,2
4407,26,1,1,15 a 19,32 a 36,Secundario/Polimodal Completa y más,2500 gramos y más,2
4408,82,1,2,35 a 39,37 a 41,Sin especificar,2500 gramos y más,11
4409,30,2,1,35 a 39,32 a 36,Secundario/Polimodal Completa y más,Menos de 2500 gramos,6
4410,99,9,2,20 a 24,Sin especificar,Sin especificar,Sin especificar,6
4411,66,1,1,30 a 34,24 a 27,Secundario/Polimodal Completa y más,Menos de 2500 gramos,2
4412,2,1,2,35 a 39,37 a 41,Secundario/Polimodal Completa y más,Menos de 2500 gramos,55
4413,18,1,1,15 a 19,32 a 36,Secundaria/Polimodal Incompleta,2500 gramos y más,7
4414,99,1,1,30 a 34,37 a 41,Secundario/Polimodal Completa y más,Sin especificar,1
4415,54,1,1,25 a 29,42 y más,Secundaria/Polimodal Incompleta,2500 gramos y más,3
4416,22,2,1,30 a 34,37 a 41,Hasta Primaria/C.EGB Completa,Menos de 2500 gramos,1
4417,2,9,2,20 a 24,37 a 41,Sin especificar,Menos de 2500 gramos,2
4418,74,1,1,15 a 19,37 a 41,Sin especificar,2500 gramos y más,7
4419,10,1,1,30 a 34,28 a 31,Secundario/Polimodal Completa y más,Menos de 2500 gramos,3
4420,46,1,1,30 a 34,32 a 36,Secundario/Polimodal Completa y más,Menos de 2500 gramos,14
4421,22,1,1,35 a 39,24 a 27,Secundario/Polimodal Completa y más,Menos de 2500 gramos,4
4422,6,2,2,35 a 39,24 a 27,Secundaria/Polimodal Incompleta,Menos de 2500 gramos,1
4423,26,1,1,20 a 24,37 a 41,Secundario/Polimodal Completa y más,2500 gramos y más,296
4424,10,1,2,35 a 39,32 a 36,Secundaria/Polimodal Incompleta,Menos de 2500 gramos,2
4425,42,1,1,40 a 44,37 a 41,Secundario/Polimodal Completa y más,2500 gramos y más,57
4426,6,1,1,35 a 39,37 a 41,Sin especificar,Menos de 2500 gramos,35
4427,66,1,2,15 a 19,28 a 31,Secundaria/Polimodal Incompleta,Menos de 2500 gramos,6
4428,90,1,2,30 a 34,32 a 36,Hasta Primaria/C.EGB Completa,Menos de 2500 gramos,18
4429,22,1,1,30 a 34,37 a 41,Secundaria/Polimodal Incompleta,2500 gramos y más,266
4430,6,1,2,40 a 44,Sin especificar,Hasta Primaria/C.EGB Completa,Menos de 2500 gramos,1
4431,18,1,2,25 a 29,32 a 36,Sin especificar,2500 gramos y más,12
4432,90,1,2,25 a 29,37 a 41,Secundario/Polimodal Completa y más,2500 gramos y más,1478
4433,26,1,1,25 a 29,37 a 41,Secundaria/Polimodal Incompleta,Menos de 2500 gramos,1
4434,78,2,1,15 a 19,37 a 41,Secundario/Polimodal Completa y más,2500 gramos y más,1
4435,34,1,2,15 a 19,32 a 36,Secundaria/Polimodal Incompleta,Menos de 2500 gramos,8
4436,74,2,2,30 a 34,32 a 36,Secundaria/Polimodal Incompleta,2500 gramos y más,1
4437,22,1,2,35 a 39,Sin especificar,Hasta Primaria/C.EGB Completa,Sin especificar,1
4438,90,1,2,35 a 39,37 a 41,Secundario/Polimodal Completa y más,2500 gramos y más,747
4439,6,2,2,40 a 44,32 a 36,Secundaria/Polimodal Incompleta,Menos de 2500 gramos,2
4440,94,1,1,De 45 y más,37 a 41,Hasta Primaria/C.EGB Completa,2500 gramos y más,1
4441,14,1,2,20 a 24,32 a 36,Hasta Primaria/C.EGB Completa,Menos de 2500 gramos,15
4442,14,1,1,20 a 24,28 a 31,Secundario/Polimodal Completa y más,Menos de 2500 gramos,16
4443,66,1,1,35 a 39,32 a 36,Secundaria/Polimodal Incompleta,2500 gramos y más,4
4444,30,2,1,35 a 39,28 a 31,Hasta Primaria/C.EGB Completa,Menos de 2500 gramos,1
4445,18,1,1,35 a 39,37 a 41,Hasta Primaria/C.EGB Completa,2500 gramos y más,104
4446,26,1,2,35 a 39,28 a 31,Secundario/Polimodal Completa y más,Menos de 2500 gramos,3
4447,10,1,2,30 a 34,32 a 36,Hasta Primaria/C.EGB Completa,2500 gramos y más,2
4448,2,1,1,35 a 39,28 a 31,Sin especificar,Menos de 2500 gramos,2
4449,6,2,1,15 a 19,28 a 31,Secundaria/Polimodal Incompleta,Menos de 2500 gramos,4
4450,22,1,1,15 a 19,42 y más,Hasta Primaria/C.EGB Completa,2500 gramos y más,4
4451,38,1,2,15 a 19,32 a 36,Secundaria/Polimodal Incompleta,Menos de 2500 gramos,12
4452,2,1,2,De 45 y más,32 a 36,Secundario/Polimodal Completa y más,Menos de 2500 gramos,5
4453,14,1,2,15 a 19,32 a 36,Hasta Primaria/C.EGB Completa,Menos de 2500 gramos,10
4454,86,2,2,25 a 29,24 a 27,Secundaria/Polimodal Incompleta,Menos de 2500 gramos,1
4455,70,1,1,35 a 39,37 a 41,Hasta Primaria/C.EGB Completa,2500 gramos y más,67
4456,54,1,1,35 a 39,32 a 36,Secundario/Polimodal Completa y más,2500 gramos y más,23
4457,10,1,1,25 a 29,32 a 36,Secundario/Polimodal Completa y más,Menos de 2500 gramos,14
4458,30,1,1,35 a 39,28 a 31,Secundaria/Polimodal Incompleta,Menos de 2500 gramos,1
4459,74,2,1,25 a 29,37 a 41,Secundaria/Polimodal Incompleta,2500 gramos y más,2
4460,74,1,1,15 a 19,28 a 31,Secundario/Polimodal Completa y más,Menos de 2500 gramos,1
4461,90,1,2,25 a 29,37 a 41,Secundario/Polimodal Completa y más,Menos de 2500 gramos,47
4462,46,1,1,15 a 19,37 a 41,Secundaria/Polimodal Incompleta,Menos de 2500 gramos,1
4463,6,1,2,40 a 44,Sin especificar,Hasta Primaria/C.EGB Completa,2500 gramos y más,2
4464,78,2,1,30 a 34,32 a 36,Secundario/Polimodal Completa y más,Menos de 2500 gramos,2
4465,46,1,2,35 a 39,Sin especificar,Hasta Primaria/C.EGB Completa,2500 gramos y más,1
4466,82,2,2,25 a 29,28 a 31,Secundario/Polimodal Completa y más,Menos de 2500 gramos,6
4467,78,1,1,15 a 19,32 a 36,Secundario/Polimodal Completa y más,2500 gramos y más,4
4468,34,1,1,15 a 19,24 a 27,Hasta Primaria/C.EGB Completa,Menos de 2500 gramos,1
4469,10,1,2,25 a 29,32 a 36,Secundario/Polimodal Completa y más,2500 gramos y más,15
4470,6,1,1,15 a 19,28 a 31,Hasta Primaria/C.EGB Completa,Menos de 2500 gramos,8
4471,22,1,1,15 a 19,37 a 41,Secundaria/Polimodal Incompleta,Menos de 2500 gramos,18
4472,42,1,1,40 a 44,37 a 41,Hasta Primaria/C.EGB Completa,2500 gramos y más,7
4473,74,1,1,15 a 19,28 a 31,Hasta Primaria/C.EGB Completa,Menos de 2500 gramos,1
4474,62,1,1,35 a 39,32 a 36,Sin especificar,Menos de 2500 gramos,3
4475,86,1,1,15 a 19,Menos de 22,Hasta Primaria/C.EGB Completa,Menos de 2500 gramos,1
4476,46,2,1,25 a 29,37 a 41,Secundario/Polimodal Completa y más,Menos de 2500 gramos,1
4477,74,1,2,30 a 34,28 a 31,Secundaria/Polimodal Incompleta,Menos de 2500 gramos,1
4478,42,1,1,35 a 39,37 a 41,Secundaria/Polimodal Incompleta,2500 gramos y más,51
4479,99,1,1,30 a 34,37 a 41,Hasta Primaria/C.EGB Completa,2500 gramos y más,1
4480,99,9,1,De 45 y más,32 a 36,Sin especificar,Menos de 2500 gramos,1
4481,6,1,2,15 a 19,24 a 27,Sin especificar,Menos de 2500 gramos,5
4482,6,1,1,40 a 44,37 a 41,Secundaria/Polimodal Incompleta,2500 gramos y más,412
4483,34,2,1,20 a 24,37 a 41,Secundario/Polimodal Completa y más,2500 gramos y más,2
4484,22,2,1,15 a 19,32 a 36,Secundaria/Polimodal Incompleta,Menos de 2500 gramos,1
4485,26,1,1,40 a 44,32 a 36,Sin especificar,2500 gramos y más,1
4486,6,1,1,30 a 34,37 a 41,Secundaria/Polimodal Incompleta,Sin especificar,7
4487,66,2,1,30 a 34,28 a 31,Secundario/Polimodal Completa y más,Menos de 2500 gramos,1
4488,62,1,2,20 a 24,28 a 31,Secundaria/Polimodal Incompleta,Menos de 2500 gramos,1
4489,54,1,2,25 a 29,42 y más,Secundaria/Polimodal Incompleta,2500 gramos y más,4
4490,62,1,1,30 a 34,28 a 31,Sin especificar,Menos de 2500 gramos,2
4491,2,2,2,25 a 29,32 a 36,Secundaria/Polimodal Incompleta,2500 gramos y más,2
4492,34,1,2,15 a 19,32 a 36,Hasta Primaria/C.EGB Completa,2500 gramos y más,7
4493,70,2,2,25 a 29,32 a 36,Secundaria/Polimodal Incompleta,2500 gramos y más,2
4494,2,1,2,25 a 29,32 a 36,Secundario/Polimodal Completa y más,Menos de 2500 gramos,31
4495,2,2,1,35 a 39,32 a 36,Secundario/Polimodal Completa y más,Menos de 2500 gramos,30
4496,22,1,2,20 a 24,Sin especificar,Secundario/Polimodal Completa y más,Menos de 2500 gramos,2
4497,54,1,2,35 a 39,37 a 41,Hasta Primaria/C.EGB Completa,2500 gramos y más,232
4498,38,2,2,30 a 34,32 a 36,Secundaria/Polimodal Incompleta,2500 gramos y más,2
4499,18,1,2,40 a 44,37 a 41,Hasta Primaria/C.EGB Completa,2500 gramos y más,33
4500,6,1,2,15 a 19,37 a 41,Hasta Primaria/C.EGB Completa,Sin especificar,2
4501,82,1,1,30 a 34,37 a 41,Secundario/Polimodal Completa y más,2500 gramos y más,2865
4502,22,1,2,Sin especificar,37 a 41,Secundaria/Polimodal Incompleta,2500 gramos y más,2
4503,66,1,2,20 a 24,42 y más,Secundaria/Polimodal Incompleta,2500 gramos y más,2
4504,34,1,1,35 a 39,37 a 41,Secundario/Polimodal Completa y más,2500 gramos y más,124
4505,2,1,2,25 a 29,32 a 36,Secundario/Polimodal Completa y más,2500 gramos y más,24
4506,66,1,2,25 a 29,37 a 41,Sin especificar,2500 gramos y más,26
4507,54,1,2,40 a 44,24 a 27,Hasta Primaria/C.EGB Completa,Menos de 2500 gramos,1
4508,2,2,1,35 a 39,32 a 36,Secundario/Polimodal Completa y más,2500 gramos y más,13
4509,2,1,2,40 a 44,42 y más,Secundario/Polimodal Completa y más,2500 gramos y más,1
4510,58,2,1,20 a 24,24 a 27,Secundaria/Polimodal Incompleta,Menos de 2500 gramos,1
4511,14,2,2,35 a 39,32 a 36,Hasta Primaria/C.EGB Completa,2500 gramos y más,1
4512,90,1,2,35 a 39,Sin especificar,Secundario/Polimodal Completa y más,2500 gramos y más,4
4513,38,1,2,30 a 34,37 a 41,Secundaria/Polimodal Incompleta,Menos de 2500 gramos,1
4514,38,1,1,30 a 34,37 a 41,Secundario/Polimodal Completa y más,2500 gramos y más,627
4515,66,1,1,20 a 24,Sin especificar,Hasta Primaria/C.EGB Completa,Menos de 2500 gramos,1
4516,99,1,2,30 a 34,37 a 41,Secundario/Polimodal Completa y más,2500 gramos y más,4
4517,66,1,2,20 a 24,37 a 41,Secundaria/Polimodal Incompleta,2500 gramos y más,602
4518,54,1,2,35 a 39,37 a 41,Secundaria/Polimodal Incompleta,Menos de 2500 gramos,3
4519,58,1,1,30 a 34,24 a 27,Secundaria/Polimodal Incompleta,Menos de 2500 gramos,1
4520,46,2,2,25 a 29,32 a 36,Secundario/Polimodal Completa y más,2500 gramos y más,2
4521,66,1,2,Menor de 15,37 a 41,Sin especificar,2500 gramos y más,1
4522,6,2,1,15 a 19,32 a 36,Secundario/Polimodal Completa y más,Menos de 2500 gramos,9
4523,66,1,2,25 a 29,32 a 36,Secundaria/Polimodal Incompleta,2500 gramos y más,28
4524,62,1,1,15 a 19,32 a 36,Secundaria/Polimodal Incompleta,Menos de 2500 gramos,6
4525,62,1,1,20 a 24,37 a 41,Sin especificar,Menos de 2500 gramos,1
4526,6,2,2,30 a 34,Sin especificar,Sin especificar,Menos de 2500 gramos,1
4527,82,2,2,25 a 29,32 a 36,Secundaria/Polimodal Incompleta,2500 gramos y más,7
4528,46,1,2,25 a 29,42 y más,Secundario/Polimodal Completa y más,2500 gramos y más,1
4529,22,1,1,20 a 24,Sin especificar,Sin especificar,2500 gramos y más,1
4530,54,1,1,20 a 24,22 a 23,Secundario/Polimodal Completa y más,Menos de 2500 gramos,1
4531,70,2,1,25 a 29,37 a 41,Secundaria/Polimodal Incompleta,Menos de 2500 gramos,1
4532,38,1,2,35 a 39,32 a 36,Secundario/Polimodal Completa y más,2500 gramos y más,10
4533,26,1,2,35 a 39,32 a 36,Sin especificar,Menos de 2500 gramos,3
4534,50,1,1,30 a 34,37 a 41,Secundario/Polimodal Completa y más,2500 gramos y más,1669
4535,22,1,1,Sin especificar,Sin especificar,Sin especificar,Sin especificar,4
4536,6,2,2,20 a 24,37 a 41,Secundario/Polimodal Completa y más,Menos de 2500 gramos,11
4537,6,9,2,35 a 39,32 a 36,Sin especificar,2500 gramos y más,1
4538,2,1,2,De 45 y más,37 a 41,Secundario/Polimodal Completa y más,2500 gramos y más,113
4539,22,2,1,20 a 24,32 a 36,Hasta Primaria/C.EGB Completa,2500 gramos y más,1
4540,46,1,1,20 a 24,28 a 31,Hasta Primaria/C.EGB Completa,Menos de 2500 gramos,1
4541,82,1,1,De 45 y más,37 a 41,Secundaria/Polimodal Incompleta,2500 gramos y más,3
4542,62,1,1,25 a 29,24 a 27,Secundaria/Polimodal Incompleta,Menos de 2500 gramos,1
4543,30,1,1,35 a 39,32 a 36,Hasta Primaria/C.EGB Completa,2500 gramos y más,5
4544,2,2,1,20 a 24,37 a 41,Secundario/Polimodal Completa y más,2500 gramos y más,3
4545,66,1,1,De 45 y más,32 a 36,Secundario/Polimodal Completa y más,Menos de 2500 gramos,1
4546,38,1,1,30 a 34,32 a 36,Secundaria/Polimodal Incompleta,2500 gramos y más,4
4547,62,1,9,25 a 29,37 a 41,Secundaria/Polimodal Incompleta,2500 gramos y más,1
4548,30,2,2,25 a 29,28 a 31,Secundaria/Polimodal Incompleta,Menos de 2500 gramos,3
4549,30,2,2,25 a 29,32 a 36,Secundario/Polimodal Completa y más,Menos de 2500 gramos,8
4550,30,1,1,25 a 29,42 y más,Hasta Primaria/C.EGB Completa,2500 gramos y más,2
4551,10,1,2,35 a 39,32 a 36,Hasta Primaria/C.EGB Completa,2500 gramos y más,1
4552,86,1,2,35 a 39,32 a 36,Secundario/Polimodal Completa y más,Menos de 2500 gramos,7
4553,50,1,1,20 a 24,37 a 41,Secundaria/Polimodal Incompleta,Menos de 2500 gramos,23
4554,30,1,2,15 a 19,37 a 41,Secundario/Polimodal Completa y más,2500 gramos y más,112
4555,6,1,1,35 a 39,22 a 23,Hasta Primaria/C.EGB Completa,Menos de 2500 gramos,1
4556,10,1,2,25 a 29,Sin especificar,Secundario/Polimodal Completa y más,2500 gramos y más,1
4557,66,1,2,15 a 19,28 a 31,Hasta Primaria/C.EGB Completa,2500 gramos y más,1
4558,50,1,2,15 a 19,28 a 31,Hasta Primaria/C.EGB Completa,Menos de 2500 gramos,1
4559,6,1,1,Menor de 15,24 a 27,Secundaria/Polimodal Incompleta,Menos de 2500 gramos,1
4560,99,1,2,De 45 y más,37 a 41,Sin especificar,2500 gramos y más,1
4561,66,2,2,15 a 19,37 a 41,Secundaria/Polimodal Incompleta,Menos de 2500 gramos,1
4562,90,1,2,De 45 y más,37 a 41,Hasta Primaria/C.EGB Completa,2500 gramos y más,4
4563,50,2,1,30 a 34,28 a 31,Hasta Primaria/C.EGB Completa,Menos de 2500 gramos,1
4564,62,2,2,35 a 39,37 a 41,Secundario/Polimodal Completa y más,2500 gramos y más,1
4565,34,1,1,20 a 24,32 a 36,Secundario/Polimodal Completa y más,2500 gramos y más,20
4566,58,2,2,30 a 34,32 a 36,Secundaria/Polimodal Incompleta,2500 gramos y más,3
4567,2,1,2,15 a 19,37 a 41,Secundario/Polimodal Completa y más,Menos de 2500 gramos,2
4568,6,1,2,15 a 19,Sin especificar,Secundaria/Polimodal Incompleta,2500 gramos y más,16
4569,54,1,1,30 a 34,37 a 41,Secundario/Polimodal Completa y más,Sin especificar,1
4570,18,1,1,30 a 34,37 a 41,Sin especificar,2500 gramos y más,296
4571,82,2,2,20 a 24,28 a 31,Secundaria/Polimodal Incompleta,Menos de 2500 gramos,6
4572,18,1,2,30 a 34,37 a 41,Sin especificar,Menos de 2500 gramos,10
4573,18,1,2,15 a 19,37 a 41,Secundaria/Polimodal Incompleta,2500 gramos y más,327
4574,70,1,1,35 a 39,37 a 41,Secundario/Polimodal Completa y más,2500 gramos y más,337
4575,58,1,1,40 a 44,32 a 36,Secundario/Polimodal Completa y más,2500 gramos y más,6
4576,18,1,1,20 a 24,24 a 27,Secundario/Polimodal Completa y más,Menos de 2500 gramos,3
4577,66,1,1,25 a 29,24 a 27,Secundario/Polimodal Completa y más,Menos de 2500 gramos,5
4578,14,1,1,40 a 44,32 a 36,Secundaria/Polimodal Incompleta,Menos de 2500 gramos,5
4579,6,2,2,15 a 19,32 a 36,Secundaria/Polimodal Incompleta,2500 gramos y más,3
4580,66,1,1,25 a 29,37 a 41,Hasta Primaria/C.EGB Completa,2500 gramos y más,338
4581,6,2,2,40 a 44,32 a 36,Secundaria/Polimodal Incompleta,2500 gramos y más,2
4582,6,1,2,20 a 24,28 a 31,Hasta Primaria/C.EGB Completa,Menos de 2500 gramos,9
4583,42,1,1,25 a 29,28 a 31,Secundario/Polimodal Completa y más,Menos de 2500 gramos,5
4584,6,1,1,35 a 39,32 a 36,Secundaria/Polimodal Incompleta,Menos de 2500 gramos,60
4585,82,1,2,30 a 34,32 a 36,Secundaria/Polimodal Incompleta,Menos de 2500 gramos,37
4586,42,9,1,30 a 34,37 a 41,Secundario/Polimodal Completa y más,2500 gramos y más,1
4587,62,1,1,25 a 29,28 a 31,Sin especificar,Menos de 2500 gramos,2
4588,66,1,2,25 a 29,37 a 41,Secundaria/Polimodal Incompleta,Sin especificar,1
4589,66,1,1,25 a 29,28 a 31,Secundario/Polimodal Completa y más,Menos de 2500 gramos,8
4590,74,1,1,30 a 34,37 a 41,Secundario/Polimodal Completa y más,2500 gramos y más,430
4591,58,1,2,De 45 y más,37 a 41,Secundario/Polimodal Completa y más,2500 gramos y más,4
4592,66,2,1,15 a 19,37 a 41,Secundaria/Polimodal Incompleta,2500 gramos y más,1
4593,14,1,1,30 a 34,Sin especificar,Hasta Primaria/C.EGB Completa,Menos de 2500 gramos,1
4594,34,1,1,30 a 34,28 a 31,Hasta Primaria/C.EGB Completa,Menos de 2500 gramos,1
4595,86,1,1,15 a 19,42 y más,Secundario/Polimodal Completa y más,2500 gramos y más,1
4596,38,1,1,30 a 34,32 a 36,Secundario/Polimodal Completa y más,2500 gramos y más,19
4597,30,1,1,30 a 34,28 a 31,Secundaria/Polimodal Incompleta,Menos de 2500 gramos,5
4598,66,1,1,15 a 19,Sin especificar,Secundario/Polimodal Completa y más,Sin especificar,1
4599,22,1,1,Menor de 15,37 a 41,Sin especificar,2500 gramos y más,2
4600,30,1,2,20 a 24,24 a 27,Secundario/Polimodal Completa y más,Menos de 2500 gramos,1
4601,99,1,2,Sin especificar,37 a 41,Sin especificar,Sin especificar,1
4602,82,1,2,35 a 39,32 a 36,Secundaria/Polimodal Incompleta,Menos de 2500 gramos,13
4603,54,1,1,40 a 44,32 a 36,Secundaria/Polimodal Incompleta,Menos de 2500 gramos,3
4604,38,1,2,25 a 29,37 a 41,Hasta Primaria/C.EGB Completa,2500 gramos y más,63
4605,50,2,2,25 a 29,28 a 31,Secundaria/Polimodal Incompleta,Menos de 2500 gramos,4
4606,6,1,9,30 a 34,37 a 41,Secundaria/Polimodal Incompleta,2500 gramos y más,7
4607,30,1,2,30 a 34,Sin especificar,Secundario/Polimodal Completa y más,2500 gramos y más,4
4608,6,9,1,30 a 34,28 a 31,Sin especificar,Menos de 2500 gramos,1
4609,22,1,1,De 45 y más,Sin especificar,Sin especificar,Sin especificar,1
4610,30,2,2,20 a 24,37 a 41,Hasta Primaria/C.EGB Completa,Menos de 2500 gramos,3
4611,38,1,1,30 a 34,32 a 36,Secundario/Polimodal Completa y más,Menos de 2500 gramos,26
4612,82,1,2,30 a 34,24 a 27,Secundario/Polimodal Completa y más,Menos de 2500 gramos,8
4613,42,1,2,25 a 29,37 a 41,Secundaria/Polimodal Incompleta,2500 gramos y más,107
4614,42,1,1,De 45 y más,32 a 36,Secundario/Polimodal Completa y más,Menos de 2500 gramos,1
4615,86,1,2,25 a 29,Sin especificar,Hasta Primaria/C.EGB Completa,2500 gramos y más,1
4616,90,2,1,30 a 34,Sin especificar,Hasta Primaria/C.EGB Completa,2500 gramos y más,1
4617,10,1,2,40 a 44,37 a 41,Sin especificar,2500 gramos y más,2
4618,2,1,1,30 a 34,37 a 41,Sin especificar,Menos de 2500 gramos,2
4619,99,9,1,35 a 39,32 a 36,Sin especificar,2500 gramos y más,4
4620,10,1,1,15 a 19,37 a 41,Secundaria/Polimodal Incompleta,2500 gramos y más,113
4621,94,1,1,25 a 29,42 y más,Secundario/Polimodal Completa y más,2500 gramos y más,1
4622,94,2,1,35 a 39,32 a 36,Secundaria/Polimodal Incompleta,2500 gramos y más,1
4623,22,1,1,Menor de 15,37 a 41,Hasta Primaria/C.EGB Completa,2500 gramos y más,24
4624,6,1,2,40 a 44,42 y más,Secundario/Polimodal Completa y más,2500 gramos y más,2
4625,50,1,2,30 a 34,37 a 41,Sin especificar,2500 gramos y más,2
4626,26,1,2,25 a 29,32 a 36,Secundaria/Polimodal Incompleta,2500 gramos y más,3
4627,6,2,2,35 a 39,32 a 36,Secundario/Polimodal Completa y más,2500 gramos y más,24
4628,54,1,1,20 a 24,42 y más,Secundaria/Polimodal Incompleta,2500 gramos y más,4
4629,22,2,2,15 a 19,32 a 36,Secundario/Polimodal Completa y más,Menos de 2500 gramos,3
4630,70,1,2,40 a 44,37 a 41,Secundario/Polimodal Completa y más,Menos de 2500 gramos,2
4631,86,1,2,35 a 39,37 a 41,Secundario/Polimodal Completa y más,2500 gramos y más,195
4632,90,2,1,15 a 19,37 a 41,Secundario/Polimodal Completa y más,Menos de 2500 gramos,1
4633,14,1,2,15 a 19,32 a 36,Hasta Primaria/C.EGB Completa,2500 gramos y más,7
4634,6,1,2,15 a 19,Sin especificar,Secundaria/Polimodal Incompleta,Menos de 2500 gramos,3
4635,90,1,2,Menor de 15,37 a 41,Hasta Primaria/C.EGB Completa,2500 gramos y más,7
4636,2,1,1,De 45 y más,22 a 23,Secundario/Polimodal Completa y más,Menos de 2500 gramos,1
4637,54,1,1,35 a 39,24 a 27,Sin especificar,Menos de 2500 gramos,1
4638,70,1,2,De 45 y más,37 a 41,Secundaria/Polimodal Incompleta,2500 gramos y más,1
4639,62,1,1,35 a 39,37 a 41,Sin especificar,Menos de 2500 gramos,1
4640,10,1,1,15 a 19,37 a 41,Secundaria/Polimodal Incompleta,Menos de 2500 gramos,3
4641,26,1,1,20 a 24,37 a 41,Secundaria/Polimodal Incompleta,Menos de 2500 gramos,1
4642,54,2,1,25 a 29,37 a 41,Secundario/Polimodal Completa y más,Menos de 2500 gramos,2
4643,14,2,1,40 a 44,28 a 31,Hasta Primaria/C.EGB Completa,Menos de 2500 gramos,1
4644,54,1,2,40 a 44,32 a 36,Hasta Primaria/C.EGB Completa,2500 gramos y más,4
4645,78,1,2,30 a 34,32 a 36,Secundario/Polimodal Completa y más,Menos de 2500 gramos,7
4646,6,1,1,15 a 19,24 a 27,Hasta Primaria/C.EGB Completa,Menos de 2500 gramos,10
4647,74,2,2,25 a 29,32 a 36,Secundaria/Polimodal Incompleta,Menos de 2500 gramos,2
4648,66,1,1,35 a 39,Sin especificar,Secundario/Polimodal Completa y más,Sin especificar,1
4649,78,1,2,30 a 34,37 a 41,Secundaria/Polimodal Incompleta,Menos de 2500 gramos,1
4650,6,1,2,25 a 29,42 y más,Secundario/Polimodal Completa y más,2500 gramos y más,19
4651,54,2,2,30 a 34,32 a 36,Secundario/Polimodal Completa y más,2500 gramos y más,3
4652,66,2,2,40 a 44,32 a 36,Secundaria/Polimodal Incompleta,Menos de 2500 gramos,3
4653,6,2,2,35 a 39,28 a 31,Secundario/Polimodal Completa y más,Menos de 2500 gramos,14
4654,74,1,1,20 a 24,37 a 41,Hasta Primaria/C.EGB Completa,Menos de 2500 gramos,1
4655,6,2,2,30 a 34,37 a 41,Hasta Primaria/C.EGB Completa,2500 gramos y más,13
4656,6,1,1,35 a 39,37 a 41,Hasta Primaria/C.EGB Completa,2500 gramos y más,1289
4657,99,1,1,15 a 19,37 a 41,Secundario/Polimodal Completa y más,2500 gramos y más,1
4658,82,1,2,40 a 44,22 a 23,Secundario/Polimodal Completa y más,Menos de 2500 gramos,1
4659,46,1,1,20 a 24,28 a 31,Secundaria/Polimodal Incompleta,Menos de 2500 gramos,1
4660,82,1,2,40 a 44,37 a 41,Secundario/Polimodal Completa y más,Menos de 2500 gramos,22
4661,14,1,1,30 a 34,24 a 27,Secundario/Polimodal Completa y más,Menos de 2500 gramos,6
4662,2,9,2,20 a 24,37 a 41,Hasta Primaria/C.EGB Completa,2500 gramos y más,1
4663,66,1,2,20 a 24,32 a 36,Hasta Primaria/C.EGB Completa,Menos de 2500 gramos,11
4664,22,1,2,35 a 39,32 a 36,Secundario/Polimodal Completa y más,Menos de 2500 gramos,18
4665,6,1,1,40 a 44,37 a 41,Secundaria/Polimodal Incompleta,Menos de 2500 gramos,10
4666,82,1,1,15 a 19,22 a 23,Secundario/Polimodal Completa y más,Menos de 2500 gramos,1
4667,86,1,2,30 a 34,37 a 41,Hasta Primaria/C.EGB Completa,2500 gramos y más,470
4668,86,1,1,35 a 39,42 y más,Secundario/Polimodal Completa y más,2500 gramos y más,3
4669,30,1,2,25 a 29,37 a 41,Secundario/Polimodal Completa y más,Menos de 2500 gramos,32
4670,14,2,2,35 a 39,37 a 41,Secundario/Polimodal Completa y más,2500 gramos y más,26
4671,62,1,1,15 a 19,37 a 41,Secundario/Polimodal Completa y más,2500 gramos y más,65
4672,14,1,2,De 45 y más,37 a 41,Secundaria/Polimodal Incompleta,Menos de 2500 gramos,1
4673,58,1,2,20 a 24,32 a 36,Hasta Primaria/C.EGB Completa,Menos de 2500 gramos,4
4674,6,1,2,35 a 39,24 a 27,Sin especificar,Menos de 2500 gramos,5
4675,70,2,1,25 a 29,32 a 36,Secundario/Polimodal Completa y más,2500 gramos y más,2
4676,6,9,1,30 a 34,37 a 41,Sin especificar,2500 gramos y más,17
4677,10,1,1,30 a 34,32 a 36,Hasta Primaria/C.EGB Completa,2500 gramos y más,1
4678,26,1,1,30 a 34,24 a 27,Secundario/Polimodal Completa y más,Menos de 2500 gramos,2
4679,2,1,2,De 45 y más,32 a 36,Secundaria/Polimodal Incompleta,2500 gramos y más,1
4680,34,2,1,25 a 29,32 a 36,Secundario/Polimodal Completa y más,Menos de 2500 gramos,10
4681,34,1,1,40 a 44,37 a 41,Secundario/Polimodal Completa y más,2500 gramos y más,41
4682,38,1,1,20 a 24,28 a 31,Secundario/Polimodal Completa y más,Menos de 2500 gramos,2
4683,38,1,2,15 a 19,22 a 23,Secundario/Polimodal Completa y más,Menos de 2500 gramos,1
4684,86,1,2,30 a 34,37 a 41,Hasta Primaria/C.EGB Completa,Menos de 2500 gramos,14
4685,38,2,1,35 a 39,32 a 36,Secundario/Polimodal Completa y más,Menos de 2500 gramos,4
4686,66,1,2,25 a 29,32 a 36,Secundaria/Polimodal Incompleta,Menos de 2500 gramos,14
4687,86,1,2,Menor de 15,37 a 41,Secundaria/Polimodal Incompleta,2500 gramos y más,5
4688,34,1,2,25 a 29,28 a 31,Sin especificar,Menos de 2500 gramos,2
4689,70,1,2,20 a 24,37 a 41,Secundaria/Polimodal Incompleta,2500 gramos y más,540
4690,46,1,2,15 a 19,32 a 36,Hasta Primaria/C.EGB Completa,Menos de 2500 gramos,1
4691,6,1,2,35 a 39,24 a 27,Hasta Primaria/C.EGB Completa,Menos de 2500 gramos,7
4692,78,2,2,35 a 39,37 a 41,Secundario/Polimodal Completa y más,Menos de 2500 gramos,2
4693,14,2,2,20 a 24,37 a 41,Secundario/Polimodal Completa y más,Menos de 2500 gramos,7
4694,10,2,2,20 a 24,32 a 36,Secundario/Polimodal Completa y más,Menos de 2500 gramos,2
4695,6,1,1,30 a 34,Sin especificar,Secundario/Polimodal Completa y más,Menos de 2500 gramos,3
4696,42,1,1,15 a 19,37 a 41,Secundaria/Polimodal Incompleta,2500 gramos y más,30
4697,6,1,2,30 a 34,24 a 27,Sin especificar,Menos de 2500 gramos,3
4698,70,2,1,15 a 19,28 a 31,Secundaria/Polimodal Incompleta,Menos de 2500 gramos,2
4699,38,1,2,20 a 24,32 a 36,Hasta Primaria/C.EGB Completa,2500 gramos y más,3
4700,70,2,2,20 a 24,32 a 36,Secundaria/Polimodal Incompleta,Menos de 2500 gramos,5
4701,34,2,1,30 a 34,32 a 36,Secundario/Polimodal Completa y más,2500 gramos y más,2
4702,78,1,1,20 a 24,37 a 41,Secundario/Polimodal Completa y más,2500 gramos y más,199
4703,6,1,2,30 a 34,28 a 31,Secundario/Polimodal Completa y más,Sin especificar,1
4704,6,1,1,35 a 39,37 a 41,Secundaria/Polimodal Incompleta,2500 gramos y más,1409
4705,90,1,2,20 a 24,32 a 36,Secundario/Polimodal Completa y más,2500 gramos y más,67
4706,2,9,2,De 45 y más,32 a 36,Sin especificar,Menos de 2500 gramos,3
4707,34,1,1,40 a 44,37 a 41,Secundario/Polimodal Completa y más,Menos de 2500 gramos,1
4708,38,1,1,35 a 39,32 a 36,Hasta Primaria/C.EGB Completa,2500 gramos y más,1
4709,58,1,2,15 a 19,32 a 36,Secundario/Polimodal Completa y más,2500 gramos y más,1
4710,38,1,2,30 a 34,37 a 41,Secundaria/Polimodal Incompleta,2500 gramos y más,102
4711,82,1,1,25 a 29,Sin especificar,Secundaria/Polimodal Incompleta,2500 gramos y más,3
4712,2,2,1,20 a 24,37 a 41,Secundario/Polimodal Completa y más,Menos de 2500 gramos,1
4713,86,1,1,15 a 19,32 a 36,Sin especificar,Menos de 2500 gramos,1
4714,74,2,1,25 a 29,32 a 36,Secundaria/Polimodal Incompleta,2500 gramos y más,1
4715,18,1,1,20 a 24,28 a 31,Secundaria/Polimodal Incompleta,Menos de 2500 gramos,6
4716,26,1,1,25 a 29,28 a 31,Secundaria/Polimodal Incompleta,Menos de 2500 gramos,1
4717,2,1,1,40 a 44,24 a 27,Secundario/Polimodal Completa y más,Menos de 2500 gramos,3
4718,54,1,1,De 45 y más,32 a 36,Secundaria/Polimodal Incompleta,2500 gramos y más,1
4719,18,1,2,15 a 19,37 a 41,Secundaria/Polimodal Incompleta,Menos de 2500 gramos,21
4720,82,1,1,35 a 39,42 y más,Hasta Primaria/C.EGB Completa,2500 gramos y más,1
4721,14,1,1,20 a 24,28 a 31,Hasta Primaria/C.EGB Completa,Menos de 2500 gramos,2
4722,82,1,1,De 45 y más,32 a 36,Secundario/Polimodal Completa y más,2500 gramos y más,5
4723,10,1,2,40 a 44,32 a 36,Secundario/Polimodal Completa y más,Menos de 2500 gramos,3
4724,58,1,2,30 a 34,37 a 41,Sin especificar,2500 gramos y más,1
4725,6,2,1,30 a 34,32 a 36,Secundaria/Polimodal Incompleta,2500 gramos y más,8
4726,30,1,2,20 a 24,37 a 41,Hasta Primaria/C.EGB Completa,Menos de 2500 gramos,13
4727,30,1,1,20 a 24,37 a 41,Secundaria/Polimodal Incompleta,Menos de 2500 gramos,25
4728,22,2,2,20 a 24,32 a 36,Hasta Primaria/C.EGB Completa,Menos de 2500 gramos,10
4729,2,1,2,40 a 44,37 a 41,Secundaria/Polimodal Incompleta,2500 gramos y más,73
4730,30,1,2,30 a 34,37 a 41,Secundario/Polimodal Completa y más,Menos de 2500 gramos,27
4731,6,1,2,30 a 34,24 a 27,Secundario/Polimodal Completa y más,Menos de 2500 gramos,35
4732,86,1,1,20 a 24,37 a 41,Sin especificar,2500 gramos y más,7
4733,54,1,1,20 a 24,32 a 36,Secundaria/Polimodal Incompleta,Menos de 2500 gramos,16
4734,90,1,2,35 a 39,24 a 27,Secundaria/Polimodal Incompleta,Menos de 2500 gramos,2
4735,34,1,2,30 a 34,24 a 27,Sin especificar,Menos de 2500 gramos,1
4736,6,2,1,40 a 44,37 a 41,Secundario/Polimodal Completa y más,2500 gramos y más,16
4737,46,2,1,25 a 29,32 a 36,Secundario/Polimodal Completa y más,Menos de 2500 gramos,4
4738,22,1,2,30 a 34,42 y más,Secundario/Polimodal Completa y más,2500 gramos y más,2
4739,62,1,2,40 a 44,32 a 36,Secundaria/Polimodal Incompleta,Menos de 2500 gramos,2
4740,66,1,2,25 a 29,22 a 23,Secundario/Polimodal Completa y más,Menos de 2500 gramos,2
4741,58,1,2,25 a 29,Sin especificar,Secundario/Polimodal Completa y más,2500 gramos y más,1
4742,42,1,1,20 a 24,32 a 36,Hasta Primaria/C.EGB Completa,Menos de 2500 gramos,1
4743,82,1,1,25 a 29,37 a 41,Secundario/Polimodal Completa y más,Menos de 2500 gramos,42
4744,6,2,2,20 a 24,32 a 36,Hasta Primaria/C.EGB Completa,2500 gramos y más,5
4745,6,1,1,15 a 19,42 y más,Secundario/Polimodal Completa y más,2500 gramos y más,7
4746,70,1,1,De 45 y más,32 a 36,Secundaria/Polimodal Incompleta,Menos de 2500 gramos,1
4747,82,2,2,30 a 34,32 a 36,Hasta Primaria/C.EGB Completa,Menos de 2500 gramos,5
4748,99,9,2,30 a 34,32 a 36,Sin especificar,Menos de 2500 gramos,5
4749,66,1,2,25 a 29,32 a 36,Secundario/Polimodal Completa y más,2500 gramos y más,65
4750,66,1,1,20 a 24,Sin especificar,Secundaria/Polimodal Incompleta,2500 gramos y más,8
4751,30,1,1,35 a 39,37 a 41,Sin especificar,2500 gramos y más,4
4752,14,1,2,40 a 44,37 a 41,Secundario/Polimodal Completa y más,2500 gramos y más,600
4753,10,1,1,20 a 24,32 a 36,Secundario/Polimodal Completa y más,2500 gramos y más,8
4754,22,1,2,De 45 y más,37 a 41,Hasta Primaria/C.EGB Completa,Menos de 2500 gramos,1
4755,58,2,2,25 a 29,32 a 36,Secundario/Polimodal Completa y más,2500 gramos y más,3
4756,14,1,1,35 a 39,32 a 36,Secundaria/Polimodal Incompleta,Menos de 2500 gramos,20
4757,54,1,2,Menor de 15,32 a 36,Hasta Primaria/C.EGB Completa,Menos de 2500 gramos,3
4758,70,1,2,20 a 24,37 a 41,Secundario/Polimodal Completa y más,2500 gramos y más,459
4759,42,1,1,25 a 29,24 a 27,Hasta Primaria/C.EGB Completa,Menos de 2500 gramos,1
4760,6,1,1,25 a 29,32 a 36,Secundario/Polimodal Completa y más,Sin especificar,2
4761,82,1,2,40 a 44,37 a 41,Hasta Primaria/C.EGB Completa,Menos de 2500 gramos,2
4762,62,1,2,35 a 39,32 a 36,Sin especificar,Menos de 2500 gramos,6
4763,42,1,2,40 a 44,37 a 41,Hasta Primaria/C.EGB Completa,2500 gramos y más,3
4764,6,1,2,20 a 24,42 y más,Hasta Primaria/C.EGB Completa,2500 gramos y más,10
4765,62,1,1,15 a 19,32 a 36,Secundaria/Polimodal Incompleta,2500 gramos y más,7
4766,94,1,2,30 a 34,32 a 36,Secundario/Polimodal Completa y más,2500 gramos y más,7
4767,66,1,1,25 a 29,Sin especificar,Secundaria/Polimodal Incompleta,2500 gramos y más,3
4768,42,1,2,20 a 24,28 a 31,Secundario/Polimodal Completa y más,Menos de 2500 gramos,1
4769,6,1,2,Menor de 15,32 a 36,Secundaria/Polimodal Incompleta,2500 gramos y más,4
4770,82,1,1,40 a 44,42 y más,Hasta Primaria/C.EGB Completa,2500 gramos y más,3
4771,14,1,1,Menor de 15,37 a 41,Secundario/Polimodal Completa y más,2500 gramos y más,1
4772,58,1,1,20 a 24,37 a 41,Sin especificar,2500 gramos y más,1
4773,14,2,1,35 a 39,32 a 36,Secundario/Polimodal Completa y más,Menos de 2500 gramos,26
4774,18,1,1,35 a 39,37 a 41,Hasta Primaria/C.EGB Completa,Menos de 2500 gramos,1
4775,2,1,1,20 a 24,32 a 36,Sin especificar,Menos de 2500 gramos,2
4776,30,1,2,35 a 39,32 a 36,Secundaria/Polimodal Incompleta,2500 gramos y más,8
4777,66,1,1,20 a 24,32 a 36,Hasta Primaria/C.EGB Completa,Menos de 2500 gramos,16
4778,42,1,2,25 a 29,37 a 41,Hasta Primaria/C.EGB Completa,Menos de 2500 gramos,1
4779,82,1,2,30 a 34,37 a 41,Secundario/Polimodal Completa y más,Menos de 2500 gramos,75
4780,90,1,2,20 a 24,37 a 41,Hasta Primaria/C.EGB Completa,2500 gramos y más,399
4781,74,1,1,20 a 24,24 a 27,Secundario/Polimodal Completa y más,Menos de 2500 gramos,3
4782,6,1,2,35 a 39,Sin especificar,Secundaria/Polimodal Incompleta,2500 gramos y más,2
4783,18,1,1,40 a 44,37 a 41,Secundario/Polimodal Completa y más,Menos de 2500 gramos,4
4784,34,1,1,25 a 29,32 a 36,Secundaria/Polimodal Incompleta,Menos de 2500 gramos,9
4785,70,1,2,25 a 29,28 a 31,Secundaria/Polimodal Incompleta,Menos de 2500 gramos,2
4786,82,1,1,25 a 29,32 a 36,Hasta Primaria/C.EGB Completa,2500 gramos y más,62
4787,6,1,2,15 a 19,Sin especificar,Sin especificar,2500 gramos y más,4
4788,90,1,2,20 a 24,28 a 31,Secundaria/Polimodal Incompleta,Menos de 2500 gramos,5
4789,50,1,2,40 a 44,42 y más,Secundario/Polimodal Completa y más,2500 gramos y más,1
4790,99,1,2,40 a 44,37 a 41,Hasta Primaria/C.EGB Completa,2500 gramos y más,1
4791,90,1,1,25 a 29,32 a 36,Hasta Primaria/C.EGB Completa,Menos de 2500 gramos,10
4792,6,1,2,40 a 44,Sin especificar,Secundaria/Polimodal Incompleta,2500 gramos y más,2
4793,46,1,2,20 a 24,32 a 36,Hasta Primaria/C.EGB Completa,2500 gramos y más,2
4794,54,2,2,35 a 39,32 a 36,Hasta Primaria/C.EGB Completa,Menos de 2500 gramos,1
4795,46,1,2,15 a 19,24 a 27,Hasta Primaria/C.EGB Completa,Menos de 2500 gramos,1
4796,10,1,2,35 a 39,37 a 41,Secundario/Polimodal Completa y más,Menos de 2500 gramos,6
4797,30,1,1,15 a 19,32 a 36,Hasta Primaria/C.EGB Completa,2500 gramos y más,5
4798,2,1,2,40 a 44,28 a 31,Secundaria/Polimodal Incompleta,Menos de 2500 gramos,1
4799,82,1,2,20 a 24,22 a 23,Hasta Primaria/C.EGB Completa,Menos de 2500 gramos,1
4800,18,1,1,40 a 44,42 y más,Sin especificar,2500 gramos y más,1
4801,30,1,9,20 a 24,37 a 41,Secundario/Polimodal Completa y más,2500 gramos y más,1
4802,6,1,1,35 a 39,Sin especificar,Secundario/Polimodal Completa y más,2500 gramos y más,20
4803,6,1,1,35 a 39,37 a 41,Sin especificar,Sin especificar,2
4804,34,1,1,30 a 34,28 a 31,Secundario/Polimodal Completa y más,Menos de 2500 gramos,4
4805,22,1,1,30 a 34,32 a 36,Hasta Primaria/C.EGB Completa,Menos de 2500 gramos,14
4806,50,1,1,20 a 24,22 a 23,Secundario/Polimodal Completa y más,Menos de 2500 gramos,1
4807,6,1,1,20 a 24,42 y más,Secundaria/Polimodal Incompleta,2500 gramos y más,18
4808,22,1,1,15 a 19,37 a 41,Secundario/Polimodal Completa y más,2500 gramos y más,215
4809,2,1,2,20 a 24,37 a 41,Hasta Primaria/C.EGB Completa,2500 gramos y más,178
4810,6,1,1,40 a 44,37 a 41,Secundario/Polimodal Completa y más,2500 gramos y más,2418
4811,66,1,1,25 a 29,32 a 36,Secundaria/Polimodal Incompleta,2500 gramos y más,26
4812,6,1,1,35 a 39,42 y más,Hasta Primaria/C.EGB Completa,2500 gramos y más,8
4813,18,1,2,Menor de 15,32 a 36,Hasta Primaria/C.EGB Completa,Menos de 2500 gramos,1
4814,94,1,2,20 a 24,Sin especificar,Sin especificar,Sin especificar,1
4815,90,1,2,30 a 34,37 a 41,Secundario/Polimodal Completa y más,Sin especificar,12
4816,14,1,1,40 a 44,32 a 36,Secundaria/Polimodal Incompleta,2500 gramos y más,5
4817,6,1,9,Sin especificar,32 a 36,Secundario/Polimodal Completa y más,2500 gramos y más,1
4818,30,2,2,20 a 24,32 a 36,Secundaria/Polimodal Incompleta,Menos de 2500 gramos,2
4819,6,1,1,Menor de 15,37 a 41,Hasta Primaria/C.EGB Completa,2500 gramos y más,23
4820,34,1,2,15 a 19,24 a 27,Hasta Primaria/C.EGB Completa,Menos de 2500 gramos,2
4821,62,1,1,25 a 29,Sin especificar,Secundario/Polimodal Completa y más,2500 gramos y más,1
4822,26,1,2,40 a 44,37 a 41,Hasta Primaria/C.EGB Completa,2500 gramos y más,12
4823,86,9,1,20 a 24,37 a 41,Sin especificar,2500 gramos y más,1
4824,82,1,1,35 a 39,28 a 31,Sin especificar,Menos de 2500 gramos,2
4825,6,1,2,30 a 34,Sin especificar,Sin especificar,2500 gramos y más,12
4826,74,1,2,25 a 29,37 a 41,Secundaria/Polimodal Incompleta,2500 gramos y más,155
4827,50,1,2,20 a 24,24 a 27,Secundaria/Polimodal Incompleta,Menos de 2500 gramos,1
4828,38,1,1,15 a 19,42 y más,Secundario/Polimodal Completa y más,2500 gramos y más,1
4829,6,1,2,30 a 34,Sin especificar,Sin especificar,Sin especificar,95
4830,62,1,1,35 a 39,37 a 41,Hasta Primaria/C.EGB Completa,2500 gramos y más,47
4831,22,2,1,35 a 39,32 a 36,Secundario/Polimodal Completa y más,2500 gramos y más,1
4832,54,1,1,20 a 24,42 y más,Secundario/Polimodal Completa y más,2500 gramos y más,10
4833,58,1,2,35 a 39,37 a 41,Secundario/Polimodal Completa y más,Menos de 2500 gramos,6
4834,70,2,2,30 a 34,28 a 31,Hasta Primaria/C.EGB Completa,Menos de 2500 gramos,1
4835,46,1,2,30 a 34,32 a 36,Hasta Primaria/C.EGB Completa,2500 gramos y más,3
4836,46,1,2,35 a 39,28 a 31,Secundario/Polimodal Completa y más,Menos de 2500 gramos,1
4837,6,1,1,15 a 19,37 a 41,Sin especificar,2500 gramos y más,651
4838,54,1,2,20 a 24,42 y más,Sin especificar,Menos de 2500 gramos,1
4839,58,2,2,20 a 24,24 a 27,Secundaria/Polimodal Incompleta,Menos de 2500 gramos,3
4840,66,2,2,30 a 34,37 a 41,Hasta Primaria/C.EGB Completa,Menos de 2500 gramos,1
4841,50,1,1,20 a 24,32 a 36,Hasta Primaria/C.EGB Completa,2500 gramos y más,5
4842,18,1,2,35 a 39,24 a 27,Secundario/Polimodal Completa y más,Menos de 2500 gramos,1
4843,66,1,1,25 a 29,Sin especificar,Secundaria/Polimodal Incompleta,Menos de 2500 gramos,2
4844,2,1,1,30 a 34,32 a 36,Secundaria/Polimodal Incompleta,2500 gramos y más,4
4845,26,1,1,30 a 34,32 a 36,Secundario/Polimodal Completa y más,Sin especificar,1
4846,14,1,2,40 a 44,37 a 41,Secundaria/Polimodal Incompleta,2500 gramos y más,91
4847,66,2,1,30 a 34,32 a 36,Secundario/Polimodal Completa y más,2500 gramos y más,4
4848,14,2,1,35 a 39,32 a 36,Hasta Primaria/C.EGB Completa,Menos de 2500 gramos,2
4849,6,1,1,30 a 34,42 y más,Hasta Primaria/C.EGB Completa,2500 gramos y más,17
4850,10,1,1,20 a 24,42 y más,Secundario/Polimodal Completa y más,2500 gramos y más,2
4851,18,1,2,40 a 44,32 a 36,Secundario/Polimodal Completa y más,Menos de 2500 gramos,10
4852,74,1,1,30 a 34,32 a 36,Hasta Primaria/C.EGB Completa,Menos de 2500 gramos,1
4853,34,1,2,40 a 44,32 a 36,Secundaria/Polimodal Incompleta,2500 gramos y más,3
4854,46,1,1,35 a 39,37 a 41,Secundaria/Polimodal Incompleta,Menos de 2500 gramos,1
4855,74,1,2,30 a 34,Sin especificar,Sin especificar,Sin especificar,1
4856,62,1,1,20 a 24,28 a 31,Sin especificar,Menos de 2500 gramos,1
4857,22,1,2,35 a 39,32 a 36,Secundario/Polimodal Completa y más,2500 gramos y más,27
4858,82,1,2,30 a 34,37 a 41,Secundario/Polimodal Completa y más,2500 gramos y más,2922
4859,62,2,1,20 a 24,28 a 31,Secundario/Polimodal Completa y más,Menos de 2500 gramos,2
4860,22,1,1,15 a 19,37 a 41,Secundario/Polimodal Completa y más,Menos de 2500 gramos,9
4861,78,2,1,30 a 34,32 a 36,Secundario/Polimodal Completa y más,2500 gramos y más,5
4862,6,2,1,35 a 39,32 a 36,Hasta Primaria/C.EGB Completa,Menos de 2500 gramos,13
4863,86,2,2,15 a 19,37 a 41,Secundaria/Polimodal Incompleta,2500 gramos y más,1
4864,54,1,1,Sin especificar,37 a 41,Secundario/Polimodal Completa y más,2500 gramos y más,2
4865,26,2,1,30 a 34,37 a 41,Secundaria/Polimodal Incompleta,2500 gramos y más,1
4866,74,2,1,25 a 29,37 a 41,Secundario/Polimodal Completa y más,Menos de 2500 gramos,1
4867,10,2,2,20 a 24,32 a 36,Hasta Primaria/C.EGB Completa,Menos de 2500 gramos,1
4868,22,2,1,35 a 39,32 a 36,Sin especificar,2500 gramos y más,1
4869,2,9,2,30 a 34,37 a 41,Secundaria/Polimodal Incompleta,2500 gramos y más,1
4870,66,1,2,15 a 19,Sin especificar,Secundaria/Polimodal Incompleta,2500 gramos y más,9
4871,6,1,1,15 a 19,42 y más,Hasta Primaria/C.EGB Completa,2500 gramos y más,9
4872,86,2,2,25 a 29,37 a 41,Secundaria/Polimodal Incompleta,2500 gramos y más,2
4873,62,2,2,40 a 44,37 a 41,Secundario/Polimodal Completa y más,2500 gramos y más,1
4874,82,1,2,35 a 39,32 a 36,Sin especificar,Menos de 2500 gramos,1
4875,14,1,1,De 45 y más,37 a 41,Secundaria/Polimodal Incompleta,2500 gramos y más,3
4876,10,2,1,25 a 29,32 a 36,Secundario/Polimodal Completa y más,Menos de 2500 gramos,1
4877,62,1,2,30 a 34,Sin especificar,Sin especificar,2500 gramos y más,1
4878,26,1,1,35 a 39,32 a 36,Hasta Primaria/C.EGB Completa,Menos de 2500 gramos,3
4879,54,1,1,25 a 29,28 a 31,Sin especificar,Menos de 2500 gramos,3
4880,90,1,2,15 a 19,37 a 41,Secundario/Polimodal Completa y más,Sin especificar,2
4881,66,1,2,25 a 29,37 a 41,Hasta Primaria/C.EGB Completa,Menos de 2500 gramos,10
4882,22,1,2,15 a 19,32 a 36,Hasta Primaria/C.EGB Completa,Menos de 2500 gramos,11
4883,10,1,2,15 a 19,37 a 41,Secundaria/Polimodal Incompleta,Menos de 2500 gramos,4
4884,82,1,1,15 a 19,42 y más,Secundario/Polimodal Completa y más,2500 gramos y más,1
4885,74,1,1,25 a 29,37 a 41,Hasta Primaria/C.EGB Completa,2500 gramos y más,64
4886,22,1,1,20 a 24,Sin especificar,Secundaria/Polimodal Incompleta,2500 gramos y más,10
4887,6,1,1,20 a 24,32 a 36,Secundario/Polimodal Completa y más,Sin especificar,1
4888,82,2,2,20 a 24,28 a 31,Hasta Primaria/C.EGB Completa,Menos de 2500 gramos,3
4889,38,2,2,25 a 29,32 a 36,Hasta Primaria/C.EGB Completa,2500 gramos y más,1
4890,18,1,1,15 a 19,32 a 36,Secundario/Polimodal Completa y más,2500 gramos y más,3
4891,66,2,1,15 a 19,32 a 36,Hasta Primaria/C.EGB Completa,Menos de 2500 gramos,1
4892,90,1,1,15 a 19,32 a 36,Secundaria/Polimodal Incompleta,2500 gramos y más,31
4893,6,1,2,40 a 44,28 a 31,Secundaria/Polimodal Incompleta,Menos de 2500 gramos,6
4894,50,2,2,30 a 34,32 a 36,Secundario/Polimodal Completa y más,Menos de 2500 gramos,20
4895,90,2,1,25 a 29,32 a 36,Secundario/Polimodal Completa y más,2500 gramos y más,1
4896,82,1,1,15 a 19,28 a 31,Secundaria/Polimodal Incompleta,Menos de 2500 gramos,17
4897,42,1,2,25 a 29,32 a 36,Hasta Primaria/C.EGB Completa,2500 gramos y más,2
4898,62,1,2,35 a 39,37 a 41,Hasta Primaria/C.EGB Completa,Menos de 2500 gramos,2
4899,78,1,1,40 a 44,37 a 41,Secundaria/Polimodal Incompleta,2500 gramos y más,3
4900,90,2,2,25 a 29,Sin especificar,Secundario/Polimodal Completa y más,Menos de 2500 gramos,1
4901,74,1,1,25 a 29,24 a 27,Hasta Primaria/C.EGB Completa,Menos de 2500 gramos,1
4902,42,1,2,40 a 44,37 a 41,Secundario/Polimodal Completa y más,2500 gramos y más,35
4903,30,2,1,30 a 34,32 a 36,Secundario/Polimodal Completa y más,2500 gramos y más,4
4904,14,1,2,20 a 24,Menos de 22,Secundario/Polimodal Completa y más,Menos de 2500 gramos,1
4905,46,1,2,30 a 34,37 a 41,Secundario/Polimodal Completa y más,Menos de 2500 gramos,5
4906,86,1,2,20 a 24,37 a 41,Secundario/Polimodal Completa y más,2500 gramos y más,272
4907,14,1,1,15 a 19,32 a 36,Secundario/Polimodal Completa y más,2500 gramos y más,15
4908,74,2,2,25 a 29,32 a 36,Secundario/Polimodal Completa y más,Menos de 2500 gramos,6
4909,46,1,2,30 a 34,Sin especificar,Secundario/Polimodal Completa y más,Menos de 2500 gramos,1
4910,66,1,2,30 a 34,42 y más,Secundario/Polimodal Completa y más,2500 gramos y más,3
4911,66,1,2,30 a 34,24 a 27,Secundario/Polimodal Completa y más,Menos de 2500 gramos,2
4912,26,1,1,15 a 19,32 a 36,Secundario/Polimodal Completa y más,Menos de 2500 gramos,2
4913,26,1,2,40 a 44,32 a 36,Secundario/Polimodal Completa y más,2500 gramos y más,1
4914,86,1,1,De 45 y más,37 a 41,Secundaria/Polimodal Incompleta,2500 gramos y más,2
4915,42,1,1,25 a 29,32 a 36,Secundaria/Polimodal Incompleta,2500 gramos y más,2
4916,54,1,2,40 a 44,37 a 41,Sin especificar,2500 gramos y más,14
4917,78,1,2,15 a 19,37 a 41,Secundaria/Polimodal Incompleta,2500 gramos y más,62
4918,70,1,1,30 a 34,22 a 23,Secundario/Polimodal Completa y más,Menos de 2500 gramos,1
4919,2,2,1,40 a 44,32 a 36,Sin especificar,Menos de 2500 gramos,1
4920,54,1,1,40 a 44,32 a 36,Hasta Primaria/C.EGB Completa,2500 gramos y más,6
4921,99,1,2,25 a 29,37 a 41,Sin especificar,2500 gramos y más,16
4922,22,1,1,35 a 39,24 a 27,Secundaria/Polimodal Incompleta,Menos de 2500 gramos,1
4923,2,1,2,25 a 29,28 a 31,Secundaria/Polimodal Incompleta,Menos de 2500 gramos,1
4924,22,1,2,30 a 34,Sin especificar,Hasta Primaria/C.EGB Completa,2500 gramos y más,2
4925,66,1,1,25 a 29,42 y más,Secundaria/Polimodal Incompleta,2500 gramos y más,1
4926,82,1,1,40 a 44,37 a 41,Secundaria/Polimodal Incompleta,Menos de 2500 gramos,2
4927,14,2,2,20 a 24,37 a 41,Hasta Primaria/C.EGB Completa,Menos de 2500 gramos,2
4928,46,1,1,20 a 24,22 a 23,Secundario/Polimodal Completa y más,Menos de 2500 gramos,1
4929,6,1,1,35 a 39,24 a 27,Sin especificar,Menos de 2500 gramos,5
4930,66,1,1,25 a 29,Menos de 22,Secundaria/Polimodal Incompleta,Menos de 2500 gramos,1
4931,14,1,1,35 a 39,24 a 27,Secundario/Polimodal Completa y más,Menos de 2500 gramos,12
4932,6,1,2,25 a 29,32 a 36,Hasta Primaria/C.EGB Completa,Sin especificar,1
4933,90,1,2,25 a 29,24 a 27,Secundario/Polimodal Completa y más,Menos de 2500 gramos,6
4934,14,1,2,35 a 39,42 y más,Secundario/Polimodal Completa y más,2500 gramos y más,1
4935,6,2,2,30 a 34,24 a 27,Sin especificar,Menos de 2500 gramos,1
4936,26,1,2,Menor de 15,37 a 41,Secundaria/Polimodal Incompleta,2500 gramos y más,2
4937,10,2,1,30 a 34,37 a 41,Secundario/Polimodal Completa y más,2500 gramos y más,1
4938,14,2,2,25 a 29,32 a 36,Secundaria/Polimodal Incompleta,Menos de 2500 gramos,16
4939,90,1,2,20 a 24,32 a 36,Secundaria/Polimodal Incompleta,2500 gramos y más,41
4940,50,1,1,30 a 34,32 a 36,Secundario/Polimodal Completa y más,Menos de 2500 gramos,37
4941,54,1,2,30 a 34,32 a 36,Sin especificar,2500 gramos y más,3
4942,2,2,2,15 a 19,28 a 31,Secundaria/Polimodal Incompleta,Menos de 2500 gramos,2
4943,14,2,1,25 a 29,37 a 41,Secundario/Polimodal Completa y más,Menos de 2500 gramos,6
4944,50,1,1,30 a 34,37 a 41,Secundaria/Polimodal Incompleta,2500 gramos y más,435
4945,34,2,2,25 a 29,32 a 36,Sin especificar,Menos de 2500 gramos,3
4946,90,2,1,15 a 19,28 a 31,Secundario/Polimodal Completa y más,Menos de 2500 gramos,1
4947,38,1,2,35 a 39,37 a 41,Hasta Primaria/C.EGB Completa,2500 gramos y más,64
4948,66,1,2,20 a 24,32 a 36,Hasta Primaria/C.EGB Completa,2500 gramos y más,14
4949,34,1,2,15 a 19,32 a 36,Secundaria/Polimodal Incompleta,2500 gramos y más,11
4950,86,1,2,De 45 y más,37 a 41,Hasta Primaria/C.EGB Completa,2500 gramos y más,6
4951,78,1,1,Menor de 15,37 a 41,Hasta Primaria/C.EGB Completa,2500 gramos y más,2
4952,86,2,2,15 a 19,37 a 41,Secundaria/Polimodal Incompleta,Menos de 2500 gramos,1
4953,30,1,2,35 a 39,28 a 31,Hasta Primaria/C.EGB Completa,Menos de 2500 gramos,2
4954,6,1,2,25 a 29,Sin especificar,Sin especificar,Menos de 2500 gramos,1
4955,2,1,2,40 a 44,32 a 36,Hasta Primaria/C.EGB Completa,Menos de 2500 gramos,2
4956,90,1,2,30 a 34,37 a 41,Secundario/Polimodal Completa y más,Menos de 2500 gramos,44
4957,86,2,2,30 a 34,32 a 36,Secundario/Polimodal Completa y más,Menos de 2500 gramos,5
4958,18,1,2,20 a 24,24 a 27,Secundario/Polimodal Completa y más,Menos de 2500 gramos,1
4959,78,1,1,25 a 29,Sin especificar,Secundaria/Polimodal Incompleta,2500 gramos y más,1
4960,10,1,2,15 a 19,32 a 36,Secundaria/Polimodal Incompleta,Menos de 2500 gramos,2
4961,86,1,2,30 a 34,24 a 27,Secundaria/Polimodal Incompleta,Menos de 2500 gramos,3
4962,26,1,2,35 a 39,37 a 41,Sin especificar,Menos de 2500 gramos,2
4963,62,2,2,20 a 24,32 a 36,Sin especificar,Menos de 2500 gramos,2
4964,38,1,1,20 a 24,32 a 36,Hasta Primaria/C.EGB Completa,Menos de 2500 gramos,1
4965,26,1,2,35 a 39,24 a 27,Hasta Primaria/C.EGB Completa,Menos de 2500 gramos,1
4966,90,2,2,35 a 39,32 a 36,Secundario/Polimodal Completa y más,Sin especificar,1
4967,18,1,1,20 a 24,32 a 36,Secundaria/Polimodal Incompleta,2500 gramos y más,10
4968,62,1,2,De 45 y más,32 a 36,Secundario/Polimodal Completa y más,2500 gramos y más,1
4969,30,1,2,Menor de 15,24 a 27,Secundaria/Polimodal Incompleta,Menos de 2500 gramos,1
4970,66,1,2,40 a 44,37 a 41,Secundaria/Polimodal Incompleta,2500 gramos y más,37
4971,26,1,2,20 a 24,32 a 36,Secundario/Polimodal Completa y más,Menos de 2500 gramos,8
4972,6,9,1,15 a 19,37 a 41,Sin especificar,2500 gramos y más,4
4973,2,1,2,25 a 29,32 a 36,Hasta Primaria/C.EGB Completa,Menos de 2500 gramos,5
4974,2,2,2,35 a 39,32 a 36,Hasta Primaria/C.EGB Completa,2500 gramos y más,7
4975,6,1,2,30 a 34,22 a 23,Hasta Primaria/C.EGB Completa,Menos de 2500 gramos,1
4976,34,1,1,15 a 19,28 a 31,Hasta Primaria/C.EGB Completa,2500 gramos y más,2
4977,14,1,1,35 a 39,28 a 31,Secundaria/Polimodal Incompleta,Menos de 2500 gramos,3
4978,74,1,2,20 a 24,32 a 36,Hasta Primaria/C.EGB Completa,2500 gramos y más,3
4979,46,2,2,35 a 39,37 a 41,Secundario/Polimodal Completa y más,2500 gramos y más,4
4980,74,1,2,30 a 34,37 a 41,Hasta Primaria/C.EGB Completa,Menos de 2500 gramos,1
4981,70,1,1,15 a 19,28 a 31,Hasta Primaria/C.EGB Completa,Menos de 2500 gramos,1
4982,50,1,2,De 45 y más,37 a 41,Secundario/Polimodal Completa y más,2500 gramos y más,12
4983,18,2,1,40 a 44,37 a 41,Secundaria/Polimodal Incompleta,2500 gramos y más,1
4984,78,1,1,25 a 29,37 a 41,Hasta Primaria/C.EGB Completa,Menos de 2500 gramos,2
4985,34,1,1,30 a 34,32 a 36,Secundario/Polimodal Completa y más,2500 gramos y más,26
4986,54,1,1,20 a 24,37 a 41,Secundaria/Polimodal Incompleta,2500 gramos y más,743
4987,86,1,9,20 a 24,37 a 41,Sin especificar,2500 gramos y más,1
4988,86,1,2,Menor de 15,32 a 36,Hasta Primaria/C.EGB Completa,2500 gramos y más,1
4989,90,2,2,30 a 34,32 a 36,Secundaria/Polimodal Incompleta,Menos de 2500 gramos,4
4990,22,1,1,25 a 29,22 a 23,Secundario/Polimodal Completa y más,Menos de 2500 gramos,1
4991,26,2,2,35 a 39,37 a 41,Secundario/Polimodal Completa y más,2500 gramos y más,3
4992,50,1,2,30 a 34,28 a 31,Secundario/Polimodal Completa y más,Menos de 2500 gramos,7
4993,10,1,2,15 a 19,32 a 36,Secundaria/Polimodal Incompleta,2500 gramos y más,3
4994,54,1,2,25 a 29,32 a 36,Sin especificar,2500 gramos y más,7
4995,74,1,2,20 a 24,32 a 36,Hasta Primaria/C.EGB Completa,Menos de 2500 gramos,1
4996,82,1,1,40 a 44,32 a 36,Secundario/Polimodal Completa y más,Menos de 2500 gramos,29
4997,86,1,1,15 a 19,32 a 36,Hasta Primaria/C.EGB Completa,2500 gramos y más,30
4998,2,1,1,15 a 19,37 a 41,Hasta Primaria/C.EGB Completa,Menos de 2500 gramos,2
4999,18,1,2,De 45 y más,37 a 41,Secundario/Polimodal Completa y más,2500 gramos y más,3
5000,62,2,2,40 a 44,37 a 41,Secundario/Polimodal Completa y más,Menos de 2500 gramos,1
5001,50,2,1,30 a 34,32 a 36,Secundario/Polimodal Completa y más,2500 gramos y más,5
5002,14,1,2,20 a 24,37 a 41,Secundaria/Polimodal Incompleta,2500 gramos y más,1371
5003,86,1,1,20 a 24,32 a 36,Hasta Primaria/C.EGB Completa,2500 gramos y más,34
5004,90,1,1,35 a 39,24 a 27,Secundaria/Polimodal Incompleta,Menos de 2500 gramos,1
5005,58,1,2,30 a 34,32 a 36,Secundaria/Polimodal Incompleta,2500 gramos y más,8
5006,90,1,2,30 a 34,Sin especificar,Secundaria/Polimodal Incompleta,2500 gramos y más,5
5007,54,1,1,15 a 19,37 a 41,Secundario/Polimodal Completa y más,2500 gramos y más,153
5008,22,2,1,35 a 39,32 a 36,Hasta Primaria/C.EGB Completa,Menos de 2500 gramos,1
5009,14,2,1,40 a 44,37 a 41,Hasta Primaria/C.EGB Completa,2500 gramos y más,1
5010,78,1,2,Menor de 15,37 a 41,Secundaria/Polimodal Incompleta,2500 gramos y más,1
5011,14,1,1,25 a 29,37 a 41,Secundaria/Polimodal Incompleta,Menos de 2500 gramos,24
5012,82,1,2,35 a 39,32 a 36,Secundario/Polimodal Completa y más,2500 gramos y más,81
5013,6,2,1,30 a 34,37 a 41,Hasta Primaria/C.EGB Completa,Menos de 2500 gramos,2
5014,14,2,2,40 a 44,32 a 36,Hasta Primaria/C.EGB Completa,Menos de 2500 gramos,2
5015,66,1,1,30 a 34,Sin especificar,Secundario/Polimodal Completa y más,2500 gramos y más,35
5016,2,2,2,40 a 44,28 a 31,Secundario/Polimodal Completa y más,Menos de 2500 gramos,1
5017,66,1,2,20 a 24,37 a 41,Secundaria/Polimodal Incompleta,Sin especificar,1
5018,66,1,2,De 45 y más,37 a 41,Secundario/Polimodal Completa y más,2500 gramos y más,14
5019,30,1,2,40 a 44,Sin especificar,Secundaria/Polimodal Incompleta,2500 gramos y más,1
5020,78,1,2,15 a 19,32 a 36,Secundaria/Polimodal Incompleta,Menos de 2500 gramos,2
5021,99,1,2,35 a 39,32 a 36,Hasta Primaria/C.EGB Completa,2500 gramos y más,1
5022,14,1,1,30 a 34,28 a 31,Secundario/Polimodal Completa y más,Menos de 2500 gramos,19
5023,14,1,2,30 a 34,32 a 36,Secundaria/Polimodal Incompleta,2500 gramos y más,31
5024,6,1,1,35 a 39,37 a 41,Secundaria/Polimodal Incompleta,Menos de 2500 gramos,38
5025,6,2,1,25 a 29,24 a 27,Hasta Primaria/C.EGB Completa,Menos de 2500 gramos,3
5026,6,1,1,Menor de 15,28 a 31,Secundaria/Polimodal Incompleta,Menos de 2500 gramos,1
5027,30,1,1,30 a 34,28 a 31,Secundario/Polimodal Completa y más,Menos de 2500 gramos,10
5028,22,1,2,20 a 24,28 a 31,Secundario/Polimodal Completa y más,2500 gramos y más,1
5029,66,2,2,30 a 34,37 a 41,Secundaria/Polimodal Incompleta,Menos de 2500 gramos,1
5030,34,1,1,25 a 29,22 a 23,Secundario/Polimodal Completa y más,Menos de 2500 gramos,1
5031,18,2,1,20 a 24,32 a 36,Secundario/Polimodal Completa y más,2500 gramos y más,3
5032,58,1,1,25 a 29,28 a 31,Secundaria/Polimodal Incompleta,Menos de 2500 gramos,3
5033,50,1,2,30 a 34,32 a 36,Hasta Primaria/C.EGB Completa,Menos de 2500 gramos,4
5034,10,2,1,40 a 44,32 a 36,Secundario/Polimodal Completa y más,Menos de 2500 gramos,2
5035,50,2,2,20 a 24,37 a 41,Secundaria/Polimodal Incompleta,2500 gramos y más,4
5036,6,2,2,25 a 29,Sin especificar,Secundaria/Polimodal Incompleta,2500 gramos y más,1
5037,38,1,2,35 a 39,32 a 36,Secundario/Polimodal Completa y más,Menos de 2500 gramos,12
5038,6,2,2,35 a 39,37 a 41,Secundario/Polimodal Completa y más,Menos de 2500 gramos,31
5039,22,2,2,15 a 19,37 a 41,Secundaria/Polimodal Incompleta,2500 gramos y más,2
5040,22,1,2,15 a 19,Sin especificar,Secundario/Polimodal Completa y más,2500 gramos y más,1
5041,62,1,2,20 a 24,37 a 41,Secundario/Polimodal Completa y más,Sin especificar,2
5042,62,1,1,20 a 24,37 a 41,Hasta Primaria/C.EGB Completa,Menos de 2500 gramos,2
5043,90,2,1,30 a 34,37 a 41,Hasta Primaria/C.EGB Completa,Menos de 2500 gramos,1
5044,86,2,1,30 a 34,37 a 41,Hasta Primaria/C.EGB Completa,2500 gramos y más,2
5045,86,1,2,35 a 39,32 a 36,Secundaria/Polimodal Incompleta,Menos de 2500 gramos,2
5046,2,9,1,30 a 34,Sin especificar,Sin especificar,Sin especificar,3
5047,6,1,2,30 a 34,28 a 31,Secundario/Polimodal Completa y más,2500 gramos y más,4
5048,50,1,1,35 a 39,28 a 31,Secundario/Polimodal Completa y más,Menos de 2500 gramos,3
5049,66,1,2,40 a 44,42 y más,Sin especificar,2500 gramos y más,1
5050,38,2,2,30 a 34,32 a 36,Secundaria/Polimodal Incompleta,Menos de 2500 gramos,1
5051,6,1,2,15 a 19,Sin especificar,Secundario/Polimodal Completa y más,Menos de 2500 gramos,1
5052,22,1,1,30 a 34,28 a 31,Secundario/Polimodal Completa y más,Menos de 2500 gramos,7
5053,34,1,1,25 a 29,32 a 36,Secundaria/Polimodal Incompleta,2500 gramos y más,11
5054,90,1,2,20 a 24,28 a 31,Hasta Primaria/C.EGB Completa,Menos de 2500 gramos,3
5055,54,1,1,15 a 19,32 a 36,Hasta Primaria/C.EGB Completa,2500 gramos y más,16
5056,66,2,1,30 a 34,32 a 36,Sin especificar,Menos de 2500 gramos,1
5057,30,1,1,20 a 24,37 a 41,Secundaria/Polimodal Incompleta,2500 gramos y más,577
5058,6,1,1,40 a 44,28 a 31,Sin especificar,Menos de 2500 gramos,2
5059,54,1,2,20 a 24,28 a 31,Hasta Primaria/C.EGB Completa,Menos de 2500 gramos,4
5060,94,1,2,25 a 29,37 a 41,Secundario/Polimodal Completa y más,2500 gramos y más,162
5061,6,1,2,30 a 34,28 a 31,Secundario/Polimodal Completa y más,Menos de 2500 gramos,81
5062,6,1,1,25 a 29,22 a 23,Secundaria/Polimodal Incompleta,Menos de 2500 gramos,1
5063,6,1,1,35 a 39,37 a 41,Hasta Primaria/C.EGB Completa,Menos de 2500 gramos,30
5064,6,1,1,30 a 34,37 a 41,Secundario/Polimodal Completa y más,Sin especificar,2
5065,10,1,2,20 a 24,37 a 41,Secundaria/Polimodal Incompleta,2500 gramos y más,129
5066,82,1,2,40 a 44,32 a 36,Secundaria/Polimodal Incompleta,Menos de 2500 gramos,6
5067,6,2,1,35 a 39,32 a 36,Secundario/Polimodal Completa y más,Menos de 2500 gramos,89
5068,14,2,2,25 a 29,37 a 41,Secundaria/Polimodal Incompleta,2500 gramos y más,3
5069,78,2,2,20 a 24,37 a 41,Hasta Primaria/C.EGB Completa,Menos de 2500 gramos,1
5070,26,1,2,35 a 39,37 a 41,Secundaria/Polimodal Incompleta,Menos de 2500 gramos,2
5071,70,2,1,25 a 29,37 a 41,Secundario/Polimodal Completa y más,2500 gramos y más,9
5072,74,1,1,De 45 y más,37 a 41,Secundario/Polimodal Completa y más,2500 gramos y más,1
5073,58,1,2,15 a 19,37 a 41,Secundario/Polimodal Completa y más,Menos de 2500 gramos,1
5074,6,1,2,15 a 19,42 y más,Sin especificar,2500 gramos y más,1
5075,90,1,2,25 a 29,42 y más,Hasta Primaria/C.EGB Completa,2500 gramos y más,20
5076,82,1,2,30 a 34,37 a 41,Sin especificar,2500 gramos y más,25
5077,58,1,2,25 a 29,28 a 31,Secundario/Polimodal Completa y más,Menos de 2500 gramos,1
5078,34,1,1,35 a 39,32 a 36,Hasta Primaria/C.EGB Completa,Menos de 2500 gramos,2
5079,90,1,2,25 a 29,24 a 27,Hasta Primaria/C.EGB Completa,Menos de 2500 gramos,3
5080,70,1,2,25 a 29,37 a 41,Secundario/Polimodal Completa y más,2500 gramos y más,709
5081,14,1,1,35 a 39,28 a 31,Secundaria/Polimodal Incompleta,2500 gramos y más,1
5082,22,1,2,40 a 44,32 a 36,Secundaria/Polimodal Incompleta,2500 gramos y más,2
5083,34,2,1,20 a 24,32 a 36,Secundaria/Polimodal Incompleta,Menos de 2500 gramos,5
5084,2,1,2,20 a 24,37 a 41,Secundario/Polimodal Completa y más,2500 gramos y más,529
5085,54,1,2,40 a 44,37 a 41,Secundaria/Polimodal Incompleta,2500 gramos y más,40
5086,14,1,1,20 a 24,24 a 27,Secundaria/Polimodal Incompleta,Menos de 2500 gramos,5
5087,38,1,1,35 a 39,42 y más,Secundario/Polimodal Completa y más,2500 gramos y más,5
5088,22,1,1,15 a 19,Sin especificar,Secundario/Polimodal Completa y más,Sin especificar,1
5089,50,1,1,15 a 19,37 a 41,Secundaria/Polimodal Incompleta,2500 gramos y más,491
5090,6,1,1,35 a 39,32 a 36,Hasta Primaria/C.EGB Completa,2500 gramos y más,58
5091,82,1,2,Menor de 15,37 a 41,Sin especificar,2500 gramos y más,1
5092,30,1,1,15 a 19,37 a 41,Hasta Primaria/C.EGB Completa,Menos de 2500 gramos,5
5093,6,2,2,40 a 44,28 a 31,Hasta Primaria/C.EGB Completa,Menos de 2500 gramos,1
5094,74,1,1,30 a 34,37 a 41,Secundaria/Polimodal Incompleta,2500 gramos y más,71
5095,90,1,2,25 a 29,22 a 23,Secundario/Polimodal Completa y más,Menos de 2500 gramos,3
5096,6,2,1,30 a 34,32 a 36,Sin especificar,2500 gramos y más,6
5097,2,9,1,20 a 24,37 a 41,Sin especificar,2500 gramos y más,84
5098,90,1,2,20 a 24,Sin especificar,Hasta Primaria/C.EGB Completa,2500 gramos y más,6
5099,54,2,1,15 a 19,37 a 41,Hasta Primaria/C.EGB Completa,Menos de 2500 gramos,1
5100,34,1,2,30 a 34,28 a 31,Sin especificar,Menos de 2500 gramos,2
5101,34,1,2,35 a 39,37 a 41,Secundario/Polimodal Completa y más,Menos de 2500 gramos,7
5102,46,2,2,30 a 34,37 a 41,Secundario/Polimodal Completa y más,2500 gramos y más,2
5103,82,2,1,30 a 34,37 a 41,Secundaria/Polimodal Incompleta,2500 gramos y más,5
5104,58,1,1,25 a 29,42 y más,Secundaria/Polimodal Incompleta,2500 gramos y más,1
5105,86,2,1,30 a 34,32 a 36,Secundario/Polimodal Completa y más,Menos de 2500 gramos,2
5106,50,1,2,30 a 34,37 a 41,Secundaria/Polimodal Incompleta,Menos de 2500 gramos,14
5107,86,1,1,20 a 24,37 a 41,Secundaria/Polimodal Incompleta,2500 gramos y más,327
5108,98,1,1,35 a 39,28 a 31,Hasta Primaria/C.EGB Completa,2500 gramos y más,1
5109,74,2,1,25 a 29,32 a 36,Secundaria/Polimodal Incompleta,Menos de 2500 gramos,1
5110,2,1,1,15 a 19,32 a 36,Secundario/Polimodal Completa y más,Menos de 2500 gramos,2
5111,30,1,1,25 a 29,37 a 41,Secundaria/Polimodal Incompleta,Menos de 2500 gramos,7
5112,50,1,2,Menor de 15,32 a 36,Hasta Primaria/C.EGB Completa,2500 gramos y más,1
5113,86,1,2,25 a 29,32 a 36,Hasta Primaria/C.EGB Completa,2500 gramos y más,37
5114,46,1,1,20 a 24,28 a 31,Secundario/Polimodal Completa y más,Menos de 2500 gramos,7
5115,6,1,2,35 a 39,37 a 41,Secundaria/Polimodal Incompleta,2500 gramos y más,1453
5116,6,1,2,Sin especificar,32 a 36,Secundario/Polimodal Completa y más,2500 gramos y más,17
5117,54,2,2,40 a 44,37 a 41,Hasta Primaria/C.EGB Completa,2500 gramos y más,1
5118,94,2,2,25 a 29,37 a 41,Secundario/Polimodal Completa y más,2500 gramos y más,2
5119,78,1,2,25 a 29,32 a 36,Hasta Primaria/C.EGB Completa,2500 gramos y más,3
5120,82,1,1,40 a 44,32 a 36,Secundario/Polimodal Completa y más,2500 gramos y más,37
5121,54,1,2,35 a 39,37 a 41,Sin especificar,2500 gramos y más,35
5122,78,1,2,35 a 39,28 a 31,Secundario/Polimodal Completa y más,Menos de 2500 gramos,2
5123,38,1,1,20 a 24,42 y más,Secundario/Polimodal Completa y más,2500 gramos y más,7
5124,99,9,2,20 a 24,Sin especificar,Sin especificar,2500 gramos y más,1
5125,30,1,2,25 a 29,37 a 41,Hasta Primaria/C.EGB Completa,Menos de 2500 gramos,10
5126,2,1,1,25 a 29,32 a 36,Sin especificar,Menos de 2500 gramos,4
5127,86,1,2,20 a 24,37 a 41,Hasta Primaria/C.EGB Completa,2500 gramos y más,629
5128,6,2,1,40 a 44,24 a 27,Hasta Primaria/C.EGB Completa,Menos de 2500 gramos,1
5129,54,1,1,30 a 34,37 a 41,Secundario/Polimodal Completa y más,Menos de 2500 gramos,20
5130,62,1,2,35 a 39,37 a 41,Sin especificar,2500 gramos y más,35
5131,82,1,1,35 a 39,32 a 36,Secundario/Polimodal Completa y más,2500 gramos y más,129
5132,42,1,1,30 a 34,37 a 41,Secundario/Polimodal Completa y más,Menos de 2500 gramos,7
5133,6,1,2,Sin especificar,37 a 41,Secundaria/Polimodal Incompleta,Sin especificar,4
5134,90,1,1,30 a 34,28 a 31,Secundaria/Polimodal Incompleta,Menos de 2500 gramos,1
5135,74,1,1,25 a 29,37 a 41,Secundario/Polimodal Completa y más,2500 gramos y más,478
5136,42,2,1,30 a 34,28 a 31,Hasta Primaria/C.EGB Completa,Menos de 2500 gramos,1
5137,26,1,1,30 a 34,37 a 41,Sin especificar,2500 gramos y más,60
5138,30,1,1,35 a 39,32 a 36,Hasta Primaria/C.EGB Completa,Menos de 2500 gramos,10
5139,6,1,1,25 a 29,32 a 36,Secundaria/Polimodal Incompleta,2500 gramos y más,159
5140,42,1,2,40 a 44,32 a 36,Secundario/Polimodal Completa y más,2500 gramos y más,1
5141,34,1,1,15 a 19,42 y más,Secundaria/Polimodal Incompleta,2500 gramos y más,1
5142,30,2,2,25 a 29,32 a 36,Secundaria/Polimodal Incompleta,Menos de 2500 gramos,9
5143,74,2,2,25 a 29,32 a 36,Secundario/Polimodal Completa y más,2500 gramos y más,2
5144,90,2,1,25 a 29,24 a 27,Secundario/Polimodal Completa y más,Menos de 2500 gramos,2
5145,66,1,2,25 a 29,24 a 27,Secundario/Polimodal Completa y más,Menos de 2500 gramos,1
5146,18,1,1,Menor de 15,37 a 41,Hasta Primaria/C.EGB Completa,2500 gramos y más,9
5147,74,1,1,30 a 34,24 a 27,Secundario/Polimodal Completa y más,Menos de 2500 gramos,1
5148,70,2,2,30 a 34,37 a 41,Secundaria/Polimodal Incompleta,2500 gramos y más,3
5149,10,1,1,30 a 34,37 a 41,Hasta Primaria/C.EGB Completa,2500 gramos y más,74
5150,6,2,2,25 a 29,32 a 36,Secundario/Polimodal Completa y más,2500 gramos y más,17
5151,82,1,2,25 a 29,28 a 31,Secundario/Polimodal Completa y más,Menos de 2500 gramos,11
5152,50,2,1,35 a 39,32 a 36,Secundario/Polimodal Completa y más,Menos de 2500 gramos,13
5153,14,1,1,25 a 29,42 y más,Hasta Primaria/C.EGB Completa,2500 gramos y más,1
5154,90,1,2,De 45 y más,32 a 36,Secundario/Polimodal Completa y más,2500 gramos y más,2
5155,62,1,2,40 a 44,37 a 41,Secundario/Polimodal Completa y más,2500 gramos y más,96
5156,30,1,2,30 a 34,37 a 41,Hasta Primaria/C.EGB Completa,Menos de 2500 gramos,13
5157,26,1,1,25 a 29,37 a 41,Secundaria/Polimodal Incompleta,2500 gramos y más,155
5158,18,1,1,20 a 24,37 a 41,Sin especificar,Menos de 2500 gramos,9
5159,38,1,1,35 a 39,37 a 41,Secundaria/Polimodal Incompleta,Menos de 2500 gramos,2
5160,22,2,2,35 a 39,32 a 36,Secundaria/Polimodal Incompleta,2500 gramos y más,2
5161,18,1,1,25 a 29,37 a 41,Hasta Primaria/C.EGB Completa,2500 gramos y más,210
5162,34,2,1,20 a 24,32 a 36,Secundaria/Polimodal Incompleta,2500 gramos y más,5
5163,6,1,1,25 a 29,28 a 31,Secundario/Polimodal Completa y más,2500 gramos y más,3
5164,82,1,1,25 a 29,Sin especificar,Secundario/Polimodal Completa y más,2500 gramos y más,3
5165,82,1,2,20 a 24,24 a 27,Hasta Primaria/C.EGB Completa,Menos de 2500 gramos,5
5166,50,2,1,25 a 29,28 a 31,Secundario/Polimodal Completa y más,Menos de 2500 gramos,5
5167,62,1,1,25 a 29,37 a 41,Hasta Primaria/C.EGB Completa,Menos de 2500 gramos,1
5168,6,2,2,40 a 44,37 a 41,Sin especificar,2500 gramos y más,1
5169,54,1,1,Sin especificar,42 y más,Secundario/Polimodal Completa y más,2500 gramos y más,1
5170,62,1,1,35 a 39,32 a 36,Secundario/Polimodal Completa y más,Menos de 2500 gramos,20
5171,14,2,2,15 a 19,32 a 36,Secundario/Polimodal Completa y más,Menos de 2500 gramos,2
5172,70,2,2,35 a 39,37 a 41,Secundario/Polimodal Completa y más,2500 gramos y más,5
5173,18,1,1,25 a 29,42 y más,Sin especificar,2500 gramos y más,1
5174,78,1,2,20 a 24,28 a 31,Secundaria/Polimodal Incompleta,Menos de 2500 gramos,1
5175,58,1,2,25 a 29,37 a 41,Secundario/Polimodal Completa y más,2500 gramos y más,579
5176,46,1,2,35 a 39,37 a 41,Hasta Primaria/C.EGB Completa,2500 gramos y más,26
5177,74,2,1,20 a 24,24 a 27,Secundario/Polimodal Completa y más,Menos de 2500 gramos,2
5178,18,2,2,20 a 24,28 a 31,Sin especificar,Menos de 2500 gramos,2
5179,6,1,1,15 a 19,32 a 36,Secundaria/Polimodal Incompleta,Sin especificar,2
5180,10,2,2,30 a 34,37 a 41,Secundaria/Polimodal Incompleta,2500 gramos y más,2
5181,99,2,2,30 a 34,32 a 36,Sin especificar,Menos de 2500 gramos,1
5182,6,1,2,25 a 29,24 a 27,Secundario/Polimodal Completa y más,Menos de 2500 gramos,26
5183,30,2,1,15 a 19,28 a 31,Hasta Primaria/C.EGB Completa,Menos de 2500 gramos,2
5184,18,1,1,20 a 24,37 a 41,Hasta Primaria/C.EGB Completa,Menos de 2500 gramos,1
5185,54,1,1,25 a 29,24 a 27,Sin especificar,Menos de 2500 gramos,2
5186,50,1,1,40 a 44,37 a 41,Secundaria/Polimodal Incompleta,2500 gramos y más,62
5187,6,1,2,40 a 44,Sin especificar,Sin especificar,2500 gramos y más,2
5188,58,2,2,30 a 34,37 a 41,Secundaria/Polimodal Incompleta,2500 gramos y más,2
5189,42,1,2,40 a 44,32 a 36,Secundario/Polimodal Completa y más,Menos de 2500 gramos,6
5190,90,2,1,30 a 34,32 a 36,Secundario/Polimodal Completa y más,2500 gramos y más,10
5191,66,1,2,40 a 44,Sin especificar,Hasta Primaria/C.EGB Completa,2500 gramos y más,1
5192,6,2,2,15 a 19,32 a 36,Secundario/Polimodal Completa y más,Menos de 2500 gramos,15
5193,98,1,1,15 a 19,24 a 27,Secundario/Polimodal Completa y más,Menos de 2500 gramos,1
5194,50,1,1,35 a 39,24 a 27,Secundaria/Polimodal Incompleta,Menos de 2500 gramos,1
5195,18,2,1,25 a 29,28 a 31,Secundaria/Polimodal Incompleta,Menos de 2500 gramos,2
5196,6,1,1,20 a 24,37 a 41,Sin especificar,Menos de 2500 gramos,41
5197,34,1,2,30 a 34,32 a 36,Secundaria/Polimodal Incompleta,Menos de 2500 gramos,5
5198,2,2,1,25 a 29,28 a 31,Secundario/Polimodal Completa y más,Menos de 2500 gramos,2
5199,66,1,2,40 a 44,32 a 36,Hasta Primaria/C.EGB Completa,Menos de 2500 gramos,3
5200,6,1,1,25 a 29,Menos de 22,Secundario/Polimodal Completa y más,Menos de 2500 gramos,1
5201,6,1,1,25 a 29,28 a 31,Secundario/Polimodal Completa y más,Menos de 2500 gramos,79
5202,70,1,2,25 a 29,37 a 41,Hasta Primaria/C.EGB Completa,2500 gramos y más,195
5203,26,1,2,25 a 29,32 a 36,Hasta Primaria/C.EGB Completa,Menos de 2500 gramos,3
5204,42,1,1,40 a 44,37 a 41,Secundaria/Polimodal Incompleta,2500 gramos y más,9
5205,66,2,1,30 a 34,32 a 36,Secundario/Polimodal Completa y más,Menos de 2500 gramos,19
5206,42,1,2,30 a 34,32 a 36,Hasta Primaria/C.EGB Completa,Menos de 2500 gramos,3
5207,14,2,1,De 45 y más,32 a 36,Secundario/Polimodal Completa y más,2500 gramos y más,2
5208,70,1,2,15 a 19,32 a 36,Secundario/Polimodal Completa y más,2500 gramos y más,2
5209,82,1,1,25 a 29,Sin especificar,Secundario/Polimodal Completa y más,Menos de 2500 gramos,1
5210,14,2,2,40 a 44,37 a 41,Hasta Primaria/C.EGB Completa,2500 gramos y más,2
5211,82,2,1,25 a 29,24 a 27,Secundario/Polimodal Completa y más,Menos de 2500 gramos,4
5212,18,1,1,20 a 24,37 a 41,Sin especificar,2500 gramos y más,451
5213,38,1,2,40 a 44,37 a 41,Secundario/Polimodal Completa y más,Menos de 2500 gramos,4
5214,62,1,1,35 a 39,32 a 36,Secundario/Polimodal Completa y más,2500 gramos y más,22
5215,26,1,1,30 a 34,37 a 41,Sin especificar,Menos de 2500 gramos,3
5216,34,2,2,20 a 24,28 a 31,Secundario/Polimodal Completa y más,Menos de 2500 gramos,2
5217,38,1,2,35 a 39,37 a 41,Hasta Primaria/C.EGB Completa,Menos de 2500 gramos,1
5218,90,1,1,15 a 19,22 a 23,Secundaria/Polimodal Incompleta,Menos de 2500 gramos,1
5219,30,1,1,25 a 29,32 a 36,Secundaria/Polimodal Incompleta,2500 gramos y más,13
5220,10,1,1,30 a 34,42 y más,Secundario/Polimodal Completa y más,2500 gramos y más,1
5221,62,1,1,35 a 39,37 a 41,Secundaria/Polimodal Incompleta,Menos de 2500 gramos,1
5222,14,2,1,15 a 19,32 a 36,Secundaria/Polimodal Incompleta,Menos de 2500 gramos,5
5223,6,1,1,30 a 34,Sin especificar,Hasta Primaria/C.EGB Completa,Menos de 2500 gramos,2
5224,34,1,1,25 a 29,24 a 27,Sin especificar,Menos de 2500 gramos,1
5225,50,2,2,20 a 24,24 a 27,Secundario/Polimodal Completa y más,Menos de 2500 gramos,1
5226,70,1,1,30 a 34,28 a 31,Hasta Primaria/C.EGB Completa,Menos de 2500 gramos,1
5227,66,1,1,35 a 39,32 a 36,Sin especificar,Menos de 2500 gramos,1
5228,66,1,1,35 a 39,37 a 41,Hasta Primaria/C.EGB Completa,Menos de 2500 gramos,3
5229,90,1,2,40 a 44,37 a 41,Secundaria/Polimodal Incompleta,2500 gramos y más,36
5230,82,1,1,20 a 24,22 a 23,Secundario/Polimodal Completa y más,Menos de 2500 gramos,3
5231,66,2,1,15 a 19,32 a 36,Secundaria/Polimodal Incompleta,Menos de 2500 gramos,2
5232,74,1,1,30 a 34,28 a 31,Secundaria/Polimodal Incompleta,Menos de 2500 gramos,1
5233,38,1,2,35 a 39,37 a 41,Secundario/Polimodal Completa y más,Menos de 2500 gramos,11
5234,62,1,2,15 a 19,37 a 41,Sin especificar,2500 gramos y más,32
5235,22,1,1,15 a 19,42 y más,Secundaria/Polimodal Incompleta,Menos de 2500 gramos,1
5236,54,2,1,25 a 29,32 a 36,Secundaria/Polimodal Incompleta,2500 gramos y más,3
5237,6,1,2,15 a 19,37 a 41,Secundario/Polimodal Completa y más,Menos de 2500 gramos,44
5238,34,1,1,15 a 19,37 a 41,Secundario/Polimodal Completa y más,2500 gramos y más,82
5239,46,2,9,25 a 29,37 a 41,Secundario/Polimodal Completa y más,2500 gramos y más,1
5240,6,1,1,De 45 y más,37 a 41,Secundario/Polimodal Completa y más,2500 gramos y más,188
5241,70,2,2,35 a 39,32 a 36,Secundario/Polimodal Completa y más,Menos de 2500 gramos,7
5242,34,2,1,30 a 34,32 a 36,Secundario/Polimodal Completa y más,Menos de 2500 gramos,1
5243,98,1,2,25 a 29,37 a 41,Sin especificar,2500 gramos y más,1
5244,30,1,1,20 a 24,Sin especificar,Secundaria/Polimodal Incompleta,2500 gramos y más,2
5245,82,2,1,30 a 34,37 a 41,Hasta Primaria/C.EGB Completa,Menos de 2500 gramos,2
5246,38,1,1,30 a 34,32 a 36,Hasta Primaria/C.EGB Completa,2500 gramos y más,2
5247,46,1,1,20 a 24,32 a 36,Secundario/Polimodal Completa y más,2500 gramos y más,18
5248,18,1,1,20 a 24,24 a 27,Secundaria/Polimodal Incompleta,Menos de 2500 gramos,2
5249,90,1,1,Menor de 15,Sin especificar,Secundaria/Polimodal Incompleta,2500 gramos y más,1
5250,90,2,1,30 a 34,37 a 41,Hasta Primaria/C.EGB Completa,2500 gramos y más,6
5251,58,1,1,25 a 29,Sin especificar,Secundaria/Polimodal Incompleta,2500 gramos y más,1
5252,30,1,2,30 a 34,32 a 36,Secundario/Polimodal Completa y más,2500 gramos y más,34
5253,6,1,2,20 a 24,32 a 36,Secundaria/Polimodal Incompleta,2500 gramos y más,136
5254,6,2,2,Menor de 15,28 a 31,Hasta Primaria/C.EGB Completa,Sin especificar,1
5255,66,2,1,35 a 39,37 a 41,Secundario/Polimodal Completa y más,2500 gramos y más,10
5256,90,1,1,De 45 y más,37 a 41,Secundario/Polimodal Completa y más,2500 gramos y más,8
5257,18,1,2,15 a 19,37 a 41,Secundario/Polimodal Completa y más,Menos de 2500 gramos,3
5258,50,1,1,35 a 39,32 a 36,Secundario/Polimodal Completa y más,Menos de 2500 gramos,33
5259,50,2,1,35 a 39,32 a 36,Secundario/Polimodal Completa y más,2500 gramos y más,5
5260,6,1,2,20 a 24,37 a 41,Secundaria/Polimodal Incompleta,Menos de 2500 gramos,149
5261,46,1,1,40 a 44,32 a 36,Hasta Primaria/C.EGB Completa,Menos de 2500 gramos,3
5262,38,2,1,35 a 39,32 a 36,Secundario/Polimodal Completa y más,2500 gramos y más,2
5263,30,2,1,15 a 19,28 a 31,Secundaria/Polimodal Incompleta,Menos de 2500 gramos,1
5264,18,1,2,25 a 29,42 y más,Secundario/Polimodal Completa y más,2500 gramos y más,1
5265,10,1,1,30 a 34,32 a 36,Secundaria/Polimodal Incompleta,2500 gramos y más,7
5266,22,2,2,35 a 39,37 a 41,Hasta Primaria/C.EGB Completa,Menos de 2500 gramos,1
5267,30,1,2,30 a 34,32 a 36,Secundario/Polimodal Completa y más,Menos de 2500 gramos,27
5268,50,1,1,20 a 24,32 a 36,Hasta Primaria/C.EGB Completa,Menos de 2500 gramos,5
5269,30,2,2,35 a 39,28 a 31,Secundario/Polimodal Completa y más,Menos de 2500 gramos,2
5270,22,1,2,De 45 y más,32 a 36,Hasta Primaria/C.EGB Completa,2500 gramos y más,1
5271,34,1,2,20 a 24,24 a 27,Sin especificar,Menos de 2500 gramos,1
5272,6,1,2,Sin especificar,37 a 41,Sin especificar,Menos de 2500 gramos,7
5273,6,1,1,Sin especificar,Sin especificar,Sin especificar,Menos de 2500 gramos,2
5274,70,1,1,30 a 34,28 a 31,Secundario/Polimodal Completa y más,Menos de 2500 gramos,2
5275,2,2,1,De 45 y más,32 a 36,Secundario/Polimodal Completa y más,Menos de 2500 gramos,12
5276,2,1,1,40 a 44,37 a 41,Hasta Primaria/C.EGB Completa,2500 gramos y más,78
5277,6,2,2,15 a 19,32 a 36,Secundario/Polimodal Completa y más,2500 gramos y más,1
5278,30,1,2,25 a 29,32 a 36,Secundario/Polimodal Completa y más,2500 gramos y más,30
5279,22,1,1,15 a 19,32 a 36,Secundaria/Polimodal Incompleta,Menos de 2500 gramos,31
5280,6,2,1,25 a 29,22 a 23,Secundaria/Polimodal Incompleta,Menos de 2500 gramos,3
5281,30,1,1,30 a 34,42 y más,Secundario/Polimodal Completa y más,2500 gramos y más,1
5282,98,1,1,15 a 19,37 a 41,Secundario/Polimodal Completa y más,2500 gramos y más,1
5283,46,1,2,25 a 29,32 a 36,Secundaria/Polimodal Incompleta,Menos de 2500 gramos,2
5284,90,2,1,30 a 34,Sin especificar,Hasta Primaria/C.EGB Completa,Menos de 2500 gramos,1
5285,62,1,1,25 a 29,37 a 41,Hasta Primaria/C.EGB Completa,2500 gramos y más,96
5286,62,2,2,20 a 24,37 a 41,Secundario/Polimodal Completa y más,2500 gramos y más,2
5287,6,1,2,30 a 34,Menos de 22,Secundario/Polimodal Completa y más,Menos de 2500 gramos,1
5288,6,1,2,40 a 44,37 a 41,Secundaria/Polimodal Incompleta,2500 gramos y más,470
5289,74,1,2,40 a 44,37 a 41,Secundaria/Polimodal Incompleta,2500 gramos y más,16
5290,6,1,2,Menor de 15,32 a 36,Secundaria/Polimodal Incompleta,Menos de 2500 gramos,2
5291,38,1,2,40 a 44,28 a 31,Secundario/Polimodal Completa y más,Menos de 2500 gramos,2
5292,18,2,2,25 a 29,32 a 36,Secundario/Polimodal Completa y más,Menos de 2500 gramos,11
5293,54,1,2,40 a 44,32 a 36,Hasta Primaria/C.EGB Completa,Menos de 2500 gramos,2
5294,10,1,1,20 a 24,32 a 36,Secundario/Polimodal Completa y más,Menos de 2500 gramos,10
5295,2,9,1,Menor de 15,Sin especificar,Sin especificar,Sin especificar,1
5296,42,1,2,25 a 29,37 a 41,Secundaria/Polimodal Incompleta,Menos de 2500 gramos,2
5297,54,2,1,35 a 39,32 a 36,Hasta Primaria/C.EGB Completa,2500 gramos y más,5
5298,6,2,2,Sin especificar,32 a 36,Sin especificar,Menos de 2500 gramos,1
5299,22,1,1,De 45 y más,32 a 36,Secundario/Polimodal Completa y más,2500 gramos y más,1
5300,6,1,2,35 a 39,32 a 36,Hasta Primaria/C.EGB Completa,Menos de 2500 gramos,64
5301,42,1,2,25 a 29,32 a 36,Secundario/Polimodal Completa y más,Menos de 2500 gramos,5
5302,22,1,2,20 a 24,37 a 41,Secundario/Polimodal Completa y más,Sin especificar,9
5303,10,2,2,15 a 19,32 a 36,Hasta Primaria/C.EGB Completa,Menos de 2500 gramos,1
5304,2,1,1,15 a 19,24 a 27,Secundaria/Polimodal Incompleta,Menos de 2500 gramos,1
5305,38,1,1,35 a 39,24 a 27,Secundaria/Polimodal Incompleta,Menos de 2500 gramos,1
5306,66,1,2,25 a 29,32 a 36,Secundario/Polimodal Completa y más,Menos de 2500 gramos,60
5307,6,2,1,20 a 24,24 a 27,Secundario/Polimodal Completa y más,Menos de 2500 gramos,3
5308,86,1,1,30 a 34,32 a 36,Hasta Primaria/C.EGB Completa,2500 gramos y más,31
5309,90,1,1,40 a 44,22 a 23,Secundario/Polimodal Completa y más,Menos de 2500 gramos,1
5310,10,1,1,40 a 44,37 a 41,Hasta Primaria/C.EGB Completa,2500 gramos y más,15
5311,78,1,1,25 a 29,28 a 31,Secundario/Polimodal Completa y más,Menos de 2500 gramos,2
5312,78,2,2,20 a 24,37 a 41,Secundaria/Polimodal Incompleta,Menos de 2500 gramos,1
5313,46,1,1,25 a 29,42 y más,Secundario/Polimodal Completa y más,2500 gramos y más,1
5314,2,1,1,15 a 19,32 a 36,Secundario/Polimodal Completa y más,2500 gramos y más,1
5315,6,1,2,20 a 24,28 a 31,Secundaria/Polimodal Incompleta,Menos de 2500 gramos,35
5316,82,2,1,25 a 29,28 a 31,Secundario/Polimodal Completa y más,Menos de 2500 gramos,4
5317,18,1,1,40 a 44,37 a 41,Secundario/Polimodal Completa y más,2500 gramos y más,118
5318,94,1,2,25 a 29,32 a 36,Secundario/Polimodal Completa y más,2500 gramos y más,4
5319,42,1,2,25 a 29,32 a 36,Secundario/Polimodal Completa y más,2500 gramos y más,8
5320,46,1,1,25 a 29,32 a 36,Secundario/Polimodal Completa y más,Menos de 2500 gramos,19
5321,14,1,2,40 a 44,28 a 31,Hasta Primaria/C.EGB Completa,2500 gramos y más,1
5322,70,1,1,25 a 29,37 a 41,Secundaria/Polimodal Incompleta,2500 gramos y más,384
5323,50,1,2,20 a 24,37 a 41,Secundaria/Polimodal Incompleta,Menos de 2500 gramos,33
5324,26,1,2,20 a 24,37 a 41,Hasta Primaria/C.EGB Completa,2500 gramos y más,32
5325,6,1,1,20 a 24,28 a 31,Secundario/Polimodal Completa y más,Menos de 2500 gramos,78
5326,50,1,2,25 a 29,Sin especificar,Secundario/Polimodal Completa y más,Sin especificar,1
5327,2,1,2,35 a 39,28 a 31,Secundario/Polimodal Completa y más,Menos de 2500 gramos,8
5328,22,1,2,15 a 19,37 a 41,Secundaria/Polimodal Incompleta,Menos de 2500 gramos,27
5329,10,1,2,40 a 44,32 a 36,Secundario/Polimodal Completa y más,2500 gramos y más,4
5330,90,1,2,30 a 34,28 a 31,Secundario/Polimodal Completa y más,Menos de 2500 gramos,7
5331,90,2,1,20 a 24,37 a 41,Secundaria/Polimodal Incompleta,2500 gramos y más,2
5332,50,1,2,35 a 39,28 a 31,Secundaria/Polimodal Incompleta,Menos de 2500 gramos,3
5333,18,2,1,20 a 24,32 a 36,Secundario/Polimodal Completa y más,Menos de 2500 gramos,4
5334,66,2,1,20 a 24,Menos de 22,Secundario/Polimodal Completa y más,Menos de 2500 gramos,2
5335,66,1,1,Menor de 15,32 a 36,Hasta Primaria/C.EGB Completa,Menos de 2500 gramos,1
5336,6,1,2,20 a 24,28 a 31,Sin especificar,Menos de 2500 gramos,11
5337,70,1,2,30 a 34,32 a 36,Secundaria/Polimodal Incompleta,2500 gramos y más,9
5338,6,1,1,15 a 19,37 a 41,Secundario/Polimodal Completa y más,2500 gramos y más,1275
5339,50,2,1,40 a 44,37 a 41,Secundario/Polimodal Completa y más,2500 gramos y más,7
5340,66,2,1,20 a 24,37 a 41,Secundaria/Polimodal Incompleta,2500 gramos y más,1
5341,82,2,2,40 a 44,28 a 31,Secundario/Polimodal Completa y más,Menos de 2500 gramos,3
5342,50,1,2,15 a 19,37 a 41,Secundario/Polimodal Completa y más,2500 gramos y más,145
5343,70,2,2,25 a 29,32 a 36,Secundaria/Polimodal Incompleta,Menos de 2500 gramos,5
5344,54,1,1,35 a 39,37 a 41,Secundario/Polimodal Completa y más,Menos de 2500 gramos,14
5345,82,2,1,25 a 29,32 a 36,Secundario/Polimodal Completa y más,2500 gramos y más,7
5346,74,1,1,15 a 19,37 a 41,Secundaria/Polimodal Incompleta,Menos de 2500 gramos,3
5347,58,1,1,35 a 39,24 a 27,Secundario/Polimodal Completa y más,Menos de 2500 gramos,2
5348,14,1,2,30 a 34,37 a 41,Secundario/Polimodal Completa y más,2500 gramos y más,3215
5349,58,1,2,25 a 29,32 a 36,Secundario/Polimodal Completa y más,2500 gramos y más,17
5350,66,1,1,35 a 39,32 a 36,Secundario/Polimodal Completa y más,Menos de 2500 gramos,39
5351,30,1,2,15 a 19,32 a 36,Secundaria/Polimodal Incompleta,Menos de 2500 gramos,12
5352,22,1,2,30 a 34,37 a 41,Secundario/Polimodal Completa y más,Sin especificar,6
5353,90,1,1,25 a 29,42 y más,Secundario/Polimodal Completa y más,2500 gramos y más,48
5354,86,2,1,40 a 44,37 a 41,Hasta Primaria/C.EGB Completa,2500 gramos y más,1
5355,78,1,2,30 a 34,32 a 36,Hasta Primaria/C.EGB Completa,2500 gramos y más,2
5356,18,1,1,20 a 24,32 a 36,Sin especificar,Menos de 2500 gramos,6
5357,38,1,2,30 a 34,24 a 27,Secundaria/Polimodal Incompleta,Menos de 2500 gramos,1
5358,90,1,2,30 a 34,32 a 36,Secundaria/Polimodal Incompleta,2500 gramos y más,24
5359,18,1,2,15 a 19,37 a 41,Hasta Primaria/C.EGB Completa,2500 gramos y más,75
5360,62,1,1,35 a 39,32 a 36,Hasta Primaria/C.EGB Completa,Menos de 2500 gramos,1
5361,62,1,2,35 a 39,28 a 31,Sin especificar,Menos de 2500 gramos,1
5362,90,1,1,30 a 34,37 a 41,Secundaria/Polimodal Incompleta,Sin especificar,1
5363,6,1,2,15 a 19,32 a 36,Secundaria/Polimodal Incompleta,2500 gramos y más,99
5364,66,1,1,20 a 24,32 a 36,Hasta Primaria/C.EGB Completa,2500 gramos y más,10
5365,74,1,2,25 a 29,37 a 41,Sin especificar,2500 gramos y más,23
5366,30,1,1,25 a 29,37 a 41,Secundaria/Polimodal Incompleta,2500 gramos y más,384
5367,94,1,2,20 a 24,32 a 36,Secundaria/Polimodal Incompleta,Menos de 2500 gramos,1
5368,18,2,1,30 a 34,32 a 36,Secundaria/Polimodal Incompleta,2500 gramos y más,3
5369,70,1,2,25 a 29,42 y más,Secundario/Polimodal Completa y más,2500 gramos y más,1
5370,74,1,1,25 a 29,28 a 31,Hasta Primaria/C.EGB Completa,Menos de 2500 gramos,1
5371,38,1,2,15 a 19,37 a 41,Secundario/Polimodal Completa y más,2500 gramos y más,65
5372,94,1,1,30 a 34,32 a 36,Secundaria/Polimodal Incompleta,2500 gramos y más,1
5373,86,2,1,Sin especificar,37 a 41,Secundaria/Polimodal Incompleta,2500 gramos y más,1
5374,50,1,2,40 a 44,37 a 41,Secundario/Polimodal Completa y más,2500 gramos y más,259
5375,54,2,1,30 a 34,28 a 31,Secundario/Polimodal Completa y más,Menos de 2500 gramos,2
5376,46,1,2,20 a 24,28 a 31,Secundaria/Polimodal Incompleta,Menos de 2500 gramos,2
5377,46,1,2,20 a 24,42 y más,Hasta Primaria/C.EGB Completa,2500 gramos y más,1
5378,62,1,1,25 a 29,32 a 36,Sin especificar,Menos de 2500 gramos,5
5379,18,2,2,35 a 39,32 a 36,Sin especificar,Menos de 2500 gramos,3
5380,62,1,2,De 45 y más,37 a 41,Secundario/Polimodal Completa y más,2500 gramos y más,7
5381,18,2,1,30 a 34,32 a 36,Secundaria/Polimodal Incompleta,Menos de 2500 gramos,4
5382,34,1,2,30 a 34,28 a 31,Secundario/Polimodal Completa y más,Menos de 2500 gramos,5
5383,14,1,2,15 a 19,Menos de 22,Secundario/Polimodal Completa y más,Menos de 2500 gramos,1
5384,34,1,1,35 a 39,32 a 36,Hasta Primaria/C.EGB Completa,2500 gramos y más,6
5385,30,2,1,35 a 39,24 a 27,Hasta Primaria/C.EGB Completa,Menos de 2500 gramos,1
5386,18,1,2,35 a 39,32 a 36,Secundaria/Polimodal Incompleta,Menos de 2500 gramos,9
5387,2,1,2,20 a 24,37 a 41,Secundario/Polimodal Completa y más,Menos de 2500 gramos,10
5388,90,1,2,25 a 29,42 y más,Secundaria/Polimodal Incompleta,2500 gramos y más,16
5389,14,2,1,25 a 29,28 a 31,Secundario/Polimodal Completa y más,Menos de 2500 gramos,4
5390,34,1,1,30 a 34,24 a 27,Secundario/Polimodal Completa y más,Menos de 2500 gramos,4
5391,38,1,2,15 a 19,37 a 41,Secundario/Polimodal Completa y más,Menos de 2500 gramos,5
5392,30,1,2,30 a 34,37 a 41,Secundario/Polimodal Completa y más,2500 gramos y más,1052
5393,66,1,2,25 a 29,37 a 41,Hasta Primaria/C.EGB Completa,2500 gramos y más,295
5394,26,1,2,35 a 39,37 a 41,Secundaria/Polimodal Incompleta,2500 gramos y más,59
5395,82,2,1,15 a 19,32 a 36,Hasta Primaria/C.EGB Completa,2500 gramos y más,2
5396,54,1,1,15 a 19,24 a 27,Hasta Primaria/C.EGB Completa,Menos de 2500 gramos,1
5397,42,1,1,15 a 19,37 a 41,Secundario/Polimodal Completa y más,Menos de 2500 gramos,1
5398,42,2,1,20 a 24,32 a 36,Secundario/Polimodal Completa y más,2500 gramos y más,2
5399,90,2,1,15 a 19,37 a 41,Secundaria/Polimodal Incompleta,2500 gramos y más,3
5400,98,1,1,40 a 44,37 a 41,Secundario/Polimodal Completa y más,2500 gramos y más,1
5401,34,1,2,40 a 44,32 a 36,Hasta Primaria/C.EGB Completa,2500 gramos y más,1
5402,30,1,2,15 a 19,32 a 36,Hasta Primaria/C.EGB Completa,Menos de 2500 gramos,6
5403,6,1,1,40 a 44,Sin especificar,Sin especificar,2500 gramos y más,1
5404,22,1,1,25 a 29,28 a 31,Hasta Primaria/C.EGB Completa,Sin especificar,1
5405,66,2,1,20 a 24,32 a 36,Secundario/Polimodal Completa y más,2500 gramos y más,2
5406,14,2,2,15 a 19,37 a 41,Hasta Primaria/C.EGB Completa,2500 gramos y más,1
5407,22,1,1,20 a 24,28 a 31,Secundaria/Polimodal Incompleta,Menos de 2500 gramos,1
5408,62,1,1,20 a 24,37 a 41,Secundario/Polimodal Completa y más,Menos de 2500 gramos,5
5409,6,1,1,20 a 24,32 a 36,Secundaria/Polimodal Incompleta,Menos de 2500 gramos,181
5410,6,1,1,40 a 44,37 a 41,Secundario/Polimodal Completa y más,Menos de 2500 gramos,56
5411,82,1,1,35 a 39,28 a 31,Secundario/Polimodal Completa y más,Menos de 2500 gramos,14
5412,74,1,1,35 a 39,32 a 36,Secundario/Polimodal Completa y más,2500 gramos y más,10
5413,62,1,1,25 a 29,28 a 31,Hasta Primaria/C.EGB Completa,2500 gramos y más,1
5414,90,1,2,40 a 44,24 a 27,Secundario/Polimodal Completa y más,Menos de 2500 gramos,1
5415,6,1,1,40 a 44,37 a 41,Sin especificar,2500 gramos y más,285
5416,78,1,2,40 a 44,37 a 41,Secundario/Polimodal Completa y más,2500 gramos y más,44
5417,6,9,1,Menor de 15,37 a 41,Secundaria/Polimodal Incompleta,2500 gramos y más,1
5418,99,9,2,25 a 29,24 a 27,Sin especificar,Menos de 2500 gramos,1
5419,18,1,1,15 a 19,22 a 23,Secundaria/Polimodal Incompleta,Menos de 2500 gramos,1
5420,62,1,1,20 a 24,37 a 41,Sin especificar,2500 gramos y más,92
5421,90,1,2,15 a 19,42 y más,Secundaria/Polimodal Incompleta,Menos de 2500 gramos,1
5422,6,1,1,30 a 34,Sin especificar,Hasta Primaria/C.EGB Completa,Sin especificar,1
5423,38,1,2,30 a 34,37 a 41,Hasta Primaria/C.EGB Completa,Menos de 2500 gramos,6
5424,82,2,2,25 a 29,32 a 36,Secundario/Polimodal Completa y más,2500 gramos y más,6
5425,54,2,1,30 a 34,32 a 36,Hasta Primaria/C.EGB Completa,Menos de 2500 gramos,1
5426,74,2,1,20 a 24,32 a 36,Secundario/Polimodal Completa y más,2500 gramos y más,1
5427,90,1,2,20 a 24,Menos de 22,Secundario/Polimodal Completa y más,Menos de 2500 gramos,1
5428,62,1,1,40 a 44,42 y más,Secundario/Polimodal Completa y más,2500 gramos y más,1
5429,66,1,2,20 a 24,37 a 41,Secundaria/Polimodal Incompleta,Menos de 2500 gramos,16
5430,6,1,1,30 a 34,32 a 36,Secundaria/Polimodal Incompleta,Sin especificar,1
5431,54,1,2,25 a 29,42 y más,Hasta Primaria/C.EGB Completa,2500 gramos y más,12
5432,30,1,9,15 a 19,37 a 41,Secundaria/Polimodal Incompleta,2500 gramos y más,2
5433,90,2,2,20 a 24,32 a 36,Secundario/Polimodal Completa y más,2500 gramos y más,1
5434,62,1,2,15 a 19,32 a 36,Hasta Primaria/C.EGB Completa,2500 gramos y más,1
5435,26,1,2,30 a 34,37 a 41,Secundaria/Polimodal Incompleta,2500 gramos y más,111
5436,90,2,1,40 a 44,32 a 36,Secundario/Polimodal Completa y más,Menos de 2500 gramos,3
5437,74,1,2,25 a 29,32 a 36,Secundaria/Polimodal Incompleta,Menos de 2500 gramos,4
5438,6,1,2,15 a 19,37 a 41,Hasta Primaria/C.EGB Completa,Menos de 2500 gramos,37
5439,26,1,1,25 a 29,37 a 41,Sin especificar,2500 gramos y más,94
5440,14,1,2,De 45 y más,37 a 41,Secundario/Polimodal Completa y más,Menos de 2500 gramos,2
5441,94,1,2,25 a 29,32 a 36,Secundario/Polimodal Completa y más,Menos de 2500 gramos,1
5442,6,1,1,40 a 44,32 a 36,Sin especificar,Menos de 2500 gramos,15
5443,30,1,1,25 a 29,22 a 23,Secundario/Polimodal Completa y más,Menos de 2500 gramos,1
5444,2,1,1,25 a 29,32 a 36,Secundaria/Polimodal Incompleta,Menos de 2500 gramos,8
5445,99,9,2,De 45 y más,37 a 41,Sin especificar,2500 gramos y más,6
5446,98,1,1,20 a 24,37 a 41,Secundario/Polimodal Completa y más,2500 gramos y más,4
5447,10,1,1,30 a 34,37 a 41,Secundaria/Polimodal Incompleta,Menos de 2500 gramos,3
5448,50,2,1,20 a 24,37 a 41,Hasta Primaria/C.EGB Completa,Menos de 2500 gramos,1
5449,90,1,1,30 a 34,37 a 41,Secundario/Polimodal Completa y más,Sin especificar,5
5450,38,1,2,40 a 44,32 a 36,Secundaria/Polimodal Incompleta,Menos de 2500 gramos,1
5451,14,2,1,30 a 34,32 a 36,Hasta Primaria/C.EGB Completa,Menos de 2500 gramos,5
5452,6,2,2,35 a 39,37 a 41,Hasta Primaria/C.EGB Completa,2500 gramos y más,3
5453,42,1,1,20 a 24,37 a 41,Secundario/Polimodal Completa y más,2500 gramos y más,209
5454,14,1,1,35 a 39,37 a 41,Secundario/Polimodal Completa y más,Menos de 2500 gramos,36
5455,78,1,2,20 a 24,42 y más,Hasta Primaria/C.EGB Completa,2500 gramos y más,1
5456,70,1,1,40 a 44,28 a 31,Hasta Primaria/C.EGB Completa,Menos de 2500 gramos,1
5457,2,1,1,20 a 24,37 a 41,Secundario/Polimodal Completa y más,Menos de 2500 gramos,9
5458,66,1,1,De 45 y más,24 a 27,Secundario/Polimodal Completa y más,Menos de 2500 gramos,1
5459,26,1,2,15 a 19,37 a 41,Secundaria/Polimodal Incompleta,Menos de 2500 gramos,2
5460,30,2,1,20 a 24,28 a 31,Secundario/Polimodal Completa y más,Menos de 2500 gramos,3
5461,90,1,2,25 a 29,Sin especificar,Secundario/Polimodal Completa y más,2500 gramos y más,16
5462,10,2,1,20 a 24,37 a 41,Secundario/Polimodal Completa y más,2500 gramos y más,2
5463,70,2,2,15 a 19,32 a 36,Secundaria/Polimodal Incompleta,Menos de 2500 gramos,2
5464,10,1,2,15 a 19,37 a 41,Secundaria/Polimodal Incompleta,2500 gramos y más,94
5465,82,1,2,25 a 29,37 a 41,Secundaria/Polimodal Incompleta,2500 gramos y más,1084
5466,62,1,1,25 a 29,32 a 36,Sin especificar,2500 gramos y más,5
5467,78,1,2,15 a 19,32 a 36,Secundaria/Polimodal Incompleta,2500 gramos y más,7
5468,90,1,2,30 a 34,32 a 36,Secundaria/Polimodal Incompleta,Menos de 2500 gramos,11
5469,22,1,1,25 a 29,37 a 41,Secundaria/Polimodal Incompleta,Sin especificar,1
5470,2,1,2,20 a 24,24 a 27,Secundario/Polimodal Completa y más,Menos de 2500 gramos,2
5471,38,1,2,25 a 29,42 y más,Secundario/Polimodal Completa y más,2500 gramos y más,4
5472,22,1,2,Menor de 15,37 a 41,Sin especificar,2500 gramos y más,1
5473,22,2,2,25 a 29,28 a 31,Hasta Primaria/C.EGB Completa,Menos de 2500 gramos,2
5474,78,2,2,30 a 34,37 a 41,Secundario/Polimodal Completa y más,2500 gramos y más,2
5475,14,2,1,35 a 39,32 a 36,Secundaria/Polimodal Incompleta,2500 gramos y más,2
5476,54,1,2,40 a 44,37 a 41,Hasta Primaria/C.EGB Completa,Menos de 2500 gramos,3
5477,90,2,1,25 a 29,32 a 36,Secundario/Polimodal Completa y más,Menos de 2500 gramos,7
5478,22,1,2,Sin especificar,Sin especificar,Sin especificar,Sin especificar,1
5479,2,1,2,De 45 y más,37 a 41,Hasta Primaria/C.EGB Completa,2500 gramos y más,7
5480,82,2,1,25 a 29,37 a 41,Secundaria/Polimodal Incompleta,2500 gramos y más,10
5481,34,1,2,40 a 44,28 a 31,Hasta Primaria/C.EGB Completa,Menos de 2500 gramos,1
5482,6,1,1,20 a 24,28 a 31,Hasta Primaria/C.EGB Completa,Menos de 2500 gramos,17
5483,18,1,2,15 a 19,32 a 36,Secundaria/Polimodal Incompleta,2500 gramos y más,8
5484,14,1,2,40 a 44,32 a 36,Secundaria/Polimodal Incompleta,Menos de 2500 gramos,9
5485,14,1,1,25 a 29,37 a 41,Secundaria/Polimodal Incompleta,2500 gramos y más,1222
5486,26,1,2,20 a 24,32 a 36,Hasta Primaria/C.EGB Completa,2500 gramos y más,1
5487,18,2,2,20 a 24,32 a 36,Secundaria/Polimodal Incompleta,Menos de 2500 gramos,2
5488,90,1,1,30 a 34,42 y más,Secundario/Polimodal Completa y más,2500 gramos y más,34
5489,26,1,1,20 a 24,37 a 41,Sin especificar,Menos de 2500 gramos,1
5490,10,2,1,20 a 24,37 a 41,Secundario/Polimodal Completa y más,Menos de 2500 gramos,1
5491,62,2,1,25 a 29,37 a 41,Secundaria/Polimodal Incompleta,2500 gramos y más,3
5492,62,1,1,30 a 34,37 a 41,Secundario/Polimodal Completa y más,Menos de 2500 gramos,6
5493,58,1,2,35 a 39,Sin especificar,Sin especificar,2500 gramos y más,1
5494,82,1,2,De 45 y más,28 a 31,Secundario/Polimodal Completa y más,Menos de 2500 gramos,2
5495,6,1,1,30 a 34,32 a 36,Secundario/Polimodal Completa y más,2500 gramos y más,518
5496,90,1,2,30 a 34,24 a 27,Hasta Primaria/C.EGB Completa,Menos de 2500 gramos,1
5497,82,1,2,30 a 34,32 a 36,Secundario/Polimodal Completa y más,2500 gramos y más,97
5498,50,1,1,20 a 24,24 a 27,Hasta Primaria/C.EGB Completa,Menos de 2500 gramos,1
5499,2,1,1,25 a 29,37 a 41,Secundario/Polimodal Completa y más,2500 gramos y más,1208
5500,38,2,1,40 a 44,37 a 41,Secundaria/Polimodal Incompleta,2500 gramos y más,1
5501,99,9,1,15 a 19,37 a 41,Sin especificar,Menos de 2500 gramos,1
5502,6,2,2,25 a 29,32 a 36,Hasta Primaria/C.EGB Completa,Menos de 2500 gramos,17
5503,2,2,1,20 a 24,32 a 36,Hasta Primaria/C.EGB Completa,Menos de 2500 gramos,2
5504,62,2,1,30 a 34,32 a 36,Secundario/Polimodal Completa y más,2500 gramos y más,3
5505,6,1,9,25 a 29,32 a 36,Secundario/Polimodal Completa y más,2500 gramos y más,3
5506,74,1,2,15 a 19,32 a 36,Secundaria/Polimodal Incompleta,Menos de 2500 gramos,8
5507,78,2,1,20 a 24,37 a 41,Hasta Primaria/C.EGB Completa,Menos de 2500 gramos,1
5508,38,1,1,30 a 34,32 a 36,Hasta Primaria/C.EGB Completa,Menos de 2500 gramos,3
5509,62,1,2,20 a 24,37 a 41,Secundaria/Polimodal Incompleta,2500 gramos y más,252
5510,58,1,1,30 a 34,Sin especificar,Sin especificar,Sin especificar,1
5511,26,1,1,30 a 34,37 a 41,Secundario/Polimodal Completa y más,2500 gramos y más,453
5512,30,1,2,25 a 29,Sin especificar,Secundaria/Polimodal Incompleta,2500 gramos y más,1
5513,26,1,1,15 a 19,37 a 41,Hasta Primaria/C.EGB Completa,Menos de 2500 gramos,1
5514,38,2,2,30 a 34,37 a 41,Hasta Primaria/C.EGB Completa,2500 gramos y más,2
5515,18,1,2,40 a 44,37 a 41,Sin especificar,2500 gramos y más,38
5516,6,2,2,25 a 29,24 a 27,Secundario/Polimodal Completa y más,Menos de 2500 gramos,6
5517,98,1,1,25 a 29,37 a 41,Hasta Primaria/C.EGB Completa,2500 gramos y más,3
5518,42,2,1,25 a 29,37 a 41,Sin especificar,2500 gramos y más,2
5519,70,1,1,30 a 34,32 a 36,Hasta Primaria/C.EGB Completa,Menos de 2500 gramos,6
5520,6,1,1,35 a 39,Sin especificar,Hasta Primaria/C.EGB Completa,2500 gramos y más,3
5521,46,1,1,15 a 19,37 a 41,Hasta Primaria/C.EGB Completa,2500 gramos y más,31
5522,18,1,2,15 a 19,37 a 41,Hasta Primaria/C.EGB Completa,Menos de 2500 gramos,6
5523,50,1,1,15 a 19,42 y más,Secundaria/Polimodal Incompleta,2500 gramos y más,1
5524,30,1,1,15 a 19,28 a 31,Hasta Primaria/C.EGB Completa,Menos de 2500 gramos,4
5525,74,1,1,De 45 y más,32 a 36,Hasta Primaria/C.EGB Completa,Menos de 2500 gramos,1
5526,46,1,2,30 a 34,37 a 41,Secundaria/Polimodal Incompleta,2500 gramos y más,39
5527,18,1,2,30 a 34,28 a 31,Secundario/Polimodal Completa y más,Menos de 2500 gramos,5
5528,26,1,2,40 a 44,32 a 36,Secundaria/Polimodal Incompleta,Menos de 2500 gramos,1
5529,22,1,2,Sin especificar,37 a 41,Sin especificar,2500 gramos y más,5
5530,2,1,1,40 a 44,37 a 41,Secundaria/Polimodal Incompleta,Menos de 2500 gramos,3
5531,2,1,2,35 a 39,32 a 36,Hasta Primaria/C.EGB Completa,2500 gramos y más,4
5532,30,1,1,35 a 39,28 a 31,Secundario/Polimodal Completa y más,2500 gramos y más,2
5533,38,1,2,25 a 29,32 a 36,Secundario/Polimodal Completa y más,Menos de 2500 gramos,17
5534,10,2,2,30 a 34,32 a 36,Hasta Primaria/C.EGB Completa,Menos de 2500 gramos,4
5535,6,2,2,30 a 34,32 a 36,Sin especificar,Menos de 2500 gramos,7
5536,54,1,2,35 a 39,37 a 41,Secundaria/Polimodal Incompleta,2500 gramos y más,123
5537,18,2,1,25 a 29,32 a 36,Sin especificar,Menos de 2500 gramos,2
5538,58,1,2,35 a 39,37 a 41,Secundaria/Polimodal Incompleta,2500 gramos y más,75
5539,22,1,2,40 a 44,32 a 36,Secundario/Polimodal Completa y más,2500 gramos y más,6
5540,82,2,2,15 a 19,37 a 41,Secundaria/Polimodal Incompleta,2500 gramos y más,1
5541,98,1,2,35 a 39,37 a 41,Hasta Primaria/C.EGB Completa,2500 gramos y más,1
5542,38,2,1,40 a 44,37 a 41,Secundario/Polimodal Completa y más,Menos de 2500 gramos,1
5543,66,2,1,20 a 24,37 a 41,Secundaria/Polimodal Incompleta,Menos de 2500 gramos,1
5544,58,2,1,30 a 34,37 a 41,Secundaria/Polimodal Incompleta,2500 gramos y más,1
5545,38,1,2,30 a 34,Menos de 22,Secundaria/Polimodal Incompleta,Menos de 2500 gramos,1
5546,38,1,1,30 a 34,37 a 41,Secundaria/Polimodal Incompleta,Menos de 2500 gramos,2
5547,86,9,1,20 a 24,37 a 41,Hasta Primaria/C.EGB Completa,2500 gramos y más,1
5548,82,1,2,20 a 24,24 a 27,Secundaria/Polimodal Incompleta,Menos de 2500 gramos,8
5549,2,1,2,20 a 24,37 a 41,Hasta Primaria/C.EGB Completa,Menos de 2500 gramos,8
5550,2,1,1,30 a 34,28 a 31,Hasta Primaria/C.EGB Completa,Menos de 2500 gramos,2
5551,54,2,2,25 a 29,32 a 36,Secundaria/Polimodal Incompleta,Menos de 2500 gramos,7
5552,6,1,2,35 a 39,37 a 41,Secundario/Polimodal Completa y más,2500 gramos y más,7637
5553,6,1,2,De 45 y más,32 a 36,Secundario/Polimodal Completa y más,2500 gramos y más,16
5554,18,1,1,Menor de 15,37 a 41,Secundaria/Polimodal Incompleta,2500 gramos y más,8
5555,18,2,2,30 a 34,37 a 41,Secundario/Polimodal Completa y más,Menos de 2500 gramos,8
5556,62,1,1,25 a 29,37 a 41,Secundaria/Polimodal Incompleta,2500 gramos y más,236
5557,42,1,1,30 a 34,Sin especificar,Secundaria/Polimodal Incompleta,2500 gramos y más,1
5558,74,1,1,40 a 44,37 a 41,Secundaria/Polimodal Incompleta,2500 gramos y más,12
5559,22,1,2,20 a 24,Sin especificar,Sin especificar,Sin especificar,1
5560,6,1,2,15 a 19,24 a 27,Secundaria/Polimodal Incompleta,Menos de 2500 gramos,16
5561,22,1,2,Menor de 15,32 a 36,Hasta Primaria/C.EGB Completa,2500 gramos y más,1
5562,18,2,1,30 a 34,37 a 41,Hasta Primaria/C.EGB Completa,2500 gramos y más,1
5563,30,1,1,40 a 44,32 a 36,Secundaria/Polimodal Incompleta,Menos de 2500 gramos,3
5564,98,1,2,15 a 19,37 a 41,Hasta Primaria/C.EGB Completa,2500 gramos y más,6
5565,30,1,1,20 a 24,37 a 41,Secundario/Polimodal Completa y más,2500 gramos y más,676
5566,42,1,2,35 a 39,37 a 41,Secundario/Polimodal Completa y más,2500 gramos y más,146
5567,26,1,1,15 a 19,37 a 41,Secundaria/Polimodal Incompleta,2500 gramos y más,96
5568,30,1,2,15 a 19,42 y más,Secundaria/Polimodal Incompleta,2500 gramos y más,1
5569,86,1,1,30 a 34,37 a 41,Secundaria/Polimodal Incompleta,2500 gramos y más,224
5570,22,1,9,15 a 19,37 a 41,Hasta Primaria/C.EGB Completa,Sin especificar,1
5571,6,9,1,35 a 39,28 a 31,Sin especificar,Menos de 2500 gramos,1
5572,14,2,1,20 a 24,37 a 41,Secundario/Polimodal Completa y más,2500 gramos y más,6
5573,82,1,1,35 a 39,Sin especificar,Secundario/Polimodal Completa y más,2500 gramos y más,5
5574,82,2,2,30 a 34,28 a 31,Secundario/Polimodal Completa y más,Menos de 2500 gramos,5
5575,86,1,2,25 a 29,32 a 36,Secundaria/Polimodal Incompleta,2500 gramos y más,17
5576,22,1,1,35 a 39,37 a 41,Secundaria/Polimodal Incompleta,2500 gramos y más,116
5577,34,1,2,25 a 29,32 a 36,Hasta Primaria/C.EGB Completa,Menos de 2500 gramos,6
5578,90,1,1,De 45 y más,32 a 36,Secundario/Polimodal Completa y más,Menos de 2500 gramos,1
5579,70,1,1,35 a 39,28 a 31,Secundario/Polimodal Completa y más,Menos de 2500 gramos,2
5580,50,1,2,30 a 34,32 a 36,Hasta Primaria/C.EGB Completa,2500 gramos y más,4
5581,14,1,1,25 a 29,28 a 31,Secundario/Polimodal Completa y más,Menos de 2500 gramos,20
5582,30,2,1,20 a 24,32 a 36,Secundaria/Polimodal Incompleta,2500 gramos y más,2
5583,50,2,1,15 a 19,28 a 31,Secundaria/Polimodal Incompleta,Menos de 2500 gramos,1
5584,30,1,1,20 a 24,28 a 31,Secundaria/Polimodal Incompleta,Menos de 2500 gramos,5
5585,14,1,1,25 a 29,24 a 27,Hasta Primaria/C.EGB Completa,Menos de 2500 gramos,1
5586,90,1,1,25 a 29,37 a 41,Secundaria/Polimodal Incompleta,2500 gramos y más,385
5587,99,1,1,20 a 24,32 a 36,Sin especificar,2500 gramos y más,1
5588,66,1,2,20 a 24,Sin especificar,Hasta Primaria/C.EGB Completa,2500 gramos y más,8
5589,10,1,2,30 a 34,32 a 36,Secundaria/Polimodal Incompleta,Menos de 2500 gramos,1
5590,30,2,1,15 a 19,32 a 36,Hasta Primaria/C.EGB Completa,Menos de 2500 gramos,2
5591,94,2,2,25 a 29,28 a 31,Secundario/Polimodal Completa y más,Menos de 2500 gramos,2
5592,70,2,1,30 a 34,32 a 36,Secundaria/Polimodal Incompleta,Menos de 2500 gramos,2
5593,46,1,1,15 a 19,32 a 36,Secundario/Polimodal Completa y más,Menos de 2500 gramos,2
5594,70,1,1,De 45 y más,37 a 41,Secundario/Polimodal Completa y más,2500 gramos y más,4
5595,6,1,1,40 a 44,32 a 36,Sin especificar,2500 gramos y más,20
5596,34,1,2,30 a 34,42 y más,Hasta Primaria/C.EGB Completa,2500 gramos y más,1
5597,62,2,2,20 a 24,37 a 41,Secundario/Polimodal Completa y más,Menos de 2500 gramos,2
5598,6,1,1,15 a 19,Sin especificar,Secundario/Polimodal Completa y más,2500 gramos y más,2
5599,2,9,1,25 a 29,37 a 41,Sin especificar,2500 gramos y más,121
5600,18,1,2,De 45 y más,37 a 41,Sin especificar,Menos de 2500 gramos,1
5601,30,2,2,25 a 29,32 a 36,Secundaria/Polimodal Incompleta,2500 gramos y más,2
5602,6,1,1,40 a 44,42 y más,Sin especificar,2500 gramos y más,1
5603,70,1,2,De 45 y más,32 a 36,Secundario/Polimodal Completa y más,Menos de 2500 gramos,2
5604,54,1,2,15 a 19,37 a 41,Sin especificar,2500 gramos y más,46
5605,2,2,1,25 a 29,32 a 36,Secundaria/Polimodal Incompleta,Menos de 2500 gramos,1
5606,6,1,1,40 a 44,37 a 41,Sin especificar,Menos de 2500 gramos,9
5607,99,1,2,30 a 34,37 a 41,Sin especificar,2500 gramos y más,9
5608,54,2,1,35 a 39,32 a 36,Hasta Primaria/C.EGB Completa,Menos de 2500 gramos,1
5609,54,1,1,35 a 39,32 a 36,Secundaria/Polimodal Incompleta,2500 gramos y más,8
5610,66,1,1,20 a 24,Sin especificar,Secundario/Polimodal Completa y más,Sin especificar,1
5611,30,2,2,25 a 29,28 a 31,Secundario/Polimodal Completa y más,Menos de 2500 gramos,2
5612,2,1,1,30 a 34,37 a 41,Sin especificar,2500 gramos y más,152
5613,74,1,1,40 a 44,37 a 41,Secundario/Polimodal Completa y más,2500 gramos y más,64
5614,66,2,2,15 a 19,37 a 41,Secundaria/Polimodal Incompleta,2500 gramos y más,3
5615,42,1,1,25 a 29,28 a 31,Secundaria/Polimodal Incompleta,Menos de 2500 gramos,1
5616,86,1,2,25 a 29,42 y más,Secundario/Polimodal Completa y más,2500 gramos y más,2
5617,46,1,1,15 a 19,37 a 41,Secundario/Polimodal Completa y más,Menos de 2500 gramos,1
5618,18,1,2,35 a 39,Sin especificar,Sin especificar,Menos de 2500 gramos,2
5619,14,2,1,20 a 24,37 a 41,Secundario/Polimodal Completa y más,Menos de 2500 gramos,1
5620,6,1,1,30 a 34,22 a 23,Secundario/Polimodal Completa y más,Menos de 2500 gramos,3
5621,18,1,2,25 a 29,37 a 41,Secundaria/Polimodal Incompleta,2500 gramos y más,314
5622,82,2,2,15 a 19,28 a 31,Secundaria/Polimodal Incompleta,Menos de 2500 gramos,4
5623,62,1,1,20 a 24,37 a 41,Secundario/Polimodal Completa y más,Sin especificar,1
5624,90,1,1,35 a 39,32 a 36,Secundaria/Polimodal Incompleta,Menos de 2500 gramos,3
5625,6,1,2,25 a 29,24 a 27,Secundario/Polimodal Completa y más,Sin especificar,3
5626,22,1,2,15 a 19,37 a 41,Secundaria/Polimodal Incompleta,2500 gramos y más,471
5627,6,1,2,20 a 24,42 y más,Hasta Primaria/C.EGB Completa,Menos de 2500 gramos,1
5628,90,1,1,15 a 19,42 y más,Secundaria/Polimodal Incompleta,2500 gramos y más,14
5629,66,2,1,25 a 29,37 a 41,Secundaria/Polimodal Incompleta,2500 gramos y más,4
5630,90,2,2,40 a 44,32 a 36,Secundario/Polimodal Completa y más,Menos de 2500 gramos,5
5631,54,1,2,20 a 24,37 a 41,Hasta Primaria/C.EGB Completa,Menos de 2500 gramos,17
5632,42,1,2,30 a 34,37 a 41,Secundaria/Polimodal Incompleta,Menos de 2500 gramos,2
5633,66,1,1,15 a 19,32 a 36,Secundaria/Polimodal Incompleta,2500 gramos y más,24
5634,78,1,1,15 a 19,24 a 27,Hasta Primaria/C.EGB Completa,Menos de 2500 gramos,1
5635,58,1,1,25 a 29,32 a 36,Secundario/Polimodal Completa y más,Menos de 2500 gramos,14
5636,54,1,1,35 a 39,32 a 36,Secundaria/Polimodal Incompleta,Menos de 2500 gramos,9
5637,90,1,1,25 a 29,28 a 31,Secundario/Polimodal Completa y más,Menos de 2500 gramos,12
5638,82,1,1,20 a 24,28 a 31,Hasta Primaria/C.EGB Completa,Menos de 2500 gramos,11
5639,90,1,1,15 a 19,37 a 41,Hasta Primaria/C.EGB Completa,Menos de 2500 gramos,6
5640,38,1,2,Menor de 15,37 a 41,Secundaria/Polimodal Incompleta,2500 gramos y más,12
5641,90,1,2,20 a 24,37 a 41,Hasta Primaria/C.EGB Completa,Sin especificar,2
5642,30,1,1,25 a 29,28 a 31,Secundaria/Polimodal Incompleta,Menos de 2500 gramos,1
5643,6,1,1,15 a 19,37 a 41,Hasta Primaria/C.EGB Completa,2500 gramos y más,866
5644,62,2,2,25 a 29,37 a 41,Secundaria/Polimodal Incompleta,Menos de 2500 gramos,2
5645,78,2,2,25 a 29,37 a 41,Hasta Primaria/C.EGB Completa,2500 gramos y más,1
5646,70,2,1,30 a 34,32 a 36,Hasta Primaria/C.EGB Completa,2500 gramos y más,1
5647,42,1,1,15 a 19,32 a 36,Secundaria/Polimodal Incompleta,2500 gramos y más,1
5648,34,1,1,25 a 29,24 a 27,Secundaria/Polimodal Incompleta,Menos de 2500 gramos,2
5649,14,1,2,40 a 44,32 a 36,Secundario/Polimodal Completa y más,Menos de 2500 gramos,21
5650,90,1,2,15 a 19,42 y más,Hasta Primaria/C.EGB Completa,2500 gramos y más,13
5651,2,1,2,30 a 34,32 a 36,Sin especificar,Menos de 2500 gramos,3
5652,34,2,2,35 a 39,32 a 36,Sin especificar,Menos de 2500 gramos,1
5653,26,2,2,25 a 29,32 a 36,Sin especificar,2500 gramos y más,1
5654,2,1,2,20 a 24,28 a 31,Secundario/Polimodal Completa y más,2500 gramos y más,1
5655,86,1,2,35 a 39,22 a 23,Secundario/Polimodal Completa y más,Menos de 2500 gramos,1
5656,30,1,1,30 a 34,Sin especificar,Hasta Primaria/C.EGB Completa,2500 gramos y más,1
5657,90,2,1,15 a 19,32 a 36,Hasta Primaria/C.EGB Completa,2500 gramos y más,2
5658,90,1,2,25 a 29,32 a 36,Hasta Primaria/C.EGB Completa,2500 gramos y más,41
5659,6,1,1,15 a 19,Sin especificar,Secundario/Polimodal Completa y más,Sin especificar,1
5660,10,2,2,30 a 34,32 a 36,Secundario/Polimodal Completa y más,2500 gramos y más,2
5661,82,2,1,30 a 34,28 a 31,Hasta Primaria/C.EGB Completa,Menos de 2500 gramos,2
5662,14,1,2,25 a 29,28 a 31,Secundario/Polimodal Completa y más,Menos de 2500 gramos,15
5663,34,1,2,20 a 24,37 a 41,Secundario/Polimodal Completa y más,2500 gramos y más,331
5664,58,1,1,De 45 y más,37 a 41,Hasta Primaria/C.EGB Completa,2500 gramos y más,1
5665,86,1,2,35 a 39,42 y más,Hasta Primaria/C.EGB Completa,2500 gramos y más,5
5666,22,1,1,15 a 19,42 y más,Secundaria/Polimodal Incompleta,2500 gramos y más,2
5667,62,2,1,35 a 39,32 a 36,Secundario/Polimodal Completa y más,Menos de 2500 gramos,2
5668,74,2,2,15 a 19,37 a 41,Secundario/Polimodal Completa y más,2500 gramos y más,2
5669,18,1,2,25 a 29,32 a 36,Secundario/Polimodal Completa y más,Menos de 2500 gramos,24
5670,66,1,2,30 a 34,32 a 36,Hasta Primaria/C.EGB Completa,2500 gramos y más,7
5671,6,2,1,35 a 39,Sin especificar,Secundario/Polimodal Completa y más,2500 gramos y más,1
5672,50,1,1,Menor de 15,32 a 36,Secundaria/Polimodal Incompleta,2500 gramos y más,1
5673,18,1,1,Menor de 15,32 a 36,Hasta Primaria/C.EGB Completa,Menos de 2500 gramos,1
5674,50,1,2,35 a 39,24 a 27,Secundario/Polimodal Completa y más,Menos de 2500 gramos,4
5675,6,1,1,40 a 44,32 a 36,Secundario/Polimodal Completa y más,Menos de 2500 gramos,113
5676,70,1,1,30 a 34,32 a 36,Hasta Primaria/C.EGB Completa,2500 gramos y más,4
5677,66,2,1,40 a 44,37 a 41,Hasta Primaria/C.EGB Completa,2500 gramos y más,1
5678,14,1,1,35 a 39,37 a 41,Secundaria/Polimodal Incompleta,2500 gramos y más,366
5679,74,1,1,40 a 44,37 a 41,Secundaria/Polimodal Incompleta,Menos de 2500 gramos,1
5680,14,2,1,20 a 24,32 a 36,Secundario/Polimodal Completa y más,Menos de 2500 gramos,13
5681,26,1,2,25 a 29,32 a 36,Secundario/Polimodal Completa y más,Menos de 2500 gramos,14
5682,46,1,2,20 a 24,32 a 36,Hasta Primaria/C.EGB Completa,Menos de 2500 gramos,1
5683,38,1,1,Menor de 15,37 a 41,Hasta Primaria/C.EGB Completa,2500 gramos y más,1
5684,34,1,1,40 a 44,32 a 36,Sin especificar,2500 gramos y más,7
5685,38,1,1,25 a 29,24 a 27,Hasta Primaria/C.EGB Completa,Sin especificar,1
5686,2,1,1,25 a 29,32 a 36,Hasta Primaria/C.EGB Completa,Menos de 2500 gramos,5
5687,46,1,1,15 a 19,32 a 36,Secundaria/Polimodal Incompleta,2500 gramos y más,5
5688,22,1,1,30 a 34,37 a 41,Sin especificar,2500 gramos y más,27
5689,82,1,1,15 a 19,42 y más,Hasta Primaria/C.EGB Completa,2500 gramos y más,3
5690,18,1,2,40 a 44,37 a 41,Sin especificar,Menos de 2500 gramos,3
5691,22,2,1,20 a 24,28 a 31,Secundario/Polimodal Completa y más,Menos de 2500 gramos,4
5692,62,2,2,35 a 39,37 a 41,Sin especificar,Menos de 2500 gramos,1
5693,6,1,1,35 a 39,42 y más,Secundario/Polimodal Completa y más,2500 gramos y más,12
5694,34,1,1,20 a 24,37 a 41,Hasta Primaria/C.EGB Completa,Menos de 2500 gramos,7
5695,2,1,1,25 a 29,32 a 36,Sin especificar,2500 gramos y más,4
5696,14,1,1,35 a 39,37 a 41,Secundaria/Polimodal Incompleta,Menos de 2500 gramos,8
5697,82,1,1,35 a 39,22 a 23,Secundario/Polimodal Completa y más,Menos de 2500 gramos,2
5698,62,1,1,35 a 39,32 a 36,Sin especificar,2500 gramos y más,2
5699,58,1,1,15 a 19,37 a 41,Secundario/Polimodal Completa y más,2500 gramos y más,41
5700,70,1,2,30 a 34,37 a 41,Secundaria/Polimodal Incompleta,Menos de 2500 gramos,3
5701,74,1,2,30 a 34,32 a 36,Sin especificar,Menos de 2500 gramos,3
5702,90,1,1,35 a 39,37 a 41,Secundaria/Polimodal Incompleta,Menos de 2500 gramos,3
5703,46,1,1,15 a 19,37 a 41,Hasta Primaria/C.EGB Completa,Menos de 2500 gramos,1
5704,86,1,1,35 a 39,28 a 31,Sin especificar,Menos de 2500 gramos,1
5705,18,1,2,30 a 34,42 y más,Sin especificar,2500 gramos y más,3
5706,14,2,1,20 a 24,32 a 36,Secundario/Polimodal Completa y más,2500 gramos y más,3
5707,18,1,2,25 a 29,37 a 41,Hasta Primaria/C.EGB Completa,Menos de 2500 gramos,1
5708,14,1,2,40 a 44,37 a 41,Hasta Primaria/C.EGB Completa,2500 gramos y más,105
5709,6,1,9,Sin especificar,37 a 41,Secundario/Polimodal Completa y más,2500 gramos y más,4
5710,6,2,1,25 a 29,28 a 31,Secundario/Polimodal Completa y más,Menos de 2500 gramos,19
5711,22,1,1,25 a 29,37 a 41,Hasta Primaria/C.EGB Completa,Menos de 2500 gramos,19
5712,6,1,2,25 a 29,32 a 36,Secundario/Polimodal Completa y más,Sin especificar,1
5713,2,9,1,25 a 29,37 a 41,Secundario/Polimodal Completa y más,Menos de 2500 gramos,1
5714,46,1,1,30 a 34,32 a 36,Hasta Primaria/C.EGB Completa,Menos de 2500 gramos,2
5715,82,2,1,30 a 34,37 a 41,Secundaria/Polimodal Incompleta,Menos de 2500 gramos,4
5716,54,1,2,40 a 44,32 a 36,Secundaria/Polimodal Incompleta,Menos de 2500 gramos,3
5717,54,1,2,15 a 19,42 y más,Secundario/Polimodal Completa y más,2500 gramos y más,1
5718,54,1,2,20 a 24,28 a 31,Hasta Primaria/C.EGB Completa,2500 gramos y más,1
5719,30,1,2,20 a 24,37 a 41,Hasta Primaria/C.EGB Completa,2500 gramos y más,314
5720,26,1,2,25 a 29,37 a 41,Secundaria/Polimodal Incompleta,2500 gramos y más,151
5721,90,1,1,25 a 29,37 a 41,Secundario/Polimodal Completa y más,2500 gramos y más,1429
5722,46,1,1,Menor de 15,37 a 41,Hasta Primaria/C.EGB Completa,2500 gramos y más,2
5723,34,1,2,15 a 19,32 a 36,Sin especificar,Menos de 2500 gramos,5
5724,82,2,1,35 a 39,28 a 31,Hasta Primaria/C.EGB Completa,Menos de 2500 gramos,4
5725,86,1,1,15 a 19,37 a 41,Secundaria/Polimodal Incompleta,Menos de 2500 gramos,6
5726,66,1,1,20 a 24,37 a 41,Secundario/Polimodal Completa y más,2500 gramos y más,1001
5727,26,1,2,30 a 34,37 a 41,Secundaria/Polimodal Incompleta,Menos de 2500 gramos,3
5728,90,1,2,30 a 34,Sin especificar,Secundario/Polimodal Completa y más,2500 gramos y más,6
5729,90,1,2,30 a 34,32 a 36,Secundario/Polimodal Completa y más,Menos de 2500 gramos,44
5730,2,1,1,De 45 y más,32 a 36,Secundaria/Polimodal Incompleta,Menos de 2500 gramos,1
5731,86,1,1,40 a 44,37 a 41,Secundario/Polimodal Completa y más,Menos de 2500 gramos,3
5732,10,1,2,25 a 29,37 a 41,Secundario/Polimodal Completa y más,2500 gramos y más,430
5733,50,1,2,40 a 44,32 a 36,Secundario/Polimodal Completa y más,2500 gramos y más,7
5734,38,2,2,35 a 39,32 a 36,Secundario/Polimodal Completa y más,Menos de 2500 gramos,4
5735,30,1,1,25 a 29,28 a 31,Hasta Primaria/C.EGB Completa,Menos de 2500 gramos,3
5736,70,1,1,15 a 19,32 a 36,Hasta Primaria/C.EGB Completa,Menos de 2500 gramos,3
5737,6,1,1,25 a 29,42 y más,Secundaria/Polimodal Incompleta,2500 gramos y más,19
5738,90,2,1,20 a 24,32 a 36,Hasta Primaria/C.EGB Completa,Menos de 2500 gramos,1
5739,14,1,2,30 a 34,42 y más,Secundario/Polimodal Completa y más,2500 gramos y más,5
5740,90,2,2,25 a 29,32 a 36,Secundaria/Polimodal Incompleta,Menos de 2500 gramos,1
5741,66,1,2,20 a 24,32 a 36,Secundaria/Polimodal Incompleta,2500 gramos y más,32
5742,90,1,2,30 a 34,42 y más,Sin especificar,2500 gramos y más,1
5743,34,2,1,35 a 39,37 a 41,Secundaria/Polimodal Incompleta,Menos de 2500 gramos,1
5744,10,1,1,25 a 29,37 a 41,Sin especificar,2500 gramos y más,5
5745,78,2,2,30 a 34,32 a 36,Secundario/Polimodal Completa y más,2500 gramos y más,1
5746,78,1,2,25 a 29,37 a 41,Secundario/Polimodal Completa y más,Menos de 2500 gramos,6
5747,54,1,2,15 a 19,37 a 41,Hasta Primaria/C.EGB Completa,Sin especificar,1
5748,6,1,2,15 a 19,28 a 31,Sin especificar,Menos de 2500 gramos,5
5749,2,1,1,15 a 19,37 a 41,Sin especificar,Menos de 2500 gramos,1
5750,26,2,2,30 a 34,32 a 36,Secundario/Polimodal Completa y más,Menos de 2500 gramos,8
5751,14,1,1,20 a 24,24 a 27,Secundario/Polimodal Completa y más,Menos de 2500 gramos,6
5752,6,2,1,40 a 44,28 a 31,Secundario/Polimodal Completa y más,Menos de 2500 gramos,10
5753,38,1,1,15 a 19,32 a 36,Secundario/Polimodal Completa y más,Menos de 2500 gramos,1
5754,54,1,2,20 a 24,37 a 41,Hasta Primaria/C.EGB Completa,2500 gramos y más,548
5755,46,2,2,30 a 34,32 a 36,Secundario/Polimodal Completa y más,Menos de 2500 gramos,4
5756,2,1,2,40 a 44,37 a 41,Sin especificar,2500 gramos y más,47
5757,42,2,1,35 a 39,32 a 36,Secundario/Polimodal Completa y más,Menos de 2500 gramos,2
5758,6,1,1,30 a 34,37 a 41,Hasta Primaria/C.EGB Completa,Sin especificar,3
5759,94,1,2,25 a 29,32 a 36,Secundaria/Polimodal Incompleta,Menos de 2500 gramos,1
5760,2,1,1,35 a 39,42 y más,Secundaria/Polimodal Incompleta,2500 gramos y más,1
5761,50,1,1,40 a 44,32 a 36,Hasta Primaria/C.EGB Completa,Menos de 2500 gramos,6
5762,54,1,2,25 a 29,42 y más,Secundario/Polimodal Completa y más,2500 gramos y más,4
5763,66,1,2,15 a 19,37 a 41,Secundaria/Polimodal Incompleta,2500 gramos y más,471
5764,22,2,1,15 a 19,28 a 31,Secundaria/Polimodal Incompleta,Menos de 2500 gramos,3
5765,62,1,1,30 a 34,32 a 36,Secundario/Polimodal Completa y más,2500 gramos y más,24
5766,6,1,9,20 a 24,37 a 41,Secundaria/Polimodal Incompleta,2500 gramos y más,18
5767,2,1,2,30 a 34,28 a 31,Sin especificar,Menos de 2500 gramos,1
5768,82,1,1,Menor de 15,32 a 36,Hasta Primaria/C.EGB Completa,2500 gramos y más,1
5769,74,1,1,20 a 24,32 a 36,Secundario/Polimodal Completa y más,Menos de 2500 gramos,14
5770,62,1,2,40 a 44,37 a 41,Sin especificar,2500 gramos y más,11
5771,22,1,2,35 a 39,37 a 41,Secundaria/Polimodal Incompleta,Menos de 2500 gramos,7
5772,70,1,1,30 a 34,Sin especificar,Sin especificar,Sin especificar,1
5773,18,2,2,20 a 24,37 a 41,Secundario/Polimodal Completa y más,Menos de 2500 gramos,1
5774,70,2,2,20 a 24,37 a 41,Secundaria/Polimodal Incompleta,Menos de 2500 gramos,1
5775,10,1,2,25 a 29,32 a 36,Secundario/Polimodal Completa y más,Menos de 2500 gramos,13
5776,90,1,1,35 a 39,42 y más,Hasta Primaria/C.EGB Completa,2500 gramos y más,12
5777,54,1,1,20 a 24,24 a 27,Secundaria/Polimodal Incompleta,Menos de 2500 gramos,1
5778,50,1,1,30 a 34,32 a 36,Hasta Primaria/C.EGB Completa,Menos de 2500 gramos,6
5779,2,1,1,20 a 24,37 a 41,Sin especificar,2500 gramos y más,58
5780,10,1,1,40 a 44,32 a 36,Secundaria/Polimodal Incompleta,2500 gramos y más,3
5781,10,1,2,25 a 29,32 a 36,Hasta Primaria/C.EGB Completa,Menos de 2500 gramos,1
5782,2,2,1,30 a 34,32 a 36,Secundaria/Polimodal Incompleta,Menos de 2500 gramos,5
5783,58,1,1,Menor de 15,32 a 36,Hasta Primaria/C.EGB Completa,2500 gramos y más,1
5784,14,1,2,25 a 29,32 a 36,Secundario/Polimodal Completa y más,2500 gramos y más,88
5785,90,1,1,30 a 34,32 a 36,Secundaria/Polimodal Incompleta,Menos de 2500 gramos,7
5786,82,1,1,25 a 29,32 a 36,Secundaria/Polimodal Incompleta,Menos de 2500 gramos,46
5787,90,1,1,25 a 29,32 a 36,Secundario/Polimodal Completa y más,Menos de 2500 gramos,49
5788,6,1,1,40 a 44,37 a 41,Hasta Primaria/C.EGB Completa,Menos de 2500 gramos,16
5789,30,1,2,35 a 39,37 a 41,Hasta Primaria/C.EGB Completa,2500 gramos y más,158
5790,90,2,2,40 a 44,32 a 36,Secundaria/Polimodal Incompleta,2500 gramos y más,1
5791,86,1,2,15 a 19,32 a 36,Secundaria/Polimodal Incompleta,Menos de 2500 gramos,1
5792,98,1,1,20 a 24,37 a 41,Hasta Primaria/C.EGB Completa,2500 gramos y más,2
5793,90,1,1,35 a 39,Sin especificar,Hasta Primaria/C.EGB Completa,2500 gramos y más,1
5794,86,1,2,40 a 44,37 a 41,Secundario/Polimodal Completa y más,2500 gramos y más,52
5795,6,2,1,20 a 24,Sin especificar,Hasta Primaria/C.EGB Completa,Sin especificar,1
5796,2,9,1,35 a 39,32 a 36,Sin especificar,2500 gramos y más,4
5797,54,1,1,15 a 19,28 a 31,Secundaria/Polimodal Incompleta,Menos de 2500 gramos,2
5798,6,1,2,20 a 24,37 a 41,Secundaria/Polimodal Incompleta,2500 gramos y más,4847
5799,34,1,2,20 a 24,37 a 41,Secundario/Polimodal Completa y más,Menos de 2500 gramos,11
5800,6,1,2,15 a 19,37 a 41,Hasta Primaria/C.EGB Completa,2500 gramos y más,740
5801,82,1,2,30 a 34,32 a 36,Secundaria/Polimodal Incompleta,2500 gramos y más,27
5802,18,1,2,30 a 34,22 a 23,Secundario/Polimodal Completa y más,Menos de 2500 gramos,2
5803,18,2,1,35 a 39,37 a 41,Sin especificar,2500 gramos y más,2
5804,6,1,1,35 a 39,32 a 36,Secundario/Polimodal Completa y más,Menos de 2500 gramos,345
5805,74,1,2,15 a 19,Sin especificar,Secundario/Polimodal Completa y más,2500 gramos y más,1
5806,74,2,2,30 a 34,32 a 36,Secundario/Polimodal Completa y más,Menos de 2500 gramos,4
5807,54,1,1,20 a 24,Sin especificar,Secundaria/Polimodal Incompleta,2500 gramos y más,4
5808,82,1,2,De 45 y más,32 a 36,Secundaria/Polimodal Incompleta,2500 gramos y más,1
5809,70,1,2,25 a 29,24 a 27,Secundaria/Polimodal Incompleta,Menos de 2500 gramos,1
5810,26,1,2,20 a 24,32 a 36,Hasta Primaria/C.EGB Completa,Menos de 2500 gramos,2
5811,6,2,2,20 a 24,28 a 31,Secundario/Polimodal Completa y más,Menos de 2500 gramos,2
5812,70,1,2,20 a 24,22 a 23,Secundaria/Polimodal Incompleta,Menos de 2500 gramos,1
5813,6,1,2,35 a 39,32 a 36,Secundaria/Polimodal Incompleta,Menos de 2500 gramos,57
5814,62,1,1,20 a 24,37 a 41,Secundario/Polimodal Completa y más,2500 gramos y más,369
5815,6,2,1,30 a 34,37 a 41,Sin especificar,Menos de 2500 gramos,2
5816,50,2,2,30 a 34,28 a 31,Secundario/Polimodal Completa y más,Menos de 2500 gramos,5
5817,90,1,2,15 a 19,42 y más,Secundaria/Polimodal Incompleta,2500 gramos y más,21
5818,86,1,1,20 a 24,28 a 31,Secundaria/Polimodal Incompleta,Menos de 2500 gramos,7
5819,22,1,1,40 a 44,42 y más,Secundaria/Polimodal Incompleta,2500 gramos y más,1
5820,2,9,1,35 a 39,32 a 36,Sin especificar,Menos de 2500 gramos,10
5821,58,2,1,35 a 39,24 a 27,Secundaria/Polimodal Incompleta,Menos de 2500 gramos,1
5822,42,1,2,30 a 34,37 a 41,Secundario/Polimodal Completa y más,2500 gramos y más,261
5823,50,1,2,15 a 19,32 a 36,Hasta Primaria/C.EGB Completa,Menos de 2500 gramos,2
5824,18,2,1,30 a 34,24 a 27,Sin especificar,Menos de 2500 gramos,1
5825,42,1,1,25 a 29,37 a 41,Hasta Primaria/C.EGB Completa,2500 gramos y más,42
5826,54,1,1,20 a 24,42 y más,Hasta Primaria/C.EGB Completa,2500 gramos y más,7
5827,54,1,2,35 a 39,37 a 41,Sin especificar,Menos de 2500 gramos,2
5828,34,1,1,20 a 24,37 a 41,Hasta Primaria/C.EGB Completa,2500 gramos y más,178
5829,6,1,2,30 a 34,42 y más,Sin especificar,2500 gramos y más,2
5830,34,1,1,15 a 19,24 a 27,Sin especificar,Menos de 2500 gramos,1
5831,54,1,1,Sin especificar,37 a 41,Sin especificar,Sin especificar,2
5832,22,1,1,15 a 19,24 a 27,Secundaria/Polimodal Incompleta,Menos de 2500 gramos,2
5833,86,1,2,25 a 29,32 a 36,Secundaria/Polimodal Incompleta,Menos de 2500 gramos,11
5834,22,1,1,20 a 24,24 a 27,Secundaria/Polimodal Incompleta,Menos de 2500 gramos,2
5835,82,1,1,35 a 39,24 a 27,Secundario/Polimodal Completa y más,Menos de 2500 gramos,2
5836,6,1,2,30 a 34,42 y más,Hasta Primaria/C.EGB Completa,Menos de 2500 gramos,1
5837,2,1,1,30 a 34,32 a 36,Hasta Primaria/C.EGB Completa,2500 gramos y más,7
5838,46,1,1,30 a 34,32 a 36,Hasta Primaria/C.EGB Completa,2500 gramos y más,2
5839,58,1,2,15 a 19,37 a 41,Secundaria/Polimodal Incompleta,Menos de 2500 gramos,1
5840,90,2,1,20 a 24,32 a 36,Secundario/Polimodal Completa y más,2500 gramos y más,10
5841,94,2,2,35 a 39,32 a 36,Secundario/Polimodal Completa y más,Menos de 2500 gramos,2
5842,99,9,1,20 a 24,37 a 41,Sin especificar,Menos de 2500 gramos,1
5843,54,1,1,15 a 19,37 a 41,Secundario/Polimodal Completa y más,Menos de 2500 gramos,7
5844,10,1,2,15 a 19,37 a 41,Secundario/Polimodal Completa y más,Menos de 2500 gramos,3
5845,54,2,2,25 a 29,32 a 36,Secundaria/Polimodal Incompleta,2500 gramos y más,1
5846,86,1,2,25 a 29,28 a 31,Secundario/Polimodal Completa y más,Menos de 2500 gramos,1
5847,2,1,2,35 a 39,37 a 41,Secundaria/Polimodal Incompleta,Menos de 2500 gramos,5
5848,18,1,1,40 a 44,28 a 31,Sin especificar,Menos de 2500 gramos,1
5849,34,1,2,35 a 39,24 a 27,Secundaria/Polimodal Incompleta,Menos de 2500 gramos,1
5850,30,1,2,35 a 39,32 a 36,Secundaria/Polimodal Incompleta,Menos de 2500 gramos,4
5851,66,2,2,35 a 39,32 a 36,Hasta Primaria/C.EGB Completa,Menos de 2500 gramos,2
5852,22,1,1,15 a 19,Sin especificar,Sin especificar,2500 gramos y más,1
5853,54,1,2,20 a 24,24 a 27,Secundaria/Polimodal Incompleta,Menos de 2500 gramos,2
5854,90,2,2,40 a 44,37 a 41,Secundario/Polimodal Completa y más,Menos de 2500 gramos,2
5855,66,1,1,35 a 39,22 a 23,Secundaria/Polimodal Incompleta,Menos de 2500 gramos,1
5856,58,1,2,40 a 44,37 a 41,Hasta Primaria/C.EGB Completa,Menos de 2500 gramos,1
5857,90,2,1,20 a 24,28 a 31,Hasta Primaria/C.EGB Completa,Menos de 2500 gramos,2
5858,62,1,1,35 a 39,32 a 36,Hasta Primaria/C.EGB Completa,2500 gramos y más,3
5859,6,1,2,15 a 19,37 a 41,Sin especificar,Menos de 2500 gramos,19
5860,90,1,2,Menor de 15,24 a 27,Secundaria/Polimodal Incompleta,Menos de 2500 gramos,1
5861,22,1,1,40 a 44,37 a 41,Hasta Primaria/C.EGB Completa,Sin especificar,1
5862,14,2,2,25 a 29,28 a 31,Secundaria/Polimodal Incompleta,Menos de 2500 gramos,1
5863,18,1,1,30 a 34,32 a 36,Secundaria/Polimodal Incompleta,Menos de 2500 gramos,7
5864,6,9,2,25 a 29,37 a 41,Sin especificar,2500 gramos y más,19
5865,6,1,2,15 a 19,37 a 41,Secundaria/Polimodal Incompleta,2500 gramos y más,3141
5866,6,1,1,Sin especificar,Sin especificar,Secundario/Polimodal Completa y más,2500 gramos y más,4
5867,2,2,2,20 a 24,37 a 41,Secundaria/Polimodal Incompleta,Menos de 2500 gramos,2
5868,74,1,1,15 a 19,37 a 41,Secundario/Polimodal Completa y más,Menos de 2500 gramos,1
5869,22,1,2,25 a 29,28 a 31,Secundario/Polimodal Completa y más,2500 gramos y más,3
5870,6,9,1,35 a 39,37 a 41,Secundaria/Polimodal Incompleta,2500 gramos y más,1
5871,86,2,1,20 a 24,37 a 41,Hasta Primaria/C.EGB Completa,2500 gramos y más,4
5872,66,1,2,20 a 24,42 y más,Secundario/Polimodal Completa y más,2500 gramos y más,1
5873,90,1,2,15 a 19,37 a 41,Sin especificar,2500 gramos y más,1
5874,54,1,2,30 a 34,32 a 36,Secundario/Polimodal Completa y más,Menos de 2500 gramos,29
5875,18,1,1,De 45 y más,32 a 36,Secundario/Polimodal Completa y más,Menos de 2500 gramos,1
5876,6,1,2,25 a 29,32 a 36,Sin especificar,Menos de 2500 gramos,63
5877,34,1,2,40 a 44,32 a 36,Sin especificar,Menos de 2500 gramos,3
5878,86,1,2,30 a 34,37 a 41,Secundario/Polimodal Completa y más,2500 gramos y más,326
5879,90,2,2,30 a 34,37 a 41,Secundaria/Polimodal Incompleta,Menos de 2500 gramos,1
5880,90,1,2,40 a 44,37 a 41,Sin especificar,2500 gramos y más,1
5881,78,1,2,30 a 34,37 a 41,Hasta Primaria/C.EGB Completa,2500 gramos y más,55
5882,82,1,2,35 a 39,37 a 41,Secundario/Polimodal Completa y más,Menos de 2500 gramos,58
5883,38,1,2,20 a 24,37 a 41,Secundaria/Polimodal Incompleta,2500 gramos y más,197
5884,90,1,1,25 a 29,24 a 27,Secundario/Polimodal Completa y más,Menos de 2500 gramos,8
5885,58,1,1,15 a 19,32 a 36,Secundaria/Polimodal Incompleta,2500 gramos y más,7
5886,99,1,9,40 a 44,37 a 41,Hasta Primaria/C.EGB Completa,2500 gramos y más,1
5887,6,1,2,15 a 19,37 a 41,Secundario/Polimodal Completa y más,Sin especificar,2
5888,66,1,1,Menor de 15,42 y más,Sin especificar,2500 gramos y más,1
5889,66,1,2,35 a 39,32 a 36,Secundario/Polimodal Completa y más,Menos de 2500 gramos,29
5890,2,9,1,30 a 34,32 a 36,Sin especificar,Menos de 2500 gramos,3
5891,62,1,2,30 a 34,32 a 36,Secundario/Polimodal Completa y más,Menos de 2500 gramos,15
5892,6,1,2,20 a 24,24 a 27,Hasta Primaria/C.EGB Completa,Menos de 2500 gramos,9
5893,90,2,1,30 a 34,37 a 41,Secundario/Polimodal Completa y más,2500 gramos y más,17
5894,62,2,2,20 a 24,37 a 41,Secundaria/Polimodal Incompleta,Menos de 2500 gramos,1
5895,18,1,2,25 a 29,28 a 31,Secundario/Polimodal Completa y más,Menos de 2500 gramos,9
5896,66,1,2,20 a 24,42 y más,Hasta Primaria/C.EGB Completa,2500 gramos y más,3
5897,46,1,1,20 a 24,37 a 41,Secundario/Polimodal Completa y más,Menos de 2500 gramos,6
5898,82,2,1,20 a 24,32 a 36,Secundaria/Polimodal Incompleta,Menos de 2500 gramos,8
5899,2,1,2,40 a 44,32 a 36,Secundaria/Polimodal Incompleta,Menos de 2500 gramos,3
5900,2,1,1,30 a 34,37 a 41,Secundaria/Polimodal Incompleta,Menos de 2500 gramos,3
5901,34,2,2,30 a 34,32 a 36,Hasta Primaria/C.EGB Completa,Menos de 2500 gramos,1
5902,90,1,2,30 a 34,Menos de 22,Secundario/Polimodal Completa y más,Menos de 2500 gramos,1
5903,90,1,1,15 a 19,37 a 41,Secundaria/Polimodal Incompleta,Menos de 2500 gramos,15
5904,58,1,1,20 a 24,24 a 27,Secundaria/Polimodal Incompleta,Menos de 2500 gramos,1
5905,22,1,2,30 a 34,Sin especificar,Sin especificar,Sin especificar,7
5906,50,1,1,40 a 44,32 a 36,Secundario/Polimodal Completa y más,Menos de 2500 gramos,11
5907,6,1,1,25 a 29,32 a 36,Sin especificar,2500 gramos y más,74
5908,14,1,2,25 a 29,Sin especificar,Sin especificar,Sin especificar,1
5909,6,1,2,Menor de 15,37 a 41,Hasta Primaria/C.EGB Completa,2500 gramos y más,16
5910,30,1,1,De 45 y más,37 a 41,Hasta Primaria/C.EGB Completa,2500 gramos y más,9
5911,22,1,9,15 a 19,37 a 41,Secundario/Polimodal Completa y más,Sin especificar,1
5912,50,1,2,25 a 29,24 a 27,Secundaria/Polimodal Incompleta,Menos de 2500 gramos,5
5913,10,1,1,35 a 39,37 a 41,Hasta Primaria/C.EGB Completa,2500 gramos y más,33
5914,6,1,1,30 a 34,24 a 27,Sin especificar,Menos de 2500 gramos,6
5915,46,1,1,35 a 39,32 a 36,Sin especificar,2500 gramos y más,1
5916,66,2,1,30 a 34,32 a 36,Sin especificar,2500 gramos y más,1
5917,30,1,1,30 a 34,32 a 36,Secundario/Polimodal Completa y más,Menos de 2500 gramos,22
5918,50,2,1,35 a 39,37 a 41,Secundaria/Polimodal Incompleta,Menos de 2500 gramos,1
5919,90,1,2,25 a 29,37 a 41,Secundaria/Polimodal Incompleta,Menos de 2500 gramos,17
5920,78,1,1,20 a 24,Sin especificar,Secundaria/Polimodal Incompleta,2500 gramos y más,1
5921,14,1,1,20 a 24,32 a 36,Secundario/Polimodal Completa y más,Menos de 2500 gramos,75
5922,34,1,2,40 a 44,24 a 27,Sin especificar,Menos de 2500 gramos,1
5923,58,2,1,25 a 29,28 a 31,Secundario/Polimodal Completa y más,Menos de 2500 gramos,2
5924,90,1,2,20 a 24,24 a 27,Hasta Primaria/C.EGB Completa,Menos de 2500 gramos,3
5925,6,1,1,30 a 34,28 a 31,Secundario/Polimodal Completa y más,2500 gramos y más,2
5926,82,2,1,20 a 24,37 a 41,Secundaria/Polimodal Incompleta,2500 gramos y más,6
5927,6,1,1,25 a 29,24 a 27,Secundario/Polimodal Completa y más,Menos de 2500 gramos,40
5928,86,1,1,20 a 24,37 a 41,Hasta Primaria/C.EGB Completa,Menos de 2500 gramos,18
5929,66,1,1,35 a 39,37 a 41,Hasta Primaria/C.EGB Completa,2500 gramos y más,179
5930,54,1,2,25 a 29,28 a 31,Secundaria/Polimodal Incompleta,Menos de 2500 gramos,4
5931,54,2,2,20 a 24,28 a 31,Hasta Primaria/C.EGB Completa,Menos de 2500 gramos,2
5932,50,1,1,20 a 24,28 a 31,Secundaria/Polimodal Incompleta,Menos de 2500 gramos,5
5933,74,1,2,40 a 44,32 a 36,Secundario/Polimodal Completa y más,Menos de 2500 gramos,2
5934,62,2,2,30 a 34,32 a 36,Secundario/Polimodal Completa y más,2500 gramos y más,1
5935,70,1,1,30 a 34,37 a 41,Hasta Primaria/C.EGB Completa,Menos de 2500 gramos,4
5936,6,1,2,40 a 44,28 a 31,Secundaria/Polimodal Incompleta,Sin especificar,1
5937,38,1,1,25 a 29,32 a 36,Secundario/Polimodal Completa y más,2500 gramos y más,26
5938,90,1,1,40 a 44,42 y más,Hasta Primaria/C.EGB Completa,2500 gramos y más,5
5939,50,1,1,25 a 29,24 a 27,Secundaria/Polimodal Incompleta,Menos de 2500 gramos,2
5940,38,1,2,20 a 24,37 a 41,Secundaria/Polimodal Incompleta,Menos de 2500 gramos,12
5941,6,1,1,35 a 39,37 a 41,Hasta Primaria/C.EGB Completa,Sin especificar,1
5942,62,2,1,30 a 34,37 a 41,Secundario/Polimodal Completa y más,2500 gramos y más,3
5943,2,1,2,30 a 34,32 a 36,Hasta Primaria/C.EGB Completa,Menos de 2500 gramos,12
5944,90,2,2,20 a 24,28 a 31,Secundaria/Polimodal Incompleta,Menos de 2500 gramos,5
5945,94,1,1,20 a 24,42 y más,Hasta Primaria/C.EGB Completa,2500 gramos y más,1
5946,26,1,1,25 a 29,32 a 36,Secundario/Polimodal Completa y más,Menos de 2500 gramos,17
5947,82,1,1,De 45 y más,28 a 31,Secundario/Polimodal Completa y más,Menos de 2500 gramos,2
5948,22,1,2,Menor de 15,32 a 36,Hasta Primaria/C.EGB Completa,Menos de 2500 gramos,2
5949,74,1,2,30 a 34,37 a 41,Secundaria/Polimodal Incompleta,Menos de 2500 gramos,4
5950,14,1,2,30 a 34,32 a 36,Secundario/Polimodal Completa y más,2500 gramos y más,115
5951,6,2,1,20 a 24,32 a 36,Hasta Primaria/C.EGB Completa,Menos de 2500 gramos,13
5952,99,1,1,35 a 39,37 a 41,Secundario/Polimodal Completa y más,2500 gramos y más,3
5953,90,2,1,30 a 34,37 a 41,Secundario/Polimodal Completa y más,Menos de 2500 gramos,2
5954,62,1,2,35 a 39,32 a 36,Hasta Primaria/C.EGB Completa,Menos de 2500 gramos,2
5955,46,1,1,20 a 24,37 a 41,Secundario/Polimodal Completa y más,2500 gramos y más,270
5956,50,1,2,35 a 39,37 a 41,Hasta Primaria/C.EGB Completa,2500 gramos y más,144
5957,46,1,1,30 a 34,32 a 36,Secundario/Polimodal Completa y más,2500 gramos y más,17
5958,6,2,2,20 a 24,32 a 36,Secundario/Polimodal Completa y más,2500 gramos y más,13
5959,14,1,1,Sin especificar,37 a 41,Secundaria/Polimodal Incompleta,Menos de 2500 gramos,1
5960,58,1,1,20 a 24,42 y más,Secundario/Polimodal Completa y más,2500 gramos y más,1
5961,74,1,2,15 a 19,28 a 31,Secundaria/Polimodal Incompleta,Menos de 2500 gramos,1
5962,6,1,2,30 a 34,Sin especificar,Hasta Primaria/C.EGB Completa,Sin especificar,1
5963,22,1,1,25 a 29,32 a 36,Hasta Primaria/C.EGB Completa,2500 gramos y más,17
5964,14,1,2,15 a 19,37 a 41,Secundario/Polimodal Completa y más,Menos de 2500 gramos,8
5965,90,1,1,40 a 44,37 a 41,Sin especificar,2500 gramos y más,3
5966,62,1,2,35 a 39,28 a 31,Secundaria/Polimodal Incompleta,Menos de 2500 gramos,1
5967,6,1,1,30 a 34,24 a 27,Secundario/Polimodal Completa y más,Menos de 2500 gramos,30
5968,2,2,1,35 a 39,32 a 36,Secundaria/Polimodal Incompleta,Menos de 2500 gramos,4
5969,38,1,2,De 45 y más,37 a 41,Secundario/Polimodal Completa y más,2500 gramos y más,6
5970,86,1,2,Sin especificar,37 a 41,Sin especificar,2500 gramos y más,1
5971,2,2,1,25 a 29,37 a 41,Sin especificar,2500 gramos y más,1
5972,6,1,1,25 a 29,28 a 31,Secundario/Polimodal Completa y más,Sin especificar,2
5973,6,1,9,35 a 39,37 a 41,Secundario/Polimodal Completa y más,2500 gramos y más,25
5974,2,1,2,30 a 34,32 a 36,Sin especificar,2500 gramos y más,2
5975,54,1,1,40 a 44,37 a 41,Sin especificar,2500 gramos y más,11
5976,10,1,1,30 a 34,32 a 36,Secundaria/Polimodal Incompleta,Menos de 2500 gramos,3
5977,50,1,1,35 a 39,32 a 36,Hasta Primaria/C.EGB Completa,2500 gramos y más,13
5978,6,1,9,15 a 19,37 a 41,Sin especificar,2500 gramos y más,1
5979,62,1,2,25 a 29,28 a 31,Secundaria/Polimodal Incompleta,Menos de 2500 gramos,3
5980,22,1,1,15 a 19,28 a 31,Secundaria/Polimodal Incompleta,2500 gramos y más,1
5981,99,1,2,35 a 39,32 a 36,Secundario/Polimodal Completa y más,2500 gramos y más,2
5982,90,1,1,30 a 34,Sin especificar,Secundaria/Polimodal Incompleta,2500 gramos y más,1
5983,82,1,2,25 a 29,32 a 36,Hasta Primaria/C.EGB Completa,Menos de 2500 gramos,35
5984,14,1,1,25 a 29,28 a 31,Secundario/Polimodal Completa y más,2500 gramos y más,2
5985,82,1,1,40 a 44,37 a 41,Secundaria/Polimodal Incompleta,2500 gramos y más,79
5986,6,1,9,25 a 29,37 a 41,Secundario/Polimodal Completa y más,2500 gramos y más,37
5987,46,2,2,35 a 39,32 a 36,Hasta Primaria/C.EGB Completa,2500 gramos y más,1
5988,54,1,2,40 a 44,32 a 36,Sin especificar,2500 gramos y más,1
5989,6,2,1,30 a 34,37 a 41,Secundaria/Polimodal Incompleta,Menos de 2500 gramos,8
5990,46,1,2,20 a 24,32 a 36,Secundario/Polimodal Completa y más,2500 gramos y más,10
5991,18,1,2,20 a 24,37 a 41,Secundario/Polimodal Completa y más,2500 gramos y más,560
5992,86,1,1,20 a 24,22 a 23,Hasta Primaria/C.EGB Completa,Menos de 2500 gramos,1
5993,58,1,1,15 a 19,32 a 36,Secundario/Polimodal Completa y más,Menos de 2500 gramos,2
5994,54,2,1,20 a 24,37 a 41,Hasta Primaria/C.EGB Completa,Menos de 2500 gramos,2
5995,50,1,2,15 a 19,37 a 41,Secundaria/Polimodal Incompleta,Menos de 2500 gramos,22
5996,6,1,1,25 a 29,32 a 36,Hasta Primaria/C.EGB Completa,Menos de 2500 gramos,74
5997,54,2,2,25 a 29,37 a 41,Secundario/Polimodal Completa y más,Menos de 2500 gramos,4
5998,22,1,1,25 a 29,32 a 36,Secundario/Polimodal Completa y más,2500 gramos y más,46
5999,66,1,2,35 a 39,37 a 41,Secundario/Polimodal Completa y más,2500 gramos y más,618
6000,58,1,2,30 a 34,32 a 36,Hasta Primaria/C.EGB Completa,Menos de 2500 gramos,4
6001,30,2,1,25 a 29,32 a 36,Hasta Primaria/C.EGB Completa,2500 gramos y más,2
6002,22,1,1,20 a 24,32 a 36,Secundario/Polimodal Completa y más,Menos de 2500 gramos,32
6003,14,1,2,15 a 19,37 a 41,Secundaria/Polimodal Incompleta,2500 gramos y más,966
6004,34,2,2,40 a 44,32 a 36,Secundario/Polimodal Completa y más,Menos de 2500 gramos,1
6005,6,2,1,Sin especificar,37 a 41,Secundaria/Polimodal Incompleta,Menos de 2500 gramos,1
6006,70,2,2,20 a 24,28 a 31,Secundaria/Polimodal Incompleta,Menos de 2500 gramos,2
6007,90,1,2,15 a 19,Menos de 22,Secundaria/Polimodal Incompleta,Menos de 2500 gramos,1
6008,6,1,1,40 a 44,37 a 41,Secundario/Polimodal Completa y más,Sin especificar,1
6009,70,2,2,30 a 34,37 a 41,Secundario/Polimodal Completa y más,2500 gramos y más,1
6010,62,2,1,30 a 34,37 a 41,Sin especificar,2500 gramos y más,1
6011,6,1,2,20 a 24,37 a 41,Secundario/Polimodal Completa y más,2500 gramos y más,7187
6012,86,1,1,35 a 39,37 a 41,Secundaria/Polimodal Incompleta,Menos de 2500 gramos,8
6013,82,1,1,De 45 y más,37 a 41,Sin especificar,2500 gramos y más,1
6014,30,2,2,30 a 34,37 a 41,Secundario/Polimodal Completa y más,Menos de 2500 gramos,6
6015,2,9,2,15 a 19,37 a 41,Sin especificar,2500 gramos y más,16
6016,54,1,1,25 a 29,37 a 41,Secundaria/Polimodal Incompleta,2500 gramos y más,511
6017,26,1,2,30 a 34,37 a 41,Secundario/Polimodal Completa y más,Menos de 2500 gramos,6
6018,30,1,1,15 a 19,28 a 31,Hasta Primaria/C.EGB Completa,2500 gramos y más,1
6019,26,1,1,30 a 34,32 a 36,Secundaria/Polimodal Incompleta,2500 gramos y más,6
6020,70,2,1,20 a 24,37 a 41,Secundario/Polimodal Completa y más,2500 gramos y más,1
6021,6,1,2,De 45 y más,37 a 41,Secundario/Polimodal Completa y más,Menos de 2500 gramos,12
6022,2,2,1,De 45 y más,24 a 27,Secundario/Polimodal Completa y más,Menos de 2500 gramos,2
6023,46,2,2,20 a 24,37 a 41,Secundario/Polimodal Completa y más,2500 gramos y más,3
6024,54,1,2,20 a 24,37 a 41,Secundario/Polimodal Completa y más,2500 gramos y más,753
6025,6,1,1,20 a 24,24 a 27,Secundaria/Polimodal Incompleta,Menos de 2500 gramos,16
6026,2,9,2,30 a 34,37 a 41,Secundario/Polimodal Completa y más,2500 gramos y más,1
6027,66,2,1,25 a 29,37 a 41,Secundaria/Polimodal Incompleta,Menos de 2500 gramos,2
6028,90,1,2,20 a 24,Sin especificar,Secundaria/Polimodal Incompleta,2500 gramos y más,7
6029,50,1,1,40 a 44,37 a 41,Hasta Primaria/C.EGB Completa,2500 gramos y más,54
6030,54,2,1,35 a 39,32 a 36,Secundaria/Polimodal Incompleta,Menos de 2500 gramos,2
6031,14,1,2,30 a 34,32 a 36,Hasta Primaria/C.EGB Completa,Menos de 2500 gramos,20
6032,46,1,2,25 a 29,37 a 41,Secundario/Polimodal Completa y más,2500 gramos y más,387
6033,42,1,2,25 a 29,22 a 23,Secundario/Polimodal Completa y más,Menos de 2500 gramos,1
6034,26,1,1,20 a 24,32 a 36,Secundario/Polimodal Completa y más,2500 gramos y más,18
6035,6,1,9,Menor de 15,37 a 41,Secundaria/Polimodal Incompleta,2500 gramos y más,1
6036,74,1,2,20 a 24,28 a 31,Secundario/Polimodal Completa y más,Menos de 2500 gramos,4
6037,14,2,1,35 a 39,37 a 41,Secundario/Polimodal Completa y más,2500 gramos y más,33
6038,70,1,2,40 a 44,32 a 36,Secundaria/Polimodal Incompleta,Menos de 2500 gramos,1
6039,54,1,1,35 a 39,37 a 41,Secundaria/Polimodal Incompleta,Menos de 2500 gramos,6
6040,6,1,1,35 a 39,22 a 23,Secundario/Polimodal Completa y más,Menos de 2500 gramos,4
6041,66,1,2,15 a 19,37 a 41,Sin especificar,2500 gramos y más,5
6042,82,2,2,40 a 44,32 a 36,Secundario/Polimodal Completa y más,Menos de 2500 gramos,14
6043,14,1,1,De 45 y más,37 a 41,Hasta Primaria/C.EGB Completa,2500 gramos y más,4
6044,18,1,2,Menor de 15,37 a 41,Hasta Primaria/C.EGB Completa,2500 gramos y más,5
6045,74,1,1,20 a 24,32 a 36,Hasta Primaria/C.EGB Completa,Menos de 2500 gramos,1
6046,2,9,1,25 a 29,32 a 36,Secundario/Polimodal Completa y más,Menos de 2500 gramos,1
6047,6,1,1,20 a 24,Sin especificar,Sin especificar,2500 gramos y más,5
6048,58,1,2,30 a 34,24 a 27,Secundaria/Polimodal Incompleta,Menos de 2500 gramos,2
6049,26,1,2,30 a 34,37 a 41,Sin especificar,2500 gramos y más,57
6050,50,1,1,40 a 44,37 a 41,Secundario/Polimodal Completa y más,2500 gramos y más,254
6051,26,2,1,40 a 44,32 a 36,Secundario/Polimodal Completa y más,2500 gramos y más,1
6052,90,1,1,30 a 34,37 a 41,Secundario/Polimodal Completa y más,Menos de 2500 gramos,31
6053,90,1,2,30 a 34,42 y más,Secundaria/Polimodal Incompleta,2500 gramos y más,8
6054,18,2,1,35 a 39,32 a 36,Secundario/Polimodal Completa y más,Menos de 2500 gramos,1
6055,50,1,1,25 a 29,32 a 36,Hasta Primaria/C.EGB Completa,2500 gramos y más,8
6056,6,1,2,30 a 34,32 a 36,Secundario/Polimodal Completa y más,Menos de 2500 gramos,407
6057,94,1,2,40 a 44,37 a 41,Hasta Primaria/C.EGB Completa,2500 gramos y más,1
6058,6,1,1,35 a 39,32 a 36,Secundario/Polimodal Completa y más,2500 gramos y más,377
6059,99,1,1,25 a 29,37 a 41,Secundaria/Polimodal Incompleta,Menos de 2500 gramos,1
6060,54,1,1,Menor de 15,32 a 36,Secundaria/Polimodal Incompleta,Menos de 2500 gramos,1
6061,2,1,1,40 a 44,42 y más,Secundario/Polimodal Completa y más,2500 gramos y más,3
6062,66,1,2,35 a 39,32 a 36,Secundaria/Polimodal Incompleta,2500 gramos y más,10
6063,82,1,2,25 a 29,37 a 41,Secundaria/Polimodal Incompleta,Menos de 2500 gramos,39
6064,70,1,1,De 45 y más,32 a 36,Secundario/Polimodal Completa y más,2500 gramos y más,1
6065,74,1,2,25 a 29,32 a 36,Secundaria/Polimodal Incompleta,2500 gramos y más,10
6066,50,1,1,35 a 39,37 a 41,Hasta Primaria/C.EGB Completa,Menos de 2500 gramos,5
6067,6,1,1,30 a 34,32 a 36,Secundario/Polimodal Completa y más,Sin especificar,1
6068,6,1,2,25 a 29,37 a 41,Hasta Primaria/C.EGB Completa,2500 gramos y más,2196
6069,62,1,2,30 a 34,28 a 31,Secundario/Polimodal Completa y más,Menos de 2500 gramos,2
6070,14,2,2,30 a 34,37 a 41,Secundaria/Polimodal Incompleta,2500 gramos y más,3
6071,6,1,2,25 a 29,32 a 36,Secundaria/Polimodal Incompleta,2500 gramos y más,131
6072,18,1,1,35 a 39,28 a 31,Sin especificar,Menos de 2500 gramos,2
6073,70,1,1,35 a 39,32 a 36,Hasta Primaria/C.EGB Completa,Menos de 2500 gramos,4
6074,14,1,1,30 a 34,37 a 41,Hasta Primaria/C.EGB Completa,Menos de 2500 gramos,13
6075,99,1,9,25 a 29,Sin especificar,Secundario/Polimodal Completa y más,Sin especificar,1
6076,30,2,2,De 45 y más,28 a 31,Secundario/Polimodal Completa y más,Menos de 2500 gramos,2
6077,22,2,1,20 a 24,37 a 41,Hasta Primaria/C.EGB Completa,Menos de 2500 gramos,1
6078,50,1,1,40 a 44,37 a 41,Hasta Primaria/C.EGB Completa,Menos de 2500 gramos,2
6079,58,1,1,40 a 44,24 a 27,Secundario/Polimodal Completa y más,Menos de 2500 gramos,1
6080,26,1,1,20 a 24,42 y más,Sin especificar,2500 gramos y más,1
6081,86,2,2,25 a 29,32 a 36,Hasta Primaria/C.EGB Completa,Menos de 2500 gramos,5
6082,54,1,2,25 a 29,24 a 27,Hasta Primaria/C.EGB Completa,Menos de 2500 gramos,1
6083,90,1,2,20 a 24,22 a 23,Secundaria/Polimodal Incompleta,Menos de 2500 gramos,2
6084,62,1,1,20 a 24,42 y más,Sin especificar,2500 gramos y más,2
6085,99,9,2,30 a 34,Sin especificar,Sin especificar,Sin especificar,6
6086,14,1,1,15 a 19,32 a 36,Hasta Primaria/C.EGB Completa,2500 gramos y más,4
6087,66,2,2,25 a 29,32 a 36,Hasta Primaria/C.EGB Completa,Menos de 2500 gramos,4
6088,62,1,1,30 a 34,37 a 41,Secundario/Polimodal Completa y más,Sin especificar,2
6089,22,1,1,35 a 39,32 a 36,Secundario/Polimodal Completa y más,Menos de 2500 gramos,26
6090,22,1,1,20 a 24,37 a 41,Secundario/Polimodal Completa y más,Sin especificar,5
6091,26,1,1,20 a 24,37 a 41,Hasta Primaria/C.EGB Completa,2500 gramos y más,32
6092,78,1,1,35 a 39,32 a 36,Secundario/Polimodal Completa y más,2500 gramos y más,6
6093,82,1,2,20 a 24,37 a 41,Secundario/Polimodal Completa y más,Menos de 2500 gramos,56
6094,38,1,2,35 a 39,37 a 41,Secundaria/Polimodal Incompleta,2500 gramos y más,68
6095,38,2,2,20 a 24,37 a 41,Secundaria/Polimodal Incompleta,2500 gramos y más,1
6096,22,1,2,30 a 34,32 a 36,Sin especificar,Menos de 2500 gramos,4
6097,70,2,1,30 a 34,28 a 31,Hasta Primaria/C.EGB Completa,Menos de 2500 gramos,2
6098,62,1,1,15 a 19,32 a 36,Hasta Primaria/C.EGB Completa,2500 gramos y más,2
6099,22,1,1,25 a 29,32 a 36,Secundario/Polimodal Completa y más,Sin especificar,1
6100,66,1,2,35 a 39,37 a 41,Hasta Primaria/C.EGB Completa,2500 gramos y más,193
6101,66,2,1,20 a 24,37 a 41,Hasta Primaria/C.EGB Completa,2500 gramos y más,1
6102,82,1,2,35 a 39,28 a 31,Hasta Primaria/C.EGB Completa,Menos de 2500 gramos,4
6103,22,1,1,20 a 24,Sin especificar,Sin especificar,Sin especificar,3
6104,90,1,2,20 a 24,24 a 27,Secundaria/Polimodal Incompleta,Menos de 2500 gramos,2
6105,94,1,1,35 a 39,37 a 41,Hasta Primaria/C.EGB Completa,2500 gramos y más,7
6106,58,1,1,30 a 34,22 a 23,Secundaria/Polimodal Incompleta,Menos de 2500 gramos,1
6107,94,1,1,20 a 24,37 a 41,Secundaria/Polimodal Incompleta,2500 gramos y más,30
6108,6,1,1,30 a 34,32 a 36,Secundario/Polimodal Completa y más,Menos de 2500 gramos,390
6109,30,2,2,30 a 34,32 a 36,Secundario/Polimodal Completa y más,Menos de 2500 gramos,18
6110,58,1,1,20 a 24,Sin especificar,Secundaria/Polimodal Incompleta,2500 gramos y más,2
6111,62,1,2,40 a 44,37 a 41,Hasta Primaria/C.EGB Completa,2500 gramos y más,17
6112,6,1,2,30 a 34,37 a 41,Secundario/Polimodal Completa y más,2500 gramos y más,10766
6113,90,1,1,20 a 24,Sin especificar,Secundaria/Polimodal Incompleta,2500 gramos y más,5
6114,6,1,1,40 a 44,28 a 31,Hasta Primaria/C.EGB Completa,Menos de 2500 gramos,7
6115,54,2,1,40 a 44,37 a 41,Hasta Primaria/C.EGB Completa,Menos de 2500 gramos,1
6116,34,2,1,25 a 29,37 a 41,Secundaria/Polimodal Incompleta,2500 gramos y más,1
6117,66,1,2,20 a 24,22 a 23,Hasta Primaria/C.EGB Completa,Menos de 2500 gramos,1
6118,66,1,1,20 a 24,28 a 31,Hasta Primaria/C.EGB Completa,Menos de 2500 gramos,1
6119,14,2,1,30 a 34,32 a 36,Hasta Primaria/C.EGB Completa,2500 gramos y más,2
6120,62,1,2,30 a 34,32 a 36,Secundario/Polimodal Completa y más,2500 gramos y más,22
6121,6,1,2,35 a 39,37 a 41,Sin especificar,2500 gramos y más,972
6122,10,1,2,30 a 34,37 a 41,Secundaria/Polimodal Incompleta,2500 gramos y más,48
6123,99,1,1,15 a 19,37 a 41,Hasta Primaria/C.EGB Completa,2500 gramos y más,1
6124,90,1,2,40 a 44,32 a 36,Secundaria/Polimodal Incompleta,Menos de 2500 gramos,2
6125,26,2,1,25 a 29,37 a 41,Secundaria/Polimodal Incompleta,2500 gramos y más,1
6126,10,1,1,15 a 19,28 a 31,Secundario/Polimodal Completa y más,Menos de 2500 gramos,1
6127,2,2,2,De 45 y más,24 a 27,Secundario/Polimodal Completa y más,Menos de 2500 gramos,1
6128,99,9,1,35 a 39,37 a 41,Sin especificar,2500 gramos y más,98
6129,94,1,1,40 a 44,37 a 41,Secundaria/Polimodal Incompleta,2500 gramos y más,6
6130,86,2,1,20 a 24,32 a 36,Hasta Primaria/C.EGB Completa,Menos de 2500 gramos,1
6131,62,2,2,25 a 29,37 a 41,Secundaria/Polimodal Incompleta,2500 gramos y más,3
6132,30,2,1,30 a 34,32 a 36,Secundario/Polimodal Completa y más,Menos de 2500 gramos,16
6133,50,2,1,40 a 44,37 a 41,Hasta Primaria/C.EGB Completa,2500 gramos y más,2
6134,14,1,2,25 a 29,42 y más,Secundario/Polimodal Completa y más,2500 gramos y más,5
6135,90,1,2,25 a 29,28 a 31,Secundaria/Polimodal Incompleta,Menos de 2500 gramos,2
6136,54,1,1,30 a 34,42 y más,Hasta Primaria/C.EGB Completa,2500 gramos y más,5
6137,6,2,1,20 a 24,28 a 31,Secundaria/Polimodal Incompleta,Menos de 2500 gramos,6
6138,6,1,1,15 a 19,37 a 41,Hasta Primaria/C.EGB Completa,Menos de 2500 gramos,32
6139,50,1,2,35 a 39,37 a 41,Hasta Primaria/C.EGB Completa,Menos de 2500 gramos,7
6140,6,1,1,35 a 39,28 a 31,Secundario/Polimodal Completa y más,2500 gramos y más,4
6141,34,2,2,35 a 39,37 a 41,Secundario/Polimodal Completa y más,Menos de 2500 gramos,1
6142,86,2,2,30 a 34,28 a 31,Secundario/Polimodal Completa y más,2500 gramos y más,1
6143,50,1,1,De 45 y más,37 a 41,Sin especificar,2500 gramos y más,1
6144,2,1,2,40 a 44,24 a 27,Secundario/Polimodal Completa y más,Menos de 2500 gramos,4
6145,82,1,1,40 a 44,37 a 41,Sin especificar,Menos de 2500 gramos,1
6146,90,1,1,35 a 39,42 y más,Sin especificar,2500 gramos y más,1
6147,18,2,2,35 a 39,32 a 36,Secundaria/Polimodal Incompleta,Menos de 2500 gramos,2
6148,14,1,1,15 a 19,37 a 41,Hasta Primaria/C.EGB Completa,Menos de 2500 gramos,6
6149,78,1,1,25 a 29,32 a 36,Secundaria/Polimodal Incompleta,2500 gramos y más,3
6150,2,1,1,30 a 34,32 a 36,Secundaria/Polimodal Incompleta,Menos de 2500 gramos,9
6151,70,1,1,25 a 29,32 a 36,Secundario/Polimodal Completa y más,Menos de 2500 gramos,18
6152,22,1,1,40 a 44,37 a 41,Secundario/Polimodal Completa y más,2500 gramos y más,118
6153,78,1,1,40 a 44,37 a 41,Secundario/Polimodal Completa y más,2500 gramos y más,41
6154,54,1,1,40 a 44,37 a 41,Sin especificar,Menos de 2500 gramos,1
6155,6,1,9,25 a 29,37 a 41,Secundario/Polimodal Completa y más,Menos de 2500 gramos,2
6156,22,1,2,35 a 39,42 y más,Secundario/Polimodal Completa y más,2500 gramos y más,2
6157,14,2,2,25 a 29,32 a 36,Secundario/Polimodal Completa y más,2500 gramos y más,4
6158,94,1,1,25 a 29,24 a 27,Secundario/Polimodal Completa y más,Menos de 2500 gramos,1
6159,22,1,2,25 a 29,32 a 36,Secundario/Polimodal Completa y más,2500 gramos y más,42
6160,2,2,1,30 a 34,37 a 41,Secundario/Polimodal Completa y más,Menos de 2500 gramos,5
6161,6,1,1,25 a 29,37 a 41,Hasta Primaria/C.EGB Completa,Sin especificar,6
6162,38,1,2,20 a 24,32 a 36,Secundario/Polimodal Completa y más,Menos de 2500 gramos,9
6163,6,1,1,20 a 24,22 a 23,Hasta Primaria/C.EGB Completa,Menos de 2500 gramos,1
6164,86,1,1,35 a 39,37 a 41,Hasta Primaria/C.EGB Completa,2500 gramos y más,252
6165,10,1,2,25 a 29,37 a 41,Hasta Primaria/C.EGB Completa,Menos de 2500 gramos,6
6166,38,1,1,40 a 44,32 a 36,Secundario/Polimodal Completa y más,2500 gramos y más,9
6167,10,2,2,25 a 29,28 a 31,Secundaria/Polimodal Incompleta,Menos de 2500 gramos,1
6168,26,2,1,25 a 29,37 a 41,Sin especificar,2500 gramos y más,2
6169,66,1,1,35 a 39,32 a 36,Sin especificar,2500 gramos y más,1
6170,26,1,1,35 a 39,37 a 41,Secundaria/Polimodal Incompleta,2500 gramos y más,54
6171,10,1,1,20 a 24,24 a 27,Secundario/Polimodal Completa y más,Menos de 2500 gramos,2
6172,74,1,1,Menor de 15,32 a 36,Secundaria/Polimodal Incompleta,2500 gramos y más,1
6173,34,1,2,30 a 34,32 a 36,Hasta Primaria/C.EGB Completa,Menos de 2500 gramos,2
6174,38,1,1,15 a 19,37 a 41,Secundaria/Polimodal Incompleta,2500 gramos y más,163
6175,2,1,2,40 a 44,37 a 41,Secundario/Polimodal Completa y más,Menos de 2500 gramos,20
6176,99,9,2,De 45 y más,32 a 36,Sin especificar,Menos de 2500 gramos,2
6177,38,1,2,De 45 y más,37 a 41,Secundario/Polimodal Completa y más,Menos de 2500 gramos,1
6178,78,1,2,30 a 34,24 a 27,Hasta Primaria/C.EGB Completa,Menos de 2500 gramos,1
6179,22,1,2,25 a 29,42 y más,Secundario/Polimodal Completa y más,2500 gramos y más,2
6180,26,2,2,20 a 24,37 a 41,Secundario/Polimodal Completa y más,Menos de 2500 gramos,4
6181,2,2,1,30 a 34,32 a 36,Sin especificar,Menos de 2500 gramos,1
6182,18,1,1,40 a 44,32 a 36,Hasta Primaria/C.EGB Completa,2500 gramos y más,1
6183,54,2,2,20 a 24,28 a 31,Secundaria/Polimodal Incompleta,Menos de 2500 gramos,2
6184,42,1,1,25 a 29,22 a 23,Secundario/Polimodal Completa y más,Menos de 2500 gramos,1
6185,6,1,1,15 a 19,37 a 41,Hasta Primaria/C.EGB Completa,Sin especificar,2
6186,6,2,1,25 a 29,37 a 41,Secundario/Polimodal Completa y más,Menos de 2500 gramos,19
6187,90,1,1,25 a 29,37 a 41,Hasta Primaria/C.EGB Completa,2500 gramos y más,473
6188,6,1,2,35 a 39,32 a 36,Sin especificar,Menos de 2500 gramos,41
6189,14,1,2,30 a 34,42 y más,Secundaria/Polimodal Incompleta,2500 gramos y más,3
6190,54,1,1,20 a 24,Sin especificar,Hasta Primaria/C.EGB Completa,2500 gramos y más,1
6191,6,1,2,20 a 24,28 a 31,Secundaria/Polimodal Incompleta,2500 gramos y más,2
6192,54,1,2,30 a 34,24 a 27,Secundario/Polimodal Completa y más,Menos de 2500 gramos,2
6193,82,2,2,20 a 24,32 a 36,Hasta Primaria/C.EGB Completa,2500 gramos y más,3
6194,18,1,1,30 a 34,28 a 31,Secundaria/Polimodal Incompleta,Menos de 2500 gramos,6
6195,18,1,2,15 a 19,32 a 36,Sin especificar,Menos de 2500 gramos,7
6196,46,1,1,40 a 44,37 a 41,Secundario/Polimodal Completa y más,2500 gramos y más,50
6197,6,1,2,35 a 39,Sin especificar,Hasta Primaria/C.EGB Completa,Sin especificar,1
6198,22,1,2,30 a 34,28 a 31,Hasta Primaria/C.EGB Completa,Menos de 2500 gramos,4
6199,66,2,2,40 a 44,32 a 36,Secundario/Polimodal Completa y más,2500 gramos y más,1
6200,58,1,2,20 a 24,28 a 31,Secundaria/Polimodal Incompleta,Menos de 2500 gramos,2
6201,30,1,1,35 a 39,37 a 41,Hasta Primaria/C.EGB Completa,Menos de 2500 gramos,4
6202,6,1,1,Menor de 15,24 a 27,Sin especificar,Menos de 2500 gramos,1
6203,54,1,2,35 a 39,32 a 36,Secundaria/Polimodal Incompleta,Menos de 2500 gramos,8
6204,2,9,2,35 a 39,37 a 41,Sin especificar,2500 gramos y más,167
6205,6,9,2,30 a 34,32 a 36,Sin especificar,2500 gramos y más,1
6206,6,1,2,30 a 34,37 a 41,Hasta Primaria/C.EGB Completa,2500 gramos y más,2022
6207,18,1,2,35 a 39,32 a 36,Secundario/Polimodal Completa y más,Menos de 2500 gramos,16
6208,2,2,2,20 a 24,37 a 41,Hasta Primaria/C.EGB Completa,2500 gramos y más,2
6209,50,1,1,35 a 39,32 a 36,Hasta Primaria/C.EGB Completa,Menos de 2500 gramos,6
6210,34,1,1,40 a 44,32 a 36,Secundaria/Polimodal Incompleta,2500 gramos y más,4
6211,22,1,1,30 a 34,32 a 36,Sin especificar,2500 gramos y más,1
6212,26,1,1,40 a 44,37 a 41,Hasta Primaria/C.EGB Completa,2500 gramos y más,6
6213,86,1,2,30 a 34,32 a 36,Secundario/Polimodal Completa y más,Menos de 2500 gramos,16
6214,82,2,2,20 a 24,Menos de 22,Hasta Primaria/C.EGB Completa,Menos de 2500 gramos,2
6215,58,2,1,20 a 24,32 a 36,Secundaria/Polimodal Incompleta,2500 gramos y más,3
6216,38,1,1,25 a 29,32 a 36,Secundaria/Polimodal Incompleta,Menos de 2500 gramos,4
6217,66,1,1,De 45 y más,37 a 41,Secundario/Polimodal Completa y más,2500 gramos y más,14
6218,18,2,2,20 a 24,37 a 41,Secundaria/Polimodal Incompleta,Menos de 2500 gramos,1
6219,70,2,2,20 a 24,28 a 31,Secundario/Polimodal Completa y más,Menos de 2500 gramos,2
6220,94,1,2,30 a 34,32 a 36,Hasta Primaria/C.EGB Completa,2500 gramos y más,1
6221,58,1,1,35 a 39,28 a 31,Hasta Primaria/C.EGB Completa,Menos de 2500 gramos,1
6222,54,2,2,35 a 39,37 a 41,Secundario/Polimodal Completa y más,2500 gramos y más,4
6223,54,1,1,Menor de 15,37 a 41,Secundaria/Polimodal Incompleta,2500 gramos y más,9
6224,18,1,2,30 a 34,24 a 27,Hasta Primaria/C.EGB Completa,Menos de 2500 gramos,2
6225,58,2,2,30 a 34,37 a 41,Secundario/Polimodal Completa y más,2500 gramos y más,4
6226,54,1,2,30 a 34,32 a 36,Hasta Primaria/C.EGB Completa,Menos de 2500 gramos,7
6227,22,2,2,25 a 29,37 a 41,Secundario/Polimodal Completa y más,2500 gramos y más,2
6228,30,2,1,35 a 39,37 a 41,Secundario/Polimodal Completa y más,2500 gramos y más,6
6229,34,1,2,25 a 29,32 a 36,Sin especificar,2500 gramos y más,16
6230,14,2,1,20 a 24,32 a 36,Secundaria/Polimodal Incompleta,2500 gramos y más,3
6231,90,2,2,30 a 34,32 a 36,Secundario/Polimodal Completa y más,2500 gramos y más,7
6232,90,2,1,15 a 19,32 a 36,Secundaria/Polimodal Incompleta,Menos de 2500 gramos,1
6233,6,2,2,30 a 34,Sin especificar,Sin especificar,Sin especificar,1
6234,2,1,1,35 a 39,22 a 23,Secundario/Polimodal Completa y más,Menos de 2500 gramos,2
6235,90,1,2,25 a 29,37 a 41,Sin especificar,Sin especificar,1
6236,38,2,1,25 a 29,32 a 36,Secundario/Polimodal Completa y más,Menos de 2500 gramos,6
6237,6,1,2,Menor de 15,28 a 31,Secundaria/Polimodal Incompleta,Menos de 2500 gramos,1
6238,14,1,2,15 a 19,32 a 36,Secundaria/Polimodal Incompleta,Menos de 2500 gramos,43
6239,22,2,1,15 a 19,32 a 36,Hasta Primaria/C.EGB Completa,Menos de 2500 gramos,4
6240,34,1,2,30 a 34,37 a 41,Sin especificar,2500 gramos y más,192
6241,2,2,1,25 a 29,37 a 41,Hasta Primaria/C.EGB Completa,2500 gramos y más,1
6242,42,1,2,35 a 39,32 a 36,Secundaria/Polimodal Incompleta,2500 gramos y más,2
6243,46,1,2,20 a 24,37 a 41,Sin especificar,2500 gramos y más,2
6244,54,2,1,20 a 24,32 a 36,Hasta Primaria/C.EGB Completa,Menos de 2500 gramos,7
6245,26,1,1,25 a 29,32 a 36,Secundaria/Polimodal Incompleta,Menos de 2500 gramos,2
6246,66,1,1,15 a 19,32 a 36,Hasta Primaria/C.EGB Completa,2500 gramos y más,9
6247,82,1,2,15 a 19,37 a 41,Secundario/Polimodal Completa y más,Menos de 2500 gramos,8
6248,18,1,1,15 a 19,37 a 41,Secundaria/Polimodal Incompleta,Menos de 2500 gramos,12
6249,10,1,2,Menor de 15,37 a 41,Secundaria/Polimodal Incompleta,2500 gramos y más,4
6250,90,1,2,30 a 34,42 y más,Hasta Primaria/C.EGB Completa,Menos de 2500 gramos,1
6251,6,1,2,20 a 24,Sin especificar,Hasta Primaria/C.EGB Completa,2500 gramos y más,3
6252,26,1,2,25 a 29,24 a 27,Secundario/Polimodal Completa y más,Menos de 2500 gramos,3
6253,10,1,1,25 a 29,37 a 41,Hasta Primaria/C.EGB Completa,Menos de 2500 gramos,2
6254,62,1,1,De 45 y más,32 a 36,Secundario/Polimodal Completa y más,Menos de 2500 gramos,1
6255,10,1,1,30 a 34,32 a 36,Secundario/Polimodal Completa y más,2500 gramos y más,12
6256,74,1,1,20 a 24,32 a 36,Sin especificar,2500 gramos y más,2
6257,78,1,1,30 a 34,37 a 41,Hasta Primaria/C.EGB Completa,Menos de 2500 gramos,2
6258,58,1,1,20 a 24,37 a 41,Hasta Primaria/C.EGB Completa,Menos de 2500 gramos,1
6259,42,1,2,25 a 29,37 a 41,Secundario/Polimodal Completa y más,Menos de 2500 gramos,9
6260,6,1,1,Menor de 15,32 a 36,Secundaria/Polimodal Incompleta,Menos de 2500 gramos,4
6261,34,1,2,35 a 39,24 a 27,Sin especificar,Menos de 2500 gramos,1
6262,46,1,2,40 a 44,37 a 41,Secundaria/Polimodal Incompleta,Menos de 2500 gramos,1
6263,82,1,2,20 a 24,28 a 31,Secundaria/Polimodal Incompleta,Menos de 2500 gramos,14
6264,90,2,2,25 a 29,22 a 23,Secundario/Polimodal Completa y más,Menos de 2500 gramos,4
6265,18,1,2,40 a 44,32 a 36,Secundaria/Polimodal Incompleta,2500 gramos y más,3
6266,94,1,1,20 a 24,32 a 36,Secundario/Polimodal Completa y más,2500 gramos y más,1
6267,18,1,1,20 a 24,42 y más,Sin especificar,2500 gramos y más,3
6268,86,2,2,25 a 29,32 a 36,Hasta Primaria/C.EGB Completa,2500 gramos y más,4
6269,78,1,1,30 a 34,37 a 41,Secundaria/Polimodal Incompleta,2500 gramos y más,60
6270,90,2,1,35 a 39,37 a 41,Hasta Primaria/C.EGB Completa,2500 gramos y más,3
6271,30,1,2,25 a 29,28 a 31,Secundaria/Polimodal Incompleta,2500 gramos y más,1
6272,82,1,2,40 a 44,37 a 41,Secundaria/Polimodal Incompleta,2500 gramos y más,65
6273,82,1,2,20 a 24,28 a 31,Secundaria/Polimodal Incompleta,2500 gramos y más,1
6274,82,1,2,20 a 24,Sin especificar,Secundaria/Polimodal Incompleta,2500 gramos y más,3
6275,6,1,1,20 a 24,32 a 36,Sin especificar,Menos de 2500 gramos,59
6276,66,2,2,20 a 24,32 a 36,Hasta Primaria/C.EGB Completa,Menos de 2500 gramos,2
6277,66,1,1,15 a 19,24 a 27,Secundaria/Polimodal Incompleta,Menos de 2500 gramos,1
6278,22,1,1,30 a 34,Sin especificar,Secundaria/Polimodal Incompleta,2500 gramos y más,2
6279,42,1,1,20 a 24,28 a 31,Hasta Primaria/C.EGB Completa,Menos de 2500 gramos,1
6280,82,1,2,35 a 39,37 a 41,Secundaria/Polimodal Incompleta,2500 gramos y más,296
6281,54,2,2,20 a 24,32 a 36,Secundaria/Polimodal Incompleta,Menos de 2500 gramos,2
6282,18,1,2,25 a 29,37 a 41,Sin especificar,Menos de 2500 gramos,8
6283,82,2,2,25 a 29,37 a 41,Hasta Primaria/C.EGB Completa,2500 gramos y más,3
6284,22,2,1,30 a 34,32 a 36,Hasta Primaria/C.EGB Completa,Menos de 2500 gramos,3
6285,2,1,2,15 a 19,37 a 41,Secundaria/Polimodal Incompleta,2500 gramos y más,105
6286,90,1,2,Menor de 15,37 a 41,Secundaria/Polimodal Incompleta,2500 gramos y más,7
6287,18,1,1,30 a 34,42 y más,Secundaria/Polimodal Incompleta,2500 gramos y más,2
6288,66,2,1,35 a 39,32 a 36,Secundaria/Polimodal Incompleta,Menos de 2500 gramos,5
6289,54,1,1,40 a 44,32 a 36,Hasta Primaria/C.EGB Completa,Menos de 2500 gramos,3
6290,54,1,1,40 a 44,37 a 41,Secundario/Polimodal Completa y más,Menos de 2500 gramos,2
6291,22,1,1,25 a 29,42 y más,Secundaria/Polimodal Incompleta,2500 gramos y más,5
6292,99,1,2,25 a 29,37 a 41,Secundario/Polimodal Completa y más,2500 gramos y más,4
6293,22,1,2,20 a 24,28 a 31,Secundario/Polimodal Completa y más,Menos de 2500 gramos,7
6294,22,1,1,30 a 34,42 y más,Hasta Primaria/C.EGB Completa,2500 gramos y más,5
6295,26,1,1,15 a 19,37 a 41,Sin especificar,Menos de 2500 gramos,1
6296,70,1,1,25 a 29,32 a 36,Hasta Primaria/C.EGB Completa,2500 gramos y más,2
6297,30,1,1,De 45 y más,37 a 41,Secundario/Polimodal Completa y más,Menos de 2500 gramos,2
6298,54,2,1,25 a 29,28 a 31,Secundario/Polimodal Completa y más,Menos de 2500 gramos,7
6299,6,1,1,40 a 44,Sin especificar,Hasta Primaria/C.EGB Completa,Sin especificar,1
6300,90,1,2,40 a 44,22 a 23,Hasta Primaria/C.EGB Completa,Menos de 2500 gramos,1
6301,90,2,1,30 a 34,32 a 36,Secundaria/Polimodal Incompleta,Menos de 2500 gramos,4
6302,78,1,2,30 a 34,32 a 36,Hasta Primaria/C.EGB Completa,Menos de 2500 gramos,1
6303,66,1,2,15 a 19,37 a 41,Hasta Primaria/C.EGB Completa,Menos de 2500 gramos,10
6304,99,9,1,15 a 19,37 a 41,Sin especificar,2500 gramos y más,23
6305,86,1,2,30 a 34,32 a 36,Secundaria/Polimodal Incompleta,2500 gramos y más,21
6306,34,2,1,20 a 24,32 a 36,Sin especificar,Menos de 2500 gramos,2
6307,30,1,1,35 a 39,37 a 41,Secundaria/Polimodal Incompleta,2500 gramos y más,119
6308,99,1,1,Sin especificar,32 a 36,Sin especificar,2500 gramos y más,2
6309,26,2,1,20 a 24,32 a 36,Sin especificar,Menos de 2500 gramos,2
6310,99,9,2,15 a 19,32 a 36,Sin especificar,2500 gramos y más,3
6311,54,2,2,30 a 34,37 a 41,Secundario/Polimodal Completa y más,Menos de 2500 gramos,7
6312,42,1,2,25 a 29,37 a 41,Hasta Primaria/C.EGB Completa,Sin especificar,1
6313,42,1,1,Menor de 15,37 a 41,Secundaria/Polimodal Incompleta,2500 gramos y más,1
6314,66,1,2,15 a 19,37 a 41,Hasta Primaria/C.EGB Completa,2500 gramos y más,236
6315,54,1,2,35 a 39,24 a 27,Sin especificar,Menos de 2500 gramos,1
6316,82,1,1,35 a 39,32 a 36,Hasta Primaria/C.EGB Completa,Menos de 2500 gramos,20
6317,46,2,1,25 a 29,32 a 36,Sin especificar,Menos de 2500 gramos,2
6318,30,1,1,De 45 y más,37 a 41,Secundario/Polimodal Completa y más,2500 gramos y más,11
6319,70,1,2,35 a 39,32 a 36,Secundario/Polimodal Completa y más,2500 gramos y más,13
6320,58,1,2,20 a 24,37 a 41,Secundaria/Polimodal Incompleta,2500 gramos y más,252
6321,18,1,2,40 a 44,32 a 36,Secundaria/Polimodal Incompleta,Menos de 2500 gramos,3
6322,46,1,2,25 a 29,37 a 41,Secundario/Polimodal Completa y más,Menos de 2500 gramos,10
6323,6,2,1,25 a 29,37 a 41,Sin especificar,Menos de 2500 gramos,2
6324,82,2,1,15 a 19,37 a 41,Secundaria/Polimodal Incompleta,2500 gramos y más,3
6325,14,1,1,40 a 44,37 a 41,Secundaria/Polimodal Incompleta,2500 gramos y más,118
6326,99,9,1,35 a 39,37 a 41,Hasta Primaria/C.EGB Completa,2500 gramos y más,2
6327,82,1,1,25 a 29,24 a 27,Secundario/Polimodal Completa y más,Menos de 2500 gramos,4
6328,38,1,1,20 a 24,42 y más,Secundaria/Polimodal Incompleta,2500 gramos y más,2
6329,54,1,1,40 a 44,37 a 41,Secundaria/Polimodal Incompleta,2500 gramos y más,46
6330,50,1,2,15 a 19,24 a 27,Secundario/Polimodal Completa y más,Menos de 2500 gramos,2
6331,2,1,2,20 a 24,32 a 36,Secundario/Polimodal Completa y más,Menos de 2500 gramos,12
6332,54,1,1,25 a 29,32 a 36,Secundaria/Polimodal Incompleta,Menos de 2500 gramos,17
6333,90,1,2,20 a 24,42 y más,Hasta Primaria/C.EGB Completa,2500 gramos y más,26
6334,30,2,1,35 a 39,37 a 41,Secundaria/Polimodal Incompleta,Menos de 2500 gramos,4
6335,70,1,1,15 a 19,24 a 27,Secundaria/Polimodal Incompleta,Menos de 2500 gramos,5
6336,62,2,2,40 a 44,32 a 36,Secundario/Polimodal Completa y más,Menos de 2500 gramos,2
6337,2,1,1,35 a 39,Sin especificar,Secundario/Polimodal Completa y más,2500 gramos y más,1
6338,90,2,2,15 a 19,37 a 41,Secundaria/Polimodal Incompleta,Menos de 2500 gramos,2
6339,38,1,2,25 a 29,32 a 36,Secundaria/Polimodal Incompleta,2500 gramos y más,7
6340,22,1,1,35 a 39,37 a 41,Secundario/Polimodal Completa y más,Menos de 2500 gramos,16
6341,6,1,9,15 a 19,32 a 36,Hasta Primaria/C.EGB Completa,Menos de 2500 gramos,1
6342,62,1,1,25 a 29,28 a 31,Hasta Primaria/C.EGB Completa,Menos de 2500 gramos,1
6343,54,1,1,35 a 39,42 y más,Hasta Primaria/C.EGB Completa,2500 gramos y más,1
6344,42,1,1,30 a 34,32 a 36,Hasta Primaria/C.EGB Completa,Menos de 2500 gramos,1
6345,30,2,1,35 a 39,24 a 27,Secundaria/Polimodal Incompleta,Menos de 2500 gramos,2
6346,6,1,2,35 a 39,24 a 27,Secundario/Polimodal Completa y más,Menos de 2500 gramos,26
6347,6,1,1,25 a 29,Sin especificar,Secundaria/Polimodal Incompleta,Menos de 2500 gramos,2
6348,58,1,1,20 a 24,32 a 36,Secundario/Polimodal Completa y más,2500 gramos y más,17
6349,14,1,2,30 a 34,32 a 36,Secundario/Polimodal Completa y más,Menos de 2500 gramos,108
6350,34,1,1,30 a 34,24 a 27,Hasta Primaria/C.EGB Completa,Menos de 2500 gramos,1
6351,46,1,1,35 a 39,37 a 41,Secundaria/Polimodal Incompleta,2500 gramos y más,18
6352,26,1,1,40 a 44,32 a 36,Secundario/Polimodal Completa y más,Menos de 2500 gramos,6
6353,42,1,2,20 a 24,32 a 36,Hasta Primaria/C.EGB Completa,Menos de 2500 gramos,4
6354,74,1,2,40 a 44,Sin especificar,Sin especificar,Sin especificar,1
6355,54,2,2,35 a 39,37 a 41,Secundaria/Polimodal Incompleta,2500 gramos y más,3
6356,58,1,1,20 a 24,32 a 36,Secundario/Polimodal Completa y más,Menos de 2500 gramos,9
6357,6,2,2,20 a 24,37 a 41,Secundaria/Polimodal Incompleta,Menos de 2500 gramos,10
6358,22,1,1,35 a 39,37 a 41,Secundario/Polimodal Completa y más,2500 gramos y más,478
6359,86,1,1,25 a 29,Sin especificar,Secundario/Polimodal Completa y más,2500 gramos y más,1
6360,82,1,2,25 a 29,42 y más,Hasta Primaria/C.EGB Completa,2500 gramos y más,5
6361,10,2,2,30 a 34,32 a 36,Secundario/Polimodal Completa y más,Menos de 2500 gramos,6
6362,78,1,1,De 45 y más,32 a 36,Secundario/Polimodal Completa y más,Menos de 2500 gramos,1
6363,54,1,1,25 a 29,28 a 31,Secundario/Polimodal Completa y más,Menos de 2500 gramos,6
6364,86,1,2,30 a 34,37 a 41,Secundaria/Polimodal Incompleta,2500 gramos y más,231
6365,62,1,2,30 a 34,32 a 36,Sin especificar,Menos de 2500 gramos,1
6366,6,1,9,20 a 24,32 a 36,Secundaria/Polimodal Incompleta,Menos de 2500 gramos,1
6367,78,2,1,35 a 39,32 a 36,Secundario/Polimodal Completa y más,Menos de 2500 gramos,2
6368,46,1,1,15 a 19,22 a 23,Secundaria/Polimodal Incompleta,Menos de 2500 gramos,1
6369,10,1,2,20 a 24,37 a 41,Sin especificar,2500 gramos y más,4
6370,22,1,2,25 a 29,Sin especificar,Hasta Primaria/C.EGB Completa,2500 gramos y más,4
6371,50,1,1,35 a 39,37 a 41,Secundaria/Polimodal Incompleta,Menos de 2500 gramos,3
6372,90,2,1,15 a 19,32 a 36,Hasta Primaria/C.EGB Completa,Menos de 2500 gramos,5
6373,54,1,2,15 a 19,42 y más,Hasta Primaria/C.EGB Completa,2500 gramos y más,3
6374,18,1,1,20 a 24,22 a 23,Sin especificar,Menos de 2500 gramos,1
6375,2,1,1,De 45 y más,28 a 31,Secundario/Polimodal Completa y más,Menos de 2500 gramos,2
6376,2,2,1,30 a 34,24 a 27,Secundario/Polimodal Completa y más,Menos de 2500 gramos,2
6377,2,2,2,30 a 34,37 a 41,Secundaria/Polimodal Incompleta,Menos de 2500 gramos,2
6378,2,1,2,35 a 39,42 y más,Sin especificar,2500 gramos y más,1
6379,90,2,1,25 a 29,32 a 36,Hasta Primaria/C.EGB Completa,2500 gramos y más,1
6380,6,2,2,Sin especificar,24 a 27,Secundario/Polimodal Completa y más,Menos de 2500 gramos,1
6381,66,1,2,15 a 19,28 a 31,Hasta Primaria/C.EGB Completa,Menos de 2500 gramos,1
6382,54,2,1,20 a 24,28 a 31,Secundario/Polimodal Completa y más,Menos de 2500 gramos,1
6383,2,2,1,30 a 34,22 a 23,Secundario/Polimodal Completa y más,Menos de 2500 gramos,2
6384,26,1,1,30 a 34,32 a 36,Secundaria/Polimodal Incompleta,Menos de 2500 gramos,1
6385,18,1,1,25 a 29,37 a 41,Hasta Primaria/C.EGB Completa,Menos de 2500 gramos,6
6386,86,2,2,30 a 34,37 a 41,Hasta Primaria/C.EGB Completa,Menos de 2500 gramos,3
6387,82,1,2,15 a 19,24 a 27,Hasta Primaria/C.EGB Completa,Menos de 2500 gramos,1
6388,6,1,1,20 a 24,37 a 41,Hasta Primaria/C.EGB Completa,Menos de 2500 gramos,53
6389,86,1,2,35 a 39,32 a 36,Hasta Primaria/C.EGB Completa,Menos de 2500 gramos,14
6390,99,9,1,30 a 34,Sin especificar,Sin especificar,Sin especificar,2
6391,26,2,2,25 a 29,32 a 36,Sin especificar,Menos de 2500 gramos,3
6392,66,1,1,15 a 19,37 a 41,Sin especificar,2500 gramos y más,10
6393,14,1,1,30 a 34,32 a 36,Hasta Primaria/C.EGB Completa,Menos de 2500 gramos,18
6394,2,1,1,15 a 19,37 a 41,Secundaria/Polimodal Incompleta,2500 gramos y más,113
6395,82,1,1,25 a 29,37 a 41,Secundaria/Polimodal Incompleta,2500 gramos y más,1115
6396,78,1,2,30 a 34,32 a 36,Secundario/Polimodal Completa y más,2500 gramos y más,14
6397,26,2,1,25 a 29,28 a 31,Secundario/Polimodal Completa y más,Menos de 2500 gramos,2
6398,2,1,2,30 a 34,37 a 41,Secundaria/Polimodal Incompleta,2500 gramos y más,245
6399,74,1,1,25 a 29,32 a 36,Hasta Primaria/C.EGB Completa,Menos de 2500 gramos,1
6400,50,1,2,35 a 39,37 a 41,Secundaria/Polimodal Incompleta,Menos de 2500 gramos,5
6401,14,2,1,15 a 19,37 a 41,Secundaria/Polimodal Incompleta,2500 gramos y más,3
6402,90,2,2,15 a 19,32 a 36,Hasta Primaria/C.EGB Completa,Menos de 2500 gramos,1
6403,99,1,1,20 a 24,37 a 41,Hasta Primaria/C.EGB Completa,2500 gramos y más,1
6404,38,1,2,15 a 19,42 y más,Hasta Primaria/C.EGB Completa,2500 gramos y más,1
6405,78,1,1,Menor de 15,37 a 41,Secundaria/Polimodal Incompleta,2500 gramos y más,3
6406,70,2,2,25 a 29,32 a 36,Secundario/Polimodal Completa y más,2500 gramos y más,1
6407,66,1,2,40 a 44,37 a 41,Secundario/Polimodal Completa y más,2500 gramos y más,183
6408,34,1,2,35 a 39,37 a 41,Secundaria/Polimodal Incompleta,Menos de 2500 gramos,1
6409,54,1,2,20 a 24,28 a 31,Secundaria/Polimodal Incompleta,Menos de 2500 gramos,2
6410,34,2,1,25 a 29,37 a 41,Secundario/Polimodal Completa y más,2500 gramos y más,1
6411,54,2,1,De 45 y más,37 a 41,Secundario/Polimodal Completa y más,2500 gramos y más,1
6412,74,1,2,De 45 y más,37 a 41,Sin especificar,2500 gramos y más,1
6413,22,1,2,Menor de 15,32 a 36,Secundaria/Polimodal Incompleta,2500 gramos y más,1
6414,82,1,2,Menor de 15,28 a 31,Secundaria/Polimodal Incompleta,Menos de 2500 gramos,1
6415,86,1,2,30 a 34,32 a 36,Hasta Primaria/C.EGB Completa,Menos de 2500 gramos,21
6416,90,2,2,35 a 39,37 a 41,Secundario/Polimodal Completa y más,2500 gramos y más,4
6417,58,1,2,30 a 34,Sin especificar,Secundaria/Polimodal Incompleta,2500 gramos y más,1
6418,38,1,2,40 a 44,32 a 36,Secundario/Polimodal Completa y más,2500 gramos y más,11
6419,86,1,1,25 a 29,24 a 27,Hasta Primaria/C.EGB Completa,Menos de 2500 gramos,1
6420,30,1,2,40 a 44,37 a 41,Secundario/Polimodal Completa y más,2500 gramos y más,180
6421,82,1,2,25 a 29,24 a 27,Secundario/Polimodal Completa y más,Menos de 2500 gramos,4
6422,30,1,1,25 a 29,37 a 41,Sin especificar,Menos de 2500 gramos,1
6423,6,1,2,15 a 19,37 a 41,Sin especificar,2500 gramos y más,635
6424,6,2,2,30 a 34,32 a 36,Hasta Primaria/C.EGB Completa,2500 gramos y más,11
6425,46,1,2,30 a 34,32 a 36,Secundaria/Polimodal Incompleta,Menos de 2500 gramos,2
6426,6,1,2,25 a 29,42 y más,Hasta Primaria/C.EGB Completa,2500 gramos y más,11
6427,99,9,2,15 a 19,Sin especificar,Sin especificar,Sin especificar,3
6428,66,2,1,25 a 29,32 a 36,Secundario/Polimodal Completa y más,2500 gramos y más,8
6429,22,1,1,35 a 39,37 a 41,Sin especificar,2500 gramos y más,8
6430,66,2,2,20 a 24,32 a 36,Secundaria/Polimodal Incompleta,Menos de 2500 gramos,4
6431,30,1,2,15 a 19,24 a 27,Secundaria/Polimodal Incompleta,Menos de 2500 gramos,4
6432,82,1,1,35 a 39,37 a 41,Sin especificar,Menos de 2500 gramos,1
6433,74,1,2,20 a 24,Sin especificar,Sin especificar,Sin especificar,1
6434,22,1,2,25 a 29,32 a 36,Sin especificar,Menos de 2500 gramos,2
6435,54,1,1,25 a 29,28 a 31,Secundaria/Polimodal Incompleta,Menos de 2500 gramos,3
6436,78,2,1,30 a 34,32 a 36,Secundaria/Polimodal Incompleta,2500 gramos y más,1
6437,6,2,2,25 a 29,28 a 31,Sin especificar,Menos de 2500 gramos,2
6438,46,1,1,25 a 29,32 a 36,Secundario/Polimodal Completa y más,2500 gramos y más,25
6439,86,2,1,25 a 29,32 a 36,Secundaria/Polimodal Incompleta,2500 gramos y más,2
6440,6,1,1,De 45 y más,32 a 36,Hasta Primaria/C.EGB Completa,Menos de 2500 gramos,4
6441,6,2,1,30 a 34,24 a 27,Secundario/Polimodal Completa y más,Menos de 2500 gramos,5
6442,50,1,1,20 a 24,28 a 31,Secundario/Polimodal Completa y más,Menos de 2500 gramos,3
6443,30,1,1,20 a 24,32 a 36,Hasta Primaria/C.EGB Completa,Menos de 2500 gramos,18
6444,26,2,2,40 a 44,32 a 36,Secundario/Polimodal Completa y más,Menos de 2500 gramos,2
6445,54,1,1,20 a 24,32 a 36,Hasta Primaria/C.EGB Completa,2500 gramos y más,24
6446,82,1,1,25 a 29,24 a 27,Secundaria/Polimodal Incompleta,Menos de 2500 gramos,7
6447,62,2,1,20 a 24,32 a 36,Secundario/Polimodal Completa y más,Menos de 2500 gramos,1
6448,38,1,1,35 a 39,28 a 31,Secundario/Polimodal Completa y más,Menos de 2500 gramos,1
6449,30,1,2,20 a 24,32 a 36,Secundaria/Polimodal Incompleta,2500 gramos y más,9
6450,86,1,2,25 a 29,37 a 41,Secundaria/Polimodal Incompleta,Menos de 2500 gramos,13
6451,22,1,2,20 a 24,42 y más,Hasta Primaria/C.EGB Completa,2500 gramos y más,4
6452,54,2,2,20 a 24,37 a 41,Secundario/Polimodal Completa y más,Menos de 2500 gramos,3
6453,62,2,2,30 a 34,32 a 36,Secundaria/Polimodal Incompleta,2500 gramos y más,1
6454,58,1,1,20 a 24,Sin especificar,Secundario/Polimodal Completa y más,Menos de 2500 gramos,1
6455,82,1,1,20 a 24,37 a 41,Secundario/Polimodal Completa y más,Menos de 2500 gramos,35
6456,46,1,2,15 a 19,32 a 36,Secundaria/Polimodal Incompleta,2500 gramos y más,5
6457,6,2,1,20 a 24,28 a 31,Secundario/Polimodal Completa y más,Menos de 2500 gramos,12
6458,66,2,1,30 a 34,28 a 31,Secundaria/Polimodal Incompleta,Menos de 2500 gramos,1
6459,22,1,1,30 a 34,Sin especificar,Secundario/Polimodal Completa y más,2500 gramos y más,6
6460,38,1,2,25 a 29,37 a 41,Secundario/Polimodal Completa y más,2500 gramos y más,671
6461,10,2,1,25 a 29,37 a 41,Secundario/Polimodal Completa y más,2500 gramos y más,6
6462,66,1,1,Menor de 15,37 a 41,Secundaria/Polimodal Incompleta,2500 gramos y más,15
6463,74,2,1,20 a 24,32 a 36,Secundario/Polimodal Completa y más,Menos de 2500 gramos,1
6464,6,1,2,35 a 39,Sin especificar,Secundario/Polimodal Completa y más,2500 gramos y más,14
6465,38,1,1,35 a 39,37 a 41,Secundario/Polimodal Completa y más,2500 gramos y más,390
6466,18,1,1,15 a 19,37 a 41,Secundario/Polimodal Completa y más,Menos de 2500 gramos,4
6467,90,1,1,25 a 29,37 a 41,Secundario/Polimodal Completa y más,Sin especificar,7
6468,42,1,2,30 a 34,32 a 36,Hasta Primaria/C.EGB Completa,2500 gramos y más,2
6469,74,1,2,20 a 24,37 a 41,Hasta Primaria/C.EGB Completa,2500 gramos y más,44
6470,42,1,2,15 a 19,37 a 41,Hasta Primaria/C.EGB Completa,2500 gramos y más,7
6471,14,1,2,De 45 y más,37 a 41,Secundario/Polimodal Completa y más,2500 gramos y más,53
6472,82,2,1,40 a 44,32 a 36,Secundario/Polimodal Completa y más,2500 gramos y más,7
6473,10,1,2,Menor de 15,37 a 41,Secundario/Polimodal Completa y más,2500 gramos y más,1
6474,2,1,2,30 a 34,28 a 31,Hasta Primaria/C.EGB Completa,Menos de 2500 gramos,3
6475,66,1,2,25 a 29,37 a 41,Hasta Primaria/C.EGB Completa,Sin especificar,1
6476,6,1,9,20 a 24,37 a 41,Secundaria/Polimodal Incompleta,Menos de 2500 gramos,3
6477,18,1,1,20 a 24,32 a 36,Sin especificar,2500 gramos y más,12
6478,90,1,2,40 a 44,32 a 36,Secundaria/Polimodal Incompleta,2500 gramos y más,2
6479,26,1,1,30 a 34,32 a 36,Sin especificar,Menos de 2500 gramos,2
6480,50,1,2,30 a 34,37 a 41,Secundaria/Polimodal Incompleta,2500 gramos y más,444
6481,10,1,1,35 a 39,42 y más,Hasta Primaria/C.EGB Completa,2500 gramos y más,1
6482,50,1,2,35 a 39,32 a 36,Hasta Primaria/C.EGB Completa,Menos de 2500 gramos,9
6483,94,1,1,20 a 24,32 a 36,Secundario/Polimodal Completa y más,Menos de 2500 gramos,5
6484,46,1,1,20 a 24,32 a 36,Secundario/Polimodal Completa y más,Menos de 2500 gramos,10
6485,34,1,1,20 a 24,37 a 41,Sin especificar,Menos de 2500 gramos,7
6486,66,1,2,40 a 44,32 a 36,Secundaria/Polimodal Incompleta,2500 gramos y más,2
6487,22,2,2,30 a 34,32 a 36,Secundario/Polimodal Completa y más,2500 gramos y más,3
6488,86,1,2,25 a 29,24 a 27,Hasta Primaria/C.EGB Completa,Menos de 2500 gramos,1
6489,74,1,2,30 a 34,32 a 36,Hasta Primaria/C.EGB Completa,2500 gramos y más,2
6490,74,2,1,35 a 39,28 a 31,Secundario/Polimodal Completa y más,Menos de 2500 gramos,1
6491,66,1,1,15 a 19,37 a 41,Secundaria/Polimodal Incompleta,Menos de 2500 gramos,19
6492,34,1,2,25 a 29,28 a 31,Hasta Primaria/C.EGB Completa,2500 gramos y más,1
6493,22,2,1,25 a 29,32 a 36,Hasta Primaria/C.EGB Completa,Menos de 2500 gramos,3
6494,34,1,1,40 a 44,32 a 36,Hasta Primaria/C.EGB Completa,2500 gramos y más,2
6495,74,1,2,15 a 19,32 a 36,Secundaria/Polimodal Incompleta,2500 gramos y más,3
6496,34,1,1,30 a 34,32 a 36,Sin especificar,2500 gramos y más,14
6497,30,2,1,20 a 24,32 a 36,Secundaria/Polimodal Incompleta,Menos de 2500 gramos,3
6498,78,2,1,25 a 29,37 a 41,Hasta Primaria/C.EGB Completa,2500 gramos y más,1
6499,50,2,1,De 45 y más,32 a 36,Secundario/Polimodal Completa y más,2500 gramos y más,1
6500,54,1,2,30 a 34,37 a 41,Sin especificar,2500 gramos y más,80
6501,54,2,2,30 a 34,37 a 41,Secundario/Polimodal Completa y más,2500 gramos y más,6
6502,90,1,1,25 a 29,37 a 41,Secundaria/Polimodal Incompleta,Menos de 2500 gramos,18
6503,6,9,1,20 a 24,Sin especificar,Sin especificar,Menos de 2500 gramos,1
6504,78,1,2,20 a 24,32 a 36,Secundaria/Polimodal Incompleta,2500 gramos y más,6
6505,30,2,2,25 a 29,24 a 27,Secundaria/Polimodal Incompleta,Menos de 2500 gramos,1
6506,90,1,1,35 a 39,28 a 31,Hasta Primaria/C.EGB Completa,Menos de 2500 gramos,4
6507,2,9,1,30 a 34,28 a 31,Sin especificar,Menos de 2500 gramos,3
6508,2,2,1,35 a 39,24 a 27,Secundaria/Polimodal Incompleta,Menos de 2500 gramos,3
6509,26,1,1,30 a 34,32 a 36,Sin especificar,2500 gramos y más,2
6510,18,1,1,25 a 29,42 y más,Secundario/Polimodal Completa y más,2500 gramos y más,1
6511,98,1,2,20 a 24,37 a 41,Hasta Primaria/C.EGB Completa,Menos de 2500 gramos,1
6512,90,1,2,15 a 19,28 a 31,Hasta Primaria/C.EGB Completa,Menos de 2500 gramos,3
6513,26,1,2,20 a 24,28 a 31,Secundaria/Polimodal Incompleta,Menos de 2500 gramos,4
6514,58,1,1,30 a 34,37 a 41,Secundaria/Polimodal Incompleta,Menos de 2500 gramos,7
6515,6,1,1,Sin especificar,24 a 27,Sin especificar,Menos de 2500 gramos,2
6516,22,1,1,30 a 34,32 a 36,Secundario/Polimodal Completa y más,Sin especificar,1
6517,54,1,2,30 a 34,37 a 41,Sin especificar,Menos de 2500 gramos,4
6518,82,1,1,Menor de 15,37 a 41,Sin especificar,2500 gramos y más,1
6519,30,1,1,40 a 44,32 a 36,Secundaria/Polimodal Incompleta,2500 gramos y más,1
6520,82,2,1,30 a 34,32 a 36,Secundario/Polimodal Completa y más,2500 gramos y más,18
6521,2,9,1,30 a 34,37 a 41,Secundaria/Polimodal Incompleta,2500 gramos y más,1
6522,34,1,2,20 a 24,24 a 27,Secundario/Polimodal Completa y más,Menos de 2500 gramos,1
6523,42,1,1,De 45 y más,37 a 41,Secundario/Polimodal Completa y más,2500 gramos y más,3
6524,6,1,2,Sin especificar,Sin especificar,Hasta Primaria/C.EGB Completa,Sin especificar,3
6525,26,2,2,40 a 44,37 a 41,Sin especificar,2500 gramos y más,2
6526,22,2,2,30 a 34,32 a 36,Secundario/Polimodal Completa y más,Menos de 2500 gramos,11
6527,14,1,1,40 a 44,37 a 41,Secundaria/Polimodal Incompleta,Menos de 2500 gramos,5
6528,30,2,2,25 a 29,37 a 41,Secundario/Polimodal Completa y más,2500 gramos y más,10
6529,14,1,2,15 a 19,32 a 36,Secundaria/Polimodal Incompleta,2500 gramos y más,30
6530,99,9,1,De 45 y más,37 a 41,Sin especificar,2500 gramos y más,11
6531,14,2,2,35 a 39,32 a 36,Secundaria/Polimodal Incompleta,2500 gramos y más,3
6532,62,2,2,30 a 34,32 a 36,Secundario/Polimodal Completa y más,Menos de 2500 gramos,5
6533,30,1,1,Menor de 15,37 a 41,Hasta Primaria/C.EGB Completa,2500 gramos y más,4
6534,34,2,2,20 a 24,37 a 41,Secundario/Polimodal Completa y más,Menos de 2500 gramos,1
6535,58,1,2,25 a 29,37 a 41,Secundario/Polimodal Completa y más,Menos de 2500 gramos,8
6536,26,2,2,15 a 19,28 a 31,Secundaria/Polimodal Incompleta,Menos de 2500 gramos,2
6537,22,1,2,20 a 24,42 y más,Secundario/Polimodal Completa y más,2500 gramos y más,2
6538,10,1,1,25 a 29,32 a 36,Secundario/Polimodal Completa y más,2500 gramos y más,13
6539,86,2,2,30 a 34,37 a 41,Hasta Primaria/C.EGB Completa,2500 gramos y más,4
6540,78,1,2,30 a 34,37 a 41,Secundaria/Polimodal Incompleta,2500 gramos y más,74
6541,82,1,2,Menor de 15,37 a 41,Hasta Primaria/C.EGB Completa,Menos de 2500 gramos,2
6542,82,2,1,30 a 34,32 a 36,Hasta Primaria/C.EGB Completa,2500 gramos y más,2
6543,42,1,2,20 a 24,37 a 41,Secundario/Polimodal Completa y más,Menos de 2500 gramos,8
6544,66,1,1,De 45 y más,37 a 41,Secundaria/Polimodal Incompleta,2500 gramos y más,2
6545,26,1,1,35 a 39,37 a 41,Secundaria/Polimodal Incompleta,Menos de 2500 gramos,1
6546,6,1,1,35 a 39,Sin especificar,Secundaria/Polimodal Incompleta,Menos de 2500 gramos,1
6547,18,2,2,15 a 19,32 a 36,Secundario/Polimodal Completa y más,Menos de 2500 gramos,2
6548,54,2,2,35 a 39,37 a 41,Secundaria/Polimodal Incompleta,Menos de 2500 gramos,2
6549,66,1,1,40 a 44,Sin especificar,Secundaria/Polimodal Incompleta,2500 gramos y más,3
6550,6,1,1,20 a 24,32 a 36,Secundaria/Polimodal Incompleta,2500 gramos y más,194
6551,86,1,1,20 a 24,37 a 41,Sin especificar,Menos de 2500 gramos,1
6552,2,9,1,15 a 19,37 a 41,Sin especificar,2500 gramos y más,22
6553,34,1,2,30 a 34,32 a 36,Hasta Primaria/C.EGB Completa,2500 gramos y más,2
6554,46,2,1,30 a 34,37 a 41,Secundario/Polimodal Completa y más,2500 gramos y más,5
6555,62,1,2,15 a 19,32 a 36,Secundaria/Polimodal Incompleta,Menos de 2500 gramos,5
6556,74,1,2,30 a 34,32 a 36,Secundario/Polimodal Completa y más,2500 gramos y más,14
6557,78,1,1,20 a 24,32 a 36,Secundaria/Polimodal Incompleta,2500 gramos y más,5
6558,22,2,1,25 a 29,37 a 41,Secundaria/Polimodal Incompleta,2500 gramos y más,7
6559,50,2,2,20 a 24,32 a 36,Secundaria/Polimodal Incompleta,2500 gramos y más,3
6560,18,1,1,20 a 24,37 a 41,Hasta Primaria/C.EGB Completa,2500 gramos y más,162
6561,38,2,2,35 a 39,37 a 41,Secundario/Polimodal Completa y más,Menos de 2500 gramos,1
6562,38,1,2,15 a 19,32 a 36,Secundaria/Polimodal Incompleta,2500 gramos y más,2
6563,42,1,1,20 a 24,32 a 36,Secundaria/Polimodal Incompleta,Menos de 2500 gramos,5
6564,30,1,2,30 a 34,37 a 41,Hasta Primaria/C.EGB Completa,2500 gramos y más,218
6565,18,1,2,15 a 19,42 y más,Sin especificar,2500 gramos y más,2
6566,90,1,1,15 a 19,37 a 41,Hasta Primaria/C.EGB Completa,2500 gramos y más,152
6567,86,1,1,15 a 19,32 a 36,Secundaria/Polimodal Incompleta,Menos de 2500 gramos,12
6568,62,1,1,30 a 34,32 a 36,Secundario/Polimodal Completa y más,Sin especificar,1
6569,94,1,2,30 a 34,37 a 41,Sin especificar,2500 gramos y más,2
6570,18,1,2,15 a 19,37 a 41,Secundario/Polimodal Completa y más,2500 gramos y más,112
6571,30,1,2,15 a 19,28 a 31,Secundaria/Polimodal Incompleta,Menos de 2500 gramos,7
6572,70,1,2,25 a 29,32 a 36,Secundaria/Polimodal Incompleta,Menos de 2500 gramos,8
6573,6,1,1,15 a 19,42 y más,Sin especificar,2500 gramos y más,1
6574,14,2,1,30 a 34,37 a 41,Secundaria/Polimodal Incompleta,Menos de 2500 gramos,1
6575,70,1,1,Menor de 15,37 a 41,Secundaria/Polimodal Incompleta,2500 gramos y más,4
6576,54,1,1,25 a 29,37 a 41,Sin especificar,2500 gramos y más,121
6577,6,1,1,25 a 29,37 a 41,Hasta Primaria/C.EGB Completa,2500 gramos y más,2442
6578,78,2,1,20 a 24,32 a 36,Hasta Primaria/C.EGB Completa,2500 gramos y más,1
6579,74,1,1,20 a 24,37 a 41,Hasta Primaria/C.EGB Completa,2500 gramos y más,49
6580,66,1,1,25 a 29,28 a 31,Secundaria/Polimodal Incompleta,Menos de 2500 gramos,5
6581,6,1,2,Sin especificar,37 a 41,Hasta Primaria/C.EGB Completa,Sin especificar,1
6582,30,2,1,35 a 39,37 a 41,Secundaria/Polimodal Incompleta,2500 gramos y más,1
6583,26,1,2,De 45 y más,37 a 41,Secundario/Polimodal Completa y más,2500 gramos y más,3
6584,46,1,1,15 a 19,37 a 41,Secundario/Polimodal Completa y más,2500 gramos y más,50
6585,50,1,1,20 a 24,37 a 41,Secundario/Polimodal Completa y más,Menos de 2500 gramos,14
6586,6,1,1,40 a 44,37 a 41,Hasta Primaria/C.EGB Completa,Sin especificar,1
6587,58,1,1,20 a 24,37 a 41,Secundaria/Polimodal Incompleta,Menos de 2500 gramos,5
6588,30,1,1,30 a 34,37 a 41,Secundario/Polimodal Completa y más,2500 gramos y más,1134
6589,38,1,1,30 a 34,37 a 41,Secundaria/Polimodal Incompleta,2500 gramos y más,114
6590,70,2,1,25 a 29,32 a 36,Hasta Primaria/C.EGB Completa,Menos de 2500 gramos,2
6591,66,2,1,20 a 24,24 a 27,Secundario/Polimodal Completa y más,Menos de 2500 gramos,2
6592,18,1,2,35 a 39,42 y más,Secundario/Polimodal Completa y más,2500 gramos y más,1
6593,6,1,1,20 a 24,24 a 27,Hasta Primaria/C.EGB Completa,Menos de 2500 gramos,8
6594,54,1,1,Menor de 15,22 a 23,Hasta Primaria/C.EGB Completa,Menos de 2500 gramos,1
6595,10,1,1,15 a 19,32 a 36,Secundario/Polimodal Completa y más,Menos de 2500 gramos,4
6596,30,1,2,30 a 34,22 a 23,Hasta Primaria/C.EGB Completa,Menos de 2500 gramos,1
6597,99,1,1,30 a 34,32 a 36,Sin especificar,2500 gramos y más,1
6598,94,1,2,20 a 24,32 a 36,Hasta Primaria/C.EGB Completa,2500 gramos y más,1
6599,62,2,1,30 a 34,32 a 36,Secundario/Polimodal Completa y más,Menos de 2500 gramos,6
6600,22,1,2,40 a 44,28 a 31,Secundario/Polimodal Completa y más,Menos de 2500 gramos,1
6601,58,1,2,30 a 34,32 a 36,Secundaria/Polimodal Incompleta,Menos de 2500 gramos,6
6602,2,1,1,25 a 29,24 a 27,Secundaria/Polimodal Incompleta,Menos de 2500 gramos,1
6603,78,1,1,35 a 39,32 a 36,Secundaria/Polimodal Incompleta,Menos de 2500 gramos,4
6604,82,1,1,De 45 y más,37 a 41,Secundario/Polimodal Completa y más,Menos de 2500 gramos,1
6605,90,1,2,25 a 29,28 a 31,Secundario/Polimodal Completa y más,Menos de 2500 gramos,7
6606,66,1,1,35 a 39,32 a 36,Hasta Primaria/C.EGB Completa,2500 gramos y más,9
6607,30,2,2,40 a 44,22 a 23,Hasta Primaria/C.EGB Completa,Menos de 2500 gramos,1
6608,78,1,2,20 a 24,28 a 31,Secundario/Polimodal Completa y más,Menos de 2500 gramos,2
6609,38,2,2,30 a 34,32 a 36,Secundario/Polimodal Completa y más,Menos de 2500 gramos,10
6610,90,1,2,40 a 44,32 a 36,Secundario/Polimodal Completa y más,Menos de 2500 gramos,11
6611,30,2,2,20 a 24,37 a 41,Secundaria/Polimodal Incompleta,2500 gramos y más,1
6612,22,2,1,20 a 24,32 a 36,Secundario/Polimodal Completa y más,2500 gramos y más,2
6613,66,2,1,35 a 39,32 a 36,Secundario/Polimodal Completa y más,Menos de 2500 gramos,12
6614,18,2,1,40 a 44,37 a 41,Secundario/Polimodal Completa y más,2500 gramos y más,4
6615,46,1,1,35 a 39,37 a 41,Secundario/Polimodal Completa y más,2500 gramos y más,190
6616,86,1,2,Menor de 15,32 a 36,Secundaria/Polimodal Incompleta,2500 gramos y más,1
6617,54,1,1,15 a 19,28 a 31,Hasta Primaria/C.EGB Completa,Menos de 2500 gramos,2
6618,6,2,1,15 a 19,24 a 27,Secundaria/Polimodal Incompleta,Menos de 2500 gramos,7
6619,2,1,1,35 a 39,28 a 31,Hasta Primaria/C.EGB Completa,Menos de 2500 gramos,1
6620,2,1,1,40 a 44,28 a 31,Secundario/Polimodal Completa y más,Menos de 2500 gramos,4
6621,34,1,1,25 a 29,37 a 41,Sin especificar,2500 gramos y más,255
6622,2,1,2,25 a 29,28 a 31,Secundario/Polimodal Completa y más,Menos de 2500 gramos,3
6623,2,9,1,De 45 y más,28 a 31,Sin especificar,Menos de 2500 gramos,1
6624,2,2,2,30 a 34,28 a 31,Secundario/Polimodal Completa y más,Menos de 2500 gramos,3
6625,18,1,1,35 a 39,32 a 36,Secundario/Polimodal Completa y más,2500 gramos y más,15
6626,50,1,1,40 a 44,32 a 36,Secundaria/Polimodal Incompleta,2500 gramos y más,1
6627,50,1,1,Menor de 15,37 a 41,Hasta Primaria/C.EGB Completa,2500 gramos y más,7
6628,58,1,1,30 a 34,32 a 36,Secundario/Polimodal Completa y más,2500 gramos y más,21
6629,14,1,1,De 45 y más,37 a 41,Secundario/Polimodal Completa y más,2500 gramos y más,48
6630,54,1,2,Menor de 15,24 a 27,Hasta Primaria/C.EGB Completa,Menos de 2500 gramos,1
6631,2,1,1,De 45 y más,32 a 36,Secundario/Polimodal Completa y más,Menos de 2500 gramos,5
6632,62,1,2,30 a 34,37 a 41,Sin especificar,2500 gramos y más,57
6633,26,2,2,30 a 34,37 a 41,Secundario/Polimodal Completa y más,2500 gramos y más,2
6634,78,1,1,40 a 44,37 a 41,Sin especificar,2500 gramos y más,1
6635,50,1,2,20 a 24,37 a 41,Hasta Primaria/C.EGB Completa,Menos de 2500 gramos,5
6636,6,1,1,20 a 24,37 a 41,Sin especificar,2500 gramos y más,1784
6637,54,1,1,30 a 34,37 a 41,Hasta Primaria/C.EGB Completa,Menos de 2500 gramos,21
6638,22,1,2,Menor de 15,37 a 41,Secundaria/Polimodal Incompleta,Menos de 2500 gramos,1
6639,30,2,1,20 a 24,32 a 36,Secundario/Polimodal Completa y más,2500 gramos y más,3
6640,22,1,1,30 a 34,24 a 27,Secundario/Polimodal Completa y más,Menos de 2500 gramos,1
6641,74,1,2,40 a 44,37 a 41,Secundario/Polimodal Completa y más,2500 gramos y más,66
6642,46,1,9,40 a 44,37 a 41,Hasta Primaria/C.EGB Completa,2500 gramos y más,1
6643,66,1,2,30 a 34,Sin especificar,Hasta Primaria/C.EGB Completa,2500 gramos y más,3
6644,34,2,2,25 a 29,28 a 31,Hasta Primaria/C.EGB Completa,Menos de 2500 gramos,1
6645,46,1,1,15 a 19,37 a 41,Secundaria/Polimodal Incompleta,2500 gramos y más,63
6646,54,1,2,35 a 39,Sin especificar,Secundaria/Polimodal Incompleta,2500 gramos y más,1
6647,82,2,1,20 a 24,37 a 41,Hasta Primaria/C.EGB Completa,Menos de 2500 gramos,2
6648,90,1,1,20 a 24,37 a 41,Secundario/Polimodal Completa y más,Sin especificar,2
6649,26,1,1,15 a 19,37 a 41,Secundario/Polimodal Completa y más,2500 gramos y más,34
6650,6,1,2,15 a 19,32 a 36,Secundaria/Polimodal Incompleta,Sin especificar,1
6651,22,1,1,Menor de 15,32 a 36,Sin especificar,2500 gramos y más,1
6652,22,2,1,35 a 39,37 a 41,Hasta Primaria/C.EGB Completa,2500 gramos y más,7
6653,86,2,2,30 a 34,28 a 31,Secundario/Polimodal Completa y más,Menos de 2500 gramos,3
6654,14,2,2,25 a 29,32 a 36,Secundario/Polimodal Completa y más,Menos de 2500 gramos,24
6655,6,2,2,40 a 44,37 a 41,Hasta Primaria/C.EGB Completa,2500 gramos y más,3
6656,22,2,1,35 a 39,32 a 36,Secundaria/Polimodal Incompleta,2500 gramos y más,3
6657,66,1,2,35 a 39,Sin especificar,Secundaria/Polimodal Incompleta,2500 gramos y más,2
6658,50,2,1,15 a 19,28 a 31,Secundario/Polimodal Completa y más,Menos de 2500 gramos,1
6659,26,1,1,20 a 24,37 a 41,Secundario/Polimodal Completa y más,Menos de 2500 gramos,6
6660,6,1,1,20 a 24,32 a 36,Hasta Primaria/C.EGB Completa,Menos de 2500 gramos,79
6661,6,1,1,15 a 19,32 a 36,Secundario/Polimodal Completa y más,2500 gramos y más,54
6662,90,1,2,25 a 29,Sin especificar,Hasta Primaria/C.EGB Completa,2500 gramos y más,6
6663,6,2,2,25 a 29,32 a 36,Hasta Primaria/C.EGB Completa,2500 gramos y más,3
6664,34,1,1,25 a 29,32 a 36,Hasta Primaria/C.EGB Completa,2500 gramos y más,4
6665,26,1,1,30 a 34,37 a 41,Secundario/Polimodal Completa y más,Menos de 2500 gramos,6
6666,54,1,2,35 a 39,32 a 36,Secundaria/Polimodal Incompleta,2500 gramos y más,7
6667,10,2,2,35 a 39,37 a 41,Hasta Primaria/C.EGB Completa,2500 gramos y más,1
6668,99,9,2,Sin especificar,37 a 41,Sin especificar,2500 gramos y más,6
6669,90,1,1,25 a 29,32 a 36,Hasta Primaria/C.EGB Completa,2500 gramos y más,44
6670,70,1,1,30 a 34,37 a 41,Secundario/Polimodal Completa y más,2500 gramos y más,679
6671,90,1,2,25 a 29,37 a 41,Hasta Primaria/C.EGB Completa,Menos de 2500 gramos,15
6672,26,1,1,20 a 24,28 a 31,Secundario/Polimodal Completa y más,Menos de 2500 gramos,2
6673,62,1,2,20 a 24,28 a 31,Sin especificar,Menos de 2500 gramos,1
6674,18,2,1,25 a 29,37 a 41,Sin especificar,2500 gramos y más,4
6675,34,1,1,25 a 29,28 a 31,Secundaria/Polimodal Incompleta,Menos de 2500 gramos,2
6676,66,1,9,20 a 24,37 a 41,Secundaria/Polimodal Incompleta,2500 gramos y más,1
6677,78,1,1,35 a 39,32 a 36,Secundario/Polimodal Completa y más,Menos de 2500 gramos,6
6678,34,2,2,25 a 29,32 a 36,Secundaria/Polimodal Incompleta,Menos de 2500 gramos,2
6679,22,2,2,35 a 39,32 a 36,Secundario/Polimodal Completa y más,2500 gramos y más,1
6680,6,1,1,20 a 24,37 a 41,Secundario/Polimodal Completa y más,2500 gramos y más,7492
6681,6,1,2,30 a 34,37 a 41,Hasta Primaria/C.EGB Completa,Menos de 2500 gramos,71
6682,90,1,2,30 a 34,37 a 41,Hasta Primaria/C.EGB Completa,Menos de 2500 gramos,12
6683,6,1,1,25 a 29,37 a 41,Secundaria/Polimodal Incompleta,Menos de 2500 gramos,89
6684,82,1,2,25 a 29,24 a 27,Secundaria/Polimodal Incompleta,Menos de 2500 gramos,1
6685,2,1,1,35 a 39,37 a 41,Secundario/Polimodal Completa y más,Menos de 2500 gramos,40
6686,22,1,2,Menor de 15,37 a 41,Hasta Primaria/C.EGB Completa,2500 gramos y más,28
6687,90,1,1,40 a 44,32 a 36,Secundario/Polimodal Completa y más,2500 gramos y más,23
6688,6,2,2,20 a 24,37 a 41,Sin especificar,2500 gramos y más,5
6689,22,2,2,25 a 29,24 a 27,Secundaria/Polimodal Incompleta,Menos de 2500 gramos,2
6690,70,1,1,25 a 29,Sin especificar,Secundaria/Polimodal Incompleta,Sin especificar,1
6691,38,1,1,20 a 24,37 a 41,Hasta Primaria/C.EGB Completa,Menos de 2500 gramos,1
6692,6,2,1,25 a 29,37 a 41,Sin especificar,2500 gramos y más,6
6693,70,2,2,20 a 24,24 a 27,Secundaria/Polimodal Incompleta,Menos de 2500 gramos,2
6694,6,9,2,30 a 34,37 a 41,Secundario/Polimodal Completa y más,Menos de 2500 gramos,1
6695,66,1,2,15 a 19,28 a 31,Secundario/Polimodal Completa y más,Menos de 2500 gramos,1
6696,82,1,1,25 a 29,22 a 23,Secundario/Polimodal Completa y más,Menos de 2500 gramos,1
6697,70,2,2,40 a 44,32 a 36,Secundaria/Polimodal Incompleta,Menos de 2500 gramos,1
6698,6,1,2,30 a 34,Sin especificar,Secundaria/Polimodal Incompleta,Menos de 2500 gramos,3
6699,30,1,2,35 a 39,24 a 27,Hasta Primaria/C.EGB Completa,Menos de 2500 gramos,1
6700,6,2,1,20 a 24,32 a 36,Secundario/Polimodal Completa y más,2500 gramos y más,15
6701,30,1,1,35 a 39,Sin especificar,Secundario/Polimodal Completa y más,2500 gramos y más,2
6702,90,1,1,40 a 44,42 y más,Secundario/Polimodal Completa y más,2500 gramos y más,4
6703,30,1,1,35 a 39,37 a 41,Hasta Primaria/C.EGB Completa,2500 gramos y más,150
6704,50,1,1,35 a 39,37 a 41,Hasta Primaria/C.EGB Completa,2500 gramos y más,153
6705,62,1,1,25 a 29,37 a 41,Secundario/Polimodal Completa y más,Menos de 2500 gramos,7
6706,6,1,2,35 a 39,Sin especificar,Secundario/Polimodal Completa y más,Menos de 2500 gramos,3
6707,82,2,2,20 a 24,24 a 27,Hasta Primaria/C.EGB Completa,Menos de 2500 gramos,2
6708,22,1,2,Menor de 15,37 a 41,Hasta Primaria/C.EGB Completa,Menos de 2500 gramos,3
6709,70,1,1,20 a 24,32 a 36,Secundaria/Polimodal Incompleta,2500 gramos y más,9
6710,6,1,2,Sin especificar,Sin especificar,Secundaria/Polimodal Incompleta,Sin especificar,6
6711,62,1,1,25 a 29,24 a 27,Secundario/Polimodal Completa y más,Menos de 2500 gramos,1
6712,18,1,1,20 a 24,32 a 36,Hasta Primaria/C.EGB Completa,Menos de 2500 gramos,4
6713,30,2,2,20 a 24,37 a 41,Secundario/Polimodal Completa y más,Menos de 2500 gramos,1
6714,30,1,1,30 a 34,37 a 41,Sin especificar,2500 gramos y más,7
6715,62,2,2,25 a 29,37 a 41,Sin especificar,2500 gramos y más,4
6716,2,1,1,30 a 34,32 a 36,Sin especificar,Menos de 2500 gramos,5
6717,86,1,1,30 a 34,32 a 36,Secundario/Polimodal Completa y más,Menos de 2500 gramos,17
6718,99,9,2,40 a 44,28 a 31,Sin especificar,Menos de 2500 gramos,1
6719,6,1,2,De 45 y más,37 a 41,Secundario/Polimodal Completa y más,2500 gramos y más,199
6720,6,2,1,30 a 34,37 a 41,Secundario/Polimodal Completa y más,2500 gramos y más,61
6721,6,1,2,20 a 24,32 a 36,Secundario/Polimodal Completa y más,2500 gramos y más,231
6722,6,9,2,30 a 34,32 a 36,Sin especificar,Menos de 2500 gramos,1
6723,22,1,2,25 a 29,32 a 36,Hasta Primaria/C.EGB Completa,Menos de 2500 gramos,21
6724,22,1,1,25 a 29,37 a 41,Hasta Primaria/C.EGB Completa,2500 gramos y más,540
6725,34,2,1,20 a 24,37 a 41,Secundario/Polimodal Completa y más,Menos de 2500 gramos,1
6726,62,1,1,40 a 44,32 a 36,Sin especificar,2500 gramos y más,1
6727,18,1,1,35 a 39,32 a 36,Sin especificar,2500 gramos y más,3
6728,58,1,2,15 a 19,37 a 41,Secundaria/Polimodal Incompleta,2500 gramos y más,152
6729,90,2,1,20 a 24,24 a 27,Secundaria/Polimodal Incompleta,Sin especificar,1
6730,22,1,1,30 a 34,42 y más,Secundaria/Polimodal Incompleta,2500 gramos y más,2
6731,34,2,2,35 a 39,32 a 36,Secundario/Polimodal Completa y más,Menos de 2500 gramos,2
6732,18,2,1,30 a 34,32 a 36,Hasta Primaria/C.EGB Completa,Menos de 2500 gramos,2
6733,18,1,1,Menor de 15,37 a 41,Hasta Primaria/C.EGB Completa,Menos de 2500 gramos,1
6734,94,1,1,20 a 24,32 a 36,Secundaria/Polimodal Incompleta,2500 gramos y más,1
6735,30,1,1,De 45 y más,28 a 31,Hasta Primaria/C.EGB Completa,Menos de 2500 gramos,1
6736,78,1,1,40 a 44,32 a 36,Secundario/Polimodal Completa y más,Menos de 2500 gramos,2
6737,90,1,1,20 a 24,Sin especificar,Secundario/Polimodal Completa y más,Sin especificar,1
6738,22,1,1,15 a 19,37 a 41,Secundaria/Polimodal Incompleta,2500 gramos y más,513
6739,10,1,2,15 a 19,32 a 36,Secundario/Polimodal Completa y más,2500 gramos y más,4
6740,6,1,1,25 a 29,Sin especificar,Secundaria/Polimodal Incompleta,2500 gramos y más,10
6741,78,2,1,30 a 34,37 a 41,Secundario/Polimodal Completa y más,2500 gramos y más,2
6742,54,1,2,Sin especificar,37 a 41,Sin especificar,Sin especificar,6
6743,18,2,2,30 a 34,32 a 36,Hasta Primaria/C.EGB Completa,2500 gramos y más,2
6744,22,2,2,30 a 34,37 a 41,Hasta Primaria/C.EGB Completa,Menos de 2500 gramos,1
6745,78,1,2,35 a 39,32 a 36,Hasta Primaria/C.EGB Completa,Menos de 2500 gramos,1
6746,54,2,2,30 a 34,37 a 41,Sin especificar,Menos de 2500 gramos,1
6747,34,1,1,40 a 44,28 a 31,Secundario/Polimodal Completa y más,Menos de 2500 gramos,1
6748,90,1,2,20 a 24,Sin especificar,Secundario/Polimodal Completa y más,2500 gramos y más,13
6749,18,1,1,Menor de 15,37 a 41,Sin especificar,2500 gramos y más,9
6750,6,1,1,Sin especificar,32 a 36,Hasta Primaria/C.EGB Completa,Sin especificar,1
6751,50,2,1,De 45 y más,32 a 36,Secundario/Polimodal Completa y más,Menos de 2500 gramos,6
6752,62,1,2,25 a 29,28 a 31,Secundario/Polimodal Completa y más,Menos de 2500 gramos,3
6753,50,1,2,Sin especificar,Sin especificar,Sin especificar,2500 gramos y más,1
6754,94,1,1,20 a 24,37 a 41,Secundaria/Polimodal Incompleta,Menos de 2500 gramos,2
6755,82,1,2,20 a 24,37 a 41,Secundario/Polimodal Completa y más,2500 gramos y más,1451
6756,6,1,2,35 a 39,24 a 27,Secundaria/Polimodal Incompleta,Menos de 2500 gramos,8
6757,30,2,2,25 a 29,37 a 41,Hasta Primaria/C.EGB Completa,2500 gramos y más,3
6758,62,1,2,30 a 34,28 a 31,Secundaria/Polimodal Incompleta,Menos de 2500 gramos,2
6759,70,1,1,20 a 24,37 a 41,Hasta Primaria/C.EGB Completa,Menos de 2500 gramos,5
6760,2,2,2,35 a 39,32 a 36,Hasta Primaria/C.EGB Completa,Menos de 2500 gramos,1
6761,99,1,2,35 a 39,37 a 41,Hasta Primaria/C.EGB Completa,2500 gramos y más,1
6762,50,1,1,35 a 39,37 a 41,Secundaria/Polimodal Incompleta,2500 gramos y más,230
6763,82,1,1,20 a 24,42 y más,Hasta Primaria/C.EGB Completa,2500 gramos y más,2
6764,62,1,2,35 a 39,32 a 36,Hasta Primaria/C.EGB Completa,2500 gramos y más,4
6765,2,1,2,15 a 19,32 a 36,Hasta Primaria/C.EGB Completa,2500 gramos y más,1
6766,86,1,1,15 a 19,32 a 36,Secundario/Polimodal Completa y más,2500 gramos y más,4
6767,70,1,1,20 a 24,37 a 41,Secundario/Polimodal Completa y más,Menos de 2500 gramos,10
6768,6,2,1,25 a 29,37 a 41,Secundaria/Polimodal Incompleta,Menos de 2500 gramos,11
6769,78,1,1,25 a 29,32 a 36,Secundario/Polimodal Completa y más,Menos de 2500 gramos,2
6770,54,1,2,40 a 44,28 a 31,Secundaria/Polimodal Incompleta,Menos de 2500 gramos,1
6771,10,1,1,15 a 19,37 a 41,Secundario/Polimodal Completa y más,2500 gramos y más,41
6772,26,1,1,35 a 39,37 a 41,Secundario/Polimodal Completa y más,2500 gramos y más,326
6773,78,2,1,20 a 24,32 a 36,Hasta Primaria/C.EGB Completa,Menos de 2500 gramos,1
6774,38,1,1,15 a 19,37 a 41,Secundario/Polimodal Completa y más,2500 gramos y más,62
6775,70,1,2,25 a 29,22 a 23,Secundaria/Polimodal Incompleta,Menos de 2500 gramos,1
6776,6,1,1,20 a 24,Menos de 22,Secundaria/Polimodal Incompleta,Menos de 2500 gramos,1
6777,54,1,1,40 a 44,37 a 41,Hasta Primaria/C.EGB Completa,Menos de 2500 gramos,6
6778,66,1,2,40 a 44,28 a 31,Secundario/Polimodal Completa y más,Menos de 2500 gramos,1
6779,58,1,1,35 a 39,37 a 41,Secundaria/Polimodal Incompleta,Sin especificar,1
6780,94,1,2,20 a 24,37 a 41,Secundario/Polimodal Completa y más,Menos de 2500 gramos,4
6781,70,2,1,40 a 44,32 a 36,Secundaria/Polimodal Incompleta,Menos de 2500 gramos,1
6782,2,1,1,40 a 44,32 a 36,Secundario/Polimodal Completa y más,2500 gramos y más,47
6783,62,1,1,35 a 39,28 a 31,Hasta Primaria/C.EGB Completa,Menos de 2500 gramos,2
6784,34,1,1,De 45 y más,37 a 41,Sin especificar,2500 gramos y más,1
6785,58,1,2,35 a 39,32 a 36,Secundaria/Polimodal Incompleta,Menos de 2500 gramos,6
6786,86,1,9,20 a 24,37 a 41,Hasta Primaria/C.EGB Completa,2500 gramos y más,1
6787,18,1,1,20 a 24,28 a 31,Sin especificar,Menos de 2500 gramos,2
6788,34,1,2,25 a 29,28 a 31,Secundaria/Polimodal Incompleta,Menos de 2500 gramos,1
6789,6,2,1,30 a 34,32 a 36,Hasta Primaria/C.EGB Completa,Menos de 2500 gramos,14
6790,58,1,1,20 a 24,37 a 41,Secundario/Polimodal Completa y más,Menos de 2500 gramos,4
6791,22,1,1,20 a 24,42 y más,Secundario/Polimodal Completa y más,2500 gramos y más,3
6792,66,2,2,30 a 34,37 a 41,Secundario/Polimodal Completa y más,Menos de 2500 gramos,5
6793,99,1,2,30 a 34,Sin especificar,Sin especificar,Sin especificar,20
6794,62,2,2,25 a 29,32 a 36,Hasta Primaria/C.EGB Completa,2500 gramos y más,1
6795,94,1,1,35 a 39,37 a 41,Secundaria/Polimodal Incompleta,2500 gramos y más,11
6796,30,1,1,20 a 24,32 a 36,Secundaria/Polimodal Incompleta,2500 gramos y más,17
6797,2,1,1,25 a 29,Sin especificar,Hasta Primaria/C.EGB Completa,Sin especificar,1
6798,22,1,2,20 a 24,24 a 27,Secundario/Polimodal Completa y más,Menos de 2500 gramos,2
6799,38,1,1,15 a 19,37 a 41,Secundario/Polimodal Completa y más,Menos de 2500 gramos,2
6800,2,1,1,40 a 44,32 a 36,Secundario/Polimodal Completa y más,Menos de 2500 gramos,29
6801,6,9,2,20 a 24,32 a 36,Sin especificar,2500 gramos y más,2
6802,26,1,2,30 a 34,37 a 41,Secundario/Polimodal Completa y más,2500 gramos y más,410
6803,90,1,1,15 a 19,Sin especificar,Secundario/Polimodal Completa y más,2500 gramos y más,2
6804,90,2,1,20 a 24,22 a 23,Secundario/Polimodal Completa y más,Menos de 2500 gramos,2
6805,34,2,2,20 a 24,28 a 31,Secundaria/Polimodal Incompleta,Menos de 2500 gramos,1
6806,90,2,1,30 a 34,24 a 27,Secundaria/Polimodal Incompleta,Menos de 2500 gramos,2
6807,2,9,1,35 a 39,37 a 41,Hasta Primaria/C.EGB Completa,2500 gramos y más,1
6808,99,1,1,Sin especificar,37 a 41,Sin especificar,2500 gramos y más,62
6809,54,2,1,20 a 24,32 a 36,Secundaria/Polimodal Incompleta,Menos de 2500 gramos,4
6810,54,1,1,40 a 44,42 y más,Hasta Primaria/C.EGB Completa,2500 gramos y más,1
6811,46,1,2,30 a 34,28 a 31,Secundario/Polimodal Completa y más,Menos de 2500 gramos,2
6812,2,1,2,De 45 y más,37 a 41,Secundaria/Polimodal Incompleta,2500 gramos y más,5
6813,54,2,2,20 a 24,37 a 41,Secundario/Polimodal Completa y más,2500 gramos y más,5
6814,10,1,2,25 a 29,32 a 36,Secundaria/Polimodal Incompleta,Menos de 2500 gramos,3
6815,82,2,2,30 a 34,37 a 41,Secundaria/Polimodal Incompleta,Menos de 2500 gramos,2
6816,74,1,1,20 a 24,37 a 41,Sin especificar,2500 gramos y más,14
6817,2,2,1,25 a 29,24 a 27,Secundario/Polimodal Completa y más,Menos de 2500 gramos,4
6818,74,1,1,30 a 34,37 a 41,Secundario/Polimodal Completa y más,Menos de 2500 gramos,8
6819,18,1,1,20 a 24,24 a 27,Sin especificar,Menos de 2500 gramos,2
6820,46,2,2,30 a 34,37 a 41,Secundaria/Polimodal Incompleta,2500 gramos y más,1
6821,82,2,1,20 a 24,32 a 36,Secundario/Polimodal Completa y más,Menos de 2500 gramos,17
6822,90,1,1,40 a 44,32 a 36,Secundaria/Polimodal Incompleta,2500 gramos y más,4
6823,18,2,2,25 a 29,32 a 36,Secundaria/Polimodal Incompleta,Menos de 2500 gramos,5
6824,66,1,1,15 a 19,37 a 41,Hasta Primaria/C.EGB Completa,Menos de 2500 gramos,2
6825,14,1,1,20 a 24,32 a 36,Secundaria/Polimodal Incompleta,2500 gramos y más,57
6826,10,1,2,Menor de 15,37 a 41,Secundaria/Polimodal Incompleta,Menos de 2500 gramos,1
6827,6,1,1,25 a 29,28 a 31,Secundaria/Polimodal Incompleta,Menos de 2500 gramos,26
6828,86,1,2,35 a 39,32 a 36,Hasta Primaria/C.EGB Completa,2500 gramos y más,11
6829,6,1,2,30 a 34,32 a 36,Secundario/Polimodal Completa y más,2500 gramos y más,415
6830,99,9,1,15 a 19,32 a 36,Sin especificar,Menos de 2500 gramos,1
6831,2,1,1,20 a 24,42 y más,Secundario/Polimodal Completa y más,2500 gramos y más,1
6832,30,2,2,35 a 39,24 a 27,Hasta Primaria/C.EGB Completa,Menos de 2500 gramos,1
6833,62,2,1,30 a 34,37 a 41,Secundario/Polimodal Completa y más,Menos de 2500 gramos,2
6834,30,1,9,25 a 29,37 a 41,Secundario/Polimodal Completa y más,2500 gramos y más,1
6835,2,2,1,20 a 24,32 a 36,Secundaria/Polimodal Incompleta,2500 gramos y más,4
6836,26,1,2,40 a 44,37 a 41,Sin especificar,Menos de 2500 gramos,2
6837,46,2,2,20 a 24,32 a 36,Secundaria/Polimodal Incompleta,Menos de 2500 gramos,1
6838,6,2,2,40 a 44,32 a 36,Secundario/Polimodal Completa y más,2500 gramos y más,8
6839,6,1,1,De 45 y más,Sin especificar,Sin especificar,Sin especificar,1
6840,66,1,1,15 a 19,32 a 36,Secundaria/Polimodal Incompleta,Menos de 2500 gramos,34
6841,62,1,2,30 a 34,32 a 36,Sin especificar,2500 gramos y más,3
6842,6,1,1,35 a 39,37 a 41,Sin especificar,2500 gramos y más,996
6843,22,1,1,20 a 24,37 a 41,Hasta Primaria/C.EGB Completa,Menos de 2500 gramos,12
6844,90,1,1,25 a 29,37 a 41,Sin especificar,2500 gramos y más,7
6845,82,2,2,30 a 34,37 a 41,Secundaria/Polimodal Incompleta,2500 gramos y más,4
6846,54,1,2,20 a 24,24 a 27,Hasta Primaria/C.EGB Completa,Menos de 2500 gramos,1
6847,14,1,2,15 a 19,37 a 41,Secundario/Polimodal Completa y más,2500 gramos y más,318
6848,46,2,2,35 a 39,32 a 36,Hasta Primaria/C.EGB Completa,Menos de 2500 gramos,2
6849,78,1,1,30 a 34,37 a 41,Secundario/Polimodal Completa y más,Menos de 2500 gramos,5
6850,70,1,2,35 a 39,28 a 31,Secundario/Polimodal Completa y más,Menos de 2500 gramos,2
6851,66,1,2,30 a 34,37 a 41,Secundaria/Polimodal Incompleta,Menos de 2500 gramos,10
6852,90,1,1,30 a 34,24 a 27,Secundario/Polimodal Completa y más,Menos de 2500 gramos,3
6853,2,1,1,20 a 24,28 a 31,Hasta Primaria/C.EGB Completa,Menos de 2500 gramos,1
6854,86,1,2,De 45 y más,32 a 36,Secundaria/Polimodal Incompleta,2500 gramos y más,2
6855,18,1,2,15 a 19,32 a 36,Hasta Primaria/C.EGB Completa,2500 gramos y más,3
6856,90,1,1,35 a 39,37 a 41,Sin especificar,2500 gramos y más,1
6857,54,1,2,40 a 44,37 a 41,Secundario/Polimodal Completa y más,Menos de 2500 gramos,2
6858,70,1,2,20 a 24,32 a 36,Secundaria/Polimodal Incompleta,Menos de 2500 gramos,9
6859,86,1,1,30 a 34,42 y más,Hasta Primaria/C.EGB Completa,2500 gramos y más,4
6860,6,1,2,35 a 39,37 a 41,Secundario/Polimodal Completa y más,Menos de 2500 gramos,213
6861,30,1,1,40 a 44,32 a 36,Hasta Primaria/C.EGB Completa,Menos de 2500 gramos,1
6862,99,1,1,Sin especificar,37 a 41,Sin especificar,Menos de 2500 gramos,2
6863,54,1,1,25 a 29,32 a 36,Hasta Primaria/C.EGB Completa,Menos de 2500 gramos,20
6864,54,1,1,15 a 19,32 a 36,Hasta Primaria/C.EGB Completa,Menos de 2500 gramos,17
6865,14,1,1,40 a 44,32 a 36,Secundario/Polimodal Completa y más,2500 gramos y más,36
6866,2,9,1,25 a 29,32 a 36,Sin especificar,Menos de 2500 gramos,1
6867,90,1,2,25 a 29,22 a 23,Hasta Primaria/C.EGB Completa,Menos de 2500 gramos,1
6868,70,1,1,30 a 34,37 a 41,Secundario/Polimodal Completa y más,Menos de 2500 gramos,18
6869,14,1,2,15 a 19,32 a 36,Secundario/Polimodal Completa y más,Menos de 2500 gramos,19
6870,62,1,2,15 a 19,37 a 41,Secundaria/Polimodal Incompleta,Menos de 2500 gramos,12
6871,58,1,2,15 a 19,24 a 27,Secundaria/Polimodal Incompleta,Menos de 2500 gramos,1
6872,86,1,1,De 45 y más,37 a 41,Hasta Primaria/C.EGB Completa,2500 gramos y más,2
6873,86,1,1,30 a 34,32 a 36,Secundario/Polimodal Completa y más,2500 gramos y más,27
6874,46,1,2,30 a 34,37 a 41,Secundaria/Polimodal Incompleta,Menos de 2500 gramos,1
6875,2,2,2,35 a 39,32 a 36,Secundaria/Polimodal Incompleta,Menos de 2500 gramos,1
6876,38,1,2,40 a 44,42 y más,Secundario/Polimodal Completa y más,2500 gramos y más,2
6877,2,2,1,30 a 34,37 a 41,Hasta Primaria/C.EGB Completa,2500 gramos y más,3
6878,54,1,1,25 a 29,42 y más,Secundario/Polimodal Completa y más,2500 gramos y más,6
6879,26,2,1,30 a 34,32 a 36,Secundario/Polimodal Completa y más,2500 gramos y más,1
6880,2,2,1,20 a 24,37 a 41,Secundaria/Polimodal Incompleta,2500 gramos y más,3
6881,54,1,2,30 a 34,Sin especificar,Secundario/Polimodal Completa y más,2500 gramos y más,2
6882,42,1,1,15 a 19,22 a 23,Secundaria/Polimodal Incompleta,Menos de 2500 gramos,1
6883,46,1,2,15 a 19,28 a 31,Secundaria/Polimodal Incompleta,Menos de 2500 gramos,1
6884,14,1,1,25 a 29,28 a 31,Hasta Primaria/C.EGB Completa,Menos de 2500 gramos,1
6885,6,1,1,25 a 29,37 a 41,Secundaria/Polimodal Incompleta,2500 gramos y más,3930
6886,54,1,1,35 a 39,37 a 41,Secundario/Polimodal Completa y más,2500 gramos y más,463
6887,62,1,1,De 45 y más,32 a 36,Secundario/Polimodal Completa y más,2500 gramos y más,1
6888,70,2,1,20 a 24,37 a 41,Secundaria/Polimodal Incompleta,2500 gramos y más,2
6889,66,1,1,15 a 19,37 a 41,Secundario/Polimodal Completa y más,Menos de 2500 gramos,4
6890,6,1,1,De 45 y más,Sin especificar,Secundario/Polimodal Completa y más,Sin especificar,1
6891,2,1,2,25 a 29,28 a 31,Hasta Primaria/C.EGB Completa,Menos de 2500 gramos,2
6892,86,1,2,35 a 39,32 a 36,Secundario/Polimodal Completa y más,2500 gramos y más,12
6893,18,2,2,30 a 34,37 a 41,Secundario/Polimodal Completa y más,2500 gramos y más,11
6894,54,2,1,15 a 19,37 a 41,Secundaria/Polimodal Incompleta,2500 gramos y más,2
6895,6,1,2,De 45 y más,32 a 36,Hasta Primaria/C.EGB Completa,2500 gramos y más,2
6896,10,1,2,35 a 39,32 a 36,Secundario/Polimodal Completa y más,2500 gramos y más,4
6897,26,1,2,15 a 19,37 a 41,Secundario/Polimodal Completa y más,2500 gramos y más,45
6898,70,1,1,15 a 19,32 a 36,Hasta Primaria/C.EGB Completa,2500 gramos y más,1
6899,6,1,2,40 a 44,28 a 31,Secundario/Polimodal Completa y más,2500 gramos y más,1
6900,66,1,1,35 a 39,37 a 41,Secundaria/Polimodal Incompleta,Menos de 2500 gramos,3
6901,6,2,2,30 a 34,28 a 31,Secundaria/Polimodal Incompleta,Menos de 2500 gramos,4
6902,6,1,1,Sin especificar,37 a 41,Hasta Primaria/C.EGB Completa,2500 gramos y más,107
6903,90,2,2,35 a 39,37 a 41,Secundario/Polimodal Completa y más,Menos de 2500 gramos,6
6904,22,1,2,25 a 29,24 a 27,Secundario/Polimodal Completa y más,Menos de 2500 gramos,3
6905,42,1,1,30 a 34,32 a 36,Secundaria/Polimodal Incompleta,2500 gramos y más,4
6906,62,1,2,15 a 19,37 a 41,Secundaria/Polimodal Incompleta,2500 gramos y más,123
6907,6,9,2,40 a 44,32 a 36,Sin especificar,2500 gramos y más,1
6908,50,2,1,35 a 39,24 a 27,Secundario/Polimodal Completa y más,Menos de 2500 gramos,2
6909,30,2,1,25 a 29,32 a 36,Secundaria/Polimodal Incompleta,Menos de 2500 gramos,4
6910,50,1,1,40 a 44,32 a 36,Secundaria/Polimodal Incompleta,Menos de 2500 gramos,5
6911,38,2,1,20 a 24,24 a 27,Secundario/Polimodal Completa y más,Menos de 2500 gramos,2
6912,14,1,1,15 a 19,24 a 27,Secundaria/Polimodal Incompleta,Menos de 2500 gramos,7
6913,90,2,1,25 a 29,Sin especificar,Secundario/Polimodal Completa y más,Menos de 2500 gramos,1
6914,30,2,2,30 a 34,32 a 36,Secundario/Polimodal Completa y más,2500 gramos y más,1
6915,58,1,2,30 a 34,37 a 41,Hasta Primaria/C.EGB Completa,2500 gramos y más,82
6916,26,1,1,35 a 39,32 a 36,Secundaria/Polimodal Incompleta,2500 gramos y más,3
6917,6,2,1,25 a 29,Sin especificar,Secundario/Polimodal Completa y más,Menos de 2500 gramos,2
6918,54,1,1,20 a 24,24 a 27,Secundario/Polimodal Completa y más,Menos de 2500 gramos,3
6919,26,2,1,40 a 44,32 a 36,Secundario/Polimodal Completa y más,Menos de 2500 gramos,1
6920,90,1,2,20 a 24,22 a 23,Hasta Primaria/C.EGB Completa,Menos de 2500 gramos,1
6921,6,1,1,Sin especificar,28 a 31,Secundario/Polimodal Completa y más,Menos de 2500 gramos,3
6922,82,1,1,40 a 44,24 a 27,Secundario/Polimodal Completa y más,Menos de 2500 gramos,3
6923,50,1,1,15 a 19,37 a 41,Hasta Primaria/C.EGB Completa,Menos de 2500 gramos,1
6924,54,1,1,35 a 39,32 a 36,Hasta Primaria/C.EGB Completa,Menos de 2500 gramos,11
6925,74,1,2,De 45 y más,37 a 41,Secundario/Polimodal Completa y más,2500 gramos y más,4
6926,22,1,2,20 a 24,Sin especificar,Secundario/Polimodal Completa y más,2500 gramos y más,3
6927,99,1,1,20 a 24,37 a 41,Secundaria/Polimodal Incompleta,2500 gramos y más,3
6928,2,9,1,25 a 29,32 a 36,Sin especificar,2500 gramos y más,3
6929,94,1,1,30 a 34,28 a 31,Secundario/Polimodal Completa y más,Menos de 2500 gramos,1
6930,10,1,1,40 a 44,37 a 41,Secundaria/Polimodal Incompleta,Menos de 2500 gramos,1
6931,62,1,1,25 a 29,37 a 41,Sin especificar,2500 gramos y más,79
6932,74,2,1,25 a 29,32 a 36,Secundario/Polimodal Completa y más,2500 gramos y más,2
6933,18,1,1,35 a 39,32 a 36,Hasta Primaria/C.EGB Completa,2500 gramos y más,1
6934,66,1,2,30 a 34,32 a 36,Hasta Primaria/C.EGB Completa,Sin especificar,1
6935,66,1,1,40 a 44,Sin especificar,Hasta Primaria/C.EGB Completa,Menos de 2500 gramos,1
6936,66,1,1,30 a 34,Sin especificar,Secundario/Polimodal Completa y más,Sin especificar,1
6937,46,1,1,30 a 34,28 a 31,Secundario/Polimodal Completa y más,Menos de 2500 gramos,6
6938,34,1,2,40 a 44,32 a 36,Secundaria/Polimodal Incompleta,Menos de 2500 gramos,4
6939,90,1,1,Menor de 15,Sin especificar,Hasta Primaria/C.EGB Completa,Menos de 2500 gramos,1
6940,66,1,1,De 45 y más,Sin especificar,Secundario/Polimodal Completa y más,2500 gramos y más,1
6941,66,1,2,De 45 y más,37 a 41,Secundario/Polimodal Completa y más,Menos de 2500 gramos,1
6942,70,1,1,20 a 24,32 a 36,Secundario/Polimodal Completa y más,2500 gramos y más,16
6943,54,1,1,20 a 24,37 a 41,Hasta Primaria/C.EGB Completa,Menos de 2500 gramos,23
6944,99,1,9,Sin especificar,Sin especificar,Sin especificar,Sin especificar,12
6945,6,1,2,30 a 34,Sin especificar,Hasta Primaria/C.EGB Completa,2500 gramos y más,10
6946,22,1,2,15 a 19,32 a 36,Sin especificar,2500 gramos y más,2
6947,6,1,2,Sin especificar,Sin especificar,Sin especificar,Sin especificar,990
6948,22,1,2,De 45 y más,37 a 41,Secundario/Polimodal Completa y más,Menos de 2500 gramos,1
6949,14,1,1,40 a 44,37 a 41,Hasta Primaria/C.EGB Completa,Menos de 2500 gramos,7
6950,22,1,2,25 a 29,37 a 41,Secundario/Polimodal Completa y más,Menos de 2500 gramos,33
6951,14,1,1,20 a 24,37 a 41,Sin especificar,2500 gramos y más,2
6952,54,1,1,De 45 y más,37 a 41,Secundaria/Polimodal Incompleta,2500 gramos y más,5
6953,86,2,1,20 a 24,37 a 41,Secundaria/Polimodal Incompleta,Menos de 2500 gramos,1
6954,2,1,1,25 a 29,37 a 41,Hasta Primaria/C.EGB Completa,Menos de 2500 gramos,5
6955,66,1,1,35 a 39,37 a 41,Sin especificar,Menos de 2500 gramos,1
6956,70,2,1,30 a 34,32 a 36,Hasta Primaria/C.EGB Completa,Menos de 2500 gramos,2
6957,22,1,2,40 a 44,32 a 36,Secundario/Polimodal Completa y más,Menos de 2500 gramos,10
6958,90,1,2,20 a 24,28 a 31,Secundario/Polimodal Completa y más,2500 gramos y más,3
6959,14,2,1,40 a 44,37 a 41,Secundaria/Polimodal Incompleta,2500 gramos y más,6
6960,98,1,2,30 a 34,37 a 41,Sin especificar,2500 gramos y más,1
6961,90,1,2,15 a 19,28 a 31,Secundaria/Polimodal Incompleta,2500 gramos y más,1
6962,82,1,2,40 a 44,37 a 41,Sin especificar,2500 gramos y más,5
6963,46,1,1,20 a 24,24 a 27,Secundario/Polimodal Completa y más,Menos de 2500 gramos,4
6964,6,1,1,30 a 34,Sin especificar,Secundaria/Polimodal Incompleta,2500 gramos y más,6
6965,2,1,1,20 a 24,28 a 31,Sin especificar,Menos de 2500 gramos,1
6966,14,2,1,25 a 29,32 a 36,Hasta Primaria/C.EGB Completa,Menos de 2500 gramos,1
6967,34,2,1,20 a 24,24 a 27,Sin especificar,Menos de 2500 gramos,1
6968,22,1,1,20 a 24,37 a 41,Hasta Primaria/C.EGB Completa,Sin especificar,3
6969,66,2,2,30 a 34,28 a 31,Secundario/Polimodal Completa y más,Menos de 2500 gramos,5
6970,46,1,1,25 a 29,28 a 31,Sin especificar,Menos de 2500 gramos,1
6971,86,2,1,30 a 34,28 a 31,Hasta Primaria/C.EGB Completa,Menos de 2500 gramos,3
6972,34,1,1,25 a 29,32 a 36,Secundario/Polimodal Completa y más,2500 gramos y más,24
6973,38,1,1,15 a 19,32 a 36,Hasta Primaria/C.EGB Completa,Menos de 2500 gramos,2
6974,54,1,1,25 a 29,37 a 41,Hasta Primaria/C.EGB Completa,2500 gramos y más,619
6975,54,2,2,30 a 34,37 a 41,Sin especificar,2500 gramos y más,2
6976,86,1,1,30 a 34,37 a 41,Secundario/Polimodal Completa y más,2500 gramos y más,329
6977,22,1,1,Menor de 15,32 a 36,Secundaria/Polimodal Incompleta,2500 gramos y más,2
6978,38,1,2,30 a 34,32 a 36,Secundaria/Polimodal Incompleta,Menos de 2500 gramos,4
6979,22,1,2,25 a 29,32 a 36,Secundario/Polimodal Completa y más,Menos de 2500 gramos,48
6980,90,1,1,25 a 29,32 a 36,Secundaria/Polimodal Incompleta,Menos de 2500 gramos,16
6981,82,2,1,20 a 24,37 a 41,Hasta Primaria/C.EGB Completa,2500 gramos y más,3
6982,54,2,1,25 a 29,37 a 41,Secundario/Polimodal Completa y más,2500 gramos y más,3
6983,74,1,2,De 45 y más,28 a 31,Secundario/Polimodal Completa y más,Menos de 2500 gramos,1
6984,90,2,1,30 a 34,32 a 36,Hasta Primaria/C.EGB Completa,Menos de 2500 gramos,8
6985,30,1,2,25 a 29,37 a 41,Secundaria/Polimodal Incompleta,2500 gramos y más,402
6986,6,1,1,20 a 24,37 a 41,Secundaria/Polimodal Incompleta,Sin especificar,7
6987,34,1,1,25 a 29,37 a 41,Secundaria/Polimodal Incompleta,2500 gramos y más,167
6988,86,1,2,20 a 24,42 y más,Hasta Primaria/C.EGB Completa,Menos de 2500 gramos,1
6989,74,1,1,30 a 34,32 a 36,Sin especificar,Menos de 2500 gramos,3
6990,66,1,2,De 45 y más,37 a 41,Hasta Primaria/C.EGB Completa,2500 gramos y más,4
6991,54,1,2,40 a 44,37 a 41,Secundario/Polimodal Completa y más,2500 gramos y más,102
6992,30,1,2,35 a 39,37 a 41,Secundaria/Polimodal Incompleta,2500 gramos y más,115
6993,82,1,1,20 a 24,28 a 31,Sin especificar,Menos de 2500 gramos,1
6994,90,1,1,25 a 29,28 a 31,Secundario/Polimodal Completa y más,2500 gramos y más,2
6995,2,1,2,35 a 39,32 a 36,Secundaria/Polimodal Incompleta,Menos de 2500 gramos,4
6996,70,1,2,20 a 24,37 a 41,Hasta Primaria/C.EGB Completa,Menos de 2500 gramos,6
6997,70,2,2,20 a 24,37 a 41,Secundario/Polimodal Completa y más,Menos de 2500 gramos,2
6998,30,2,2,15 a 19,24 a 27,Hasta Primaria/C.EGB Completa,Menos de 2500 gramos,2
6999,10,2,2,35 a 39,37 a 41,Secundario/Polimodal Completa y más,2500 gramos y más,1
7000,62,1,1,30 a 34,28 a 31,Secundario/Polimodal Completa y más,Menos de 2500 gramos,4
7001,22,1,2,15 a 19,24 a 27,Secundaria/Polimodal Incompleta,Menos de 2500 gramos,2
7002,6,1,2,15 a 19,37 a 41,Secundario/Polimodal Completa y más,2500 gramos y más,1239
7003,2,1,1,30 a 34,24 a 27,Hasta Primaria/C.EGB Completa,Menos de 2500 gramos,1
7004,90,1,2,30 a 34,32 a 36,Secundario/Polimodal Completa y más,2500 gramos y más,88
7005,34,1,1,25 a 29,37 a 41,Secundaria/Polimodal Incompleta,Menos de 2500 gramos,8
7006,14,1,1,Sin especificar,37 a 41,Secundaria/Polimodal Incompleta,2500 gramos y más,2
7007,78,2,2,35 a 39,32 a 36,Secundario/Polimodal Completa y más,2500 gramos y más,1
7008,50,1,1,25 a 29,37 a 41,Secundaria/Polimodal Incompleta,Menos de 2500 gramos,16
7009,46,1,2,30 a 34,32 a 36,Secundaria/Polimodal Incompleta,2500 gramos y más,2
7010,54,1,2,25 a 29,37 a 41,Secundario/Polimodal Completa y más,Sin especificar,1
7011,34,1,2,40 a 44,32 a 36,Sin especificar,2500 gramos y más,1
7012,99,1,2,35 a 39,Sin especificar,Sin especificar,Sin especificar,15
7013,34,2,2,35 a 39,37 a 41,Secundario/Polimodal Completa y más,2500 gramos y más,3
7014,78,2,2,20 a 24,37 a 41,Secundaria/Polimodal Incompleta,2500 gramos y más,1
7015,86,1,1,30 a 34,37 a 41,Secundario/Polimodal Completa y más,Menos de 2500 gramos,13
7016,70,1,2,20 a 24,37 a 41,Hasta Primaria/C.EGB Completa,2500 gramos y más,198
7017,90,1,1,40 a 44,37 a 41,Hasta Primaria/C.EGB Completa,Menos de 2500 gramos,9
7018,66,1,2,40 a 44,22 a 23,Secundaria/Polimodal Incompleta,Menos de 2500 gramos,1
7019,6,1,1,Menor de 15,37 a 41,Secundaria/Polimodal Incompleta,2500 gramos y más,63
7020,82,2,1,15 a 19,37 a 41,Hasta Primaria/C.EGB Completa,2500 gramos y más,1
7021,66,1,2,25 a 29,42 y más,Secundario/Polimodal Completa y más,2500 gramos y más,4
7022,90,2,2,40 a 44,37 a 41,Secundario/Polimodal Completa y más,2500 gramos y más,3
7023,99,1,1,20 a 24,Sin especificar,Sin especificar,Menos de 2500 gramos,1
7024,34,1,2,20 a 24,28 a 31,Secundaria/Polimodal Incompleta,Menos de 2500 gramos,1
7025,30,1,2,20 a 24,32 a 36,Secundaria/Polimodal Incompleta,Menos de 2500 gramos,18
7026,22,2,2,30 a 34,37 a 41,Hasta Primaria/C.EGB Completa,2500 gramos y más,3
7027,6,1,2,25 a 29,Sin especificar,Secundario/Polimodal Completa y más,2500 gramos y más,20
7028,74,1,1,25 a 29,32 a 36,Secundario/Polimodal Completa y más,Menos de 2500 gramos,14
7029,70,1,1,20 a 24,28 a 31,Secundario/Polimodal Completa y más,2500 gramos y más,2
7030,54,1,1,40 a 44,42 y más,Secundario/Polimodal Completa y más,2500 gramos y más,2
7031,54,2,2,30 a 34,32 a 36,Sin especificar,Menos de 2500 gramos,1
7032,90,2,1,40 a 44,32 a 36,Secundaria/Polimodal Incompleta,2500 gramos y más,1
7033,90,2,2,35 a 39,32 a 36,Hasta Primaria/C.EGB Completa,Menos de 2500 gramos,3
7034,22,2,1,20 a 24,32 a 36,Secundaria/Polimodal Incompleta,2500 gramos y más,2
7035,94,2,2,40 a 44,37 a 41,Secundaria/Polimodal Incompleta,2500 gramos y más,2
7036,58,2,2,20 a 24,28 a 31,Secundario/Polimodal Completa y más,Menos de 2500 gramos,4
7037,6,1,2,Menor de 15,Sin especificar,Sin especificar,Sin especificar,4
7038,90,1,1,15 a 19,Sin especificar,Secundaria/Polimodal Incompleta,2500 gramos y más,1
7039,90,1,1,De 45 y más,32 a 36,Secundaria/Polimodal Incompleta,2500 gramos y más,2
7040,86,2,2,30 a 34,37 a 41,Secundaria/Polimodal Incompleta,2500 gramos y más,2
7041,62,2,2,20 a 24,37 a 41,Sin especificar,2500 gramos y más,3
7042,66,1,2,35 a 39,32 a 36,Secundaria/Polimodal Incompleta,Menos de 2500 gramos,4
7043,94,1,2,De 45 y más,32 a 36,Secundario/Polimodal Completa y más,2500 gramos y más,1
7044,14,2,1,20 a 24,37 a 41,Hasta Primaria/C.EGB Completa,2500 gramos y más,2
7045,10,1,2,30 a 34,Sin especificar,Secundario/Polimodal Completa y más,2500 gramos y más,4
7046,18,1,1,30 a 34,32 a 36,Secundario/Polimodal Completa y más,2500 gramos y más,21
7047,2,1,1,15 a 19,37 a 41,Secundario/Polimodal Completa y más,2500 gramos y más,79
7048,70,1,1,20 a 24,28 a 31,Secundario/Polimodal Completa y más,Menos de 2500 gramos,4
7049,6,1,1,De 45 y más,37 a 41,Sin especificar,2500 gramos y más,27
7050,94,1,1,15 a 19,37 a 41,Hasta Primaria/C.EGB Completa,2500 gramos y más,5
7051,6,1,2,30 a 34,37 a 41,Sin especificar,Menos de 2500 gramos,48
7052,38,2,2,15 a 19,32 a 36,Secundario/Polimodal Completa y más,Menos de 2500 gramos,1
7053,78,1,1,25 a 29,24 a 27,Secundaria/Polimodal Incompleta,Menos de 2500 gramos,2
7054,50,2,1,40 a 44,24 a 27,Secundaria/Polimodal Incompleta,Menos de 2500 gramos,1
7055,18,1,2,15 a 19,28 a 31,Hasta Primaria/C.EGB Completa,Menos de 2500 gramos,1
7056,30,2,1,20 a 24,37 a 41,Hasta Primaria/C.EGB Completa,Menos de 2500 gramos,1
7057,26,1,2,40 a 44,32 a 36,Secundario/Polimodal Completa y más,Menos de 2500 gramos,4
7058,98,1,1,30 a 34,37 a 41,Hasta Primaria/C.EGB Completa,2500 gramos y más,5
7059,58,1,1,25 a 29,42 y más,Secundario/Polimodal Completa y más,2500 gramos y más,1
7060,18,1,2,Menor de 15,37 a 41,Secundaria/Polimodal Incompleta,2500 gramos y más,10
7061,50,1,2,30 a 34,42 y más,Secundario/Polimodal Completa y más,2500 gramos y más,1
7062,78,1,1,25 a 29,37 a 41,Secundaria/Polimodal Incompleta,Menos de 2500 gramos,2
7063,6,1,2,25 a 29,Sin especificar,Secundario/Polimodal Completa y más,Menos de 2500 gramos,2
7064,78,1,1,20 a 24,32 a 36,Hasta Primaria/C.EGB Completa,2500 gramos y más,3
7065,58,2,1,25 a 29,32 a 36,Secundario/Polimodal Completa y más,Menos de 2500 gramos,2
7066,99,1,1,20 a 24,Sin especificar,Sin especificar,Sin especificar,43
7067,70,1,2,25 a 29,37 a 41,Secundaria/Polimodal Incompleta,Menos de 2500 gramos,15
7068,42,1,1,40 a 44,32 a 36,Secundario/Polimodal Completa y más,Menos de 2500 gramos,4
7069,90,1,1,20 a 24,32 a 36,Hasta Primaria/C.EGB Completa,2500 gramos y más,40
7070,18,2,1,30 a 34,32 a 36,Hasta Primaria/C.EGB Completa,2500 gramos y más,1
7071,6,1,2,30 a 34,32 a 36,Secundaria/Polimodal Incompleta,Sin especificar,1
7072,34,2,1,15 a 19,37 a 41,Secundaria/Polimodal Incompleta,Menos de 2500 gramos,1
7073,38,1,2,40 a 44,32 a 36,Secundario/Polimodal Completa y más,Menos de 2500 gramos,7
7074,94,1,2,30 a 34,37 a 41,Secundario/Polimodal Completa y más,Menos de 2500 gramos,4
7075,90,1,2,Menor de 15,28 a 31,Hasta Primaria/C.EGB Completa,Menos de 2500 gramos,1
7076,30,1,1,15 a 19,42 y más,Secundaria/Polimodal Incompleta,2500 gramos y más,1
7077,58,1,2,De 45 y más,24 a 27,Secundario/Polimodal Completa y más,Menos de 2500 gramos,1
7078,58,2,2,30 a 34,37 a 41,Secundario/Polimodal Completa y más,Menos de 2500 gramos,1
7079,70,1,2,20 a 24,37 a 41,Secundario/Polimodal Completa y más,Menos de 2500 gramos,7
7080,99,1,1,25 a 29,37 a 41,Hasta Primaria/C.EGB Completa,2500 gramos y más,1
7081,66,1,1,30 a 34,37 a 41,Sin especificar,2500 gramos y más,16
7082,6,1,1,Sin especificar,37 a 41,Sin especificar,Sin especificar,21
7083,62,1,2,40 a 44,32 a 36,Secundario/Polimodal Completa y más,2500 gramos y más,3
7084,50,1,2,Menor de 15,37 a 41,Hasta Primaria/C.EGB Completa,2500 gramos y más,2
7085,14,1,2,40 a 44,Sin especificar,Secundario/Polimodal Completa y más,Sin especificar,1
7086,54,1,1,25 a 29,24 a 27,Secundario/Polimodal Completa y más,Menos de 2500 gramos,2
7087,70,1,1,25 a 29,24 a 27,Secundario/Polimodal Completa y más,Menos de 2500 gramos,3
7088,58,1,1,35 a 39,28 a 31,Secundario/Polimodal Completa y más,Menos de 2500 gramos,3
7089,14,2,2,25 a 29,37 a 41,Hasta Primaria/C.EGB Completa,Menos de 2500 gramos,1
7090,34,1,2,25 a 29,32 a 36,Secundaria/Polimodal Incompleta,2500 gramos y más,12
7091,70,1,2,25 a 29,37 a 41,Sin especificar,2500 gramos y más,1
7092,66,1,1,De 45 y más,32 a 36,Secundario/Polimodal Completa y más,2500 gramos y más,1
7093,18,1,2,25 a 29,Sin especificar,Sin especificar,Menos de 2500 gramos,5
7094,30,2,1,20 a 24,28 a 31,Secundaria/Polimodal Incompleta,Menos de 2500 gramos,2
7095,22,1,1,20 a 24,28 a 31,Secundario/Polimodal Completa y más,2500 gramos y más,1
7096,38,1,2,20 a 24,28 a 31,Hasta Primaria/C.EGB Completa,Menos de 2500 gramos,1
7097,50,2,2,20 a 24,32 a 36,Secundaria/Polimodal Incompleta,Menos de 2500 gramos,2
7098,22,2,1,30 a 34,37 a 41,Hasta Primaria/C.EGB Completa,2500 gramos y más,2
7099,62,1,2,15 a 19,37 a 41,Sin especificar,Menos de 2500 gramos,2
7100,86,1,2,30 a 34,37 a 41,Secundaria/Polimodal Incompleta,Menos de 2500 gramos,6
7101,62,1,1,20 a 24,24 a 27,Secundaria/Polimodal Incompleta,Menos de 2500 gramos,2
7102,66,1,2,20 a 24,Sin especificar,Secundaria/Polimodal Incompleta,Menos de 2500 gramos,1
7103,90,1,2,30 a 34,37 a 41,Secundaria/Polimodal Incompleta,2500 gramos y más,225
7104,10,1,2,20 a 24,37 a 41,Hasta Primaria/C.EGB Completa,Menos de 2500 gramos,5
7105,42,2,1,25 a 29,32 a 36,Secundario/Polimodal Completa y más,Menos de 2500 gramos,1
7106,2,2,1,25 a 29,32 a 36,Hasta Primaria/C.EGB Completa,Menos de 2500 gramos,2
7107,18,2,2,15 a 19,32 a 36,Secundario/Polimodal Completa y más,2500 gramos y más,1
7108,50,2,1,30 a 34,28 a 31,Secundario/Polimodal Completa y más,Menos de 2500 gramos,1
7109,2,1,1,35 a 39,37 a 41,Secundaria/Polimodal Incompleta,2500 gramos y más,190
7110,6,2,1,30 a 34,37 a 41,Secundaria/Polimodal Incompleta,2500 gramos y más,21
7111,26,1,1,20 a 24,32 a 36,Sin especificar,Menos de 2500 gramos,3
7112,82,1,2,35 a 39,42 y más,Hasta Primaria/C.EGB Completa,2500 gramos y más,3
7113,66,2,1,25 a 29,32 a 36,Secundario/Polimodal Completa y más,Menos de 2500 gramos,11
7114,26,1,1,40 a 44,32 a 36,Secundario/Polimodal Completa y más,2500 gramos y más,2
7115,66,2,1,35 a 39,32 a 36,Hasta Primaria/C.EGB Completa,Menos de 2500 gramos,2
7116,94,1,1,35 a 39,32 a 36,Hasta Primaria/C.EGB Completa,2500 gramos y más,1
7117,2,1,1,35 a 39,32 a 36,Secundario/Polimodal Completa y más,Menos de 2500 gramos,60
7118,62,1,2,40 a 44,32 a 36,Sin especificar,2500 gramos y más,2
7119,2,2,2,30 a 34,37 a 41,Secundaria/Polimodal Incompleta,2500 gramos y más,2
7120,6,1,9,20 a 24,37 a 41,Sin especificar,2500 gramos y más,1
7121,90,1,2,20 a 24,22 a 23,Secundario/Polimodal Completa y más,Menos de 2500 gramos,1
7122,86,1,1,20 a 24,37 a 41,Hasta Primaria/C.EGB Completa,2500 gramos y más,734
7123,6,1,1,40 a 44,28 a 31,Secundaria/Polimodal Incompleta,Menos de 2500 gramos,4
7124,90,1,1,25 a 29,42 y más,Secundaria/Polimodal Incompleta,2500 gramos y más,24
7125,18,1,1,15 a 19,32 a 36,Secundaria/Polimodal Incompleta,Menos de 2500 gramos,19
7126,94,1,1,15 a 19,32 a 36,Hasta Primaria/C.EGB Completa,Menos de 2500 gramos,1
7127,70,1,1,30 a 34,32 a 36,Secundaria/Polimodal Incompleta,Menos de 2500 gramos,7
7128,54,1,1,25 a 29,37 a 41,Hasta Primaria/C.EGB Completa,Menos de 2500 gramos,20
7129,82,1,1,15 a 19,28 a 31,Hasta Primaria/C.EGB Completa,Menos de 2500 gramos,11
7130,6,1,2,30 a 34,37 a 41,Secundaria/Polimodal Incompleta,Menos de 2500 gramos,89
7131,26,1,2,15 a 19,42 y más,Secundaria/Polimodal Incompleta,2500 gramos y más,1
7132,6,2,2,25 a 29,32 a 36,Secundaria/Polimodal Incompleta,Menos de 2500 gramos,22
7133,70,2,2,30 a 34,37 a 41,Secundaria/Polimodal Incompleta,Menos de 2500 gramos,2
7134,50,2,1,40 a 44,28 a 31,Secundario/Polimodal Completa y más,Menos de 2500 gramos,1
7135,30,1,2,25 a 29,37 a 41,Secundaria/Polimodal Incompleta,Menos de 2500 gramos,14
7136,2,1,1,15 a 19,37 a 41,Secundario/Polimodal Completa y más,Sin especificar,1
7137,2,1,2,30 a 34,32 a 36,Hasta Primaria/C.EGB Completa,2500 gramos y más,9
7138,82,1,2,40 a 44,Sin especificar,Secundaria/Polimodal Incompleta,2500 gramos y más,1
7139,62,2,2,25 a 29,37 a 41,Secundario/Polimodal Completa y más,Menos de 2500 gramos,3
7140,54,1,1,40 a 44,37 a 41,Hasta Primaria/C.EGB Completa,2500 gramos y más,82
7141,30,1,1,25 a 29,32 a 36,Hasta Primaria/C.EGB Completa,2500 gramos y más,12
7142,70,1,1,30 a 34,37 a 41,Sin especificar,2500 gramos y más,1
7143,10,1,2,35 a 39,28 a 31,Secundario/Polimodal Completa y más,Menos de 2500 gramos,1
7144,14,1,1,30 a 34,24 a 27,Secundario/Polimodal Completa y más,Sin especificar,1
7145,90,1,2,20 a 24,28 a 31,Secundario/Polimodal Completa y más,Menos de 2500 gramos,9
7146,90,1,1,25 a 29,32 a 36,Secundaria/Polimodal Incompleta,2500 gramos y más,37
7147,70,1,1,30 a 34,32 a 36,Secundaria/Polimodal Incompleta,2500 gramos y más,5
7148,14,1,1,30 a 34,42 y más,Hasta Primaria/C.EGB Completa,2500 gramos y más,3
7149,30,1,2,35 a 39,37 a 41,Secundaria/Polimodal Incompleta,Menos de 2500 gramos,7
7150,14,1,2,35 a 39,Sin especificar,Sin especificar,Sin especificar,1
7151,30,1,2,20 a 24,Sin especificar,Hasta Primaria/C.EGB Completa,2500 gramos y más,2
7152,10,1,2,20 a 24,42 y más,Secundaria/Polimodal Incompleta,2500 gramos y más,1
7153,38,1,1,15 a 19,32 a 36,Secundario/Polimodal Completa y más,2500 gramos y más,1
7154,30,1,2,30 a 34,37 a 41,Secundaria/Polimodal Incompleta,Menos de 2500 gramos,5
7155,90,1,1,20 a 24,32 a 36,Hasta Primaria/C.EGB Completa,Menos de 2500 gramos,15
7156,54,1,1,25 a 29,28 a 31,Secundaria/Polimodal Incompleta,2500 gramos y más,2
7157,94,1,2,35 a 39,37 a 41,Secundario/Polimodal Completa y más,2500 gramos y más,98
7158,66,2,2,35 a 39,32 a 36,Hasta Primaria/C.EGB Completa,2500 gramos y más,1
7159,82,1,2,35 a 39,37 a 41,Secundaria/Polimodal Incompleta,Menos de 2500 gramos,12
7160,2,1,1,20 a 24,37 a 41,Sin especificar,Menos de 2500 gramos,2
7161,99,9,1,35 a 39,37 a 41,Sin especificar,Menos de 2500 gramos,2
7162,90,1,2,30 a 34,Sin especificar,Secundario/Polimodal Completa y más,Menos de 2500 gramos,1
7163,70,1,1,25 a 29,32 a 36,Hasta Primaria/C.EGB Completa,Menos de 2500 gramos,4
7164,6,1,1,25 a 29,42 y más,Secundario/Polimodal Completa y más,2500 gramos y más,30
7165,66,2,1,25 a 29,37 a 41,Hasta Primaria/C.EGB Completa,2500 gramos y más,1
7166,18,1,2,20 a 24,22 a 23,Sin especificar,Menos de 2500 gramos,1
7167,50,1,2,35 a 39,42 y más,Secundario/Polimodal Completa y más,2500 gramos y más,2
7168,94,2,1,35 a 39,37 a 41,Secundario/Polimodal Completa y más,2500 gramos y más,5
7169,82,2,2,20 a 24,37 a 41,Secundaria/Polimodal Incompleta,Menos de 2500 gramos,3
7170,14,2,1,35 a 39,37 a 41,Hasta Primaria/C.EGB Completa,Menos de 2500 gramos,1
7171,86,2,1,25 a 29,37 a 41,Hasta Primaria/C.EGB Completa,2500 gramos y más,1
7172,90,1,1,15 a 19,42 y más,Secundario/Polimodal Completa y más,2500 gramos y más,2
7173,86,1,1,35 a 39,28 a 31,Hasta Primaria/C.EGB Completa,Menos de 2500 gramos,3
7174,30,2,1,30 a 34,32 a 36,Hasta Primaria/C.EGB Completa,Menos de 2500 gramos,4
7175,78,1,2,40 a 44,32 a 36,Secundaria/Polimodal Incompleta,2500 gramos y más,2
7176,2,1,2,15 a 19,37 a 41,Secundaria/Polimodal Incompleta,Menos de 2500 gramos,4
7177,78,1,2,15 a 19,37 a 41,Hasta Primaria/C.EGB Completa,2500 gramos y más,23
7178,86,1,2,15 a 19,28 a 31,Sin especificar,Menos de 2500 gramos,1
7179,99,1,2,20 a 24,37 a 41,Sin especificar,2500 gramos y más,5
7180,6,1,1,35 a 39,28 a 31,Sin especificar,Menos de 2500 gramos,5
7181,38,1,2,De 45 y más,24 a 27,Hasta Primaria/C.EGB Completa,Sin especificar,1
7182,86,1,1,30 a 34,24 a 27,Hasta Primaria/C.EGB Completa,Menos de 2500 gramos,3
7183,74,1,1,15 a 19,24 a 27,Secundaria/Polimodal Incompleta,Menos de 2500 gramos,1
7184,90,1,2,25 a 29,28 a 31,Secundario/Polimodal Completa y más,2500 gramos y más,2
7185,22,1,2,25 a 29,32 a 36,Sin especificar,2500 gramos y más,1
7186,34,1,2,15 a 19,28 a 31,Hasta Primaria/C.EGB Completa,Menos de 2500 gramos,3
7187,22,1,2,25 a 29,Sin especificar,Secundaria/Polimodal Incompleta,2500 gramos y más,1
7188,34,2,1,35 a 39,37 a 41,Secundaria/Polimodal Incompleta,2500 gramos y más,1
7189,6,1,2,40 a 44,32 a 36,Secundaria/Polimodal Incompleta,2500 gramos y más,29
7190,90,1,2,40 a 44,37 a 41,Hasta Primaria/C.EGB Completa,2500 gramos y más,62
7191,18,1,1,35 a 39,32 a 36,Secundario/Polimodal Completa y más,Menos de 2500 gramos,19
7192,6,1,1,Sin especificar,37 a 41,Hasta Primaria/C.EGB Completa,Sin especificar,1
7193,66,1,2,25 a 29,Sin especificar,Secundario/Polimodal Completa y más,Sin especificar,2
7194,78,1,1,40 a 44,32 a 36,Secundario/Polimodal Completa y más,2500 gramos y más,1
7195,30,1,1,35 a 39,42 y más,Secundaria/Polimodal Incompleta,2500 gramos y más,1
7196,26,1,1,40 a 44,37 a 41,Secundario/Polimodal Completa y más,2500 gramos y más,78
7197,6,1,2,Sin especificar,Sin especificar,Sin especificar,Menos de 2500 gramos,3
7198,50,1,2,35 a 39,32 a 36,Hasta Primaria/C.EGB Completa,2500 gramos y más,6
7199,54,2,1,30 a 34,32 a 36,Secundaria/Polimodal Incompleta,Menos de 2500 gramos,2
7200,82,1,2,40 a 44,28 a 31,Hasta Primaria/C.EGB Completa,2500 gramos y más,1
7201,6,9,2,30 a 34,37 a 41,Secundario/Polimodal Completa y más,2500 gramos y más,2
7202,34,1,1,20 a 24,24 a 27,Sin especificar,Menos de 2500 gramos,1
7203,14,2,1,35 a 39,32 a 36,Secundaria/Polimodal Incompleta,Menos de 2500 gramos,4
7204,22,1,1,20 a 24,32 a 36,Secundario/Polimodal Completa y más,2500 gramos y más,28
7205,90,1,1,35 a 39,37 a 41,Secundario/Polimodal Completa y más,Sin especificar,4
7206,70,1,1,35 a 39,37 a 41,Secundario/Polimodal Completa y más,Menos de 2500 gramos,10
7207,82,2,2,25 a 29,32 a 36,Secundaria/Polimodal Incompleta,Menos de 2500 gramos,11
7208,70,1,2,25 a 29,37 a 41,Secundaria/Polimodal Incompleta,2500 gramos y más,399
7209,54,1,1,20 a 24,32 a 36,Hasta Primaria/C.EGB Completa,Menos de 2500 gramos,30
7210,6,1,9,30 a 34,37 a 41,Sin especificar,2500 gramos y más,4
7211,18,2,2,35 a 39,37 a 41,Secundario/Polimodal Completa y más,2500 gramos y más,6
7212,54,2,1,20 a 24,37 a 41,Secundaria/Polimodal Incompleta,Menos de 2500 gramos,1
7213,2,2,1,De 45 y más,28 a 31,Secundario/Polimodal Completa y más,Menos de 2500 gramos,1
7214,74,1,1,40 a 44,37 a 41,Hasta Primaria/C.EGB Completa,Menos de 2500 gramos,1
7215,86,2,2,20 a 24,32 a 36,Secundaria/Polimodal Incompleta,Menos de 2500 gramos,2
7216,6,2,2,40 a 44,37 a 41,Secundario/Polimodal Completa y más,2500 gramos y más,15
7217,50,1,2,25 a 29,24 a 27,Secundario/Polimodal Completa y más,Menos de 2500 gramos,4
7218,74,1,1,25 a 29,37 a 41,Secundaria/Polimodal Incompleta,Menos de 2500 gramos,2
7219,99,1,1,20 a 24,32 a 36,Secundario/Polimodal Completa y más,2500 gramos y más,1
7220,6,1,2,40 a 44,37 a 41,Hasta Primaria/C.EGB Completa,2500 gramos y más,484
7221,46,1,1,20 a 24,32 a 36,Secundaria/Polimodal Incompleta,2500 gramos y más,3
7222,86,1,2,40 a 44,37 a 41,Secundario/Polimodal Completa y más,Menos de 2500 gramos,7
7223,26,2,2,25 a 29,32 a 36,Hasta Primaria/C.EGB Completa,Menos de 2500 gramos,1
7224,30,1,1,30 a 34,32 a 36,Hasta Primaria/C.EGB Completa,Menos de 2500 gramos,6
7225,14,1,1,30 a 34,32 a 36,Hasta Primaria/C.EGB Completa,2500 gramos y más,22
7226,18,1,2,15 a 19,32 a 36,Hasta Primaria/C.EGB Completa,Menos de 2500 gramos,3
7227,62,1,1,40 a 44,28 a 31,Secundario/Polimodal Completa y más,Menos de 2500 gramos,1
7228,82,1,2,20 a 24,32 a 36,Secundario/Polimodal Completa y más,Menos de 2500 gramos,75
7229,30,1,1,25 a 29,32 a 36,Hasta Primaria/C.EGB Completa,Menos de 2500 gramos,9
7230,34,1,2,15 a 19,28 a 31,Secundario/Polimodal Completa y más,Menos de 2500 gramos,1
7231,50,2,2,35 a 39,28 a 31,Secundaria/Polimodal Incompleta,Menos de 2500 gramos,1
7232,30,1,1,40 a 44,32 a 36,Hasta Primaria/C.EGB Completa,2500 gramos y más,3
7233,46,2,2,35 a 39,32 a 36,Sin especificar,Menos de 2500 gramos,2
7234,74,1,1,25 a 29,32 a 36,Hasta Primaria/C.EGB Completa,2500 gramos y más,2
7235,22,1,1,30 a 34,37 a 41,Secundario/Polimodal Completa y más,Menos de 2500 gramos,22
7236,94,1,2,40 a 44,32 a 36,Secundario/Polimodal Completa y más,2500 gramos y más,1
7237,70,2,2,15 a 19,32 a 36,Hasta Primaria/C.EGB Completa,Menos de 2500 gramos,4
7238,2,9,2,30 a 34,Sin especificar,Sin especificar,Sin especificar,5
7239,90,1,1,20 a 24,Sin especificar,Secundario/Polimodal Completa y más,Menos de 2500 gramos,2
7240,86,1,1,15 a 19,24 a 27,Hasta Primaria/C.EGB Completa,Menos de 2500 gramos,1
7241,54,2,2,25 a 29,37 a 41,Secundaria/Polimodal Incompleta,2500 gramos y más,3
7242,30,1,2,Menor de 15,32 a 36,Hasta Primaria/C.EGB Completa,2500 gramos y más,1
7243,74,2,2,35 a 39,28 a 31,Secundario/Polimodal Completa y más,Menos de 2500 gramos,1
7244,42,1,1,15 a 19,32 a 36,Secundaria/Polimodal Incompleta,Menos de 2500 gramos,1
7245,2,1,1,Sin especificar,37 a 41,Secundario/Polimodal Completa y más,2500 gramos y más,7
7246,74,2,1,25 a 29,32 a 36,Secundario/Polimodal Completa y más,Menos de 2500 gramos,6
7247,62,1,1,25 a 29,37 a 41,Sin especificar,Menos de 2500 gramos,2
7248,18,2,1,20 a 24,37 a 41,Secundario/Polimodal Completa y más,2500 gramos y más,1
7249,90,2,2,15 a 19,37 a 41,Secundaria/Polimodal Incompleta,2500 gramos y más,1
7250,74,2,2,15 a 19,37 a 41,Secundaria/Polimodal Incompleta,2500 gramos y más,1
7251,26,1,2,40 a 44,37 a 41,Sin especificar,2500 gramos y más,13
7252,46,2,1,35 a 39,32 a 36,Secundario/Polimodal Completa y más,2500 gramos y más,1
7253,66,2,2,25 a 29,37 a 41,Hasta Primaria/C.EGB Completa,Menos de 2500 gramos,1
7254,26,1,2,15 a 19,32 a 36,Secundaria/Polimodal Incompleta,2500 gramos y más,1
7255,66,2,1,20 a 24,32 a 36,Hasta Primaria/C.EGB Completa,2500 gramos y más,1
7256,2,1,1,30 a 34,37 a 41,Hasta Primaria/C.EGB Completa,Menos de 2500 gramos,3
7257,2,1,2,35 a 39,37 a 41,Sin especificar,2500 gramos y más,134
7258,58,2,1,30 a 34,28 a 31,Hasta Primaria/C.EGB Completa,Menos de 2500 gramos,2
7259,54,1,2,25 a 29,42 y más,Sin especificar,2500 gramos y más,2
7260,74,1,1,35 a 39,32 a 36,Hasta Primaria/C.EGB Completa,2500 gramos y más,1
7261,54,1,1,25 a 29,24 a 27,Hasta Primaria/C.EGB Completa,Menos de 2500 gramos,1
7262,2,9,1,20 a 24,Sin especificar,Sin especificar,Sin especificar,4
7263,6,1,2,30 a 34,24 a 27,Secundaria/Polimodal Incompleta,Menos de 2500 gramos,6
7264,30,2,1,25 a 29,24 a 27,Secundaria/Polimodal Incompleta,Menos de 2500 gramos,1
7265,26,1,1,20 a 24,32 a 36,Sin especificar,2500 gramos y más,3
7266,82,1,1,20 a 24,42 y más,Secundario/Polimodal Completa y más,2500 gramos y más,2
7267,90,1,1,40 a 44,32 a 36,Secundaria/Polimodal Incompleta,Menos de 2500 gramos,5
7268,82,1,2,30 a 34,32 a 36,Hasta Primaria/C.EGB Completa,2500 gramos y más,32
7269,22,1,2,De 45 y más,37 a 41,Secundario/Polimodal Completa y más,2500 gramos y más,7
7270,2,1,1,25 a 29,37 a 41,Hasta Primaria/C.EGB Completa,2500 gramos y más,220
7271,2,1,2,30 a 34,28 a 31,Secundaria/Polimodal Incompleta,Menos de 2500 gramos,4
7272,34,1,1,15 a 19,37 a 41,Secundaria/Polimodal Incompleta,Menos de 2500 gramos,1
7273,70,1,1,20 a 24,32 a 36,Secundario/Polimodal Completa y más,Menos de 2500 gramos,8
7274,70,1,2,40 a 44,37 a 41,Sin especificar,2500 gramos y más,1
7275,6,1,1,Sin especificar,Sin especificar,Sin especificar,2500 gramos y más,7
7276,90,2,1,15 a 19,37 a 41,Secundario/Polimodal Completa y más,2500 gramos y más,3
7277,50,1,1,30 a 34,37 a 41,Secundaria/Polimodal Incompleta,Menos de 2500 gramos,12
7278,34,1,1,35 a 39,32 a 36,Secundario/Polimodal Completa y más,2500 gramos y más,15
7279,18,2,2,20 a 24,37 a 41,Secundaria/Polimodal Incompleta,2500 gramos y más,2
7280,14,2,1,15 a 19,28 a 31,Secundaria/Polimodal Incompleta,Menos de 2500 gramos,1
7281,26,1,2,25 a 29,37 a 41,Sin especificar,Menos de 2500 gramos,1
7282,14,2,2,20 a 24,37 a 41,Secundaria/Polimodal Incompleta,Menos de 2500 gramos,1
7283,66,2,2,25 a 29,32 a 36,Secundario/Polimodal Completa y más,2500 gramos y más,4
7284,14,2,1,35 a 39,37 a 41,Secundario/Polimodal Completa y más,Menos de 2500 gramos,8
7285,54,2,2,25 a 29,37 a 41,Secundaria/Polimodal Incompleta,Menos de 2500 gramos,7
7286,54,2,1,25 a 29,32 a 36,Hasta Primaria/C.EGB Completa,2500 gramos y más,1
7287,10,1,1,40 a 44,37 a 41,Secundaria/Polimodal Incompleta,2500 gramos y más,10
7288,30,2,2,25 a 29,37 a 41,Hasta Primaria/C.EGB Completa,Menos de 2500 gramos,2
7289,6,2,1,25 a 29,37 a 41,Secundaria/Polimodal Incompleta,2500 gramos y más,19
7290,22,1,1,20 a 24,28 a 31,Secundario/Polimodal Completa y más,Menos de 2500 gramos,9
7291,46,1,2,30 a 34,37 a 41,Secundario/Polimodal Completa y más,2500 gramos y más,348
7292,42,1,1,20 a 24,32 a 36,Secundaria/Polimodal Incompleta,2500 gramos y más,1
7293,54,2,1,15 a 19,37 a 41,Sin especificar,2500 gramos y más,1
7294,82,1,1,40 a 44,Sin especificar,Secundario/Polimodal Completa y más,2500 gramos y más,1
7295,26,1,2,25 a 29,37 a 41,Sin especificar,2500 gramos y más,88
7296,30,1,2,35 a 39,24 a 27,Secundaria/Polimodal Incompleta,Menos de 2500 gramos,1
7297,38,1,1,20 a 24,32 a 36,Hasta Primaria/C.EGB Completa,2500 gramos y más,3
7298,38,2,2,35 a 39,37 a 41,Secundario/Polimodal Completa y más,2500 gramos y más,4
7299,66,1,1,40 a 44,32 a 36,Sin especificar,2500 gramos y más,1
7300,6,1,2,25 a 29,Sin especificar,Hasta Primaria/C.EGB Completa,Sin especificar,2
7301,58,1,2,35 a 39,37 a 41,Secundario/Polimodal Completa y más,2500 gramos y más,369
7302,14,2,1,30 a 34,37 a 41,Secundaria/Polimodal Incompleta,2500 gramos y más,7
7303,10,1,2,25 a 29,32 a 36,Secundaria/Polimodal Incompleta,2500 gramos y más,4
7304,82,2,2,20 a 24,32 a 36,Hasta Primaria/C.EGB Completa,Menos de 2500 gramos,6
7305,66,2,1,20 a 24,32 a 36,Hasta Primaria/C.EGB Completa,Menos de 2500 gramos,3
7306,82,2,1,40 a 44,37 a 41,Secundario/Polimodal Completa y más,Menos de 2500 gramos,1
7307,90,1,1,25 a 29,37 a 41,Hasta Primaria/C.EGB Completa,Menos de 2500 gramos,11
7308,2,2,1,30 a 34,32 a 36,Sin especificar,2500 gramos y más,1
7309,50,1,1,20 a 24,32 a 36,Secundario/Polimodal Completa y más,2500 gramos y más,28
7310,22,1,2,20 a 24,37 a 41,Hasta Primaria/C.EGB Completa,2500 gramos y más,515
7311,38,2,2,35 a 39,32 a 36,Secundario/Polimodal Completa y más,2500 gramos y más,2
7312,38,1,1,30 a 34,37 a 41,Secundario/Polimodal Completa y más,Menos de 2500 gramos,13
7313,46,1,2,40 a 44,37 a 41,Secundaria/Polimodal Incompleta,2500 gramos y más,5
7314,6,2,2,40 a 44,37 a 41,Secundario/Polimodal Completa y más,Menos de 2500 gramos,10
7315,2,1,9,35 a 39,37 a 41,Secundario/Polimodal Completa y más,2500 gramos y más,1
7316,10,1,1,30 a 34,37 a 41,Secundario/Polimodal Completa y más,Menos de 2500 gramos,8
7317,54,2,1,30 a 34,32 a 36,Secundaria/Polimodal Incompleta,2500 gramos y más,1
7318,54,1,1,Menor de 15,32 a 36,Hasta Primaria/C.EGB Completa,2500 gramos y más,5
7319,78,1,1,30 a 34,37 a 41,Hasta Primaria/C.EGB Completa,2500 gramos y más,52
7320,6,2,2,25 a 29,32 a 36,Sin especificar,Menos de 2500 gramos,7
7321,6,1,1,20 a 24,Sin especificar,Hasta Primaria/C.EGB Completa,Menos de 2500 gramos,2
7322,6,1,2,25 a 29,32 a 36,Secundaria/Polimodal Incompleta,Menos de 2500 gramos,140
7323,22,1,2,Sin especificar,37 a 41,Hasta Primaria/C.EGB Completa,2500 gramos y más,5
7324,2,1,2,30 a 34,37 a 41,Secundaria/Polimodal Incompleta,Menos de 2500 gramos,12
7325,18,1,1,30 a 34,28 a 31,Sin especificar,Menos de 2500 gramos,1
7326,14,2,2,15 a 19,32 a 36,Hasta Primaria/C.EGB Completa,Menos de 2500 gramos,2
7327,22,1,2,30 a 34,32 a 36,Hasta Primaria/C.EGB Completa,2500 gramos y más,11
7328,62,1,2,25 a 29,32 a 36,Secundario/Polimodal Completa y más,2500 gramos y más,12
7329,26,1,1,30 a 34,32 a 36,Hasta Primaria/C.EGB Completa,Menos de 2500 gramos,3
7330,70,1,1,25 a 29,28 a 31,Secundaria/Polimodal Incompleta,Menos de 2500 gramos,1
7331,86,1,1,15 a 19,37 a 41,Secundario/Polimodal Completa y más,2500 gramos y más,53
7332,70,1,1,40 a 44,32 a 36,Hasta Primaria/C.EGB Completa,Menos de 2500 gramos,1
7333,26,1,1,25 a 29,32 a 36,Secundaria/Polimodal Incompleta,2500 gramos y más,7
7334,18,1,1,15 a 19,37 a 41,Secundario/Polimodal Completa y más,2500 gramos y más,123
7335,6,1,1,35 a 39,28 a 31,Hasta Primaria/C.EGB Completa,Menos de 2500 gramos,10
7336,6,1,1,30 a 34,24 a 27,Hasta Primaria/C.EGB Completa,Menos de 2500 gramos,12
7337,99,1,1,25 a 29,37 a 41,Sin especificar,2500 gramos y más,18
7338,30,1,2,15 a 19,28 a 31,Secundario/Polimodal Completa y más,Menos de 2500 gramos,1
7339,26,1,1,35 a 39,32 a 36,Sin especificar,2500 gramos y más,1
7340,74,1,1,25 a 29,32 a 36,Secundario/Polimodal Completa y más,2500 gramos y más,9
7341,6,9,1,25 a 29,Sin especificar,Sin especificar,Sin especificar,1
7342,46,1,1,35 a 39,37 a 41,Hasta Primaria/C.EGB Completa,2500 gramos y más,28
7343,50,1,2,20 a 24,37 a 41,Secundario/Polimodal Completa y más,2500 gramos y más,1008
7344,66,1,1,35 a 39,37 a 41,Secundaria/Polimodal Incompleta,2500 gramos y más,133
7345,34,1,1,35 a 39,32 a 36,Sin especificar,2500 gramos y más,13
7346,6,1,2,25 a 29,37 a 41,Hasta Primaria/C.EGB Completa,Menos de 2500 gramos,71
7347,18,1,2,25 a 29,24 a 27,Hasta Primaria/C.EGB Completa,Menos de 2500 gramos,1
7348,50,1,1,30 a 34,24 a 27,Secundario/Polimodal Completa y más,Menos de 2500 gramos,6
7349,14,2,2,20 a 24,28 a 31,Secundario/Polimodal Completa y más,Menos de 2500 gramos,1
7350,54,1,1,35 a 39,32 a 36,Hasta Primaria/C.EGB Completa,2500 gramos y más,18
7351,18,1,1,De 45 y más,37 a 41,Sin especificar,2500 gramos y más,3
7352,6,1,1,20 a 24,32 a 36,Hasta Primaria/C.EGB Completa,2500 gramos y más,69
7353,6,1,1,35 a 39,Sin especificar,Hasta Primaria/C.EGB Completa,Menos de 2500 gramos,1
7354,70,1,2,20 a 24,24 a 27,Secundario/Polimodal Completa y más,Menos de 2500 gramos,2
7355,2,1,1,30 a 34,32 a 36,Hasta Primaria/C.EGB Completa,Menos de 2500 gramos,6
7356,14,1,2,40 a 44,32 a 36,Secundaria/Polimodal Incompleta,2500 gramos y más,4
7357,70,1,2,30 a 34,32 a 36,Secundario/Polimodal Completa y más,Menos de 2500 gramos,17
7358,22,1,1,25 a 29,37 a 41,Sin especificar,Menos de 2500 gramos,4
7359,6,1,2,40 a 44,32 a 36,Secundaria/Polimodal Incompleta,Menos de 2500 gramos,31
7360,14,1,2,30 a 34,28 a 31,Secundaria/Polimodal Incompleta,Menos de 2500 gramos,5
7361,50,2,1,30 a 34,37 a 41,Secundario/Polimodal Completa y más,Menos de 2500 gramos,7
7362,6,1,2,15 a 19,42 y más,Secundaria/Polimodal Incompleta,2500 gramos y más,9
7363,74,1,1,15 a 19,37 a 41,Secundaria/Polimodal Incompleta,2500 gramos y más,139
7364,6,1,2,20 a 24,32 a 36,Secundario/Polimodal Completa y más,Menos de 2500 gramos,273
7365,38,2,2,35 a 39,37 a 41,Hasta Primaria/C.EGB Completa,2500 gramos y más,2
7366,34,1,2,20 a 24,32 a 36,Hasta Primaria/C.EGB Completa,Menos de 2500 gramos,2
7367,6,1,2,25 a 29,Sin especificar,Secundario/Polimodal Completa y más,Sin especificar,3
7368,82,1,1,Menor de 15,32 a 36,Secundaria/Polimodal Incompleta,Menos de 2500 gramos,2
7369,30,2,1,15 a 19,37 a 41,Hasta Primaria/C.EGB Completa,2500 gramos y más,2
7370,38,2,1,20 a 24,37 a 41,Secundario/Polimodal Completa y más,2500 gramos y más,3
7371,6,1,1,25 a 29,Sin especificar,Sin especificar,2500 gramos y más,15
7372,6,2,1,30 a 34,32 a 36,Hasta Primaria/C.EGB Completa,2500 gramos y más,2
7373,86,1,1,35 a 39,37 a 41,Secundaria/Polimodal Incompleta,2500 gramos y más,120
7374,94,1,2,20 a 24,37 a 41,Hasta Primaria/C.EGB Completa,Menos de 2500 gramos,1
7375,50,9,1,Sin especificar,Sin especificar,Sin especificar,Sin especificar,1
7376,6,1,1,25 a 29,37 a 41,Secundario/Polimodal Completa y más,Sin especificar,14
7377,34,1,2,30 a 34,37 a 41,Hasta Primaria/C.EGB Completa,2500 gramos y más,136
7378,34,2,1,20 a 24,22 a 23,Secundario/Polimodal Completa y más,Menos de 2500 gramos,2
7379,2,2,2,25 a 29,28 a 31,Secundaria/Polimodal Incompleta,Menos de 2500 gramos,1
7380,34,2,2,25 a 29,37 a 41,Secundario/Polimodal Completa y más,2500 gramos y más,1
7381,66,2,1,35 a 39,32 a 36,Secundario/Polimodal Completa y más,2500 gramos y más,1
7382,62,1,2,35 a 39,28 a 31,Hasta Primaria/C.EGB Completa,Menos de 2500 gramos,1
7383,6,9,2,30 a 34,37 a 41,Sin especificar,2500 gramos y más,23
7384,86,1,2,35 a 39,28 a 31,Hasta Primaria/C.EGB Completa,Menos de 2500 gramos,2
7385,78,1,1,25 a 29,37 a 41,Secundaria/Polimodal Incompleta,2500 gramos y más,110
7386,2,1,2,30 a 34,24 a 27,Hasta Primaria/C.EGB Completa,Menos de 2500 gramos,1
7387,18,2,2,30 a 34,32 a 36,Secundario/Polimodal Completa y más,Menos de 2500 gramos,9
7388,50,2,1,40 a 44,32 a 36,Secundario/Polimodal Completa y más,Menos de 2500 gramos,7
7389,26,2,1,30 a 34,28 a 31,Secundaria/Polimodal Incompleta,Menos de 2500 gramos,2
7390,6,1,2,25 a 29,Sin especificar,Secundaria/Polimodal Incompleta,2500 gramos y más,11
7391,2,1,2,25 a 29,32 a 36,Sin especificar,Menos de 2500 gramos,3
7392,66,1,2,20 a 24,Sin especificar,Sin especificar,2500 gramos y más,1
7393,82,2,2,30 a 34,37 a 41,Secundario/Polimodal Completa y más,Menos de 2500 gramos,21
7394,6,2,1,35 a 39,32 a 36,Secundaria/Polimodal Incompleta,2500 gramos y más,8
7395,99,9,2,20 a 24,37 a 41,Sin especificar,Menos de 2500 gramos,1
7396,2,1,1,Sin especificar,32 a 36,Secundario/Polimodal Completa y más,2500 gramos y más,1
7397,26,1,2,30 a 34,28 a 31,Secundaria/Polimodal Incompleta,Menos de 2500 gramos,1
7398,86,1,2,20 a 24,24 a 27,Secundaria/Polimodal Incompleta,Menos de 2500 gramos,1
7399,6,1,1,Sin especificar,37 a 41,Secundaria/Polimodal Incompleta,Sin especificar,3
7400,66,1,1,40 a 44,37 a 41,Sin especificar,Menos de 2500 gramos,1
7401,22,1,1,Menor de 15,32 a 36,Hasta Primaria/C.EGB Completa,2500 gramos y más,1
7402,66,2,1,40 a 44,37 a 41,Secundario/Polimodal Completa y más,Menos de 2500 gramos,1
7403,22,1,2,15 a 19,32 a 36,Secundario/Polimodal Completa y más,2500 gramos y más,9
7404,70,1,1,20 a 24,28 a 31,Secundaria/Polimodal Incompleta,Menos de 2500 gramos,1
7405,14,1,1,30 a 34,37 a 41,Secundaria/Polimodal Incompleta,Menos de 2500 gramos,24
7406,50,1,1,30 a 34,37 a 41,Sin especificar,2500 gramos y más,2
7407,2,1,1,35 a 39,32 a 36,Secundaria/Polimodal Incompleta,Menos de 2500 gramos,6
7408,38,1,1,30 a 34,37 a 41,Hasta Primaria/C.EGB Completa,Menos de 2500 gramos,4
7409,22,1,1,25 a 29,Sin especificar,Hasta Primaria/C.EGB Completa,Sin especificar,3
7410,6,9,2,20 a 24,37 a 41,Sin especificar,2500 gramos y más,19
7411,38,1,2,30 a 34,32 a 36,Secundaria/Polimodal Incompleta,2500 gramos y más,1
7412,70,1,1,40 a 44,37 a 41,Secundaria/Polimodal Incompleta,2500 gramos y más,41
7413,54,2,2,35 a 39,32 a 36,Secundaria/Polimodal Incompleta,Menos de 2500 gramos,1
7414,46,1,2,20 a 24,37 a 41,Secundaria/Polimodal Incompleta,Menos de 2500 gramos,1
7415,90,1,1,30 a 34,37 a 41,Hasta Primaria/C.EGB Completa,2500 gramos y más,299
7416,90,1,2,40 a 44,42 y más,Hasta Primaria/C.EGB Completa,2500 gramos y más,2
7417,50,1,2,De 45 y más,37 a 41,Secundaria/Polimodal Incompleta,Menos de 2500 gramos,1
7418,22,1,1,20 a 24,37 a 41,Secundario/Polimodal Completa y más,Menos de 2500 gramos,21
7419,82,1,2,25 a 29,Sin especificar,Hasta Primaria/C.EGB Completa,Menos de 2500 gramos,1
7420,10,1,1,35 a 39,32 a 36,Hasta Primaria/C.EGB Completa,2500 gramos y más,1
7421,50,1,1,30 a 34,37 a 41,Hasta Primaria/C.EGB Completa,Menos de 2500 gramos,7
7422,70,1,2,20 a 24,28 a 31,Hasta Primaria/C.EGB Completa,Menos de 2500 gramos,1
7423,2,1,1,25 a 29,37 a 41,Secundaria/Polimodal Incompleta,Menos de 2500 gramos,1
7424,90,2,2,15 a 19,32 a 36,Secundaria/Polimodal Incompleta,Menos de 2500 gramos,5
7425,82,1,2,35 a 39,37 a 41,Secundario/Polimodal Completa y más,2500 gramos y más,2108
7426,58,2,2,35 a 39,32 a 36,Secundario/Polimodal Completa y más,2500 gramos y más,2
7427,6,1,2,De 45 y más,24 a 27,Secundario/Polimodal Completa y más,Menos de 2500 gramos,3
7428,66,1,2,25 a 29,28 a 31,Secundario/Polimodal Completa y más,Menos de 2500 gramos,3
7429,42,2,1,25 a 29,37 a 41,Secundario/Polimodal Completa y más,2500 gramos y más,5
7430,2,1,2,20 a 24,32 a 36,Hasta Primaria/C.EGB Completa,2500 gramos y más,8
7431,42,1,1,25 a 29,37 a 41,Sin especificar,2500 gramos y más,1
7432,78,1,2,35 a 39,37 a 41,Secundario/Polimodal Completa y más,Menos de 2500 gramos,6
7433,94,1,2,35 a 39,37 a 41,Secundaria/Polimodal Incompleta,2500 gramos y más,14
7434,18,1,2,20 a 24,28 a 31,Secundaria/Polimodal Incompleta,2500 gramos y más,1
7435,82,1,1,De 45 y más,32 a 36,Hasta Primaria/C.EGB Completa,Menos de 2500 gramos,1
7436,14,1,2,30 a 34,37 a 41,Sin especificar,2500 gramos y más,1
7437,58,1,2,35 a 39,24 a 27,Secundario/Polimodal Completa y más,Menos de 2500 gramos,1
7438,54,1,2,Menor de 15,37 a 41,Hasta Primaria/C.EGB Completa,Menos de 2500 gramos,3
7439,54,1,1,30 a 34,42 y más,Secundario/Polimodal Completa y más,2500 gramos y más,3
7440,14,2,1,30 a 34,32 a 36,Secundaria/Polimodal Incompleta,Menos de 2500 gramos,3
7441,50,2,2,35 a 39,28 a 31,Secundario/Polimodal Completa y más,Menos de 2500 gramos,3
7442,54,1,1,15 a 19,32 a 36,Secundaria/Polimodal Incompleta,Menos de 2500 gramos,20
7443,18,2,2,20 a 24,37 a 41,Sin especificar,2500 gramos y más,1
7444,86,1,2,15 a 19,22 a 23,Hasta Primaria/C.EGB Completa,Menos de 2500 gramos,1
7445,82,1,2,30 a 34,Sin especificar,Secundario/Polimodal Completa y más,2500 gramos y más,2
7446,6,1,2,30 a 34,42 y más,Hasta Primaria/C.EGB Completa,2500 gramos y más,15
7447,14,1,1,40 a 44,32 a 36,Secundario/Polimodal Completa y más,Menos de 2500 gramos,20
7448,22,1,1,25 a 29,24 a 27,Hasta Primaria/C.EGB Completa,Sin especificar,1
7449,66,1,2,20 a 24,37 a 41,Hasta Primaria/C.EGB Completa,2500 gramos y más,316
7450,90,1,2,40 a 44,37 a 41,Hasta Primaria/C.EGB Completa,Menos de 2500 gramos,7
7451,70,1,1,20 a 24,37 a 41,Hasta Primaria/C.EGB Completa,2500 gramos y más,219
7452,42,1,1,30 a 34,32 a 36,Secundaria/Polimodal Incompleta,Menos de 2500 gramos,2
7453,34,1,2,20 a 24,32 a 36,Hasta Primaria/C.EGB Completa,2500 gramos y más,4
7454,22,1,2,25 a 29,37 a 41,Hasta Primaria/C.EGB Completa,Sin especificar,8
7455,99,1,9,25 a 29,37 a 41,Sin especificar,2500 gramos y más,1
7456,6,9,1,15 a 19,37 a 41,Secundaria/Polimodal Incompleta,2500 gramos y más,1
7457,6,1,2,15 a 19,37 a 41,Secundaria/Polimodal Incompleta,Sin especificar,1
7458,54,2,1,35 a 39,32 a 36,Secundaria/Polimodal Incompleta,2500 gramos y más,4
7459,18,1,1,20 a 24,32 a 36,Hasta Primaria/C.EGB Completa,2500 gramos y más,5
7460,82,2,1,20 a 24,24 a 27,Secundario/Polimodal Completa y más,Menos de 2500 gramos,5
7461,34,1,1,20 a 24,28 a 31,Secundario/Polimodal Completa y más,Menos de 2500 gramos,2
7462,6,1,1,25 a 29,24 a 27,Secundaria/Polimodal Incompleta,Menos de 2500 gramos,14
7463,22,2,2,25 a 29,37 a 41,Secundario/Polimodal Completa y más,Menos de 2500 gramos,2
7464,62,1,1,30 a 34,37 a 41,Secundaria/Polimodal Incompleta,2500 gramos y más,168
7465,82,1,2,Menor de 15,32 a 36,Hasta Primaria/C.EGB Completa,2500 gramos y más,2
7466,6,1,1,25 a 29,Sin especificar,Sin especificar,Menos de 2500 gramos,2
7467,6,1,2,30 a 34,Sin especificar,Secundaria/Polimodal Incompleta,Sin especificar,1
7468,26,1,2,30 a 34,24 a 27,Secundario/Polimodal Completa y más,Menos de 2500 gramos,2
7469,82,2,1,15 a 19,32 a 36,Secundaria/Polimodal Incompleta,Menos de 2500 gramos,3
7470,66,1,1,20 a 24,32 a 36,Secundario/Polimodal Completa y más,2500 gramos y más,44
7471,30,1,2,30 a 34,32 a 36,Secundaria/Polimodal Incompleta,Menos de 2500 gramos,5
7472,62,1,1,De 45 y más,28 a 31,Secundario/Polimodal Completa y más,Menos de 2500 gramos,1
7473,86,2,1,30 a 34,32 a 36,Hasta Primaria/C.EGB Completa,2500 gramos y más,1
7474,86,1,2,15 a 19,32 a 36,Secundario/Polimodal Completa y más,2500 gramos y más,3
7475,26,1,2,20 a 24,37 a 41,Secundaria/Polimodal Incompleta,Menos de 2500 gramos,8
7476,18,1,1,30 a 34,37 a 41,Secundario/Polimodal Completa y más,2500 gramos y más,800
7477,50,1,1,20 a 24,37 a 41,Sin especificar,2500 gramos y más,1
7478,54,2,1,30 a 34,32 a 36,Secundario/Polimodal Completa y más,2500 gramos y más,3
7479,66,1,2,35 a 39,37 a 41,Secundaria/Polimodal Incompleta,Menos de 2500 gramos,3
7480,42,1,2,15 a 19,37 a 41,Secundaria/Polimodal Incompleta,Menos de 2500 gramos,1
7481,50,2,2,35 a 39,37 a 41,Secundaria/Polimodal Incompleta,Menos de 2500 gramos,3
7482,34,1,2,25 a 29,37 a 41,Hasta Primaria/C.EGB Completa,Menos de 2500 gramos,6
7483,2,2,2,25 a 29,24 a 27,Secundario/Polimodal Completa y más,Menos de 2500 gramos,3
7484,34,1,2,35 a 39,28 a 31,Secundaria/Polimodal Incompleta,Menos de 2500 gramos,3
7485,22,1,9,20 a 24,Sin especificar,Secundario/Polimodal Completa y más,Sin especificar,1
7486,34,1,1,20 a 24,32 a 36,Sin especificar,2500 gramos y más,6
7487,22,1,2,Menor de 15,37 a 41,Secundario/Polimodal Completa y más,2500 gramos y más,1
7488,82,1,2,35 a 39,32 a 36,Hasta Primaria/C.EGB Completa,Menos de 2500 gramos,16
7489,54,1,2,20 a 24,28 a 31,Secundario/Polimodal Completa y más,2500 gramos y más,1
7490,22,1,2,Menor de 15,32 a 36,Secundaria/Polimodal Incompleta,Sin especificar,1
7491,90,2,2,25 a 29,37 a 41,Hasta Primaria/C.EGB Completa,2500 gramos y más,3
7492,86,1,1,35 a 39,37 a 41,Secundario/Polimodal Completa y más,2500 gramos y más,208
7493,30,1,2,15 a 19,32 a 36,Secundario/Polimodal Completa y más,2500 gramos y más,1
7494,18,1,1,20 a 24,37 a 41,Secundaria/Polimodal Incompleta,Sin especificar,1
7495,54,1,2,15 a 19,37 a 41,Secundario/Polimodal Completa y más,2500 gramos y más,160
7496,54,1,2,Menor de 15,37 a 41,Sin especificar,2500 gramos y más,5
7497,46,1,1,25 a 29,32 a 36,Hasta Primaria/C.EGB Completa,Menos de 2500 gramos,4
7498,74,1,1,Menor de 15,32 a 36,Hasta Primaria/C.EGB Completa,2500 gramos y más,1
7499,6,1,1,25 a 29,Sin especificar,Sin especificar,Sin especificar,148
7500,6,1,1,Menor de 15,28 a 31,Hasta Primaria/C.EGB Completa,Menos de 2500 gramos,2
7501,70,1,2,20 a 24,28 a 31,Secundario/Polimodal Completa y más,Menos de 2500 gramos,3
7502,34,2,1,40 a 44,37 a 41,Secundario/Polimodal Completa y más,2500 gramos y más,2
7503,86,1,1,25 a 29,42 y más,Hasta Primaria/C.EGB Completa,2500 gramos y más,4
7504,26,1,1,40 a 44,37 a 41,Sin especificar,2500 gramos y más,8
7505,22,1,2,20 a 24,37 a 41,Secundario/Polimodal Completa y más,2500 gramos y más,823
7506,30,1,1,20 a 24,37 a 41,Sin especificar,2500 gramos y más,5
7507,99,9,2,Sin especificar,Sin especificar,Sin especificar,Sin especificar,5
7508,30,1,2,25 a 29,42 y más,Secundaria/Polimodal Incompleta,2500 gramos y más,1
7509,2,1,1,35 a 39,32 a 36,Sin especificar,Menos de 2500 gramos,6
7510,82,2,1,35 a 39,37 a 41,Secundario/Polimodal Completa y más,2500 gramos y más,28
7511,54,1,2,15 a 19,28 a 31,Secundaria/Polimodal Incompleta,Menos de 2500 gramos,6
7512,26,1,2,30 a 34,37 a 41,Hasta Primaria/C.EGB Completa,2500 gramos y más,47
7513,46,1,2,De 45 y más,32 a 36,Secundario/Polimodal Completa y más,2500 gramos y más,1
7514,42,2,2,25 a 29,32 a 36,Secundario/Polimodal Completa y más,2500 gramos y más,1
7515,6,1,2,20 a 24,32 a 36,Sin especificar,Menos de 2500 gramos,41
7516,99,1,2,Sin especificar,Sin especificar,Sin especificar,Menos de 2500 gramos,1
7517,6,1,1,25 a 29,37 a 41,Sin especificar,2500 gramos y más,1777
7518,82,2,2,Sin especificar,32 a 36,Secundario/Polimodal Completa y más,Menos de 2500 gramos,1
7519,82,2,1,20 a 24,32 a 36,Secundario/Polimodal Completa y más,2500 gramos y más,2
7520,6,2,1,20 a 24,32 a 36,Secundaria/Polimodal Incompleta,Menos de 2500 gramos,30
7521,10,1,1,20 a 24,32 a 36,Hasta Primaria/C.EGB Completa,Menos de 2500 gramos,1
7522,74,1,1,15 a 19,32 a 36,Secundario/Polimodal Completa y más,Menos de 2500 gramos,5
7523,58,1,2,35 a 39,37 a 41,Hasta Primaria/C.EGB Completa,2500 gramos y más,55
7524,14,1,1,40 a 44,32 a 36,Hasta Primaria/C.EGB Completa,Menos de 2500 gramos,2
7525,10,1,1,15 a 19,37 a 41,Hasta Primaria/C.EGB Completa,Menos de 2500 gramos,3
7526,30,1,2,20 a 24,37 a 41,Secundario/Polimodal Completa y más,2500 gramos y más,652
7527,14,1,1,Menor de 15,37 a 41,Secundaria/Polimodal Incompleta,Menos de 2500 gramos,1
7528,14,2,1,40 a 44,37 a 41,Secundario/Polimodal Completa y más,Menos de 2500 gramos,4
7529,2,2,2,25 a 29,37 a 41,Hasta Primaria/C.EGB Completa,2500 gramos y más,2
7530,70,2,1,20 a 24,32 a 36,Secundaria/Polimodal Incompleta,2500 gramos y más,2
7531,62,1,2,25 a 29,37 a 41,Hasta Primaria/C.EGB Completa,Menos de 2500 gramos,2
7532,22,2,1,25 a 29,37 a 41,Hasta Primaria/C.EGB Completa,2500 gramos y más,3
7533,90,1,2,30 a 34,22 a 23,Secundario/Polimodal Completa y más,Menos de 2500 gramos,2
7534,14,1,2,35 a 39,28 a 31,Hasta Primaria/C.EGB Completa,Menos de 2500 gramos,3
7535,34,1,2,15 a 19,37 a 41,Secundaria/Polimodal Incompleta,2500 gramos y más,192
7536,58,1,2,15 a 19,37 a 41,Hasta Primaria/C.EGB Completa,2500 gramos y más,25
7537,54,1,1,15 a 19,24 a 27,Sin especificar,Menos de 2500 gramos,1
7538,82,1,2,15 a 19,24 a 27,Secundaria/Polimodal Incompleta,Menos de 2500 gramos,12
7539,26,1,1,De 45 y más,32 a 36,Secundaria/Polimodal Incompleta,2500 gramos y más,1
7540,18,1,2,20 a 24,24 a 27,Sin especificar,Menos de 2500 gramos,2
7541,90,1,2,25 a 29,Menos de 22,Secundaria/Polimodal Incompleta,Menos de 2500 gramos,1
7542,50,1,1,15 a 19,32 a 36,Secundaria/Polimodal Incompleta,2500 gramos y más,20
7543,30,2,1,30 a 34,37 a 41,Secundaria/Polimodal Incompleta,2500 gramos y más,1
7544,14,2,1,30 a 34,37 a 41,Secundario/Polimodal Completa y más,Menos de 2500 gramos,12
7545,70,1,1,20 a 24,32 a 36,Hasta Primaria/C.EGB Completa,Menos de 2500 gramos,7
7546,99,2,1,25 a 29,28 a 31,Hasta Primaria/C.EGB Completa,Menos de 2500 gramos,1
7547,82,2,2,De 45 y más,32 a 36,Secundario/Polimodal Completa y más,Menos de 2500 gramos,1
7548,14,1,1,15 a 19,28 a 31,Secundaria/Polimodal Incompleta,Menos de 2500 gramos,11
7549,66,1,2,30 a 34,32 a 36,Secundaria/Polimodal Incompleta,Menos de 2500 gramos,15
7550,30,1,1,20 a 24,32 a 36,Secundario/Polimodal Completa y más,2500 gramos y más,20
7551,90,1,2,35 a 39,24 a 27,Hasta Primaria/C.EGB Completa,Menos de 2500 gramos,1
7552,86,1,2,15 a 19,32 a 36,Secundaria/Polimodal Incompleta,2500 gramos y más,9
7553,50,2,2,15 a 19,24 a 27,Hasta Primaria/C.EGB Completa,Menos de 2500 gramos,2
7554,6,9,1,25 a 29,37 a 41,Secundaria/Polimodal Incompleta,2500 gramos y más,1
7555,94,2,2,35 a 39,37 a 41,Secundario/Polimodal Completa y más,2500 gramos y más,1
7556,38,1,1,Menor de 15,32 a 36,Hasta Primaria/C.EGB Completa,Menos de 2500 gramos,1
7557,62,1,2,30 a 34,42 y más,Secundario/Polimodal Completa y más,2500 gramos y más,1
7558,10,1,2,20 a 24,32 a 36,Secundaria/Polimodal Incompleta,2500 gramos y más,6
7559,82,2,1,35 a 39,32 a 36,Secundaria/Polimodal Incompleta,2500 gramos y más,1
7560,38,1,1,25 a 29,24 a 27,Secundario/Polimodal Completa y más,Menos de 2500 gramos,1
7561,6,1,1,25 a 29,Sin especificar,Secundario/Polimodal Completa y más,Menos de 2500 gramos,3
7562,18,1,2,35 a 39,42 y más,Hasta Primaria/C.EGB Completa,2500 gramos y más,1
7563,14,1,2,20 a 24,32 a 36,Secundaria/Polimodal Incompleta,Menos de 2500 gramos,59
7564,38,1,1,30 a 34,28 a 31,Hasta Primaria/C.EGB Completa,2500 gramos y más,1
7565,34,1,1,De 45 y más,37 a 41,Hasta Primaria/C.EGB Completa,2500 gramos y más,4
7566,26,2,2,25 a 29,37 a 41,Secundaria/Polimodal Incompleta,2500 gramos y más,1
7567,10,1,2,35 a 39,42 y más,Secundaria/Polimodal Incompleta,2500 gramos y más,1
7568,14,1,1,25 a 29,37 a 41,Secundario/Polimodal Completa y más,Menos de 2500 gramos,47
7569,22,2,2,20 a 24,37 a 41,Hasta Primaria/C.EGB Completa,2500 gramos y más,2
7570,82,2,1,35 a 39,32 a 36,Hasta Primaria/C.EGB Completa,Menos de 2500 gramos,2
7571,38,1,2,15 a 19,32 a 36,Secundario/Polimodal Completa y más,Menos de 2500 gramos,1
7572,50,1,2,30 a 34,24 a 27,Secundario/Polimodal Completa y más,Menos de 2500 gramos,5
7573,6,1,2,20 a 24,28 a 31,Secundario/Polimodal Completa y más,2500 gramos y más,1
7574,26,2,2,25 a 29,32 a 36,Secundario/Polimodal Completa y más,Menos de 2500 gramos,1
7575,54,2,1,30 a 34,37 a 41,Hasta Primaria/C.EGB Completa,Menos de 2500 gramos,3
7576,78,1,1,30 a 34,32 a 36,Secundaria/Polimodal Incompleta,2500 gramos y más,1
7577,66,1,1,25 a 29,37 a 41,Sin especificar,2500 gramos y más,26
7578,14,2,2,40 a 44,32 a 36,Secundario/Polimodal Completa y más,Menos de 2500 gramos,5
7579,26,1,2,15 a 19,32 a 36,Secundario/Polimodal Completa y más,Menos de 2500 gramos,2
7580,54,2,1,20 a 24,37 a 41,Secundario/Polimodal Completa y más,Menos de 2500 gramos,2
7581,2,1,2,25 a 29,37 a 41,Hasta Primaria/C.EGB Completa,Menos de 2500 gramos,3
7582,22,1,1,Sin especificar,37 a 41,Secundaria/Polimodal Incompleta,2500 gramos y más,3
7583,18,1,2,35 a 39,32 a 36,Hasta Primaria/C.EGB Completa,2500 gramos y más,3
7584,22,1,1,35 a 39,42 y más,Secundario/Polimodal Completa y más,2500 gramos y más,1
7585,2,2,2,35 a 39,32 a 36,Secundario/Polimodal Completa y más,2500 gramos y más,12
7586,86,2,1,15 a 19,28 a 31,Hasta Primaria/C.EGB Completa,Menos de 2500 gramos,1
7587,42,1,2,30 a 34,32 a 36,Secundaria/Polimodal Incompleta,Menos de 2500 gramos,4
7588,34,2,1,25 a 29,32 a 36,Secundaria/Polimodal Incompleta,Menos de 2500 gramos,5
7589,6,1,1,40 a 44,42 y más,Secundario/Polimodal Completa y más,2500 gramos y más,8
7590,86,1,1,20 a 24,42 y más,Hasta Primaria/C.EGB Completa,2500 gramos y más,5
7591,74,1,1,35 a 39,42 y más,Secundaria/Polimodal Incompleta,2500 gramos y más,1
7592,2,2,2,40 a 44,32 a 36,Sin especificar,Menos de 2500 gramos,2
7593,14,2,2,20 a 24,32 a 36,Secundaria/Polimodal Incompleta,2500 gramos y más,1
7594,22,1,1,25 a 29,37 a 41,Sin especificar,2500 gramos y más,43
7595,54,1,2,De 45 y más,37 a 41,Hasta Primaria/C.EGB Completa,Menos de 2500 gramos,1
7596,6,2,2,25 a 29,37 a 41,Secundaria/Polimodal Incompleta,Menos de 2500 gramos,11
7597,34,1,1,15 a 19,32 a 36,Hasta Primaria/C.EGB Completa,2500 gramos y más,8
7598,66,1,1,35 a 39,28 a 31,Secundario/Polimodal Completa y más,Menos de 2500 gramos,6
7599,70,2,1,35 a 39,32 a 36,Secundaria/Polimodal Incompleta,2500 gramos y más,2
7600,78,1,1,15 a 19,42 y más,Secundaria/Polimodal Incompleta,2500 gramos y más,1
7601,58,1,2,30 a 34,32 a 36,Secundario/Polimodal Completa y más,2500 gramos y más,19
7602,6,1,1,35 a 39,Sin especificar,Secundaria/Polimodal Incompleta,2500 gramos y más,3
7603,82,1,1,30 a 34,32 a 36,Secundario/Polimodal Completa y más,Menos de 2500 gramos,108
7604,6,2,1,20 a 24,Sin especificar,Hasta Primaria/C.EGB Completa,Menos de 2500 gramos,1
7605,30,2,2,De 45 y más,32 a 36,Secundario/Polimodal Completa y más,2500 gramos y más,1
7606,2,1,1,20 a 24,32 a 36,Hasta Primaria/C.EGB Completa,Menos de 2500 gramos,8
7607,6,1,9,15 a 19,37 a 41,Secundario/Polimodal Completa y más,2500 gramos y más,3
7608,14,1,1,20 a 24,Sin especificar,Sin especificar,Sin especificar,1
7609,90,1,1,20 a 24,28 a 31,Secundario/Polimodal Completa y más,Menos de 2500 gramos,16
7610,42,1,2,35 a 39,37 a 41,Secundario/Polimodal Completa y más,Menos de 2500 gramos,7
7611,66,1,2,25 a 29,24 a 27,Hasta Primaria/C.EGB Completa,Menos de 2500 gramos,1
7612,14,1,2,15 a 19,37 a 41,Secundaria/Polimodal Incompleta,Menos de 2500 gramos,32
7613,66,2,2,20 a 24,37 a 41,Secundario/Polimodal Completa y más,2500 gramos y más,1
7614,62,1,1,40 a 44,37 a 41,Sin especificar,2500 gramos y más,14
7615,30,1,1,35 a 39,22 a 23,Secundario/Polimodal Completa y más,Menos de 2500 gramos,1
7616,90,1,2,15 a 19,37 a 41,Hasta Primaria/C.EGB Completa,2500 gramos y más,158
7617,2,1,1,25 a 29,32 a 36,Secundario/Polimodal Completa y más,2500 gramos y más,51
7618,6,1,2,35 a 39,24 a 27,Hasta Primaria/C.EGB Completa,Sin especificar,1
7619,90,1,1,30 a 34,Menos de 22,Secundario/Polimodal Completa y más,Menos de 2500 gramos,1
7620,66,2,1,30 a 34,37 a 41,Secundario/Polimodal Completa y más,Menos de 2500 gramos,4
7621,6,1,2,25 a 29,37 a 41,Secundario/Polimodal Completa y más,2500 gramos y más,10473
7622,58,1,1,40 a 44,42 y más,Secundaria/Polimodal Incompleta,2500 gramos y más,1
7623,6,1,1,Menor de 15,32 a 36,Hasta Primaria/C.EGB Completa,2500 gramos y más,3
7624,2,2,2,30 a 34,32 a 36,Secundario/Polimodal Completa y más,2500 gramos y más,10
7625,46,1,1,De 45 y más,37 a 41,Secundario/Polimodal Completa y más,2500 gramos y más,3
7626,58,1,2,35 a 39,24 a 27,Hasta Primaria/C.EGB Completa,Menos de 2500 gramos,1
7627,30,1,2,40 a 44,22 a 23,Hasta Primaria/C.EGB Completa,Menos de 2500 gramos,1
7628,2,9,1,30 a 34,37 a 41,Secundario/Polimodal Completa y más,2500 gramos y más,3
7629,82,1,1,De 45 y más,24 a 27,Secundario/Polimodal Completa y más,Menos de 2500 gramos,2
7630,82,1,1,40 a 44,37 a 41,Hasta Primaria/C.EGB Completa,Menos de 2500 gramos,5
7631,6,1,1,20 a 24,Sin especificar,Secundaria/Polimodal Incompleta,Menos de 2500 gramos,2
7632,30,1,1,40 a 44,32 a 36,Secundario/Polimodal Completa y más,2500 gramos y más,4
7633,34,2,1,15 a 19,32 a 36,Hasta Primaria/C.EGB Completa,Menos de 2500 gramos,2
7634,82,2,1,35 a 39,24 a 27,Secundario/Polimodal Completa y más,Menos de 2500 gramos,2
7635,14,1,1,25 a 29,22 a 23,Secundario/Polimodal Completa y más,Menos de 2500 gramos,2
7636,90,2,1,20 a 24,37 a 41,Secundario/Polimodal Completa y más,Menos de 2500 gramos,3
7637,66,2,2,25 a 29,32 a 36,Secundaria/Polimodal Incompleta,2500 gramos y más,2
7638,50,1,2,25 a 29,37 a 41,Secundario/Polimodal Completa y más,Menos de 2500 gramos,42
7639,2,1,2,15 a 19,24 a 27,Hasta Primaria/C.EGB Completa,Menos de 2500 gramos,1
7640,86,1,1,30 a 34,Sin especificar,Hasta Primaria/C.EGB Completa,2500 gramos y más,2
7641,62,2,2,30 a 34,37 a 41,Sin especificar,2500 gramos y más,1
7642,18,1,2,35 a 39,32 a 36,Sin especificar,Menos de 2500 gramos,2
7643,42,1,2,20 a 24,37 a 41,Secundaria/Polimodal Incompleta,2500 gramos y más,82
7644,74,1,1,15 a 19,37 a 41,Hasta Primaria/C.EGB Completa,2500 gramos y más,13
7645,42,2,1,30 a 34,37 a 41,Secundario/Polimodal Completa y más,Menos de 2500 gramos,1
7646,6,1,2,15 a 19,42 y más,Hasta Primaria/C.EGB Completa,2500 gramos y más,2
7647,74,1,2,25 a 29,37 a 41,Secundario/Polimodal Completa y más,2500 gramos y más,418
7648,34,1,2,35 a 39,32 a 36,Sin especificar,2500 gramos y más,10
7649,54,1,1,20 a 24,32 a 36,Sin especificar,2500 gramos y más,5
7650,14,2,2,20 a 24,24 a 27,Secundario/Polimodal Completa y más,Menos de 2500 gramos,2
7651,82,2,1,20 a 24,22 a 23,Secundaria/Polimodal Incompleta,Menos de 2500 gramos,1
7652,86,1,2,25 a 29,37 a 41,Secundario/Polimodal Completa y más,2500 gramos y más,350
7653,46,1,2,25 a 29,32 a 36,Hasta Primaria/C.EGB Completa,2500 gramos y más,2
7654,6,1,2,20 a 24,37 a 41,Sin especificar,2500 gramos y más,1666
7655,22,1,1,30 a 34,37 a 41,Secundaria/Polimodal Incompleta,Sin especificar,2
7656,34,1,1,25 a 29,42 y más,Secundario/Polimodal Completa y más,2500 gramos y más,1
7657,46,1,2,35 a 39,32 a 36,Secundario/Polimodal Completa y más,Menos de 2500 gramos,11
7658,38,1,1,Menor de 15,32 a 36,Secundaria/Polimodal Incompleta,Menos de 2500 gramos,1
7659,38,2,1,35 a 39,32 a 36,Hasta Primaria/C.EGB Completa,Menos de 2500 gramos,2
7660,54,1,1,35 a 39,28 a 31,Hasta Primaria/C.EGB Completa,2500 gramos y más,1
7661,18,1,2,40 a 44,32 a 36,Hasta Primaria/C.EGB Completa,2500 gramos y más,2
7662,90,1,1,40 a 44,32 a 36,Hasta Primaria/C.EGB Completa,Menos de 2500 gramos,4
7663,6,2,2,40 a 44,37 a 41,Secundaria/Polimodal Incompleta,2500 gramos y más,1
7664,14,1,1,15 a 19,37 a 41,Secundaria/Polimodal Incompleta,2500 gramos y más,961
7665,54,1,1,20 a 24,Sin especificar,Secundario/Polimodal Completa y más,2500 gramos y más,1
7666,6,1,1,20 a 24,42 y más,Secundario/Polimodal Completa y más,2500 gramos y más,31
7667,66,1,2,35 a 39,32 a 36,Secundario/Polimodal Completa y más,2500 gramos y más,33
7668,30,1,2,20 a 24,32 a 36,Secundario/Polimodal Completa y más,Menos de 2500 gramos,14
7669,50,1,2,25 a 29,Sin especificar,Hasta Primaria/C.EGB Completa,2500 gramos y más,1
7670,86,1,2,30 a 34,28 a 31,Secundaria/Polimodal Incompleta,2500 gramos y más,1
7671,90,1,1,20 a 24,Sin especificar,Hasta Primaria/C.EGB Completa,2500 gramos y más,3
7672,86,1,1,25 a 29,32 a 36,Secundaria/Polimodal Incompleta,Menos de 2500 gramos,10
7673,2,9,2,20 a 24,32 a 36,Sin especificar,Menos de 2500 gramos,1
7674,34,1,2,20 a 24,28 a 31,Hasta Primaria/C.EGB Completa,Menos de 2500 gramos,2
7675,6,2,1,40 a 44,37 a 41,Hasta Primaria/C.EGB Completa,Menos de 2500 gramos,3
7676,2,1,1,30 a 34,28 a 31,Sin especificar,Menos de 2500 gramos,2
7677,86,1,2,20 a 24,32 a 36,Secundaria/Polimodal Incompleta,Menos de 2500 gramos,14
7678,54,1,2,30 a 34,28 a 31,Secundaria/Polimodal Incompleta,2500 gramos y más,1
7679,50,1,1,35 a 39,37 a 41,Secundario/Polimodal Completa y más,Menos de 2500 gramos,23
7680,6,1,1,35 a 39,32 a 36,Secundario/Polimodal Completa y más,Sin especificar,3
7681,22,1,2,35 a 39,32 a 36,Sin especificar,Menos de 2500 gramos,1
7682,70,1,2,35 a 39,32 a 36,Secundaria/Polimodal Incompleta,2500 gramos y más,3
7683,34,1,2,20 a 24,24 a 27,Hasta Primaria/C.EGB Completa,Menos de 2500 gramos,1
7684,66,1,1,30 a 34,42 y más,Secundario/Polimodal Completa y más,2500 gramos y más,2
7685,22,1,1,25 a 29,37 a 41,Hasta Primaria/C.EGB Completa,Sin especificar,4
7686,6,1,2,35 a 39,28 a 31,Hasta Primaria/C.EGB Completa,Menos de 2500 gramos,16
7687,50,1,2,De 45 y más,37 a 41,Hasta Primaria/C.EGB Completa,2500 gramos y más,1
7688,90,2,1,30 a 34,37 a 41,Secundaria/Polimodal Incompleta,Menos de 2500 gramos,1
7689,54,1,1,30 a 34,32 a 36,Sin especificar,2500 gramos y más,4
7690,2,1,2,35 a 39,32 a 36,Sin especificar,2500 gramos y más,4
7691,18,1,1,15 a 19,28 a 31,Hasta Primaria/C.EGB Completa,2500 gramos y más,1
7692,50,1,1,30 a 34,37 a 41,Secundario/Polimodal Completa y más,Sin especificar,1
7693,6,1,1,15 a 19,28 a 31,Sin especificar,Menos de 2500 gramos,6
7694,54,1,1,40 a 44,37 a 41,Secundario/Polimodal Completa y más,2500 gramos y más,102
7695,6,1,1,15 a 19,Menos de 22,Secundaria/Polimodal Incompleta,Menos de 2500 gramos,1
7696,22,1,2,35 a 39,42 y más,Sin especificar,2500 gramos y más,1
7697,6,1,2,15 a 19,24 a 27,Hasta Primaria/C.EGB Completa,Sin especificar,1
7698,54,2,1,25 a 29,37 a 41,Secundaria/Polimodal Incompleta,2500 gramos y más,1
7699,94,2,2,25 a 29,32 a 36,Secundario/Polimodal Completa y más,2500 gramos y más,1
7700,90,1,1,Menor de 15,32 a 36,Hasta Primaria/C.EGB Completa,Menos de 2500 gramos,2
7701,42,1,1,35 a 39,32 a 36,Secundaria/Polimodal Incompleta,2500 gramos y más,2
7702,46,1,1,35 a 39,32 a 36,Secundario/Polimodal Completa y más,2500 gramos y más,12
7703,90,1,2,15 a 19,Sin especificar,Hasta Primaria/C.EGB Completa,2500 gramos y más,2
7704,6,1,9,Sin especificar,37 a 41,Sin especificar,2500 gramos y más,12
7705,30,1,1,Sin especificar,37 a 41,Sin especificar,2500 gramos y más,1
7706,86,9,2,20 a 24,37 a 41,Sin especificar,2500 gramos y más,1
7707,14,1,1,25 a 29,32 a 36,Secundario/Polimodal Completa y más,2500 gramos y más,91
7708,6,1,9,25 a 29,37 a 41,Sin especificar,2500 gramos y más,6
7709,10,1,1,15 a 19,32 a 36,Secundaria/Polimodal Incompleta,Menos de 2500 gramos,2
7710,99,1,1,15 a 19,Sin especificar,Sin especificar,Sin especificar,15
7711,42,1,2,Menor de 15,37 a 41,Sin especificar,2500 gramos y más,1
7712,14,2,1,40 a 44,32 a 36,Secundario/Polimodal Completa y más,2500 gramos y más,2
7713,22,1,1,25 a 29,24 a 27,Secundaria/Polimodal Incompleta,Menos de 2500 gramos,2
7714,18,2,2,30 a 34,37 a 41,Secundaria/Polimodal Incompleta,2500 gramos y más,3
7715,99,1,1,30 a 34,37 a 41,Sin especificar,Sin especificar,1
7716,2,9,1,25 a 29,Sin especificar,Sin especificar,Sin especificar,1
7717,6,1,9,30 a 34,32 a 36,Secundario/Polimodal Completa y más,2500 gramos y más,1
7718,6,2,2,25 a 29,37 a 41,Hasta Primaria/C.EGB Completa,2500 gramos y más,11
7719,66,1,2,20 a 24,37 a 41,Secundario/Polimodal Completa y más,Sin especificar,1
7720,74,1,2,35 a 39,32 a 36,Hasta Primaria/C.EGB Completa,2500 gramos y más,1
7721,30,2,1,25 a 29,28 a 31,Hasta Primaria/C.EGB Completa,Menos de 2500 gramos,1
7722,94,1,2,20 a 24,24 a 27,Secundario/Polimodal Completa y más,Menos de 2500 gramos,1
7723,26,1,2,20 a 24,22 a 23,Secundario/Polimodal Completa y más,Menos de 2500 gramos,1
7724,82,1,1,35 a 39,24 a 27,Secundaria/Polimodal Incompleta,Menos de 2500 gramos,1
7725,6,1,9,35 a 39,37 a 41,Hasta Primaria/C.EGB Completa,2500 gramos y más,7
7726,18,1,2,35 a 39,32 a 36,Secundaria/Polimodal Incompleta,2500 gramos y más,1
7727,66,1,1,15 a 19,28 a 31,Secundaria/Polimodal Incompleta,Menos de 2500 gramos,4
7728,58,1,1,De 45 y más,28 a 31,Secundario/Polimodal Completa y más,Menos de 2500 gramos,1
7729,54,1,1,20 a 24,28 a 31,Hasta Primaria/C.EGB Completa,Menos de 2500 gramos,2
7730,34,1,2,25 a 29,37 a 41,Secundario/Polimodal Completa y más,Menos de 2500 gramos,13
7731,54,1,1,Menor de 15,37 a 41,Hasta Primaria/C.EGB Completa,2500 gramos y más,21
7732,99,9,1,40 a 44,32 a 36,Sin especificar,Menos de 2500 gramos,1
7733,6,1,1,25 a 29,42 y más,Hasta Primaria/C.EGB Completa,2500 gramos y más,13
7734,6,1,1,25 a 29,32 a 36,Secundario/Polimodal Completa y más,2500 gramos y más,458
7735,6,1,2,40 a 44,37 a 41,Secundario/Polimodal Completa y más,Menos de 2500 gramos,68
7736,14,1,2,20 a 24,37 a 41,Hasta Primaria/C.EGB Completa,Menos de 2500 gramos,16
7737,6,1,1,25 a 29,37 a 41,Secundario/Polimodal Completa y más,Menos de 2500 gramos,235
7738,6,2,2,30 a 34,37 a 41,Secundario/Polimodal Completa y más,2500 gramos y más,54
7739,6,2,1,40 a 44,32 a 36,Secundario/Polimodal Completa y más,2500 gramos y más,5
7740,34,1,1,40 a 44,32 a 36,Secundario/Polimodal Completa y más,Menos de 2500 gramos,2
7741,6,2,2,30 a 34,24 a 27,Secundario/Polimodal Completa y más,Sin especificar,1
7742,6,1,1,35 a 39,Menos de 22,Secundario/Polimodal Completa y más,Menos de 2500 gramos,1
7743,74,1,1,35 a 39,37 a 41,Sin especificar,Menos de 2500 gramos,2
7744,22,2,2,20 a 24,32 a 36,Secundaria/Polimodal Incompleta,2500 gramos y más,3
7745,6,1,1,40 a 44,Sin especificar,Secundaria/Polimodal Incompleta,2500 gramos y más,3
7746,90,2,2,20 a 24,37 a 41,Secundario/Polimodal Completa y más,2500 gramos y más,5
7747,82,2,2,25 a 29,37 a 41,Secundaria/Polimodal Incompleta,2500 gramos y más,11
7748,2,9,1,35 a 39,28 a 31,Sin especificar,Menos de 2500 gramos,3
7749,34,1,2,15 a 19,32 a 36,Secundario/Polimodal Completa y más,Menos de 2500 gramos,4
7750,42,1,1,15 a 19,32 a 36,Secundario/Polimodal Completa y más,Menos de 2500 gramos,4
7751,82,1,1,20 a 24,Sin especificar,Secundaria/Polimodal Incompleta,2500 gramos y más,3
7752,14,1,1,30 a 34,28 a 31,Hasta Primaria/C.EGB Completa,Menos de 2500 gramos,4
7753,58,1,1,30 a 34,Sin especificar,Secundario/Polimodal Completa y más,2500 gramos y más,2
7754,99,1,2,Sin especificar,37 a 41,Hasta Primaria/C.EGB Completa,2500 gramos y más,1
7755,46,1,2,25 a 29,37 a 41,Secundaria/Polimodal Incompleta,Menos de 2500 gramos,2
7756,30,2,2,20 a 24,28 a 31,Secundario/Polimodal Completa y más,Menos de 2500 gramos,1
7757,6,9,2,40 a 44,37 a 41,Sin especificar,2500 gramos y más,5
7758,14,1,2,35 a 39,32 a 36,Hasta Primaria/C.EGB Completa,2500 gramos y más,13
7759,62,1,2,35 a 39,37 a 41,Secundario/Polimodal Completa y más,2500 gramos y más,370
7760,90,1,2,25 a 29,28 a 31,Hasta Primaria/C.EGB Completa,2500 gramos y más,2
7761,66,1,1,25 a 29,Sin especificar,Secundaria/Polimodal Incompleta,Sin especificar,1
7762,10,2,1,35 a 39,32 a 36,Hasta Primaria/C.EGB Completa,Menos de 2500 gramos,1
7763,50,2,1,35 a 39,37 a 41,Secundaria/Polimodal Incompleta,2500 gramos y más,2
7764,6,2,1,15 a 19,37 a 41,Secundaria/Polimodal Incompleta,Menos de 2500 gramos,4
7765,58,2,1,35 a 39,24 a 27,Secundario/Polimodal Completa y más,Menos de 2500 gramos,1
7766,18,2,2,30 a 34,28 a 31,Sin especificar,Menos de 2500 gramos,2
7767,86,2,2,25 a 29,37 a 41,Hasta Primaria/C.EGB Completa,2500 gramos y más,2
7768,6,1,1,30 a 34,37 a 41,Sin especificar,Menos de 2500 gramos,35
7769,78,1,1,20 a 24,28 a 31,Hasta Primaria/C.EGB Completa,Menos de 2500 gramos,1
7770,18,1,1,De 45 y más,32 a 36,Hasta Primaria/C.EGB Completa,2500 gramos y más,1
7771,62,1,1,15 a 19,37 a 41,Sin especificar,2500 gramos y más,24
7772,66,1,2,30 a 34,37 a 41,Hasta Primaria/C.EGB Completa,Menos de 2500 gramos,3
7773,2,1,2,30 a 34,42 y más,Secundario/Polimodal Completa y más,2500 gramos y más,3
7774,78,1,2,40 a 44,37 a 41,Secundario/Polimodal Completa y más,Menos de 2500 gramos,1
7775,82,2,1,20 a 24,28 a 31,Secundario/Polimodal Completa y más,Menos de 2500 gramos,2
7776,74,1,2,20 a 24,32 a 36,Secundaria/Polimodal Incompleta,Menos de 2500 gramos,7
7777,94,1,2,15 a 19,37 a 41,Hasta Primaria/C.EGB Completa,Menos de 2500 gramos,1
7778,78,1,1,25 a 29,37 a 41,Secundario/Polimodal Completa y más,Menos de 2500 gramos,6
7779,10,1,1,25 a 29,37 a 41,Secundaria/Polimodal Incompleta,Menos de 2500 gramos,1
7780,50,2,1,25 a 29,32 a 36,Secundario/Polimodal Completa y más,2500 gramos y más,5
7781,50,2,2,35 a 39,37 a 41,Secundario/Polimodal Completa y más,2500 gramos y más,5
7782,38,1,2,20 a 24,Sin especificar,Hasta Primaria/C.EGB Completa,2500 gramos y más,1
7783,58,2,2,40 a 44,32 a 36,Secundaria/Polimodal Incompleta,Menos de 2500 gramos,2
7784,62,1,1,35 a 39,37 a 41,Secundaria/Polimodal Incompleta,2500 gramos y más,70
7785,58,1,1,15 a 19,32 a 36,Secundaria/Polimodal Incompleta,Menos de 2500 gramos,4
7786,54,1,2,15 a 19,32 a 36,Sin especificar,2500 gramos y más,1
7787,90,1,1,35 a 39,28 a 31,Secundaria/Polimodal Incompleta,Menos de 2500 gramos,1
7788,50,1,1,15 a 19,32 a 36,Secundario/Polimodal Completa y más,2500 gramos y más,4
7789,62,1,1,25 a 29,32 a 36,Secundario/Polimodal Completa y más,2500 gramos y más,19
7790,34,1,2,35 a 39,28 a 31,Secundario/Polimodal Completa y más,Menos de 2500 gramos,1
7791,6,1,2,Menor de 15,37 a 41,Sin especificar,2500 gramos y más,9
7792,70,1,1,25 a 29,32 a 36,Secundaria/Polimodal Incompleta,2500 gramos y más,11
7793,90,2,2,25 a 29,37 a 41,Secundaria/Polimodal Incompleta,Menos de 2500 gramos,3
7794,18,1,2,15 a 19,32 a 36,Secundario/Polimodal Completa y más,2500 gramos y más,4
7795,86,2,2,35 a 39,37 a 41,Secundaria/Polimodal Incompleta,2500 gramos y más,1
7796,6,1,2,40 a 44,Sin especificar,Secundario/Polimodal Completa y más,Menos de 2500 gramos,1
7797,14,1,2,Menor de 15,32 a 36,Secundaria/Polimodal Incompleta,Menos de 2500 gramos,1
7798,54,1,1,De 45 y más,37 a 41,Secundario/Polimodal Completa y más,Menos de 2500 gramos,1
7799,22,1,1,15 a 19,32 a 36,Sin especificar,2500 gramos y más,3
7800,6,1,1,30 a 34,28 a 31,Secundario/Polimodal Completa y más,Menos de 2500 gramos,90
7801,30,2,1,25 a 29,37 a 41,Hasta Primaria/C.EGB Completa,2500 gramos y más,4
7802,6,2,1,20 a 24,37 a 41,Sin especificar,2500 gramos y más,3
7803,82,1,2,20 a 24,Sin especificar,Secundaria/Polimodal Incompleta,Menos de 2500 gramos,1
7804,50,1,1,25 a 29,Sin especificar,Secundario/Polimodal Completa y más,2500 gramos y más,1
7805,30,1,2,25 a 29,32 a 36,Secundaria/Polimodal Incompleta,2500 gramos y más,4
7806,2,2,2,20 a 24,37 a 41,Sin especificar,2500 gramos y más,1
7807,62,1,1,15 a 19,28 a 31,Sin especificar,Menos de 2500 gramos,1
7808,82,1,2,20 a 24,32 a 36,Hasta Primaria/C.EGB Completa,2500 gramos y más,36
7809,34,2,2,25 a 29,28 a 31,Sin especificar,Menos de 2500 gramos,2
7810,14,1,2,20 a 24,37 a 41,Sin especificar,2500 gramos y más,4
7811,54,1,1,15 a 19,24 a 27,Secundaria/Polimodal Incompleta,Menos de 2500 gramos,4
7812,34,2,2,30 a 34,37 a 41,Hasta Primaria/C.EGB Completa,Menos de 2500 gramos,1
7813,34,2,1,35 a 39,37 a 41,Hasta Primaria/C.EGB Completa,2500 gramos y más,1
7814,30,2,2,15 a 19,32 a 36,Secundario/Polimodal Completa y más,Menos de 2500 gramos,2
7815,54,1,2,20 a 24,37 a 41,Secundaria/Polimodal Incompleta,Sin especificar,2
7816,94,1,1,30 a 34,32 a 36,Secundario/Polimodal Completa y más,2500 gramos y más,9
7817,62,1,2,20 a 24,37 a 41,Secundario/Polimodal Completa y más,Menos de 2500 gramos,11
7818,46,2,2,25 a 29,37 a 41,Secundaria/Polimodal Incompleta,2500 gramos y más,1
7819,30,1,2,40 a 44,32 a 36,Secundaria/Polimodal Incompleta,Menos de 2500 gramos,2
7820,30,1,1,35 a 39,32 a 36,Secundaria/Polimodal Incompleta,2500 gramos y más,2
7821,6,1,1,15 a 19,22 a 23,Sin especificar,Menos de 2500 gramos,1
7822,22,1,2,35 a 39,37 a 41,Secundario/Polimodal Completa y más,Sin especificar,3
7823,22,1,1,20 a 24,37 a 41,Sin especificar,2500 gramos y más,36
7824,90,1,1,30 a 34,32 a 36,Secundario/Polimodal Completa y más,Sin especificar,1
7825,26,1,1,15 a 19,32 a 36,Hasta Primaria/C.EGB Completa,2500 gramos y más,1
7826,82,2,2,25 a 29,32 a 36,Hasta Primaria/C.EGB Completa,Menos de 2500 gramos,4
7827,2,1,1,20 a 24,28 a 31,Secundaria/Polimodal Incompleta,Menos de 2500 gramos,3
7828,2,9,2,25 a 29,37 a 41,Sin especificar,2500 gramos y más,91
7829,50,1,1,25 a 29,24 a 27,Secundario/Polimodal Completa y más,Menos de 2500 gramos,5
7830,58,1,1,25 a 29,32 a 36,Hasta Primaria/C.EGB Completa,2500 gramos y más,3
7831,2,1,1,20 a 24,24 a 27,Secundario/Polimodal Completa y más,Menos de 2500 gramos,1
7832,90,1,2,15 a 19,42 y más,Secundario/Polimodal Completa y más,2500 gramos y más,8
7833,6,9,1,De 45 y más,37 a 41,Sin especificar,2500 gramos y más,2
7834,26,2,2,30 a 34,32 a 36,Secundaria/Polimodal Incompleta,Menos de 2500 gramos,6
7835,70,2,2,25 a 29,32 a 36,Hasta Primaria/C.EGB Completa,Menos de 2500 gramos,2
7836,62,1,2,25 a 29,32 a 36,Hasta Primaria/C.EGB Completa,2500 gramos y más,5
7837,14,1,2,De 45 y más,32 a 36,Secundario/Polimodal Completa y más,Menos de 2500 gramos,3
7838,62,9,2,20 a 24,37 a 41,Sin especificar,2500 gramos y más,1
7839,2,9,2,De 45 y más,28 a 31,Sin especificar,Menos de 2500 gramos,1
7840,66,1,1,40 a 44,32 a 36,Secundaria/Polimodal Incompleta,2500 gramos y más,4
7841,54,1,1,20 a 24,37 a 41,Secundario/Polimodal Completa y más,2500 gramos y más,798
7842,54,1,1,25 a 29,32 a 36,Secundario/Polimodal Completa y más,2500 gramos y más,49
7843,2,2,1,25 a 29,37 a 41,Secundario/Polimodal Completa y más,Menos de 2500 gramos,2
7844,82,1,2,15 a 19,42 y más,Secundaria/Polimodal Incompleta,2500 gramos y más,1
7845,22,1,2,15 a 19,37 a 41,Secundaria/Polimodal Incompleta,Sin especificar,4
7846,34,1,2,30 a 34,32 a 36,Sin especificar,2500 gramos y más,20
7847,90,1,2,30 a 34,28 a 31,Hasta Primaria/C.EGB Completa,Menos de 2500 gramos,3
7848,6,1,1,25 a 29,Sin especificar,Secundaria/Polimodal Incompleta,Sin especificar,1
7849,22,1,1,Sin especificar,37 a 41,Sin especificar,2500 gramos y más,5
7850,90,1,1,40 a 44,Sin especificar,Secundario/Polimodal Completa y más,2500 gramos y más,2
7851,6,2,2,25 a 29,37 a 41,Sin especificar,Menos de 2500 gramos,1
7852,74,1,1,20 a 24,Sin especificar,Sin especificar,Sin especificar,1
7853,14,1,1,40 a 44,28 a 31,Secundario/Polimodal Completa y más,Menos de 2500 gramos,7
7854,70,1,1,30 a 34,24 a 27,Secundario/Polimodal Completa y más,Menos de 2500 gramos,2
7855,86,1,1,35 a 39,32 a 36,Hasta Primaria/C.EGB Completa,Menos de 2500 gramos,16
7856,18,1,1,25 a 29,32 a 36,Hasta Primaria/C.EGB Completa,2500 gramos y más,5
7857,94,1,2,30 a 34,32 a 36,Secundario/Polimodal Completa y más,Menos de 2500 gramos,6
7858,82,2,1,25 a 29,28 a 31,Hasta Primaria/C.EGB Completa,Menos de 2500 gramos,2
7859,6,2,1,40 a 44,32 a 36,Sin especificar,Menos de 2500 gramos,2
7860,50,2,1,30 a 34,32 a 36,Secundaria/Polimodal Incompleta,2500 gramos y más,2
7861,22,1,2,20 a 24,32 a 36,Secundaria/Polimodal Incompleta,Menos de 2500 gramos,23
7862,34,1,2,Menor de 15,37 a 41,Hasta Primaria/C.EGB Completa,2500 gramos y más,22
7863,22,1,9,25 a 29,Sin especificar,Hasta Primaria/C.EGB Completa,Sin especificar,1
7864,86,1,1,20 a 24,28 a 31,Sin especificar,2500 gramos y más,1
7865,90,1,1,15 a 19,Sin especificar,Hasta Primaria/C.EGB Completa,Menos de 2500 gramos,2
7866,10,1,1,35 a 39,32 a 36,Secundaria/Polimodal Incompleta,Menos de 2500 gramos,1
7867,30,1,1,30 a 34,37 a 41,Secundaria/Polimodal Incompleta,Menos de 2500 gramos,7
7868,58,1,1,15 a 19,37 a 41,Secundaria/Polimodal Incompleta,2500 gramos y más,146
7869,54,2,2,25 a 29,37 a 41,Secundario/Polimodal Completa y más,2500 gramos y más,9
7870,38,1,2,25 a 29,42 y más,Hasta Primaria/C.EGB Completa,2500 gramos y más,2
7871,22,1,9,30 a 34,37 a 41,Secundario/Polimodal Completa y más,Sin especificar,1
7872,14,2,2,40 a 44,37 a 41,Secundaria/Polimodal Incompleta,2500 gramos y más,4
7873,66,2,1,40 a 44,32 a 36,Secundario/Polimodal Completa y más,2500 gramos y más,1
7874,18,2,1,35 a 39,32 a 36,Secundario/Polimodal Completa y más,2500 gramos y más,3
7875,22,1,2,15 a 19,28 a 31,Secundaria/Polimodal Incompleta,2500 gramos y más,1
7876,62,1,2,15 a 19,28 a 31,Secundaria/Polimodal Incompleta,Menos de 2500 gramos,1
7877,6,1,1,15 a 19,32 a 36,Hasta Primaria/C.EGB Completa,Menos de 2500 gramos,36
7878,54,1,2,30 a 34,42 y más,Hasta Primaria/C.EGB Completa,2500 gramos y más,4
7879,42,2,1,35 a 39,37 a 41,Secundario/Polimodal Completa y más,Menos de 2500 gramos,2
7880,10,1,2,30 a 34,24 a 27,Hasta Primaria/C.EGB Completa,Menos de 2500 gramos,1
7881,42,1,1,35 a 39,28 a 31,Secundario/Polimodal Completa y más,Menos de 2500 gramos,1
7882,18,1,2,25 a 29,37 a 41,Secundario/Polimodal Completa y más,2500 gramos y más,747
7883,2,9,2,35 a 39,Sin especificar,Sin especificar,Sin especificar,4
7884,82,2,1,35 a 39,28 a 31,Secundaria/Polimodal Incompleta,Menos de 2500 gramos,1
7885,86,1,1,30 a 34,28 a 31,Secundaria/Polimodal Incompleta,Menos de 2500 gramos,1
7886,50,1,1,35 a 39,32 a 36,Secundario/Polimodal Completa y más,2500 gramos y más,38
7887,54,2,1,30 a 34,28 a 31,Hasta Primaria/C.EGB Completa,Menos de 2500 gramos,2
7888,18,1,2,20 a 24,37 a 41,Sin especificar,2500 gramos y más,398
7889,90,1,1,35 a 39,32 a 36,Secundario/Polimodal Completa y más,Menos de 2500 gramos,26
7890,10,1,2,35 a 39,32 a 36,Hasta Primaria/C.EGB Completa,Menos de 2500 gramos,1
7891,14,1,1,25 a 29,Sin especificar,Sin especificar,Sin especificar,1
7892,38,1,2,20 a 24,24 a 27,Hasta Primaria/C.EGB Completa,Sin especificar,1
7893,54,1,1,35 a 39,28 a 31,Secundaria/Polimodal Incompleta,Menos de 2500 gramos,1
7894,26,1,1,15 a 19,28 a 31,Secundaria/Polimodal Incompleta,2500 gramos y más,1
7895,6,9,1,30 a 34,Sin especificar,Sin especificar,Sin especificar,1
7896,22,1,2,40 a 44,37 a 41,Hasta Primaria/C.EGB Completa,Menos de 2500 gramos,2
7897,14,1,1,20 a 24,42 y más,Hasta Primaria/C.EGB Completa,2500 gramos y más,4
7898,66,1,1,15 a 19,37 a 41,Secundario/Polimodal Completa y más,2500 gramos y más,186
7899,46,1,2,35 a 39,37 a 41,Secundaria/Polimodal Incompleta,2500 gramos y más,18
7900,86,1,2,25 a 29,28 a 31,Secundaria/Polimodal Incompleta,Menos de 2500 gramos,1
7901,34,1,2,35 a 39,37 a 41,Sin especificar,Menos de 2500 gramos,2
7902,99,1,1,Sin especificar,Sin especificar,Secundario/Polimodal Completa y más,Sin especificar,1
7903,90,1,2,15 a 19,22 a 23,Secundaria/Polimodal Incompleta,Menos de 2500 gramos,1
7904,6,1,2,35 a 39,28 a 31,Hasta Primaria/C.EGB Completa,Sin especificar,1
7905,58,1,2,35 a 39,28 a 31,Hasta Primaria/C.EGB Completa,Menos de 2500 gramos,1
7906,78,1,2,De 45 y más,32 a 36,Secundario/Polimodal Completa y más,Menos de 2500 gramos,1
7907,22,1,1,De 45 y más,Sin especificar,Hasta Primaria/C.EGB Completa,Sin especificar,1
7908,14,1,1,Sin especificar,37 a 41,Sin especificar,2500 gramos y más,1
7909,26,1,2,30 a 34,32 a 36,Secundario/Polimodal Completa y más,Menos de 2500 gramos,10
7910,6,1,2,30 a 34,32 a 36,Secundaria/Polimodal Incompleta,Menos de 2500 gramos,92
7911,22,1,2,30 a 34,28 a 31,Secundario/Polimodal Completa y más,2500 gramos y más,2
7912,6,2,2,20 a 24,37 a 41,Hasta Primaria/C.EGB Completa,2500 gramos y más,9
7913,70,1,1,De 45 y más,37 a 41,Hasta Primaria/C.EGB Completa,2500 gramos y más,4
7914,50,2,1,25 a 29,37 a 41,Secundario/Polimodal Completa y más,Menos de 2500 gramos,5
7915,14,1,2,30 a 34,Sin especificar,Secundario/Polimodal Completa y más,Menos de 2500 gramos,1
7916,54,1,2,15 a 19,32 a 36,Secundaria/Polimodal Incompleta,2500 gramos y más,37
7917,14,1,1,25 a 29,37 a 41,Sin especificar,2500 gramos y más,4
7918,30,1,2,40 a 44,37 a 41,Hasta Primaria/C.EGB Completa,Menos de 2500 gramos,3
7919,70,1,1,15 a 19,37 a 41,Hasta Primaria/C.EGB Completa,Menos de 2500 gramos,2
7920,42,1,2,20 a 24,32 a 36,Secundaria/Polimodal Incompleta,Menos de 2500 gramos,10
7921,26,1,1,25 a 29,28 a 31,Secundario/Polimodal Completa y más,Menos de 2500 gramos,1
7922,90,1,1,40 a 44,37 a 41,Secundario/Polimodal Completa y más,2500 gramos y más,200
7923,74,1,2,30 a 34,32 a 36,Secundaria/Polimodal Incompleta,Menos de 2500 gramos,2
7924,82,1,2,25 a 29,37 a 41,Secundario/Polimodal Completa y más,Menos de 2500 gramos,58
7925,34,1,1,35 a 39,37 a 41,Sin especificar,2500 gramos y más,92
7926,46,2,2,30 a 34,28 a 31,Secundario/Polimodal Completa y más,Menos de 2500 gramos,2
7927,74,1,1,30 a 34,32 a 36,Secundaria/Polimodal Incompleta,2500 gramos y más,1
7928,6,1,1,35 a 39,24 a 27,Secundaria/Polimodal Incompleta,Menos de 2500 gramos,1
7929,58,2,2,25 a 29,32 a 36,Secundario/Polimodal Completa y más,Menos de 2500 gramos,3
7930,58,2,1,35 a 39,28 a 31,Secundario/Polimodal Completa y más,Menos de 2500 gramos,2
7931,62,1,2,30 a 34,42 y más,Hasta Primaria/C.EGB Completa,2500 gramos y más,1
7932,90,2,1,15 a 19,37 a 41,Hasta Primaria/C.EGB Completa,2500 gramos y más,1
7933,22,2,2,20 a 24,28 a 31,Hasta Primaria/C.EGB Completa,Menos de 2500 gramos,1
7934,82,1,2,20 a 24,37 a 41,Secundaria/Polimodal Incompleta,Menos de 2500 gramos,55
7935,58,1,1,40 a 44,24 a 27,Secundaria/Polimodal Incompleta,Menos de 2500 gramos,1
7936,6,1,2,25 a 29,37 a 41,Hasta Primaria/C.EGB Completa,Sin especificar,3
7937,82,1,2,De 45 y más,32 a 36,Secundario/Polimodal Completa y más,2500 gramos y más,3
7938,66,1,2,Menor de 15,24 a 27,Sin especificar,Menos de 2500 gramos,1
7939,42,2,2,40 a 44,37 a 41,Secundaria/Polimodal Incompleta,2500 gramos y más,1
7940,90,1,1,30 a 34,Sin especificar,Secundario/Polimodal Completa y más,2500 gramos y más,5
7941,30,1,1,40 a 44,37 a 41,Secundaria/Polimodal Incompleta,Menos de 2500 gramos,2
7942,54,1,1,25 a 29,28 a 31,Secundario/Polimodal Completa y más,Sin especificar,1
7943,66,2,1,30 a 34,32 a 36,Secundaria/Polimodal Incompleta,Menos de 2500 gramos,3
7944,74,1,1,40 a 44,32 a 36,Secundaria/Polimodal Incompleta,2500 gramos y más,2
7945,22,1,2,15 a 19,37 a 41,Secundario/Polimodal Completa y más,Menos de 2500 gramos,7
7946,74,2,1,35 a 39,32 a 36,Secundario/Polimodal Completa y más,2500 gramos y más,2
7947,70,1,2,30 a 34,28 a 31,Secundario/Polimodal Completa y más,Menos de 2500 gramos,4
7948,78,1,1,20 a 24,32 a 36,Secundario/Polimodal Completa y más,2500 gramos y más,9
7949,82,2,2,15 a 19,32 a 36,Secundaria/Polimodal Incompleta,2500 gramos y más,2
7950,74,1,2,35 a 39,37 a 41,Secundario/Polimodal Completa y más,Menos de 2500 gramos,7
7951,14,2,2,Menor de 15,28 a 31,Secundaria/Polimodal Incompleta,Menos de 2500 gramos,2
7952,22,1,2,35 a 39,37 a 41,Hasta Primaria/C.EGB Completa,Menos de 2500 gramos,7
7953,6,1,9,15 a 19,37 a 41,Hasta Primaria/C.EGB Completa,2500 gramos y más,4
7954,2,2,2,25 a 29,32 a 36,Secundario/Polimodal Completa y más,Menos de 2500 gramos,16
7955,54,1,2,25 a 29,37 a 41,Sin especificar,2500 gramos y más,98
7956,30,2,2,35 a 39,37 a 41,Secundaria/Polimodal Incompleta,2500 gramos y más,3
7957,30,2,2,40 a 44,37 a 41,Secundario/Polimodal Completa y más,2500 gramos y más,2
7958,6,1,1,30 a 34,32 a 36,Secundaria/Polimodal Incompleta,2500 gramos y más,118
7959,22,2,1,25 a 29,28 a 31,Secundario/Polimodal Completa y más,Menos de 2500 gramos,4
7960,14,1,2,30 a 34,37 a 41,Hasta Primaria/C.EGB Completa,Menos de 2500 gramos,14
7961,50,1,2,30 a 34,28 a 31,Secundaria/Polimodal Incompleta,Menos de 2500 gramos,3
7962,38,1,2,20 a 24,28 a 31,Secundario/Polimodal Completa y más,Menos de 2500 gramos,4
7963,14,2,2,35 a 39,32 a 36,Secundario/Polimodal Completa y más,Menos de 2500 gramos,20
7964,82,1,1,30 a 34,24 a 27,Secundario/Polimodal Completa y más,Menos de 2500 gramos,8
7965,14,1,1,35 a 39,32 a 36,Hasta Primaria/C.EGB Completa,Menos de 2500 gramos,9
7966,62,2,1,20 a 24,32 a 36,Secundario/Polimodal Completa y más,2500 gramos y más,1
7967,62,1,2,20 a 24,32 a 36,Secundario/Polimodal Completa y más,2500 gramos y más,11
7968,6,1,2,20 a 24,24 a 27,Sin especificar,Menos de 2500 gramos,5
7969,54,1,2,30 a 34,37 a 41,Secundaria/Polimodal Incompleta,Menos de 2500 gramos,14
7970,26,1,2,35 a 39,37 a 41,Secundario/Polimodal Completa y más,2500 gramos y más,258
7971,14,1,2,25 a 29,42 y más,Secundaria/Polimodal Incompleta,2500 gramos y más,4
7972,62,1,2,35 a 39,28 a 31,Secundario/Polimodal Completa y más,Menos de 2500 gramos,2
7973,86,1,1,15 a 19,28 a 31,Secundaria/Polimodal Incompleta,Menos de 2500 gramos,1
7974,6,1,1,20 a 24,Sin especificar,Secundaria/Polimodal Incompleta,Sin especificar,1
7975,10,1,2,35 a 39,37 a 41,Hasta Primaria/C.EGB Completa,2500 gramos y más,29
7976,58,1,2,25 a 29,37 a 41,Secundaria/Polimodal Incompleta,2500 gramos y más,235
7977,54,1,9,30 a 34,37 a 41,Hasta Primaria/C.EGB Completa,2500 gramos y más,1
7978,6,1,2,25 a 29,32 a 36,Secundario/Polimodal Completa y más,Menos de 2500 gramos,354
7979,54,1,2,35 a 39,24 a 27,Hasta Primaria/C.EGB Completa,Menos de 2500 gramos,2
7980,82,1,1,15 a 19,37 a 41,Secundario/Polimodal Completa y más,Menos de 2500 gramos,7
7981,42,1,1,30 a 34,37 a 41,Secundaria/Polimodal Incompleta,Menos de 2500 gramos,2
7982,82,1,2,25 a 29,28 a 31,Secundario/Polimodal Completa y más,2500 gramos y más,1
7983,26,1,2,15 a 19,37 a 41,Sin especificar,2500 gramos y más,33
7984,6,1,1,Sin especificar,Sin especificar,Secundaria/Polimodal Incompleta,Sin especificar,4
7985,18,1,1,20 a 24,32 a 36,Secundario/Polimodal Completa y más,2500 gramos y más,12
7986,6,2,2,30 a 34,32 a 36,Secundario/Polimodal Completa y más,Menos de 2500 gramos,119
7987,58,1,1,30 a 34,32 a 36,Hasta Primaria/C.EGB Completa,Menos de 2500 gramos,2
7988,90,2,1,De 45 y más,32 a 36,Secundario/Polimodal Completa y más,Menos de 2500 gramos,3
7989,50,1,1,De 45 y más,32 a 36,Secundario/Polimodal Completa y más,Menos de 2500 gramos,1
7990,46,1,1,35 a 39,32 a 36,Hasta Primaria/C.EGB Completa,2500 gramos y más,1
7991,2,9,2,40 a 44,Sin especificar,Sin especificar,Sin especificar,1
7992,14,1,2,40 a 44,37 a 41,Secundario/Polimodal Completa y más,Menos de 2500 gramos,21
7993,82,1,1,35 a 39,32 a 36,Secundaria/Polimodal Incompleta,Menos de 2500 gramos,16
7994,90,1,2,30 a 34,37 a 41,Secundaria/Polimodal Incompleta,Sin especificar,1
7995,66,1,2,25 a 29,Sin especificar,Secundaria/Polimodal Incompleta,2500 gramos y más,2
7996,82,1,2,20 a 24,28 a 31,Hasta Primaria/C.EGB Completa,Menos de 2500 gramos,13
7997,6,2,1,20 a 24,37 a 41,Hasta Primaria/C.EGB Completa,Menos de 2500 gramos,3
7998,54,1,1,30 a 34,37 a 41,Hasta Primaria/C.EGB Completa,2500 gramos y más,491
7999,30,2,1,30 a 34,32 a 36,Secundaria/Polimodal Incompleta,Menos de 2500 gramos,4
8000,86,1,1,35 a 39,24 a 27,Hasta Primaria/C.EGB Completa,Menos de 2500 gramos,1
8001,66,1,2,25 a 29,24 a 27,Secundario/Polimodal Completa y más,Sin especificar,1
8002,54,1,2,30 a 34,37 a 41,Hasta Primaria/C.EGB Completa,Menos de 2500 gramos,19
8003,6,2,2,Sin especificar,Sin especificar,Secundario/Polimodal Completa y más,2500 gramos y más,1
8004,6,1,2,30 a 34,28 a 31,Secundaria/Polimodal Incompleta,2500 gramos y más,2
8005,58,1,2,25 a 29,32 a 36,Secundaria/Polimodal Incompleta,Menos de 2500 gramos,6
8006,6,1,1,30 a 34,37 a 41,Sin especificar,Sin especificar,2
8007,66,1,1,35 a 39,Sin especificar,Secundaria/Polimodal Incompleta,2500 gramos y más,1
8008,10,2,2,25 a 29,32 a 36,Secundario/Polimodal Completa y más,Menos de 2500 gramos,5
8009,6,1,1,Menor de 15,37 a 41,Sin especificar,Menos de 2500 gramos,1
8010,74,1,2,25 a 29,32 a 36,Hasta Primaria/C.EGB Completa,Menos de 2500 gramos,4
8011,54,1,1,30 a 34,Sin especificar,Secundaria/Polimodal Incompleta,2500 gramos y más,1
8012,34,1,1,15 a 19,32 a 36,Sin especificar,Menos de 2500 gramos,5
8013,30,1,2,25 a 29,28 a 31,Secundario/Polimodal Completa y más,Menos de 2500 gramos,2
8014,50,1,2,35 a 39,37 a 41,Sin especificar,2500 gramos y más,1
8015,2,2,2,40 a 44,37 a 41,Secundario/Polimodal Completa y más,Menos de 2500 gramos,5
8016,10,2,1,20 a 24,37 a 41,Secundaria/Polimodal Incompleta,Menos de 2500 gramos,1
8017,86,1,2,35 a 39,42 y más,Secundario/Polimodal Completa y más,2500 gramos y más,5
8018,74,1,1,25 a 29,37 a 41,Sin especificar,2500 gramos y más,31
8019,50,2,1,30 a 34,37 a 41,Hasta Primaria/C.EGB Completa,2500 gramos y más,1
8020,86,1,2,20 a 24,32 a 36,Sin especificar,Menos de 2500 gramos,1
8021,62,1,2,40 a 44,42 y más,Hasta Primaria/C.EGB Completa,2500 gramos y más,1
8022,6,1,2,40 a 44,32 a 36,Secundario/Polimodal Completa y más,2500 gramos y más,94
8023,26,2,2,20 a 24,32 a 36,Secundaria/Polimodal Incompleta,Menos de 2500 gramos,1
8024,14,1,2,20 a 24,24 a 27,Secundaria/Polimodal Incompleta,Menos de 2500 gramos,4
8025,22,1,2,40 a 44,37 a 41,Sin especificar,2500 gramos y más,3
8026,98,1,1,15 a 19,32 a 36,Secundaria/Polimodal Incompleta,2500 gramos y más,1
8027,62,2,2,30 a 34,32 a 36,Sin especificar,Menos de 2500 gramos,1
8028,34,1,2,35 a 39,32 a 36,Hasta Primaria/C.EGB Completa,Menos de 2500 gramos,3
8029,82,1,2,25 a 29,28 a 31,Hasta Primaria/C.EGB Completa,Menos de 2500 gramos,12
8030,26,1,2,25 a 29,32 a 36,Sin especificar,Menos de 2500 gramos,6
8031,70,1,1,35 a 39,32 a 36,Secundaria/Polimodal Incompleta,Menos de 2500 gramos,6
8032,94,2,1,30 a 34,37 a 41,Secundario/Polimodal Completa y más,2500 gramos y más,6
8033,22,1,1,25 a 29,37 a 41,Secundaria/Polimodal Incompleta,2500 gramos y más,383
8034,62,1,2,35 a 39,37 a 41,Hasta Primaria/C.EGB Completa,2500 gramos y más,44
8035,38,1,1,20 a 24,37 a 41,Secundaria/Polimodal Incompleta,2500 gramos y más,228
8036,14,1,1,35 a 39,24 a 27,Hasta Primaria/C.EGB Completa,Menos de 2500 gramos,1
8037,18,2,2,40 a 44,37 a 41,Secundaria/Polimodal Incompleta,2500 gramos y más,1
8038,18,1,1,20 a 24,42 y más,Secundario/Polimodal Completa y más,2500 gramos y más,2
8039,58,2,1,30 a 34,37 a 41,Secundario/Polimodal Completa y más,Menos de 2500 gramos,3
8040,18,2,2,35 a 39,37 a 41,Secundaria/Polimodal Incompleta,2500 gramos y más,1
8041,22,1,2,25 a 29,37 a 41,Hasta Primaria/C.EGB Completa,2500 gramos y más,498
8042,14,1,1,30 a 34,32 a 36,Secundaria/Polimodal Incompleta,2500 gramos y más,37
8043,54,1,1,15 a 19,37 a 41,Sin especificar,2500 gramos y más,38
8044,10,1,1,Menor de 15,37 a 41,Secundaria/Polimodal Incompleta,2500 gramos y más,2
8045,14,2,1,25 a 29,32 a 36,Secundario/Polimodal Completa y más,Menos de 2500 gramos,15
8046,38,1,1,40 a 44,37 a 41,Secundaria/Polimodal Incompleta,2500 gramos y más,27
8047,54,1,2,40 a 44,37 a 41,Hasta Primaria/C.EGB Completa,2500 gramos y más,98
8048,30,2,1,35 a 39,32 a 36,Sin especificar,Menos de 2500 gramos,2
8049,6,2,2,25 a 29,Sin especificar,Sin especificar,Menos de 2500 gramos,1
8050,78,1,2,35 a 39,32 a 36,Secundario/Polimodal Completa y más,2500 gramos y más,5
8051,90,2,2,25 a 29,28 a 31,Secundario/Polimodal Completa y más,Menos de 2500 gramos,11
8052,18,1,1,25 a 29,37 a 41,Sin especificar,2500 gramos y más,360
8053,86,1,1,20 a 24,42 y más,Secundario/Polimodal Completa y más,2500 gramos y más,4
8054,26,1,2,40 a 44,37 a 41,Secundario/Polimodal Completa y más,2500 gramos y más,87
8055,66,1,1,15 a 19,32 a 36,Secundario/Polimodal Completa y más,Menos de 2500 gramos,11
8056,42,2,2,30 a 34,37 a 41,Secundario/Polimodal Completa y más,2500 gramos y más,6
8057,50,1,2,15 a 19,32 a 36,Secundario/Polimodal Completa y más,Menos de 2500 gramos,1
8058,66,1,1,30 a 34,37 a 41,Secundaria/Polimodal Incompleta,Menos de 2500 gramos,1
8059,2,1,1,35 a 39,24 a 27,Secundaria/Polimodal Incompleta,Menos de 2500 gramos,2
8060,98,1,2,25 a 29,37 a 41,Hasta Primaria/C.EGB Completa,2500 gramos y más,1
8061,66,1,1,30 a 34,32 a 36,Secundaria/Polimodal Incompleta,2500 gramos y más,15
8062,42,1,1,20 a 24,32 a 36,Secundario/Polimodal Completa y más,2500 gramos y más,4
8063,50,1,1,15 a 19,32 a 36,Hasta Primaria/C.EGB Completa,2500 gramos y más,1
8064,34,2,1,15 a 19,28 a 31,Secundaria/Polimodal Incompleta,Menos de 2500 gramos,1
8065,54,1,2,25 a 29,37 a 41,Secundaria/Polimodal Incompleta,2500 gramos y más,517
8066,10,1,2,40 a 44,37 a 41,Hasta Primaria/C.EGB Completa,2500 gramos y más,13
8067,30,2,1,25 a 29,37 a 41,Secundario/Polimodal Completa y más,2500 gramos y más,7
8068,66,1,2,15 a 19,32 a 36,Secundario/Polimodal Completa y más,2500 gramos y más,10
8069,74,1,2,Menor de 15,37 a 41,Secundaria/Polimodal Incompleta,2500 gramos y más,4
8070,30,1,2,25 a 29,28 a 31,Hasta Primaria/C.EGB Completa,Menos de 2500 gramos,2
8071,90,2,2,20 a 24,32 a 36,Hasta Primaria/C.EGB Completa,Menos de 2500 gramos,1
8072,34,2,2,20 a 24,32 a 36,Secundaria/Polimodal Incompleta,Menos de 2500 gramos,4
8073,22,2,1,25 a 29,32 a 36,Secundaria/Polimodal Incompleta,2500 gramos y más,1
8074,34,1,2,15 a 19,37 a 41,Sin especificar,2500 gramos y más,96
8075,66,1,2,15 a 19,Sin especificar,Secundaria/Polimodal Incompleta,Menos de 2500 gramos,1
8076,10,2,1,20 a 24,28 a 31,Secundario/Polimodal Completa y más,Menos de 2500 gramos,1
8077,2,9,1,40 a 44,28 a 31,Sin especificar,Menos de 2500 gramos,1
8078,54,2,2,35 a 39,32 a 36,Secundario/Polimodal Completa y más,2500 gramos y más,3
8079,30,1,1,25 a 29,37 a 41,Sin especificar,2500 gramos y más,8
8080,6,1,2,15 a 19,28 a 31,Hasta Primaria/C.EGB Completa,Menos de 2500 gramos,5
8081,50,1,1,30 a 34,32 a 36,Secundaria/Polimodal Incompleta,Menos de 2500 gramos,19
8082,66,1,1,25 a 29,Sin especificar,Secundario/Polimodal Completa y más,Menos de 2500 gramos,3
8083,6,1,1,30 a 34,42 y más,Secundario/Polimodal Completa y más,2500 gramos y más,20
8084,6,2,1,35 a 39,37 a 41,Secundaria/Polimodal Incompleta,Menos de 2500 gramos,7
8085,82,1,1,De 45 y más,37 a 41,Hasta Primaria/C.EGB Completa,2500 gramos y más,5
8086,66,1,1,40 a 44,37 a 41,Hasta Primaria/C.EGB Completa,2500 gramos y más,62
8087,62,1,1,30 a 34,24 a 27,Secundario/Polimodal Completa y más,Menos de 2500 gramos,2
8088,2,1,2,15 a 19,32 a 36,Secundario/Polimodal Completa y más,Menos de 2500 gramos,3
8089,34,1,1,40 a 44,37 a 41,Sin especificar,2500 gramos y más,30
8090,62,1,1,30 a 34,32 a 36,Secundaria/Polimodal Incompleta,2500 gramos y más,7
8091,26,2,1,40 a 44,37 a 41,Secundario/Polimodal Completa y más,2500 gramos y más,3
8092,34,1,2,20 a 24,32 a 36,Secundario/Polimodal Completa y más,2500 gramos y más,24
8093,86,1,9,20 a 24,37 a 41,Secundaria/Polimodal Incompleta,Sin especificar,1
8094,18,1,2,40 a 44,37 a 41,Secundario/Polimodal Completa y más,Menos de 2500 gramos,6
8095,62,1,2,30 a 34,37 a 41,Secundaria/Polimodal Incompleta,Menos de 2500 gramos,1
8096,90,1,2,20 a 24,37 a 41,Secundaria/Polimodal Incompleta,Sin especificar,1
8097,22,1,2,35 a 39,37 a 41,Hasta Primaria/C.EGB Completa,Sin especificar,1
8098,14,1,2,30 a 34,37 a 41,Secundario/Polimodal Completa y más,Menos de 2500 gramos,85
8099,70,1,2,35 a 39,37 a 41,Secundario/Polimodal Completa y más,2500 gramos y más,384
8100,90,1,2,35 a 39,32 a 36,Secundario/Polimodal Completa y más,2500 gramos y más,61
8101,6,2,1,20 a 24,32 a 36,Sin especificar,Menos de 2500 gramos,13
8102,2,2,2,30 a 34,37 a 41,Secundario/Polimodal Completa y más,Menos de 2500 gramos,10
8103,14,1,1,De 45 y más,37 a 41,Sin especificar,2500 gramos y más,1
8104,62,1,2,25 a 29,37 a 41,Secundario/Polimodal Completa y más,Menos de 2500 gramos,8
8105,38,1,1,25 a 29,28 a 31,Secundaria/Polimodal Incompleta,Menos de 2500 gramos,1
8106,58,2,1,30 a 34,32 a 36,Secundario/Polimodal Completa y más,2500 gramos y más,3
8107,54,2,1,25 a 29,32 a 36,Secundaria/Polimodal Incompleta,Menos de 2500 gramos,3
8108,54,1,2,25 a 29,32 a 36,Secundario/Polimodal Completa y más,Menos de 2500 gramos,38
8109,70,1,2,40 a 44,37 a 41,Hasta Primaria/C.EGB Completa,2500 gramos y más,34
8110,58,1,2,40 a 44,28 a 31,Hasta Primaria/C.EGB Completa,Menos de 2500 gramos,1
8111,86,1,2,15 a 19,37 a 41,Secundaria/Polimodal Incompleta,Menos de 2500 gramos,6
8112,66,2,2,30 a 34,32 a 36,Secundario/Polimodal Completa y más,Menos de 2500 gramos,9
8113,66,1,1,15 a 19,Sin especificar,Hasta Primaria/C.EGB Completa,Sin especificar,2
8114,6,2,1,40 a 44,32 a 36,Hasta Primaria/C.EGB Completa,2500 gramos y más,1
8115,90,1,2,20 a 24,42 y más,Secundaria/Polimodal Incompleta,Menos de 2500 gramos,2
8116,14,2,2,30 a 34,28 a 31,Secundario/Polimodal Completa y más,Menos de 2500 gramos,12
8117,2,2,2,35 a 39,37 a 41,Secundario/Polimodal Completa y más,Menos de 2500 gramos,16
8118,90,1,1,20 a 24,37 a 41,Hasta Primaria/C.EGB Completa,2500 gramos y más,422
8119,82,1,1,20 a 24,32 a 36,Secundario/Polimodal Completa y más,Menos de 2500 gramos,63
8120,2,1,1,30 a 34,37 a 41,Hasta Primaria/C.EGB Completa,2500 gramos y más,267
8121,70,2,1,15 a 19,37 a 41,Secundario/Polimodal Completa y más,2500 gramos y más,1
8122,98,1,2,Sin especificar,32 a 36,Sin especificar,2500 gramos y más,1
8123,42,1,2,15 a 19,32 a 36,Secundario/Polimodal Completa y más,2500 gramos y más,3
8124,58,1,1,15 a 19,24 a 27,Secundaria/Polimodal Incompleta,Menos de 2500 gramos,1
8125,50,1,2,35 a 39,32 a 36,Secundaria/Polimodal Incompleta,Menos de 2500 gramos,12
8126,70,1,2,15 a 19,24 a 27,Secundaria/Polimodal Incompleta,Menos de 2500 gramos,2
8127,70,1,2,25 a 29,32 a 36,Hasta Primaria/C.EGB Completa,2500 gramos y más,5
8128,6,2,1,35 a 39,32 a 36,Hasta Primaria/C.EGB Completa,2500 gramos y más,5
8129,66,1,2,Menor de 15,32 a 36,Secundaria/Polimodal Incompleta,Menos de 2500 gramos,2
8130,86,1,2,15 a 19,32 a 36,Hasta Primaria/C.EGB Completa,Sin especificar,1
8131,90,1,1,15 a 19,32 a 36,Secundario/Polimodal Completa y más,Menos de 2500 gramos,10
8132,86,1,1,20 a 24,32 a 36,Secundario/Polimodal Completa y más,2500 gramos y más,13
8133,14,1,2,35 a 39,37 a 41,Secundaria/Polimodal Incompleta,Menos de 2500 gramos,19
8134,38,1,1,35 a 39,32 a 36,Secundaria/Polimodal Incompleta,Menos de 2500 gramos,4
8135,2,1,2,20 a 24,32 a 36,Sin especificar,Menos de 2500 gramos,2
8136,18,1,2,De 45 y más,37 a 41,Secundaria/Polimodal Incompleta,2500 gramos y más,1
8137,22,1,2,20 a 24,Sin especificar,Sin especificar,2500 gramos y más,2
8138,38,1,2,40 a 44,32 a 36,Hasta Primaria/C.EGB Completa,Menos de 2500 gramos,1
8139,78,2,1,20 a 24,37 a 41,Secundaria/Polimodal Incompleta,2500 gramos y más,4
8140,14,2,2,30 a 34,37 a 41,Secundario/Polimodal Completa y más,2500 gramos y más,23
8141,22,1,1,35 a 39,Sin especificar,Sin especificar,Sin especificar,1
8142,86,1,1,20 a 24,28 a 31,Secundario/Polimodal Completa y más,Menos de 2500 gramos,3
8143,90,1,1,30 a 34,24 a 27,Hasta Primaria/C.EGB Completa,Menos de 2500 gramos,1
8144,90,1,2,35 a 39,37 a 41,Secundaria/Polimodal Incompleta,Menos de 2500 gramos,5
8145,54,1,2,Sin especificar,37 a 41,Sin especificar,2500 gramos y más,13
8146,6,2,2,15 a 19,32 a 36,Sin especificar,Menos de 2500 gramos,5
8147,34,2,2,25 a 29,37 a 41,Secundaria/Polimodal Incompleta,2500 gramos y más,1
8148,94,1,1,40 a 44,32 a 36,Secundario/Polimodal Completa y más,2500 gramos y más,3
8149,86,1,2,35 a 39,37 a 41,Hasta Primaria/C.EGB Completa,2500 gramos y más,249
8150,82,1,1,25 a 29,42 y más,Secundario/Polimodal Completa y más,2500 gramos y más,2
8151,34,2,2,20 a 24,24 a 27,Sin especificar,Menos de 2500 gramos,1
8152,2,2,1,40 a 44,37 a 41,Secundario/Polimodal Completa y más,2500 gramos y más,11
8153,78,1,2,25 a 29,32 a 36,Secundario/Polimodal Completa y más,Menos de 2500 gramos,7
8154,6,1,1,Sin especificar,32 a 36,Sin especificar,Menos de 2500 gramos,11
8155,46,1,1,40 a 44,32 a 36,Secundario/Polimodal Completa y más,2500 gramos y más,2
8156,2,1,1,30 a 34,24 a 27,Secundario/Polimodal Completa y más,Menos de 2500 gramos,4
8157,34,1,1,20 a 24,32 a 36,Hasta Primaria/C.EGB Completa,Menos de 2500 gramos,3
8158,30,2,2,40 a 44,32 a 36,Secundario/Polimodal Completa y más,Menos de 2500 gramos,1
8159,22,1,2,30 a 34,32 a 36,Secundario/Polimodal Completa y más,Menos de 2500 gramos,47
8160,2,1,1,25 a 29,37 a 41,Sin especificar,Menos de 2500 gramos,4
8161,74,2,2,40 a 44,37 a 41,Secundario/Polimodal Completa y más,2500 gramos y más,1
8162,78,2,1,25 a 29,37 a 41,Secundario/Polimodal Completa y más,2500 gramos y más,4
8163,86,1,1,40 a 44,24 a 27,Secundario/Polimodal Completa y más,Menos de 2500 gramos,1
8164,58,2,1,15 a 19,32 a 36,Secundaria/Polimodal Incompleta,2500 gramos y más,2
8165,6,1,1,30 a 34,22 a 23,Secundaria/Polimodal Incompleta,Menos de 2500 gramos,1
8166,6,1,1,Sin especificar,32 a 36,Hasta Primaria/C.EGB Completa,2500 gramos y más,3
8167,30,1,1,25 a 29,Sin especificar,Secundario/Polimodal Completa y más,Menos de 2500 gramos,1
8168,22,1,1,15 a 19,Sin especificar,Hasta Primaria/C.EGB Completa,2500 gramos y más,2
8169,26,1,1,30 a 34,37 a 41,Secundaria/Polimodal Incompleta,2500 gramos y más,113
8170,10,1,2,30 a 34,32 a 36,Secundario/Polimodal Completa y más,2500 gramos y más,12
8171,70,1,1,25 a 29,42 y más,Secundaria/Polimodal Incompleta,2500 gramos y más,1
8172,62,1,1,15 a 19,37 a 41,Hasta Primaria/C.EGB Completa,Menos de 2500 gramos,1
8173,54,1,1,20 a 24,28 a 31,Secundario/Polimodal Completa y más,Menos de 2500 gramos,6
8174,90,1,2,40 a 44,37 a 41,Secundario/Polimodal Completa y más,Menos de 2500 gramos,11
8175,86,2,2,15 a 19,32 a 36,Hasta Primaria/C.EGB Completa,2500 gramos y más,1
8176,62,1,2,25 a 29,Sin especificar,Secundario/Polimodal Completa y más,Sin especificar,1
8177,22,2,1,20 a 24,37 a 41,Secundario/Polimodal Completa y más,2500 gramos y más,1
8178,6,2,1,20 a 24,24 a 27,Secundaria/Polimodal Incompleta,Menos de 2500 gramos,2
8179,62,1,2,25 a 29,22 a 23,Secundario/Polimodal Completa y más,Menos de 2500 gramos,1
8180,94,1,2,20 a 24,32 a 36,Secundario/Polimodal Completa y más,Menos de 2500 gramos,3
8181,50,1,1,De 45 y más,37 a 41,Secundario/Polimodal Completa y más,2500 gramos y más,20
8182,26,2,1,30 a 34,32 a 36,Secundaria/Polimodal Incompleta,2500 gramos y más,1
8183,58,2,1,20 a 24,37 a 41,Secundaria/Polimodal Incompleta,Menos de 2500 gramos,1
8184,50,1,2,40 a 44,37 a 41,Secundaria/Polimodal Incompleta,2500 gramos y más,60
8185,30,1,1,15 a 19,24 a 27,Hasta Primaria/C.EGB Completa,Menos de 2500 gramos,1
8186,54,2,2,20 a 24,37 a 41,Secundaria/Polimodal Incompleta,2500 gramos y más,4
8187,6,2,2,35 a 39,32 a 36,Secundaria/Polimodal Incompleta,Menos de 2500 gramos,17
8188,86,1,1,25 a 29,32 a 36,Secundario/Polimodal Completa y más,2500 gramos y más,26
8189,26,1,1,35 a 39,32 a 36,Secundario/Polimodal Completa y más,2500 gramos y más,11
8190,6,9,2,20 a 24,32 a 36,Secundario/Polimodal Completa y más,Menos de 2500 gramos,1
8191,82,1,1,Sin especificar,Sin especificar,Sin especificar,Sin especificar,2
8192,90,1,1,20 a 24,42 y más,Secundario/Polimodal Completa y más,2500 gramos y más,47
8193,38,2,2,25 a 29,37 a 41,Secundario/Polimodal Completa y más,2500 gramos y más,5
8194,14,1,1,20 a 24,22 a 23,Secundario/Polimodal Completa y más,Menos de 2500 gramos,2
8195,6,1,1,30 a 34,37 a 41,Secundaria/Polimodal Incompleta,Menos de 2500 gramos,71
8196,86,1,2,35 a 39,37 a 41,Secundaria/Polimodal Incompleta,Menos de 2500 gramos,6
8197,18,2,1,35 a 39,37 a 41,Secundaria/Polimodal Incompleta,Menos de 2500 gramos,3
8198,50,2,2,25 a 29,24 a 27,Secundaria/Polimodal Incompleta,Menos de 2500 gramos,3
8199,86,1,2,40 a 44,32 a 36,Secundario/Polimodal Completa y más,2500 gramos y más,3
8200,10,2,1,30 a 34,24 a 27,Hasta Primaria/C.EGB Completa,Menos de 2500 gramos,1
8201,6,1,1,15 a 19,Sin especificar,Secundaria/Polimodal Incompleta,2500 gramos y más,5
8202,62,1,1,20 a 24,28 a 31,Secundaria/Polimodal Incompleta,Menos de 2500 gramos,2
8203,6,1,1,35 a 39,24 a 27,Hasta Primaria/C.EGB Completa,Menos de 2500 gramos,2
8204,82,1,1,35 a 39,37 a 41,Hasta Primaria/C.EGB Completa,Menos de 2500 gramos,14
8205,66,2,1,25 a 29,37 a 41,Secundario/Polimodal Completa y más,2500 gramos y más,11
8206,14,2,2,15 a 19,32 a 36,Secundaria/Polimodal Incompleta,Menos de 2500 gramos,10
8207,54,1,2,20 a 24,32 a 36,Sin especificar,Menos de 2500 gramos,2
8208,18,2,2,20 a 24,32 a 36,Sin especificar,2500 gramos y más,1
8209,22,1,1,20 a 24,32 a 36,Sin especificar,Menos de 2500 gramos,4
8210,6,2,1,De 45 y más,37 a 41,Sin especificar,2500 gramos y más,1
8211,82,1,1,30 a 34,37 a 41,Secundaria/Polimodal Incompleta,2500 gramos y más,758
8212,50,1,1,25 a 29,37 a 41,Hasta Primaria/C.EGB Completa,2500 gramos y más,257
8213,86,1,1,Menor de 15,37 a 41,Hasta Primaria/C.EGB Completa,2500 gramos y más,14
8214,6,1,1,Sin especificar,32 a 36,Secundario/Polimodal Completa y más,2500 gramos y más,14
8215,22,1,2,30 a 34,37 a 41,Sin especificar,2500 gramos y más,26
8216,22,1,1,20 a 24,37 a 41,Secundaria/Polimodal Incompleta,Sin especificar,3
8217,54,2,1,15 a 19,32 a 36,Secundaria/Polimodal Incompleta,2500 gramos y más,2
8218,86,1,1,30 a 34,32 a 36,Secundaria/Polimodal Incompleta,2500 gramos y más,25
8219,90,1,2,40 a 44,Sin especificar,Hasta Primaria/C.EGB Completa,2500 gramos y más,1
8220,30,1,2,15 a 19,37 a 41,Hasta Primaria/C.EGB Completa,Menos de 2500 gramos,11
8221,30,1,2,30 a 34,24 a 27,Secundaria/Polimodal Incompleta,Menos de 2500 gramos,1
8222,99,9,1,30 a 34,37 a 41,Sin especificar,2500 gramos y más,142
8223,82,1,2,40 a 44,28 a 31,Secundario/Polimodal Completa y más,Menos de 2500 gramos,4
8224,34,1,1,25 a 29,24 a 27,Secundario/Polimodal Completa y más,Menos de 2500 gramos,4
8225,30,1,1,25 a 29,37 a 41,Hasta Primaria/C.EGB Completa,Menos de 2500 gramos,9
8226,18,1,2,15 a 19,42 y más,Secundario/Polimodal Completa y más,2500 gramos y más,1
8227,2,1,1,Sin especificar,Sin especificar,Sin especificar,Sin especificar,3
8228,90,2,1,15 a 19,28 a 31,Secundaria/Polimodal Incompleta,Menos de 2500 gramos,1
8229,26,1,2,30 a 34,32 a 36,Secundaria/Polimodal Incompleta,2500 gramos y más,4
8230,6,1,9,40 a 44,37 a 41,Hasta Primaria/C.EGB Completa,2500 gramos y más,3
8231,50,1,2,15 a 19,32 a 36,Secundaria/Polimodal Incompleta,Menos de 2500 gramos,23
8232,90,1,1,20 a 24,32 a 36,Secundaria/Polimodal Incompleta,2500 gramos y más,55
8233,62,1,2,15 a 19,37 a 41,Secundario/Polimodal Completa y más,2500 gramos y más,48
8234,46,2,1,20 a 24,37 a 41,Hasta Primaria/C.EGB Completa,2500 gramos y más,2
8235,34,1,1,30 a 34,28 a 31,Sin especificar,Menos de 2500 gramos,1
8236,14,1,2,40 a 44,32 a 36,Hasta Primaria/C.EGB Completa,2500 gramos y más,6
8237,82,2,2,25 a 29,28 a 31,Secundaria/Polimodal Incompleta,Menos de 2500 gramos,2
8238,18,2,2,30 a 34,24 a 27,Secundario/Polimodal Completa y más,Menos de 2500 gramos,4
8239,86,1,1,20 a 24,24 a 27,Hasta Primaria/C.EGB Completa,Menos de 2500 gramos,3
8240,86,1,1,25 a 29,32 a 36,Hasta Primaria/C.EGB Completa,2500 gramos y más,35
8241,6,1,1,Sin especificar,37 a 41,Sin especificar,2500 gramos y más,262
8242,62,1,1,35 a 39,32 a 36,Secundaria/Polimodal Incompleta,Menos de 2500 gramos,2
8243,6,1,2,De 45 y más,37 a 41,Secundaria/Polimodal Incompleta,2500 gramos y más,18
8244,94,1,1,25 a 29,32 a 36,Secundario/Polimodal Completa y más,Menos de 2500 gramos,6
8245,62,2,2,25 a 29,24 a 27,Secundario/Polimodal Completa y más,Menos de 2500 gramos,2
8246,50,1,1,25 a 29,37 a 41,Secundario/Polimodal Completa y más,2500 gramos y más,1604
8247,30,1,2,15 a 19,37 a 41,Secundario/Polimodal Completa y más,Menos de 2500 gramos,1
8248,6,1,1,40 a 44,Sin especificar,Hasta Primaria/C.EGB Completa,2500 gramos y más,3
8249,6,2,1,25 a 29,32 a 36,Secundario/Polimodal Completa y más,Menos de 2500 gramos,62
8250,6,1,2,25 a 29,42 y más,Sin especificar,2500 gramos y más,3
8251,26,1,2,35 a 39,32 a 36,Secundario/Polimodal Completa y más,Menos de 2500 gramos,10
8252,14,1,2,25 a 29,24 a 27,Secundaria/Polimodal Incompleta,Menos de 2500 gramos,5
8253,78,1,2,30 a 34,37 a 41,Sin especificar,2500 gramos y más,1
8254,22,1,2,20 a 24,32 a 36,Hasta Primaria/C.EGB Completa,Menos de 2500 gramos,8
8255,18,1,1,25 a 29,32 a 36,Secundaria/Polimodal Incompleta,Menos de 2500 gramos,12
8256,46,2,1,35 a 39,37 a 41,Secundario/Polimodal Completa y más,2500 gramos y más,2
8257,62,1,1,20 a 24,Sin especificar,Secundario/Polimodal Completa y más,2500 gramos y más,1
8258,46,1,2,20 a 24,28 a 31,Secundario/Polimodal Completa y más,Menos de 2500 gramos,3
8259,14,1,2,Menor de 15,37 a 41,Secundaria/Polimodal Incompleta,2500 gramos y más,18
8260,46,1,2,40 a 44,28 a 31,Secundaria/Polimodal Incompleta,Menos de 2500 gramos,1
8261,10,1,1,15 a 19,32 a 36,Hasta Primaria/C.EGB Completa,2500 gramos y más,1
8262,22,2,2,35 a 39,37 a 41,Secundario/Polimodal Completa y más,2500 gramos y más,2
8263,94,1,1,25 a 29,37 a 41,Secundaria/Polimodal Incompleta,2500 gramos y más,24
8264,70,1,2,30 a 34,24 a 27,Hasta Primaria/C.EGB Completa,Menos de 2500 gramos,1
8265,70,1,1,25 a 29,28 a 31,Secundario/Polimodal Completa y más,Menos de 2500 gramos,4
8266,22,1,1,30 a 34,32 a 36,Secundario/Polimodal Completa y más,2500 gramos y más,47
8267,6,1,2,De 45 y más,32 a 36,Secundario/Polimodal Completa y más,Menos de 2500 gramos,18
8268,58,1,1,15 a 19,37 a 41,Hasta Primaria/C.EGB Completa,Menos de 2500 gramos,3
8269,42,1,2,15 a 19,37 a 41,Secundario/Polimodal Completa y más,Menos de 2500 gramos,3
8270,30,1,1,25 a 29,Sin especificar,Secundaria/Polimodal Incompleta,2500 gramos y más,1
8271,82,1,2,20 a 24,32 a 36,Secundaria/Polimodal Incompleta,2500 gramos y más,64
8272,22,1,2,15 a 19,37 a 41,Sin especificar,2500 gramos y más,17
8273,66,1,1,35 a 39,Sin especificar,Secundario/Polimodal Completa y más,2500 gramos y más,21
8274,6,1,1,40 a 44,Sin especificar,Secundario/Polimodal Completa y más,2500 gramos y más,4
8275,54,1,1,35 a 39,28 a 31,Sin especificar,Menos de 2500 gramos,1
8276,82,2,1,15 a 19,32 a 36,Secundario/Polimodal Completa y más,Menos de 2500 gramos,2
8277,74,1,2,35 a 39,37 a 41,Secundaria/Polimodal Incompleta,Menos de 2500 gramos,2
8278,6,1,2,30 a 34,32 a 36,Sin especificar,Menos de 2500 gramos,53
8279,74,1,2,15 a 19,37 a 41,Secundario/Polimodal Completa y más,Menos de 2500 gramos,1
8280,14,1,1,35 a 39,37 a 41,Hasta Primaria/C.EGB Completa,2500 gramos y más,275
8281,6,1,1,40 a 44,24 a 27,Secundario/Polimodal Completa y más,Menos de 2500 gramos,10
8282,38,1,2,35 a 39,32 a 36,Hasta Primaria/C.EGB Completa,Menos de 2500 gramos,2
8283,2,2,1,De 45 y más,37 a 41,Secundario/Polimodal Completa y más,Menos de 2500 gramos,1
8284,82,1,2,35 a 39,42 y más,Secundaria/Polimodal Incompleta,2500 gramos y más,2
8285,18,1,1,25 a 29,32 a 36,Sin especificar,Menos de 2500 gramos,12
8286,90,1,1,20 a 24,28 a 31,Hasta Primaria/C.EGB Completa,Menos de 2500 gramos,4
8287,14,1,2,Menor de 15,37 a 41,Sin especificar,2500 gramos y más,2
8288,26,1,1,Menor de 15,37 a 41,Secundaria/Polimodal Incompleta,2500 gramos y más,5
8289,2,1,2,40 a 44,37 a 41,Hasta Primaria/C.EGB Completa,2500 gramos y más,60
8290,54,1,1,35 a 39,32 a 36,Sin especificar,2500 gramos y más,2
8291,90,1,2,25 a 29,Sin especificar,Secundaria/Polimodal Incompleta,2500 gramos y más,3
8292,54,1,2,35 a 39,42 y más,Secundario/Polimodal Completa y más,2500 gramos y más,1
8293,78,1,2,40 a 44,32 a 36,Hasta Primaria/C.EGB Completa,2500 gramos y más,1
8294,62,1,1,20 a 24,32 a 36,Hasta Primaria/C.EGB Completa,Menos de 2500 gramos,8
8295,99,1,2,Sin especificar,37 a 41,Sin especificar,Menos de 2500 gramos,3
8296,58,2,2,35 a 39,37 a 41,Secundario/Polimodal Completa y más,Menos de 2500 gramos,5
8297,6,1,2,Sin especificar,32 a 36,Hasta Primaria/C.EGB Completa,Menos de 2500 gramos,2
8298,82,1,2,15 a 19,32 a 36,Secundaria/Polimodal Incompleta,Menos de 2500 gramos,58
8299,18,1,1,35 a 39,28 a 31,Secundario/Polimodal Completa y más,Menos de 2500 gramos,3
8300,14,2,2,30 a 34,32 a 36,Hasta Primaria/C.EGB Completa,Menos de 2500 gramos,3
8301,30,1,2,25 a 29,37 a 41,Sin especificar,Menos de 2500 gramos,1
8302,58,1,2,35 a 39,Sin especificar,Hasta Primaria/C.EGB Completa,2500 gramos y más,1
8303,98,1,1,25 a 29,37 a 41,Secundaria/Polimodal Incompleta,2500 gramos y más,1
8304,50,1,2,25 a 29,32 a 36,Secundario/Polimodal Completa y más,2500 gramos y más,38
8305,34,2,2,30 a 34,37 a 41,Secundario/Polimodal Completa y más,Menos de 2500 gramos,1
8306,46,1,2,20 a 24,42 y más,Secundaria/Polimodal Incompleta,2500 gramos y más,1
8307,58,1,2,35 a 39,28 a 31,Secundario/Polimodal Completa y más,Menos de 2500 gramos,5
8308,42,1,1,35 a 39,37 a 41,Secundario/Polimodal Completa y más,2500 gramos y más,143
8309,6,2,1,15 a 19,Sin especificar,Sin especificar,Sin especificar,1
8310,2,2,2,30 a 34,32 a 36,Secundaria/Polimodal Incompleta,Menos de 2500 gramos,2
8311,2,9,1,40 a 44,37 a 41,Secundario/Polimodal Completa y más,2500 gramos y más,1
8312,86,2,2,25 a 29,28 a 31,Hasta Primaria/C.EGB Completa,Menos de 2500 gramos,4
8313,82,1,1,Menor de 15,37 a 41,Secundario/Polimodal Completa y más,2500 gramos y más,2
8314,2,1,1,De 45 y más,24 a 27,Secundario/Polimodal Completa y más,Menos de 2500 gramos,1
8315,6,1,2,25 a 29,28 a 31,Secundaria/Polimodal Incompleta,Menos de 2500 gramos,29
8316,14,1,2,15 a 19,28 a 31,Hasta Primaria/C.EGB Completa,Menos de 2500 gramos,1
8317,14,1,2,De 45 y más,24 a 27,Secundario/Polimodal Completa y más,Menos de 2500 gramos,2
8318,2,1,2,20 a 24,37 a 41,Secundaria/Polimodal Incompleta,Menos de 2500 gramos,5
8319,62,2,1,25 a 29,32 a 36,Secundaria/Polimodal Incompleta,Menos de 2500 gramos,2
8320,74,1,2,30 a 34,32 a 36,Secundario/Polimodal Completa y más,Menos de 2500 gramos,16
8321,54,1,1,15 a 19,37 a 41,Hasta Primaria/C.EGB Completa,Menos de 2500 gramos,23
8322,50,1,2,Menor de 15,32 a 36,Secundaria/Polimodal Incompleta,2500 gramos y más,1
8323,90,1,1,30 a 34,28 a 31,Secundario/Polimodal Completa y más,Menos de 2500 gramos,14
8324,18,1,2,20 a 24,37 a 41,Hasta Primaria/C.EGB Completa,Menos de 2500 gramos,4
8325,26,1,2,40 a 44,24 a 27,Secundario/Polimodal Completa y más,Menos de 2500 gramos,2
8326,34,1,2,Menor de 15,37 a 41,Secundaria/Polimodal Incompleta,Menos de 2500 gramos,1
8327,82,1,2,15 a 19,32 a 36,Hasta Primaria/C.EGB Completa,Menos de 2500 gramos,13
8328,38,1,2,20 a 24,42 y más,Hasta Primaria/C.EGB Completa,2500 gramos y más,1
8329,98,1,2,30 a 34,37 a 41,Secundaria/Polimodal Incompleta,2500 gramos y más,2
8330,34,1,2,20 a 24,37 a 41,Secundaria/Polimodal Incompleta,Menos de 2500 gramos,10
8331,38,1,2,20 a 24,42 y más,Secundario/Polimodal Completa y más,2500 gramos y más,3
8332,38,1,2,35 a 39,28 a 31,Secundaria/Polimodal Incompleta,Menos de 2500 gramos,1
8333,26,1,1,30 a 34,37 a 41,Hasta Primaria/C.EGB Completa,Menos de 2500 gramos,1
8334,66,1,2,25 a 29,32 a 36,Hasta Primaria/C.EGB Completa,Menos de 2500 gramos,9
8335,90,2,2,15 a 19,37 a 41,Hasta Primaria/C.EGB Completa,Menos de 2500 gramos,1
8336,82,1,2,35 a 39,28 a 31,Secundaria/Polimodal Incompleta,Menos de 2500 gramos,4
8337,30,1,1,15 a 19,Sin especificar,Hasta Primaria/C.EGB Completa,2500 gramos y más,1
8338,50,1,1,40 a 44,37 a 41,Secundario/Polimodal Completa y más,Menos de 2500 gramos,8
8339,70,2,1,30 a 34,32 a 36,Secundario/Polimodal Completa y más,2500 gramos y más,2
8340,34,1,2,15 a 19,28 a 31,Secundaria/Polimodal Incompleta,Menos de 2500 gramos,3
8341,6,9,2,20 a 24,28 a 31,Sin especificar,Menos de 2500 gramos,1
8342,34,1,1,De 45 y más,37 a 41,Secundario/Polimodal Completa y más,2500 gramos y más,4
8343,66,2,2,20 a 24,37 a 41,Secundaria/Polimodal Incompleta,Menos de 2500 gramos,5
8344,90,1,1,20 a 24,37 a 41,Secundaria/Polimodal Incompleta,Menos de 2500 gramos,17
8345,34,2,1,25 a 29,37 a 41,Hasta Primaria/C.EGB Completa,Menos de 2500 gramos,1
8346,30,2,1,15 a 19,32 a 36,Secundario/Polimodal Completa y más,2500 gramos y más,1
8347,22,2,2,30 a 34,32 a 36,Hasta Primaria/C.EGB Completa,Menos de 2500 gramos,5
8348,30,1,2,40 a 44,32 a 36,Hasta Primaria/C.EGB Completa,2500 gramos y más,6
8349,86,1,1,35 a 39,28 a 31,Secundaria/Polimodal Incompleta,Menos de 2500 gramos,1
8350,90,2,1,35 a 39,28 a 31,Secundario/Polimodal Completa y más,Menos de 2500 gramos,2
8351,50,2,1,15 a 19,32 a 36,Secundario/Polimodal Completa y más,Menos de 2500 gramos,1
8352,82,1,1,15 a 19,22 a 23,Hasta Primaria/C.EGB Completa,Menos de 2500 gramos,1
8353,54,1,1,25 a 29,28 a 31,Hasta Primaria/C.EGB Completa,Menos de 2500 gramos,1
8354,82,1,1,15 a 19,32 a 36,Secundario/Polimodal Completa y más,2500 gramos y más,17
8355,86,1,2,20 a 24,22 a 23,Hasta Primaria/C.EGB Completa,Menos de 2500 gramos,1
8356,38,1,1,25 a 29,32 a 36,Hasta Primaria/C.EGB Completa,Menos de 2500 gramos,1
8357,82,1,1,20 a 24,Sin especificar,Hasta Primaria/C.EGB Completa,Sin especificar,1
8358,74,1,1,30 a 34,Sin especificar,Sin especificar,Sin especificar,2
8359,2,2,2,25 a 29,37 a 41,Secundaria/Polimodal Incompleta,2500 gramos y más,3
8360,6,1,9,Sin especificar,37 a 41,Secundaria/Polimodal Incompleta,2500 gramos y más,3
8361,82,2,1,35 a 39,32 a 36,Secundario/Polimodal Completa y más,Menos de 2500 gramos,25
8362,99,9,2,35 a 39,28 a 31,Sin especificar,Menos de 2500 gramos,1
8363,66,1,1,25 a 29,37 a 41,Secundario/Polimodal Completa y más,Menos de 2500 gramos,20
8364,18,1,1,40 a 44,32 a 36,Sin especificar,2500 gramos y más,2
8365,6,1,2,20 a 24,37 a 41,Hasta Primaria/C.EGB Completa,Menos de 2500 gramos,86
8366,6,1,1,40 a 44,32 a 36,Hasta Primaria/C.EGB Completa,Menos de 2500 gramos,28
8367,18,2,1,20 a 24,32 a 36,Sin especificar,Menos de 2500 gramos,3
8368,26,1,2,25 a 29,37 a 41,Secundario/Polimodal Completa y más,Menos de 2500 gramos,7
8369,2,1,2,40 a 44,28 a 31,Hasta Primaria/C.EGB Completa,Menos de 2500 gramos,1
8370,22,1,2,Sin especificar,32 a 36,Hasta Primaria/C.EGB Completa,Menos de 2500 gramos,1
8371,30,1,2,35 a 39,28 a 31,Secundario/Polimodal Completa y más,2500 gramos y más,1
8372,90,2,2,30 a 34,24 a 27,Secundaria/Polimodal Incompleta,Menos de 2500 gramos,2
8373,6,1,2,20 a 24,42 y más,Sin especificar,2500 gramos y más,5
8374,70,1,1,30 a 34,32 a 36,Secundario/Polimodal Completa y más,Menos de 2500 gramos,26
8375,26,1,2,20 a 24,32 a 36,Secundaria/Polimodal Incompleta,2500 gramos y más,6
8376,30,1,1,40 a 44,42 y más,Secundario/Polimodal Completa y más,2500 gramos y más,1
8377,6,1,1,40 a 44,28 a 31,Secundario/Polimodal Completa y más,Menos de 2500 gramos,29
8378,54,1,1,30 a 34,32 a 36,Hasta Primaria/C.EGB Completa,Menos de 2500 gramos,20
8379,42,1,2,40 a 44,32 a 36,Hasta Primaria/C.EGB Completa,2500 gramos y más,1
8380,18,2,1,25 a 29,37 a 41,Secundario/Polimodal Completa y más,2500 gramos y más,3
8381,82,1,1,20 a 24,24 a 27,Secundario/Polimodal Completa y más,Menos de 2500 gramos,15
8382,22,1,1,15 a 19,37 a 41,Hasta Primaria/C.EGB Completa,2500 gramos y más,329
8383,26,2,1,35 a 39,32 a 36,Secundario/Polimodal Completa y más,Menos de 2500 gramos,5
8384,22,1,2,35 a 39,Sin especificar,Hasta Primaria/C.EGB Completa,Menos de 2500 gramos,1
8385,58,1,1,De 45 y más,32 a 36,Secundario/Polimodal Completa y más,2500 gramos y más,1
8386,66,1,2,20 a 24,37 a 41,Sin especificar,2500 gramos y más,27
8387,78,1,1,15 a 19,32 a 36,Secundaria/Polimodal Incompleta,2500 gramos y más,1
8388,74,1,2,35 a 39,32 a 36,Secundario/Polimodal Completa y más,2500 gramos y más,11
8389,66,1,1,30 a 34,37 a 41,Hasta Primaria/C.EGB Completa,2500 gramos y más,298
8390,58,1,1,25 a 29,28 a 31,Secundario/Polimodal Completa y más,Menos de 2500 gramos,3
8391,62,2,1,35 a 39,37 a 41,Sin especificar,Menos de 2500 gramos,1
8392,2,1,1,25 a 29,42 y más,Secundario/Polimodal Completa y más,2500 gramos y más,2
8393,46,2,1,30 a 34,32 a 36,Secundario/Polimodal Completa y más,Menos de 2500 gramos,2
8394,62,2,1,20 a 24,37 a 41,Secundario/Polimodal Completa y más,Menos de 2500 gramos,3
8395,70,1,2,15 a 19,37 a 41,Secundario/Polimodal Completa y más,2500 gramos y más,78
8396,14,2,1,20 a 24,32 a 36,Hasta Primaria/C.EGB Completa,2500 gramos y más,1
8397,46,1,1,30 a 34,37 a 41,Secundaria/Polimodal Incompleta,2500 gramos y más,40
8398,82,1,1,25 a 29,24 a 27,Hasta Primaria/C.EGB Completa,Menos de 2500 gramos,7
8399,42,1,1,25 a 29,37 a 41,Secundario/Polimodal Completa y más,Menos de 2500 gramos,4
8400,90,2,2,25 a 29,37 a 41,Secundario/Polimodal Completa y más,2500 gramos y más,6
8401,86,1,1,Sin especificar,37 a 41,Sin especificar,2500 gramos y más,1
8402,66,1,1,40 a 44,32 a 36,Hasta Primaria/C.EGB Completa,Menos de 2500 gramos,4
8403,62,1,1,25 a 29,42 y más,Secundario/Polimodal Completa y más,2500 gramos y más,3
8404,50,1,2,35 a 39,Sin especificar,Secundaria/Polimodal Incompleta,2500 gramos y más,1
8405,66,2,1,15 a 19,37 a 41,Secundaria/Polimodal Incompleta,Menos de 2500 gramos,1
8406,94,1,1,15 a 19,37 a 41,Secundaria/Polimodal Incompleta,Menos de 2500 gramos,1
8407,14,1,1,20 a 24,37 a 41,Secundaria/Polimodal Incompleta,Menos de 2500 gramos,32
8408,50,1,1,15 a 19,28 a 31,Secundario/Polimodal Completa y más,Menos de 2500 gramos,1
8409,54,1,2,25 a 29,32 a 36,Secundaria/Polimodal Incompleta,Menos de 2500 gramos,20
8410,50,2,2,25 a 29,37 a 41,Hasta Primaria/C.EGB Completa,Menos de 2500 gramos,1
8411,38,2,2,20 a 24,32 a 36,Secundaria/Polimodal Incompleta,Menos de 2500 gramos,2
8412,2,2,1,De 45 y más,32 a 36,Sin especificar,Menos de 2500 gramos,2
8413,90,1,1,20 a 24,28 a 31,Secundaria/Polimodal Incompleta,Menos de 2500 gramos,9
8414,50,1,2,35 a 39,24 a 27,Secundaria/Polimodal Incompleta,Menos de 2500 gramos,1
8415,14,1,2,25 a 29,28 a 31,Secundaria/Polimodal Incompleta,Menos de 2500 gramos,5
8416,42,1,2,35 a 39,37 a 41,Hasta Primaria/C.EGB Completa,Menos de 2500 gramos,1
8417,34,1,1,30 a 34,28 a 31,Secundaria/Polimodal Incompleta,Menos de 2500 gramos,2
8418,34,1,1,20 a 24,28 a 31,Secundaria/Polimodal Incompleta,Menos de 2500 gramos,3
8419,34,1,1,20 a 24,37 a 41,Secundaria/Polimodal Incompleta,2500 gramos y más,267
8420,10,1,2,20 a 24,42 y más,Hasta Primaria/C.EGB Completa,2500 gramos y más,1
8421,62,1,2,40 a 44,28 a 31,Secundario/Polimodal Completa y más,Menos de 2500 gramos,2
8422,58,1,1,35 a 39,32 a 36,Secundario/Polimodal Completa y más,Menos de 2500 gramos,19
8423,46,1,2,Menor de 15,37 a 41,Hasta Primaria/C.EGB Completa,2500 gramos y más,3
8424,46,1,1,De 45 y más,32 a 36,Secundario/Polimodal Completa y más,Menos de 2500 gramos,1
8425,2,9,2,20 a 24,Sin especificar,Sin especificar,Sin especificar,5
8426,66,1,1,35 a 39,37 a 41,Secundario/Polimodal Completa y más,2500 gramos y más,664
8427,10,1,1,20 a 24,42 y más,Secundaria/Polimodal Incompleta,2500 gramos y más,3
8428,2,1,2,30 a 34,28 a 31,Secundario/Polimodal Completa y más,Menos de 2500 gramos,11
8429,22,1,2,25 a 29,37 a 41,Secundaria/Polimodal Incompleta,Menos de 2500 gramos,19
8430,90,1,2,35 a 39,28 a 31,Secundario/Polimodal Completa y más,Menos de 2500 gramos,6
8431,38,2,1,30 a 34,37 a 41,Secundario/Polimodal Completa y más,2500 gramos y más,7
8432,6,2,1,35 a 39,37 a 41,Sin especificar,Menos de 2500 gramos,2
8433,54,2,2,20 a 24,32 a 36,Secundario/Polimodal Completa y más,Menos de 2500 gramos,12
8434,90,1,2,20 a 24,37 a 41,Secundario/Polimodal Completa y más,Menos de 2500 gramos,37
8435,26,2,1,20 a 24,32 a 36,Secundaria/Polimodal Incompleta,2500 gramos y más,1
8436,62,1,2,25 a 29,32 a 36,Sin especificar,Menos de 2500 gramos,3
8437,78,1,1,35 a 39,42 y más,Secundario/Polimodal Completa y más,2500 gramos y más,1
8438,18,1,1,35 a 39,37 a 41,Secundario/Polimodal Completa y más,2500 gramos y más,414
8439,90,1,2,15 a 19,Sin especificar,Secundario/Polimodal Completa y más,2500 gramos y más,3
8440,66,1,1,35 a 39,42 y más,Hasta Primaria/C.EGB Completa,2500 gramos y más,1
8441,66,1,2,30 a 34,37 a 41,Secundario/Polimodal Completa y más,Sin especificar,1
8442,6,1,1,15 a 19,24 a 27,Secundario/Polimodal Completa y más,Menos de 2500 gramos,6
8443,82,1,1,20 a 24,Menos de 22,Secundario/Polimodal Completa y más,Menos de 2500 gramos,1
8444,66,2,2,25 a 29,37 a 41,Secundaria/Polimodal Incompleta,Menos de 2500 gramos,1
8445,10,1,2,De 45 y más,32 a 36,Secundario/Polimodal Completa y más,2500 gramos y más,1
8446,54,1,2,30 a 34,37 a 41,Secundario/Polimodal Completa y más,Menos de 2500 gramos,34
8447,46,1,2,20 a 24,37 a 41,Secundario/Polimodal Completa y más,2500 gramos y más,295
8448,10,1,1,25 a 29,37 a 41,Secundario/Polimodal Completa y más,2500 gramos y más,460
8449,6,2,2,30 a 34,24 a 27,Hasta Primaria/C.EGB Completa,Menos de 2500 gramos,2
8450,6,2,1,20 a 24,Menos de 22,Sin especificar,Menos de 2500 gramos,1
8451,10,1,2,25 a 29,37 a 41,Secundario/Polimodal Completa y más,Menos de 2500 gramos,17
8452,14,2,2,35 a 39,24 a 27,Secundario/Polimodal Completa y más,Menos de 2500 gramos,1
8453,70,1,1,35 a 39,37 a 41,Hasta Primaria/C.EGB Completa,Menos de 2500 gramos,1
8454,90,1,2,20 a 24,32 a 36,Sin especificar,Menos de 2500 gramos,1
8455,82,1,2,20 a 24,37 a 41,Sin especificar,Menos de 2500 gramos,1
8456,50,2,2,40 a 44,32 a 36,Secundario/Polimodal Completa y más,2500 gramos y más,2
8457,82,2,1,40 a 44,28 a 31,Secundario/Polimodal Completa y más,Menos de 2500 gramos,2
8458,6,2,2,25 a 29,Sin especificar,Secundario/Polimodal Completa y más,2500 gramos y más,1
8459,46,1,1,20 a 24,37 a 41,Sin especificar,2500 gramos y más,2
8460,6,1,1,15 a 19,28 a 31,Secundaria/Polimodal Incompleta,Menos de 2500 gramos,28
8461,74,1,1,20 a 24,37 a 41,Secundario/Polimodal Completa y más,Menos de 2500 gramos,12
8462,22,1,1,35 a 39,28 a 31,Hasta Primaria/C.EGB Completa,Menos de 2500 gramos,2
8463,50,1,1,25 a 29,32 a 36,Secundario/Polimodal Completa y más,Menos de 2500 gramos,42
8464,34,1,2,20 a 24,22 a 23,Secundario/Polimodal Completa y más,Menos de 2500 gramos,1
8465,46,1,1,20 a 24,32 a 36,Hasta Primaria/C.EGB Completa,Menos de 2500 gramos,3
8466,46,1,2,40 a 44,32 a 36,Secundario/Polimodal Completa y más,Menos de 2500 gramos,5
8467,10,2,1,35 a 39,32 a 36,Secundario/Polimodal Completa y más,Menos de 2500 gramos,1
8468,86,1,2,20 a 24,32 a 36,Hasta Primaria/C.EGB Completa,2500 gramos y más,34
8469,46,1,1,30 a 34,37 a 41,Hasta Primaria/C.EGB Completa,Menos de 2500 gramos,1
8470,18,2,1,30 a 34,37 a 41,Secundario/Polimodal Completa y más,Menos de 2500 gramos,2
8471,14,2,1,30 a 34,37 a 41,Hasta Primaria/C.EGB Completa,Menos de 2500 gramos,1
8472,54,2,2,25 a 29,37 a 41,Hasta Primaria/C.EGB Completa,2500 gramos y más,3
8473,62,1,2,15 a 19,32 a 36,Secundario/Polimodal Completa y más,Menos de 2500 gramos,3
8474,2,2,2,30 a 34,37 a 41,Sin especificar,2500 gramos y más,2
8475,6,1,2,35 a 39,32 a 36,Secundario/Polimodal Completa y más,2500 gramos y más,293
8476,90,1,2,15 a 19,32 a 36,Secundaria/Polimodal Incompleta,2500 gramos y más,28
8477,22,2,2,35 a 39,24 a 27,Secundario/Polimodal Completa y más,Menos de 2500 gramos,2
8478,82,2,1,30 a 34,28 a 31,Secundario/Polimodal Completa y más,Menos de 2500 gramos,14
8479,2,1,1,25 a 29,32 a 36,Secundaria/Polimodal Incompleta,2500 gramos y más,8
8480,26,1,1,De 45 y más,37 a 41,Secundario/Polimodal Completa y más,2500 gramos y más,1
8481,6,2,1,25 a 29,24 a 27,Secundaria/Polimodal Incompleta,Menos de 2500 gramos,7
8482,66,1,2,35 a 39,Sin especificar,Secundario/Polimodal Completa y más,Menos de 2500 gramos,1
8483,90,1,1,40 a 44,24 a 27,Secundario/Polimodal Completa y más,Menos de 2500 gramos,1
8484,86,1,1,30 a 34,37 a 41,Hasta Primaria/C.EGB Completa,2500 gramos y más,464
8485,46,1,2,40 a 44,37 a 41,Secundario/Polimodal Completa y más,2500 gramos y más,65
8486,58,1,1,35 a 39,37 a 41,Secundaria/Polimodal Incompleta,2500 gramos y más,81
8487,2,1,2,20 a 24,28 a 31,Secundario/Polimodal Completa y más,Menos de 2500 gramos,3
8488,6,1,1,40 a 44,32 a 36,Hasta Primaria/C.EGB Completa,Sin especificar,1
8489,6,1,1,30 a 34,32 a 36,Sin especificar,2500 gramos y más,66
8490,34,2,1,15 a 19,32 a 36,Secundario/Polimodal Completa y más,Menos de 2500 gramos,1
8491,6,1,1,35 a 39,42 y más,Secundaria/Polimodal Incompleta,2500 gramos y más,1
8492,6,1,2,15 a 19,32 a 36,Secundario/Polimodal Completa y más,2500 gramos y más,49
8493,62,1,1,35 a 39,37 a 41,Sin especificar,2500 gramos y más,40
8494,54,2,1,25 a 29,32 a 36,Secundario/Polimodal Completa y más,Menos de 2500 gramos,18
8495,46,1,1,25 a 29,37 a 41,Secundario/Polimodal Completa y más,2500 gramos y más,483
8496,66,1,2,15 a 19,Sin especificar,Secundaria/Polimodal Incompleta,Sin especificar,1
8497,6,1,2,25 a 29,24 a 27,Secundaria/Polimodal Incompleta,Menos de 2500 gramos,16
8498,54,1,2,20 a 24,32 a 36,Hasta Primaria/C.EGB Completa,2500 gramos y más,27
8499,22,2,1,15 a 19,37 a 41,Secundaria/Polimodal Incompleta,Sin especificar,1
8500,14,1,1,15 a 19,42 y más,Secundaria/Polimodal Incompleta,2500 gramos y más,2
8501,2,1,2,Sin especificar,37 a 41,Secundario/Polimodal Completa y más,Menos de 2500 gramos,1
8502,99,9,1,20 a 24,37 a 41,Sin especificar,2500 gramos y más,79
8503,50,2,2,30 a 34,32 a 36,Secundario/Polimodal Completa y más,2500 gramos y más,4
8504,66,2,2,30 a 34,28 a 31,Secundaria/Polimodal Incompleta,Menos de 2500 gramos,1
8505,30,2,2,15 a 19,37 a 41,Secundario/Polimodal Completa y más,2500 gramos y más,1
8506,14,1,2,20 a 24,32 a 36,Hasta Primaria/C.EGB Completa,2500 gramos y más,15
8507,90,1,2,35 a 39,28 a 31,Hasta Primaria/C.EGB Completa,Menos de 2500 gramos,6
8508,34,1,1,40 a 44,37 a 41,Secundaria/Polimodal Incompleta,2500 gramos y más,12
8509,6,1,2,Sin especificar,42 y más,Sin especificar,2500 gramos y más,1
8510,58,2,2,30 a 34,32 a 36,Secundaria/Polimodal Incompleta,Menos de 2500 gramos,2
8511,54,2,1,30 a 34,32 a 36,Sin especificar,Menos de 2500 gramos,2
8512,70,1,1,30 a 34,28 a 31,Secundaria/Polimodal Incompleta,Menos de 2500 gramos,2
8513,18,2,1,20 a 24,37 a 41,Secundario/Polimodal Completa y más,Menos de 2500 gramos,4
8514,14,2,1,20 a 24,37 a 41,Hasta Primaria/C.EGB Completa,Menos de 2500 gramos,1
8515,90,1,2,20 a 24,28 a 31,Secundaria/Polimodal Incompleta,2500 gramos y más,2
8516,62,1,2,20 a 24,32 a 36,Hasta Primaria/C.EGB Completa,2500 gramos y más,4
8517,6,2,2,20 a 24,37 a 41,Secundario/Polimodal Completa y más,2500 gramos y más,21
8518,2,9,1,35 a 39,37 a 41,Secundaria/Polimodal Incompleta,2500 gramos y más,3
8519,26,1,2,35 a 39,32 a 36,Sin especificar,2500 gramos y más,1
8520,38,2,2,30 a 34,37 a 41,Secundario/Polimodal Completa y más,Menos de 2500 gramos,2
8521,22,1,2,25 a 29,24 a 27,Hasta Primaria/C.EGB Completa,Menos de 2500 gramos,1
8522,22,1,1,25 a 29,32 a 36,Hasta Primaria/C.EGB Completa,Menos de 2500 gramos,18
8523,34,1,1,35 a 39,32 a 36,Sin especificar,Menos de 2500 gramos,5
8524,62,1,1,35 a 39,37 a 41,Hasta Primaria/C.EGB Completa,Menos de 2500 gramos,1
8525,2,9,2,20 a 24,37 a 41,Sin especificar,2500 gramos y más,68
8526,38,1,2,Menor de 15,37 a 41,Hasta Primaria/C.EGB Completa,2500 gramos y más,2
8527,14,1,2,40 a 44,32 a 36,Secundario/Polimodal Completa y más,2500 gramos y más,24
8528,50,1,2,30 a 34,32 a 36,Secundaria/Polimodal Incompleta,2500 gramos y más,17
8529,26,1,1,25 a 29,37 a 41,Hasta Primaria/C.EGB Completa,2500 gramos y más,30
8530,18,1,2,15 a 19,24 a 27,Hasta Primaria/C.EGB Completa,Menos de 2500 gramos,1
8531,14,1,2,De 45 y más,37 a 41,Secundaria/Polimodal Incompleta,2500 gramos y más,8
8532,18,1,2,40 a 44,32 a 36,Secundario/Polimodal Completa y más,2500 gramos y más,3
8533,90,1,2,20 a 24,Sin especificar,Secundario/Polimodal Completa y más,Menos de 2500 gramos,1
8534,62,1,1,30 a 34,42 y más,Secundaria/Polimodal Incompleta,2500 gramos y más,2
8535,14,2,1,20 a 24,32 a 36,Secundaria/Polimodal Incompleta,Menos de 2500 gramos,8
8536,22,1,1,30 a 34,32 a 36,Hasta Primaria/C.EGB Completa,2500 gramos y más,19
8537,30,1,1,15 a 19,32 a 36,Hasta Primaria/C.EGB Completa,Menos de 2500 gramos,11
8538,14,2,1,25 a 29,28 a 31,Secundaria/Polimodal Incompleta,Menos de 2500 gramos,3
8539,98,1,1,20 a 24,37 a 41,Secundario/Polimodal Completa y más,Menos de 2500 gramos,1
8540,82,1,1,40 a 44,37 a 41,Sin especificar,2500 gramos y más,4
8541,46,1,2,15 a 19,37 a 41,Secundario/Polimodal Completa y más,Menos de 2500 gramos,1
8542,82,2,1,25 a 29,37 a 41,Secundario/Polimodal Completa y más,Menos de 2500 gramos,3
8543,6,2,2,20 a 24,32 a 36,Secundaria/Polimodal Incompleta,2500 gramos y más,5
8544,34,1,1,25 a 29,28 a 31,Secundario/Polimodal Completa y más,Menos de 2500 gramos,3
8545,90,1,2,25 a 29,24 a 27,Secundaria/Polimodal Incompleta,Menos de 2500 gramos,2
8546,62,1,1,20 a 24,42 y más,Secundaria/Polimodal Incompleta,2500 gramos y más,4
8547,18,1,1,30 a 34,32 a 36,Sin especificar,2500 gramos y más,16
8548,74,1,2,15 a 19,32 a 36,Secundario/Polimodal Completa y más,2500 gramos y más,1
8549,66,1,1,20 a 24,42 y más,Secundario/Polimodal Completa y más,2500 gramos y más,3
8550,46,1,2,20 a 24,32 a 36,Secundaria/Polimodal Incompleta,2500 gramos y más,4
8551,42,2,2,40 a 44,37 a 41,Secundario/Polimodal Completa y más,2500 gramos y más,4
8552,18,1,2,40 a 44,32 a 36,Sin especificar,Menos de 2500 gramos,3
8553,22,1,1,Sin especificar,Sin especificar,Hasta Primaria/C.EGB Completa,Sin especificar,1
8554,78,1,2,20 a 24,37 a 41,Secundario/Polimodal Completa y más,Menos de 2500 gramos,8
8555,90,1,1,35 a 39,37 a 41,Secundaria/Polimodal Incompleta,2500 gramos y más,108
8556,34,1,1,30 a 34,37 a 41,Secundario/Polimodal Completa y más,2500 gramos y más,230
8557,30,2,2,25 a 29,37 a 41,Secundario/Polimodal Completa y más,Menos de 2500 gramos,3
8558,6,1,2,30 a 34,37 a 41,Secundario/Polimodal Completa y más,Menos de 2500 gramos,313
8559,54,2,2,De 45 y más,37 a 41,Secundario/Polimodal Completa y más,2500 gramos y más,1
8560,26,1,2,25 a 29,32 a 36,Hasta Primaria/C.EGB Completa,2500 gramos y más,1
8561,26,1,2,15 a 19,37 a 41,Secundaria/Polimodal Incompleta,2500 gramos y más,107
8562,6,2,2,40 a 44,32 a 36,Secundario/Polimodal Completa y más,Menos de 2500 gramos,26
8563,38,1,1,35 a 39,37 a 41,Secundario/Polimodal Completa y más,Menos de 2500 gramos,8
8564,18,1,1,30 a 34,28 a 31,Secundario/Polimodal Completa y más,Menos de 2500 gramos,5
8565,66,1,2,30 a 34,37 a 41,Sin especificar,2500 gramos y más,15
8566,22,1,1,15 a 19,28 a 31,Hasta Primaria/C.EGB Completa,Menos de 2500 gramos,1
8567,2,9,1,40 a 44,32 a 36,Sin especificar,2500 gramos y más,4
8568,78,2,2,20 a 24,37 a 41,Secundario/Polimodal Completa y más,2500 gramos y más,2
8569,54,1,1,40 a 44,32 a 36,Sin especificar,2500 gramos y más,1
8570,46,1,9,20 a 24,37 a 41,Secundaria/Polimodal Incompleta,2500 gramos y más,1
8571,6,1,1,20 a 24,42 y más,Secundaria/Polimodal Incompleta,Menos de 2500 gramos,1
8572,6,1,2,35 a 39,37 a 41,Secundaria/Polimodal Incompleta,Menos de 2500 gramos,60
8573,66,1,2,40 a 44,32 a 36,Secundaria/Polimodal Incompleta,Menos de 2500 gramos,2
8574,86,1,2,15 a 19,28 a 31,Secundario/Polimodal Completa y más,Menos de 2500 gramos,2
8575,6,1,2,Sin especificar,Sin especificar,Sin especificar,2500 gramos y más,8
8576,78,1,1,15 a 19,37 a 41,Secundario/Polimodal Completa y más,2500 gramos y más,32
8577,46,1,2,35 a 39,37 a 41,Secundario/Polimodal Completa y más,2500 gramos y más,172
8578,2,2,1,35 a 39,37 a 41,Secundario/Polimodal Completa y más,2500 gramos y más,26
8579,30,1,1,35 a 39,24 a 27,Hasta Primaria/C.EGB Completa,Menos de 2500 gramos,1
8580,78,1,1,25 a 29,32 a 36,Secundaria/Polimodal Incompleta,Menos de 2500 gramos,2
8581,14,1,1,De 45 y más,37 a 41,Secundario/Polimodal Completa y más,Menos de 2500 gramos,2
8582,14,1,2,Sin especificar,37 a 41,Secundario/Polimodal Completa y más,2500 gramos y más,1
8583,70,1,2,25 a 29,37 a 41,Hasta Primaria/C.EGB Completa,Menos de 2500 gramos,8
8584,66,1,2,Menor de 15,37 a 41,Hasta Primaria/C.EGB Completa,Menos de 2500 gramos,1
8585,10,1,1,15 a 19,32 a 36,Secundario/Polimodal Completa y más,2500 gramos y más,2
8586,34,1,2,25 a 29,32 a 36,Secundario/Polimodal Completa y más,2500 gramos y más,20
8587,90,2,1,25 a 29,32 a 36,Secundaria/Polimodal Incompleta,Menos de 2500 gramos,4
8588,22,1,2,25 a 29,32 a 36,Secundaria/Polimodal Incompleta,2500 gramos y más,16
8589,34,1,1,30 a 34,32 a 36,Secundario/Polimodal Completa y más,Menos de 2500 gramos,11
8590,82,1,1,20 a 24,24 a 27,Hasta Primaria/C.EGB Completa,Menos de 2500 gramos,2
8591,82,1,2,35 a 39,37 a 41,Sin especificar,Menos de 2500 gramos,2
8592,54,1,1,25 a 29,22 a 23,Secundaria/Polimodal Incompleta,Menos de 2500 gramos,1
8593,6,2,1,40 a 44,Sin especificar,Sin especificar,Sin especificar,1
8594,10,2,2,35 a 39,37 a 41,Secundario/Polimodal Completa y más,Menos de 2500 gramos,1
8595,58,1,2,30 a 34,Sin especificar,Sin especificar,Sin especificar,1
8596,86,1,2,40 a 44,37 a 41,Secundaria/Polimodal Incompleta,Menos de 2500 gramos,4
8597,34,2,1,30 a 34,37 a 41,Hasta Primaria/C.EGB Completa,2500 gramos y más,2
8598,22,1,2,20 a 24,32 a 36,Secundario/Polimodal Completa y más,Menos de 2500 gramos,32
8599,90,1,2,35 a 39,Sin especificar,Hasta Primaria/C.EGB Completa,2500 gramos y más,2
8600,82,1,1,25 a 29,37 a 41,Secundario/Polimodal Completa y más,2500 gramos y más,2375
8601,18,2,1,20 a 24,32 a 36,Secundaria/Polimodal Incompleta,Menos de 2500 gramos,2
8602,46,1,1,35 a 39,37 a 41,Secundario/Polimodal Completa y más,Menos de 2500 gramos,2
8603,50,2,1,30 a 34,32 a 36,Secundario/Polimodal Completa y más,Menos de 2500 gramos,12
8604,6,1,2,15 a 19,42 y más,Secundario/Polimodal Completa y más,2500 gramos y más,4
8605,54,1,1,30 a 34,Sin especificar,Secundario/Polimodal Completa y más,2500 gramos y más,2
8606,26,1,2,Menor de 15,37 a 41,Hasta Primaria/C.EGB Completa,2500 gramos y más,1
8607,82,1,1,25 a 29,28 a 31,Secundario/Polimodal Completa y más,Menos de 2500 gramos,17
8608,2,9,1,35 a 39,37 a 41,Sin especificar,2500 gramos y más,162
8609,2,9,1,20 a 24,37 a 41,Hasta Primaria/C.EGB Completa,2500 gramos y más,1
8610,22,1,2,25 a 29,42 y más,Secundaria/Polimodal Incompleta,2500 gramos y más,5
8611,2,1,1,35 a 39,37 a 41,Sin especificar,2500 gramos y más,113
8612,50,2,1,20 a 24,37 a 41,Hasta Primaria/C.EGB Completa,2500 gramos y más,1
8613,18,1,2,15 a 19,Sin especificar,Sin especificar,Menos de 2500 gramos,2
8614,6,1,2,40 a 44,32 a 36,Sin especificar,Menos de 2500 gramos,19
8615,90,1,1,30 a 34,42 y más,Secundaria/Polimodal Incompleta,2500 gramos y más,3
8616,78,1,2,20 a 24,37 a 41,Secundaria/Polimodal Incompleta,2500 gramos y más,131
8617,46,1,2,25 a 29,42 y más,Hasta Primaria/C.EGB Completa,2500 gramos y más,1
8618,2,9,2,35 a 39,32 a 36,Secundario/Polimodal Completa y más,2500 gramos y más,2
8619,6,2,2,20 a 24,24 a 27,Secundario/Polimodal Completa y más,Menos de 2500 gramos,5
8620,6,1,2,15 a 19,32 a 36,Hasta Primaria/C.EGB Completa,Sin especificar,1
8621,18,1,1,15 a 19,42 y más,Sin especificar,2500 gramos y más,4
8622,18,1,2,20 a 24,24 a 27,Secundaria/Polimodal Incompleta,Menos de 2500 gramos,2
8623,10,1,2,30 a 34,28 a 31,Secundario/Polimodal Completa y más,Menos de 2500 gramos,1
8624,2,1,1,20 a 24,32 a 36,Sin especificar,2500 gramos y más,3
8625,99,1,1,30 a 34,Sin especificar,Sin especificar,Sin especificar,24
8626,66,1,1,35 a 39,Sin especificar,Hasta Primaria/C.EGB Completa,2500 gramos y más,1
8627,78,1,2,35 a 39,37 a 41,Secundaria/Polimodal Incompleta,Menos de 2500 gramos,2
8628,54,2,2,40 a 44,37 a 41,Hasta Primaria/C.EGB Completa,Menos de 2500 gramos,2
8629,66,1,1,25 a 29,37 a 41,Secundario/Polimodal Completa y más,Sin especificar,3
8630,2,1,2,Menor de 15,37 a 41,Hasta Primaria/C.EGB Completa,2500 gramos y más,3
8631,54,1,1,De 45 y más,28 a 31,Secundario/Polimodal Completa y más,Menos de 2500 gramos,1
8632,2,1,2,35 a 39,37 a 41,Sin especificar,Menos de 2500 gramos,5
8633,54,1,1,20 a 24,37 a 41,Secundaria/Polimodal Incompleta,Menos de 2500 gramos,23
8634,70,2,2,25 a 29,37 a 41,Hasta Primaria/C.EGB Completa,2500 gramos y más,5
8635,30,1,2,25 a 29,37 a 41,Secundario/Polimodal Completa y más,2500 gramos y más,945
8636,2,1,2,De 45 y más,37 a 41,Secundario/Polimodal Completa y más,Menos de 2500 gramos,7
8637,90,1,2,25 a 29,37 a 41,Sin especificar,2500 gramos y más,13
8638,50,1,1,20 a 24,32 a 36,Secundario/Polimodal Completa y más,Menos de 2500 gramos,25
8639,70,1,1,30 a 34,Sin especificar,Hasta Primaria/C.EGB Completa,Sin especificar,1
8640,50,1,2,15 a 19,37 a 41,Secundaria/Polimodal Incompleta,2500 gramos y más,480
8641,14,2,2,20 a 24,28 a 31,Secundaria/Polimodal Incompleta,Menos de 2500 gramos,1
8642,74,1,1,25 a 29,37 a 41,Hasta Primaria/C.EGB Completa,Menos de 2500 gramos,2
8643,6,2,2,De 45 y más,37 a 41,Secundario/Polimodal Completa y más,2500 gramos y más,4
8644,6,1,2,15 a 19,37 a 41,Secundaria/Polimodal Incompleta,Menos de 2500 gramos,132
8645,2,1,1,De 45 y más,37 a 41,Hasta Primaria/C.EGB Completa,2500 gramos y más,7
8646,2,2,1,40 a 44,28 a 31,Secundario/Polimodal Completa y más,Menos de 2500 gramos,5
8647,70,1,2,20 a 24,32 a 36,Secundario/Polimodal Completa y más,2500 gramos y más,7
8648,74,2,1,40 a 44,32 a 36,Hasta Primaria/C.EGB Completa,2500 gramos y más,1
8649,22,1,1,25 a 29,28 a 31,Hasta Primaria/C.EGB Completa,2500 gramos y más,1
8650,34,1,1,20 a 24,32 a 36,Secundario/Polimodal Completa y más,Menos de 2500 gramos,15
8651,26,2,1,35 a 39,37 a 41,Secundario/Polimodal Completa y más,2500 gramos y más,3
8652,78,1,1,30 a 34,32 a 36,Secundario/Polimodal Completa y más,2500 gramos y más,9
8653,2,1,2,40 a 44,32 a 36,Secundaria/Polimodal Incompleta,2500 gramos y más,1
8654,6,2,2,30 a 34,Sin especificar,Sin especificar,2500 gramos y más,1
8655,10,1,2,30 a 34,32 a 36,Hasta Primaria/C.EGB Completa,Menos de 2500 gramos,1
8656,6,2,1,15 a 19,32 a 36,Secundario/Polimodal Completa y más,2500 gramos y más,1
8657,86,1,2,25 a 29,24 a 27,Secundaria/Polimodal Incompleta,Menos de 2500 gramos,1
8658,6,1,1,30 a 34,Sin especificar,Secundario/Polimodal Completa y más,2500 gramos y más,14
8659,66,1,1,20 a 24,37 a 41,Secundaria/Polimodal Incompleta,Sin especificar,2
8660,62,1,2,20 a 24,32 a 36,Sin especificar,Menos de 2500 gramos,11
8661,82,1,1,De 45 y más,32 a 36,Secundaria/Polimodal Incompleta,2500 gramos y más,1
8662,6,1,2,35 a 39,Sin especificar,Sin especificar,Sin especificar,59
8663,42,1,2,40 a 44,32 a 36,Secundaria/Polimodal Incompleta,Menos de 2500 gramos,1
8664,38,1,1,40 a 44,Menos de 22,Secundaria/Polimodal Incompleta,Menos de 2500 gramos,1
8665,34,2,1,25 a 29,32 a 36,Sin especificar,Menos de 2500 gramos,3
8666,2,2,2,30 a 34,32 a 36,Sin especificar,Menos de 2500 gramos,2
8667,6,1,2,40 a 44,24 a 27,Sin especificar,Menos de 2500 gramos,4
8668,74,2,1,30 a 34,32 a 36,Secundario/Polimodal Completa y más,Menos de 2500 gramos,4
8669,66,1,2,20 a 24,32 a 36,Secundaria/Polimodal Incompleta,Menos de 2500 gramos,28
8670,6,1,1,15 a 19,37 a 41,Secundaria/Polimodal Incompleta,2500 gramos y más,3424
8671,6,1,2,15 a 19,28 a 31,Sin especificar,2500 gramos y más,1
8672,98,1,2,25 a 29,32 a 36,Secundaria/Polimodal Incompleta,2500 gramos y más,1
8673,22,2,1,20 a 24,32 a 36,Hasta Primaria/C.EGB Completa,Menos de 2500 gramos,4
8674,30,2,2,35 a 39,28 a 31,Secundaria/Polimodal Incompleta,Menos de 2500 gramos,1
8675,58,1,1,25 a 29,28 a 31,Hasta Primaria/C.EGB Completa,Menos de 2500 gramos,2
8676,18,1,2,40 a 44,37 a 41,Hasta Primaria/C.EGB Completa,Menos de 2500 gramos,1
8677,66,1,2,40 a 44,37 a 41,Secundario/Polimodal Completa y más,Menos de 2500 gramos,6
8678,90,1,2,20 a 24,32 a 36,Secundaria/Polimodal Incompleta,Menos de 2500 gramos,20
8679,22,1,2,30 a 34,28 a 31,Hasta Primaria/C.EGB Completa,2500 gramos y más,1
8680,6,1,1,25 a 29,32 a 36,Secundaria/Polimodal Incompleta,Menos de 2500 gramos,146
8681,6,1,2,De 45 y más,37 a 41,Sin especificar,2500 gramos y más,28
8682,50,2,1,20 a 24,24 a 27,Secundario/Polimodal Completa y más,Menos de 2500 gramos,1
8683,99,9,2,15 a 19,37 a 41,Sin especificar,2500 gramos y más,27
8684,18,1,1,30 a 34,37 a 41,Hasta Primaria/C.EGB Completa,2500 gramos y más,151
8685,58,1,1,30 a 34,37 a 41,Secundario/Polimodal Completa y más,2500 gramos y más,622
8686,22,1,2,20 a 24,Menos de 22,Secundario/Polimodal Completa y más,Menos de 2500 gramos,1
8687,26,1,1,20 a 24,37 a 41,Sin especificar,2500 gramos y más,106
8688,2,9,2,De 45 y más,37 a 41,Sin especificar,2500 gramos y más,15
8689,22,1,2,35 a 39,32 a 36,Secundaria/Polimodal Incompleta,Menos de 2500 gramos,3
8690,38,1,2,15 a 19,37 a 41,Secundaria/Polimodal Incompleta,2500 gramos y más,170
8691,66,1,1,30 a 34,42 y más,Hasta Primaria/C.EGB Completa,2500 gramos y más,2
8692,74,1,1,15 a 19,37 a 41,Secundario/Polimodal Completa y más,2500 gramos y más,63
8693,46,1,2,35 a 39,28 a 31,Secundaria/Polimodal Incompleta,Menos de 2500 gramos,1
8694,99,1,1,40 a 44,Sin especificar,Sin especificar,Sin especificar,6
8695,78,1,2,25 a 29,32 a 36,Hasta Primaria/C.EGB Completa,Menos de 2500 gramos,1
8696,42,1,1,35 a 39,37 a 41,Secundaria/Polimodal Incompleta,Menos de 2500 gramos,2
8697,46,2,1,35 a 39,32 a 36,Secundario/Polimodal Completa y más,Menos de 2500 gramos,3
8698,66,1,1,15 a 19,37 a 41,Secundaria/Polimodal Incompleta,2500 gramos y más,524
8699,86,2,2,20 a 24,32 a 36,Hasta Primaria/C.EGB Completa,Menos de 2500 gramos,4
8700,18,2,1,20 a 24,37 a 41,Hasta Primaria/C.EGB Completa,Menos de 2500 gramos,2
8701,18,1,2,20 a 24,37 a 41,Secundario/Polimodal Completa y más,Menos de 2500 gramos,20
8702,2,1,2,15 a 19,37 a 41,Secundario/Polimodal Completa y más,2500 gramos y más,64
8703,50,2,1,35 a 39,32 a 36,Secundaria/Polimodal Incompleta,Menos de 2500 gramos,2
8704,26,1,2,20 a 24,32 a 36,Secundario/Polimodal Completa y más,2500 gramos y más,8
8705,82,1,2,25 a 29,37 a 41,Secundario/Polimodal Completa y más,Sin especificar,1
8706,90,1,1,35 a 39,24 a 27,Secundario/Polimodal Completa y más,Menos de 2500 gramos,1
8707,74,1,1,35 a 39,28 a 31,Secundario/Polimodal Completa y más,Menos de 2500 gramos,2
8708,54,2,2,30 a 34,32 a 36,Secundario/Polimodal Completa y más,Menos de 2500 gramos,7
8709,6,1,1,40 a 44,42 y más,Secundaria/Polimodal Incompleta,2500 gramos y más,1
8710,6,1,9,30 a 34,37 a 41,Secundaria/Polimodal Incompleta,Menos de 2500 gramos,1
8711,6,1,1,20 a 24,37 a 41,Secundaria/Polimodal Incompleta,Menos de 2500 gramos,136
8712,86,1,1,15 a 19,28 a 31,Hasta Primaria/C.EGB Completa,2500 gramos y más,1
8713,6,1,2,40 a 44,Sin especificar,Sin especificar,Sin especificar,15
8714,82,2,2,35 a 39,32 a 36,Secundario/Polimodal Completa y más,2500 gramos y más,8
8715,99,9,1,40 a 44,37 a 41,Sin especificar,2500 gramos y más,34
8716,54,1,2,15 a 19,37 a 41,Sin especificar,Menos de 2500 gramos,6
8717,66,1,1,35 a 39,42 y más,Secundario/Polimodal Completa y más,2500 gramos y más,3
8718,78,1,2,20 a 24,24 a 27,Secundaria/Polimodal Incompleta,Menos de 2500 gramos,2
8719,30,2,2,20 a 24,37 a 41,Hasta Primaria/C.EGB Completa,2500 gramos y más,1
8720,6,1,1,40 a 44,24 a 27,Hasta Primaria/C.EGB Completa,Menos de 2500 gramos,4
8721,2,2,1,15 a 19,32 a 36,Secundario/Polimodal Completa y más,Menos de 2500 gramos,1
8722,82,1,2,30 a 34,24 a 27,Hasta Primaria/C.EGB Completa,Menos de 2500 gramos,2
8723,14,2,1,35 a 39,32 a 36,Secundario/Polimodal Completa y más,2500 gramos y más,5
8724,14,2,1,De 45 y más,32 a 36,Secundario/Polimodal Completa y más,Menos de 2500 gramos,1
8725,2,1,2,De 45 y más,37 a 41,Sin especificar,2500 gramos y más,5
8726,38,1,2,40 a 44,37 a 41,Secundario/Polimodal Completa y más,2500 gramos y más,96
8727,46,1,2,25 a 29,32 a 36,Secundario/Polimodal Completa y más,2500 gramos y más,28
8728,90,2,1,40 a 44,37 a 41,Secundario/Polimodal Completa y más,Menos de 2500 gramos,4
8729,70,2,2,25 a 29,32 a 36,Secundario/Polimodal Completa y más,Menos de 2500 gramos,4
8730,62,2,2,15 a 19,32 a 36,Sin especificar,Menos de 2500 gramos,4
8731,2,1,1,20 a 24,32 a 36,Secundario/Polimodal Completa y más,Menos de 2500 gramos,15
8732,38,1,2,20 a 24,32 a 36,Hasta Primaria/C.EGB Completa,Menos de 2500 gramos,2
8733,30,2,1,25 a 29,28 a 31,Secundario/Polimodal Completa y más,Menos de 2500 gramos,9
8734,82,1,2,35 a 39,32 a 36,Secundaria/Polimodal Incompleta,2500 gramos y más,10
8735,6,2,2,15 a 19,32 a 36,Secundaria/Polimodal Incompleta,Menos de 2500 gramos,17
8736,82,1,1,15 a 19,37 a 41,Sin especificar,2500 gramos y más,21
8737,22,1,1,De 45 y más,32 a 36,Secundario/Polimodal Completa y más,Menos de 2500 gramos,1
8738,26,1,2,30 a 34,32 a 36,Sin especificar,2500 gramos y más,2
8739,82,1,2,40 a 44,37 a 41,Hasta Primaria/C.EGB Completa,2500 gramos y más,122
8740,54,1,1,25 a 29,37 a 41,Secundaria/Polimodal Incompleta,Menos de 2500 gramos,13
8741,6,2,2,35 a 39,37 a 41,Sin especificar,2500 gramos y más,5
8742,42,1,2,30 a 34,37 a 41,Secundario/Polimodal Completa y más,Menos de 2500 gramos,4
8743,6,1,2,25 a 29,42 y más,Secundario/Polimodal Completa y más,Menos de 2500 gramos,1
8744,58,1,2,20 a 24,32 a 36,Hasta Primaria/C.EGB Completa,2500 gramos y más,1
8745,54,1,2,25 a 29,28 a 31,Sin especificar,Menos de 2500 gramos,1
8746,86,1,1,40 a 44,37 a 41,Secundario/Polimodal Completa y más,2500 gramos y más,71
8747,38,1,1,Menor de 15,37 a 41,Secundaria/Polimodal Incompleta,2500 gramos y más,3
8748,54,1,2,20 a 24,37 a 41,Secundario/Polimodal Completa y más,Menos de 2500 gramos,30
8749,2,2,2,De 45 y más,32 a 36,Secundario/Polimodal Completa y más,Menos de 2500 gramos,9
8750,6,1,2,35 a 39,32 a 36,Hasta Primaria/C.EGB Completa,2500 gramos y más,62
8751,42,1,2,25 a 29,32 a 36,Secundaria/Polimodal Incompleta,2500 gramos y más,6
8752,74,2,2,35 a 39,32 a 36,Secundario/Polimodal Completa y más,Menos de 2500 gramos,4
8753,82,2,1,20 a 24,37 a 41,Secundaria/Polimodal Incompleta,Menos de 2500 gramos,2
8754,66,1,1,20 a 24,37 a 41,Secundario/Polimodal Completa y más,Menos de 2500 gramos,21
8755,82,2,2,30 a 34,32 a 36,Secundaria/Polimodal Incompleta,Menos de 2500 gramos,4
8756,2,2,2,40 a 44,32 a 36,Hasta Primaria/C.EGB Completa,2500 gramos y más,2
8757,34,2,1,20 a 24,28 a 31,Secundario/Polimodal Completa y más,Menos de 2500 gramos,2
8758,82,1,2,40 a 44,37 a 41,Secundaria/Polimodal Incompleta,Menos de 2500 gramos,8
8759,42,1,1,20 a 24,37 a 41,Secundario/Polimodal Completa y más,Menos de 2500 gramos,6
8760,90,2,2,20 a 24,24 a 27,Secundaria/Polimodal Incompleta,Menos de 2500 gramos,1
8761,34,1,1,20 a 24,28 a 31,Sin especificar,Menos de 2500 gramos,2
8762,46,1,2,20 a 24,37 a 41,Hasta Primaria/C.EGB Completa,2500 gramos y más,58
8763,26,1,2,15 a 19,24 a 27,Secundaria/Polimodal Incompleta,Menos de 2500 gramos,1
8764,66,1,1,20 a 24,Sin especificar,Hasta Primaria/C.EGB Completa,2500 gramos y más,11
8765,62,2,2,35 a 39,37 a 41,Secundario/Polimodal Completa y más,Menos de 2500 gramos,3
8766,30,1,2,25 a 29,Sin especificar,Secundario/Polimodal Completa y más,2500 gramos y más,5
8767,10,1,2,35 a 39,37 a 41,Secundaria/Polimodal Incompleta,2500 gramos y más,24
8768,82,1,1,35 a 39,28 a 31,Secundario/Polimodal Completa y más,2500 gramos y más,1
8769,14,1,2,15 a 19,42 y más,Hasta Primaria/C.EGB Completa,2500 gramos y más,2
8770,34,1,2,30 a 34,24 a 27,Secundario/Polimodal Completa y más,Menos de 2500 gramos,1
8771,46,1,1,40 a 44,32 a 36,Hasta Primaria/C.EGB Completa,2500 gramos y más,1
8772,22,1,1,De 45 y más,37 a 41,Sin especificar,2500 gramos y más,1
8773,2,1,1,35 a 39,37 a 41,Hasta Primaria/C.EGB Completa,Menos de 2500 gramos,6
8774,6,1,2,20 a 24,32 a 36,Secundaria/Polimodal Incompleta,Menos de 2500 gramos,192
8775,6,2,2,35 a 39,32 a 36,Secundario/Polimodal Completa y más,Menos de 2500 gramos,76
8776,22,1,1,Menor de 15,37 a 41,Hasta Primaria/C.EGB Completa,Menos de 2500 gramos,3
8777,50,1,1,25 a 29,28 a 31,Secundaria/Polimodal Incompleta,Menos de 2500 gramos,8
8778,82,1,2,40 a 44,32 a 36,Secundaria/Polimodal Incompleta,2500 gramos y más,6
8779,6,1,2,25 a 29,Sin especificar,Sin especificar,2500 gramos y más,6
8780,2,1,1,15 a 19,37 a 41,Secundario/Polimodal Completa y más,Menos de 2500 gramos,1
8781,6,1,1,Menor de 15,32 a 36,Secundaria/Polimodal Incompleta,2500 gramos y más,6
8782,6,1,1,40 a 44,37 a 41,Hasta Primaria/C.EGB Completa,2500 gramos y más,491
8783,26,1,1,35 a 39,37 a 41,Sin especificar,2500 gramos y más,44
8784,54,1,2,30 a 34,28 a 31,Hasta Primaria/C.EGB Completa,Menos de 2500 gramos,2
8785,22,2,1,20 a 24,32 a 36,Secundaria/Polimodal Incompleta,Menos de 2500 gramos,2
8786,26,1,1,20 a 24,32 a 36,Secundario/Polimodal Completa y más,Menos de 2500 gramos,6
8787,34,1,2,25 a 29,32 a 36,Sin especificar,Menos de 2500 gramos,8
8788,70,2,2,30 a 34,32 a 36,Hasta Primaria/C.EGB Completa,2500 gramos y más,1
8789,38,1,1,25 a 29,37 a 41,Hasta Primaria/C.EGB Completa,2500 gramos y más,79
8790,82,2,1,25 a 29,32 a 36,Hasta Primaria/C.EGB Completa,2500 gramos y más,1
8791,74,2,1,25 a 29,37 a 41,Secundario/Polimodal Completa y más,2500 gramos y más,4
8792,10,1,2,35 a 39,32 a 36,Secundario/Polimodal Completa y más,Menos de 2500 gramos,5
8793,46,2,2,30 a 34,32 a 36,Secundario/Polimodal Completa y más,2500 gramos y más,1
8794,6,2,1,30 a 34,37 a 41,Sin especificar,2500 gramos y más,8
8795,62,1,2,Menor de 15,32 a 36,Secundaria/Polimodal Incompleta,2500 gramos y más,1
8796,14,2,1,35 a 39,32 a 36,Hasta Primaria/C.EGB Completa,2500 gramos y más,2
8797,82,1,1,30 a 34,37 a 41,Hasta Primaria/C.EGB Completa,Sin especificar,1
8798,54,1,1,20 a 24,32 a 36,Secundaria/Polimodal Incompleta,2500 gramos y más,46
8799,90,1,1,35 a 39,42 y más,Secundaria/Polimodal Incompleta,2500 gramos y más,2
8800,54,2,2,35 a 39,32 a 36,Hasta Primaria/C.EGB Completa,2500 gramos y más,5
8801,54,2,2,20 a 24,37 a 41,Sin especificar,2500 gramos y más,1
8802,6,1,1,15 a 19,Sin especificar,Hasta Primaria/C.EGB Completa,Sin especificar,2
8803,62,2,2,20 a 24,24 a 27,Secundaria/Polimodal Incompleta,Menos de 2500 gramos,1
8804,34,1,2,30 a 34,Sin especificar,Secundario/Polimodal Completa y más,2500 gramos y más,1
8805,58,1,1,40 a 44,32 a 36,Secundario/Polimodal Completa y más,Menos de 2500 gramos,5
8806,90,1,2,Menor de 15,37 a 41,Hasta Primaria/C.EGB Completa,Menos de 2500 gramos,1
8807,2,1,1,30 a 34,42 y más,Sin especificar,2500 gramos y más,1
8808,22,1,2,20 a 24,24 a 27,Secundaria/Polimodal Incompleta,Menos de 2500 gramos,1
8809,58,1,2,15 a 19,32 a 36,Secundaria/Polimodal Incompleta,2500 gramos y más,5
8810,14,2,2,25 a 29,32 a 36,Secundaria/Polimodal Incompleta,2500 gramos y más,2
8811,6,1,2,40 a 44,37 a 41,Secundario/Polimodal Completa y más,Sin especificar,2
8812,6,1,1,25 a 29,32 a 36,Sin especificar,Menos de 2500 gramos,62
8813,62,1,2,De 45 y más,37 a 41,Secundario/Polimodal Completa y más,Menos de 2500 gramos,1
8814,22,1,2,15 a 19,Sin especificar,Sin especificar,Sin especificar,2
8815,22,2,1,30 a 34,32 a 36,Secundario/Polimodal Completa y más,Menos de 2500 gramos,4
8816,99,9,1,15 a 19,Sin especificar,Sin especificar,Sin especificar,3
8817,50,1,1,20 a 24,Menos de 22,Secundaria/Polimodal Incompleta,Menos de 2500 gramos,1
8818,82,2,2,30 a 34,32 a 36,Hasta Primaria/C.EGB Completa,2500 gramos y más,3
8819,50,1,1,15 a 19,22 a 23,Hasta Primaria/C.EGB Completa,Menos de 2500 gramos,1
8820,22,1,1,35 a 39,28 a 31,Secundario/Polimodal Completa y más,Menos de 2500 gramos,3
8821,6,1,9,25 a 29,37 a 41,Secundaria/Polimodal Incompleta,2500 gramos y más,23
8822,54,1,2,40 a 44,37 a 41,Sin especificar,Menos de 2500 gramos,2
8823,6,1,2,40 a 44,32 a 36,Hasta Primaria/C.EGB Completa,2500 gramos y más,31
8824,70,1,1,30 a 34,37 a 41,Secundaria/Polimodal Incompleta,2500 gramos y más,198
8825,86,1,1,Menor de 15,28 a 31,Hasta Primaria/C.EGB Completa,Menos de 2500 gramos,2
8826,90,1,1,25 a 29,37 a 41,Secundario/Polimodal Completa y más,Menos de 2500 gramos,29
8827,6,2,1,30 a 34,32 a 36,Secundaria/Polimodal Incompleta,Menos de 2500 gramos,14
8828,90,2,1,20 a 24,37 a 41,Hasta Primaria/C.EGB Completa,Menos de 2500 gramos,1
8829,14,1,2,De 45 y más,32 a 36,Hasta Primaria/C.EGB Completa,Menos de 2500 gramos,1
8830,30,2,1,25 a 29,32 a 36,Secundaria/Polimodal Incompleta,2500 gramos y más,2
8831,90,1,2,35 a 39,42 y más,Hasta Primaria/C.EGB Completa,2500 gramos y más,8
8832,94,1,2,25 a 29,32 a 36,Secundaria/Polimodal Incompleta,2500 gramos y más,2
8833,22,1,2,30 a 34,37 a 41,Hasta Primaria/C.EGB Completa,Sin especificar,4
8834,78,1,2,20 a 24,Sin especificar,Secundaria/Polimodal Incompleta,2500 gramos y más,1
8835,14,2,2,35 a 39,37 a 41,Secundaria/Polimodal Incompleta,2500 gramos y más,5
8836,54,1,1,15 a 19,42 y más,Secundaria/Polimodal Incompleta,2500 gramos y más,3
8837,30,1,2,35 a 39,32 a 36,Hasta Primaria/C.EGB Completa,2500 gramos y más,3
8838,54,1,2,15 a 19,Menos de 22,Hasta Primaria/C.EGB Completa,Menos de 2500 gramos,1
8839,6,1,2,35 a 39,37 a 41,Sin especificar,Menos de 2500 gramos,33
8840,58,1,1,20 a 24,37 a 41,Secundario/Polimodal Completa y más,2500 gramos y más,360
8841,82,1,2,30 a 34,Sin especificar,Hasta Primaria/C.EGB Completa,2500 gramos y más,1
8842,74,1,2,20 a 24,37 a 41,Sin especificar,2500 gramos y más,13
8843,66,2,2,20 a 24,37 a 41,Hasta Primaria/C.EGB Completa,2500 gramos y más,1
8844,74,2,2,15 a 19,32 a 36,Sin especificar,Menos de 2500 gramos,2
8845,6,1,1,20 a 24,32 a 36,Secundario/Polimodal Completa y más,2500 gramos y más,293
8846,82,1,2,35 a 39,32 a 36,Secundario/Polimodal Completa y más,Menos de 2500 gramos,82
8847,6,1,2,20 a 24,32 a 36,Secundaria/Polimodal Incompleta,Sin especificar,1
8848,14,1,1,25 a 29,32 a 36,Sin especificar,Menos de 2500 gramos,1
8849,30,1,1,35 a 39,28 a 31,Secundario/Polimodal Completa y más,Menos de 2500 gramos,4
8850,18,1,2,25 a 29,42 y más,Sin especificar,2500 gramos y más,2
8851,6,2,2,Menor de 15,37 a 41,Secundaria/Polimodal Incompleta,2500 gramos y más,1
8852,66,1,1,25 a 29,32 a 36,Secundaria/Polimodal Incompleta,Menos de 2500 gramos,18
8853,70,1,1,20 a 24,24 a 27,Hasta Primaria/C.EGB Completa,Menos de 2500 gramos,1
8854,30,1,2,30 a 34,37 a 41,Sin especificar,2500 gramos y más,6
8855,2,1,1,30 a 34,28 a 31,Secundaria/Polimodal Incompleta,Menos de 2500 gramos,3
8856,99,1,1,De 45 y más,37 a 41,Sin especificar,2500 gramos y más,1
8857,6,1,2,20 a 24,37 a 41,Secundario/Polimodal Completa y más,Sin especificar,6
8858,50,1,2,30 a 34,37 a 41,Hasta Primaria/C.EGB Completa,2500 gramos y más,231
8859,50,1,1,15 a 19,37 a 41,Secundaria/Polimodal Incompleta,Menos de 2500 gramos,10
8860,6,1,1,30 a 34,Sin especificar,Hasta Primaria/C.EGB Completa,2500 gramos y más,9
8861,90,1,1,35 a 39,28 a 31,Hasta Primaria/C.EGB Completa,2500 gramos y más,1
8862,50,1,1,Menor de 15,32 a 36,Secundaria/Polimodal Incompleta,Menos de 2500 gramos,1
8863,78,1,1,35 a 39,32 a 36,Hasta Primaria/C.EGB Completa,Menos de 2500 gramos,2
8864,86,1,2,35 a 39,32 a 36,Secundaria/Polimodal Incompleta,2500 gramos y más,14
8865,6,2,2,20 a 24,32 a 36,Hasta Primaria/C.EGB Completa,Menos de 2500 gramos,12
8866,74,2,1,35 a 39,37 a 41,Secundario/Polimodal Completa y más,Menos de 2500 gramos,1
8867,99,1,2,25 a 29,37 a 41,Sin especificar,Menos de 2500 gramos,3
8868,58,1,2,20 a 24,37 a 41,Secundaria/Polimodal Incompleta,Menos de 2500 gramos,9
8869,90,2,2,30 a 34,37 a 41,Secundaria/Polimodal Incompleta,2500 gramos y más,1
8870,62,1,1,20 a 24,42 y más,Secundario/Polimodal Completa y más,2500 gramos y más,2
8871,54,1,1,35 a 39,37 a 41,Hasta Primaria/C.EGB Completa,2500 gramos y más,268
8872,30,1,2,25 a 29,37 a 41,Hasta Primaria/C.EGB Completa,2500 gramos y más,264
8873,82,1,1,De 45 y más,24 a 27,Hasta Primaria/C.EGB Completa,Menos de 2500 gramos,1
8874,70,1,1,40 a 44,32 a 36,Secundaria/Polimodal Incompleta,Menos de 2500 gramos,2
8875,90,1,2,25 a 29,32 a 36,Secundaria/Polimodal Incompleta,Menos de 2500 gramos,17
8876,22,1,2,25 a 29,Sin especificar,Secundario/Polimodal Completa y más,2500 gramos y más,14
8877,66,1,2,15 a 19,Sin especificar,Hasta Primaria/C.EGB Completa,2500 gramos y más,5
8878,6,2,1,35 a 39,28 a 31,Hasta Primaria/C.EGB Completa,Menos de 2500 gramos,2
8879,30,1,1,15 a 19,37 a 41,Hasta Primaria/C.EGB Completa,2500 gramos y más,149
8880,2,1,2,40 a 44,37 a 41,Secundaria/Polimodal Incompleta,Menos de 2500 gramos,2
8881,42,2,2,20 a 24,28 a 31,Secundario/Polimodal Completa y más,Menos de 2500 gramos,1
8882,42,1,1,20 a 24,32 a 36,Hasta Primaria/C.EGB Completa,2500 gramos y más,3
8883,38,2,2,20 a 24,37 a 41,Secundario/Polimodal Completa y más,Menos de 2500 gramos,1
8884,58,1,2,30 a 34,37 a 41,Sin especificar,Sin especificar,1
8885,18,1,1,40 a 44,37 a 41,Hasta Primaria/C.EGB Completa,2500 gramos y más,30
8886,62,1,2,35 a 39,37 a 41,Sin especificar,Menos de 2500 gramos,2
8887,62,2,2,25 a 29,32 a 36,Secundario/Polimodal Completa y más,Menos de 2500 gramos,8
8888,2,1,2,35 a 39,42 y más,Secundaria/Polimodal Incompleta,2500 gramos y más,1
8889,34,1,1,35 a 39,37 a 41,Hasta Primaria/C.EGB Completa,Menos de 2500 gramos,1
8890,46,2,2,30 a 34,37 a 41,Secundario/Polimodal Completa y más,Menos de 2500 gramos,2
8891,50,1,1,30 a 34,37 a 41,Secundario/Polimodal Completa y más,Menos de 2500 gramos,29
8892,62,1,1,30 a 34,37 a 41,Secundario/Polimodal Completa y más,2500 gramos y más,572
8893,86,1,2,30 a 34,32 a 36,Sin especificar,Menos de 2500 gramos,1
8894,86,1,1,15 a 19,32 a 36,Hasta Primaria/C.EGB Completa,Menos de 2500 gramos,18
8895,18,2,1,15 a 19,24 a 27,Hasta Primaria/C.EGB Completa,Menos de 2500 gramos,2
8896,82,2,2,35 a 39,37 a 41,Secundario/Polimodal Completa y más,Menos de 2500 gramos,14
8897,34,1,2,15 a 19,32 a 36,Hasta Primaria/C.EGB Completa,Menos de 2500 gramos,5
8898,74,1,1,30 a 34,32 a 36,Hasta Primaria/C.EGB Completa,2500 gramos y más,2
8899,58,1,1,35 a 39,28 a 31,Secundaria/Polimodal Incompleta,Menos de 2500 gramos,1
8900,74,1,1,De 45 y más,37 a 41,Sin especificar,2500 gramos y más,4
8901,54,1,2,40 a 44,37 a 41,Secundaria/Polimodal Incompleta,Menos de 2500 gramos,1
8902,34,1,1,30 a 34,37 a 41,Secundaria/Polimodal Incompleta,2500 gramos y más,98
8903,94,1,2,35 a 39,32 a 36,Secundaria/Polimodal Incompleta,Menos de 2500 gramos,1
8904,90,1,1,40 a 44,Menos de 22,Secundario/Polimodal Completa y más,Menos de 2500 gramos,1
8905,42,1,1,25 a 29,32 a 36,Secundaria/Polimodal Incompleta,Menos de 2500 gramos,4
8906,30,1,2,De 45 y más,37 a 41,Secundario/Polimodal Completa y más,2500 gramos y más,8
8907,82,1,1,25 a 29,37 a 41,Hasta Primaria/C.EGB Completa,2500 gramos y más,908
8908,30,1,1,20 a 24,37 a 41,Hasta Primaria/C.EGB Completa,Menos de 2500 gramos,6
8909,14,2,2,25 a 29,37 a 41,Secundaria/Polimodal Incompleta,Menos de 2500 gramos,2
8910,14,2,1,25 a 29,37 a 41,Secundario/Polimodal Completa y más,2500 gramos y más,19
8911,2,2,2,25 a 29,32 a 36,Hasta Primaria/C.EGB Completa,Menos de 2500 gramos,6
8912,26,1,1,20 a 24,28 a 31,Sin especificar,Menos de 2500 gramos,1
8913,78,1,1,40 a 44,32 a 36,Secundaria/Polimodal Incompleta,2500 gramos y más,1
8914,50,1,2,35 a 39,37 a 41,Secundaria/Polimodal Incompleta,2500 gramos y más,227
8915,34,1,2,35 a 39,37 a 41,Hasta Primaria/C.EGB Completa,2500 gramos y más,72
8916,98,1,1,25 a 29,37 a 41,Secundario/Polimodal Completa y más,2500 gramos y más,10
8917,86,1,1,25 a 29,37 a 41,Secundario/Polimodal Completa y más,Menos de 2500 gramos,7
8918,18,2,2,30 a 34,32 a 36,Hasta Primaria/C.EGB Completa,Menos de 2500 gramos,1
8919,10,1,1,20 a 24,37 a 41,Secundario/Polimodal Completa y más,2500 gramos y más,345
8920,6,1,1,Menor de 15,Sin especificar,Sin especificar,Sin especificar,3
8921,42,1,2,25 a 29,37 a 41,Hasta Primaria/C.EGB Completa,2500 gramos y más,22
8922,82,1,2,30 a 34,22 a 23,Secundaria/Polimodal Incompleta,Menos de 2500 gramos,1
8923,66,1,2,15 a 19,42 y más,Secundario/Polimodal Completa y más,2500 gramos y más,1
8924,2,1,2,25 a 29,32 a 36,Hasta Primaria/C.EGB Completa,2500 gramos y más,7
8925,94,1,2,25 a 29,37 a 41,Hasta Primaria/C.EGB Completa,2500 gramos y más,12
8926,14,1,2,35 a 39,32 a 36,Secundario/Polimodal Completa y más,2500 gramos y más,50
8927,54,2,1,30 a 34,37 a 41,Secundaria/Polimodal Incompleta,Menos de 2500 gramos,1
8928,54,1,1,35 a 39,37 a 41,Secundaria/Polimodal Incompleta,2500 gramos y más,133
8929,30,1,1,40 a 44,28 a 31,Secundario/Polimodal Completa y más,Menos de 2500 gramos,5
8930,70,2,1,35 a 39,32 a 36,Secundario/Polimodal Completa y más,Menos de 2500 gramos,6
8931,90,1,1,Menor de 15,37 a 41,Hasta Primaria/C.EGB Completa,2500 gramos y más,3
8932,54,2,1,25 a 29,28 a 31,Sin especificar,Menos de 2500 gramos,1
8933,22,1,1,25 a 29,42 y más,Hasta Primaria/C.EGB Completa,Menos de 2500 gramos,1
8934,82,2,1,De 45 y más,32 a 36,Secundario/Polimodal Completa y más,2500 gramos y más,1
8935,46,1,9,20 a 24,37 a 41,Secundario/Polimodal Completa y más,2500 gramos y más,1
8936,2,1,2,25 a 29,37 a 41,Secundario/Polimodal Completa y más,Menos de 2500 gramos,17
8937,70,1,1,15 a 19,32 a 36,Secundaria/Polimodal Incompleta,Menos de 2500 gramos,12
8938,22,1,2,20 a 24,Sin especificar,Hasta Primaria/C.EGB Completa,Sin especificar,1
8939,74,1,1,20 a 24,42 y más,Secundario/Polimodal Completa y más,2500 gramos y más,1
8940,62,1,2,40 a 44,32 a 36,Secundaria/Polimodal Incompleta,2500 gramos y más,1
8941,18,1,1,15 a 19,32 a 36,Secundario/Polimodal Completa y más,Menos de 2500 gramos,6
8942,6,1,1,20 a 24,37 a 41,Secundario/Polimodal Completa y más,Menos de 2500 gramos,167
8943,10,1,1,40 a 44,37 a 41,Hasta Primaria/C.EGB Completa,Menos de 2500 gramos,1
8944,78,1,2,15 a 19,37 a 41,Secundaria/Polimodal Incompleta,Menos de 2500 gramos,2
8945,58,1,2,25 a 29,37 a 41,Sin especificar,2500 gramos y más,1
8946,10,1,2,Menor de 15,37 a 41,Hasta Primaria/C.EGB Completa,2500 gramos y más,2
8947,70,2,2,15 a 19,37 a 41,Secundaria/Polimodal Incompleta,Menos de 2500 gramos,3
8948,99,9,2,30 a 34,28 a 31,Sin especificar,Menos de 2500 gramos,2
8949,30,1,1,25 a 29,32 a 36,Secundaria/Polimodal Incompleta,Menos de 2500 gramos,23
8950,6,9,1,25 a 29,24 a 27,Sin especificar,Menos de 2500 gramos,1
8951,6,1,1,20 a 24,22 a 23,Secundario/Polimodal Completa y más,Menos de 2500 gramos,1
8952,46,1,1,35 a 39,32 a 36,Sin especificar,Menos de 2500 gramos,1
8953,22,1,9,25 a 29,32 a 36,Secundario/Polimodal Completa y más,Menos de 2500 gramos,1
8954,86,1,2,15 a 19,28 a 31,Hasta Primaria/C.EGB Completa,Menos de 2500 gramos,3
8955,18,2,2,20 a 24,37 a 41,Sin especificar,Menos de 2500 gramos,1
8956,22,1,1,15 a 19,Sin especificar,Secundario/Polimodal Completa y más,2500 gramos y más,2
8957,70,1,2,20 a 24,37 a 41,Secundaria/Polimodal Incompleta,Menos de 2500 gramos,15
8958,22,1,2,15 a 19,32 a 36,Hasta Primaria/C.EGB Completa,2500 gramos y más,7
8959,22,2,2,30 a 34,28 a 31,Secundario/Polimodal Completa y más,Menos de 2500 gramos,1
8960,66,1,2,40 a 44,32 a 36,Hasta Primaria/C.EGB Completa,2500 gramos y más,4
8961,62,1,1,20 a 24,32 a 36,Secundario/Polimodal Completa y más,Menos de 2500 gramos,9
8962,14,1,2,25 a 29,37 a 41,Secundario/Polimodal Completa y más,2500 gramos y más,2906
8963,62,1,1,30 a 34,37 a 41,Hasta Primaria/C.EGB Completa,2500 gramos y más,88
8964,30,1,1,40 a 44,24 a 27,Hasta Primaria/C.EGB Completa,Menos de 2500 gramos,1
8965,6,1,2,40 a 44,37 a 41,Secundaria/Polimodal Incompleta,Menos de 2500 gramos,19
8966,14,1,1,35 a 39,42 y más,Secundaria/Polimodal Incompleta,2500 gramos y más,1
8967,2,9,1,30 a 34,32 a 36,Sin especificar,2500 gramos y más,8
8968,86,1,2,15 a 19,42 y más,Secundaria/Polimodal Incompleta,2500 gramos y más,5
8969,50,2,2,40 a 44,28 a 31,Secundario/Polimodal Completa y más,Menos de 2500 gramos,1
8970,6,2,1,35 a 39,32 a 36,Secundario/Polimodal Completa y más,2500 gramos y más,37
8971,82,1,2,35 a 39,24 a 27,Secundario/Polimodal Completa y más,Menos de 2500 gramos,5
8972,6,1,9,Sin especificar,Sin especificar,Secundario/Polimodal Completa y más,Sin especificar,1
8973,30,1,1,Menor de 15,32 a 36,Hasta Primaria/C.EGB Completa,2500 gramos y más,1
8974,10,1,2,35 a 39,37 a 41,Secundario/Polimodal Completa y más,2500 gramos y más,182
8975,62,1,2,35 a 39,32 a 36,Secundaria/Polimodal Incompleta,2500 gramos y más,2
8976,14,1,2,40 a 44,37 a 41,Secundaria/Polimodal Incompleta,Menos de 2500 gramos,3
8977,30,1,2,15 a 19,32 a 36,Hasta Primaria/C.EGB Completa,2500 gramos y más,4
8978,18,1,2,Menor de 15,24 a 27,Sin especificar,Menos de 2500 gramos,1
8979,94,1,2,20 a 24,37 a 41,Secundaria/Polimodal Incompleta,2500 gramos y más,32
8980,54,1,2,40 a 44,32 a 36,Secundaria/Polimodal Incompleta,2500 gramos y más,1
8981,82,2,2,30 a 34,32 a 36,Secundario/Polimodal Completa y más,2500 gramos y más,11
8982,14,1,2,40 a 44,37 a 41,Hasta Primaria/C.EGB Completa,Menos de 2500 gramos,5
8983,22,2,1,25 a 29,37 a 41,Secundario/Polimodal Completa y más,2500 gramos y más,8
8984,10,2,1,30 a 34,32 a 36,Hasta Primaria/C.EGB Completa,Menos de 2500 gramos,1
8985,50,1,2,40 a 44,32 a 36,Secundario/Polimodal Completa y más,Menos de 2500 gramos,13
8986,18,2,1,20 a 24,37 a 41,Sin especificar,2500 gramos y más,2
8987,82,1,2,40 a 44,28 a 31,Secundaria/Polimodal Incompleta,Menos de 2500 gramos,1
8988,38,1,1,20 a 24,28 a 31,Secundaria/Polimodal Incompleta,Menos de 2500 gramos,2
8989,58,1,1,35 a 39,37 a 41,Secundario/Polimodal Completa y más,2500 gramos y más,382
8990,2,2,1,30 a 34,28 a 31,Secundario/Polimodal Completa y más,Menos de 2500 gramos,5
8991,38,2,1,35 a 39,37 a 41,Secundario/Polimodal Completa y más,2500 gramos y más,2
8992,70,2,2,35 a 39,37 a 41,Secundario/Polimodal Completa y más,Menos de 2500 gramos,5
8993,78,2,2,15 a 19,37 a 41,Secundario/Polimodal Completa y más,Menos de 2500 gramos,1
8994,86,1,1,20 a 24,37 a 41,Secundaria/Polimodal Incompleta,Menos de 2500 gramos,14
8995,6,2,2,De 45 y más,37 a 41,Sin especificar,Menos de 2500 gramos,1
8996,34,1,2,35 a 39,37 a 41,Secundario/Polimodal Completa y más,2500 gramos y más,108
8997,2,1,1,De 45 y más,28 a 31,Hasta Primaria/C.EGB Completa,Menos de 2500 gramos,1
8998,74,1,2,25 a 29,28 a 31,Secundario/Polimodal Completa y más,Menos de 2500 gramos,2
8999,6,1,1,Sin especificar,Sin especificar,Secundario/Polimodal Completa y más,Menos de 2500 gramos,1
9000,6,1,2,20 a 24,Sin especificar,Secundario/Polimodal Completa y más,Sin especificar,2
9001,2,1,2,20 a 24,42 y más,Hasta Primaria/C.EGB Completa,2500 gramos y más,2
9002,58,1,2,15 a 19,32 a 36,Sin especificar,2500 gramos y más,1
9003,6,1,2,15 a 19,24 a 27,Hasta Primaria/C.EGB Completa,Menos de 2500 gramos,2
9004,54,1,1,20 a 24,24 a 27,Hasta Primaria/C.EGB Completa,Menos de 2500 gramos,1
9005,6,1,2,Menor de 15,24 a 27,Sin especificar,Menos de 2500 gramos,1
9006,18,1,2,35 a 39,32 a 36,Secundario/Polimodal Completa y más,2500 gramos y más,13
9007,6,2,2,Menor de 15,28 a 31,Secundaria/Polimodal Incompleta,Sin especificar,1
9008,6,1,9,25 a 29,32 a 36,Secundario/Polimodal Completa y más,Menos de 2500 gramos,1
9009,6,1,2,35 a 39,32 a 36,Secundaria/Polimodal Incompleta,2500 gramos y más,81
9010,54,1,1,30 a 34,37 a 41,Secundario/Polimodal Completa y más,2500 gramos y más,828
9011,62,1,1,40 a 44,42 y más,Sin especificar,2500 gramos y más,1
9012,90,1,2,20 a 24,37 a 41,Hasta Primaria/C.EGB Completa,Menos de 2500 gramos,27
9013,34,1,1,25 a 29,37 a 41,Hasta Primaria/C.EGB Completa,2500 gramos y más,190
9014,82,2,2,15 a 19,37 a 41,Hasta Primaria/C.EGB Completa,2500 gramos y más,1
9015,58,1,1,30 a 34,37 a 41,Hasta Primaria/C.EGB Completa,2500 gramos y más,72
9016,46,1,2,30 a 34,37 a 41,Hasta Primaria/C.EGB Completa,2500 gramos y más,57
9017,74,1,1,25 a 29,32 a 36,Sin especificar,Menos de 2500 gramos,1
9018,78,1,1,40 a 44,24 a 27,Hasta Primaria/C.EGB Completa,Menos de 2500 gramos,1
9019,70,1,1,25 a 29,37 a 41,Secundaria/Polimodal Incompleta,Menos de 2500 gramos,9
9020,22,1,1,De 45 y más,37 a 41,Secundaria/Polimodal Incompleta,2500 gramos y más,1
9021,46,2,1,25 a 29,32 a 36,Secundario/Polimodal Completa y más,2500 gramos y más,4
9022,86,1,1,30 a 34,28 a 31,Secundario/Polimodal Completa y más,Menos de 2500 gramos,3
9023,66,1,1,35 a 39,24 a 27,Secundario/Polimodal Completa y más,Menos de 2500 gramos,1
9024,2,9,1,20 a 24,37 a 41,Sin especificar,Menos de 2500 gramos,2
9025,50,1,1,30 a 34,32 a 36,Hasta Primaria/C.EGB Completa,2500 gramos y más,10
9026,50,1,1,Menor de 15,37 a 41,Secundaria/Polimodal Incompleta,2500 gramos y más,10
9027,30,1,2,15 a 19,28 a 31,Secundaria/Polimodal Incompleta,2500 gramos y más,1
9028,66,1,1,20 a 24,Sin especificar,Secundaria/Polimodal Incompleta,Menos de 2500 gramos,1
9029,74,1,1,25 a 29,37 a 41,Secundario/Polimodal Completa y más,Menos de 2500 gramos,16
9030,46,1,1,20 a 24,24 a 27,Secundaria/Polimodal Incompleta,Menos de 2500 gramos,1
9031,38,1,2,30 a 34,37 a 41,Hasta Primaria/C.EGB Completa,2500 gramos y más,99
9032,66,2,1,20 a 24,32 a 36,Secundaria/Polimodal Incompleta,Menos de 2500 gramos,6
9033,10,2,1,25 a 29,32 a 36,Hasta Primaria/C.EGB Completa,2500 gramos y más,1
9034,54,2,2,25 a 29,28 a 31,Secundario/Polimodal Completa y más,Menos de 2500 gramos,2
9035,66,1,1,25 a 29,37 a 41,Hasta Primaria/C.EGB Completa,Menos de 2500 gramos,7
9036,46,2,1,20 a 24,37 a 41,Secundario/Polimodal Completa y más,2500 gramos y más,2
9037,26,1,2,35 a 39,28 a 31,Secundaria/Polimodal Incompleta,Menos de 2500 gramos,1
9038,58,1,2,40 a 44,37 a 41,Hasta Primaria/C.EGB Completa,2500 gramos y más,28
9039,26,1,2,25 a 29,37 a 41,Secundaria/Polimodal Incompleta,Menos de 2500 gramos,6
9040,42,1,2,25 a 29,24 a 27,Secundario/Polimodal Completa y más,Menos de 2500 gramos,1
9041,6,2,1,40 a 44,37 a 41,Secundario/Polimodal Completa y más,Menos de 2500 gramos,8
9042,46,1,1,20 a 24,32 a 36,Secundaria/Polimodal Incompleta,Menos de 2500 gramos,4
9043,6,1,1,30 a 34,37 a 41,Hasta Primaria/C.EGB Completa,2500 gramos y más,2117
9044,38,1,1,15 a 19,37 a 41,Secundaria/Polimodal Incompleta,Menos de 2500 gramos,6
9045,70,2,2,30 a 34,37 a 41,Secundario/Polimodal Completa y más,Menos de 2500 gramos,4
9046,58,1,2,40 a 44,28 a 31,Secundario/Polimodal Completa y más,Menos de 2500 gramos,2
9047,54,2,1,20 a 24,32 a 36,Hasta Primaria/C.EGB Completa,2500 gramos y más,1
9048,62,1,2,20 a 24,37 a 41,Secundaria/Polimodal Incompleta,Menos de 2500 gramos,5
9049,70,2,2,35 a 39,32 a 36,Secundario/Polimodal Completa y más,2500 gramos y más,1
9050,6,1,1,35 a 39,42 y más,Sin especificar,2500 gramos y más,3
9051,38,1,1,30 a 34,32 a 36,Secundaria/Polimodal Incompleta,Menos de 2500 gramos,4
9052,46,1,2,25 a 29,32 a 36,Secundaria/Polimodal Incompleta,2500 gramos y más,2
9053,34,1,2,40 a 44,32 a 36,Hasta Primaria/C.EGB Completa,Menos de 2500 gramos,1
9054,26,1,1,25 a 29,24 a 27,Secundario/Polimodal Completa y más,Menos de 2500 gramos,1
9055,14,2,2,20 a 24,37 a 41,Secundario/Polimodal Completa y más,2500 gramos y más,8
9056,70,1,2,40 a 44,37 a 41,Secundario/Polimodal Completa y más,2500 gramos y más,81
9057,62,1,1,20 a 24,32 a 36,Sin especificar,2500 gramos y más,5
9058,2,1,2,De 45 y más,32 a 36,Secundario/Polimodal Completa y más,2500 gramos y más,8
9059,62,1,2,40 a 44,28 a 31,Hasta Primaria/C.EGB Completa,Menos de 2500 gramos,1
9060,82,2,2,25 a 29,32 a 36,Secundario/Polimodal Completa y más,Menos de 2500 gramos,24
9061,78,1,2,25 a 29,37 a 41,Secundario/Polimodal Completa y más,2500 gramos y más,274
9062,2,1,1,15 a 19,37 a 41,Sin especificar,2500 gramos y más,18
9063,46,1,2,20 a 24,Sin especificar,Secundario/Polimodal Completa y más,2500 gramos y más,1
9064,6,1,2,Sin especificar,32 a 36,Secundario/Polimodal Completa y más,Sin especificar,1
9065,86,2,2,20 a 24,37 a 41,Secundaria/Polimodal Incompleta,2500 gramos y más,4
9066,22,1,2,Sin especificar,37 a 41,Secundario/Polimodal Completa y más,2500 gramos y más,8
9067,70,1,2,20 a 24,32 a 36,Secundaria/Polimodal Incompleta,2500 gramos y más,10
9068,38,1,2,25 a 29,37 a 41,Secundario/Polimodal Completa y más,Menos de 2500 gramos,20
9069,14,1,2,15 a 19,Sin especificar,Hasta Primaria/C.EGB Completa,2500 gramos y más,1
9070,46,1,1,35 a 39,32 a 36,Secundaria/Polimodal Incompleta,Menos de 2500 gramos,1
9071,46,1,2,30 a 34,32 a 36,Secundario/Polimodal Completa y más,Menos de 2500 gramos,14
9072,6,1,1,35 a 39,32 a 36,Hasta Primaria/C.EGB Completa,Sin especificar,1
9073,54,1,1,25 a 29,32 a 36,Hasta Primaria/C.EGB Completa,2500 gramos y más,37
9074,82,2,1,30 a 34,32 a 36,Hasta Primaria/C.EGB Completa,Menos de 2500 gramos,16
9075,94,1,1,15 a 19,32 a 36,Secundaria/Polimodal Incompleta,2500 gramos y más,1
9076,10,1,2,30 a 34,42 y más,Secundario/Polimodal Completa y más,2500 gramos y más,1
9077,10,1,2,30 a 34,32 a 36,Secundaria/Polimodal Incompleta,2500 gramos y más,2
9078,90,1,1,25 a 29,32 a 36,Secundario/Polimodal Completa y más,2500 gramos y más,125
9079,78,2,2,35 a 39,32 a 36,Secundario/Polimodal Completa y más,Menos de 2500 gramos,3
9080,42,1,1,15 a 19,37 a 41,Hasta Primaria/C.EGB Completa,2500 gramos y más,9
9081,66,1,2,35 a 39,37 a 41,Hasta Primaria/C.EGB Completa,Menos de 2500 gramos,7
9082,58,1,1,30 a 34,24 a 27,Secundario/Polimodal Completa y más,Menos de 2500 gramos,3
9083,62,2,2,25 a 29,28 a 31,Secundaria/Polimodal Incompleta,Menos de 2500 gramos,1
9084,6,2,2,15 a 19,Sin especificar,Hasta Primaria/C.EGB Completa,Menos de 2500 gramos,1
9085,14,1,2,15 a 19,32 a 36,Secundario/Polimodal Completa y más,2500 gramos y más,7
9086,6,1,1,De 45 y más,37 a 41,Secundario/Polimodal Completa y más,Menos de 2500 gramos,8
9087,22,1,1,35 a 39,32 a 36,Secundario/Polimodal Completa y más,2500 gramos y más,21
9088,2,1,2,35 a 39,Sin especificar,Secundario/Polimodal Completa y más,2500 gramos y más,2
9089,2,9,1,30 a 34,22 a 23,Sin especificar,Menos de 2500 gramos,1
9090,66,1,1,20 a 24,42 y más,Hasta Primaria/C.EGB Completa,2500 gramos y más,4
9091,34,2,2,25 a 29,32 a 36,Sin especificar,2500 gramos y más,1
9092,2,2,2,30 a 34,32 a 36,Hasta Primaria/C.EGB Completa,2500 gramos y más,4
9093,58,1,1,20 a 24,37 a 41,Hasta Primaria/C.EGB Completa,2500 gramos y más,89
9094,38,1,2,30 a 34,42 y más,Secundario/Polimodal Completa y más,2500 gramos y más,7
9095,54,1,1,Menor de 15,32 a 36,Secundaria/Polimodal Incompleta,2500 gramos y más,1
9096,62,1,1,De 45 y más,32 a 36,Sin especificar,2500 gramos y más,1
9097,54,1,2,30 a 34,32 a 36,Hasta Primaria/C.EGB Completa,2500 gramos y más,30
9098,86,1,2,15 a 19,24 a 27,Hasta Primaria/C.EGB Completa,Menos de 2500 gramos,1
9099,86,1,1,35 a 39,42 y más,Secundaria/Polimodal Incompleta,2500 gramos y más,2
9100,30,1,1,30 a 34,32 a 36,Secundario/Polimodal Completa y más,2500 gramos y más,32
9101,58,1,1,25 a 29,32 a 36,Secundario/Polimodal Completa y más,2500 gramos y más,15
9102,74,1,2,30 a 34,37 a 41,Secundaria/Polimodal Incompleta,2500 gramos y más,77
9103,70,2,2,25 a 29,37 a 41,Secundaria/Polimodal Incompleta,2500 gramos y más,3
9104,58,1,2,25 a 29,37 a 41,Secundario/Polimodal Completa y más,Sin especificar,1
9105,10,1,2,20 a 24,37 a 41,Secundaria/Polimodal Incompleta,Menos de 2500 gramos,6
9106,66,1,1,Menor de 15,37 a 41,Secundaria/Polimodal Incompleta,Menos de 2500 gramos,2
9107,66,1,2,20 a 24,Sin especificar,Hasta Primaria/C.EGB Completa,Menos de 2500 gramos,1
9108,14,1,1,15 a 19,32 a 36,Secundario/Polimodal Completa y más,Menos de 2500 gramos,12
9109,82,1,2,35 a 39,32 a 36,Sin especificar,2500 gramos y más,2
9110,26,1,2,25 a 29,32 a 36,Secundario/Polimodal Completa y más,2500 gramos y más,8
9111,6,1,1,20 a 24,Sin especificar,Sin especificar,Menos de 2500 gramos,2
9112,26,1,1,40 a 44,37 a 41,Secundaria/Polimodal Incompleta,2500 gramos y más,12
9113,14,1,1,35 a 39,28 a 31,Secundario/Polimodal Completa y más,Menos de 2500 gramos,14
9114,42,1,2,Menor de 15,37 a 41,Secundaria/Polimodal Incompleta,2500 gramos y más,1
9115,46,1,1,15 a 19,32 a 36,Secundario/Polimodal Completa y más,2500 gramos y más,1
9116,14,1,1,30 a 34,22 a 23,Secundaria/Polimodal Incompleta,Menos de 2500 gramos,1
9117,18,1,1,15 a 19,37 a 41,Secundaria/Polimodal Incompleta,2500 gramos y más,351
9118,22,1,2,30 a 34,37 a 41,Secundaria/Polimodal Incompleta,2500 gramos y más,237
9119,6,9,2,30 a 34,37 a 41,Secundaria/Polimodal Incompleta,2500 gramos y más,2
9120,90,1,1,35 a 39,Sin especificar,Secundaria/Polimodal Incompleta,2500 gramos y más,2
9121,26,1,1,35 a 39,32 a 36,Hasta Primaria/C.EGB Completa,2500 gramos y más,1
9122,99,9,1,35 a 39,32 a 36,Sin especificar,Menos de 2500 gramos,3
9123,90,1,2,25 a 29,32 a 36,Hasta Primaria/C.EGB Completa,Menos de 2500 gramos,18
9124,30,1,1,35 a 39,28 a 31,Hasta Primaria/C.EGB Completa,Menos de 2500 gramos,1
9125,58,1,1,30 a 34,24 a 27,Hasta Primaria/C.EGB Completa,Menos de 2500 gramos,1
9126,6,1,2,15 a 19,28 a 31,Secundaria/Polimodal Incompleta,Sin especificar,1
9127,62,1,1,20 a 24,37 a 41,Hasta Primaria/C.EGB Completa,2500 gramos y más,86
9128,90,1,1,40 a 44,37 a 41,Secundaria/Polimodal Incompleta,2500 gramos y más,20
9129,82,1,2,15 a 19,Sin especificar,Secundaria/Polimodal Incompleta,2500 gramos y más,1
9130,14,1,1,15 a 19,24 a 27,Secundario/Polimodal Completa y más,Menos de 2500 gramos,5
9131,30,2,2,35 a 39,32 a 36,Secundario/Polimodal Completa y más,Menos de 2500 gramos,12
9132,86,2,1,25 a 29,42 y más,Secundario/Polimodal Completa y más,Menos de 2500 gramos,1
9133,6,2,2,30 a 34,24 a 27,Secundario/Polimodal Completa y más,Menos de 2500 gramos,4
9134,22,2,2,35 a 39,32 a 36,Secundario/Polimodal Completa y más,Menos de 2500 gramos,10
9135,30,2,1,20 a 24,37 a 41,Secundario/Polimodal Completa y más,2500 gramos y más,3
9136,99,1,2,35 a 39,37 a 41,Sin especificar,2500 gramos y más,10
9137,22,1,2,25 a 29,28 a 31,Secundario/Polimodal Completa y más,Menos de 2500 gramos,4
9138,62,2,1,25 a 29,32 a 36,Hasta Primaria/C.EGB Completa,2500 gramos y más,1
9139,30,2,2,35 a 39,32 a 36,Hasta Primaria/C.EGB Completa,Menos de 2500 gramos,2
9140,94,1,1,30 a 34,37 a 41,Sin especificar,2500 gramos y más,2
9141,2,2,1,35 a 39,28 a 31,Hasta Primaria/C.EGB Completa,Menos de 2500 gramos,2
9142,78,1,1,40 a 44,37 a 41,Hasta Primaria/C.EGB Completa,2500 gramos y más,7
9143,78,2,1,40 a 44,32 a 36,Secundaria/Polimodal Incompleta,Menos de 2500 gramos,2
9144,74,1,1,20 a 24,32 a 36,Secundario/Polimodal Completa y más,2500 gramos y más,15
9145,58,1,1,30 a 34,Sin especificar,Secundaria/Polimodal Incompleta,2500 gramos y más,1
9146,90,2,1,25 a 29,32 a 36,Hasta Primaria/C.EGB Completa,Menos de 2500 gramos,4
9147,86,1,2,30 a 34,37 a 41,Secundario/Polimodal Completa y más,Menos de 2500 gramos,10
9148,54,1,1,20 a 24,37 a 41,Sin especificar,Menos de 2500 gramos,8
9149,58,2,2,20 a 24,37 a 41,Secundaria/Polimodal Incompleta,2500 gramos y más,1
9150,14,1,2,25 a 29,32 a 36,Secundario/Polimodal Completa y más,Menos de 2500 gramos,77
9151,6,1,2,35 a 39,22 a 23,Hasta Primaria/C.EGB Completa,Menos de 2500 gramos,1
9152,6,1,1,35 a 39,24 a 27,Secundario/Polimodal Completa y más,Menos de 2500 gramos,21
9153,22,1,1,25 a 29,42 y más,Sin especificar,2500 gramos y más,1
9154,82,1,2,25 a 29,Sin especificar,Secundaria/Polimodal Incompleta,Menos de 2500 gramos,1
9155,30,1,2,35 a 39,37 a 41,Hasta Primaria/C.EGB Completa,Menos de 2500 gramos,6
9156,82,1,1,35 a 39,32 a 36,Hasta Primaria/C.EGB Completa,2500 gramos y más,21
9157,74,1,2,20 a 24,24 a 27,Secundaria/Polimodal Incompleta,Menos de 2500 gramos,2
9158,18,1,1,30 a 34,32 a 36,Secundaria/Polimodal Incompleta,2500 gramos y más,7
9159,6,1,1,35 a 39,32 a 36,Hasta Primaria/C.EGB Completa,Menos de 2500 gramos,57
9160,70,2,2,20 a 24,37 a 41,Secundaria/Polimodal Incompleta,2500 gramos y más,1
9161,70,1,1,25 a 29,32 a 36,Secundario/Polimodal Completa y más,2500 gramos y más,17
9162,62,2,2,20 a 24,37 a 41,Secundaria/Polimodal Incompleta,2500 gramos y más,3
9163,86,1,2,30 a 34,32 a 36,Hasta Primaria/C.EGB Completa,2500 gramos y más,32
9164,42,1,2,30 a 34,37 a 41,Secundaria/Polimodal Incompleta,2500 gramos y más,99
9165,6,1,2,20 a 24,Sin especificar,Sin especificar,2500 gramos y más,9
9166,82,1,2,40 a 44,28 a 31,Hasta Primaria/C.EGB Completa,Menos de 2500 gramos,2
9167,6,1,2,15 a 19,Sin especificar,Sin especificar,Sin especificar,62
9168,50,1,2,20 a 24,28 a 31,Secundaria/Polimodal Incompleta,Menos de 2500 gramos,8
9169,99,1,2,25 a 29,32 a 36,Sin especificar,2500 gramos y más,2
9170,66,1,2,30 a 34,37 a 41,Secundaria/Polimodal Incompleta,2500 gramos y más,244
9171,98,1,2,20 a 24,37 a 41,Hasta Primaria/C.EGB Completa,2500 gramos y más,2
9172,50,1,2,20 a 24,24 a 27,Hasta Primaria/C.EGB Completa,Menos de 2500 gramos,2
9173,22,2,1,20 a 24,32 a 36,Secundario/Polimodal Completa y más,Menos de 2500 gramos,3
9174,82,1,2,35 a 39,37 a 41,Hasta Primaria/C.EGB Completa,2500 gramos y más,344
9175,6,1,2,25 a 29,42 y más,Secundaria/Polimodal Incompleta,2500 gramos y más,13
9176,18,1,2,25 a 29,24 a 27,Secundaria/Polimodal Incompleta,Menos de 2500 gramos,1
9177,82,1,2,20 a 24,42 y más,Hasta Primaria/C.EGB Completa,2500 gramos y más,4
9178,18,1,1,15 a 19,32 a 36,Sin especificar,2500 gramos y más,5
9179,50,1,2,20 a 24,24 a 27,Secundario/Polimodal Completa y más,Menos de 2500 gramos,2
9180,82,1,1,20 a 24,37 a 41,Secundario/Polimodal Completa y más,2500 gramos y más,1521
9181,78,2,2,30 a 34,32 a 36,Secundario/Polimodal Completa y más,Menos de 2500 gramos,3
9182,18,2,2,20 a 24,32 a 36,Hasta Primaria/C.EGB Completa,Menos de 2500 gramos,3
9183,30,1,1,35 a 39,42 y más,Hasta Primaria/C.EGB Completa,2500 gramos y más,1
9184,58,1,2,30 a 34,37 a 41,Secundaria/Polimodal Incompleta,Menos de 2500 gramos,3
9185,22,1,1,40 a 44,37 a 41,Secundario/Polimodal Completa y más,Menos de 2500 gramos,6
9186,99,9,2,25 a 29,Sin especificar,Sin especificar,Sin especificar,3
9187,22,1,2,35 a 39,32 a 36,Hasta Primaria/C.EGB Completa,2500 gramos y más,11
9188,99,1,2,20 a 24,37 a 41,Secundario/Polimodal Completa y más,2500 gramos y más,4
9189,6,1,1,Sin especificar,Sin especificar,Sin especificar,Sin especificar,1047
9190,86,1,2,30 a 34,32 a 36,Secundaria/Polimodal Incompleta,Menos de 2500 gramos,9
9191,94,1,2,20 a 24,32 a 36,Hasta Primaria/C.EGB Completa,Menos de 2500 gramos,1
9192,2,1,1,30 a 34,Sin especificar,Secundario/Polimodal Completa y más,2500 gramos y más,1
9193,2,1,1,20 a 24,37 a 41,Secundario/Polimodal Completa y más,2500 gramos y más,554
9194,6,1,1,20 a 24,37 a 41,Sin especificar,Sin especificar,1
9195,46,1,2,15 a 19,32 a 36,Secundaria/Polimodal Incompleta,Menos de 2500 gramos,4
9196,6,1,1,20 a 24,28 a 31,Secundaria/Polimodal Incompleta,2500 gramos y más,1
9197,62,1,1,30 a 34,32 a 36,Secundario/Polimodal Completa y más,Menos de 2500 gramos,12
9198,82,2,1,35 a 39,Sin especificar,Secundario/Polimodal Completa y más,2500 gramos y más,1
9199,2,1,1,40 a 44,37 a 41,Secundaria/Polimodal Incompleta,2500 gramos y más,60
9200,2,1,2,De 45 y más,32 a 36,Hasta Primaria/C.EGB Completa,2500 gramos y más,1
9201,6,1,2,De 45 y más,32 a 36,Hasta Primaria/C.EGB Completa,Menos de 2500 gramos,1
9202,2,1,2,35 a 39,24 a 27,Secundario/Polimodal Completa y más,Menos de 2500 gramos,8
9203,99,1,1,25 a 29,37 a 41,Secundaria/Polimodal Incompleta,2500 gramos y más,2
9204,18,1,2,15 a 19,28 a 31,Secundario/Polimodal Completa y más,Menos de 2500 gramos,3
9205,6,1,1,20 a 24,Sin especificar,Hasta Primaria/C.EGB Completa,2500 gramos y más,6
9206,14,2,2,20 a 24,37 a 41,Hasta Primaria/C.EGB Completa,2500 gramos y más,2
9207,78,1,2,20 a 24,32 a 36,Secundaria/Polimodal Incompleta,Menos de 2500 gramos,5
9208,26,2,1,25 a 29,32 a 36,Secundario/Polimodal Completa y más,2500 gramos y más,2
9209,78,1,1,30 a 34,37 a 41,Secundaria/Polimodal Incompleta,Menos de 2500 gramos,1
9210,86,1,1,15 a 19,37 a 41,Secundaria/Polimodal Incompleta,2500 gramos y más,188
9211,34,1,1,25 a 29,32 a 36,Hasta Primaria/C.EGB Completa,Menos de 2500 gramos,2
9212,90,1,1,20 a 24,22 a 23,Secundaria/Polimodal Incompleta,Menos de 2500 gramos,1
9213,86,2,2,30 a 34,37 a 41,Secundario/Polimodal Completa y más,2500 gramos y más,3
9214,70,2,2,15 a 19,32 a 36,Secundaria/Polimodal Incompleta,2500 gramos y más,1
9215,10,2,2,30 a 34,37 a 41,Secundaria/Polimodal Incompleta,Menos de 2500 gramos,2
9216,66,1,2,15 a 19,Sin especificar,Sin especificar,Sin especificar,1
9217,90,1,1,40 a 44,37 a 41,Sin especificar,Menos de 2500 gramos,1
9218,2,1,1,30 a 34,37 a 41,Secundaria/Polimodal Incompleta,2500 gramos y más,286
9219,6,2,2,40 a 44,28 a 31,Secundaria/Polimodal Incompleta,Menos de 2500 gramos,2
9220,90,1,1,25 a 29,37 a 41,Sin especificar,Sin especificar,1
9221,90,1,2,Menor de 15,28 a 31,Secundaria/Polimodal Incompleta,2500 gramos y más,1
9222,74,1,1,25 a 29,32 a 36,Sin especificar,Sin especificar,1
9223,6,1,1,20 a 24,Sin especificar,Sin especificar,Sin especificar,145
9224,18,2,2,20 a 24,37 a 41,Secundario/Polimodal Completa y más,2500 gramos y más,1
9225,22,1,1,30 a 34,37 a 41,Secundaria/Polimodal Incompleta,Menos de 2500 gramos,5
9226,34,1,1,20 a 24,Sin especificar,Secundaria/Polimodal Incompleta,2500 gramos y más,1
9227,34,2,2,25 a 29,28 a 31,Secundaria/Polimodal Incompleta,Menos de 2500 gramos,1
9228,14,2,2,35 a 39,32 a 36,Secundaria/Polimodal Incompleta,Menos de 2500 gramos,1
9229,78,1,2,30 a 34,37 a 41,Hasta Primaria/C.EGB Completa,Menos de 2500 gramos,3
9230,34,2,2,40 a 44,32 a 36,Secundario/Polimodal Completa y más,2500 gramos y más,1
9231,66,1,1,20 a 24,Sin especificar,Secundaria/Polimodal Incompleta,Sin especificar,3
9232,66,1,1,35 a 39,32 a 36,Hasta Primaria/C.EGB Completa,Menos de 2500 gramos,10
9233,42,1,2,25 a 29,42 y más,Secundaria/Polimodal Incompleta,2500 gramos y más,1
9234,18,2,2,15 a 19,32 a 36,Sin especificar,Menos de 2500 gramos,2
9235,99,1,2,35 a 39,37 a 41,Secundaria/Polimodal Incompleta,2500 gramos y más,2
9236,74,2,2,15 a 19,32 a 36,Secundaria/Polimodal Incompleta,Menos de 2500 gramos,2
9237,18,2,2,20 a 24,24 a 27,Secundario/Polimodal Completa y más,Menos de 2500 gramos,3
9238,78,1,1,15 a 19,37 a 41,Hasta Primaria/C.EGB Completa,2500 gramos y más,25
9239,42,1,2,20 a 24,37 a 41,Secundario/Polimodal Completa y más,2500 gramos y más,202
9240,22,1,1,20 a 24,Sin especificar,Secundaria/Polimodal Incompleta,Sin especificar,1
9241,54,1,2,30 a 34,32 a 36,Sin especificar,Menos de 2500 gramos,5
9242,94,1,1,Menor de 15,37 a 41,Secundaria/Polimodal Incompleta,2500 gramos y más,1
9243,86,2,1,20 a 24,37 a 41,Hasta Primaria/C.EGB Completa,Menos de 2500 gramos,1
9244,6,1,2,Sin especificar,32 a 36,Secundario/Polimodal Completa y más,Menos de 2500 gramos,16
9245,98,1,2,20 a 24,37 a 41,Secundario/Polimodal Completa y más,2500 gramos y más,4
9246,90,1,1,De 45 y más,32 a 36,Secundario/Polimodal Completa y más,2500 gramos y más,2
9247,22,1,1,40 a 44,32 a 36,Secundario/Polimodal Completa y más,2500 gramos y más,5
9248,82,1,2,Menor de 15,37 a 41,Hasta Primaria/C.EGB Completa,2500 gramos y más,12
9249,14,1,1,20 a 24,32 a 36,Secundario/Polimodal Completa y más,2500 gramos y más,68
9250,54,1,1,40 a 44,42 y más,Secundaria/Polimodal Incompleta,2500 gramos y más,1
9251,22,2,1,35 a 39,37 a 41,Hasta Primaria/C.EGB Completa,Menos de 2500 gramos,6
9252,30,1,1,40 a 44,28 a 31,Hasta Primaria/C.EGB Completa,Menos de 2500 gramos,2
9253,2,1,2,40 a 44,37 a 41,Sin especificar,Menos de 2500 gramos,1
9254,34,1,1,20 a 24,24 a 27,Secundario/Polimodal Completa y más,Menos de 2500 gramos,2
9255,38,1,2,25 a 29,32 a 36,Secundaria/Polimodal Incompleta,Menos de 2500 gramos,4
9256,98,1,1,30 a 34,37 a 41,Sin especificar,2500 gramos y más,1
9257,6,1,1,30 a 34,Sin especificar,Secundaria/Polimodal Incompleta,Menos de 2500 gramos,2
9258,98,1,1,35 a 39,37 a 41,Hasta Primaria/C.EGB Completa,2500 gramos y más,3
9259,30,1,2,25 a 29,22 a 23,Secundaria/Polimodal Incompleta,Menos de 2500 gramos,1
9260,94,1,2,20 a 24,37 a 41,Secundario/Polimodal Completa y más,2500 gramos y más,59
9261,38,1,1,25 a 29,32 a 36,Secundario/Polimodal Completa y más,Menos de 2500 gramos,20
9262,82,1,2,30 a 34,28 a 31,Secundario/Polimodal Completa y más,Menos de 2500 gramos,19
9263,50,1,1,35 a 39,22 a 23,Secundario/Polimodal Completa y más,Menos de 2500 gramos,1
9264,54,1,2,15 a 19,37 a 41,Secundaria/Polimodal Incompleta,Menos de 2500 gramos,28
9265,2,1,2,20 a 24,28 a 31,Hasta Primaria/C.EGB Completa,Menos de 2500 gramos,1
9266,6,1,2,40 a 44,37 a 41,Hasta Primaria/C.EGB Completa,Menos de 2500 gramos,24
9267,82,1,1,20 a 24,42 y más,Secundaria/Polimodal Incompleta,2500 gramos y más,2
9268,6,2,1,25 a 29,28 a 31,Secundaria/Polimodal Incompleta,Menos de 2500 gramos,8
9269,66,1,1,20 a 24,Sin especificar,Sin especificar,Sin especificar,1
9270,54,1,2,40 a 44,42 y más,Hasta Primaria/C.EGB Completa,2500 gramos y más,2
9271,82,2,1,20 a 24,32 a 36,Secundaria/Polimodal Incompleta,2500 gramos y más,2
9272,14,1,1,15 a 19,32 a 36,Hasta Primaria/C.EGB Completa,Menos de 2500 gramos,9
9273,70,1,2,35 a 39,32 a 36,Secundario/Polimodal Completa y más,Menos de 2500 gramos,19
9274,86,1,1,40 a 44,32 a 36,Hasta Primaria/C.EGB Completa,Menos de 2500 gramos,5
9275,18,1,2,20 a 24,32 a 36,Sin especificar,Menos de 2500 gramos,14
9276,6,1,1,30 a 34,28 a 31,Hasta Primaria/C.EGB Completa,Menos de 2500 gramos,21
9277,82,1,2,25 a 29,32 a 36,Hasta Primaria/C.EGB Completa,2500 gramos y más,31
9278,38,1,1,40 a 44,32 a 36,Secundario/Polimodal Completa y más,Menos de 2500 gramos,13
9279,50,2,1,35 a 39,24 a 27,Secundaria/Polimodal Incompleta,Menos de 2500 gramos,2
9280,38,2,1,40 a 44,37 a 41,Secundario/Polimodal Completa y más,2500 gramos y más,1
9281,30,1,1,Menor de 15,28 a 31,Hasta Primaria/C.EGB Completa,Menos de 2500 gramos,2
9282,30,1,1,30 a 34,28 a 31,Hasta Primaria/C.EGB Completa,Menos de 2500 gramos,1
9283,6,1,2,15 a 19,Sin especificar,Hasta Primaria/C.EGB Completa,2500 gramos y más,6
9284,50,1,1,25 a 29,32 a 36,Hasta Primaria/C.EGB Completa,Menos de 2500 gramos,7
9285,2,2,1,25 a 29,37 a 41,Hasta Primaria/C.EGB Completa,Menos de 2500 gramos,1
9286,10,2,2,40 a 44,37 a 41,Secundario/Polimodal Completa y más,Menos de 2500 gramos,1
9287,66,1,2,25 a 29,28 a 31,Secundaria/Polimodal Incompleta,Menos de 2500 gramos,1
9288,22,2,1,35 a 39,32 a 36,Secundaria/Polimodal Incompleta,Menos de 2500 gramos,1
9289,6,1,2,Sin especificar,37 a 41,Secundario/Polimodal Completa y más,2500 gramos y más,481
9290,78,1,1,30 a 34,42 y más,Hasta Primaria/C.EGB Completa,2500 gramos y más,1
9291,99,1,1,20 a 24,32 a 36,Sin especificar,Menos de 2500 gramos,1
9292,6,1,2,Menor de 15,37 a 41,Hasta Primaria/C.EGB Completa,Menos de 2500 gramos,2
9293,66,1,2,30 a 34,37 a 41,Secundario/Polimodal Completa y más,Menos de 2500 gramos,27
9294,30,1,1,20 a 24,32 a 36,Secundaria/Polimodal Incompleta,Menos de 2500 gramos,16
9295,94,1,2,40 a 44,37 a 41,Secundaria/Polimodal Incompleta,2500 gramos y más,3
9296,38,1,2,35 a 39,37 a 41,Secundario/Polimodal Completa y más,2500 gramos y más,322
9297,18,2,1,35 a 39,28 a 31,Hasta Primaria/C.EGB Completa,Menos de 2500 gramos,1
9298,78,1,1,25 a 29,28 a 31,Hasta Primaria/C.EGB Completa,2500 gramos y más,1
9299,6,1,1,40 a 44,42 y más,Hasta Primaria/C.EGB Completa,2500 gramos y más,3
9300,22,1,2,30 a 34,Sin especificar,Secundaria/Polimodal Incompleta,2500 gramos y más,1
9301,22,1,9,20 a 24,37 a 41,Secundario/Polimodal Completa y más,Sin especificar,1
9302,38,1,1,25 a 29,42 y más,Secundario/Polimodal Completa y más,2500 gramos y más,9
9303,66,1,2,15 a 19,42 y más,Hasta Primaria/C.EGB Completa,2500 gramos y más,1
9304,14,1,1,35 a 39,32 a 36,Secundaria/Polimodal Incompleta,2500 gramos y más,15
9305,6,1,2,20 a 24,Sin especificar,Hasta Primaria/C.EGB Completa,Menos de 2500 gramos,1
9306,66,2,1,20 a 24,37 a 41,Hasta Primaria/C.EGB Completa,Menos de 2500 gramos,1
9307,22,2,2,35 a 39,32 a 36,Hasta Primaria/C.EGB Completa,Menos de 2500 gramos,5
9308,82,1,1,25 a 29,42 y más,Secundaria/Polimodal Incompleta,2500 gramos y más,1
9309,30,1,1,20 a 24,37 a 41,Secundario/Polimodal Completa y más,Menos de 2500 gramos,13
9310,22,1,1,20 a 24,28 a 31,Secundaria/Polimodal Incompleta,2500 gramos y más,1
9311,54,1,1,30 a 34,24 a 27,Secundario/Polimodal Completa y más,Menos de 2500 gramos,2
9312,54,1,2,15 a 19,28 a 31,Hasta Primaria/C.EGB Completa,Menos de 2500 gramos,3
9313,6,1,2,25 a 29,24 a 27,Sin especificar,Menos de 2500 gramos,2
9314,18,1,1,40 a 44,32 a 36,Hasta Primaria/C.EGB Completa,Menos de 2500 gramos,1
9315,18,1,2,30 a 34,37 a 41,Sin especificar,2500 gramos y más,282
9316,26,1,1,20 a 24,37 a 41,Secundaria/Polimodal Incompleta,2500 gramos y más,208
9317,14,1,1,35 a 39,37 a 41,Secundario/Polimodal Completa y más,2500 gramos y más,2279
9318,10,1,2,20 a 24,28 a 31,Secundario/Polimodal Completa y más,Menos de 2500 gramos,1
9319,14,1,2,15 a 19,28 a 31,Secundario/Polimodal Completa y más,Menos de 2500 gramos,2
9320,34,1,2,25 a 29,32 a 36,Hasta Primaria/C.EGB Completa,2500 gramos y más,6
9321,74,1,1,15 a 19,24 a 27,Secundario/Polimodal Completa y más,Menos de 2500 gramos,1
9322,70,1,2,20 a 24,32 a 36,Hasta Primaria/C.EGB Completa,2500 gramos y más,3
9323,82,1,2,40 a 44,24 a 27,Hasta Primaria/C.EGB Completa,Menos de 2500 gramos,1
9324,30,1,1,35 a 39,37 a 41,Secundaria/Polimodal Incompleta,Menos de 2500 gramos,3
9325,54,2,1,15 a 19,37 a 41,Hasta Primaria/C.EGB Completa,2500 gramos y más,2
9326,54,2,1,30 a 34,32 a 36,Hasta Primaria/C.EGB Completa,2500 gramos y más,3
9327,30,2,2,30 a 34,28 a 31,Secundario/Polimodal Completa y más,Menos de 2500 gramos,1
9328,38,1,2,30 a 34,37 a 41,Secundario/Polimodal Completa y más,2500 gramos y más,649
9329,54,2,1,15 a 19,37 a 41,Secundaria/Polimodal Incompleta,Menos de 2500 gramos,2
9330,74,1,2,20 a 24,37 a 41,Hasta Primaria/C.EGB Completa,Menos de 2500 gramos,4
9331,54,1,2,40 a 44,28 a 31,Hasta Primaria/C.EGB Completa,Menos de 2500 gramos,1
9332,10,1,1,15 a 19,37 a 41,Sin especificar,2500 gramos y más,2
9333,10,1,2,40 a 44,37 a 41,Secundario/Polimodal Completa y más,2500 gramos y más,51
9334,54,2,2,35 a 39,37 a 41,Hasta Primaria/C.EGB Completa,Menos de 2500 gramos,2
9335,6,1,2,25 a 29,28 a 31,Sin especificar,Sin especificar,1
9336,6,1,2,35 a 39,37 a 41,Secundaria/Polimodal Incompleta,Sin especificar,2
9337,14,1,1,25 a 29,37 a 41,Hasta Primaria/C.EGB Completa,Menos de 2500 gramos,15
9338,22,2,1,35 a 39,32 a 36,Hasta Primaria/C.EGB Completa,2500 gramos y más,3
9339,74,1,1,15 a 19,28 a 31,Secundaria/Polimodal Incompleta,Menos de 2500 gramos,2
9340,82,2,1,40 a 44,37 a 41,Secundario/Polimodal Completa y más,2500 gramos y más,4
9341,6,2,1,25 a 29,37 a 41,Secundario/Polimodal Completa y más,2500 gramos y más,55
9342,54,1,1,25 a 29,37 a 41,Sin especificar,Menos de 2500 gramos,3
9343,2,1,2,20 a 24,32 a 36,Secundario/Polimodal Completa y más,2500 gramos y más,12
9344,62,2,1,20 a 24,32 a 36,Sin especificar,Menos de 2500 gramos,2
9345,86,1,1,20 a 24,28 a 31,Secundaria/Polimodal Incompleta,2500 gramos y más,1
9346,54,1,2,Menor de 15,32 a 36,Hasta Primaria/C.EGB Completa,2500 gramos y más,1
9347,90,2,1,40 a 44,32 a 36,Secundario/Polimodal Completa y más,2500 gramos y más,1
9348,34,1,2,20 a 24,28 a 31,Secundario/Polimodal Completa y más,Menos de 2500 gramos,5
9349,70,1,2,40 a 44,32 a 36,Secundaria/Polimodal Incompleta,2500 gramos y más,1
9350,74,1,1,30 a 34,37 a 41,Secundaria/Polimodal Incompleta,Menos de 2500 gramos,1
9351,6,2,2,20 a 24,37 a 41,Sin especificar,Menos de 2500 gramos,1
9352,50,1,1,30 a 34,24 a 27,Secundaria/Polimodal Incompleta,Menos de 2500 gramos,3
9353,22,1,1,35 a 39,42 y más,Hasta Primaria/C.EGB Completa,2500 gramos y más,3
9354,66,1,1,35 a 39,Menos de 22,Secundario/Polimodal Completa y más,Menos de 2500 gramos,1
9355,6,1,1,15 a 19,32 a 36,Secundario/Polimodal Completa y más,Menos de 2500 gramos,57
9356,2,9,1,30 a 34,37 a 41,Sin especificar,Menos de 2500 gramos,1
9357,99,1,1,30 a 34,37 a 41,Sin especificar,2500 gramos y más,8
9358,6,2,1,30 a 34,32 a 36,Sin especificar,Menos de 2500 gramos,5
9359,6,1,1,25 a 29,37 a 41,Hasta Primaria/C.EGB Completa,Menos de 2500 gramos,60
9360,58,1,2,30 a 34,32 a 36,Hasta Primaria/C.EGB Completa,2500 gramos y más,7
9361,2,1,1,25 a 29,28 a 31,Secundario/Polimodal Completa y más,Menos de 2500 gramos,9
9362,86,1,1,30 a 34,28 a 31,Hasta Primaria/C.EGB Completa,Menos de 2500 gramos,10
9363,99,1,2,25 a 29,37 a 41,Sin especificar,Sin especificar,1
9364,10,1,1,30 a 34,37 a 41,Secundaria/Polimodal Incompleta,2500 gramos y más,42
9365,90,1,1,40 a 44,32 a 36,Secundario/Polimodal Completa y más,Menos de 2500 gramos,10
9366,58,1,1,30 a 34,28 a 31,Secundaria/Polimodal Incompleta,Menos de 2500 gramos,2
9367,54,2,1,20 a 24,32 a 36,Sin especificar,Menos de 2500 gramos,3
9368,82,1,1,Menor de 15,24 a 27,Secundaria/Polimodal Incompleta,Menos de 2500 gramos,1
9369,74,1,2,25 a 29,32 a 36,Sin especificar,2500 gramos y más,1
9370,2,1,1,30 a 34,32 a 36,Sin especificar,2500 gramos y más,3
9371,50,2,2,20 a 24,32 a 36,Hasta Primaria/C.EGB Completa,2500 gramos y más,4
9372,22,1,2,20 a 24,Sin especificar,Secundaria/Polimodal Incompleta,2500 gramos y más,5
9373,82,1,2,40 a 44,37 a 41,Secundario/Polimodal Completa y más,2500 gramos y más,583
9374,66,2,2,25 a 29,37 a 41,Hasta Primaria/C.EGB Completa,2500 gramos y más,4
9375,74,2,1,20 a 24,32 a 36,Secundaria/Polimodal Incompleta,Menos de 2500 gramos,2
9376,26,1,1,35 a 39,37 a 41,Secundario/Polimodal Completa y más,Menos de 2500 gramos,3
9377,82,1,1,15 a 19,32 a 36,Sin especificar,Menos de 2500 gramos,2
9378,50,1,1,25 a 29,37 a 41,Secundaria/Polimodal Incompleta,2500 gramos y más,817
9379,6,1,2,35 a 39,28 a 31,Secundario/Polimodal Completa y más,Sin especificar,1
9380,30,1,1,15 a 19,28 a 31,Secundaria/Polimodal Incompleta,Menos de 2500 gramos,4
9381,2,1,1,25 a 29,42 y más,Sin especificar,Menos de 2500 gramos,1
9382,30,2,1,40 a 44,22 a 23,Hasta Primaria/C.EGB Completa,Menos de 2500 gramos,1
9383,62,2,2,30 a 34,32 a 36,Secundaria/Polimodal Incompleta,Menos de 2500 gramos,1
9384,2,9,2,35 a 39,37 a 41,Sin especificar,Menos de 2500 gramos,3
9385,10,1,1,30 a 34,32 a 36,Secundario/Polimodal Completa y más,Menos de 2500 gramos,8
9386,99,1,2,30 a 34,Sin especificar,Secundaria/Polimodal Incompleta,2500 gramos y más,1
9387,26,2,2,35 a 39,37 a 41,Hasta Primaria/C.EGB Completa,2500 gramos y más,1
9388,6,1,2,35 a 39,Sin especificar,Secundaria/Polimodal Incompleta,Menos de 2500 gramos,2
9389,34,1,2,15 a 19,24 a 27,Secundaria/Polimodal Incompleta,Menos de 2500 gramos,1
9390,18,1,1,Menor de 15,32 a 36,Secundaria/Polimodal Incompleta,2500 gramos y más,1
9391,66,2,2,20 a 24,32 a 36,Secundaria/Polimodal Incompleta,2500 gramos y más,2
9392,18,1,1,20 a 24,37 a 41,Secundaria/Polimodal Incompleta,Menos de 2500 gramos,19
9393,50,1,2,40 a 44,24 a 27,Secundario/Polimodal Completa y más,Menos de 2500 gramos,1
9394,54,2,1,15 a 19,28 a 31,Secundaria/Polimodal Incompleta,Menos de 2500 gramos,2
9395,6,1,2,Sin especificar,Sin especificar,Secundaria/Polimodal Incompleta,2500 gramos y más,2
9396,82,1,2,30 a 34,42 y más,Hasta Primaria/C.EGB Completa,2500 gramos y más,2
9397,62,1,1,25 a 29,37 a 41,Secundaria/Polimodal Incompleta,Menos de 2500 gramos,3
9398,46,1,1,20 a 24,37 a 41,Secundaria/Polimodal Incompleta,2500 gramos y más,84
9399,98,1,2,20 a 24,37 a 41,Secundaria/Polimodal Incompleta,2500 gramos y más,7
9400,26,1,1,25 a 29,32 a 36,Sin especificar,2500 gramos y más,1
9401,42,1,2,25 a 29,28 a 31,Secundario/Polimodal Completa y más,Menos de 2500 gramos,1
9402,38,1,2,30 a 34,28 a 31,Secundario/Polimodal Completa y más,Menos de 2500 gramos,2
9403,82,1,2,30 a 34,42 y más,Secundario/Polimodal Completa y más,2500 gramos y más,3
9404,38,1,1,15 a 19,32 a 36,Hasta Primaria/C.EGB Completa,2500 gramos y más,1
9405,90,1,2,30 a 34,32 a 36,Hasta Primaria/C.EGB Completa,2500 gramos y más,31
9406,2,2,1,35 a 39,32 a 36,Secundaria/Polimodal Incompleta,2500 gramos y más,3
9407,38,2,2,30 a 34,32 a 36,Secundario/Polimodal Completa y más,2500 gramos y más,1
9408,70,1,1,20 a 24,37 a 41,Secundario/Polimodal Completa y más,2500 gramos y más,511
9409,6,1,2,30 a 34,37 a 41,Secundaria/Polimodal Incompleta,Sin especificar,7
9410,22,1,1,De 45 y más,37 a 41,Hasta Primaria/C.EGB Completa,Sin especificar,2
9411,46,1,1,30 a 34,32 a 36,Secundaria/Polimodal Incompleta,Menos de 2500 gramos,2
9412,90,2,2,30 a 34,32 a 36,Secundario/Polimodal Completa y más,Menos de 2500 gramos,22
9413,62,1,1,30 a 34,28 a 31,Secundaria/Polimodal Incompleta,Menos de 2500 gramos,1
9414,6,1,1,25 a 29,28 a 31,Secundaria/Polimodal Incompleta,2500 gramos y más,3
9415,99,1,2,Sin especificar,32 a 36,Sin especificar,2500 gramos y más,1
9416,6,1,1,Sin especificar,37 a 41,Hasta Primaria/C.EGB Completa,Menos de 2500 gramos,1
9417,6,1,1,Sin especificar,Menos de 22,Sin especificar,Menos de 2500 gramos,1
9418,82,1,2,20 a 24,28 a 31,Secundario/Polimodal Completa y más,Menos de 2500 gramos,16
9419,2,9,2,15 a 19,37 a 41,Sin especificar,Menos de 2500 gramos,1
9420,86,2,2,20 a 24,37 a 41,Hasta Primaria/C.EGB Completa,2500 gramos y más,2
9421,58,1,2,30 a 34,28 a 31,Secundario/Polimodal Completa y más,Menos de 2500 gramos,4
9422,58,1,1,30 a 34,37 a 41,Secundaria/Polimodal Incompleta,2500 gramos y más,167
9423,6,1,1,20 a 24,42 y más,Hasta Primaria/C.EGB Completa,2500 gramos y más,9
9424,82,2,2,15 a 19,37 a 41,Secundaria/Polimodal Incompleta,Menos de 2500 gramos,1
9425,6,2,2,30 a 34,32 a 36,Hasta Primaria/C.EGB Completa,Menos de 2500 gramos,19
9426,2,1,2,25 a 29,22 a 23,Secundario/Polimodal Completa y más,Menos de 2500 gramos,1
9427,26,1,1,30 a 34,28 a 31,Sin especificar,Menos de 2500 gramos,1
9428,62,2,2,20 a 24,32 a 36,Secundaria/Polimodal Incompleta,Menos de 2500 gramos,4
9429,66,1,2,25 a 29,37 a 41,Secundario/Polimodal Completa y más,2500 gramos y más,1326
9430,66,1,1,15 a 19,32 a 36,Hasta Primaria/C.EGB Completa,Menos de 2500 gramos,8
9431,42,1,2,25 a 29,37 a 41,Secundario/Polimodal Completa y más,2500 gramos y más,263
9432,90,1,1,20 a 24,Sin especificar,Secundario/Polimodal Completa y más,2500 gramos y más,11
9433,10,1,1,25 a 29,37 a 41,Hasta Primaria/C.EGB Completa,2500 gramos y más,64
9434,38,1,2,25 a 29,32 a 36,Hasta Primaria/C.EGB Completa,2500 gramos y más,1
9435,94,1,2,40 a 44,32 a 36,Secundario/Polimodal Completa y más,Menos de 2500 gramos,1
9436,26,2,1,30 a 34,32 a 36,Secundario/Polimodal Completa y más,Menos de 2500 gramos,6
9437,22,1,1,30 a 34,32 a 36,Sin especificar,Menos de 2500 gramos,1
9438,50,1,2,30 a 34,32 a 36,Secundario/Polimodal Completa y más,Menos de 2500 gramos,43
9439,46,2,2,25 a 29,32 a 36,Secundario/Polimodal Completa y más,Menos de 2500 gramos,3
9440,18,1,1,30 a 34,Sin especificar,Sin especificar,Menos de 2500 gramos,5
9441,62,2,1,35 a 39,28 a 31,Secundario/Polimodal Completa y más,Menos de 2500 gramos,2
9442,34,1,1,20 a 24,42 y más,Secundaria/Polimodal Incompleta,2500 gramos y más,2
9443,22,1,2,15 a 19,42 y más,Hasta Primaria/C.EGB Completa,2500 gramos y más,1
9444,6,9,1,25 a 29,37 a 41,Sin especificar,2500 gramos y más,11
9445,30,1,2,20 a 24,24 a 27,Secundaria/Polimodal Incompleta,Menos de 2500 gramos,2
9446,90,1,2,20 a 24,37 a 41,Sin especificar,2500 gramos y más,15
9447,6,1,1,35 a 39,28 a 31,Secundario/Polimodal Completa y más,Menos de 2500 gramos,80
9448,74,1,1,15 a 19,32 a 36,Sin especificar,2500 gramos y más,1
9449,94,1,2,35 a 39,37 a 41,Secundario/Polimodal Completa y más,Menos de 2500 gramos,2
9450,14,1,1,30 a 34,Sin especificar,Secundario/Polimodal Completa y más,2500 gramos y más,3
9451,2,1,2,25 a 29,24 a 27,Sin especificar,Menos de 2500 gramos,1
9452,90,1,2,20 a 24,28 a 31,Hasta Primaria/C.EGB Completa,2500 gramos y más,2
9453,38,1,2,25 a 29,22 a 23,Secundario/Polimodal Completa y más,Menos de 2500 gramos,1
9454,22,1,1,Menor de 15,22 a 23,Hasta Primaria/C.EGB Completa,Menos de 2500 gramos,1
9455,90,1,2,40 a 44,42 y más,Secundario/Polimodal Completa y más,2500 gramos y más,2
9456,10,1,2,40 a 44,Sin especificar,Secundario/Polimodal Completa y más,2500 gramos y más,1
9457,2,1,2,30 a 34,28 a 31,Sin especificar,2500 gramos y más,1
9458,58,1,1,30 a 34,32 a 36,Secundario/Polimodal Completa y más,Menos de 2500 gramos,12
9459,2,1,1,Menor de 15,32 a 36,Hasta Primaria/C.EGB Completa,Menos de 2500 gramos,1
9460,22,1,1,35 a 39,37 a 41,Secundaria/Polimodal Incompleta,Menos de 2500 gramos,2
9461,82,1,2,15 a 19,37 a 41,Secundario/Polimodal Completa y más,2500 gramos y más,302
9462,34,1,2,30 a 34,37 a 41,Sin especificar,Menos de 2500 gramos,1
9463,78,1,1,35 a 39,24 a 27,Secundario/Polimodal Completa y más,Menos de 2500 gramos,1
9464,50,2,2,15 a 19,28 a 31,Secundaria/Polimodal Incompleta,Menos de 2500 gramos,2
9465,10,1,2,De 45 y más,Sin especificar,Secundario/Polimodal Completa y más,Menos de 2500 gramos,1
9466,6,2,2,25 a 29,32 a 36,Secundaria/Polimodal Incompleta,2500 gramos y más,9
9467,6,1,2,20 a 24,37 a 41,Hasta Primaria/C.EGB Completa,Sin especificar,3
9468,90,1,2,15 a 19,28 a 31,Secundaria/Polimodal Incompleta,Menos de 2500 gramos,2
9469,86,2,1,20 a 24,32 a 36,Secundaria/Polimodal Incompleta,Menos de 2500 gramos,1
9470,6,1,2,20 a 24,24 a 27,Secundaria/Polimodal Incompleta,Menos de 2500 gramos,8
9471,30,1,1,25 a 29,24 a 27,Secundaria/Polimodal Incompleta,Menos de 2500 gramos,3
9472,50,2,1,20 a 24,32 a 36,Hasta Primaria/C.EGB Completa,Menos de 2500 gramos,2
9473,2,1,1,25 a 29,Sin especificar,Hasta Primaria/C.EGB Completa,2500 gramos y más,1
9474,86,1,2,De 45 y más,37 a 41,Secundaria/Polimodal Incompleta,2500 gramos y más,3
9475,2,1,2,40 a 44,37 a 41,Secundario/Polimodal Completa y más,2500 gramos y más,810
9476,90,2,2,20 a 24,Menos de 22,Secundario/Polimodal Completa y más,Menos de 2500 gramos,1
9477,94,1,1,20 a 24,32 a 36,Secundaria/Polimodal Incompleta,Menos de 2500 gramos,3
9478,90,1,2,25 a 29,37 a 41,Secundaria/Polimodal Incompleta,2500 gramos y más,356
9479,2,2,1,De 45 y más,32 a 36,Secundario/Polimodal Completa y más,2500 gramos y más,3
9480,6,1,1,Menor de 15,37 a 41,Secundaria/Polimodal Incompleta,Menos de 2500 gramos,2
9481,66,1,2,20 a 24,Sin especificar,Secundaria/Polimodal Incompleta,2500 gramos y más,3
9482,82,1,1,40 a 44,32 a 36,Secundaria/Polimodal Incompleta,Menos de 2500 gramos,6
9483,82,1,2,35 a 39,Sin especificar,Secundario/Polimodal Completa y más,2500 gramos y más,2
9484,6,1,2,35 a 39,22 a 23,Secundario/Polimodal Completa y más,Menos de 2500 gramos,4
9485,62,2,2,25 a 29,37 a 41,Secundario/Polimodal Completa y más,2500 gramos y más,5
9486,94,1,2,20 a 24,28 a 31,Sin especificar,Menos de 2500 gramos,1
9487,18,2,1,30 a 34,37 a 41,Sin especificar,2500 gramos y más,3
9488,18,2,1,40 a 44,37 a 41,Secundario/Polimodal Completa y más,Menos de 2500 gramos,1
9489,26,1,1,20 a 24,24 a 27,Secundario/Polimodal Completa y más,Menos de 2500 gramos,2
9490,74,1,2,40 a 44,37 a 41,Secundario/Polimodal Completa y más,Menos de 2500 gramos,4
9491,82,2,1,20 a 24,32 a 36,Hasta Primaria/C.EGB Completa,2500 gramos y más,2
9492,10,1,2,20 a 24,37 a 41,Hasta Primaria/C.EGB Completa,2500 gramos y más,59
9493,26,2,1,25 a 29,37 a 41,Secundario/Polimodal Completa y más,Menos de 2500 gramos,1
9494,10,1,2,15 a 19,37 a 41,Secundario/Polimodal Completa y más,2500 gramos y más,57
9495,66,1,2,25 a 29,Sin especificar,Sin especificar,2500 gramos y más,3
9496,82,1,2,25 a 29,22 a 23,Secundario/Polimodal Completa y más,Menos de 2500 gramos,1
9497,66,1,2,20 a 24,37 a 41,Hasta Primaria/C.EGB Completa,Sin especificar,1
9498,34,2,1,15 a 19,37 a 41,Secundaria/Polimodal Incompleta,2500 gramos y más,1
9499,82,1,2,30 a 34,Sin especificar,Sin especificar,Sin especificar,1
9500,58,1,1,20 a 24,32 a 36,Secundaria/Polimodal Incompleta,2500 gramos y más,11
9501,99,9,2,30 a 34,32 a 36,Sin especificar,2500 gramos y más,3
9502,66,1,1,40 a 44,Sin especificar,Secundario/Polimodal Completa y más,2500 gramos y más,2
9503,6,1,2,15 a 19,28 a 31,Secundario/Polimodal Completa y más,Menos de 2500 gramos,14
9504,94,1,2,30 a 34,37 a 41,Secundario/Polimodal Completa y más,2500 gramos y más,156
9505,90,1,1,25 a 29,22 a 23,Hasta Primaria/C.EGB Completa,Menos de 2500 gramos,2
9506,22,1,1,25 a 29,Sin especificar,Secundaria/Polimodal Incompleta,2500 gramos y más,1
9507,86,1,1,20 a 24,28 a 31,Hasta Primaria/C.EGB Completa,Menos de 2500 gramos,7
9508,38,2,1,25 a 29,32 a 36,Hasta Primaria/C.EGB Completa,2500 gramos y más,1
9509,70,1,2,35 a 39,37 a 41,Hasta Primaria/C.EGB Completa,2500 gramos y más,66
9510,90,1,1,30 a 34,32 a 36,Secundaria/Polimodal Incompleta,2500 gramos y más,29
9511,90,1,1,40 a 44,37 a 41,Hasta Primaria/C.EGB Completa,2500 gramos y más,79
9512,34,1,2,30 a 34,28 a 31,Hasta Primaria/C.EGB Completa,Menos de 2500 gramos,2
9513,82,2,2,20 a 24,37 a 41,Secundaria/Polimodal Incompleta,2500 gramos y más,2
9514,82,2,1,15 a 19,37 a 41,Secundario/Polimodal Completa y más,2500 gramos y más,4
9515,26,1,2,30 a 34,32 a 36,Hasta Primaria/C.EGB Completa,Menos de 2500 gramos,1
9516,99,9,1,35 a 39,Sin especificar,Sin especificar,Sin especificar,2
9517,30,1,1,35 a 39,37 a 41,Secundario/Polimodal Completa y más,2500 gramos y más,678
9518,34,1,1,25 a 29,37 a 41,Sin especificar,Menos de 2500 gramos,7
9519,10,1,2,25 a 29,32 a 36,Hasta Primaria/C.EGB Completa,2500 gramos y más,1
9520,90,1,1,25 a 29,42 y más,Secundaria/Polimodal Incompleta,Menos de 2500 gramos,1
9521,30,1,2,25 a 29,28 a 31,Secundaria/Polimodal Incompleta,Menos de 2500 gramos,1
9522,10,1,1,20 a 24,24 a 27,Secundaria/Polimodal Incompleta,Menos de 2500 gramos,1
9523,18,1,1,15 a 19,28 a 31,Secundaria/Polimodal Incompleta,Menos de 2500 gramos,3
9524,22,2,2,40 a 44,28 a 31,Secundaria/Polimodal Incompleta,Menos de 2500 gramos,1
9525,22,1,1,30 a 34,28 a 31,Hasta Primaria/C.EGB Completa,Menos de 2500 gramos,2
9526,2,1,2,35 a 39,32 a 36,Secundaria/Polimodal Incompleta,2500 gramos y más,5
9527,90,2,2,40 a 44,32 a 36,Secundaria/Polimodal Incompleta,Menos de 2500 gramos,2
9528,70,2,2,30 a 34,24 a 27,Secundaria/Polimodal Incompleta,Menos de 2500 gramos,2
9529,6,1,1,De 45 y más,32 a 36,Hasta Primaria/C.EGB Completa,2500 gramos y más,5
9530,34,1,2,30 a 34,32 a 36,Secundaria/Polimodal Incompleta,2500 gramos y más,10
9531,90,1,2,40 a 44,32 a 36,Secundario/Polimodal Completa y más,2500 gramos y más,16
9532,50,1,1,20 a 24,37 a 41,Secundaria/Polimodal Incompleta,2500 gramos y más,904
9533,22,1,1,25 a 29,Sin especificar,Sin especificar,2500 gramos y más,1
9534,10,1,1,40 a 44,37 a 41,Sin especificar,2500 gramos y más,1
9535,86,1,2,25 a 29,37 a 41,Secundaria/Polimodal Incompleta,2500 gramos y más,312
9536,6,2,2,20 a 24,32 a 36,Secundario/Polimodal Completa y más,Menos de 2500 gramos,44
9537,50,2,1,30 a 34,37 a 41,Secundario/Polimodal Completa y más,2500 gramos y más,18
9538,42,2,1,25 a 29,28 a 31,Secundario/Polimodal Completa y más,Menos de 2500 gramos,1
9539,78,1,2,35 a 39,32 a 36,Hasta Primaria/C.EGB Completa,2500 gramos y más,1
9540,22,1,1,35 a 39,22 a 23,Secundario/Polimodal Completa y más,Menos de 2500 gramos,1
9541,42,2,1,25 a 29,37 a 41,Hasta Primaria/C.EGB Completa,2500 gramos y más,1
9542,70,1,2,30 a 34,32 a 36,Secundario/Polimodal Completa y más,2500 gramos y más,15
9543,34,1,1,30 a 34,24 a 27,Sin especificar,Menos de 2500 gramos,1
9544,6,9,2,35 a 39,32 a 36,Sin especificar,Menos de 2500 gramos,2
9545,34,2,1,25 a 29,32 a 36,Secundario/Polimodal Completa y más,2500 gramos y más,3
9546,14,2,2,25 a 29,37 a 41,Hasta Primaria/C.EGB Completa,2500 gramos y más,1
9547,10,1,2,De 45 y más,32 a 36,Hasta Primaria/C.EGB Completa,2500 gramos y más,1
9548,86,1,1,35 a 39,28 a 31,Secundario/Polimodal Completa y más,Menos de 2500 gramos,2
9549,34,1,2,25 a 29,32 a 36,Secundaria/Polimodal Incompleta,Menos de 2500 gramos,8
9550,82,1,1,25 a 29,32 a 36,Secundaria/Polimodal Incompleta,2500 gramos y más,83
9551,66,2,2,20 a 24,28 a 31,Secundario/Polimodal Completa y más,Menos de 2500 gramos,5
9552,82,1,1,25 a 29,37 a 41,Secundaria/Polimodal Incompleta,Menos de 2500 gramos,23
9553,22,2,2,15 a 19,32 a 36,Secundaria/Polimodal Incompleta,Menos de 2500 gramos,4
9554,2,1,2,30 a 34,42 y más,Hasta Primaria/C.EGB Completa,2500 gramos y más,3
9555,6,1,1,25 a 29,22 a 23,Secundario/Polimodal Completa y más,Menos de 2500 gramos,4
9556,10,2,2,25 a 29,37 a 41,Secundaria/Polimodal Incompleta,2500 gramos y más,2
9557,10,2,1,25 a 29,37 a 41,Secundario/Polimodal Completa y más,Menos de 2500 gramos,1
9558,42,1,1,Sin especificar,37 a 41,Sin especificar,2500 gramos y más,1
9559,66,1,2,15 a 19,37 a 41,Secundaria/Polimodal Incompleta,Menos de 2500 gramos,20
9560,10,1,1,30 a 34,37 a 41,Sin especificar,2500 gramos y más,5
9561,6,1,1,25 a 29,32 a 36,Hasta Primaria/C.EGB Completa,2500 gramos y más,112
9562,38,1,1,De 45 y más,37 a 41,Secundario/Polimodal Completa y más,2500 gramos y más,8
9563,2,1,2,35 a 39,37 a 41,Secundario/Polimodal Completa y más,2500 gramos y más,2406
9564,18,2,2,35 a 39,32 a 36,Secundario/Polimodal Completa y más,Menos de 2500 gramos,4
9565,10,1,1,30 a 34,28 a 31,Secundario/Polimodal Completa y más,2500 gramos y más,1
9566,22,1,1,Menor de 15,32 a 36,Secundaria/Polimodal Incompleta,Menos de 2500 gramos,1
9567,99,1,2,Sin especificar,37 a 41,Secundario/Polimodal Completa y más,2500 gramos y más,3
9568,90,1,1,15 a 19,28 a 31,Hasta Primaria/C.EGB Completa,2500 gramos y más,1
9569,18,1,1,35 a 39,32 a 36,Hasta Primaria/C.EGB Completa,Menos de 2500 gramos,3
9570,90,1,1,25 a 29,22 a 23,Secundario/Polimodal Completa y más,Menos de 2500 gramos,2
9571,22,1,1,15 a 19,28 a 31,Secundaria/Polimodal Incompleta,Menos de 2500 gramos,3
9572,78,1,2,25 a 29,24 a 27,Secundaria/Polimodal Incompleta,Menos de 2500 gramos,1
9573,54,1,2,30 a 34,32 a 36,Secundario/Polimodal Completa y más,2500 gramos y más,41
9574,14,1,1,30 a 34,42 y más,Secundario/Polimodal Completa y más,2500 gramos y más,4
9575,22,1,2,15 a 19,Sin especificar,Secundaria/Polimodal Incompleta,Sin especificar,1
9576,82,1,1,30 a 34,28 a 31,Secundaria/Polimodal Incompleta,Menos de 2500 gramos,8
9577,90,2,1,30 a 34,32 a 36,Hasta Primaria/C.EGB Completa,2500 gramos y más,3
9578,82,2,1,20 a 24,28 a 31,Hasta Primaria/C.EGB Completa,Menos de 2500 gramos,1
9579,6,2,2,40 a 44,28 a 31,Sin especificar,Menos de 2500 gramos,2
9580,6,9,2,25 a 29,37 a 41,Secundario/Polimodal Completa y más,2500 gramos y más,2
9581,82,1,2,30 a 34,32 a 36,Hasta Primaria/C.EGB Completa,Menos de 2500 gramos,29
9582,78,1,1,20 a 24,37 a 41,Secundaria/Polimodal Incompleta,Menos de 2500 gramos,3
9583,2,9,2,25 a 29,37 a 41,Secundaria/Polimodal Incompleta,2500 gramos y más,1
9584,62,1,1,30 a 34,42 y más,Sin especificar,2500 gramos y más,1
9585,6,1,2,30 a 34,37 a 41,Sin especificar,2500 gramos y más,1469
9586,2,2,1,35 a 39,28 a 31,Secundaria/Polimodal Incompleta,Menos de 2500 gramos,1
9587,42,1,2,De 45 y más,37 a 41,Secundario/Polimodal Completa y más,2500 gramos y más,5
9588,90,1,2,25 a 29,42 y más,Hasta Primaria/C.EGB Completa,Menos de 2500 gramos,1
9589,58,1,1,25 a 29,32 a 36,Secundaria/Polimodal Incompleta,2500 gramos y más,13
9590,78,1,1,30 a 34,28 a 31,Secundario/Polimodal Completa y más,Menos de 2500 gramos,3
9591,6,2,2,25 a 29,32 a 36,Sin especificar,2500 gramos y más,3
9592,54,1,1,35 a 39,32 a 36,Secundario/Polimodal Completa y más,Menos de 2500 gramos,14
9593,82,1,1,25 a 29,42 y más,Hasta Primaria/C.EGB Completa,2500 gramos y más,2
9594,54,1,1,30 a 34,42 y más,Secundaria/Polimodal Incompleta,2500 gramos y más,3
9595,82,1,1,35 a 39,37 a 41,Sin especificar,2500 gramos y más,15
9596,22,1,2,Menor de 15,37 a 41,Secundaria/Polimodal Incompleta,2500 gramos y más,16
9597,50,1,2,20 a 24,37 a 41,Hasta Primaria/C.EGB Completa,2500 gramos y más,188
9598,2,1,2,40 a 44,32 a 36,Sin especificar,2500 gramos y más,1
9599,66,1,1,35 a 39,42 y más,Secundaria/Polimodal Incompleta,2500 gramos y más,2
9600,22,1,9,15 a 19,Sin especificar,Sin especificar,Sin especificar,1
9601,66,2,1,25 a 29,28 a 31,Secundario/Polimodal Completa y más,Menos de 2500 gramos,2
9602,86,1,2,20 a 24,37 a 41,Hasta Primaria/C.EGB Completa,Menos de 2500 gramos,25
9603,26,2,2,30 a 34,32 a 36,Secundario/Polimodal Completa y más,2500 gramos y más,1
9604,34,1,1,Menor de 15,32 a 36,Hasta Primaria/C.EGB Completa,Menos de 2500 gramos,3
9605,90,1,2,30 a 34,37 a 41,Secundaria/Polimodal Incompleta,Menos de 2500 gramos,8
9606,74,1,1,25 a 29,24 a 27,Sin especificar,Menos de 2500 gramos,1
9607,74,2,2,30 a 34,37 a 41,Secundario/Polimodal Completa y más,2500 gramos y más,1
9608,22,1,1,15 a 19,22 a 23,Secundaria/Polimodal Incompleta,Menos de 2500 gramos,1
9609,82,1,2,20 a 24,32 a 36,Secundario/Polimodal Completa y más,2500 gramos y más,48
9610,90,1,1,15 a 19,37 a 41,Secundaria/Polimodal Incompleta,2500 gramos y más,330
9611,74,1,2,25 a 29,24 a 27,Secundaria/Polimodal Incompleta,Menos de 2500 gramos,2
9612,18,2,1,35 a 39,32 a 36,Sin especificar,Menos de 2500 gramos,3
9613,2,1,2,40 a 44,24 a 27,Hasta Primaria/C.EGB Completa,Menos de 2500 gramos,1
9614,2,2,2,20 a 24,32 a 36,Secundaria/Polimodal Incompleta,Menos de 2500 gramos,2
9615,30,1,2,30 a 34,37 a 41,Secundaria/Polimodal Incompleta,2500 gramos y más,223
9616,54,1,2,15 a 19,37 a 41,Hasta Primaria/C.EGB Completa,2500 gramos y más,350
9617,82,2,1,15 a 19,24 a 27,Secundaria/Polimodal Incompleta,Menos de 2500 gramos,1
9618,70,1,2,40 a 44,28 a 31,Secundario/Polimodal Completa y más,Menos de 2500 gramos,1
9619,74,1,1,40 a 44,37 a 41,Hasta Primaria/C.EGB Completa,2500 gramos y más,10
9620,86,1,2,15 a 19,42 y más,Hasta Primaria/C.EGB Completa,2500 gramos y más,1
9621,14,1,1,30 a 34,37 a 41,Hasta Primaria/C.EGB Completa,2500 gramos y más,431
9622,74,2,2,35 a 39,24 a 27,Secundario/Polimodal Completa y más,Menos de 2500 gramos,2
9623,46,1,1,30 a 34,28 a 31,Hasta Primaria/C.EGB Completa,2500 gramos y más,1
9624,94,1,2,20 a 24,37 a 41,Hasta Primaria/C.EGB Completa,2500 gramos y más,13
9625,30,2,1,35 a 39,32 a 36,Hasta Primaria/C.EGB Completa,2500 gramos y más,1
9626,90,1,1,15 a 19,24 a 27,Secundaria/Polimodal Incompleta,Menos de 2500 gramos,1
9627,30,2,1,20 a 24,32 a 36,Secundario/Polimodal Completa y más,Menos de 2500 gramos,5
9628,6,1,1,Sin especificar,32 a 36,Secundaria/Polimodal Incompleta,Menos de 2500 gramos,7
9629,18,1,1,20 a 24,Sin especificar,Sin especificar,Menos de 2500 gramos,4
9630,22,1,1,15 a 19,32 a 36,Secundaria/Polimodal Incompleta,2500 gramos y más,9
9631,66,2,2,30 a 34,37 a 41,Secundario/Polimodal Completa y más,2500 gramos y más,7
9632,38,1,1,25 a 29,32 a 36,Secundaria/Polimodal Incompleta,2500 gramos y más,2
9633,22,1,2,30 a 34,32 a 36,Secundaria/Polimodal Incompleta,Sin especificar,1
9634,6,1,2,15 a 19,37 a 41,Sin especificar,Sin especificar,1
9635,14,2,2,30 a 34,24 a 27,Secundario/Polimodal Completa y más,Menos de 2500 gramos,4
9636,50,1,1,20 a 24,24 a 27,Secundaria/Polimodal Incompleta,Menos de 2500 gramos,5
9637,34,2,1,25 a 29,37 a 41,Secundario/Polimodal Completa y más,Menos de 2500 gramos,1
9638,86,1,2,25 a 29,32 a 36,Secundario/Polimodal Completa y más,Menos de 2500 gramos,18
9639,14,1,1,40 a 44,37 a 41,Hasta Primaria/C.EGB Completa,2500 gramos y más,97
9640,66,1,1,15 a 19,37 a 41,Hasta Primaria/C.EGB Completa,2500 gramos y más,230
9641,2,1,1,40 a 44,24 a 27,Secundaria/Polimodal Incompleta,Menos de 2500 gramos,1
9642,6,1,1,35 a 39,37 a 41,Secundario/Polimodal Completa y más,2500 gramos y más,7827
9643,66,1,2,20 a 24,37 a 41,Hasta Primaria/C.EGB Completa,Menos de 2500 gramos,11
9644,70,2,1,20 a 24,37 a 41,Secundaria/Polimodal Incompleta,Menos de 2500 gramos,1
9645,70,1,2,Menor de 15,37 a 41,Hasta Primaria/C.EGB Completa,2500 gramos y más,2
9646,58,1,2,15 a 19,37 a 41,Secundario/Polimodal Completa y más,2500 gramos y más,30
9647,66,1,2,40 a 44,37 a 41,Hasta Primaria/C.EGB Completa,Menos de 2500 gramos,2
9648,62,1,2,30 a 34,22 a 23,Secundaria/Polimodal Incompleta,Menos de 2500 gramos,1
9649,54,1,1,25 a 29,32 a 36,Secundaria/Polimodal Incompleta,2500 gramos y más,27
9650,54,1,1,20 a 24,37 a 41,Hasta Primaria/C.EGB Completa,2500 gramos y más,657
9651,50,2,2,De 45 y más,32 a 36,Secundaria/Polimodal Incompleta,Menos de 2500 gramos,1
9652,38,1,1,30 a 34,28 a 31,Secundario/Polimodal Completa y más,2500 gramos y más,1
9653,26,1,2,15 a 19,32 a 36,Secundaria/Polimodal Incompleta,Menos de 2500 gramos,5
9654,54,2,2,35 a 39,37 a 41,Secundario/Polimodal Completa y más,Menos de 2500 gramos,4
9655,70,1,2,15 a 19,32 a 36,Hasta Primaria/C.EGB Completa,Menos de 2500 gramos,5
9656,42,2,2,30 a 34,37 a 41,Hasta Primaria/C.EGB Completa,2500 gramos y más,1
9657,58,1,2,20 a 24,32 a 36,Sin especificar,Menos de 2500 gramos,1
9658,74,1,2,35 a 39,32 a 36,Sin especificar,Menos de 2500 gramos,2
9659,6,1,1,15 a 19,28 a 31,Hasta Primaria/C.EGB Completa,2500 gramos y más,1
9660,30,2,1,35 a 39,37 a 41,Hasta Primaria/C.EGB Completa,Menos de 2500 gramos,1
9661,78,1,1,35 a 39,37 a 41,Hasta Primaria/C.EGB Completa,2500 gramos y más,20
9662,70,1,2,40 a 44,37 a 41,Secundaria/Polimodal Incompleta,Menos de 2500 gramos,2
9663,42,2,2,35 a 39,37 a 41,Secundaria/Polimodal Incompleta,2500 gramos y más,3
9664,22,1,2,25 a 29,37 a 41,Secundario/Polimodal Completa y más,2500 gramos y más,1031
9665,18,1,2,Menor de 15,32 a 36,Secundaria/Polimodal Incompleta,Menos de 2500 gramos,2
9666,58,1,2,35 a 39,32 a 36,Secundaria/Polimodal Incompleta,2500 gramos y más,2
9667,86,2,2,30 a 34,24 a 27,Secundaria/Polimodal Incompleta,Menos de 2500 gramos,1
9668,30,2,2,30 a 34,37 a 41,Secundario/Polimodal Completa y más,2500 gramos y más,14
9669,30,2,2,25 a 29,32 a 36,Secundario/Polimodal Completa y más,2500 gramos y más,2
9670,14,1,2,30 a 34,32 a 36,Secundaria/Polimodal Incompleta,Menos de 2500 gramos,35
9671,86,2,2,40 a 44,32 a 36,Secundario/Polimodal Completa y más,Menos de 2500 gramos,1
9672,82,1,2,25 a 29,32 a 36,Sin especificar,Menos de 2500 gramos,1
9673,99,1,1,25 a 29,37 a 41,Secundario/Polimodal Completa y más,2500 gramos y más,5
9674,2,1,2,40 a 44,28 a 31,Secundario/Polimodal Completa y más,Menos de 2500 gramos,8
9675,6,9,2,35 a 39,37 a 41,Sin especificar,2500 gramos y más,17
9676,66,2,1,40 a 44,32 a 36,Secundaria/Polimodal Incompleta,Menos de 2500 gramos,1
9677,82,2,2,40 a 44,32 a 36,Secundario/Polimodal Completa y más,2500 gramos y más,3
9678,22,1,2,De 45 y más,37 a 41,Hasta Primaria/C.EGB Completa,2500 gramos y más,4
9679,26,1,1,35 a 39,32 a 36,Sin especificar,Menos de 2500 gramos,2
9680,2,1,2,15 a 19,32 a 36,Hasta Primaria/C.EGB Completa,Menos de 2500 gramos,3
9681,90,1,1,30 a 34,37 a 41,Secundario/Polimodal Completa y más,2500 gramos y más,1311
9682,18,1,1,30 a 34,37 a 41,Sin especificar,Menos de 2500 gramos,5
9683,94,2,1,30 a 34,32 a 36,Secundario/Polimodal Completa y más,Menos de 2500 gramos,1
9684,6,2,1,30 a 34,37 a 41,Secundario/Polimodal Completa y más,Menos de 2500 gramos,26
9685,78,1,1,25 a 29,37 a 41,Sin especificar,2500 gramos y más,1
9686,2,1,1,20 a 24,24 a 27,Hasta Primaria/C.EGB Completa,Menos de 2500 gramos,2
9687,34,1,1,35 a 39,32 a 36,Secundaria/Polimodal Incompleta,Menos de 2500 gramos,4
9688,46,2,2,35 a 39,32 a 36,Secundaria/Polimodal Incompleta,2500 gramos y más,1
9689,94,2,1,35 a 39,32 a 36,Secundaria/Polimodal Incompleta,Menos de 2500 gramos,1
9690,46,2,2,30 a 34,37 a 41,Secundaria/Polimodal Incompleta,Menos de 2500 gramos,1
9691,66,1,1,40 a 44,Sin especificar,Hasta Primaria/C.EGB Completa,2500 gramos y más,1
9692,10,1,2,40 a 44,24 a 27,Secundario/Polimodal Completa y más,Menos de 2500 gramos,1
